案件編號,發生日期,GPS經度,GPS緯度,案件類別名稱,地址類型名稱,發生縣市名稱,受傷人數,天候名稱, 速限-第1當事者,道路型態大類別名稱,事故位置大類別名稱,號誌-號誌種類名稱,事故類型及型態大類別名稱,肇因研判子類別名稱-主要
11001AC191B2603,20210114,120.220213,22.989705,交通事故,交叉路口,臺南市東區長榮路2段號長榮路2170,2,晴,50,交岔路,交叉路口,行車管制號誌,車與車,左轉彎未依規定
11001AC191B2609,20210125,120.22198,22.981436,交通事故,一般地址,臺南市東區崇善路段42號,2,晴,50,單路部分,路段,無號誌,車與車,橫越道路不慎
11001AC191B2616,20210126,120.227969,22.979354,交通事故,交叉路口,臺南市東區崇信街段51號中華東路344,1,晴,30,交岔路,交叉路口,無號誌,車與車,未依規定讓車
11001AC191B2622,20210126,120.213193,22.994526,交通事故,交叉路口,臺南市東區民族路1段號前鋒路,2,晴,40,交岔路,交叉路口,行車管制號誌,車與車,其他引起事故之違規或不當行為
11001AC191B2628,20210126,120.211525,22.990078,交通事故,交叉路口,臺南市東區北門路1段號北門路130,2,晴,50,交岔路,交叉路口,無號誌,車與車,未依規定讓車
11001AC191B2633,20210127,120.21796,22.993851,交通事故,其他,臺南市東區段號勝利路(台南一中前),3,晴,50,單路部分,路段,行車管制號誌,車與車,未注意車前狀態
11001AC191B2635,20210127,120.229608,22.994744,交通事故,交叉路口,臺南市東區東興路段號東平路99,1,晴,50,交岔路,交叉路口,閃光號誌,車與車,未依規定讓車
11001AC191B2646,20210112,120.234523,22.977251,交通事故,交叉路口,臺南市東區東門路3段號東門路3226,1,陰,60,交岔路,交叉路口,行車管制號誌(附設行人專用號誌),汽(機)車本身,未注意車前狀態
11001AC191B2648,20210127,120.212121,22.984925,交通事故,其他,臺南市東區段號府連路174號前,2,晴,30,交岔路,交叉路口,無號誌,車與車,迴轉未依規定
11001AC191B2669,20210127,120.229489,22.990173,交通事故,一般地址,臺南市東區東光路1段548號,2,晴,30,交岔路,交叉路口,無號誌,車與車,未依規定讓車
11001AC191B2675,20210127,120.225122,22.984138,交通事故,一般地址,臺南市東區東門路2段280號,1,晴,40,單路部分,路段,閃光號誌,車與車,未依規定讓車
11001AC191B2677,20210127,120.247764,22.990612,交通事故,其他,臺南市東區段號裕義路與裕農路路口,2,晴,50,交岔路,交叉路口,行車管制號誌,車與車,右轉彎未依規定
11001AC191B2684,20210126,120.22751,22.986002,交通事故,一般地址,臺南市東區裕農路段2884號,1,晴,30,交岔路,交叉路口,無號誌,車與車,未依規定讓車
11001AC191B2687,20210102,120.22979,22.995326,交通事故,交叉路口,臺南市東區東平路段12號東平路,1,晴,50,交岔路,交叉路口,閃光號誌,車與車,未依規定讓車
11001AC191B2694,20210115,120.220569,22.992378,交通事故,一般地址,臺南市東區東寧路段25號5,1,晴,50,單路部分,路段,無號誌,車與車,未保持行車安全距離
11001AC191B2701,20210127,120.227577,22.959941,交通事故,一般地址,臺南市東區崇德路段1049號,1,晴,50,交岔路,交叉路口,無號誌,車與車,未依規定讓車
11001AC191B2724,20210127,120.224337,22.980756,交通事故,一般地址,臺南市東區崇學路段118號,1,晴,40,單路部分,路段,無號誌,車與車,開啟車門不當而肇事
11001AC191B2726,20210127,120.239585,22.989093,交通事故,一般地址,臺南市東區裕農路段801號,1,晴,40,單路部分,路段,行車管制號誌,車與車,未注意車前狀態
11001AC191B2737,20210127,120.240074,22.992937,交通事故,交叉路口,臺南市東區裕永路段號平實路,1,晴,50,交岔路,交叉路口,行車管制號誌,車與車,未依規定讓車
11001AC191B2738,20210127,120.212445,22.98861,交通事故,一般地址,臺南市東區東門路1段號,4,晴,50,單路部分,路段,無號誌,車與車,未保持行車安全距離
11001AC191B2743,20210127,120.224082,22.973426,交通事故,交叉路口,臺南市東區崇明路段號崇明十三街,1,晴,40,交岔路,交叉路口,行車管制號誌,車與車,違反號誌管制或指揮
11001AC191B2750,20210128,120.212261,22.984958,交通事故,一般地址,臺南市東區府連路段180號0,1,晴,50,交岔路,路段,行車管制號誌,車與車,未保持行車安全距離
11001AC191B2755,20210121,120.245029,22.990134,交通事故,交叉路口,臺南市東區裕農路段號裕信路,1,晴,50,交岔路,交叉路口,行車管制號誌,車與車,違反號誌管制或指揮
11001AC191B2756,20210112,120.242444,22.989792,交通事故,一般地址,臺南市東區裕農路段855號,1,晴,50,單路部分,路段,無號誌,車與車,未保持行車安全距離
11001AC191B2759,20210119,120.229926,22.959967,交通事故,交叉路口,臺南市東區長東街段號崇德三十三街,1,晴,30,交岔路,交叉路口,無號誌,車與車,未依規定讓車
11001AC191B2786,20210103,120.23336,22.976385,交通事故,交叉路口,臺南市東區文化二街段號文化三街,2,晴,40,交岔路,交叉路口,閃光號誌,車與車,未依規定讓車
11001AC191B2793,20210115,120.217986,22.979184,交通事故,交叉路口,臺南市東區崇明路段號崇明七街,2,晴,50,交岔路,交叉路口,無號誌,車與車,逆向行駛
11001AC191B2795,20210127,120.218253,22.980278,交通事故,一般地址,臺南市東區崇德路段88號,1,晴,50,交岔路,交叉路口,無號誌,汽(機)車本身,未注意車前狀態
11001AC191B2800,20210126,120.22359,22.991373,交通事故,交叉路口,臺南市東區東寧路段號林森路,1,晴,50,交岔路,交叉路口,行車管制號誌,車與車,未依規定讓車
11001AC191B2807,20210116,120.213206,22.979055,交通事故,一般地址,臺南市東區大同路2段34759號0,2,晴,50,交岔路,交叉路口,閃光號誌,車與車,未依規定讓車
11001AC191B2829,20210117,120.231495,22.979607,交通事故,交叉路口,臺南市東區東門路3段號東成街,1,晴,40,交岔路,交叉路口,行車管制號誌,車與車,右轉彎未依規定
11001AC191B2837,20210128,120.214183,22.996807,交通事故,一般地址,臺南市東區大學路西段段89號,1,晴,50,單路部分,路段,無號誌,車與車,起步未注意其他車(人)安全
11001AC191B2844,20210126,120.235861,22.985431,交通事故,一般地址,臺南市東區富農街2段44210號,1,晴,40,單路部分,路段,無號誌,汽(機)車本身,不明原因肇事
11001AC191B2849,20210115,120.212279,22.997708,交通事故,一般地址,臺南市東區北門路2段號,1,晴,50,圓環廣場,路段,無號誌,車與車,左轉彎未依規定
11001AC191B2861,20210128,120.211173,22.984856,交通事故,交叉路口,臺南市東區大同路1段號府連路,1,晴,40,交岔路,交叉路口,行車管制號誌,車與車,未依規定讓車
11001AC191B2862,20210128,120.235884,22.962622,交通事故,其他,臺南市東區段號崇善路與德東街口,2,晴,30,交岔路,交叉路口,行車管制號誌,車與車,變換車道或方向不當
11001AC191B2879,20210128,120.223815,22.974688,交通事故,一般地址,臺南市東區中華東路3段275號,1,晴,40,單路部分,路段,無號誌,車與車,未保持行車安全距離
11001AC191B2881,20210127,120.225682,22.971586,交通事故,交叉路口,臺南市東區崇明路段號崇明十五街,4,晴,50,交岔路,交叉路口,無號誌,車與車,未依規定讓車
11001AC191B2891,20210128,120.225549,22.99077,交通事故,一般地址,臺南市東區東寧路段246號,1,晴,40,交岔路,交叉路口,行車管制號誌,車與車,未保持行車安全距離
11001AC191B2896,20210128,120.222058,22.986339,交通事故,交叉路口,臺南市東區衛國街段號衛國街13,2,晴,30,交岔路,交叉路口,無號誌,車與車,未依規定讓車
11001AC191B2900,20210126,120.218925,22.986596,交通事故,交叉路口,臺南市東區東門路1段號東榮街,1,晴,40,交岔路,交叉路口,行車管制號誌,車與車,左轉彎未依規定
11001AC191B2902,20210127,120.221721,22.98588,交通事故,一般地址,臺南市東區東門路2段113號,1,晴,50,交岔路,交叉路口,行車管制號誌,車與車,未注意車前狀態
11001AC191B2908,20210127,120.215837,22.967359,交通事故,交叉路口,臺南市東區大同路2段號國民路,3,晴,60,交岔路,交叉路口,行車管制號誌,車與車,未依規定減速
11001AC191B2932,20210116,120.233901,22.996341,交通事故,交叉路口,臺南市東區莊敬路段158號東平路12,3,晴,30,交岔路,交叉路口,無號誌,車與車,未靠右行駛
11001AC191B2933,20210128,120.224814,22.984505,交通事故,交叉路口,臺南市東區東門路2段號東門路2167,1,晴,40,交岔路,交叉路口,行車管制號誌,車與車,未依規定減速
11001AC191B2943,20210128,120.226249,22.995679,交通事故,其他,臺南市東區段號後甲國中便道,1,陰,40,單路部分,路段,無號誌,車與車,未靠右行駛
11001AC191B2946,20210128,120.229001,22.968797,交通事故,一般地址,臺南市東區崇德十八街段61號,1,晴,30,單路部分,路段,無號誌,車與車,未依規定讓車
11001AC191B2951,20210129,120.213767,22.988136,交通事故,一般地址,臺南市東區東門路1段84號,1,晴,40,單路部分,路段,無號誌,車與車,左轉彎未依規定
11001AC191B2952,20210129,120.211385,22.991385,交通事故,一般地址,臺南市東區北門路1段286號,1,晴,40,交岔路,交叉路口,無號誌,車與車,起步未注意其他車(人)安全
11001AC191B2958,20210129,120.233221,22.998051,交通事故,一般地址,臺南市東區莊敬路段296號,1,晴,50,單路部分,路段,行車管制號誌,車與車,迴轉未依規定
11001AC191B2968,20210123,120.224738,22.985032,交通事故,一般地址,臺南市東區裕農路段23號,1,晴,40,單路部分,路段,無號誌,車與車,未注意車前狀態
11001AC191B2977,20210128,120.233877,22.988691,交通事故,一般地址,臺南市東區中華東路1段269號,1,晴,40,圓環廣場,路段,行車管制號誌,車與車,未保持行車安全距離
11001AC191B2978,20210129,120.243103,22.989757,交通事故,其他,臺南市東區段號裕農路與裕農五街口,1,晴,50,交岔路,交叉路口,行車管制號誌,車與車,未依規定讓車
11001AC191B2981,20210119,120.232802,22.985363,交通事故,一般地址,臺南市東區中華東路2段108號,1,晴,40,單路部分,路段,無號誌,車與車,其他引起事故之違規或不當行為
11001AC191B2986,20210127,120.226643,23.000131,交通事故,交叉路口,臺南市東區小東路段號小東路132,1,晴,40,交岔路,交叉路口,行車管制號誌,車與車,未保持行車安全間隔
11001AC191B2997,20210118,120.235462,22.984451,交通事故,一般地址,臺南市東區富農街1段290-7號,2,晴,50,交岔路,路段,無號誌,車與車,未注意車前狀態
11001AC191B3000,20210129,120.24179,22.979847,交通事故,其他,臺南市東區段號裕忠路與裕敬路口,2,晴,40,交岔路,交叉路口,行車管制號誌,車與車,未依規定讓車
11001AC191B3003,20210123,120.222757,22.995905,交通事故,其他,臺南市東區段號大學路(成大自強校區)大門口,1,晴,30,交岔路,交叉路口,閃光號誌,車與車,未依規定讓車
11001AC191B3018,20210129,120.225395,22.978944,交通事故,交叉路口,臺南市東區崇善路段號崇善路182,1,晴,50,交岔路,交叉路口,行車管制號誌,車與車,未依規定讓車
11001AC191B3022,20210129,120.211743,22.981865,交通事故,一般地址,臺南市東區大同路1段303號,1,晴,50,單路部分,路段,無號誌,車與車,未依規定讓車
11001AC191B3024,20210114,120.229625,22.972802,交通事故,交叉路口,臺南市東區崇善路段號崇德十一街,1,晴,50,交岔路,交叉路口,行車管制號誌,車與車,違反號誌管制或指揮
11001AC191B3026,20210129,120.231189,22.992974,交通事故,交叉路口,臺南市東區凱旋路段號東光路,1,晴,50,交岔路,交叉路口,行車管制號誌(附設行人專用號誌),車與車,違反號誌管制或指揮
11001AC191B3035,20210102,120.228923,22.985064,交通事故,交叉路口,臺南市東區裕農路段28870號裕豐街84,2,晴,30,交岔路,交叉路口,無號誌,車與車,未依規定讓車
11001AC191B3041,20210129,120.215912,22.982029,交通事故,其他,臺南市東區段號林森路一段與崇明路路口,2,晴,50,交岔路,交叉路口,行車管制號誌(附設行人專用號誌),車與車,違反號誌管制或指揮
11001AC191B3046,20210118,120.218668,22.996209,交通事故,其他,臺南市東區段號大學路成大會館停車場前,1,晴,30,單路部分,路段,無號誌,車與車,右轉彎未依規定
11001AC191B3048,20210130,120.227491,22.971106,交通事故,交叉路口,臺南市東區崇德路段號崇德十三街,1,晴,50,交岔路,交叉路口,無號誌,車與車,未依規定讓車
11001AC191B3049,20210104,120.229276,22.986886,交通事故,一般地址,臺南市東區裕農路段343-1號,1,晴,40,單路部分,路段,無號誌,汽(機)車本身,不明原因肇事
11001AC191B3050,20210104,120.234645,22.981849,交通事故,交叉路口,臺南市東區富農街段號富農街131,1,晴,50,交岔路,交叉路口,行車管制號誌,汽(機)車本身,其他引起事故之違規或不當行為
11001AC191B3064,20210122,120.218565,22.985812,交通事故,交叉路口,臺南市東區長榮路1段號府東街,1,雨,60,交岔路,交叉路口,行車管制號誌,汽(機)車本身,未注意車前狀態
11001AC191B3066,20210129,120.213648,22.988197,交通事故,一般地址,臺南市東區東門路1段96號,1,晴,30,單路部分,路段,無號誌,車與車,未依規定讓車
11001AC191B3067,20210130,120.226927,22.985761,交通事故,其他,臺南市東區段號裕農路與裕豐街口,2,晴,40,交岔路,交叉路口,行車管制號誌,車與車,未保持行車安全距離
11001AC191B3082,20210116,120.228463,22.989872,交通事故,交叉路口,臺南市東區東寧路段號東興路,2,晴,50,交岔路,交叉路口,行車管制號誌,車與車,未保持行車安全距離
11001AC191B3084,20210130,120.214763,22.986852,交通事故,交叉路口,臺南市東區光華街段號光華街229,1,晴,30,交岔路,交叉路口,無號誌,車與車,未依規定讓車
11001AC191B3089,20210127,120.228064,22.970843,交通事故,一般地址,臺南市東區崇德十四街段9號,1,晴,50,單路部分,路段,無號誌,人與汽(機)車,未注意車前狀態
11001AC191B3092,20210101,120.227527,22.962851,交通事故,交叉路口,臺南市東區東智街段號崇德路,1,晴,50,交岔路,交叉路口,閃光號誌,車與車,未依規定讓車
11001AC191B3106,20210130,120.226786,22.985037,交通事故,交叉路口,臺南市東區裕豐街段號裕豐街84,2,晴,50,交岔路,交叉路口,無號誌,車與車,未依規定讓車
11001AC191B3108,20210130,120.2305,22.99912,交通事故,交叉路口,臺南市東區小東路段號東和路,2,晴,50,交岔路,交叉路口,行車管制號誌,車與車,未依規定讓車
11001AC191B3110,20210102,120.232231,22.97273,交通事故,一般地址,臺南市東區仁和路段91之1號,1,晴,30,單路部分,路段,無號誌,車與車,未依規定讓車
11001AC191B3130,20210130,120.234195,22.97174,交通事故,一般地址,臺南市東區仁和路段10747號,1,晴,30,單路部分,路段,無號誌,車與車,倒車未依規定
11001AC191B3137,20210130,120.2118,22.994489,交通事故,交叉路口,臺南市東區北門路段號民族路,2,晴,50,交岔路,交叉路口,行車管制號誌,車與車,未依規定讓車
11001AC191B3141,20210104,120.2242,22.995817,交通事故,交叉路口,臺南市東區林森路2段號大學路,1,晴,50,交岔路,交叉路口,行車管制號誌,車與車,起步未注意其他車(人)安全
11001AC191B3143,20210108,120.21303,22.9944,交通事故,其他,臺南市東區段號民族地下道與東寧地下道口,2,晴,50,交岔路,交叉路口,行車管制號誌,車與車,左轉彎未依規定
11001AC191B3145,20210130,120.215243,22.982251,交通事故,其他,臺南市東區段號林森路一段與林森路一段153巷路口,2,晴,5,交岔路,交叉路口,無號誌,車與車,未依規定讓車
11001AC191B3147,20210124,120.230781,22.982517,交通事故,交叉路口,臺南市東區中華東路2段號中華東路2295,1,晴,50,交岔路,交叉路口,行車管制號誌,車與車,右轉彎未依規定
11001AC191B3148,20210130,120.230043,22.978006,交通事故,其他,臺南市東區段號仁和路42號之1號前,1,晴,0,單路部分,路段,無號誌,人與汽(機)車,穿越道路未注意左右來車
11001AC191B3151,20210116,120.229246,22.985049,交通事故,交叉路口,臺南市東區裕農路段28860號東門路301,2,晴,30,交岔路,交叉路口,無號誌,車與車,未依規定讓車
11001AC191B3157,20210116,120.218131,22.99623,交通事故,交叉路口,臺南市東區大學路段號勝利路,1,晴,50,交岔路,交叉路口,行車管制號誌,車與車,右轉彎未依規定
11001AC191B3160,20210124,120.233279,22.997942,交通事故,交叉路口,臺南市東區莊敬路段號中華東路110,1,晴,50,交岔路,交叉路口,無號誌,人與汽(機)車,未注意車前狀態
11001AC191B3162,20210118,120.221736,22.978071,交通事故,一般地址,臺南市東區崇德路段271號0崇學路,1,晴,50,交岔路,交叉路口,無號誌,車與車,變換車道或方向不當
11001AC191B3163,20210124,120.234265,22.992697,交通事故,其他,臺南市東區段號中華東路一段與平實路口以東20公尺處,1,晴,50,單路部分,路段,無號誌,車與車,未注意車前狀態
11001AC191B3164,20210125,120.236302,22.968352,交通事故,交叉路口,臺南市東區自由路1段號仁和路13960,1,晴,50,交岔路,交叉路口,閃光號誌,車與車,左轉彎未依規定
11001AC191B3167,20210130,120.228076,22.992821,交通事故,其他,臺南市東區段號怡東路與怡東路72巷口,2,晴,40,交岔路,交叉路口,無號誌,車與車,未依規定讓車
11001AC191B3169,20210118,120.222259,22.977433,交通事故,一般地址,臺南市東區崇德路段278號3,1,晴,50,單路部分,路段,無號誌,汽(機)車本身,未保持行車安全間隔
11001AC191B3172,20210125,120.212261,22.984958,交通事故,交叉路口,臺南市東區裕農路段180號裕農三街,1,晴,50,交岔路,交叉路口,無號誌,車與車,尚未發現肇事因素
11001AC191B3179,20210130,120.23141,22.983879,交通事故,一般地址,臺南市東區中華東路2段158號,1,晴,60,單路部分,路段,無號誌,車與車,未依規定讓車
11001AC191B3185,20210116,120.233031,22.968201,交通事故,交叉路口,臺南市東區崇善東路段號德高街,2,晴,30,交岔路,交叉路口,閃光號誌,車與車,未依規定讓車
11001AC191B3186,20210117,120.234995,22.988562,交通事故,交叉路口,臺南市東區裕農路段號裕農路605,2,晴,50,交岔路,交叉路口,無號誌,車與車,未依規定讓車
11001AC191B3190,20210130,120.22162,22.992787,交通事故,一般地址,臺南市東區長榮路3段3號,1,晴,40,交岔路,交叉路口,行車管制號誌,車與車,左轉彎未依規定
11001AC191B3202,20210130,120.214708,22.974227,交通事故,一般地址,臺南市東區大同路2段307號,1,晴,50,交岔路,交叉路口,行車管制號誌,車與車,未依規定讓車
11001AC191B3203,20210101,120.225758,22.975214,交通事故,交叉路口,臺南市東區崇德路段號崇德五街,2,晴,50,交岔路,交叉路口,無號誌,車與車,未保持行車安全距離
11001AC191B3205,20210104,120.224398,22.99111,交通事故,交叉路口,臺南市東區林森路2段號東寧路,2,晴,50,交岔路,交叉路口,行車管制號誌(附設行人專用號誌),車與車,未注意車前狀態
11001AC191B3217,20210104,120.227014,22.978489,交通事故,一般地址,臺南市東區中華東路3段140號,1,晴,40,單路部分,路段,無號誌,車與車,違規停車或暫停不當而肇事
11001AC191B3218,20210131,120.226648,22.984163,交通事故,一般地址,臺南市東區裕豐街段56號,1,晴,50,單路部分,路段,無號誌,車與車,未注意車前狀態
11001AC191B3224,20210104,120.21607,22.966951,交通事故,一般地址,臺南市東區大同路2段677號,1,晴,40,單路部分,路段,無號誌,車與車,未保持行車安全距離
11001AC191B3239,20210131,120.245029,22.990134,交通事故,交叉路口,臺南市東區裕農路段號裕信路,2,晴,50,交岔路,交叉路口,行車管制號誌,車與車,未依規定讓車
11001AC191B3240,20210122,120.217395,22.996406,交通事故,一般地址,臺南市東區大學路西段段37號,1,晴,50,單路部分,路段,無號誌,車與車,變換車道或方向不當
11001AC191B3261,20210125,120.221613,22.984876,交通事故,交叉路口,臺南市東區林森路1段號崇仁街,1,晴,50,交岔路,交叉路口,無號誌,車與車,右轉彎未依規定
11001AC191B3271,20210129,120.215089,22.987792,交通事故,一般地址,臺南市東區東門路1段159號,2,晴,50,交岔路,路段,行車管制號誌,車與車,起步未注意其他車(人)安全
11001AC191B3273,20210129,120.225682,22.971586,交通事故,交叉路口,臺南市東區崇明路段號崇明十五街,1,晴,50,交岔路,路段,無號誌,汽(機)車本身,未注意車前狀態
11001AC191B3280,20210130,120.234767,22.998247,交通事故,交叉路口,臺南市東區中華東路段號小東路,1,晴,60,交岔路,路段,行車管制號誌(附設行人專用號誌),車與車,未注意車前狀態
11001AC191B3298,20210102,120.237883,22.974604,交通事故,交叉路口,臺南市東區東門路3段338號靜修街,1,晴,50,交岔路,交叉路口,無號誌,車與車,未依規定讓車
11001AC191B3311,20210103,120.215769,22.995664,交通事故,交叉路口,臺南市東區育樂街段號育樂街66,1,晴,30,交岔路,交叉路口,無號誌,車與車,左轉彎未依規定
11001AC191B3329,20210122,120.234564,22.976329,交通事故,一般地址,臺南市東區東門路3段22681號,1,雨,50,交岔路,交叉路口,無號誌,車與車,未依規定讓車
11001AC191B3334,20210127,120.22393,22.985245,交通事故,一般地址,臺南市東區東門路2段181號,1,晴,50,單路部分,路段,無號誌,車與車,未依規定減速
11001AC191B3335,20210113,120.218787,22.986615,交通事故,交叉路口,臺南市東區東門路1段號長榮路2,1,晴,50,交岔路,交叉路口,行車管制號誌(附設行人專用號誌),車與車,未依規定讓車
11001AC191B3340,20210110,120.220312,22.992107,交通事故,交叉路口,臺南市東區東寧路段號東寧路15,3,陰,40,交岔路,交叉路口,無號誌,車與車,未依規定讓車
11001AC191B3343,20210129,120.227481,22.972577,交通事故,一般地址,臺南市東區崇德路段579號,2,晴,50,交岔路,交叉路口,無號誌,車與車,未依規定讓車
11001AC191B3348,20210121,120.22942,22.968693,交通事故,交叉路口,臺南市東區崇德十七街段號崇德十八街,1,晴,30,交岔路,交叉路口,無號誌,車與車,未依規定讓車
11001AC191B3355,20210129,120.215007,22.992625,交通事故,其他,臺南市東區段號東寧路西段地下道,1,晴,50,單路部分,路段,無號誌,汽(機)車本身,疲勞(患病)駕駛失控
11001AC191B3358,20210126,120.212254,22.997052,交通事故,其他,臺南市東區段號北門路火車站前,1,晴,50,圓環廣場,路段,行車管制號誌,汽(機)車本身,方向操縱系統故障
11001AC191B3359,20210126,120.223091,22.974257,交通事故,交叉路口,臺南市東區中華東路段號崇明路,1,晴,60,交岔路,交叉路口,行車管制號誌(附設行人專用號誌),汽(機)車本身,未注意車前狀態
11001AC191B3380,20210111,120.22134,22.978344,交通事故,一般地址,臺南市東區崇德路段263號,1,陰,40,單路部分,路段,無號誌,汽(機)車本身,未注意車前狀態
11001AC191B3392,20210112,120.226968,22.999635,交通事故,其他,臺南市東區段號小東路198巷6弄口,2,晴,30,交岔路,交叉路口,無號誌,車與車,未依規定讓車
11001AC191B3426,20210131,120.228049,22.999088,交通事故,一般地址,臺南市東區光明街段32號,2,晴,0,單路部分,路段,無號誌,車與車,起步未注意其他車(人)安全
11001AC191B3431,20210113,120.230562,22.980343,交通事故,一般地址,臺南市東區東門路3段31號,1,晴,60,單路部分,路段,無號誌,車與車,變換車道或方向不當
11001AC191B3433,20210114,120.214775,22.986865,交通事故,交叉路口,臺南市東區光華街段號光華街229,2,晴,30,交岔路,交叉路口,無號誌,車與車,未依規定讓車
11001AC191B3441,20210124,120.236403,22.998366,交通事故,交叉路口,臺南市東區小東路段號忠義街,1,晴,60,交岔路,交叉路口,行車管制號誌,車與車,未依規定讓車
11001AC191B3443,20210127,120.213667,22.981722,交通事故,其他,臺南市東區段號林森地下道機慢車優先道(西向),2,晴,50,單路部分,路段,無號誌,車與車,未保持行車安全距離
11001AC191B3446,20210125,120.212037,22.996713,交通事故,其他,臺南市東區段號北門路火車站前,1,陰,50,交岔路,交叉路口,行車管制號誌,車與車,未依規定讓車
11001AC191B3451,20210125,120.22004,22.977622,交通事故,交叉路口,臺南市東區崇明路段號崇明路308,1,晴,30,交岔路,交叉路口,行車管制號誌,車與車,違反號誌管制或指揮
11001AC191B3459,20210125,120.228704,22.984102,交通事故,一般地址,臺南市東區東門路2段30174號,1,晴,0,交岔路,交叉路口,無號誌,人與汽(機)車,穿越道路未注意左右來車
11001AC191B3462,20210131,120.234586,22.996769,交通事故,交叉路口,臺南市東區中華東路段號平實一街,1,晴,40,交岔路,交叉路口,行車管制號誌(附設行人專用號誌),車與車,左轉彎未依規定
11001AC191B3476,20210104,120.213113,23.001691,交通事故,交叉路口,臺南市東區北門路2段號小東路,1,晴,50,交岔路,交叉路口,行車管制號誌(附設行人專用號誌),汽(機)車本身,其他引起事故之違規或不當行為
11001AC191B3477,20210119,120.211837,22.991515,交通事故,一般地址,臺南市東區青年路段平交道號,1,晴,50,單路部分,路段,無號誌,汽(機)車本身,其他引起事故之違規或不當行為
11001AC191B3492,20210127,120.232586,22.979409,交通事故,一般地址,臺南市東區東門路3段101號,1,晴,60,單路部分,路段,無號誌,車與車,未依規定讓車
11001AC191B3500,20210127,120.223553,22.986321,交通事故,交叉路口,臺南市東區衛國街段106號衛國街10629,1,晴,30,交岔路,交叉路口,無號誌,車與車,未依規定讓車
11001AC191B3503,20210121,120.230353,22.987366,交通事故,一般地址,臺南市東區裕農路段375號,2,晴,40,交岔路,交叉路口,無號誌,車與車,未注意車前狀態
11001AC191B3522,20210130,120.232718,22.984707,交通事故,交叉路口,臺南市東區中華東路2段185號中華東路2,1,晴,50,交岔路,交叉路口,無號誌,車與車,未依規定讓車
11001AC191B3549,20210127,120.23667,22.983205,交通事故,一般地址,臺南市東區裕學路段185155號,1,晴,30,單路部分,路段,無號誌,車與車,未靠右行駛
11001AC191B3550,20210117,120.233375,22.965653,交通事故,交叉路口,臺南市東區崇善路段號崇善十四街,1,陰,40,交岔路,交叉路口,行車管制號誌,車與車,未注意車前狀態
11001AC191B3551,20210123,120.23434,22.977515,交通事故,交叉路口,臺南市東區東門路3段號富農街1,1,晴,60,交岔路,交叉路口,行車管制號誌(附設行人專用號誌),車與車,未依規定讓車
11001AC191B3552,20210124,120.234021,22.988491,交通事故,交叉路口,臺南市東區中華東路1段號裕農路,1,晴,50,交岔路,交叉路口,行車管制號誌(附設行人專用號誌),車與車,違反號誌管制或指揮
11001AC191B3553,20210126,120.228561,22.981796,交通事故,其他,臺南市東區段號東門路二段389號東側,1,晴,50,單路部分,路段,無號誌,車與車,未保持行車安全距離
11001AC191B3560,20210128,120.233635,22.988076,交通事故,一般地址,臺南市東區中華東路2段11號5,1,晴,60,圓環廣場,路段,行車管制號誌,車與車,未依規定讓車
11001AC191B3592,20210126,120.2282,22.983164,交通事故,交叉路口,臺南市東區東門路2段365號東門路236533,2,晴,0,交岔路,交叉路口,無號誌,車與車,左轉彎未依規定
11001AC191B3594,20210123,120.21679,22.97451,交通事故,一般地址,臺南市東區榮譽街段61號,1,晴,15,交岔路,交叉路口,無號誌,汽(機)車本身,其他引起事故之違規或不當行為
11001AC191B3598,20210128,120.229423,22.968201,交通事故,交叉路口,臺南市東區崇德十九街段號崇德十八街,2,晴,0,交岔路,交叉路口,無號誌,車與車,未依規定讓車
11001AC191B3600,20210128,120.217784,22.991789,交通事故,一般地址,臺南市東區勝利路段85號,1,晴,5,單路部分,路段,無號誌,車與車,尚未發現肇事因素
11001AC191B3601,20210131,120.226113,22.985555,交通事故,一般地址,臺南市東區裕農路段41之1號,2,晴,30,單路部分,路段,行車管制號誌,車與車,車輪脫落或輪胎爆裂
11001AC191B3602,20210131,120.228397,22.99844,交通事故,交叉路口,臺南市東區東和路段號光明街,1,晴,20,交岔路,交叉路口,行車管制號誌,車與車,未依規定讓車
11001AC191B3607,20210119,120.227458,22.988839,交通事故,交叉路口,臺南市東區裕豐街段號裕豐街242,1,晴,50,單路部分,路段,無號誌,車與車,未保持行車安全間隔
11001AC191B3608,20210128,120.213405,22.978506,交通事故,交叉路口,臺南市東區大同路2段號大同路297,2,晴,40,交岔路,交叉路口,閃光號誌,人與汽(機)車,未注意車前狀態
11001AC191B3612,20210131,120.222127,22.975361,交通事故,其他,臺南市東區段號崇明路與崇明十一街口,1,晴,50,交岔路,交叉路口,行車管制號誌,車與車,未依規定讓車
11001AC191B3619,20210125,120.224187,22.991232,交通事故,交叉路口,臺南市東區林森路2段號東寧路,1,陰,40,單路部分,路段,行車管制號誌,車與車,未注意車前狀態
11001AC191B3620,20210117,120.225162,22.98946,交通事故,交叉路口,臺南市東區林森路2段192號林森路219224,1,陰,30,交岔路,交叉路口,閃光號誌,車與車,未注意車前狀態