案件編號,發生日期,GPS經度,GPS緯度,案件類別名稱,地址類型名稱,發生縣市名稱,受傷人數,天候名稱, 速限-第1當事者,道路型態大類別名稱,事故位置大類別名稱,號誌-號誌種類名稱,事故類型及型態大類別名稱,肇因研判子類別名稱-主要
11001AC191B3626,20210125,120.223123,22.977071,交通事故,其他,臺南市東區段號崇德路與崇德路333巷口,2,晴,40,交岔路,交叉路口,閃光號誌,車與車,未依規定讓車
11001AC191B3632,20210107,120.212391,22.992107,交通事故,一般地址,臺南市東區青年路段22519號,1,晴,30,單路部分,路段,無號誌,車與車,未靠右行駛
11001AC191B3642,20210126,120.226468,22.983202,交通事故,交叉路口,臺南市東區東門路2段號崇學路,1,晴,0,交岔路,交叉路口,行車管制號誌(附設行人專用號誌),車與車,違反特定標誌(線)禁制
11001AC191B3643,20210126,120.214551,23.001365,交通事故,交叉路口,臺南市東區小東路段號前鋒路,1,陰,50,交岔路,交叉路口,行車管制號誌(附設行人專用號誌),車與車,違反號誌管制或指揮
11001AC191B3674,20210110,120.226661,22.978118,交通事故,交叉路口,臺南市東區中華東路段號崇善路,1,晴,40,交岔路,交叉路口,行車管制號誌(附設行人專用號誌),車與車,未依規定讓車
11001AC191B3676,20210111,120.233724,22.971472,交通事故,一般地址,臺南市東區仁和路段10918號,2,陰,30,交岔路,交叉路口,無號誌,車與車,未依規定讓車
11001AC191B3708,20210127,120.214277,22.974864,交通事故,交叉路口,臺南市東區大同路2段號立德二路,1,晴,50,交岔路,交叉路口,行車管制號誌,車與車,未依規定讓車
11001AC191B3710,20210119,120.222055,22.986342,交通事故,交叉路口,臺南市東區衛國街段號衛國街13,1,陰,30,交岔路,交叉路口,無號誌,車與車,逆向行駛
11001AC191B3711,20210120,120.23267,22.992775,交通事故,交叉路口,臺南市東區莊敬路段號凱旋路,1,陰,50,交岔路,交叉路口,行車管制號誌(附設行人專用號誌),車與車,未注意車前狀態
11001AC191B3713,20210122,120.217801,22.994908,交通事故,一般地址,臺南市東區勝利路段129號,2,雨,40,單路部分,路段,無號誌,車與車,違反特定標誌(線)禁制
11001AC191B3715,20210120,120.231862,22.973349,交通事故,交叉路口,臺南市東區仁和路段號崇善七街,1,晴,50,交岔路,交叉路口,無號誌,汽(機)車本身,未注意車前狀態
11001AC191B3740,20210114,120.21816,22.996254,交通事故,交叉路口,臺南市東區大學路段號勝利路,1,晴,30,交岔路,交叉路口,行車管制號誌(附設行人專用號誌),汽(機)車本身,未注意車前狀態
11001AC191B3741,20210105,120.24133,22.989469,交通事故,交叉路口,臺南市東區裕農路段號裕永路,1,晴,50,交岔路,交叉路口,行車管制號誌,車與車,左轉彎未依規定
11001AC191B3767,20210107,120.227514,22.964846,交通事故,其他,臺南市東區段號生產路與崇德路路口,1,晴,50,交岔路,交叉路口,行車管制號誌,車與車,右轉彎未依規定
11001AC191B3771,20210129,120.22749,22.972108,交通事故,交叉路口,臺南市東區崇德路段號崇道路,1,晴,50,交岔路,交叉路口,行車管制號誌,車與車,左轉彎未依規定
11001AC191B3775,20210129,120.245029,22.990134,交通事故,其他,臺南市東區段號裕農路與裕信路路口,1,晴,50,交岔路,交叉路口,行車管制號誌,車與車,右轉彎未依規定
11001AC191B3782,20210114,120.239977,22.998432,交通事故,其他,臺南市東區段號小東路與裕永路路口,1,晴,50,交岔路,交叉路口,行車管制號誌,車與車,左轉彎未依規定
11001AC191B3784,20210109,120.234351,22.985085,交通事故,交叉路口,臺南市東區中華東路2段133號中華東路213339,1,晴,30,交岔路,交叉路口,無號誌,車與車,未注意車前狀態
11001AC191B3786,20210130,120.230025,22.97025,交通事故,交叉路口,臺南市東區崇德十五街段號崇德十二街76,3,晴,30,交岔路,交叉路口,無號誌,車與車,未依規定讓車
11001AC191B3788,20210130,120.217842,22.9923,交通事故,交叉路口,臺南市東區勝利路段號東寧路,1,晴,50,交岔路,交叉路口,行車管制號誌,車與車,違反號誌管制或指揮
11001AC191B3789,20210130,120.221613,22.984876,交通事故,交叉路口,臺南市東區林森路1段號崇仁街,1,晴,40,交岔路,交叉路口,無號誌,車與車,未依規定讓車
11001AC191B3823,20210123,120.231471,22.988901,交通事故,交叉路口,臺南市東區東寧路段號東寧路538,2,晴,50,交岔路,交叉路口,無號誌,車與車,未依規定讓車
11001AC191B3832,20210120,120.23434,22.996409,交通事故,一般地址,臺南市東區中華東路1段66號,1,晴,50,單路部分,路段,無號誌,車與車,未注意車前狀態
11001AC191B3834,20210107,120.232255,22.96701,交通事故,交叉路口,臺南市東區崇善東路段號崇善路,2,晴,50,交岔路,交叉路口,行車管制號誌,車與車,倒車未依規定
11001AC191B3859,20210108,120.247417,22.978229,交通事故,其他,臺南市東區段號裕孝三街與裕敬五街口,1,晴,40,交岔路,交叉路口,行車管制號誌,車與車,未依規定讓車
11001AC191B3860,20210108,120.234094,22.978926,交通事故,其他,臺南市東區段號富農街一段23-3號前,1,晴,30,單路部分,路段,無號誌,車與車,其他引起事故之故障
11001AC191B3868,20210116,120.22324,22.979721,交通事故,其他,臺南市東區段號崇學路(崇學國小前),2,晴,40,單路部分,路段,行車管制號誌(附設行人專用號誌),車與車,未注意車前狀態
11001AC191B3878,20210130,120.232826,22.971688,交通事故,其他,臺南市東區段號仁和路與仁東街口,1,晴,50,交岔路,交叉路口,行車管制號誌,車與車,左轉彎未依規定
11001AC191B3880,20210115,120.211839,22.994591,交通事故,交叉路口,臺南市東區北門路段號民族路,1,晴,50,交岔路,交叉路口,行車管制號誌,車與車,未依規定讓車
11001AC191B3881,20210118,120.231527,22.998653,交通事故,其他,臺南市東區段號小東路316號路邊停車格前,1,晴,40,單路部分,路段,無號誌,車與車,不明原因肇事
11001AC191B3882,20210122,120.248658,22.986656,交通事故,其他,臺南市東區段號裕德街21QW28路燈桿,1,晴,50,單路部分,路段,無號誌,汽(機)車本身,不明原因肇事
11001AC191B3883,20210128,120.21694,22.987103,交通事故,一般地址,臺南市東區東門路1段298號,1,晴,40,圓環廣場,路段,無號誌,車與車,未依規定讓車
11001AC191B3884,20210128,120.231011,22.965744,交通事故,一般地址,臺南市東區生產路段560號0,2,晴,40,單路部分,路段,無號誌,車與車,裝載貨物不穩妥
11001AC191B3891,20210129,120.224294,22.976255,交通事故,交叉路口,臺南市東區崇德路段號崇德四街,1,晴,50,交岔路,交叉路口,行車管制號誌,車與車,違反號誌管制或指揮
11001AC191B3893,20210131,120.234101,22.971278,交通事故,一般地址,臺南市東區仁和路段11143號,3,晴,30,交岔路,交叉路口,無號誌,車與車,未注意車前狀態
11001AC191B3932,20210106,120.232552,22.998434,交通事故,一般地址,臺南市東區小東路段338號,1,晴,40,單路部分,路段,無號誌,車與車,未依規定讓車
11001AC191B3933,20210115,120.238189,22.992734,交通事故,交叉路口,臺南市東區平實路段號後甲三街,1,晴,30,交岔路,交叉路口,行車管制號誌,車與車,未依規定讓車
11001AC1O1B2359,20210121,120.214052,22.999097,交通事故,其他,臺南市東區段號前鋒路北往南機車道,3,晴,50,單路部分,路段,無號誌,車與車,違反特定標誌(線)禁制
11001AC1O1B2370,20210124,120.226363,22.983056,交通事故,其他,臺南市東區崇學路段號崇信街崇學路與崇信街口,2,晴,50,交岔路,交叉路口,無號誌,車與車,未依規定讓車
11001AC1O1B2466,20210125,120.223855,22.993534,交通事故,其他,臺南市東區段號林森路二段與長榮路三段66巷口,1,晴,50,交岔路,交叉路口,行車管制號誌,車與車,煞車失靈
11001AC1O1B2548,20210126,120.231874,22.986113,交通事故,其他,臺南市東區段號裕農路446巷與裕農路446巷70弄口,1,晴,30,交岔路,交叉路口,無號誌,車與車,未依規定讓車
11001AC1O1B2907,20210126,120.236679,22.987427,交通事故,其他,臺南市東區段號裕農路668巷37號前,1,晴,30,交岔路,交叉路口,閃光號誌,汽(機)車本身,未注意車前狀態
11001AC1O1B3125,20210130,120.230858,22.969796,交通事故,其他,臺南市東區段號崇善路687號前,1,晴,50,單路部分,路段,行車管制號誌,車與車,未保持行車安全距離
11001AC1O1B3216,20210130,120.226623,22.984498,交通事故,其他,臺南市東區段號裕豐街35號前,1,晴,30,單路部分,路段,無號誌,人與汽(機)車,未注意車前狀態
11001AC1O1B3246,20210131,120.215095,22.987779,交通事故,交叉路口,臺南市東區東門路1段號東榮街,1,晴,50,交岔路,交叉路口,行車管制號誌,車與車,未依規定讓車
11001AC1R1B2826,20210122,120.216732,22.991324,交通事故,一般地址,臺南市東區青年路段443號,1,晴,50,單路部分,路段,無號誌,車與車,未注意車前狀態
11001AC1R1B2831,20210123,120.221151,22.977922,交通事故,交叉路口,臺南市東區崇學路段號崇學路20,1,晴,30,交岔路,交叉路口,無號誌,車與車,未依規定讓車
11001AC1R1B2845,20210126,120.230004,22.986105,交通事故,交叉路口,臺南市東區裕農路段288號裕農路350,1,晴,30,交岔路,交叉路口,無號誌,車與車,未依規定讓車
11001AC1R1B3056,20210127,120.222951,22.987102,交通事故,交叉路口,臺南市東區林森路2段號衛國街,4,晴,40,交岔路,交叉路口,行車管制號誌,車與車,違反號誌管制或指揮
11001AC1R1B3182,20210129,120.231901,22.986461,交通事故,交叉路口,臺南市東區中華東路2段48號裕農路446,2,晴,30,交岔路,交叉路口,無號誌,車與車,未依規定讓車
11001AC1R1B3554,20210126,120.2123,22.980947,交通事故,交叉路口,臺南市東區林森路段號大同路,1,晴,40,單路部分,路段,無號誌,車與車,未注意車前狀態
11001AC1R1B3566,20210130,120.213877,22.981328,交通事故,一般地址,臺南市東區林森路1段132號2,1,晴,40,交岔路,交叉路口,無號誌,車與車,逆向行駛
11001AC1R1B3604,20210123,120.23431,22.977559,交通事故,交叉路口,臺南市東區東門路3段號富農街1,1,晴,40,交岔路,交叉路口,行車管制號誌,汽(機)車本身,尚未發現肇事因素
11001AC1R1B3653,20210122,120.212594,22.994392,交通事故,交叉路口,臺南市東區民族路段號前鋒路,1,雨,40,單路部分,路段,行車管制號誌,汽(機)車本身,其他引起事故之違規或不當行為
11001AC1R1B3957,20210122,120.216925,22.987222,交通事故,交叉路口,臺南市東區東門路1段號東門城圓環,2,陰,40,圓環廣場,路段,無號誌,車與車,右轉彎未依規定
11001AC291A0006,20210109,120.195274,22.995693,交通事故,交叉路口,臺南市中西區民生路2段號康樂街,0,晴,50,交岔路,交叉路口,行車管制號誌,車與車,未依規定讓車
11001AC291A0011,20210117,120.211739,22.981246,交通事故,一般地址,臺南市中西區健康路1段10號,0,晴,50,單路部分,路段,無號誌,車與車,未保持行車安全間隔
11001AC291B0001,20210101,120.204576,22.992504,交通事故,交叉路口,臺南市中西區民生綠園圓環段號中正路,1,晴,40,交岔路,交叉路口,行車管制號誌,車與車,未注意車前狀態
11001AC291B0014,20210101,120.186905,22.992656,交通事故,交叉路口,臺南市中西區中華西路2段號府前路2,1,晴,60,交岔路,交叉路口,行車管制號誌,車與車,未保持行車安全間隔
11001AC291B0025,20210101,120.193904,22.99607,交通事故,交叉路口,臺南市中西區民生路2段號金華路3,1,晴,50,交岔路,交叉路口,行車管制號誌,車與車,未依規定讓車
11001AC291B0051,20210101,120.21148,22.990174,交通事故,交叉路口,臺南市中西區北門路1段51號北門路1,1,晴,50,交岔路,交叉路口,無號誌,車與車,違反特定標誌(線)禁制
11001AC291B0074,20210102,120.203705,22.992088,交通事故,其他,臺南市中西區段號中正路與中正路5巷口東側,1,晴,50,單路部分,路段,無號誌,車與車,未注意車前狀態
11001AC291B0119,20210102,120.195969,22.993207,交通事故,交叉路口,臺南市中西區海安路2段號中正路,1,晴,50,交岔路,交叉路口,行車管制號誌,車與車,未依規定讓車
11001AC291B0123,20210102,120.209913,22.986214,交通事故,交叉路口,臺南市中西區開山路段號樹林街,1,晴,50,交岔路,交叉路口,行車管制號誌,車與車,未注意車前狀態
11001AC291B0151,20210103,120.204608,22.989037,交通事故,交叉路口,臺南市中西區南門路段號府前路,1,晴,50,交岔路,交叉路口,行車管制號誌,車與車,未保持行車安全距離
11001AC291B0166,20210103,120.207763,22.988932,交通事故,交叉路口,臺南市中西區開山路段號府前路1,1,晴,50,交岔路,交叉路口,行車管制號誌,車與車,未保持行車安全距離
11001AC291B0172,20210101,120.208284,22.991247,交通事故,交叉路口,臺南市中西區民權路段號府中街,2,晴,50,交岔路,其他,無號誌,人與汽(機)車,搶越行人穿越道
11001AC291B0174,20210101,120.184685,22.999163,交通事故,交叉路口,臺南市中西區民權路段號頂美二街,3,晴,50,交岔路,交叉路口,行車管制號誌,汽(機)車本身,未注意車前狀態
11001AC291B0178,20210104,120.204619,22.985442,交通事故,一般地址,臺南市中西區南門路段1871號,2,晴,30,交岔路,交叉路口,無號誌,車與車,未依規定讓車
11001AC291B0192,20210104,120.193935,22.996201,交通事故,交叉路口,臺南市中西區金華路段號民生路,1,晴,50,交岔路,交叉路口,行車管制號誌,車與車,未注意車前狀態
11001AC291B0195,20210102,120.18692,23.002369,交通事故,其他,臺南市中西區段號中華西路(宜得利家具前),1,晴,50,交岔路,交叉路口,閃光號誌,車與車,未依規定讓車
11001AC291B0211,20210104,120.19453,22.997766,交通事故,交叉路口,臺南市中西區民權路段號金華路,1,晴,50,交岔路,交叉路口,行車管制號誌,車與車,未保持行車安全間隔
11001AC291B0228,20210104,120.205411,22.994266,交通事故,交叉路口,臺南市中西區民權路段號公園路,3,晴,50,交岔路,交叉路口,行車管制號誌,車與車,未依規定讓車
11001AC291B0244,20210104,120.200112,22.985061,交通事故,交叉路口,臺南市中西區永福路1段號永福路1275,1,晴,50,交岔路,交叉路口,無號誌,車與車,右轉彎未依規定
11001AC291B0282,20210105,120.20543,22.994517,交通事故,一般地址,臺南市中西區公園路段39號,1,晴,50,單路部分,路段,無號誌,車與車,其他引起事故之違規或不當行為
11001AC291B0304,20210105,120.201252,22.993849,交通事故,交叉路口,臺南市中西區民生路段號永福路,1,晴,50,交岔路,交叉路口,行車管制號誌,車與車,未注意車前狀態
11001AC291B0341,20210101,120.209026,22.991912,交通事故,交叉路口,臺南市中西區青年路段號城隍街,1,晴,50,交岔路,交叉路口,行車管制號誌,人與汽(機)車,未注意車前狀態
11001AC291B0437,20210106,120.186881,22.987634,交通事故,其他,臺南市中西區段號中華西路2段家樂福車輛入口前,1,晴,60,交岔路,交叉路口,行車管制號誌,車與車,違反號誌管制或指揮
11001AC291B0442,20210107,120.196631,22.99334,交通事故,一般地址,臺南市中西區中正路段250號,1,陰,50,單路部分,路段,無號誌,車與車,尚未發現肇事因素
11001AC291B0472,20210107,120.203816,22.982603,交通事故,交叉路口,臺南市中西區南門路段號五妃街,1,陰,50,交岔路,交叉路口,行車管制號誌,車與車,未依規定讓車
11001AC291B0477,20210106,120.208449,22.994773,交通事故,交叉路口,臺南市中西區中山路段號民族路,1,晴,50,交岔路,其他,行車管制號誌(附設行人專用號誌),人與汽(機)車,搶越行人穿越道
11001AC291B0478,20210107,120.197449,23.000923,交通事故,交叉路口,臺南市中西區成功路段號康樂街,1,晴,50,交岔路,交叉路口,閃光號誌,車與車,未依規定讓車
11001AC291B0485,20210107,120.202068,22.981577,交通事故,一般地址,臺南市中西區健康路1段338號,1,晴,50,單路部分,路段,無號誌,車與車,尚未發現肇事因素
11001AC291B0494,20210104,120.207997,22.988458,交通事故,其他,臺南市中西區段號開山路133號對面,1,晴,50,單路部分,其他,無號誌,車與車,未注意車前狀態
11001AC291B0519,20210108,120.193932,22.996096,交通事故,交叉路口,臺南市中西區金華路段號民生路,1,陰,50,交岔路,交叉路口,行車管制號誌(附設行人專用號誌),汽(機)車本身,未注意車前狀態
11001AC291B0562,20210106,120.201688,22.997117,交通事故,一般地址,臺南市中西區民族路2段373號,1,晴,50,單路部分,路段,無號誌,車與車,倒車未依規定
11001AC291B0570,20210107,120.189903,23.002336,交通事故,交叉路口,臺南市中西區和善街段號文祥街,2,陰,30,交岔路,交叉路口,無號誌,車與車,未依規定讓車
11001AC291B0652,20210107,120.197012,22.991431,交通事故,交叉路口,臺南市中西區國華街段號尊王路,1,陰,50,交岔路,交叉路口,行車管制號誌,車與車,違反號誌管制或指揮
11001AC291B0667,20210109,120.197789,22.996644,交通事故,一般地址,臺南市中西區民權路3段71號,1,晴,50,單路部分,路段,無號誌,車與車,未注意車前狀態
11001AC291B0669,20210109,120.196436,22.995302,交通事故,交叉路口,臺南市中西區民生路段號海安路,2,晴,50,交岔路,交叉路口,行車管制號誌,車與車,未保持行車安全距離
11001AC291B0672,20210105,120.200125,22.98338,交通事故,一般地址,臺南市中西區永福路1段67號,2,晴,50,單路部分,路段,無號誌,車與車,未注意車前狀態
11001AC291B0676,20210107,120.20027,22.995016,交通事故,一般地址,臺南市中西區新美街段37號,1,晴,30,單路部分,路段,無號誌,車與車,未保持行車安全距離
11001AC291B0692,20210110,120.196541,22.998722,交通事故,交叉路口,臺南市中西區民族路段號康樂街,1,晴,50,交岔路,交叉路口,行車管制號誌,車與車,違反號誌管制或指揮
11001AC291B0717,20210110,120.199037,22.997708,交通事故,交叉路口,臺南市中西區民族路段號國華街,2,晴,50,交岔路,交叉路口,無號誌,車與車,違反號誌管制或指揮
11001AC291B0721,20210110,120.200673,22.981343,交通事故,交叉路口,臺南市中西區健康路段號水交社路,2,晴,50,交岔路,交叉路口,行車管制號誌,車與車,違反號誌管制或指揮
11001AC291B0724,20210110,120.187995,22.987828,交通事故,其他,臺南市中西區段號中華西路二段12巷家樂福旁,1,晴,30,單路部分,路段,無號誌,車與車,逆向行駛
11001AC291B0746,20210110,120.195844,22.997122,交通事故,交叉路口,臺南市中西區康樂街段號和平街,1,晴,30,交岔路,交叉路口,無號誌,汽(機)車本身,未注意車前狀態
11001AC291B0756,20210105,120.201486,22.99947,交通事故,一般地址,臺南市中西區成功路段289號,1,晴,50,單路部分,路段,無號誌,車與車,未注意車前狀態
11001AC291B0757,20210108,120.207789,22.988738,交通事故,其他,臺南市中西區段號開山路042-2號停車格,1,晴,50,單路部分,路段,無號誌,車與車,未注意車前狀態
11001AC291B0762,20210109,120.209773,22.995563,交通事故,交叉路口,臺南市中西區中山路段號西華南街,1,晴,50,交岔路,交叉路口,行車管制號誌,汽(機)車本身,未注意車前狀態
11001AC291B0765,20210110,120.201813,22.98629,交通事故,交叉路口,臺南市中西區忠義路段號樹林街,3,晴,50,交岔路,交叉路口,行車管制號誌,車與車,左轉彎未依規定
11001AC291B0775,20210111,120.211471,22.989207,交通事故,交叉路口,臺南市中西區東門圓環段號北門路,1,晴,50,交岔路,交叉路口,行車管制號誌(附設行人專用號誌),汽(機)車本身,酒醉(後)駕駛失控
11001AC291B0788,20210111,120.209913,22.986214,交通事故,交叉路口,臺南市中西區樹林街段號開山路,1,晴,50,交岔路,交叉路口,行車管制號誌(附設行人專用號誌),車與車,未依規定讓車
11001AC291B0803,20210107,120.186413,22.99565,交通事故,一般地址,臺南市中西區中華西路2段198號,1,雨,60,交岔路,路段,無號誌,汽(機)車本身,未注意車前狀態
11001AC291B0813,20210107,120.211755,22.994468,交通事故,交叉路口,臺南市中西區北門路段號民族路,1,晴,50,交岔路,交叉路口,行車管制號誌(附設行人專用號誌),車與車,未注意車前狀態
11001AC291B0829,20210111,120.193934,22.996045,交通事故,交叉路口,臺南市中西區金華路段號民生路,1,晴,50,交岔路,交叉路口,行車管制號誌,車與車,未依規定讓車
11001AC291B0835,20210111,120.205481,22.981607,交通事故,交叉路口,臺南市中西區慶中街段號健康路11701,2,晴,50,交岔路,交叉路口,無號誌,車與車,未依規定讓車
11001AC291B0846,20210110,120.210511,22.992093,交通事故,交叉路口,臺南市中西區萬昌街段號興華街,1,晴,30,交岔路,交叉路口,閃光號誌,車與車,未依規定讓車
11001AC291B0851,20210111,120.199579,22.99297,交通事故,一般地址,臺南市中西區中正路段1388號,1,陰,30,交岔路,交叉路口,無號誌,車與車,未依規定讓車
11001AC291B0853,20210111,120.190789,23.005137,交通事故,一般地址,臺南市中西區武聖路段694034號,1,晴,50,單路部分,路段,無號誌,車與車,其他引起事故之違規或不當行為
11001AC291B0876,20210111,120.188871,22.988818,交通事故,交叉路口,臺南市中西區永華路段號永華一街,1,陰,50,交岔路,交叉路口,行車管制號誌,汽(機)車本身,其他引起事故之違規或不當行為
11001AC291B0880,20210102,120.199049,22.997704,交通事故,交叉路口,臺南市中西區民族路段號國華街,1,晴,50,交岔路,交叉路口,行車管制號誌(附設行人專用號誌),車與車,未保持行車安全距離
11001AC291B0882,20210103,120.195606,22.990946,交通事故,交叉路口,臺南市中西區海安路段號府前路,2,晴,50,交岔路,交叉路口,行車管制號誌(附設行人專用號誌),車與車,未保持行車安全距離
11001AC291B0883,20210108,120.186421,22.996939,交通事故,交叉路口,臺南市中西區中華西路段號府前一街,1,晴,50,交岔路,交叉路口,行車管制號誌(附設行人專用號誌),車與車,右轉彎未依規定
11001AC291B0918,20210101,120.203123,22.996633,交通事故,一般地址,臺南市中西區民族路2段311號,3,晴,50,單路部分,路段,無號誌,車與車,起步未注意其他車(人)安全
11001AC291B0931,20210112,120.175671,23.002567,交通事故,交叉路口,臺南市中西區華平路段號西賢二街187,1,晴,50,交岔路,路段,無號誌,車與車,違規超車
11001AC291B0942,20210102,120.207057,22.988944,交通事故,一般地址,臺南市中西區府前路1段150號,2,晴,50,單路部分,路段,無號誌,車與車,未依規定讓車
11001AC291B0956,20210112,120.19758,22.988496,交通事故,交叉路口,臺南市中西區西門路段號和意路,1,晴,50,交岔路,交叉路口,行車管制號誌,車與車,左轉彎未依規定
11001AC291B0961,20210112,120.193544,22.994434,交通事故,一般地址,臺南市中西區金華路3段208號,1,晴,50,單路部分,路段,無號誌,車與車,迴轉未依規定
11001AC291B0964,20210105,120.197264,22.997276,交通事故,交叉路口,臺南市中西區海安路段號神農街,2,晴,40,交岔路,交叉路口,行車管制號誌(附設行人專用號誌),車與車,未依規定讓車
11001AC291B1022,20210109,120.19688,22.990733,交通事故,交叉路口,臺南市中西區府前路段號國華街,2,晴,50,交岔路,交叉路口,行車管制號誌,車與車,未依規定讓車
11001AC291B1041,20210101,120.186701,22.997927,交通事故,交叉路口,臺南市中西區中華西路段號民生路,1,晴,50,交岔路,交叉路口,行車管制號誌,車與車,未注意車前狀態
11001AC291B1052,20210112,120.197694,22.983198,交通事故,一般地址,臺南市中西區西門路1段466號,1,晴,50,單路部分,路段,無號誌,人與汽(機)車,逆向行駛
11001AC291B1062,20210104,120.180311,23.004992,交通事故,一般地址,臺南市中西區和緯路5段259號,1,晴,40,單路部分,路段,行車管制號誌,汽(機)車本身,未注意車前狀態
11001AC291B1074,20210113,120.204951,22.995943,交通事故,交叉路口,臺南市中西區民族路段號中成路,1,晴,50,交岔路,交叉路口,行車管制號誌,車與車,起步未注意其他車(人)安全
11001AC291B1078,20210110,120.204616,22.989036,交通事故,交叉路口,臺南市中西區南門路段號府前路,1,晴,40,交岔路,交叉路口,行車管制號誌(附設行人專用號誌),汽(機)車本身,未注意車前狀態
11001AC291B1098,20210111,120.211125,22.983605,交通事故,一般地址,臺南市中西區大同路1段168號,2,晴,50,單路部分,路段,無號誌,車與車,起步未注意其他車(人)安全
11001AC291B1105,20210113,120.209491,22.982477,交通事故,交叉路口,臺南市中西區五妃街段號府連路,1,晴,50,單路部分,路段,無號誌,車與車,未注意車前狀態
11001AC291B1134,20210109,120.199064,22.986328,交通事故,其他,臺南市中西區段號樹林街新光三越前,1,晴,50,單路部分,路段,無號誌,汽(機)車本身,未注意車前狀態
11001AC291B1137,20210109,120.19531,22.995767,交通事故,交叉路口,臺南市中西區民生路段號康樂街,2,晴,50,交岔路,交叉路口,行車管制號誌(附設行人專用號誌),車與車,違反號誌管制或指揮
11001AC291B1140,20210114,120.204537,22.992476,交通事故,其他,臺南市中西區段號中正路民生綠園,2,晴,50,交岔路,交叉路口,行車管制號誌,車與車,未依規定讓車
11001AC291B1199,20210101,120.194247,22.997037,交通事故,其他,臺南市中西區段號金華路4段協進國小前,2,晴,50,交岔路,交叉路口,無號誌,車與車,未注意車前狀態
11001AC291B1205,20210114,120.202141,22.98949,交通事故,交叉路口,臺南市中西區府前路1段號忠義路1,1,晴,50,交岔路,交叉路口,行車管制號誌,車與車,左轉彎未依規定
11001AC291B1275,20210113,120.203101,22.993316,交通事故,交叉路口,臺南市中西區民生路段號忠義路,1,晴,50,交岔路,交叉路口,行車管制號誌,車與車,未保持行車安全距離
11001AC291B1334,20210115,120.197848,22.998179,交通事故,交叉路口,臺南市中西區海安路2段號民族路3,1,晴,50,交岔路,交叉路口,行車管制號誌,車與車,未依規定讓車
11001AC291B1343,20210111,120.201224,22.999616,交通事故,交叉路口,臺南市中西區成功路段號西門路,1,晴,50,交岔路,路段,行車管制號誌(附設行人專用號誌),車與車,未依規定讓車
11001AC291B1359,20210111,120.197613,22.986331,交通事故,交叉路口,臺南市中西區西門路段號樹林街,1,晴,50,交岔路,交叉路口,行車管制號誌(附設行人專用號誌),車與車,未依規定讓車
11001AC291B1406,20210116,120.191759,22.998553,交通事故,交叉路口,臺南市中西區大新街段號大新街22,2,晴,30,交岔路,交叉路口,閃光號誌,車與車,未依規定讓車
11001AC291B1415,20210116,120.192393,22.989703,交通事故,交叉路口,臺南市中西區金華路段號大勇街,2,晴,50,交岔路,交叉路口,行車管制號誌,車與車,未保持行車安全距離
11001AC291B1426,20210116,120.197123,22.991972,交通事故,交叉路口,臺南市中西區國華街段號友愛街,1,晴,50,交岔路,交叉路口,行車管制號誌,人與汽(機)車,未保持行車安全間隔
11001AC291B1438,20210115,120.192788,22.991463,交通事故,交叉路口,臺南市中西區府前路段號金華路,1,晴,50,交岔路,交叉路口,行車管制號誌,車與車,不明原因肇事
11001AC291B1516,20210115,120.198353,22.994697,交通事故,其他,臺南市中西區段號民生路2段郭綜合醫院停車場入口,1,晴,50,單路部分,路段,閃光號誌,車與車,未保持行車安全間隔
11001AC291B1519,20210115,120.205639,22.990933,交通事故,交叉路口,臺南市中西區友愛街段15號友愛街,1,晴,50,交岔路,交叉路口,無號誌,車與車,未注意車前狀態
11001AC291B1521,20210115,120.208711,22.982053,交通事故,交叉路口,臺南市中西區法華街段147號法華街,2,晴,50,交岔路,交叉路口,無號誌,車與車,未依規定讓車
11001AC291B1528,20210115,120.196651,22.995229,交通事故,交叉路口,臺南市中西區海安路段號民生路,1,晴,50,交岔路,交叉路口,行車管制號誌,車與車,未保持行車安全距離
11001AC291B1531,20210116,120.204585,22.99242,交通事故,其他,臺南市中西區段號中正路民生綠園,1,晴,50,交岔路,交叉路口,行車管制號誌,車與車,未依規定讓車
11001AC291B1532,20210116,120.19148,23.005043,交通事故,交叉路口,臺南市中西區武聖路段69號武聖路6930,3,晴,50,交岔路,交叉路口,無號誌,車與車,未注意車前狀態
11001AC291B1552,20210114,120.203612,22.981339,交通事故,交叉路口,臺南市中西區健康路段號南門路,1,晴,50,交岔路,交叉路口,行車管制號誌,車與車,未注意車前狀態
11001AC291B1566,20210101,120.198614,22.992607,交通事故,交叉路口,臺南市中西區西門路段號中正路,1,晴,50,單路部分,路段,行車管制號誌,車與車,未注意車前狀態
11001AC291B1608,20210116,120.18901,23.005341,交通事故,交叉路口,臺南市中西區武聖路段197號武聖路15150,2,晴,30,交岔路,交叉路口,無號誌,車與車,未依規定讓車
11001AC291B1609,20210116,120.193686,22.995118,交通事故,交叉路口,臺南市中西區金華路段號正興街,1,晴,50,交岔路,路段,行車管制號誌,車與車,未保持行車安全間隔
11001AC291B1611,20210116,120.211167,22.984865,交通事故,交叉路口,臺南市中西區大同路1段號開山路,2,晴,40,交岔路,交叉路口,行車管制號誌(附設行人專用號誌),車與車,未注意車前狀態
11001AC291B1612,20210116,120.186791,23.001275,交通事故,一般地址,臺南市中西區中華西路2段667號,1,晴,60,單路部分,路段,無號誌,車與車,未注意車前狀態