案件編號,發生日期,GPS經度,GPS緯度,案件類別名稱,地址類型名稱,發生縣市名稱,受傷人數,天候名稱, 速限-第1當事者,道路型態大類別名稱,事故位置大類別名稱,號誌-號誌種類名稱,事故類型及型態大類別名稱,肇因研判子類別名稱-主要
11001AC291B1614,20210117,120.206931,22.99803,交通事故,交叉路口,臺南市中西區成功路段號公園路,1,晴,50,交岔路,交叉路口,行車管制號誌(附設行人專用號誌),車與車,未依規定讓車
11001AC291B1615,20210117,120.197848,22.998179,交通事故,交叉路口,臺南市中西區民族路3段號海安路2,1,晴,50,交岔路,交叉路口,行車管制號誌(附設行人專用號誌),車與車,違反號誌管制或指揮
11001AC291B1616,20210117,120.20502,22.992595,交通事故,交叉路口,臺南市中西區民生綠園圓環段號公園路,1,晴,40,交岔路,路段,行車管制號誌(附設行人專用號誌),車與車,未依規定讓車
11001AC291B1630,20210111,120.210651,22.992858,交通事故,交叉路口,臺南市中西區衛民街段號萬昌街,2,陰,50,交岔路,交叉路口,閃光號誌,車與車,未依規定讓車
11001AC291B1645,20210112,120.193783,22.991284,交通事故,一般地址,臺南市中西區府前路二段段147號,1,晴,50,單路部分,路段,無號誌,車與車,違反特定標誌(線)禁制
11001AC291B1652,20210111,120.19299,22.992137,交通事故,交叉路口,臺南市中西區金華路段號尊王路,1,陰,50,交岔路,交叉路口,行車管制號誌,車與車,左轉彎未依規定
11001AC291B1666,20210118,120.192421,23.003548,交通事故,交叉路口,臺南市中西區西和路段287號文和街,1,晴,40,交岔路,交叉路口,無號誌,車與車,未依規定讓車
11001AC291B1669,20210119,120.196651,22.995229,交通事故,交叉路口,臺南市中西區民生路2段號海安路2,2,晴,50,交岔路,交叉路口,行車管制號誌(附設行人專用號誌),車與車,違反特定標誌(線)禁制
11001AC291B1686,20210118,120.189106,23.004428,交通事故,其他,臺南市中西區段號光賢街右側停車場出入口,2,晴,50,交岔路,交叉路口,行車管制號誌,車與車,違反號誌管制或指揮
11001AC291B1687,20210118,120.211557,22.981949,交通事故,其他,臺南市中西區段號大同路1段238巷,1,晴,50,交岔路,交叉路口,無號誌,車與車,未依規定讓車
11001AC291B1688,20210107,120.177641,23.002101,交通事故,交叉路口,臺南市中西區西賢一街段號西賢一街148,1,陰,50,交岔路,交叉路口,無號誌,車與車,未注意車前狀態
11001AC291B1689,20210119,120.198317,22.99175,交通事故,交叉路口,臺南市中西區西門路2段號友愛街,1,晴,50,交岔路,交叉路口,行車管制號誌,車與車,變換車道或方向不當
11001AC291B1719,20210119,120.211118,22.983864,交通事故,交叉路口,臺南市中西區大同路1段號五妃街40,1,晴,50,交岔路,交叉路口,行車管制號誌,車與車,變換車道或方向不當
11001AC291B1736,20210119,120.201282,22.989751,交通事故,其他,臺南市中西區段號府前路1段第二美術館停車場出入口前,1,晴,50,單路部分,路段,無號誌,車與車,未依規定讓車
11001AC291B1744,20210107,120.196308,22.987396,交通事故,交叉路口,臺南市中西區永華路段號國華街,1,晴,50,交岔路,交叉路口,行車管制號誌,車與車,違反號誌管制或指揮
11001AC291B1750,20210116,120.195888,22.998892,交通事故,一般地址,臺南市中西區民族路3段152號,2,晴,30,交岔路,交叉路口,無號誌,車與車,未依規定讓車
11001AC291B1758,20210119,120.211772,22.994873,交通事故,一般地址,臺南市中西區北門路1段121號,1,晴,40,單路部分,路段,無號誌,車與車,未保持行車安全距離
11001AC291B1761,20210119,120.210011,22.99011,交通事故,一般地址,臺南市中西區民權路1段74號,1,晴,50,單路部分,路段,行車管制號誌,汽(機)車本身,未注意車前狀態
11001AC291B1812,20210120,120.193643,22.987838,交通事故,一般地址,臺南市中西區永華路一段段120號,1,晴,50,單路部分,路段,無號誌,車與車,迴轉未依規定
11001AC291B1827,20210115,120.204484,22.997256,交通事故,交叉路口,臺南市中西區忠義路段號慈音街,2,晴,50,交岔路,交叉路口,閃光號誌,車與車,未依規定讓車
11001AC291B1838,20210120,120.186501,22.996537,交通事故,交叉路口,臺南市中西區中華西路段號建平十六街,1,晴,60,交岔路,交叉路口,行車管制號誌,人與汽(機)車,搶越行人穿越道
11001AC291B1878,20210120,120.190454,22.9984,交通事故,其他,臺南市中西區段號民權路3段336號前,1,晴,550,單路部分,路段,無號誌,汽(機)車本身,未注意車前狀態
11001AC291B1924,20210115,120.200112,22.985061,交通事故,交叉路口,臺南市中西區永福路段號南寧街,2,晴,50,交岔路,交叉路口,行車管制號誌,車與車,左轉彎未依規定
11001AC291B1926,20210102,120.203991,22.983919,交通事故,其他,臺南市中西區段號南門路227巷口,1,晴,50,交岔路,交叉路口,無號誌,車與車,迴轉未依規定
11001AC291B1980,20210120,120.191917,22.992409,交通事故,交叉路口,臺南市中西區環河街段號尊王路,1,晴,50,交岔路,交叉路口,無號誌,車與車,迴轉未依規定
11001AC291B1991,20210120,120.200136,22.987147,交通事故,其他,臺南市中西區段號永福路1段新光三越百貨公司停車場出入口,1,晴,50,交岔路,交叉路口,無號誌,車與車,右轉彎未依規定
11001AC291B2027,20210115,120.203945,22.998703,交通事故,交叉路口,臺南市中西區成功路段號赤崁東街,1,晴,50,單路部分,路段,無號誌,車與車,逆向行駛
11001AC291B2038,20210121,120.199181,22.994436,交通事故,交叉路口,臺南市中西區西門路段號民生路,1,晴,50,交岔路,交叉路口,無號誌,車與車,未依規定讓車
11001AC291B2043,20210121,120.199929,22.985032,交通事故,其他,臺南市中西區段號南寧街55號大門口,1,晴,50,單路部分,路段,無號誌,車與車,未注意車前狀態
11001AC291B2048,20210107,120.199536,22.997644,交通事故,交叉路口,臺南市中西區西門圓環段號民族路,1,晴,50,圓環廣場,交流道,行車管制號誌,車與車,違反號誌管制或指揮
11001AC291B2109,20210116,120.204881,22.998434,交通事故,交叉路口,臺南市中西區成功路段號忠義路,1,晴,50,交岔路,交叉路口,行車管制號誌(附設行人專用號誌),車與車,未注意車前狀態
11001AC291B2119,20210122,120.201501,22.998218,交通事故,交叉路口,臺南市中西區新美街段號郡緯街,2,晴,30,交岔路,交叉路口,行車管制號誌,車與車,未依規定讓車
11001AC291B2125,20210116,120.191429,23.002603,交通事故,交叉路口,臺南市中西區文和街段號和美街,2,晴,30,交岔路,交叉路口,無號誌,車與車,未依規定讓車
11001AC291B2130,20210122,120.194126,22.991247,交通事故,交叉路口,臺南市中西區府前路段號康樂街,1,陰,50,交岔路,交叉路口,行車管制號誌,車與車,未依規定讓車
11001AC291B2158,20210122,120.200673,22.981343,交通事故,交叉路口,臺南市中西區健康路段號水交社路,3,晴,50,交岔路,交叉路口,行車管制號誌,車與車,違反號誌管制或指揮
11001AC291B2180,20210122,120.188292,22.993958,交通事故,交叉路口,臺南市中西區金華新路段號府前一街,1,陰,50,交岔路,交叉路口,閃光號誌,車與車,未依規定讓車
11001AC291B2193,20210122,120.208043,22.989086,交通事故,一般地址,臺南市中西區府前路1段120號,1,陰,50,單路部分,路段,無號誌,車與車,未注意車前狀態
11001AC291B2203,20210116,120.21174,22.993812,交通事故,其他,臺南市中西區段號北門路一段182號對面,3,晴,50,單路部分,路段,無號誌,人與汽(機)車,未依規定行走行人穿越道、地下道、天橋而穿越道路
11001AC291B2214,20210117,120.19499,22.994842,交通事故,交叉路口,臺南市中西區康樂街段號正興街,1,陰,50,交岔路,交叉路口,閃光號誌,車與車,未依規定讓車
11001AC291B2215,20210123,120.203958,22.995955,交通事故,交叉路口,臺南市中西區忠義路2段號忠義路2158,2,晴,50,交岔路,交叉路口,無號誌,車與車,未依規定讓車
11001AC291B2218,20210122,120.186844,23.000437,交通事故,交叉路口,臺南市中西區中華西路段號中華西路629,1,晴,50,交岔路,交叉路口,行車管制號誌,車與車,未依規定讓車
11001AC291B2228,20210117,120.203369,22.998879,交通事故,交叉路口,臺南市中西區成功路段號長北街,1,晴,40,交岔路,交叉路口,行車管制號誌(附設行人專用號誌),車與車,違反號誌管制或指揮
11001AC291B2263,20210123,120.186905,22.992656,交通事故,交叉路口,臺南市中西區中華西路段號府前路,2,晴,50,交岔路,交叉路口,行車管制號誌,車與車,變換車道或方向不當
11001AC291B2266,20210123,120.20763,22.989059,交通事故,交叉路口,臺南市中西區府前路段號城隍街,1,晴,50,交岔路,交叉路口,無號誌,車與車,未依規定讓車
11001AC291B2286,20210123,120.177593,23.003235,交通事故,交叉路口,臺南市中西區西賢一街段號西賢一街212,1,晴,50,交岔路,交叉路口,無號誌,車與車,迴轉未依規定
11001AC291B2294,20210123,120.189658,22.992109,交通事故,交叉路口,臺南市中西區府前路段號永華一街,1,晴,50,交岔路,交叉路口,行車管制號誌,車與車,未保持行車安全距離
11001AC291B2297,20210123,120.190277,23.001803,交通事故,交叉路口,臺南市中西區和善街段號文和街,1,晴,30,交岔路,交叉路口,閃光號誌,車與車,未依規定讓車
11001AC291B2302,20210103,120.194962,22.987526,交通事故,交叉路口,臺南市中西區海安路段號永華路,2,晴,50,交岔路,交叉路口,行車管制號誌(附設行人專用號誌),車與車,未注意車前狀態
11001AC291B2304,20210106,120.195969,22.993207,交通事故,交叉路口,臺南市中西區中正路段號海安路,1,晴,50,交岔路,交叉路口,行車管制號誌(附設行人專用號誌),車與車,未注意車前狀態
11001AC291B2306,20210114,120.198288,22.994941,交通事故,一般地址,臺南市中西區民生路2段36號,2,晴,50,單路部分,路段,無號誌,車與車,未保持行車安全距離
11001AC291B2307,20210115,120.186933,23.002155,交通事故,交叉路口,臺南市中西區中華西路段號中華西路2550,1,晴,60,交岔路,交叉路口,行車管制號誌(附設行人專用號誌),車與車,逆向行駛
11001AC291B2308,20210120,120.207196,22.991783,交通事故,交叉路口,臺南市中西區友愛東街段號開山路3,2,晴,30,交岔路,交叉路口,無號誌,車與車,未依規定讓車
11001AC291B2309,20210120,120.176248,23.003859,交通事故,交叉路口,臺南市中西區西賢二街段號西賢二街187,1,晴,30,交岔路,交叉路口,無號誌,車與車,未依規定讓車
11001AC291B2312,20210120,120.199936,22.996598,交通事故,一般地址,臺南市中西區西門路2段290號,1,晴,40,單路部分,路段,無號誌,車與車,未保持行車安全距離
11001AC291B2315,20210121,120.196008,23.001375,交通事故,交叉路口,臺南市中西區金華路段號成功路,2,晴,50,交岔路,交叉路口,行車管制號誌(附設行人專用號誌),車與車,未保持行車安全距離
11001AC291B2316,20210121,120.196521,22.990807,交通事故,交叉路口,臺南市中西區府前路段號府前路240,1,晴,50,交岔路,交叉路口,無號誌,車與車,倒車未依規定
11001AC291B2348,20210118,120.192269,22.989134,交通事故,交叉路口,臺南市中西區金華路段號武英街,1,晴,50,交岔路,交叉路口,行車管制號誌,車與車,未注意車前狀態
11001AC291B2356,20210118,120.206908,22.981346,交通事故,一般地址,臺南市中西區健康路1段174號,1,晴,50,單路部分,路段,無號誌,車與車,未保持行車安全距離
11001AC291B2357,20210108,120.1965,22.995362,交通事故,交叉路口,臺南市中西區海安路段號民生路,2,晴,50,交岔路,交叉路口,行車管制號誌,車與車,其他引起事故之違規或不當行為
11001AC291B2361,20210118,120.211817,22.995109,交通事故,一般地址,臺南市中西區北門路1段129號,1,晴,50,單路部分,路段,無號誌,車與車,開啟車門不當而肇事
11001AC291B2382,20210122,120.209026,22.991912,交通事故,交叉路口,臺南市中西區青年路段號城隍街,1,晴,50,交岔路,交叉路口,行車管制號誌,車與車,迴轉未依規定
11001AC291B2383,20210119,120.206931,22.99803,交通事故,交叉路口,臺南市中西區成功路段號公園路,1,晴,50,交岔路,交叉路口,行車管制號誌,車與車,未依規定讓車
11001AC291B2388,20210124,120.197982,22.991187,交通事故,交叉路口,臺南市中西區西門路1段號尊王路,2,晴,50,交岔路,交叉路口,無號誌,車與車,未依規定讓車
11001AC291B2404,20210109,120.211812,22.981666,交通事故,交叉路口,臺南市中西區大同路1段號大同路1250,2,晴,50,交岔路,交叉路口,無號誌,車與車,未依規定讓車
11001AC291B2424,20210124,120.211167,22.984865,交通事故,交叉路口,臺南市中西區大同路段號開山路,3,晴,50,交岔路,交叉路口,行車管制號誌,車與車,右轉彎未依規定
11001AC291B2437,20210117,120.201252,22.993849,交通事故,交叉路口,臺南市中西區民生路段號永福路,3,晴,50,交岔路,交叉路口,行車管制號誌,車與車,左轉彎未依規定
11001AC291B2461,20210119,120.189285,23.000732,交通事故,交叉路口,臺南市中西區西和路段號和真街,1,晴,50,交岔路,交叉路口,行車管制號誌,人與汽(機)車,未注意車前狀態
11001AC291B2469,20210119,120.195334,22.990497,交通事故,交叉路口,臺南市中西區海安路段號保安路,1,晴,50,交岔路,交叉路口,行車管制號誌,車與車,違反號誌管制或指揮
11001AC291B2482,20210125,120.199746,22.982588,交通事故,其他,臺南市中西區段號五妃街309巷口,3,晴,50,交岔路,交叉路口,無號誌,車與車,其他引起事故之違規或不當行為
11001AC291B2512,20210117,120.196367,22.988565,交通事故,交叉路口,臺南市中西區國華街段號西門路1703,1,晴,50,交岔路,交叉路口,行車管制號誌,車與車,其他引起事故之違規或不當行為
11001AC291B2514,20210124,120.205524,22.992418,交通事故,其他,臺南市中西區段號民生綠園青年路口,1,晴,40,交岔路,交叉路口,行車管制號誌,車與車,違規超車
11001AC291B2572,20210126,120.196065,23.001423,交通事故,交叉路口,臺南市中西區金華路段號成功路,1,晴,50,交岔路,交叉路口,行車管制號誌,車與車,未依規定讓車
11001AC291B2601,20210114,120.193697,23.001475,交通事故,其他,臺南市中西區段號臨安路一段212巷口,2,晴,50,交岔路,交叉路口,無號誌,車與車,起步未注意其他車(人)安全
11001AC291B2629,20210116,120.200606,22.991223,交通事故,交叉路口,臺南市中西區永福路段號友愛街,1,晴,50,交岔路,交叉路口,閃光號誌,車與車,未依規定讓車
11001AC291B2671,20210120,120.200184,22.986814,交通事故,一般地址,臺南市中西區永福路1段60號0,1,晴,50,單路部分,路段,無號誌,車與車,未注意車前狀態
11001AC291B2678,20210117,120.197767,22.990038,交通事故,交叉路口,臺南市中西區西門路段號民權路,2,晴,50,交岔路,交叉路口,行車管制號誌,車與車,未依規定讓車
11001AC291B2681,20210120,120.193932,22.99604,交通事故,交叉路口,臺南市中西區金華路段號民生路,1,晴,50,交岔路,交叉路口,行車管制號誌,車與車,未保持行車安全間隔
11001AC291B2714,20210120,120.194445,22.992344,交通事故,一般地址,臺南市中西區康樂街段90號,1,晴,50,單路部分,路段,無號誌,汽(機)車本身,車輛零件脫落
11001AC291B2734,20210112,120.19758,22.988496,交通事故,交叉路口,臺南市中西區西門路段號和意路,1,晴,50,交岔路,交叉路口,行車管制號誌,車與車,未依規定讓車
11001AC291B2742,20210107,120.205421,22.981379,交通事故,交叉路口,臺南市中西區建康路1段號慶中街,2,雨,50,交岔路,交叉路口,無號誌,車與車,未注意車前狀態
11001AC291B2765,20210113,120.198614,23.000453,交通事故,交叉路口,臺南市中西區海安路段號成功路,2,晴,50,單路部分,路段,無號誌,車與車,開啟車門不當而肇事
11001AC291B2784,20210122,120.2104,22.988944,交通事故,交叉路口,臺南市中西區府前路段號大同路122,1,雨,30,交岔路,交叉路口,無號誌,車與車,未依規定讓車
11001AC291B2797,20210122,120.186874,23.003359,交通事故,交叉路口,臺南市中西區中華西路段號西湖街,1,晴,60,交岔路,路段,閃光號誌,車與車,未注意車前狀態
11001AC291B2811,20210123,120.186081,23.006691,交通事故,交叉路口,臺南市中西區中華西路段號和緯路,1,陰,40,交岔路,路段,行車管制號誌(附設行人專用號誌),車與車,未注意車前狀態
11001AC291B2821,20210128,120.207719,22.988878,交通事故,交叉路口,臺南市中西區開山路段號建業街,2,晴,50,交岔路,交叉路口,行車管制號誌,車與車,其他引起事故之違規或不當行為
11001AC291B2838,20210128,120.208449,22.994773,交通事故,交叉路口,臺南市中西區中山路段號民族路,1,晴,50,交岔路,交叉路口,行車管制號誌,車與車,未依規定讓車
11001AC291B2847,20210128,120.197358,22.987962,交通事故,一般地址,臺南市中西區西門路1段701號0,1,晴,50,單路部分,路段,無號誌,車與車,起步未注意其他車(人)安全
11001AC291B2848,20210128,120.194995,22.988606,交通事故,交叉路口,臺南市中西區海安路段號建安街,1,晴,40,交岔路,交叉路口,行車管制號誌,車與車,未保持行車安全距離
11001AC291B2863,20210128,120.19666,22.989913,交通事故,交叉路口,臺南市中西區國華街段號西門路1761,2,晴,50,交岔路,交叉路口,無號誌,車與車,未依規定讓車
11001AC291B2877,20210128,120.196177,22.995458,交通事故,一般地址,臺南市中西區民生路2段116號,2,晴,50,單路部分,路段,無號誌,車與車,違規超車
11001AC291B2883,20210128,120.190432,22.997395,交通事故,一般地址,臺南市中西區民生路2段324號,1,陰,50,單路部分,路段,無號誌,車與車,未注意車前狀態
11001AC291B2922,20210128,120.208165,22.988981,交通事故,其他,臺南市中西區段號府前路1段116號前,1,晴,50,交岔路,交叉路口,無號誌,車與車,橫越道路不慎
11001AC291B2965,20210129,120.204608,22.989037,交通事故,交叉路口,臺南市中西區南門路段號府前路,1,晴,50,交岔路,交叉路口,行車管制號誌,車與車,未依規定讓車
11001AC291B2980,20210129,120.200142,22.982586,交通事故,交叉路口,臺南市中西區五妃街段號永福路1,1,晴,50,交岔路,交叉路口,行車管制號誌,車與車,左轉彎未依規定
11001AC291B2983,20210128,120.208597,22.987807,交通事故,其他,臺南市中西區段號開山路169號,1,晴,50,單路部分,其他,無號誌,汽(機)車本身,不明原因肇事
11001AC291B2984,20210116,120.187071,22.989052,交通事故,交叉路口,臺南市中西區中華西路段號永華路,1,晴,40,交岔路,路段,行車管制號誌(附設行人專用號誌),車與車,左轉彎未依規定
11001AC291B2987,20210128,120.205411,22.994266,交通事故,交叉路口,臺南市中西區公園路段號民權路2,3,晴,50,交岔路,交叉路口,行車管制號誌(附設行人專用號誌),車與車,右轉彎未依規定
11001AC291B2996,20210129,120.18757,22.992477,交通事故,交叉路口,臺南市中西區府前路二段段號府前二街,1,晴,50,交岔路,交叉路口,閃光號誌,車與車,起步未注意其他車(人)安全
11001AC291B3006,20210129,120.205857,22.988898,交通事故,其他,臺南市中西區段號府前路一段161號,2,晴,50,單路部分,路段,無號誌,車與車,未注意車前狀態
11001AC291B3014,20210122,120.210284,22.982537,交通事故,交叉路口,臺南市中西區五妃街段號五妃街40,2,晴,33,交岔路,交叉路口,無號誌,車與車,左轉彎未依規定
11001AC291B3019,20210127,120.193219,22.993251,交通事故,交叉路口,臺南市中西區金華路段號金華新路,2,晴,50,交岔路,交叉路口,行車管制號誌(附設行人專用號誌),車與車,未保持行車安全距離
11001AC291B3021,20210126,120.204945,22.992052,交通事故,交叉路口,臺南市中西區民生綠園圓環段號南門路,1,晴,50,交岔路,交叉路口,行車管制號誌(附設行人專用號誌),車與車,未注意車前狀態
11001AC291B3128,20210123,120.198121,22.996549,交通事故,交叉路口,臺南市中西區民權路段號仁愛街,1,晴,30,交岔路,交叉路口,無號誌,車與車,未依規定讓車
11001AC291B3133,20210123,120.191018,22.988332,交通事故,交叉路口,臺南市中西區永華路段號南華街,2,晴,50,交岔路,交叉路口,行車管制號誌,車與車,未依規定讓車
11001AC291B3136,20210104,120.209059,22.991912,交通事故,交叉路口,臺南市中西區青年路段號城隍街,1,晴,40,交岔路,交叉路口,行車管制號誌,車與車,左轉彎未依規定
11001AC291B3177,20210130,120.199513,22.998896,交通事故,交叉路口,臺南市中西區郡緯街段號國華街3,1,晴,40,交岔路,交叉路口,閃光號誌,車與車,未依規定讓車
11001AC291B3192,20210113,120.192558,23.005372,交通事故,一般地址,臺南市中西區武聖路段37號,1,晴,50,單路部分,路段,無號誌,汽(機)車本身,尚未發現肇事因素
11001AC291B3200,20210130,120.195918,22.997309,交通事故,交叉路口,臺南市中西區康樂街段號民權路3,1,晴,50,交岔路,交叉路口,行車管制號誌,車與車,違反號誌管制或指揮
11001AC291B3213,20210130,120.198683,22.993077,交通事故,一般地址,臺南市中西區西門路2段133號,1,晴,50,單路部分,路段,無號誌,車與車,未保持行車安全距離
11001AC291B3225,20210131,120.206588,22.997433,交通事故,一般地址,臺南市中西區公園路段125號,1,晴,50,單路部分,路段,無號誌,車與車,左轉彎未依規定
11001AC291B3263,20210131,120.210528,22.992107,交通事故,交叉路口,臺南市中西區萬昌街段號興華街,1,晴,30,交岔路,交叉路口,閃光號誌,車與車,未依規定讓車
11001AC291B3305,20210127,120.203778,22.981386,交通事故,交叉路口,臺南市中西區南門路段號健康路,1,晴,50,交岔路,交叉路口,行車管制號誌,車與車,未依規定讓車
11001AC291B3308,20210114,120.205411,22.994266,交通事故,交叉路口,臺南市中西區公園路段號民權路,2,晴,50,交岔路,路段,行車管制號誌,車與車,變換車道或方向不當
11001AC291B3342,20210120,120.205364,22.992203,交通事故,交叉路口,臺南市中西區民生綠園圓環段號開山路,1,晴,50,交岔路,交叉路口,行車管制號誌,車與車,違反號誌管制或指揮
11001AC291B3346,20210121,120.200569,22.995859,交通事故,交叉路口,臺南市中西區民權路段號新美街,1,晴,50,交岔路,交叉路口,無號誌,車與車,未依規定讓車
11001AC291B3349,20210115,120.19776,22.990472,交通事故,交叉路口,臺南市中西區西門路段號府前路,1,晴,50,交岔路,交叉路口,行車管制號誌,汽(機)車本身,其他引起事故之違規或不當行為
11001AC291B3361,20210124,120.211365,22.988538,交通事故,交叉路口,臺南市中西區東門圓環段號大同路,1,晴,50,交岔路,交叉路口,行車管制號誌,車與車,違反號誌管制或指揮
11001AC291B3362,20210124,120.196153,23.001357,交通事故,交叉路口,臺南市中西區成功路段號金華路,1,晴,50,單路部分,路段,無號誌,車與車,未注意車前狀態
11001AC291B3368,20210103,120.186631,23.005402,交通事故,其他,臺南市中西區段號中華西路2段646巷口,3,晴,50,交岔路,交叉路口,無號誌,車與車,未依規定讓車
11001AC291B3370,20210127,120.196065,23.001428,交通事故,交叉路口,臺南市中西區金華路段號成功路,1,晴,50,交岔路,交叉路口,行車管制號誌,車與車,尚未發現肇事因素
11001AC291B3379,20210126,120.200569,22.995859,交通事故,交叉路口,臺南市中西區民權路段號新美街,2,晴,50,交岔路,交叉路口,無號誌,車與車,未依規定讓車
11001AC291B3421,20210125,120.207147,22.98898,交通事故,一般地址,臺南市中西區府前路1段148號,1,晴,50,交岔路,交叉路口,行車管制號誌,車與車,起步未注意其他車(人)安全
11001AC291B3439,20210123,120.211693,22.992791,交通事故,交叉路口,臺南市中西區北門路段號衛民街,1,晴,50,交岔路,路段,行車管制號誌(附設行人專用號誌),車與車,倒車未依規定
11001AC291B3473,20210128,120.18664,23.005428,交通事故,交叉路口,臺南市中西區中華西路2段號中華西路2646,2,陰,50,交岔路,路段,無號誌,車與車,其他引起事故之違規或不當行為
11001AC291B3488,20210127,120.200672,22.99847,交通事故,交叉路口,臺南市中西區西門路段號郡緯街,1,晴,50,交岔路,交叉路口,行車管制號誌(附設行人專用號誌),車與車,右轉彎未依規定
11001AC291B3494,20210125,120.208414,22.994837,交通事故,交叉路口,臺南市中西區中山路段號民族路,1,晴,50,交岔路,交叉路口,行車管制號誌,車與車,倒車未依規定
11001AC291B3499,20210118,120.200119,22.982592,交通事故,交叉路口,臺南市中西區永福路段號五妃街,1,晴,50,交岔路,交叉路口,行車管制號誌,車與車,未依規定讓車
11001AC291B3502,20210101,120.19776,22.990484,交通事故,交叉路口,臺南市中西區西門路二段段號府前路二段,2,晴,50,交岔路,交叉路口,行車管制號誌,車與車,左轉彎未依規定
11001AC291B3504,20210118,120.203804,22.982607,交通事故,交叉路口,臺南市中西區南門路段號五妃街,2,晴,50,交岔路,交叉路口,行車管制號誌,車與車,未保持行車安全間隔
11001AC291B3505,20210127,120.205021,22.985375,交通事故,一般地址,臺南市中西區南門路段18717號,2,晴,30,交岔路,交叉路口,行車管制號誌,車與車,未依規定讓車
11001AC291B3510,20210118,120.201352,22.989721,交通事故,其他,臺南市中西區段號府前路1段美術2館停車場前,1,晴,50,交岔路,交叉路口,無號誌,車與車,未依規定讓車
11001AC291B3519,20210128,120.210145,22.99747,交通事故,交叉路口,臺南市中西區成功路段號西華南街,2,晴,50,交岔路,交叉路口,行車管制號誌(附設行人專用號誌),車與車,違反號誌管制或指揮
11001AC291B3521,20210128,120.200108,22.983843,交通事故,交叉路口,臺南市中西區永福路段號府緯街,1,晴,50,交岔路,交叉路口,閃光號誌,車與車,未依規定讓車
11001AC291B3547,20210128,120.186312,23.00676,交通事故,交叉路口,臺南市中西區中華西路段號和緯路,1,晴,60,交岔路,交叉路口,行車管制號誌(附設行人專用號誌),車與車,未注意車前狀態
11001AC291B3634,20210120,120.196135,22.993229,交通事故,交叉路口,臺南市中西區海安路段號中正路,1,晴,50,交岔路,交叉路口,行車管制號誌,車與車,左轉彎未依規定
11001AC291B3641,20210120,120.200121,22.986321,交通事故,交叉路口,臺南市中西區永福路段號樹林街,1,晴,50,交岔路,其他,行車管制號誌,車與車,其他引起事故之違規或不當行為
11001AC291B3668,20210115,120.202099,22.999392,交通事故,交叉路口,臺南市中西區成功路段號新美街,1,晴,50,交岔路,交叉路口,行車管制號誌,人與汽(機)車,搶越行人穿越道
11001AC291B3687,20210122,120.205041,22.994363,交通事故,一般地址,臺南市中西區民權路2段71號,1,陰,50,單路部分,路段,無號誌,車與車,未注意車前狀態
11001AC291B3692,20210130,120.211335,22.987387,交通事故,交叉路口,臺南市中西區大同路1段號大同路156,2,晴,50,交岔路,交叉路口,閃光號誌,車與車,變換車道或方向不當
11001AC291B3703,20210126,120.206057,22.991284,交通事故,交叉路口,臺南市中西區開山路段號開山路29,1,晴,50,交岔路,交叉路口,無號誌,汽(機)車本身,未注意車前狀態
11001AC291B3704,20210128,120.19204,22.988118,交通事故,交叉路口,臺南市中西區金華路段號永華路,1,晴,50,交岔路,交叉路口,行車管制號誌(附設行人專用號誌),車與車,未注意車前狀態
11001AC291B3706,20210108,120.165441,23.00248,交通事故,一般地址,臺南市中西區民權路4段851號,1,晴,50,交岔路,交叉路口,行車管制號誌,車與車,未依規定讓車
11001AC291B3707,20210109,120.203371,22.998884,交通事故,交叉路口,臺南市中西區成功路段號長北街,1,晴,50,交岔路,交叉路口,行車管制號誌,汽(機)車本身,未注意車前狀態
11001AC291B3719,20210124,120.197667,22.98634,交通事故,交叉路口,臺南市中西區西門路段號樹林街,1,晴,50,交岔路,交叉路口,行車管制號誌,車與車,未注意車前狀態
11001AC291B3723,20210125,120.191523,22.997977,交通事故,交叉路口,臺南市中西區民權路3段號大新街,3,晴,50,交岔路,交叉路口,無號誌,車與車,未依規定讓車
11001AC291B3737,20210130,120.211578,22.991531,交通事故,交叉路口,臺南市中西區北門路段號青年路,2,晴,50,交岔路,交叉路口,行車管制號誌,車與車,違反號誌管制或指揮
11001AC291B3744,20210106,120.19932,22.998406,交通事故,交叉路口,臺南市中西區國華街三段段號慈聖街,2,晴,50,交岔路,交叉路口,無號誌,車與車,開啟車門不當而肇事
11001AC291B3765,20210109,120.210939,22.981337,交通事故,一般地址,臺南市中西區健康路1段28號,1,晴,50,單路部分,路段,無號誌,車與車,未保持行車安全間隔
11001AC291B3770,20210109,120.201732,22.995385,交通事故,交叉路口,臺南市中西區民權路段號永福路,1,晴,50,單路部分,路段,無號誌,車與車,未保持行車安全距離
11001AC291B3798,20210130,120.200112,22.985061,交通事故,交叉路口,臺南市中西區永福路段號南寧街,1,晴,50,交岔路,交叉路口,行車管制號誌,車與車,未依規定讓車
11001AC291B3811,20210124,120.194761,22.991152,交通事故,交叉路口,臺南市中西區府前路段號郡西路,1,晴,50,交岔路,交叉路口,行車管制號誌(附設行人專用號誌),車與車,違反號誌管制或指揮
11001AC291B3812,20210122,120.198,22.992846,交通事故,交叉路口,臺南市中西區中正路段號中正路199,1,晴,30,交岔路,交叉路口,無號誌,車與車,未依規定讓車
11001AC291B3836,20210121,120.187186,23.001377,交通事故,一般地址,臺南市中西區中華西路2段462號,1,晴,50,單路部分,路段,無號誌,車與車,起步未注意其他車(人)安全