案件編號,發生日期,GPS經度,GPS緯度,案件類別名稱,地址類型名稱,發生縣市名稱,受傷人數,天候名稱, 速限-第1當事者,道路型態大類別名稱,事故位置大類別名稱,號誌-號誌種類名稱,事故類型及型態大類別名稱,肇因研判子類別名稱-主要
11001AC291B3840,20210107,120.18841,22.997678,交通事故,一般地址,臺南市中西區民生路2段388號,2,晴,50,交岔路,交叉路口,無號誌,車與車,違反特定標誌(線)禁制
11001AC291B3841,20210130,120.191022,22.997458,交通事故,一般地址,臺南市中西區西寧街段48號,2,晴,30,交岔路,交叉路口,無號誌,車與車,未依規定讓車
11001AC291B3842,20210130,120.189247,22.992173,交通事故,交叉路口,臺南市中西區府前路段號美學街,1,晴,50,交岔路,其他,行車管制號誌,人與汽(機)車,未注意車前狀態
11001AC291B3847,20210130,120.193406,22.994007,交通事故,交叉路口,臺南市中西區金華路段號中正路,1,晴,50,交岔路,交叉路口,行車管制號誌,車與車,違反特定標誌(線)禁制
11001AC291B3852,20210131,120.187722,22.995384,交通事故,交叉路口,臺南市中西區府前一街段號星鑽街,1,晴,30,交岔路,交叉路口,閃光號誌,車與車,未依規定讓車
11001AC291B3865,20210126,120.18944,23.006172,交通事故,交叉路口,臺南市中西區武聖路段197號武聖路15110,1,晴,30,交岔路,交叉路口,無號誌,車與車,未依規定讓車
11001AC291B3877,20210113,120.211347,22.988198,交通事故,一般地址,臺南市中西區大同路1段12號,1,晴,50,單路部分,路段,無號誌,車與車,逆向行駛
11001AC291B3879,20210109,120.203483,22.99488,交通事故,交叉路口,臺南市中西區民權路段號忠義路,2,晴,50,交岔路,交叉路口,行車管制號誌,車與車,逆向行駛
11001AC291B3890,20210114,120.194428,22.992473,交通事故,交叉路口,臺南市中西區康樂街段號友愛街,1,晴,50,交岔路,交叉路口,行車管制號誌(附設行人專用號誌),車與車,變換車道或方向不當
11001AC291B3892,20210111,120.199615,22.995976,交通事故,交叉路口,臺南市中西區西門路段號民權路,2,晴,50,交岔路,交叉路口,行車管制號誌,車與車,未依規定讓車
11001AC291B3894,20210115,120.201217,22.999313,交通事故,一般地址,臺南市中西區西門路2段418號,1,晴,50,單路部分,路段,無號誌,車與車,未注意車前狀態
11001AC291B3901,20210115,120.200003,23.000057,交通事故,交叉路口,臺南市中西區成功路段號國華街,1,晴,50,交岔路,交叉路口,行車管制號誌(附設行人專用號誌),車與車,未注意車前狀態
11001AC291B3903,20210116,120.208313,22.98631,交通事故,交叉路口,臺南市中西區樹林街段號大埔街89,2,晴,50,交岔路,交叉路口,閃光號誌,車與車,未依規定讓車
11001AC291B3904,20210117,120.203093,22.994906,交通事故,一般地址,臺南市中西區民權路2段138號,2,晴,50,單路部分,路段,無號誌,車與車,未保持行車安全距離
11001AC291B3910,20210111,120.186763,23.004829,交通事故,一般地址,臺南市中西區中華西路二段段616號,1,晴,60,單路部分,路段,無號誌,車與車,未保持行車安全間隔
11001AC291B3914,20210119,120.183063,23.005335,交通事故,交叉路口,臺南市中西區和緯路5段號和緯路5161,1,晴,50,交岔路,交叉路口,無號誌,車與車,未依規定讓車
11001AC291B3915,20210112,120.192973,22.992212,交通事故,交叉路口,臺南市中西區金華路三段段號尊王路,2,晴,50,交岔路,交叉路口,行車管制號誌(附設行人專用號誌),車與車,未依規定讓車
11001AC291B3917,20210113,120.191036,22.993716,交通事故,交叉路口,臺南市中西區金華新路段號星鑽街,1,晴,50,交岔路,其他,行車管制號誌(附設行人專用號誌),人與汽(機)車,未注意車前狀態
11001AC291B3918,20210118,120.194541,22.993026,交通事故,交叉路口,臺南市中西區金華新路段號康樂街,2,晴,50,交岔路,交叉路口,閃光號誌,車與車,未依規定讓車
11001AC291B3919,20210120,120.200344,22.989935,交通事故,交叉路口,臺南市中西區府前路一段段號永華路一段,1,晴,50,交岔路,交叉路口,行車管制號誌(附設行人專用號誌),車與車,未依規定讓車
11001AC291B3924,20210120,120.186695,22.997925,交通事故,交叉路口,臺南市中西區中華西路段號民生路2,1,晴,50,交岔路,交叉路口,行車管制號誌(附設行人專用號誌),車與車,未保持行車安全間隔
11001AC291B3929,20210121,120.20613,22.991104,交通事故,交叉路口,臺南市中西區開山路段號友愛街,1,晴,50,交岔路,交叉路口,行車管制號誌,車與車,違反號誌管制或指揮
11001AC291B3931,20210129,120.202889,22.999036,交通事故,交叉路口,臺南市中西區成功路段號赤崁街,1,晴,50,交岔路,路段,行車管制號誌(附設行人專用號誌),車與車,變換車道或方向不當
11001AC291B3947,20210115,120.207938,22.994947,交通事故,一般地址,臺南市中西區民族路2段125號,1,晴,50,單路部分,路段,無號誌,車與車,變換車道或方向不當
11001AC291B3951,20210119,120.200573,22.997432,交通事故,交叉路口,臺南市中西區西門路段號民族路,1,晴,50,交岔路,交叉路口,行車管制號誌,車與車,未注意車前狀態
11001AC291B3958,20210119,120.198215,22.986328,交通事故,其他,臺南市中西區段號樹林街(南英商工後門),1,晴,50,單路部分,路段,無號誌,車與車,未注意車前狀態
11001AC291B3959,20210124,120.200107,22.992461,交通事故,一般地址,臺南市中西區中正路段102號,3,晴,50,單路部分,路段,無號誌,車與車,未注意車前狀態
11001AC291B3963,20210127,120.206647,22.993653,交通事故,一般地址,臺南市中西區民權路2段3號,1,晴,50,單路部分,路段,無號誌,車與車,開啟車門不當而肇事
11001AC291B3964,20210130,120.186835,23.000452,交通事故,一般地址,臺南市中西區中華西路二段段631號,1,晴,60,交岔路,交叉路口,行車管制號誌,車與車,未依規定讓車
11001AC291B3965,20210130,120.19621,22.995374,交通事故,一般地址,臺南市中西區民生路2段117號,3,晴,50,單路部分,路段,無號誌,車與車,未保持行車安全距離
11001AC291B3966,20210131,120.203729,22.994793,交通事故,一般地址,臺南市中西區民權路2段137號,2,晴,50,單路部分,路段,無號誌,車與車,橫越道路不慎
11001AC291B3967,20210131,120.197482,22.994952,交通事故,交叉路口,臺南市中西區民生路段號仁愛街,2,晴,50,交岔路,交叉路口,閃光號誌,車與車,未依規定讓車
11001AC291B3979,20210123,120.198286,22.99175,交通事故,交叉路口,臺南市中西區西門路段號友愛街,2,晴,50,交岔路,交叉路口,行車管制號誌,車與車,違反號誌管制或指揮
11001AC291B3986,20210120,120.197489,22.987399,交通事故,交叉路口,臺南市中西區西門路段號永華路,2,晴,50,交岔路,交叉路口,行車管制號誌,車與車,未保持行車安全距離
11001AC291B4024,20210121,120.204592,22.997882,交通事故,一般地址,臺南市中西區忠義路2段231號,1,晴,50,交岔路,交叉路口,無號誌,車與車,變換車道或方向不當
11001AC291B4027,20210122,120.199962,22.992649,交通事故,一般地址,臺南市中西區中正路段112號,1,晴,50,單路部分,路段,無號誌,車與車,未注意車前狀態
11001AC291B4029,20210127,120.198288,22.994941,交通事故,一般地址,臺南市中西區民生路2段36號,3,晴,50,單路部分,路段,無號誌,車與車,違規超車
11001AC291B4030,20210124,120.209374,22.98891,交通事故,其他,臺南市中西區段號府前路一段85巷口,1,晴,50,交岔路,路段,無號誌,車與車,變換車道或方向不當
11001AC291B4031,20210127,120.197705,22.994266,交通事故,交叉路口,臺南市中西區國華街段號正興街,2,晴,50,交岔路,交叉路口,無號誌,車與車,未依規定讓車
11001AC291B4032,20210111,120.204723,22.990029,交通事故,交叉路口,臺南市中西區南門路段號府中街,1,晴,50,交岔路,交叉路口,行車管制號誌,車與車,未保持行車安全距離
11001AC291B4033,20210126,120.195086,22.988621,交通事故,交叉路口,臺南市中西區海安路段號建安街,2,晴,50,交岔路,交叉路口,行車管制號誌,車與車,變換車道或方向不當
11001AC291B4044,20210120,120.198665,22.997012,交通事故,一般地址,臺南市中西區國華街3段145號,1,晴,50,單路部分,路段,無號誌,車與車,起步未注意其他車(人)安全
11001AC291B4045,20210128,120.210967,22.981259,交通事故,一般地址,臺南市中西區健康路1段26號,1,晴,50,單路部分,路段,無號誌,車與車,未注意車前狀態
11001AC391B0021,20210101,120.198888,23.04394,交通事故,其他,臺南市安南區段號怡安路二段果菜市場前,1,晴,50,交岔路,交叉路口,無號誌,車與車,起步未注意其他車(人)安全
11001AC391B0036,20210101,120.209789,23.026872,交通事故,交叉路口,臺南市安南區郡安路4段89號惠安街,1,晴,50,交岔路,交叉路口,閃光號誌,車與車,未依規定讓車
11001AC391B0058,20210102,120.181987,23.048157,交通事故,一般地址,臺南市安南區功安二街段5號,1,晴,30,單路部分,路段,無號誌,車與車,未注意車前狀態
11001AC391B0067,20210102,120.144513,23.038499,交通事故,一般地址,臺南市安南區工業五路段13號,1,晴,50,單路部分,路段,無號誌,車與車,未依規定讓車
11001AC391B0078,20210102,120.214559,23.028306,交通事故,一般地址,臺南市安南區安和路1段122號0,1,晴,50,單路部分,路段,無號誌,車與車,未注意車前狀態
11001AC391B0125,20210102,120.130445,23.069121,交通事故,交叉路口,臺南市安南區城北路段號台江大道,2,晴,50,交岔路,交叉路口,行車管制號誌,車與車,逆向行駛
11001AC391B0128,20210101,120.157833,23.062327,交通事故,交叉路口,臺南市安南區台江大道段號育英街,1,晴,70,交岔路,交叉路口,行車管制號誌,車與車,未注意車前狀態
11001AC391B0144,20210103,120.191086,23.041301,交通事故,交叉路口,臺南市安南區同安路段167號同安路14520,1,晴,30,交岔路,交叉路口,無號誌,車與車,未依規定讓車
11001AC391B0149,20210103,120.201845,23.056634,交通事故,其他,臺南市安南區段號長溪路二段,2,晴,50,交岔路,交叉路口,無號誌,車與車,變換車道或方向不當
11001AC391B0184,20210104,120.243729,23.063717,交通事故,交叉路口,臺南市安南區慶和路段號慶和東路,2,晴,50,交岔路,交叉路口,無號誌,車與車,違反特定標誌(線)禁制
11001AC391B0190,20210104,120.187474,23.038408,交通事故,交叉路口,臺南市安南區海尾路段號海佃路2307,1,晴,50,交岔路,交叉路口,閃光號誌,車與車,未依規定讓車
11001AC391B0216,20210103,120.229489,23.049368,交通事故,交叉路口,臺南市安南區台江大道1段號防汛道路,2,晴,50,交岔路,交叉路口,行車管制號誌,車與車,不明原因肇事
11001AC391B0220,20210103,120.202406,23.039032,交通事故,交叉路口,臺南市安南區安中路1段號安中路1703,2,晴,50,交岔路,交叉路口,行車管制號誌,車與車,未依規定讓車
11001AC391B0326,20210104,120.212776,23.048164,交通事故,交叉路口,臺南市安南區培安二街段號育安一街,2,晴,30,交岔路,交叉路口,無號誌,車與車,未依規定讓車
11001AC391B0398,20210106,120.245229,23.060477,交通事故,其他,臺南市安南區段號長和路一段2巷(東和高幹79右24),1,晴,30,單路部分,路段,無號誌,汽(機)車本身,未注意車前狀態
11001AC391B0431,20210101,120.204413,23.032276,交通事故,交叉路口,臺南市安南區北安路2段號慈安路,1,晴,50,交岔路,交叉路口,行車管制號誌,汽(機)車本身,未注意車前狀態
11001AC391B0435,20210101,120.181747,23.049634,交通事故,一般地址,臺南市安南區海佃路3段123號,2,晴,50,單路部分,路段,無號誌,車與車,變換車道或方向不當
11001AC391B0436,20210104,120.166064,23.031561,交通事故,其他,臺南市安南區段號安明路二段,1,晴,70,單路部分,路段,無號誌,車與車,未注意車前狀態
11001AC391B0443,20210107,120.222064,23.036147,交通事故,其他,臺南市安南區段號府安堤頂道路,1,陰,40,單路部分,路段,無號誌,車與車,未保持行車安全間隔
11001AC391B0490,20210105,120.194776,23.036855,交通事故,一般地址,臺南市安南區大安街段號,1,晴,30,交岔路,交叉路口,無號誌,汽(機)車本身,未注意車前狀態
11001AC391B0493,20210105,120.211702,23.034547,交通事故,一般地址,臺南市安南區長溪路1段69號,2,晴,50,單路部分,路段,無號誌,車與車,未保持行車安全距離
11001AC391B0525,20210108,120.216156,23.069338,交通事故,一般地址,臺南市安南區安和路5段336號,1,晴,60,交岔路,路段,行車管制號誌,汽(機)車本身,未注意車前狀態
11001AC391B0528,20210104,120.209831,23.028158,交通事故,交叉路口,臺南市安南區郡安路4段號郡安路4278,2,晴,50,交岔路,交叉路口,閃光號誌,車與車,未依規定讓車
11001AC391B0538,20210105,120.182326,23.013975,交通事故,交叉路口,臺南市安南區安明路段號府安路71,1,晴,70,交岔路,交叉路口,行車管制號誌,車與車,右轉彎未依規定
11001AC391B0544,20210108,120.21855,23.056083,交通事故,一般地址,臺南市安南區安和路4段257號,2,晴,50,單路部分,路段,無號誌,車與車,未依規定讓車
11001AC391B0556,20210108,120.229049,23.047037,交通事故,一般地址,臺南市安南區府安路堤頂大道段號,1,晴,40,單路部分,路段,無號誌,車與車,未保持行車安全距離
11001AC391B0563,20210102,120.214601,23.035277,交通事故,其他,臺南市安南區段號安和路二段2巷,2,晴,40,單路部分,路段,無號誌,車與車,橫越道路不慎
11001AC391B0581,20210108,120.144205,23.064575,交通事故,一般地址,臺南市安南區台江大道4段號,1,晴,50,交岔路,交叉路口,行車管制號誌,車與車,其他引起事故之違規或不當行為
11001AC391B0583,20210108,120.212558,23.033684,交通事故,交叉路口,臺南市安南區安和路1段號長溪路1,1,晴,60,單路部分,路段,無號誌,車與車,違反特定標誌(線)禁制
11001AC391B0589,20210108,120.185583,23.021607,交通事故,交叉路口,臺南市安南區郡安路段號國安街156,1,晴,50,交岔路,交叉路口,行車管制號誌,車與車,未注意車前狀態
11001AC391B0673,20210109,120.199905,23.057874,交通事故,一般地址,臺南市安南區本原街1段250208號,1,晴,30,單路部分,路段,無號誌,車與車,未保持行車安全間隔
11001AC391B0681,20210106,120.222249,23.053196,交通事故,交叉路口,臺南市安南區台江大道段號本原街1262,1,晴,50,交岔路,交叉路口,閃光號誌,車與車,未依規定讓車
11001AC391B0693,20210110,120.179478,23.050046,交通事故,交叉路口,臺南市安南區智安三街段號功安一街,1,晴,30,交岔路,交叉路口,無號誌,車與車,未依規定減速
11001AC391B0702,20210107,120.195486,23.033544,交通事故,交叉路口,臺南市安南區義安街段號義安街156,1,晴,30,交岔路,交叉路口,無號誌,車與車,未依規定讓車
11001AC391B0716,20210110,120.219309,23.059529,交通事故,其他,臺南市安南區段號台南市安南區安和路四段406巷9弄12號後方,1,晴,50,單路部分,路段,無號誌,車與車,起步未注意其他車(人)安全
11001AC391B0733,20210109,120.135296,23.076303,交通事故,一般地址,臺南市安南區安明路4段1154號,1,晴,70,單路部分,路段,無號誌,車與車,其他引起事故之違規或不當行為
11001AC391B0736,20210109,120.1866,23.027565,交通事故,交叉路口,臺南市安南區郡安路段號國安街156,1,晴,50,交岔路,交叉路口,行車管制號誌,車與車,左轉彎未依規定
11001AC391B0790,20210111,120.218717,23.06154,交通事故,一般地址,臺南市安南區安和路4段537號,1,晴,60,交岔路,交叉路口,行車管制號誌,車與車,其他引起事故之違規或不當行為
11001AC391B0800,20210105,120.212446,23.040797,交通事故,交叉路口,臺南市安南區培安路1段號怡安路1,2,晴,50,交岔路,交叉路口,行車管制號誌,車與車,右轉彎未依規定
11001AC391B0837,20210111,120.205406,23.025745,交通事故,交叉路口,臺南市安南區北安路2段號德安街,2,晴,50,交岔路,交叉路口,無號誌,車與車,未依規定讓車
11001AC391B0838,20210111,120.214256,23.028612,交通事故,一般地址,臺南市安南區安和路1段123號,1,晴,50,交岔路,交叉路口,無號誌,車與車,變換車道或方向不當
11001AC391B0840,20210111,120.158039,23.054526,交通事故,其他,臺南市安南區段號安中路四段B-M9101電桿,1,晴,50,單路部分,路段,無號誌,汽(機)車本身,疲勞(患病)駕駛失控
11001AC391B0847,20210111,120.133211,23.043305,交通事故,交叉路口,臺南市安南區北汕尾三路段號鹿耳門大道,1,晴,50,交岔路,交叉路口,無號誌,車與車,右轉彎未依規定
11001AC391B0859,20210111,120.17823,23.018557,交通事故,交叉路口,臺南市安南區安明路1段號九份子大道,1,晴,70,交岔路,交叉路口,行車管制號誌,車與車,違反號誌管制或指揮
11001AC391B0865,20210111,120.219007,23.05062,交通事故,交叉路口,臺南市安南區安和路段號總安街,2,晴,60,交岔路,交叉路口,行車管制號誌,車與車,右轉彎未依規定
11001AC391B0873,20210103,120.208101,23.024686,交通事故,一般地址,臺南市安南區府安路4段154號,1,晴,50,單路部分,路段,無號誌,車與車,未保持行車安全距離
11001AC391B0881,20210111,120.216608,23.043604,交通事故,一般地址,臺南市安南區安和路3段3號,1,陰,60,單路部分,路段,行車管制號誌,汽(機)車本身,不明原因肇事
11001AC391B0907,20210112,120.216755,23.070646,交通事故,其他,臺南市安南區段號安和路六段20巷106弄41號,1,晴,30,單路部分,路段,無號誌,車與車,起步未注意其他車(人)安全
11001AC391B0908,20210112,120.182258,23.023136,交通事故,交叉路口,臺南市安南區樂活路段號宜居三路,1,晴,50,交岔路,交叉路口,閃光號誌,車與車,未依規定讓車
11001AC391B0919,20210106,120.21438,23.037891,交通事故,一般地址,臺南市安南區安和路2段73號,2,晴,30,交岔路,交叉路口,無號誌,車與車,未依規定讓車
11001AC391B0921,20210112,120.19423,23.06903,交通事故,一般地址,臺南市安南區公學路2段22042號,1,晴,30,單路部分,路段,無號誌,汽(機)車本身,未注意車前狀態
11001AC391B0926,20210112,120.196113,23.032703,交通事故,其他,臺南市安南區段號義吉街與義安街142巷口,1,晴,30,交岔路,交叉路口,無號誌,車與車,未依規定讓車
11001AC391B0940,20210110,120.245792,23.061402,交通事故,交叉路口,臺南市安南區長和路1段2號大洲一號橋,1,晴,30,交岔路,交叉路口,行車管制號誌,汽(機)車本身,未注意車前狀態
11001AC391B0952,20210105,120.150614,23.04087,交通事故,一般地址,臺南市安南區科技一路段22號,2,晴,50,單路部分,路段,無號誌,車與車,起步未注意其他車(人)安全
11001AC391B0965,20210106,120.185837,23.055926,交通事故,一般地址,臺南市安南區本原街2段217號,1,晴,50,單路部分,路段,無號誌,車與車,其他引起事故之違規或不當行為
11001AC391B0967,20210112,120.191844,23.022865,交通事故,交叉路口,臺南市安南區海佃路段號國安街,1,陰,50,交岔路,交叉路口,行車管制號誌(附設行人專用號誌),車與車,左轉彎未依規定
11001AC391B0969,20210112,120.215238,23.025817,交通事故,交叉路口,臺南市安南區安和路1段號府安路4,1,陰,50,交岔路,交叉路口,行車管制號誌,車與車,左轉彎未依規定
11001AC391B1003,20210113,120.203964,23.04268,交通事故,交叉路口,臺南市安南區怡安路2段號長溪路1,2,晴,40,交岔路,交叉路口,行車管制號誌,車與車,未依規定讓車
11001AC391B1020,20210113,120.191069,23.022701,交通事故,一般地址,臺南市安南區國安街段21號,1,晴,40,單路部分,路段,無號誌,車與車,起步未注意其他車(人)安全
11001AC391B1023,20210112,120.235176,23.055696,交通事故,交叉路口,臺南市安南區長和路1段號慶和路2,1,晴,50,交岔路,交叉路口,行車管制號誌,車與車,其他引起事故之違規或不當行為
11001AC391B1037,20210108,120.148351,23.035617,交通事故,一般地址,臺南市安南區工業五路段號,1,晴,50,單路部分,路段,無號誌,汽(機)車本身,其他引起事故之違規或不當行為
11001AC391B1042,20210113,120.17597,23.048778,交通事故,一般地址,臺南市安南區安中路3段357號,1,晴,50,交岔路,交叉路口,無號誌,車與車,未注意車前狀態
11001AC391B1065,20210113,120.216735,23.028396,交通事故,一般地址,臺南市安南區安和路1段526938號,1,晴,30,單路部分,路段,無號誌,車與車,未注意車前狀態
11001AC391B1070,20210106,120.215745,23.041104,交通事故,一般地址,臺南市安南區安和路2段226號,2,晴,50,交岔路,交叉路口,無號誌,車與車,未保持行車安全距離
11001AC391B1075,20210106,120.123598,23.036612,交通事故,交叉路口,臺南市安南區媽祖宮一街段號媽祖宮五街,1,晴,50,交岔路,交叉路口,無號誌,車與車,未依規定讓車
11001AC391B1116,20210114,120.218704,23.063379,交通事故,交叉路口,臺南市安南區長和路2段號安和路5,1,晴,50,交岔路,交叉路口,行車管制號誌,車與車,未依規定讓車
11001AC391B1123,20210113,120.170698,23.049474,交通事故,一般地址,臺南市安南區安中路4段130號,1,晴,50,單路部分,路段,無號誌,車與車,違反特定標誌(線)禁制
11001AC391B1127,20210114,120.192123,23.021262,交通事故,一般地址,臺南市安南區海佃路1段91-41號,1,晴,50,單路部分,路段,無號誌,汽(機)車本身,其他引起事故之違規或不當行為
11001AC391B1130,20210114,120.209981,23.046913,交通事故,其他,臺南市安南區段號頂順一街與頂順三街口,1,晴,50,交岔路,交叉路口,無號誌,車與車,未依規定讓車
11001AC391B1138,20210105,120.203627,23.028514,交通事故,一般地址,臺南市安南區郡安路5段10號,1,晴,50,交岔路,交叉路口,無號誌,車與車,起步未注意其他車(人)安全
11001AC391B1190,20210114,120.190713,23.045628,交通事故,交叉路口,臺南市安南區安中路段號怡安路,1,晴,50,交岔路,交叉路口,行車管制號誌,車與車,未注意車前狀態
11001AC391B1197,20210107,120.175572,23.06845,交通事故,一般地址,臺南市安南區十二佃路段25號,1,晴,50,單路部分,路段,無號誌,汽(機)車本身,酒醉(後)駕駛失控
11001AC391B1200,20210107,120.144842,23.062592,交通事故,一般地址,臺南市安南區北汕尾三路段548號,1,雨,50,單路部分,路段,無號誌,車與車,變換車道或方向不當
11001AC391B1201,20210110,120.139508,23.054223,交通事故,交叉路口,臺南市安南區安明路四段段號北汕尾三路,1,晴,50,交岔路,交叉路口,行車管制號誌,車與車,其他引起事故之違規或不當行為
11001AC391B1229,20210104,120.204602,23.028523,交通事故,交叉路口,臺南市安南區北安路2段號郡安路5,1,晴,50,交岔路,交叉路口,行車管制號誌,車與車,橫越道路不慎
11001AC391B1236,20210111,120.218628,23.04913,交通事故,一般地址,臺南市安南區安和路3段227號,2,晴,60,單路部分,路段,無號誌,車與車,違反特定標誌(線)禁制
11001AC391B1240,20210114,120.214053,23.02548,交通事故,一般地址,臺南市安南區府安路4段56號,1,晴,50,單路部分,路段,無號誌,車與車,未保持行車安全距離
11001AC391B1274,20210115,120.195431,23.043329,交通事故,其他,臺南市安南區段號安中路一段788號,1,晴,50,交岔路,交叉路口,無號誌,車與車,左轉彎未依規定
11001AC391B1332,20210116,120.13726,23.0562,交通事故,交叉路口,臺南市安南區安明路四段段號台江大道,2,霧或煙,70,交岔路,交叉路口,行車管制號誌,車與車,酒醉(後)駕駛失控
11001AC391B1336,20210113,120.228954,23.049738,交通事故,交叉路口,臺南市安南區台江大道1段號慶和路,2,晴,50,交岔路,交叉路口,無號誌,車與車,違反號誌管制或指揮
11001AC391B1363,20210116,120.19036,23.055835,交通事故,一般地址,臺南市安南區安吉路1段99936號,2,晴,30,單路部分,路段,無號誌,車與車,未依規定讓車
11001AC391B1380,20210116,120.190806,23.045607,交通事故,交叉路口,臺南市安南區安中路2段號怡安路2,2,晴,50,交岔路,交叉路口,行車管制號誌,車與車,未保持行車安全距離
11001AC391B1381,20210116,120.212557,23.032589,交通事故,一般地址,臺南市安南區安和路1段320號,3,晴,50,單路部分,路段,行車管制號誌,車與車,其他引起事故之違規或不當行為
11001AC391B1382,20210116,120.17713,23.073963,交通事故,其他,臺南市安南區段號農產業道路,1,晴,15,單路部分,其他,無號誌,車與車,未注意車前狀態
11001AC391B1412,20210116,120.218907,23.034852,交通事故,一般地址,臺南市安南區安通路2段50號,1,晴,50,單路部分,路段,行車管制號誌,車與車,右轉彎未依規定
11001AC391B1416,20210116,120.218839,23.029656,交通事故,交叉路口,臺南市安南區府安路3段號府安路3289,1,晴,50,交岔路,交叉路口,行車管制號誌,車與車,違反號誌管制或指揮
11001AC391B1437,20210116,120.19681,23.044378,交通事故,交叉路口,臺南市安南區北安路段號怡安路,1,晴,60,交岔路,交叉路口,行車管制號誌,汽(機)車本身,未注意車前狀態
11001AC391B1451,20210116,120.155198,23.038126,交通事故,交叉路口,臺南市安南區本田路二段段號工業二路,1,陰,50,交岔路,交叉路口,行車管制號誌(附設行人專用號誌),車與車,未保持行車安全距離
11001AC391B1477,20210117,120.191086,23.041301,交通事故,交叉路口,臺南市安南區同安路段號同安路17,1,晴,50,交岔路,交叉路口,無號誌,車與車,迴轉未依規定
11001AC391B1489,20210105,120.21244,23.040792,交通事故,交叉路口,臺南市安南區怡安路1段號培安路,3,晴,50,交岔路,交叉路口,行車管制號誌,車與車,違反號誌管制或指揮
11001AC391B1505,20210105,120.202699,23.056139,交通事故,一般地址,臺南市安南區長溪路2段59816號,2,晴,50,單路部分,路段,無號誌,車與車,未依規定讓車
11001AC391B1509,20210106,120.216228,23.068658,交通事故,一般地址,臺南市安南區安和路5段305號,1,晴,60,單路部分,路段,無號誌,車與車,違反特定標誌(線)禁制
11001AC391B1510,20210115,120.218178,23.065936,交通事故,其他,臺南市安南區段號安和路五段150號,1,晴,50,單路部分,路段,無號誌,車與車,橫越道路不慎
11001AC391B1514,20210113,120.185563,23.046727,交通事故,交叉路口,臺南市安南區安中路2段號安中路2296,1,晴,50,交岔路,交叉路口,行車管制號誌,車與車,未依規定讓車
11001AC391B1540,20210118,120.205121,23.025978,交通事故,交叉路口,臺南市安南區北安路2段號北安路263,1,晴,50,交岔路,交叉路口,行車管制號誌,車與車,違反號誌管制或指揮
11001AC391B1544,20210117,120.211384,23.032087,交通事故,一般地址,臺南市安南區安和路1段285號0,1,陰,50,交岔路,交叉路口,無號誌,人與汽(機)車,未注意車前狀態
11001AC391B1564,20210108,120.188215,23.037833,交通事故,交叉路口,臺南市安南區海佃路2段號海佃路2307,2,晴,50,交岔路,交叉路口,閃光號誌,車與車,未依規定讓車
11001AC391B1577,20210106,120.22224,23.063939,交通事故,一般地址,臺南市安南區長和路2段75號,2,晴,50,單路部分,路段,無號誌,車與車,不明原因肇事
11001AC391B1580,20210118,120.232582,23.058041,交通事故,交叉路口,臺南市安南區長和路1段號長和路1871,1,晴,50,交岔路,交叉路口,行車管制號誌,車與車,煞車失靈
11001AC391B1629,20210112,120.202368,23.037989,交通事故,一般地址,臺南市安南區北安路2段469號,1,晴,60,單路部分,路段,無號誌,車與車,起步未注意其他車(人)安全
11001AC391B1635,20210112,120.223165,23.064042,交通事故,一般地址,臺南市安南區長和路2段66號,2,晴,50,單路部分,路段,無號誌,車與車,違反特定標誌(線)禁制
11001AC391B1637,20210118,120.130344,23.061773,交通事故,其他,臺南市安南區段號安中路六段553號,1,晴,50,單路部分,路段,無號誌,車與車,迴轉未依規定
11001AC391B1714,20210106,120.191684,23.024392,交通事故,一般地址,臺南市安南區海佃路1段166號,1,晴,50,單路部分,路段,行車管制號誌,車與車,起步未注意其他車(人)安全
11001AC391B1733,20210111,120.20403,23.029509,交通事故,一般地址,臺南市安南區安通路5段81-103號,2,晴,50,單路部分,路段,無號誌,車與車,不明原因肇事
11001AC391B1740,20210115,120.192958,23.032838,交通事故,一般地址,臺南市安南區大安街段136號,1,晴,50,單路部分,路段,無號誌,車與車,起步未注意其他車(人)安全
11001AC391B1746,20210119,120.177725,23.067783,交通事故,交叉路口,臺南市安南區公學路4段122號十二佃路,1,晴,40,交岔路,交叉路口,行車管制號誌(附設行人專用號誌),車與車,左轉彎未依規定
11001AC391B1748,20210113,120.238925,23.051918,交通事故,一般地址,臺南市安南區長和路段號,1,晴,50,單路部分,路段,無號誌,車與車,未保持行車安全距離
11001AC391B1757,20210119,120.204383,23.025945,交通事故,交叉路口,臺南市安南區北安路2段63號府安路511,2,晴,30,交岔路,交叉路口,無號誌,車與車,未依規定讓車
11001AC391B1759,20210119,120.198208,23.071269,交通事故,一般地址,臺南市安南區公學路2段6318號,2,晴,30,交岔路,交叉路口,無號誌,車與車,未依規定讓車
11001AC391B1763,20210113,120.182446,23.046865,交通事故,交叉路口,臺南市安南區樂安一街段號安中路359,1,晴,30,交岔路,交叉路口,無號誌,車與車,左轉彎未依規定