案件編號,發生日期,GPS經度,GPS緯度,案件類別名稱,地址類型名稱,發生縣市名稱,受傷人數,天候名稱, 速限-第1當事者,道路型態大類別名稱,事故位置大類別名稱,號誌-號誌種類名稱,事故類型及型態大類別名稱,肇因研判子類別名稱-主要
11001AC391B1771,20210114,120.147558,23.03443,交通事故,一般地址,臺南市安南區鹽田路段30號,1,晴,50,單路部分,路段,無號誌,車與車,迴轉未依規定
11001AC391B1785,20210103,120.201875,23.025632,交通事故,交叉路口,臺南市安南區北安路2段63號溪東路,3,晴,30,交岔路,交叉路口,無號誌,車與車,未依規定讓車
11001AC391B1821,20210111,120.201738,23.028682,交通事故,一般地址,臺南市安南區郡安路5段62號,1,晴,50,單路部分,路段,無號誌,車與車,未保持行車安全距離
11001AC391B1825,20210120,120.19237,23.020138,交通事故,交叉路口,臺南市安南區海佃路段號府安路,1,晴,50,交岔路,交叉路口,行車管制號誌,汽(機)車本身,未依規定讓車
11001AC391B1885,20210119,120.19242,23.039134,交通事故,一般地址,臺南市安南區大安街段號,1,晴,50,交岔路,交叉路口,行車管制號誌,車與車,未保持行車安全距離
11001AC391B1919,20210114,120.182282,23.048737,交通事故,一般地址,臺南市安南區海佃路3段63號,2,晴,50,單路部分,路段,無號誌,人與汽(機)車,未注意車前狀態
11001AC391B1993,20210121,120.19384,23.043838,交通事故,其他,臺南市安南區段號安中路一段775號,1,晴,50,交岔路,交叉路口,閃光號誌,車與車,左轉彎未依規定
11001AC391B2047,20210121,120.216795,23.031593,交通事故,交叉路口,臺南市安南區安通路3段號安和路1220,1,晴,40,交岔路,交叉路口,行車管制號誌,車與車,左轉彎未依規定
11001AC391B2051,20210103,120.178578,23.065499,交通事故,一般地址,臺南市安南區海佃路4段388134電桿TR65號,1,晴,30,單路部分,路段,無號誌,車與車,其他引起事故之違規或不當行為
11001AC391B2053,20210106,120.217294,23.045333,交通事故,一般地址,臺南市安南區安和路3段79號,2,晴,60,單路部分,路段,無號誌,車與車,起步未注意其他車(人)安全
11001AC391B2054,20210107,120.216297,23.069665,交通事故,一般地址,臺南市安南區安和路5段3365號,1,雨,50,單路部分,路段,無號誌,車與車,左轉彎未依規定
11001AC391B2055,20210108,120.223107,23.068112,交通事故,交叉路口,臺南市安南區長和路2段12號長和路2140,2,晴,50,交岔路,交叉路口,行車管制號誌,車與車,未注意車前狀態
11001AC391B2056,20210109,120.194561,23.041143,交通事故,一般地址,臺南市安南區安中路1段70155號,1,晴,30,單路部分,路段,無號誌,車與車,其他引起事故之違規或不當行為
11001AC391B2060,20210113,120.181255,23.047041,交通事故,交叉路口,臺南市安南區樂安一街段號樂安二街,2,晴,30,交岔路,交叉路口,無號誌,車與車,未依規定讓車
11001AC391B2062,20210113,120.19246,23.020104,交通事故,交叉路口,臺南市安南區府安路6段號海佃路1,2,晴,50,交岔路,交叉路口,行車管制號誌,車與車,左轉彎未依規定
11001AC391B2064,20210113,120.212781,23.034464,交通事故,一般地址,臺南市安南區安和路1段377號0,2,晴,50,交岔路,交叉路口,行車管制號誌,車與車,未注意車前狀態
11001AC391B2065,20210114,120.190175,23.031058,交通事故,交叉路口,臺南市安南區大安街段187號海佃路2150112,1,晴,30,交岔路,交叉路口,無號誌,車與車,未依規定讓車
11001AC391B2066,20210114,120.188481,23.022237,交通事故,交叉路口,臺南市安南區國安街段156號國安街56141,1,晴,30,交岔路,交叉路口,閃光號誌,車與車,未依規定讓車
11001AC391B2067,20210115,120.216091,23.041756,交通事故,交叉路口,臺南市安南區安和路2段號政安路,1,晴,60,交岔路,交叉路口,行車管制號誌,車與車,左轉彎未依規定
11001AC391B2068,20210121,120.241131,23.060883,交通事故,一般地址,臺南市安南區慶和路段路燈55000130號,1,晴,50,單路部分,路段,無號誌,汽(機)車本身,未注意車前狀態
11001AC391B2069,20210121,120.134471,23.067895,交通事故,一般地址,臺南市安南區安明路4段路燈257號,1,晴,70,單路部分,路段,無號誌,車與車,未注意車前狀態
11001AC391B2091,20210114,120.214187,23.061267,交通事故,交叉路口,臺南市安南區北安路段號州南十街,2,晴,50,交岔路,交叉路口,行車管制號誌,車與車,其他引起事故之違規或不當行為
11001AC391B2100,20210122,120.17403,23.052519,交通事故,交叉路口,臺南市安南區本原街3段號本原街313420,1,晴,50,交岔路,交叉路口,無號誌,車與車,未保持行車安全距離
11001AC391B2104,20210113,120.161367,23.042432,交通事故,一般地址,臺南市安南區本田路3段151-12號,1,晴,50,單路部分,路段,無號誌,車與車,未注意車前狀態
11001AC391B2111,20210122,120.216022,23.069488,交通事故,一般地址,臺南市安南區安和路5段345號,1,晴,50,交岔路,交叉路口,行車管制號誌,車與車,未注意車前狀態
11001AC391B2114,20210122,120.188132,23.020271,交通事故,一般地址,臺南市安南區國安街段15576號,1,晴,30,交岔路,交叉路口,無號誌,車與車,左轉彎未依規定
11001AC391B2120,20210119,120.208052,23.03809,交通事故,交叉路口,臺南市安南區長溪路1段號長溪路1407,1,晴,40,交岔路,交叉路口,行車管制號誌,車與車,不明原因肇事
11001AC391B2131,20210122,120.176436,23.075868,交通事故,其他,臺南市安南區段號公學路四段122巷272弄公學高幹50左16號電桿,1,晴,50,單路部分,路段,無號誌,汽(機)車本身,其他引起事故之違規或不當行為
11001AC391B2137,20210120,120.239005,23.053132,交通事故,交叉路口,臺南市安南區長和路段號長和路1222,1,晴,50,交岔路,交叉路口,行車管制號誌,車與車,未依規定讓車
11001AC391B2155,20210119,120.177731,23.050955,交通事故,交叉路口,臺南市安南區仁安路段號智安二街,2,晴,30,交岔路,交叉路口,無號誌,車與車,未依規定讓車
11001AC391B2157,20210122,120.178561,23.053265,交通事故,一般地址,臺南市安南區海佃路3段305號,1,晴,50,單路部分,路段,無號誌,車與車,起步未注意其他車(人)安全
11001AC391B2181,20210106,120.22536,23.044666,交通事故,交叉路口,臺南市安南區安通路2段號開安路32,1,晴,50,交岔路,交叉路口,無號誌,人與汽(機)車,未注意車前狀態
11001AC391B2199,20210111,120.122487,23.0218,交通事故,交叉路口,臺南市安南區北汕尾一路段號北汕尾一路530,1,晴,50,單路部分,路段,無號誌,汽(機)車本身,不明原因肇事
11001AC391B2201,20210115,120.189942,23.053867,交通事故,一般地址,臺南市安南區安吉路1段755號,1,晴,50,單路部分,路段,無號誌,車與車,未依規定讓車
11001AC391B2217,20210122,120.204936,23.026004,交通事故,一般地址,臺南市安南區北安路2段65號,1,陰,50,交岔路,交叉路口,行車管制號誌,人與汽(機)車,不明原因肇事
11001AC391B2251,20210123,120.214432,23.027994,交通事故,其他,臺南市安南區段號安和路一段95號,2,晴,50,交岔路,交叉路口,行車管制號誌,車與車,未注意車前狀態
11001AC391B2253,20210113,120.196495,23.059813,交通事故,交叉路口,臺南市安南區台江大道段號本原街126275,2,晴,50,交岔路,交叉路口,閃光號誌,車與車,未依規定讓車
11001AC391B2270,20210123,120.20392,23.043073,交通事故,交叉路口,臺南市安南區北安路段號長溪路,2,晴,60,交岔路,交叉路口,行車管制號誌,車與車,未依規定讓車
11001AC391B2287,20210123,120.202896,23.037156,交通事故,交叉路口,臺南市安南區北安路2段號北安三街,2,晴,60,交岔路,交叉路口,行車管制號誌,車與車,未注意車前狀態
11001AC391B2310,20210122,120.190124,23.023342,交通事故,一般地址,臺南市安南區國安街段5624號,1,陰,40,單路部分,路段,無號誌,車與車,右轉彎未依規定
11001AC391B2324,20210118,120.205241,23.044246,交通事故,一般地址,臺南市安南區北安路3段261-5號,2,晴,60,單路部分,路段,無號誌,車與車,未依規定讓車
11001AC391B2380,20210124,120.191265,23.060298,交通事故,交叉路口,臺南市安南區安吉路2段號台江大道,1,晴,50,單路部分,路段,無號誌,車與車,未注意車前狀態
11001AC391B2396,20210124,120.139967,22.997232,交通事故,其他,臺南市安南區段號四草大橋上(編號40路燈),1,晴,50,單路部分,路段,無號誌,車與車,變換車道或方向不當
11001AC391B2408,20210124,120.187578,23.037336,交通事故,一般地址,臺南市安南區海佃路2段2658號,2,晴,40,單路部分,路段,無號誌,車與車,尚未發現肇事因素
11001AC391B2412,20210114,120.158464,23.040149,交通事故,交叉路口,臺南市安南區安明路段號本田路,1,晴,70,交岔路,交叉路口,行車管制號誌,車與車,未注意車前狀態
11001AC391B2418,20210114,120.174087,23.022986,交通事故,交叉路口,臺南市安南區安明路段號郡安路7,1,晴,70,交岔路,交叉路口,行車管制號誌,車與車,左轉彎未依規定
11001AC391B2429,20210116,120.191844,23.022865,交通事故,交叉路口,臺南市安南區海佃路1段號國安街,2,晴,50,交岔路,交叉路口,行車管制號誌,車與車,違反號誌管制或指揮
11001AC391B2441,20210116,120.239284,23.051547,交通事故,其他,臺南市安南區段號永安橋(北上慢車道),1,晴,50,單路部分,路段,行車管制號誌,車與車,未保持行車安全距離
11001AC391B2447,20210116,120.192361,23.050494,交通事故,一般地址,臺南市安南區安吉路1段532號,1,晴,60,交岔路,交叉路口,行車管制號誌,汽(機)車本身,其他引起事故之違規或不當行為
11001AC391B2484,20210125,120.17804,23.053867,交通事故,一般地址,臺南市安南區海佃路4段11號,1,晴,50,單路部分,路段,無號誌,車與車,變換車道或方向不當
11001AC391B2489,20210125,120.21256,23.031981,交通事故,一般地址,臺南市安南區安和路1段288號,2,晴,50,交岔路,交叉路口,行車管制號誌,車與車,左轉彎未依規定
11001AC391B2497,20210125,120.201079,23.058338,交通事故,交叉路口,臺南市安南區長溪路2段號長溪路2671,2,晴,50,交岔路,交叉路口,無號誌,車與車,未保持行車安全距離
11001AC391B2511,20210125,120.169651,23.047977,交通事故,一般地址,臺南市安南區本田路3段668號,1,晴,50,交岔路,交叉路口,無號誌,車與車,未注意車前狀態
11001AC391B2518,20210115,120.182744,23.013492,交通事故,一般地址,臺南市安南區安明路觀海橋段號,2,晴,60,單路部分,路段,無號誌,車與車,未保持行車安全距離
11001AC391B2532,20210102,120.213509,23.053824,交通事故,一般地址,臺南市安南區北安路3段680號,1,晴,60,交岔路,交叉路口,行車管制號誌,車與車,未依規定讓車
11001AC391B2543,20210126,120.211682,23.030277,交通事故,一般地址,臺南市安南區安和路1段159號,1,晴,50,交岔路,交叉路口,無號誌,車與車,未注意車前狀態
11001AC391B2562,20210114,120.188132,23.020271,交通事故,一般地址,臺南市安南區國安街段15576號,3,晴,30,交岔路,交叉路口,無號誌,車與車,未依規定讓車
11001AC391B2568,20210122,120.213504,23.028266,交通事故,一般地址,臺南市安南區安和路1段12329號,1,晴,30,單路部分,路段,無號誌,汽(機)車本身,不明原因肇事
11001AC391B2578,20210126,120.213393,23.046887,交通事故,交叉路口,臺南市安南區安豐六街段號培安二街,2,晴,30,交岔路,交叉路口,無號誌,車與車,左轉彎未依規定
11001AC391B2584,20210126,120.19656,23.04252,交通事故,一般地址,臺南市安南區安中路1段698號,2,晴,50,交岔路,交叉路口,行車管制號誌,車與車,右轉彎未依規定
11001AC391B2586,20210114,120.131481,23.061177,交通事故,一般地址,臺南市安南區安中路6段499號,2,晴,50,單路部分,路段,無號誌,車與車,起步未注意其他車(人)安全
11001AC391B2604,20210116,120.152091,23.062622,交通事故,其他,臺南市安南區段號台江大道四段,1,晴,50,單路部分,路段,無號誌,汽(機)車本身,未注意車前狀態
11001AC391B2606,20210115,120.173305,23.02377,交通事故,交叉路口,臺南市安南區安明路2段號安通路6,2,晴,70,交岔路,交叉路口,行車管制號誌,車與車,未注意車前狀態
11001AC391B2619,20210125,120.19169,23.024964,交通事故,一般地址,臺南市安南區海佃路1段198號,2,晴,50,交岔路,交叉路口,行車管制號誌,車與車,未依規定讓車
11001AC391B2656,20210127,120.209654,23.036356,交通事故,其他,臺南市安南區段號長溪路一段159巷,1,陰,30,單路部分,路段,無號誌,車與車,起步未注意其他車(人)安全
11001AC391B2729,20210115,120.213831,23.040938,交通事故,一般地址,臺南市安南區慶安路段3號,1,晴,50,單路部分,路段,無號誌,汽(機)車本身,酒醉(後)駕駛失控
11001AC391B2741,20210127,120.214459,23.050538,交通事故,交叉路口,臺南市安南區北安路段號安豐一街,1,晴,30,單路部分,路段,無號誌,汽(機)車本身,酒醉(後)駕駛失控
11001AC391B2744,20210127,120.203117,23.036904,交通事故,一般地址,臺南市安南區北安路2段520號,1,晴,30,交岔路,交叉路口,無號誌,車與車,未依規定讓車
11001AC391B2746,20210109,120.179478,23.050046,交通事故,交叉路口,臺南市安南區功安一街段號智安三街,2,晴,30,交岔路,交叉路口,無號誌,車與車,左轉彎未依規定
11001AC391B2768,20210128,120.215423,23.063466,交通事故,交叉路口,臺南市安南區長和路段號長和一街,1,晴,40,交岔路,交叉路口,行車管制號誌,車與車,左轉彎未依規定
11001AC391B2772,20210122,120.241131,23.060883,交通事故,交叉路口,臺南市安南區慶和路1段號環館路,2,晴,50,交岔路,交叉路口,行車管制號誌,車與車,未依規定讓車
11001AC391B2776,20210127,120.203831,23.043822,交通事故,一般地址,臺南市安南區長溪路2段44216號,1,晴,50,單路部分,路段,無號誌,車與車,未依規定讓車
11001AC391B2783,20210128,120.222924,23.052616,交通事故,一般地址,臺南市安南區台江大道1段號,1,晴,50,單路部分,路段,無號誌,車與車,變換車道或方向不當
11001AC391B2787,20210128,120.196735,23.044281,交通事故,交叉路口,臺南市安南區怡安路2段號安中路1702,2,晴,50,交岔路,交叉路口,行車管制號誌,車與車,未依規定讓車
11001AC391B2805,20210128,120.21058,23.02686,交通事故,交叉路口,臺南市安南區惠安街段號惠安街23,2,晴,30,交岔路,交叉路口,無號誌,車與車,未依規定讓車
11001AC391B2830,20210128,120.180916,23.048569,交通事故,一般地址,臺南市安南區功安一街段59號,1,晴,30,單路部分,路段,無號誌,車與車,左轉彎未依規定
11001AC391B2834,20210109,120.203376,23.042897,交通事故,交叉路口,臺南市安南區北安路3段號怡安路2,1,晴,50,交岔路,交叉路口,行車管制號誌,車與車,左轉彎未依規定
11001AC391B2841,20210128,120.191367,23.045492,交通事故,交叉路口,臺南市安南區怡安路2段號安中路1702,1,晴,50,交岔路,交叉路口,行車管制號誌(附設行人專用號誌),車與車,變換車道或方向不當
11001AC391B2850,20210128,120.188801,23.046783,交通事故,一般地址,臺南市安南區安吉路1段240號,2,晴,60,單路部分,路段,無號誌,車與車,未注意車前狀態
11001AC391B2886,20210128,120.17303,23.05287,交通事故,其他,臺南市安南區段號安中路四段290巷348號(本原高幹102右2號電桿),1,晴,50,單路部分,路段,無號誌,車與車,迴轉未依規定
11001AC391B2913,20210128,120.211444,23.035069,交通事故,一般地址,臺南市安南區長溪路1段76號,1,晴,40,單路部分,路段,閃光號誌,車與車,起步未注意其他車(人)安全
11001AC391B2920,20210103,120.132976,23.03691,交通事故,交叉路口,臺南市安南區鹿耳門大道段號工業七路,1,晴,50,交岔路,交叉路口,無號誌,車與車,左轉彎未依規定
11001AC391B2954,20210129,120.191086,23.041301,交通事故,交叉路口,臺南市安南區同安路段號同安路167,1,晴,40,交岔路,交叉路口,無號誌,人與汽(機)車,未注意車前狀態
11001AC391B2962,20210103,120.186229,23.046652,交通事故,一般地址,臺南市安南區安中路2段111號,2,晴,50,交岔路,交叉路口,無號誌,車與車,未保持行車安全距離
11001AC391B2967,20210125,120.213636,23.055622,交通事故,交叉路口,臺南市安南區北安路段號台江大道,1,晴,60,交岔路,交叉路口,行車管制號誌,車與車,未依規定讓車
11001AC391B2989,20210129,120.212799,23.032648,交通事故,交叉路口,臺南市安南區安和路1段號安和路22,2,晴,50,交岔路,交叉路口,行車管制號誌,車與車,變換車道或方向不當
11001AC391B3004,20210128,120.130082,23.060133,交通事故,一般地址,臺南市安南區安中路6段51966號,1,晴,30,交岔路,交叉路口,無號誌,車與車,未依規定讓車
11001AC391B3010,20210128,120.19234,23.020148,交通事故,交叉路口,臺南市安南區海佃路1段號府安路6,1,晴,50,交岔路,交叉路口,行車管制號誌,車與車,未注意車前狀態
11001AC391B3057,20210129,120.215485,23.063549,交通事故,交叉路口,臺南市安南區長和路3段號長和一街,1,晴,50,交岔路,交叉路口,行車管制號誌,車與車,左轉彎未依規定
11001AC391B3061,20210125,120.213717,23.036367,交通事故,交叉路口,臺南市安南區安和路段號培安路,1,晴,50,交岔路,交叉路口,行車管制號誌,車與車,違反號誌管制或指揮
11001AC391B3072,20210126,120.128322,23.016805,交通事故,交叉路口,臺南市安南區大眾路段號大眾六街,1,晴,50,交岔路,交叉路口,閃光號誌,車與車,未依規定讓車
11001AC391B3076,20210130,120.196788,23.067719,交通事故,交叉路口,臺南市安南區長和路4段號長溪路3,1,晴,50,交岔路,交叉路口,行車管制號誌,車與車,未注意車前狀態
11001AC391B3078,20210129,120.193331,23.043912,交通事故,一般地址,臺南市安南區同安路段390號,2,晴,50,單路部分,路段,無號誌,車與車,逆向行駛
11001AC391B3088,20210129,120.23864,23.052268,交通事故,一般地址,臺南市安南區長和路1段號,1,晴,50,單路部分,路段,行車管制號誌,車與車,未保持行車安全距離
11001AC391B3107,20210130,120.196242,23.044349,交通事故,交叉路口,臺南市安南區怡安路2段號怡和街,2,晴,50,交岔路,交叉路口,行車管制號誌,車與車,未保持行車安全間隔
11001AC391B3114,20210123,120.193193,23.034542,交通事故,一般地址,臺南市安南區海佃路2段15011249號,1,晴,30,交岔路,交叉路口,無號誌,車與車,未依規定讓車
11001AC391B3118,20210125,120.207565,23.038454,交通事故,一般地址,臺南市安南區長溪路1段299號,2,晴,40,單路部分,路段,無號誌,車與車,未保持行車安全距離
11001AC391B3119,20210129,120.209413,23.036876,交通事故,一般地址,臺南市安南區長溪路1段19218號,1,晴,50,交岔路,交叉路口,無號誌,車與車,左轉彎未依規定
11001AC391B3122,20210126,120.174244,23.049658,交通事故,一般地址,臺南市安南區安中路3段403號,1,晴,50,交岔路,交叉路口,無號誌,車與車,變換車道或方向不當
11001AC391B3132,20210124,120.13595,23.001918,交通事故,其他,臺南市安南區段號四草大道118號,1,晴,50,單路部分,路段,無號誌,車與車,未注意車前狀態
11001AC391B3176,20210127,120.196242,23.044349,交通事故,交叉路口,臺南市安南區怡安路2段5355號怡安路25356,1,晴,30,交岔路,交叉路口,無號誌,汽(機)車本身,未注意車前狀態
11001AC391B3254,20210129,120.20846,23.028211,交通事故,一般地址,臺南市安南區郡安路4段120號,2,晴,50,交岔路,交叉路口,閃光號誌,車與車,未依規定讓車
11001AC391B3255,20210127,120.194428,23.021469,交通事故,一般地址,臺南市安南區安寧街段9號,1,陰,30,交岔路,交叉路口,無號誌,車與車,左轉彎未依規定
11001AC391B3257,20210127,120.233305,23.054106,交通事故,交叉路口,臺南市安南區慶和路段號館前一路,2,晴,50,交岔路,交叉路口,行車管制號誌,車與車,未注意車前狀態
11001AC391B3301,20210106,120.191374,23.068232,交通事故,交叉路口,臺南市安南區安吉路3段號公學路3,1,晴,50,交岔路,交叉路口,行車管制號誌,車與車,違反特定標誌(線)禁制
11001AC391B3302,20210127,120.192232,23.021972,交通事故,一般地址,臺南市安南區海佃路1段80號,1,晴,50,交岔路,交叉路口,行車管制號誌,汽(機)車本身,其他引起事故之違規或不當行為
11001AC391B3303,20210106,120.182995,23.045876,交通事故,交叉路口,臺南市安南區海佃路2段725號海環街715,1,晴,30,交岔路,交叉路口,無號誌,車與車,未依規定讓車
11001AC391B3369,20210108,120.174561,23.066212,交通事故,交叉路口,臺南市安南區公學路3段號公學路3360,1,晴,50,交岔路,交叉路口,無號誌,車與車,未依規定讓車
11001AC391B3377,20210116,120.21414,23.04149,交通事故,交叉路口,臺南市安南區慶安路段號興安路,1,晴,50,交岔路,交叉路口,行車管制號誌,車與車,其他引起事故之違規或不當行為
11001AC391B3382,20210116,120.202526,23.03895,交通事故,交叉路口,臺南市安南區北安路2段號安中路1,1,晴,50,交岔路,交叉路口,行車管制號誌,車與車,違反特定標誌(線)禁制
11001AC391B3385,20210106,120.139635,23.054139,交通事故,交叉路口,臺南市安南區安明路3段號北汕尾三路,1,晴,70,交岔路,交叉路口,行車管制號誌,車與車,未注意車前狀態
11001AC391B3444,20210117,120.17468,23.049166,交通事故,交叉路口,臺南市安南區仁安路段號本淵路,1,晴,50,交岔路,交叉路口,行車管制號誌,車與車,未依規定讓車
11001AC391B3445,20210104,120.191582,23.041711,交通事故,交叉路口,臺南市安南區同安路段號同安路195,1,晴,30,交岔路,交叉路口,無號誌,車與車,未依規定讓車
11001AC391B3447,20210128,120.191636,23.024116,交通事故,交叉路口,臺南市安南區海佃路1段號海佃路1158,1,晴,50,交岔路,其他,行車管制號誌(附設行人專用號誌),人與汽(機)車,搶越行人穿越道
11001AC391B3458,20210118,120.181291,23.026119,交通事故,交叉路口,臺南市安南區郡安路段號樂活路,3,晴,50,交岔路,交叉路口,行車管制號誌,車與車,左轉彎未依規定
11001AC391B3460,20210126,120.215143,23.026907,交通事故,交叉路口,臺南市安南區安和路1段號安和路152,3,霧或煙,50,交岔路,交叉路口,行車管制號誌,車與車,變換車道或方向不當
11001AC391B3464,20210129,120.161366,23.036304,交通事故,一般地址,臺南市安南區安明路2段號,1,晴,30,單路部分,路段,無號誌,車與車,未保持行車安全間隔
11001AC391B3466,20210118,120.196041,23.034351,交通事故,交叉路口,臺南市安南區義安街段號義安街198,1,晴,50,交岔路,交叉路口,無號誌,車與車,未依規定讓車
11001AC391B3470,20210129,120.161229,23.036579,交通事故,一般地址,臺南市安南區安明路2段號,1,晴,30,單路部分,路段,無號誌,車與車,未保持行車安全距離
11001AC391B3479,20210127,120.191223,23.026632,交通事故,交叉路口,臺南市安南區海佃路3段號仁安一街,2,晴,50,交岔路,交叉路口,行車管制號誌,車與車,其他引起事故之違規或不當行為
11001AC391B3482,20210104,120.182534,23.043782,交通事故,一般地址,臺南市安南區海中街段215-15號,1,晴,50,單路部分,路段,無號誌,汽(機)車本身,未注意車前狀態
11001AC391B3485,20210105,120.19143,23.045437,交通事故,交叉路口,臺南市安南區安中路段號怡安路,1,晴,50,交岔路,交叉路口,行車管制號誌,車與車,右轉彎未依規定
11001AC391B3501,20210130,120.220603,23.072656,交通事故,一般地址,臺南市安南區安昌街段222號,1,晴,30,交岔路,交叉路口,無號誌,車與車,未依規定讓車
11001AC391B3513,20210119,120.205989,23.036857,交通事故,一般地址,臺南市安南區安中路1段225號,1,晴,50,單路部分,路段,無號誌,車與車,起步未注意其他車(人)安全
11001AC391B3514,20210120,120.204787,23.027964,交通事故,交叉路口,臺南市安南區北安路段號北安路2147,2,晴,50,單路部分,路段,無號誌,車與車,不明原因肇事
11001AC391B3516,20210121,120.187991,23.056258,交通事故,交叉路口,臺南市安南區本原街2段號本原街2106,1,晴,50,交岔路,交叉路口,行車管制號誌,車與車,未依規定讓車
11001AC391B3517,20210120,120.151949,23.035994,交通事故,交叉路口,臺南市安南區本田路段號工業三路,4,晴,50,交岔路,交叉路口,行車管制號誌,車與車,未保持行車安全距離
11001AC391B3564,20210105,120.245704,23.061447,交通事故,一般地址,臺南市安南區大洲一號橋段號,1,晴,30,交岔路,交叉路口,行車管制號誌,車與車,違反號誌管制或指揮
11001AC391B3569,20210127,120.194723,23.02645,交通事故,一般地址,臺南市安南區安富街段278號,2,晴,50,單路部分,路段,無號誌,車與車,其他引起事故之違規或不當行為
11001AC391B3585,20210127,120.243758,23.063753,交通事故,交叉路口,臺南市安南區慶和路1段號慶和東路,1,晴,50,單路部分,路段,無號誌,汽(機)車本身,不明原因肇事
11001AC391B3586,20210123,120.138182,23.030268,交通事故,交叉路口,臺南市安南區本田路2段號大眾路,1,晴,50,交岔路,交叉路口,行車管制號誌,車與車,未注意車前狀態
11001AC391B3588,20210119,120.208687,23.035266,交通事故,交叉路口,臺南市安南區安中路1段號安西路,2,晴,50,單路部分,路段,行車管制號誌,車與車,起步未注意其他車(人)安全
11001AC391B3589,20210120,120.191787,23.022612,交通事故,一般地址,臺南市安南區海佃路1段119號,2,晴,50,單路部分,路段,無號誌,車與車,變換車道或方向不當
11001AC391B3590,20210122,120.201397,23.037952,交通事故,交叉路口,臺南市安南區北安路2段433號安中路155719,1,晴,50,交岔路,交叉路口,無號誌,汽(機)車本身,未注意車前狀態
11001AC391B3591,20210107,120.196491,23.059792,交通事故,交叉路口,臺南市安南區台江大道2段號本原街1262,1,雨,50,交岔路,交叉路口,閃光號誌,車與車,未依規定讓車
11001AC391B3593,20210120,120.19138,23.025745,交通事故,一般地址,臺南市安南區海佃路1段264號,1,晴,50,交岔路,交叉路口,行車管制號誌,車與車,不明原因肇事
11001AC391B3595,20210115,120.217297,23.067092,交通事故,交叉路口,臺南市安南區安和路5段號安昌街,1,晴,50,交岔路,交叉路口,行車管制號誌,車與車,違反號誌管制或指揮
11001AC391B3605,20210118,120.211214,23.028998,交通事故,一般地址,臺南市安南區安通路4段50號,1,晴,50,單路部分,路段,行車管制號誌,車與車,爭(搶)道行駛
11001AC391B3606,20210109,120.191841,23.022848,交通事故,一般地址,臺南市安南區海佃路1段123號,1,晴,50,交岔路,路段,行車管制號誌,車與車,未注意車前狀態
11001AC391B3615,20210108,120.21698,23.030079,交通事故,交叉路口,臺南市安南區郡安路3段236號郡安路323622,1,晴,30,交岔路,交叉路口,無號誌,車與車,未依規定讓車
11001AC391B3628,20210118,120.196609,23.042421,交通事故,其他,臺南市安南區段號安中路一段(近安中路一段699巷口),1,晴,50,單路部分,路段,行車管制號誌,車與車,橫越道路不慎
11001AC391B3629,20210119,120.190266,23.041211,交通事故,交叉路口,臺南市安南區同安路段145號同安路1453,1,晴,30,交岔路,交叉路口,無號誌,車與車,未依規定讓車
11001AC391B3631,20210121,120.203925,23.043085,交通事故,交叉路口,臺南市安南區北安路3段號長溪路2,1,晴,50,交岔路,交叉路口,行車管制號誌,車與車,未依規定讓車
11001AC391B3633,20210114,120.189994,23.04034,交通事故,一般地址,臺南市安南區同安路段121號,2,晴,50,單路部分,路段,無號誌,人與汽(機)車,未注意車前狀態
11001AC391B3635,20210113,120.160995,23.067766,交通事故,交叉路口,臺南市安南區安興街段號安興街181,1,晴,30,交岔路,交叉路口,無號誌,車與車,左轉彎未依規定
11001AC391B3636,20210121,120.218648,23.063603,交通事故,一般地址,臺南市安南區安和路5段15號,1,晴,60,單路部分,路段,無號誌,車與車,未注意車前狀態
11001AC391B3638,20210109,120.215252,23.025799,交通事故,交叉路口,臺南市安南區安和路1段號府安路3,1,晴,50,交岔路,交叉路口,行車管制號誌,車與車,未依規定讓車
11001AC391B3660,20210121,120.190283,23.041211,交通事故,交叉路口,臺南市安南區同安路段145號同安路1453,1,晴,30,交岔路,交叉路口,無號誌,車與車,未依規定讓車
11001AC391B3667,20210108,120.203613,23.040114,交通事故,一般地址,臺南市安南區長溪路1段4071681號,2,晴,30,交岔路,交叉路口,無號誌,車與車,不明原因肇事
11001AC391B3671,20210109,120.219604,23.061453,交通事故,一般地址,臺南市安南區安和路4段5388722402號,2,晴,30,交岔路,交叉路口,無號誌,車與車,未依規定讓車
11001AC391B3672,20210108,120.236921,23.051157,交通事故,其他,臺南市安南區段號府安路河堤,2,晴,30,單路部分,路段,無號誌,車與車,爭(搶)道行駛
11001AC391B3673,20210109,120.202445,23.037897,交通事故,一般地址,臺南市安南區北安路2段463號,1,晴,60,單路部分,路段,無號誌,車與車,疲勞(患病)駕駛失控
11001AC391B3684,20210114,120.231528,23.05907,交通事故,一般地址,臺南市安南區長和路1段529號,1,晴,50,單路部分,路段,無號誌,車與車,未依規定讓車