案件編號,發生日期,GPS經度,GPS緯度,案件類別名稱,地址類型名稱,發生縣市名稱,受傷人數,天候名稱, 速限-第1當事者,道路型態大類別名稱,事故位置大類別名稱,號誌-號誌種類名稱,事故類型及型態大類別名稱,肇因研判子類別名稱-主要
11001AC391B3686,20210123,120.238798,23.052218,交通事故,其他,臺南市安南區段號永安橋,1,晴,30,交岔路,交叉路口,行車管制號誌,車與車,未保持行車安全間隔
11001AC391B3693,20210126,120.205471,23.024491,交通事故,交叉路口,臺南市安南區北安路2段號府安路4,1,晴,50,交岔路,交叉路口,行車管制號誌,車與車,蛇行、方向不定
11001AC391B3697,20210117,120.189359,23.050024,交通事故,一般地址,臺南市安南區安吉路1段502號,1,晴,50,單路部分,路段,無號誌,車與車,未注意車前狀態
11001AC391B3733,20210130,120.170369,23.048439,交通事故,一般地址,臺南市安南區本田路3段677號,1,晴,50,單路部分,路段,無號誌,車與車,不明原因肇事
11001AC391B3734,20210120,120.219443,23.063385,交通事故,一般地址,臺南市安南區長和路2段178號,1,晴,50,單路部分,路段,行車管制號誌,車與車,未保持行車安全間隔
11001AC391B3736,20210118,120.237646,23.05164,交通事故,其他,臺南市安南區段號府安路堤頂上,2,晴,30,單路部分,路段,無號誌,車與車,未保持行車安全距離
11001AC391B3738,20210131,120.132833,23.037044,交通事故,交叉路口,臺南市安南區鹿耳門大道1段號工業七路,3,晴,70,單路部分,路段,行車管制號誌,車與車,未保持行車安全間隔
11001AC391B3742,20210109,120.190495,23.045673,交通事故,交叉路口,臺南市安南區安中路2段號怡安路2,1,晴,50,交岔路,交叉路口,行車管制號誌,車與車,起步未注意其他車(人)安全
11001AC391B3766,20210126,120.193087,23.030881,交通事故,交叉路口,臺南市安南區理安街段號大安街68,1,晴,50,交岔路,交叉路口,閃光號誌,車與車,未依規定讓車
11001AC391B3769,20210110,120.213157,23.030461,交通事故,一般地址,臺南市安南區安和路1段202號,3,晴,50,單路部分,路段,無號誌,車與車,違規超車
11001AC391B3795,20210108,120.238664,23.052311,交通事故,交叉路口,臺南市安南區長和路1段號長和路12,1,晴,50,交岔路,交叉路口,行車管制號誌,車與車,不明原因肇事
11001AC391B3796,20210124,120.203444,23.042655,交通事故,交叉路口,臺南市安南區北安路3段號長溪路,1,晴,60,交岔路,路段,行車管制號誌,車與車,未注意車前狀態
11001AC391B3800,20210111,120.173317,23.023729,交通事故,交叉路口,臺南市安南區安明路段號安通路,2,晴,70,交岔路,交叉路口,行車管制號誌,車與車,未注意車前狀態
11001AC391B3814,20210114,120.130359,23.076268,交通事故,交叉路口,臺南市安南區城北路段號城北路735,1,晴,30,交岔路,交叉路口,閃光號誌,車與車,未依規定讓車
11001AC391B3824,20210127,120.218672,23.061025,交通事故,一般地址,臺南市安南區安和路4段507號,1,晴,60,單路部分,路段,無號誌,車與車,未依規定使用燈光
11001AC391B3825,20210114,120.148719,23.035221,交通事故,交叉路口,臺南市安南區工業五路段號鹽田路,1,晴,50,交岔路,交叉路口,無號誌,車與車,右轉彎未依規定
11001AC391B3828,20210115,120.176334,23.061248,交通事故,交叉路口,臺南市安南區海佃路段號台江大道,1,晴,50,交岔路,交叉路口,行車管制號誌,車與車,未依規定讓車
11001AC391B3829,20210127,120.187414,23.041449,交通事故,交叉路口,臺南市安南區海佃路2段號海佃路2461,1,晴,50,交岔路,交叉路口,行車管制號誌,車與車,未依規定讓車
11001AC391B3830,20210116,120.189443,23.022404,交通事故,一般地址,臺南市安南區國安街段87號,2,晴,50,單路部分,路段,無號誌,車與車,未注意車前狀態
11001AC391B3862,20210121,120.210902,23.048399,交通事故,其他,臺南市安南區段號北安路三段與頂順六街,1,晴,30,交岔路,交叉路口,無號誌,車與車,未依規定讓車
11001AC391B3869,20210104,120.219094,23.051294,交通事故,一般地址,臺南市安南區安和路4段42號,2,晴,50,單路部分,路段,行車管制號誌,車與車,未依規定讓車
11001AC391B3888,20210129,120.190967,23.042735,交通事故,交叉路口,臺南市安南區同安路段225號同安路22559,1,晴,30,交岔路,交叉路口,無號誌,車與車,未依規定讓車
11001AC391B3897,20210116,120.170838,23.052333,交通事故,一般地址,臺南市安南區安中路4段29026318號0,1,晴,30,交岔路,交叉路口,無號誌,車與車,未靠右行駛
11001AC391B3899,20210129,120.204113,23.027908,交通事故,交叉路口,臺南市安南區北安路2段147號府安路511,1,晴,30,交岔路,交叉路口,無號誌,車與車,未依規定讓車
11001AC391B3902,20210116,120.214045,23.029037,交通事故,交叉路口,臺南市安南區安和路段號郡安路,2,晴,50,交岔路,交叉路口,行車管制號誌,車與車,變換車道或方向不當
11001AC391B3920,20210129,120.187934,23.038851,交通事故,交叉路口,臺南市安南區海佃路2段號海尾路,1,晴,50,交岔路,交叉路口,行車管制號誌,車與車,未保持行車安全距離
11001AC391B3974,20210120,120.193485,23.04502,交通事故,交叉路口,臺南市安南區怡安路2段號怡安路2516,1,晴,50,交岔路,交叉路口,行車管制號誌,車與車,違反號誌管制或指揮
11001AC391B3984,20210122,120.178733,23.048268,交通事故,交叉路口,臺南市安南區安中路段號海中街,1,晴,50,交岔路,交叉路口,行車管制號誌,車與車,未依規定讓車
11001AC391B4001,20210126,120.195344,23.043107,交通事故,一般地址,臺南市安南區安中路1段711號0,1,晴,50,單路部分,路段,無號誌,車與車,未保持行車安全間隔
11001AC391B4007,20210116,120.215273,23.025709,交通事故,交叉路口,臺南市安南區安和路段號府安路,1,晴,50,交岔路,交叉路口,行車管制號誌,車與車,左轉彎未依規定
11001AC391B4008,20210117,120.17271,23.049141,交通事故,一般地址,臺南市安南區本淵路段59號,1,晴,50,交岔路,交叉路口,閃光號誌,車與車,變換車道或方向不當
11001AC391B4011,20210120,120.214263,23.028656,交通事故,一般地址,臺南市安南區安和路1段124號,1,晴,50,單路部分,路段,無號誌,汽(機)車本身,未注意車前狀態
11001AC391B4012,20210120,120.18796,23.04336,交通事故,一般地址,臺南市安南區安吉路1段118號,1,晴,50,單路部分,路段,無號誌,車與車,倒車未依規定
11001AC391B4013,20210113,120.200585,23.069346,交通事故,一般地址,臺南市安南區長和路4段356號,1,晴,30,交岔路,交叉路口,行車管制號誌,車與車,倒車未依規定
11001AC391B4020,20210121,120.158491,23.040156,交通事故,交叉路口,臺南市安南區安明路段號本田路,2,晴,50,交岔路,交叉路口,行車管制號誌,車與車,疲勞(患病)駕駛失控
11001AC391B4022,20210129,120.187343,23.030473,交通事故,交叉路口,臺南市安南區海前路段號海東二街,2,晴,50,交岔路,交叉路口,無號誌,車與車,其他引起事故之違規或不當行為
11001AC391B4025,20210131,120.193204,23.034445,交通事故,交叉路口,臺南市安南區海佃路2段150112號大安街187,2,晴,30,交岔路,交叉路口,無號誌,車與車,未依規定讓車
11001AC391B4026,20210126,120.174079,23.022944,交通事故,交叉路口,臺南市安南區安明路段號郡安路,1,霧或煙,70,交岔路,交叉路口,行車管制號誌,車與車,未依規定讓車
11001AC391B4028,20210127,120.165725,23.032168,交通事故,一般地址,臺南市安南區安明路2段號,2,晴,30,單路部分,路段,無號誌,車與車,未保持行車安全距離
11001AC391B4034,20210124,120.186459,23.061079,交通事故,交叉路口,臺南市安南區安吉路2段511號本原街210697,1,晴,30,交岔路,交叉路口,無號誌,車與車,未依規定讓車
11001AC391B4039,20210128,120.13485,23.071701,交通事故,一般地址,臺南市安南區安明路4段826號,2,晴,70,單路部分,路段,閃光號誌,車與車,起步未注意其他車(人)安全
11001AC491B0175,20210101,120.168072,22.999043,交通事故,交叉路口,臺南市安平區安平路段號安北路,1,晴,50,交岔路,交叉路口,行車管制號誌,車與車,右轉彎未依規定
11001AC491B0224,20210102,120.181401,22.990446,交通事故,交叉路口,臺南市安平區建平八街段號永華三街,1,晴,50,交岔路,交叉路口,閃光號誌,車與車,未依規定讓車
11001AC491B0257,20210105,120.168832,22.990632,交通事故,交叉路口,臺南市安平區健康三街段號育平五街,1,晴,50,交岔路,交叉路口,無號誌,車與車,違反特定標誌(線)禁制
11001AC491B0265,20210102,120.160596,23.002748,交通事故,其他,臺南市安平區段號安北路與安北路125巷口,2,晴,50,交岔路,交叉路口,無號誌,車與車,左轉彎未依規定
11001AC491B0305,20210104,120.168849,22.990622,交通事故,其他,臺南市安平區段號健康三街與育平五街口,1,晴,50,交岔路,交叉路口,無號誌,車與車,起步未注意其他車(人)安全
11001AC491B0315,20210105,120.165196,23.001856,交通事故,其他,臺南市安平區段號安北路與安北路100巷口,1,晴,50,交岔路,交叉路口,無號誌,車與車,未依規定讓車
11001AC491B0324,20210105,120.183736,22.993199,交通事故,交叉路口,臺南市安平區府前路段號建平路,3,晴,50,單路部分,路段,無號誌,車與車,其他引起事故之違規或不當行為
11001AC491B0325,20210105,120.178779,22.993201,交通事故,其他,臺南市安平區段號文平路與怡平路口,1,晴,50,交岔路,交叉路口,行車管制號誌(附設行人專用號誌),人與汽(機)車,未注意車前狀態
11001AC491B0369,20210105,120.171122,22.990246,交通事故,其他,臺南市安平區段號國平路208號前,1,晴,50,單路部分,路段,無號誌,車與車,迴轉未依規定
11001AC491B0399,20210102,120.181656,22.992293,交通事故,交叉路口,臺南市安平區平通路段號永華三街,2,晴,50,交岔路,交叉路口,閃光號誌,車與車,未依規定讓車
11001AC491B0400,20210102,120.183769,22.993531,交通事故,交叉路口,臺南市安平區府前路2段號府前三街,1,晴,50,單路部分,路段,無號誌,車與車,起步未注意其他車(人)安全
11001AC491B0548,20210108,120.143334,22.995086,交通事故,其他,臺南市安平區段號安北路700號對面,1,晴,50,單路部分,其他,無號誌,汽(機)車本身,其他引起事故之違規或不當行為
11001AC491B0551,20210108,120.17597,22.998165,交通事故,交叉路口,臺南市安平區安平路段號華平路,1,晴,50,交岔路,交叉路口,行車管制號誌(附設行人專用號誌),車與車,其他引起事故之違規或不當行為
11001AC491B0555,20210105,120.186557,22.997949,交通事故,其他,臺南市安平區段號中華西路二段與安平路口,2,晴,50,交岔路,交叉路口,行車管制號誌(附設行人專用號誌),車與車,疲勞(患病)駕駛失控
11001AC491B0647,20210109,120.175167,22.999173,交通事故,其他,臺南市安平區段號民權路四段381之3號,1,晴,50,單路部分,路段,無號誌,車與車,變換車道或方向不當
11001AC491B0706,20210101,120.164831,23.002138,交通事故,交叉路口,臺南市安平區安北路段號平生路,3,晴,50,交岔路,交叉路口,行車管制號誌,車與車,左轉彎未依規定
11001AC491B0714,20210110,120.185092,22.995168,交通事故,一般地址,臺南市安平區府前四街段96號0,1,晴,50,單路部分,路段,無號誌,車與車,左轉彎未依規定
11001AC491B0739,20210109,120.184585,22.989411,交通事故,其他,臺南市安平區段號永華路二段與永華二街口,2,晴,50,交岔路,交叉路口,行車管制號誌(附設行人專用號誌),車與車,不明原因肇事
11001AC491B0831,20210110,120.180132,22.999134,交通事故,交叉路口,臺南市安平區民權路4段號湖美街,2,晴,50,交岔路,交叉路口,行車管制號誌,車與車,右轉彎未依規定
11001AC491B0898,20210112,120.181401,22.990446,交通事故,交叉路口,臺南市安平區永華三街段號建平八街,1,晴,50,交岔路,交叉路口,閃光號誌,車與車,酒醉(後)駕駛失控
11001AC491B0910,20210112,120.181717,22.992252,交通事故,一般地址,臺南市安平區永華三街段90號,1,晴,50,交岔路,交叉路口,閃光號誌,汽(機)車本身,其他引起事故之違規或不當行為
11001AC491B0912,20210101,120.187485,22.989929,交通事故,交叉路口,臺南市安平區中華西路2段號永華路2,1,晴,60,交岔路,交叉路口,行車管制號誌(附設行人專用號誌),車與車,右轉彎未依規定
11001AC491B0935,20210112,120.168435,22.991152,交通事故,一般地址,臺南市安平區永華路2段823號,1,晴,50,單路部分,其他,無號誌,車與車,未注意車前狀態
11001AC491B1045,20210113,120.175376,22.993015,交通事故,交叉路口,臺南市安平區平通路段號平通路580,2,晴,50,交岔路,交叉路口,無號誌,車與車,其他引起事故之違規或不當行為
11001AC491B1079,20210108,120.16998,22.988924,交通事故,交叉路口,臺南市安平區郡平路段號永華九街,1,晴,50,交岔路,交叉路口,無號誌,車與車,未依規定讓車
11001AC491B1084,20210113,120.16337,23.001058,交通事故,其他,臺南市安平區段號?忠街與?忠街44巷與延平街70巷,1,晴,30,單路部分,其他,無號誌,車與車,其他引起事故之違規或不當行為
11001AC491B1135,20210102,120.158263,23.002,交通事故,其他,臺南市安平區段號安平路近安平路850巷口,1,晴,50,單路部分,路段,無號誌,車與車,未保持行車安全間隔
11001AC491B1228,20210115,120.182479,22.989783,交通事故,其他,臺南市安平區段號永華路二段與建平路口附近,1,晴,50,交岔路,交叉路口,行車管制號誌(附設行人專用號誌),車與車,未注意車前狀態
11001AC491B1276,20210110,120.175567,22.986963,交通事故,交叉路口,臺南市安平區文平路段187號建平三街178,1,晴,50,交岔路,交叉路口,閃光號誌,車與車,未依規定讓車
11001AC491B1305,20210113,120.193245,22.991358,交通事故,交叉路口,臺南市安平區府前路2段號建平路,1,晴,50,交岔路,交叉路口,行車管制號誌,車與車,未保持行車安全距離
11001AC491B1307,20210114,120.180085,22.997519,交通事故,交叉路口,臺南市安平區建平路段號建平十七街,1,晴,50,交岔路,交叉路口,閃光號誌,車與車,未依規定讓車
11001AC491B1309,20210115,120.170933,22.989854,交通事故,交叉路口,臺南市安平區國平路段號建平七街,1,晴,50,交岔路,交叉路口,行車管制號誌,車與車,未保持行車安全距離
11001AC491B1367,20210116,120.161615,23.00021,交通事故,交叉路口,臺南市安平區安平路段號古堡街,3,晴,50,交岔路,交叉路口,行車管制號誌,車與車,左轉彎未依規定
11001AC491B1394,20210111,120.163917,22.994243,交通事故,其他,臺南市安平區段號平豐路430號前附近,1,晴,50,單路部分,路段,無號誌,車與車,右轉彎未依規定
11001AC491B1405,20210116,120.159791,22.991464,交通事故,交叉路口,臺南市安平區永華路2段號光州路,2,晴,50,交岔路,交叉路口,行車管制號誌,車與車,左轉彎未依規定
11001AC491B1502,20210103,120.174986,22.990525,交通事故,交叉路口,臺南市安平區永華路段號華平路,1,晴,50,交岔路,交叉路口,行車管制號誌,車與車,違反號誌管制或指揮
11001AC491B1628,20210118,120.186035,22.989251,交通事故,其他,臺南市安平區段號永華路二段市議會前,1,晴,50,交岔路,交叉路口,無號誌,車與車,其他引起事故之違規或不當行為
11001AC491B1633,20210118,120.186058,22.989236,交通事故,交叉路口,臺南市安平區永華路2段號永華三街,3,晴,50,交岔路,交叉路口,行車管制號誌,車與車,右轉彎未依規定
11001AC491B1660,20210119,120.174337,22.985961,交通事故,交叉路口,臺南市安平區華平路段號建平三街,2,晴,50,交岔路,交叉路口,閃光號誌,車與車,未注意車前狀態
11001AC491B1698,20210119,120.158378,22.977893,交通事故,其他,臺南市安平區段號漁光路133號(億戴國小漁光分校)前,1,晴,50,交岔路,交叉路口,無號誌,車與車,未注意車前狀態
11001AC491B1713,20210119,120.186553,22.997921,交通事故,其他,臺南市安平區段號中華西路二段與安平路口,2,晴,50,交岔路,交叉路口,行車管制號誌(附設行人專用號誌),車與車,違反號誌管制或指揮
11001AC491B1716,20210119,120.170681,22.998365,交通事故,交叉路口,臺南市安平區安平路段號安平路500,2,晴,50,單路部分,路段,無號誌,車與車,未注意車前狀態
11001AC491B1729,20210119,120.175909,22.999187,交通事故,交叉路口,臺南市安平區民權路4段號華平路,2,晴,50,交岔路,交叉路口,行車管制號誌(附設行人專用號誌),車與車,未依規定讓車
11001AC491B1772,20210117,120.177835,22.998311,交通事故,其他,臺南市安平區段號安平路與安平路314巷口,2,晴,50,交岔路,交叉路口,行車管制號誌(附設行人專用號誌),車與車,未保持行車安全距離
11001AC491B1810,20210119,120.176601,22.987852,交通事故,交叉路口,臺南市安平區建平五街段號建平五街18415,1,晴,50,交岔路,交叉路口,無號誌,車與車,其他引起事故之違規或不當行為
11001AC491B1829,20210120,120.163975,23.00244,交通事故,交叉路口,臺南市安平區安北路段號民權路4,1,晴,50,交岔路,交叉路口,行車管制號誌,車與車,其他引起事故之違規或不當行為
11001AC491B1850,20210104,120.162878,23.002634,交通事故,一般地址,臺南市安平區安北路段127號,1,晴,50,單路部分,路段,無號誌,車與車,未保持行車安全間隔
11001AC491B1867,20210104,120.174692,22.996971,交通事故,交叉路口,臺南市安平區慶平路段號慶平路193,1,晴,50,交岔路,交叉路口,無號誌,車與車,迴轉未依規定
11001AC491B1879,20210120,120.175501,22.994025,交通事故,交叉路口,臺南市安平區華平路段號華平路672,1,晴,50,交岔路,交叉路口,無號誌,汽(機)車本身,其他引起事故之違規或不當行為
11001AC491B1881,20210105,120.176657,22.991049,交通事故,交叉路口,臺南市安平區永華六街段號建平八街,1,晴,50,交岔路,交叉路口,閃光號誌,汽(機)車本身,尚未發現肇事因素
11001AC491B1890,20210120,120.164467,22.98617,交通事故,其他,臺南市安平區段號平豐路與平豐路44巷與平豐路43巷,1,晴,50,交岔路,交叉路口,閃光號誌,車與車,其他引起事故之違規或不當行為
11001AC491B1918,20210120,120.169196,22.993759,交通事故,其他,臺南市安平區段號平通路與健康三街口,2,晴,50,交岔路,交叉路口,行車管制號誌(附設行人專用號誌),車與車,左轉彎未依規定
11001AC491B1920,20210111,120.186297,22.996337,交通事故,交叉路口,臺南市安平區中華西路段號建平十六街,2,晴,60,交岔路,交叉路口,無號誌,車與車,未保持行車安全間隔
11001AC491B1942,20210118,120.181187,22.998944,交通事故,其他,臺南市安平區段號民權路四段湖美二街口,1,晴,50,交岔路,交叉路口,行車管制號誌,車與車,未保持行車安全距離
11001AC491B2009,20210102,120.181186,22.982565,交通事故,交叉路口,臺南市安平區健康路段號建平路,1,晴,50,交岔路,交叉路口,行車管制號誌,車與車,違反號誌管制或指揮
11001AC491B2012,20210121,120.16395,22.992534,交通事故,交叉路口,臺南市安平區平豐路段號育平六街,1,晴,50,單路部分,其他,無號誌,車與車,其他引起事故之違規或不當行為
11001AC491B2024,20210107,120.183485,22.982012,交通事故,交叉路口,臺南市安平區健康路3段號建平路,1,晴,50,交岔路,交叉路口,行車管制號誌,車與車,左轉彎未依規定
11001AC491B2098,20210121,120.18398,22.995986,交通事故,其他,臺南市安平區段號建平路713號前,1,晴,50,單路部分,路段,無號誌,車與車,未保持行車安全間隔
11001AC491B2206,20210122,120.174108,22.983557,交通事故,其他,臺南市安平區段號健康路三段與華平路口附近,1,雨,50,單路部分,路段,無號誌,車與車,起步未注意其他車(人)安全
11001AC491B2227,20210122,120.164815,23.002153,交通事故,其他,臺南市安平區段號安北路與平生路口,1,晴,50,交岔路,交叉路口,行車管制號誌(附設行人專用號誌),車與車,未注意車前狀態
11001AC491B2234,20210123,120.18598,22.997924,交通事故,其他,臺南市安平區段號安平路與安平路40巷口,1,霧或煙,50,交岔路,交叉路口,無號誌,車與車,未依規定讓車
11001AC491B2267,20210122,120.186097,22.988988,交通事故,其他,臺南市安平區段號永華路二段27號前,1,晴,50,單路部分,其他,無號誌,車與車,右轉彎未依規定
11001AC491B2284,20210123,120.181527,22.987291,交通事故,交叉路口,臺南市安平區建平五街段號建平五街22,2,晴,50,交岔路,交叉路口,無號誌,車與車,未依規定讓車
11001AC491B2303,20210114,120.175087,22.991251,交通事故,交叉路口,臺南市安平區華平路段號建平八街,1,晴,50,交岔路,交叉路口,行車管制號誌,車與車,其他引起事故之違規或不當行為
11001AC491B2346,20210123,120.178217,22.990906,交通事故,其他,臺南市安平區段號建平八街112號前,1,陰,50,單路部分,路段,無號誌,車與車,倒車未依規定
11001AC491B2432,20210124,120.164101,22.990673,交通事故,交叉路口,臺南市安平區平豐路段號建平七街,1,晴,50,交岔路,交叉路口,閃光號誌,車與車,未保持行車安全距離
11001AC491B2459,20210112,120.17257,22.99338,交通事故,交叉路口,臺南市安平區平通路段號永華八街,1,強風,50,交岔路,交叉路口,行車管制號誌,車與車,不明原因肇事
11001AC491B2467,20210125,120.174661,22.988197,交通事故,其他,臺南市安平區段號華平路與郡平路口,1,晴,50,交岔路,交叉路口,行車管制號誌(附設行人專用號誌),車與車,未注意車前狀態
11001AC491B2481,20210125,120.185744,22.992872,交通事故,其他,臺南市安平區段號府前路二段與府前三街口西側,2,晴,50,交岔路,交叉路口,無號誌,車與車,未依規定讓車
11001AC491B2485,20210112,120.168072,22.999043,交通事故,交叉路口,臺南市安平區安北路段號安平路990,1,晴,50,交岔路,交叉路口,行車管制號誌,車與車,未依規定讓車
11001AC491B2559,20210124,120.175856,22.996727,交通事故,交叉路口,臺南市安平區慶平路段號華平路,2,晴,50,交岔路,交叉路口,行車管制號誌,車與車,違反號誌管制或指揮
11001AC491B2575,20210113,120.18614,22.99283,交通事故,交叉路口,臺南市安平區府前路段號府前三街,1,晴,50,單路部分,路段,閃光號誌,車與車,其他引起事故之違規或不當行為
11001AC491B2621,20210113,120.183485,22.982012,交通事故,交叉路口,臺南市安平區健康路3段號華平路,2,晴,50,交岔路,交叉路口,行車管制號誌,車與車,未依規定讓車
11001AC491B2649,20210115,120.175073,22.999305,交通事故,交叉路口,臺南市安平區安平路段500號民權路4,1,晴,50,交岔路,交叉路口,行車管制號誌,車與車,未依規定讓車
11001AC491B2654,20210102,120.146602,22.997187,交通事故,交叉路口,臺南市安平區安北路段號安北路722,3,晴,50,交岔路,交叉路口,行車管制號誌(附設行人專用號誌),車與車,未保持行車安全距離
11001AC491B2682,20210117,120.186501,22.996537,交通事故,交叉路口,臺南市安平區中華西路段號建平十六街,1,晴,50,交岔路,交叉路口,行車管制號誌,車與車,未依規定讓車
11001AC491B2686,20210122,120.166906,22.989234,交通事故,交叉路口,臺南市安平區育平路段號郡平路,1,晴,50,交岔路,交叉路口,行車管制號誌,車與車,違反號誌管制或指揮
11001AC491B2782,20210127,120.181888,22.986114,交通事故,其他,臺南市安平區段號建平路與建平四街口附近,1,晴,50,單路部分,路段,無號誌,車與車,未注意車前狀態
11001AC491B2823,20210114,120.183485,22.982012,交通事故,交叉路口,臺南市安平區健康路3段號建平路,1,晴,50,交岔路,交叉路口,行車管制號誌,車與車,右轉彎未依規定
11001AC491B2833,20210128,120.18431,22.996786,交通事故,交叉路口,臺南市安平區慶平路段號建平路,1,晴,50,交岔路,交叉路口,行車管制號誌,車與車,右轉彎未依規定
11001AC491B2858,20210128,120.174663,22.996842,交通事故,交叉路口,臺南市安平區慶平路段號健康二街,1,晴,50,交岔路,交叉路口,行車管制號誌,車與車,左轉彎未依規定
11001AC491B2868,20210127,120.182123,22.995903,交通事故,其他,臺南市安平區段號永華三街與建平十四街口,1,晴,50,交岔路,交叉路口,無號誌,車與車,未依規定讓車
11001AC491B2901,20210122,120.170195,22.998649,交通事故,一般地址,臺南市安平區安平路段570號,1,晴,50,單路部分,路段,無號誌,車與車,變換車道或方向不當
11001AC491B2911,20210127,120.180069,22.988749,交通事故,交叉路口,臺南市安平區建平七街段號永華四街,1,晴,50,交岔路,交叉路口,行車管制號誌,車與車,未依規定讓車
11001AC491B2995,20210129,120.180234,22.990656,交通事故,交叉路口,臺南市安平區建平路段號建平八街,2,晴,50,交岔路,交叉路口,無號誌,車與車,橫越道路不慎
11001AC491B3013,20210129,120.170997,22.995259,交通事故,其他,臺南市安平區段號育平九街與育平九街192巷口,1,晴,50,交岔路,交叉路口,無號誌,車與車,未依規定讓車
11001AC491B3028,20210130,120.175906,22.996695,交通事故,交叉路口,臺南市安平區慶平路段號華平路,1,晴,50,交岔路,交叉路口,行車管制號誌,車與車,其他引起事故之違規或不當行為
11001AC491B3054,20210126,120.164664,23.001488,交通事故,一般地址,臺南市安平區平生路段66號,2,晴,50,交岔路,交叉路口,無號誌,車與車,起步未注意其他車(人)安全
11001AC491B3087,20210115,120.187023,22.9891,交通事故,交叉路口,臺南市安平區永華路2段號中華西路2,1,晴,50,交岔路,交叉路口,行車管制號誌,汽(機)車本身,未注意車前狀態
11001AC491B3139,20210130,120.168472,22.995536,交通事故,其他,臺南市安平區段號育平九街(安平國中後方),1,晴,50,單路部分,路段,無號誌,車與車,酒醉(後)駕駛失控
11001AC491B3230,20210123,120.173571,22.998033,交通事故,交叉路口,臺南市安平區安平路段號安平路446,1,晴,50,交岔路,交叉路口,閃光號誌,車與車,未依規定讓車
11001AC491B3243,20210106,120.17509,22.990414,交通事故,交叉路口,臺南市安平區永華路段號華平路,1,晴,50,交岔路,交叉路口,行車管制號誌,車與車,其他引起事故之違規或不當行為
11001AC491B3244,20210108,120.161052,23.002876,交通事故,交叉路口,臺南市安平區安北路段號古堡街,1,晴,50,交岔路,交叉路口,行車管制號誌,車與車,未注意車前狀態
11001AC491B3251,20210131,120.163032,22.998821,交通事故,一般地址,臺南市安平區運河路段11號0,1,晴,50,單路部分,路段,無號誌,車與車,迴轉未依規定
11001AC491B3259,20210111,120.168898,22.991308,交通事故,交叉路口,臺南市安平區永華路段號健康三街,1,晴,50,交岔路,交叉路口,行車管制號誌,車與車,左轉彎未依規定
11001AC491B3260,20210111,120.184278,22.987198,交通事故,交叉路口,臺南市安平區永華二街段號建平六街,3,晴,50,交岔路,交叉路口,無號誌,車與車,未依規定讓車
11001AC491B3268,20210113,120.183492,22.998125,交通事故,一般地址,臺南市安平區安平路段120號,1,晴,50,交岔路,交叉路口,行車管制號誌,車與車,左轉彎未依規定
11001AC491B3269,20210118,120.177514,22.983203,交通事故,交叉路口,臺南市安平區健康路段號文平路,1,晴,50,交岔路,交叉路口,行車管制號誌,車與車,右轉彎未依規定
11001AC491B3295,20210122,120.175856,22.996727,交通事故,交叉路口,臺南市安平區慶平路段號華平路,2,晴,50,交岔路,交叉路口,行車管制號誌,車與車,未依規定讓車
11001AC491B3325,20210131,120.185964,22.997933,交通事故,交叉路口,臺南市安平區安平路段號安平路40,1,晴,50,交岔路,交叉路口,無號誌,車與車,其他引起事故之違規或不當行為
11001AC491B3373,20210130,120.167638,23.001413,交通事故,其他,臺南市安平區段號安北路100巷與安北路40巷口附近,1,晴,50,單路部分,路段,無號誌,汽(機)車本身,不明原因肇事
11001AC491B3436,20210128,120.178049,22.987767,交通事故,交叉路口,臺南市安平區建平五街段18415號建平五街,1,晴,50,交岔路,交叉路口,無號誌,車與車,未依規定讓車
11001AC491B3440,20210121,120.171916,22.995032,交通事故,交叉路口,臺南市安平區育平九街段號平通路580,1,晴,50,交岔路,交叉路口,閃光號誌,車與車,未依規定讓車
11001AC491B3472,20210124,120.17765,22.998353,交通事故,一般地址,臺南市安平區安平路段320號,1,晴,50,交岔路,交叉路口,行車管制號誌,車與車,違反號誌管制或指揮
11001AC491B3518,20210125,120.170081,22.984302,交通事故,交叉路口,臺南市安平區健康路3段號國平路,1,晴,50,交岔路,交叉路口,無號誌,車與車,右轉彎未依規定
11001AC491B3577,20210131,120.180003,22.996463,交通事故,交叉路口,臺南市安平區慶平路段號建平二街,1,晴,50,交岔路,交叉路口,行車管制號誌,車與車,未依規定讓車
11001AC491B3581,20210131,120.181714,22.992857,交通事故,交叉路口,臺南市安平區怡平路段號永華三街,1,晴,50,交岔路,交叉路口,行車管制號誌,車與車,未注意車前狀態
11001AC491B3584,20210131,120.16903,22.992017,交通事故,交叉路口,臺南市安平區健康三街段號建平八街,1,晴,50,交岔路,交叉路口,閃光號誌,車與車,未注意車前狀態
11001AC491B3657,20210125,120.168892,22.994576,交通事故,交叉路口,臺南市安平區安億路段號育平九街372141,1,晴,50,交岔路,交叉路口,無號誌,車與車,未依規定讓車
11001AC491B3662,20210128,120.162379,23.002929,交通事故,一般地址,臺南市安平區安北路段126號,2,晴,40,單路部分,路段,無號誌,人與汽(機)車,其他引起事故之疏失或行為
11001AC491B3670,20210130,120.168946,22.991252,交通事故,交叉路口,臺南市安平區健康三街段號健康三街162,1,晴,50,交岔路,交叉路口,行車管制號誌,車與車,違反號誌管制或指揮