案件編號,發生日期,GPS經度,GPS緯度,案件類別名稱,地址類型名稱,發生縣市名稱,受傷人數,天候名稱, 速限-第1當事者,道路型態大類別名稱,事故位置大類別名稱,號誌-號誌種類名稱,事故類型及型態大類別名稱,肇因研判子類別名稱-主要
11001AC491B3675,20210124,120.158435,22.986151,交通事故,其他,臺南市安平區段號安億路上〈億載金城〉左後方對向車道,1,晴,50,單路部分,路段,無號誌,汽(機)車本身,未注意車前狀態
11001AC491B3691,20210128,120.164711,22.993418,交通事故,一般地址,臺南市安平區永華路2段702號,1,晴,50,單路部分,路段,行車管制號誌,車與車,變換車道或方向不當
11001AC491B3709,20210104,120.182076,22.987714,交通事故,一般地址,臺南市安平區建平路段239號,1,晴,50,單路部分,路段,行車管制號誌,車與車,未保持行車安全間隔
11001AC491B3803,20210108,120.183361,22.993391,交通事故,交叉路口,臺南市安平區建平路段號府前路2,2,陰,50,交岔路,交叉路口,行車管制號誌(附設行人專用號誌),車與車,違反號誌管制或指揮
11001AC491B3805,20210108,120.165933,22.999459,交通事故,一般地址,臺南市安平區安平路段69號0,2,陰,50,單路部分,路段,無號誌,車與車,未保持行車安全距離
11001AC491B3808,20210108,120.171279,22.998308,交通事故,一般地址,臺南市安平區安平路段532號,1,晴,50,單路部分,路段,無號誌,車與車,開啟車門不當而肇事
11001AC491B3809,20210109,120.178795,22.993234,交通事故,交叉路口,臺南市安平區文平路段號怡平路,1,晴,50,交岔路,路段,行車管制號誌,汽(機)車本身,方向操縱系統故障
11001AC491B3810,20210110,120.174697,22.983639,交通事故,一般地址,臺南市安平區健康路3段236號,1,晴,50,單路部分,路段,無號誌,車與車,未注意車前狀態
11001AC491B3817,20210115,120.171493,22.994078,交通事故,交叉路口,臺南市安平區國平路段號怡平路,2,晴,50,交岔路,交叉路口,無號誌,車與車,未依規定讓車
11001AC491B3818,20210116,120.186824,22.98915,交通事故,交叉路口,臺南市安平區中華西路段號永華路,0,晴,50,交岔路,交叉路口,行車管制號誌(附設行人專用號誌),車與車,右轉彎未依規定
11001AC491B3819,20210119,120.168026,22.999105,交通事故,交叉路口,臺南市安平區安平路段號安北路,1,晴,50,交岔路,交叉路口,行車管制號誌(附設行人專用號誌),車與車,未注意車前狀態
11001AC491B3835,20210131,120.175856,22.996727,交通事故,交叉路口,臺南市安平區華平路段號慶平路,2,晴,50,交岔路,交叉路口,行車管制號誌,車與車,違反號誌管制或指揮
11001AC491B3889,20210127,120.185609,22.996574,交通事故,交叉路口,臺南市安平區建平十六街段號府前四街,1,晴,50,單路部分,路段,無號誌,車與車,右轉彎未依規定
11001AC491B3937,20210120,120.161522,23.00024,交通事故,交叉路口,臺南市安平區安平路段號古堡街,2,晴,50,交岔路,交叉路口,行車管制號誌,車與車,不明原因肇事
11001AC491B3938,20210125,120.161417,23.002835,交通事故,交叉路口,臺南市安平區安北路段號安北路152,2,晴,50,交岔路,交叉路口,無號誌,車與車,未依規定讓車
11001AC491B3939,20210125,120.169133,22.998644,交通事故,交叉路口,臺南市安平區安平路段號安平路606,1,晴,50,交岔路,交叉路口,行車管制號誌,車與車,不明原因肇事
11001AC491B3940,20210125,120.170484,22.99533,交通事故,交叉路口,臺南市安平區育平九街段號平通路580,1,晴,50,交岔路,交叉路口,閃光號誌,車與車,未依規定讓車
11001AC491B3941,20210126,120.176046,22.998101,交通事故,交叉路口,臺南市安平區安平路段號華平路,1,晴,50,交岔路,交叉路口,行車管制號誌(附設行人專用號誌),車與車,未依規定讓車
11001AC491B3942,20210128,120.186098,22.99285,交通事故,交叉路口,臺南市安平區府前路段號府前三街,2,晴,50,交岔路,交叉路口,行車管制號誌(附設行人專用號誌),車與車,不明原因肇事
11001AC491B3943,20210128,120.158047,23.002109,交通事故,交叉路口,臺南市安平區安北路段號王城路,2,晴,50,交岔路,交叉路口,行車管制號誌(附設行人專用號誌),車與車,未依規定讓車
11001AC491B3944,20210131,120.166488,22.99855,交通事故,一般地址,臺南市安平區安平路段33824之2號,2,晴,40,交岔路,交叉路口,無號誌,車與車,違反特定標誌(線)禁制
11001AC491B4042,20210130,120.177998,22.982905,交通事故,一般地址,臺南市安平區健康路3段15號,1,晴,50,單路部分,路段,無號誌,車與車,未注意車前狀態
11001AC491B4043,20210112,120.167627,23.001405,交通事故,交叉路口,臺南市安平區安北路段40號安北路100,1,晴,30,交岔路,交叉路口,無號誌,車與車,未注意車前狀態
11001AC591B0037,20210101,120.213563,23.003954,交通事故,交叉路口,臺南市北區北門路2段號公園北路,1,晴,50,交岔路,交叉路口,行車管制號誌(附設行人專用號誌),車與車,未依規定讓車
11001AC591B0040,20210101,120.221446,23.006787,交通事故,交叉路口,臺南市北區長榮路四段段號長榮路四段183,1,晴,50,交岔路,交叉路口,閃光號誌,汽(機)車本身,左轉彎未依規定
11001AC591B0072,20210101,120.216756,23.006017,交通事故,交叉路口,臺南市北區開元路段號前鋒路,2,晴,0,交岔路,交叉路口,行車管制號誌,人與汽(機)車,未依規定行走行人穿越道、地下道、天橋而穿越道路
11001AC591B0100,20210102,120.209918,23.00742,交通事故,一般地址,臺南市北區公園路段622號,1,晴,50,交岔路,交叉路口,行車管制號誌,車與車,未依規定讓車
11001AC591B0114,20210102,120.220416,23.007439,交通事故,一般地址,臺南市北區開元路段198號,1,晴,50,單路部分,路段,無號誌,車與車,倒車未依規定
11001AC591B0126,20210102,120.193739,23.014119,交通事故,一般地址,臺南市北區文賢路段693號,1,晴,50,交岔路,交叉路口,行車管制號誌,車與車,未保持行車安全距離
11001AC591B0160,20210103,120.184871,23.011742,交通事故,其他,臺南市北區段號中華北路一段觀海橋下,2,晴,40,交岔路,交叉路口,行車管制號誌,車與車,未保持行車安全距離
11001AC591B0254,20210104,120.215355,23.017462,交通事故,一般地址,臺南市北區公園路段741號,1,晴,50,單路部分,路段,無號誌,車與車,未保持行車安全距離
11001AC591B0268,20210104,120.221186,23.012873,交通事故,交叉路口,臺南市北區北園街段87號北園街87151,1,晴,30,交岔路,交叉路口,閃光號誌,車與車,未依規定讓車
11001AC591B0272,20210103,120.203283,23.002536,交通事故,交叉路口,臺南市北區西門路三段段號公園南路,1,晴,50,交岔路,交叉路口,行車管制號誌(附設行人專用號誌),車與車,違反號誌管制或指揮
11001AC591B0287,20210103,120.206367,23.00662,交通事故,一般地址,臺南市北區西門路四段段30號,1,晴,40,交岔路,路段,無號誌,車與車,未注意車前狀態
11001AC591B0295,20210105,120.203284,23.002551,交通事故,交叉路口,臺南市北區西門路段號公園南路,1,晴,50,交岔路,交叉路口,行車管制號誌,車與車,違反號誌管制或指揮
11001AC591B0365,20210106,120.20136,22.999716,交通事故,交叉路口,臺南市北區西門路三段段號成功路,1,晴,40,交岔路,交叉路口,行車管制號誌,車與車,起步未注意其他車(人)安全
11001AC591B0401,20210106,120.204738,23.021742,交通事故,交叉路口,臺南市北區中華北路二段段號育成路,2,晴,60,單路部分,路段,無號誌,車與車,未注意車前狀態
11001AC591B0402,20210102,120.210482,23.003989,交通事故,交叉路口,臺南市北區公園路段321號公園路,1,晴,50,交岔路,交叉路口,閃光號誌,車與車,未保持行車安全間隔
11001AC591B0403,20210102,120.206495,23.012015,交通事故,交叉路口,臺南市北區和緯路2段號育德路,1,晴,40,交岔路,交叉路口,行車管制號誌(附設行人專用號誌),車與車,未保持行車安全間隔
11001AC591B0407,20210105,120.222841,23.002895,交通事故,一般地址,臺南市北區東豐路段275號,1,晴,40,交岔路,路段,無號誌,車與車,尚未發現肇事因素
11001AC591B0408,20210106,120.20311,23.005946,交通事故,一般地址,臺南市北區育德路段16號,2,晴,50,交岔路,交叉路口,無號誌,人與汽(機)車,未注意車前狀態
11001AC591B0409,20210107,120.206012,23.006313,交通事故,交叉路口,臺南市北區西門路4段號小北路,2,陰,40,交岔路,交叉路口,行車管制號誌(附設行人專用號誌),車與車,違反號誌管制或指揮
11001AC591B0438,20210107,120.223957,23.004787,交通事故,一般地址,臺南市北區長榮路四段段5833號,1,陰,30,交岔路,交叉路口,無號誌,車與車,未依規定讓車
11001AC591B0444,20210106,120.224859,23.005658,交通事故,交叉路口,臺南市北區林森路三段段號長榮路四段58,2,晴,50,交岔路,交叉路口,行車管制號誌,汽(機)車本身,違反號誌管制或指揮
11001AC591B0450,20210107,120.204961,22.998483,交通事故,交叉路口,臺南市北區成功路段號忠義路三段,1,晴,50,交岔路,交叉路口,行車管制號誌,車與車,未依規定讓車
11001AC591B0500,20210107,120.199347,23.020199,交通事故,交叉路口,臺南市北區中華北路二段段號海安路三段,1,晴,40,交岔路,交叉路口,行車管制號誌,汽(機)車本身,不明原因肇事
11001AC591B0508,20210104,120.211485,23.017274,交通事故,一般地址,臺南市北區西門路四段段419號,1,晴,50,單路部分,路段,無號誌,車與車,未注意車前狀態
11001AC591B0513,20210107,120.206686,23.014786,交通事故,一般地址,臺南市北區育德路段512號,1,晴,50,單路部分,路段,無號誌,車與車,未注意車前狀態
11001AC591B0529,20210108,120.205846,23.005962,交通事故,交叉路口,臺南市北區西門路四段段號小北路,1,晴,50,交岔路,交叉路口,無號誌,車與車,起步未注意其他車(人)安全
11001AC591B0543,20210108,120.206316,23.005488,交通事故,一般地址,臺南市北區公園北路段160號,1,晴,50,單路部分,路段,無號誌,車與車,未注意車前狀態
11001AC591B0595,20210108,120.195414,23.006144,交通事故,一般地址,臺南市北區文賢路段29277號,1,晴,30,交岔路,交叉路口,無號誌,車與車,未保持行車安全間隔
11001AC591B0607,20210108,120.227578,23.007792,交通事故,一般地址,臺南市北區南園街段127號,1,晴,30,交岔路,交叉路口,無號誌,車與車,未依規定讓車
11001AC591B0625,20210109,120.191632,23.005773,交通事故,一般地址,臺南市北區武聖路段76號,1,晴,40,單路部分,路段,無號誌,車與車,起步未注意其他車(人)安全
11001AC591B0636,20210109,120.223812,23.01084,交通事故,一般地址,臺南市北區北園街段850號,1,晴,50,單路部分,路段,無號誌,車與車,迴轉未依規定
11001AC591B0639,20210109,120.206083,23.020221,交通事故,交叉路口,臺南市北區北安路一段段號北成路,1,晴,50,交岔路,交叉路口,行車管制號誌,車與車,左轉彎未依規定
11001AC591B0640,20210104,120.2162,23.003854,交通事故,一般地址,臺南市北區東豐路段87號,2,晴,40,交岔路,路段,閃光號誌,車與車,未依規定讓車
11001AC591B0649,20210104,120.194391,23.018594,交通事故,其他,臺南市北區段號中華北路二段24號對面,1,晴,60,交岔路,路段,無號誌,車與車,未保持行車安全間隔
11001AC591B0651,20210109,120.214634,23.006711,交通事故,一般地址,臺南市北區北門路二段段199號,1,晴,30,單路部分,路段,無號誌,車與車,未依規定讓車
11001AC591B0661,20210109,120.212087,23.013467,交通事故,交叉路口,臺南市北區公園路段號長榮路5,1,陰,50,交岔路,交叉路口,行車管制號誌(附設行人專用號誌),車與車,違反特定標誌(線)禁制
11001AC591B0675,20210108,120.209875,23.007963,交通事故,一般地址,臺南市北區公園路段435-3號,2,晴,50,單路部分,路段,行車管制號誌,人與汽(機)車,未注意車前狀態
11001AC591B0700,20210110,120.189971,23.014567,交通事故,一般地址,臺南市北區大港街段124號,1,晴,30,單路部分,路段,無號誌,車與車,不明原因肇事
11001AC591B0707,20210110,120.220799,23.002803,交通事故,其他,臺南市北區段號東豐路4985燈桿前車道,1,晴,40,單路部分,路段,無號誌,車與車,未保持行車安全距離
11001AC591B0709,20210108,120.222555,23.005077,交通事故,一般地址,臺南市北區長榮路四段段90號,1,晴,50,交岔路,路段,無號誌,車與車,變換車道或方向不當
11001AC591B0715,20210110,120.207879,23.018094,交通事故,交叉路口,臺南市北區北安路一段段號育德路,1,晴,50,交岔路,交叉路口,行車管制號誌,車與車,未依規定讓車
11001AC591B0738,20210110,120.209418,23.017209,交通事故,交叉路口,臺南市北區北安路一段段號育賢街,1,晴,40,交岔路,交叉路口,行車管制號誌(附設行人專用號誌),車與車,左轉彎未依規定
11001AC591B0748,20210110,120.208751,23.001054,交通事故,交叉路口,臺南市北區公園路段號公園南路,1,晴,50,交岔路,交叉路口,行車管制號誌(附設行人專用號誌),車與車,左轉彎未依規定
11001AC591B0754,20210105,120.193677,23.014975,交通事故,交叉路口,臺南市北區文賢路段號文賢路735,1,晴,50,交岔路,交叉路口,無號誌,汽(機)車本身,未注意車前狀態
11001AC591B0758,20210104,120.185002,23.011297,交通事故,交叉路口,臺南市北區中華北路一段段號大興街30031,1,晴,40,交岔路,交叉路口,行車管制號誌(附設行人專用號誌),車與車,右轉彎未依規定
11001AC591B0766,20210104,120.209518,23.004162,交通事故,交叉路口,臺南市北區公園路段321號公園北路153,2,晴,30,交岔路,交叉路口,無號誌,車與車,未依規定讓車
11001AC591B0772,20210107,120.216182,23.010566,交通事故,一般地址,臺南市北區北門路二段段545號,2,晴,50,交岔路,路段,行車管制號誌,車與車,起步未注意其他車(人)安全
11001AC591B0774,20210104,120.194836,23.005801,交通事故,交叉路口,臺南市北區文賢路段292號文賢路480,2,晴,30,交岔路,交叉路口,無號誌,車與車,未依規定讓車
11001AC591B0794,20210109,120.210903,23.000473,交通事故,交叉路口,臺南市北區公園南路段號西華街,1,晴,50,交岔路,交叉路口,行車管制號誌,車與車,未依規定讓車
11001AC591B0806,20210111,120.20522,23.001072,交通事故,一般地址,臺南市北區北華街段174號,1,陰,30,交岔路,交叉路口,無號誌,車與車,未保持行車安全間隔
11001AC591B0822,20210111,120.218549,23.003123,交通事故,交叉路口,臺南市北區勝利路段號東豐路,1,晴,40,單路部分,路段,無號誌,車與車,未保持行車安全距離
11001AC591B0834,20210109,120.200011,23.009569,交通事故,交叉路口,臺南市北區海安路三段段號立賢路一段,1,晴,50,交岔路,交叉路口,行車管制號誌,車與車,其他引起事故之違規或不當行為
11001AC591B0841,20210101,120.224668,23.000579,交通事故,交叉路口,臺南市北區林森路三段段號小東路,2,晴,50,交岔路,交叉路口,行車管制號誌,車與車,未依規定讓車
11001AC591B0848,20210107,120.212729,22.999976,交通事故,交叉路口,臺南市北區北門路段號公園南路,1,晴,50,交岔路,交叉路口,行車管制號誌,車與車,未保持行車安全間隔
11001AC591B0854,20210106,120.223629,23.004663,交通事故,一般地址,臺南市北區長榮路四段段5823號,2,陰,30,單路部分,路段,無號誌,車與車,未注意車前狀態
11001AC591B0870,20210111,120.212148,23.013586,交通事故,一般地址,臺南市北區公園路段595-13號,1,晴,30,單路部分,其他,無號誌,人與汽(機)車,違反特定標誌(線)禁制
11001AC591B0886,20210109,120.220774,23.007613,交通事故,交叉路口,臺南市北區開元路段號長榮路五段,1,晴,50,交岔路,交叉路口,行車管制號誌(附設行人專用號誌),車與車,未依規定讓車
11001AC591B0889,20210109,120.199919,23.003749,交通事故,交叉路口,臺南市北區海安路三段段號臨安路二段,1,晴,50,交岔路,交叉路口,行車管制號誌(附設行人專用號誌),車與車,左轉彎未依規定
11001AC591B0890,20210111,120.209462,23.019325,交通事故,一般地址,臺南市北區北成路段88號,1,晴,50,單路部分,路段,無號誌,車與車,起步未注意其他車(人)安全
11001AC591B0914,20210112,120.187678,23.011951,交通事故,交叉路口,臺南市北區大興街段226號大興街19247,1,晴,30,交岔路,交叉路口,無號誌,汽(機)車本身,未注意車前狀態
11001AC591B0920,20210112,120.210764,23.004524,交通事故,交叉路口,臺南市北區公園路段號公園北路,1,晴,50,交岔路,交叉路口,行車管制號誌,車與車,未依規定讓車
11001AC591B0949,20210112,120.223352,23.009175,交通事故,交叉路口,臺南市北區開元路段號南園街,1,晴,50,交岔路,交叉路口,行車管制號誌(附設行人專用號誌),車與車,未依規定讓車
11001AC591B0975,20210105,120.204495,23.003815,交通事故,交叉路口,臺南市北區西門路三段段號民德路,1,晴,50,交岔路,交叉路口,行車管制號誌,車與車,不明原因肇事
11001AC591B0995,20210112,120.209478,23.000757,交通事故,其他,臺南市北區公園南路段號公園南路公園國小旁,1,晴,50,單路部分,路段,無號誌,車與車,未保持行車安全距離
11001AC591B1013,20210113,120.224786,23.002616,交通事故,交叉路口,臺南市北區東豐路段號林森路三段,1,晴,50,交岔路,交叉路口,行車管制號誌(附設行人專用號誌),車與車,未依規定讓車
11001AC591B1024,20210113,120.19386,23.012798,交通事故,交叉路口,臺南市北區文賢路段號文賢路609,1,晴,50,交岔路,交叉路口,無號誌,車與車,未保持行車安全距離
11001AC591B1030,20210113,120.210848,23.011206,交通事故,一般地址,臺南市北區公園路段587之12號,1,晴,30,單路部分,路段,無號誌,車與車,起步未注意其他車(人)安全
11001AC591B1040,20210112,120.192892,23.011759,交通事故,交叉路口,臺南市北區大興街段號大興街40,1,晴,50,交岔路,交叉路口,無號誌,車與車,未保持行車安全距離
11001AC591B1055,20210113,120.219367,23.01367,交通事故,交叉路口,臺南市北區實踐街段號實踐街85,3,晴,30,交岔路,交叉路口,閃光號誌,車與車,未依規定讓車
11001AC591B1060,20210112,120.207063,23.016312,交通事故,交叉路口,臺南市北區育德路段599號育德路,2,陰,50,交岔路,交叉路口,無號誌,車與車,起步未注意其他車(人)安全
11001AC591B1063,20210113,120.198503,23.003418,交通事故,交叉路口,臺南市北區臨安路二段段號康樂街,1,晴,50,交岔路,交叉路口,行車管制號誌(附設行人專用號誌),車與車,違反號誌管制或指揮
11001AC591B1064,20210113,120.198513,23.003317,交通事故,交叉路口,臺南市北區臨安路2段號康樂街,2,晴,30,交岔路,交叉路口,行車管制號誌(附設行人專用號誌),車與車,未依規定讓車
11001AC591B1080,20210101,120.215723,23.018412,交通事故,一般地址,臺南市北區公園路段769號,1,晴,50,交岔路,交叉路口,行車管制號誌,車與車,迴轉未依規定
11001AC591B1081,20210104,120.199225,23.020253,交通事故,交叉路口,臺南市北區中華北路段號海安路,2,晴,60,交岔路,交叉路口,行車管制號誌,車與車,違反號誌管制或指揮
11001AC591B1159,20210112,120.217858,23.002905,交通事故,一般地址,臺南市北區東豐路段166號,1,晴,40,單路部分,路段,無號誌,車與車,未注意車前狀態
11001AC591B1211,20210110,120.191823,23.015822,交通事故,交叉路口,臺南市北區文賢路段799號文賢路79958,1,晴,30,交岔路,交叉路口,無號誌,車與車,倒車未依規定
11001AC591B1212,20210115,120.206012,23.006313,交通事故,交叉路口,臺南市北區西門路四段段號小北路,2,晴,50,交岔路,交叉路口,行車管制號誌(附設行人專用號誌),車與車,未保持行車安全間隔
11001AC591B1213,20210114,120.1998,23.018547,交通事故,交叉路口,臺南市北區海安路三段段號北成路,1,晴,50,交岔路,交叉路口,行車管制號誌,車與車,違反特定標誌(線)禁制
11001AC591B1214,20210104,120.224671,23.006438,交通事故,交叉路口,臺南市北區林森路三段段號開南街,3,晴,50,交岔路,交叉路口,行車管制號誌,車與車,違反號誌管制或指揮
11001AC591B1216,20210115,120.197506,23.003051,交通事故,交叉路口,臺南市北區臨安路二段段號臨安路二段91,1,晴,50,交岔路,交叉路口,閃光號誌,車與車,未依規定讓車
11001AC591B1221,20210105,120.218373,23.013835,交通事故,交叉路口,臺南市北區實踐街段號實踐街103,2,晴,50,交岔路,交叉路口,閃光號誌,汽(機)車本身,其他引起事故之違規或不當行為
11001AC591B1248,20210115,120.216673,23.003926,交通事故,一般地址,臺南市北區東豐路段99號,1,晴,40,單路部分,路段,無號誌,車與車,其他引起事故之違規或不當行為
11001AC591B1281,20210115,120.21661,23.006019,交通事故,交叉路口,臺南市北區開元路段號開元路63,1,晴,50,交岔路,交叉路口,行車管制號誌,車與車,其他引起事故之違規或不當行為
11001AC591B1298,20210113,120.201405,23.016746,交通事故,交叉路口,臺南市北區育德三街段221號育德三街,1,晴,50,交岔路,交叉路口,無號誌,車與車,未依規定讓車
11001AC591B1301,20210107,120.22192,23.008312,交通事故,交叉路口,臺南市北區開元路段號開南街,1,晴,50,交岔路,交叉路口,行車管制號誌,車與車,違反號誌管制或指揮
11001AC591B1302,20210114,120.200615,23.011732,交通事故,交叉路口,臺南市北區海安路3段號和緯路2,1,晴,40,交岔路,交叉路口,行車管制號誌(附設行人專用號誌),車與車,未保持行車安全距離
11001AC591B1303,20210115,120.211301,23.012075,交通事故,交叉路口,臺南市北區公園路段號公園路820,1,晴,50,交岔路,交叉路口,行車管制號誌,車與車,迴轉未依規定
11001AC591B1304,20210115,120.210865,23.000495,交通事故,交叉路口,臺南市北區公園南路段號西華街,1,晴,50,交岔路,交叉路口,行車管制號誌(附設行人專用號誌),車與車,違反號誌管制或指揮
11001AC591B1311,20210109,120.218665,23.002238,交通事故,一般地址,臺南市北區勝利路段138號,1,晴,50,單路部分,路段,無號誌,車與車,未依規定讓車
11001AC591B1321,20210110,120.223336,23.009134,交通事故,交叉路口,臺南市北區開元路段號北園街,1,晴,50,交岔路,交叉路口,行車管制號誌,汽(機)車本身,不明原因肇事
11001AC591B1324,20210105,120.209799,23.002864,交通事故,交叉路口,臺南市北區公園路段號公園路295,1,晴,50,單路部分,路段,無號誌,車與車,變換車道或方向不當
11001AC591B1328,20210111,120.210307,23.015885,交通事故,交叉路口,臺南市北區西門路四段段號育成路,1,晴,50,交岔路,交叉路口,無號誌,車與車,未依規定讓車
11001AC591B1331,20210107,120.197345,22.987102,交通事故,交叉路口,臺南市北區西門路三段段號長賢街,1,陰,50,交岔路,交叉路口,行車管制號誌,汽(機)車本身,未注意車前狀態
11001AC591B1333,20210110,120.229735,23.001301,交通事故,一般地址,臺南市北區小東路段307127號,2,晴,50,交岔路,路段,無號誌,車與車,未注意車前狀態
11001AC591B1342,20210112,120.185385,23.009229,交通事故,一般地址,臺南市北區中華北路一段段117號,1,晴,40,單路部分,路段,無號誌,汽(機)車本身,不明原因肇事
11001AC591B1379,20210116,120.192775,23.009647,交通事故,其他,臺南市北區段號和緯路四段好市多旁,1,晴,50,單路部分,路段,行車管制號誌,車與車,未保持行車安全距離
11001AC591B1387,20210116,120.209569,23.000793,交通事故,其他,臺南市北區段號公園南路公園國小前,1,晴,50,單路部分,路段,無號誌,車與車,未保持行車安全距離
11001AC591B1402,20210115,120.215078,23.016963,交通事故,一般地址,臺南市北區公園路段1002號,2,晴,50,交岔路,交叉路口,無號誌,車與車,橫越道路不慎
11001AC591B1420,20210110,120.223857,23.009603,交通事故,一般地址,臺南市北區開元路段346號,1,晴,50,單路部分,路段,行車管制號誌,汽(機)車本身,其他引起事故之違規或不當行為
11001AC591B1421,20210116,120.211912,23.013223,交通事故,交叉路口,臺南市北區公園路段號長榮路五段,2,晴,50,交岔路,交叉路口,閃光號誌,車與車,迴轉未依規定
11001AC591B1431,20210116,120.218502,23.006647,交通事故,一般地址,臺南市北區開元路段145號,1,晴,50,交岔路,交叉路口,行車管制號誌,車與車,未注意車前狀態
11001AC591B1475,20210117,120.193358,23.016838,交通事故,一般地址,臺南市北區文賢路段827號,2,晴,50,交岔路,交叉路口,無號誌,車與車,未依規定讓車
11001AC591B1500,20210116,120.197449,23.000923,交通事故,交叉路口,臺南市北區成功路段號康樂街,1,晴,50,交岔路,交叉路口,行車管制號誌(附設行人專用號誌),車與車,未依規定讓車
11001AC591B1523,20210117,120.20012,23.004014,交通事故,交叉路口,臺南市北區海安路三段段號臨安路,3,晴,50,交岔路,交叉路口,行車管制號誌,車與車,未保持行車安全距離
11001AC591B1525,20210101,120.209342,23.013455,交通事故,交叉路口,臺南市北區西門路四段段號文成一路,4,晴,40,交岔路,交叉路口,行車管制號誌(附設行人專用號誌),車與車,未注意車前狀態
11001AC591B1527,20210116,120.197719,23.019611,交通事故,一般地址,臺南市北區中華北路二段段90號,1,晴,60,交岔路,交叉路口,無號誌,車與車,未依規定讓車
11001AC591B1529,20210117,120.215666,23.017754,交通事故,一般地址,臺南市北區公園路段1048號,2,晴,50,單路部分,路段,無號誌,車與車,未保持行車安全距離
11001AC591B1530,20210104,120.213611,23.009843,交通事故,交叉路口,臺南市北區和緯路一段段號和緯路一段86,3,晴,40,交岔路,交叉路口,行車管制號誌,車與車,違反號誌管制或指揮
11001AC591B1536,20210105,120.211373,23.011924,交通事故,其他,臺南市北區段號公園路798號前,1,晴,50,交岔路,交叉路口,閃光號誌,車與車,未依規定讓車
11001AC591B1558,20210118,120.185256,23.009899,交通事故,交叉路口,臺南市北區中華北路一段段號大興街,1,晴,40,交岔路,交叉路口,行車管制號誌(附設行人專用號誌),車與車,未保持行車安全距離
11001AC591B1560,20210117,120.206252,23.011261,交通事故,交叉路口,臺南市北區育德路段號西門路四段17120,1,晴,30,交岔路,交叉路口,無號誌,車與車,未依規定讓車
11001AC591B1571,20210117,120.186223,23.006902,交通事故,交叉路口,臺南市北區和緯路四段段號中華北路一段,2,晴,40,交岔路,交叉路口,行車管制號誌(附設行人專用號誌),車與車,未注意車前狀態
11001AC591B1589,20210118,120.211779,23.01325,交通事故,交叉路口,臺南市北區公園路段號公園路593,1,晴,50,交岔路,交叉路口,閃光號誌,車與車,起步未注意其他車(人)安全
11001AC591B1590,20210118,120.206545,23.012738,交通事故,交叉路口,臺南市北區育德路段號文成路,1,晴,50,交岔路,交叉路口,行車管制號誌,車與車,未依規定讓車
11001AC591B1595,20210102,120.21008,23.016468,交通事故,一般地址,臺南市北區北安路一段段107號0,1,晴,50,單路部分,路段,無號誌,車與車,爭(搶)道行駛
11001AC591B1610,20210114,120.203545,23.014004,交通事故,交叉路口,臺南市北區育德二路段號文成一路,1,晴,50,交岔路,交叉路口,閃光號誌,車與車,未依規定讓車
11001AC591B1646,20210111,120.222344,23.008043,交通事故,其他,臺南市北區段號開南街1號前,1,晴,50,交岔路,交叉路口,無號誌,車與車,未依規定讓車
11001AC591B1659,20210118,120.212845,23.014923,交通事故,交叉路口,臺南市北區北安路一段段號正覺街,2,晴,50,交岔路,交叉路口,行車管制號誌,車與車,未依規定讓車
11001AC591B1677,20210118,120.193847,23.008657,交通事故,交叉路口,臺南市北區文賢路段596號文賢路,2,晴,50,交岔路,交叉路口,無號誌,車與車,起步未注意其他車(人)安全
11001AC591B1679,20210118,120.193847,23.012359,交通事故,一般地址,臺南市北區文賢路段595號,1,晴,50,交岔路,交叉路口,無號誌,車與車,其他引起事故之違規或不當行為
11001AC591B1690,20210119,120.222517,23.002942,交通事故,交叉路口,臺南市北區東豐路段號長榮路四段,1,晴,50,交岔路,交叉路口,行車管制號誌,車與車,未依規定讓車
11001AC591B1700,20210119,120.220404,23.010834,交通事故,交叉路口,臺南市北區長榮路5段76號長榮路5,1,晴,30,交岔路,交叉路口,行車管制號誌,車與車,違反號誌管制或指揮
11001AC591B1735,20210119,120.183286,23.009365,交通事故,一般地址,臺南市北區大興街段380號,1,晴,50,交岔路,交叉路口,無號誌,車與車,違反特定標誌(線)禁制
11001AC591B1764,20210112,120.185543,23.008767,交通事故,其他,臺南市北區段號中華北路一段85號前,1,晴,40,單路部分,路段,行車管制號誌,車與車,未注意車前狀態
11001AC591B1786,20210120,120.21666,23.018776,交通事故,交叉路口,臺南市北區公園路段1092號公園路107417,1,晴,30,交岔路,交叉路口,閃光號誌,車與車,未依規定讓車
11001AC591B1798,20210116,120.191855,23.014026,交通事故,交叉路口,臺南市北區大港街段號大興街76,6,晴,30,交岔路,交叉路口,無號誌,車與車,未依規定讓車
11001AC591B1801,20210120,120.223969,23.009639,交通事故,一般地址,臺南市北區開元路段457號,1,晴,50,交岔路,交叉路口,行車管制號誌,車與車,未依規定讓車
11001AC591B1835,20210120,120.206149,23.010945,交通事故,交叉路口,臺南市北區育德路段號西門路四段171,1,晴,50,交岔路,交叉路口,無號誌,車與車,未依規定讓車
11001AC591B1844,20210120,120.193262,23.018015,交通事故,交叉路口,臺南市北區中華北路2段號文賢路,1,晴,40,交岔路,交叉路口,行車管制號誌(附設行人專用號誌),車與車,未依規定讓車