案件編號,發生日期,GPS經度,GPS緯度,案件類別名稱,地址類型名稱,發生縣市名稱,受傷人數,天候名稱, 速限-第1當事者,道路型態大類別名稱,事故位置大類別名稱,號誌-號誌種類名稱,事故類型及型態大類別名稱,肇因研判子類別名稱-主要
11001AC591B1853,20210101,120.222883,23.003006,交通事故,交叉路口,臺南市北區東豐路段號長榮路,2,晴,40,交岔路,交叉路口,行車管制號誌,車與車,未注意車前狀態
11001AC591B1868,20210120,120.207271,23.006492,交通事故,一般地址,臺南市北區小北路段40號,1,晴,50,交岔路,交叉路口,閃光號誌,車與車,左轉彎未依規定
11001AC591B1884,20210115,120.205208,22.999545,交通事故,交叉路口,臺南市北區忠義路三段段號佑民街,2,晴,50,交岔路,交叉路口,閃光號誌,車與車,未依規定讓車
11001AC591B1887,20210120,120.220082,23.011598,交通事故,一般地址,臺南市北區長榮路五段段177號,1,晴,50,單路部分,路段,無號誌,車與車,未保持行車安全間隔
11001AC591B1898,20210106,120.185251,23.009941,交通事故,交叉路口,臺南市北區中華北路一段段號大興街,1,晴,50,交岔路,交叉路口,行車管制號誌,車與車,未依規定讓車
11001AC591B1901,20210107,120.193883,23.009634,交通事故,其他,臺南市北區段號和緯路三段405號前,1,晴,50,交岔路,其他,行車管制號誌,人與汽(機)車,倒車未依規定
11001AC591B1902,20210108,120.21086,23.000464,交通事故,交叉路口,臺南市北區公園南路段號西華街,1,晴,40,交岔路,交叉路口,行車管制號誌(附設行人專用號誌),車與車,未依規定讓車
11001AC591B1907,20210112,120.183433,23.011895,交通事故,交叉路口,臺南市北區中華北路一段段263號中華北路一段20316,2,晴,30,交岔路,交叉路口,閃光號誌,車與車,未靠右行駛
11001AC591B1951,20210121,120.218373,23.013835,交通事故,交叉路口,臺南市北區實踐街段號實踐街103,2,晴,50,交岔路,交叉路口,閃光號誌,車與車,違反特定標誌(線)禁制
11001AC591B1960,20210120,120.19392,23.011036,交通事故,一般地址,臺南市北區文賢路段720號,1,晴,50,單路部分,路段,無號誌,車與車,未保持行車安全距離
11001AC591B1967,20210121,120.212559,23.013864,交通事故,一般地址,臺南市北區公園路段860-3號,1,晴,30,單路部分,路段,無號誌,車與車,不明原因肇事
11001AC591B2030,20210102,120.221675,23.018095,交通事故,一般地址,臺南市北區大武街段597號,2,晴,30,交岔路,交叉路口,閃光號誌,車與車,未依規定讓車
11001AC591B2035,20210121,120.212164,23.013571,交通事故,交叉路口,臺南市北區公園路段號公園路597,2,晴,50,交岔路,交叉路口,閃光號誌,車與車,左轉彎未依規定
11001AC591B2041,20210116,120.226053,23.011198,交通事故,其他,臺南市北區段號開元路開元路橋上(崑山中學對面),1,晴,50,交岔路,交叉路口,行車管制號誌,車與車,未保持行車安全間隔
11001AC591B2059,20210121,120.215738,23.009208,交通事故,交叉路口,臺南市北區北門路二段段號和緯路一段,1,陰,50,交岔路,交叉路口,行車管制號誌,汽(機)車本身,未注意車前狀態
11001AC591B2063,20210121,120.184746,23.011612,交通事故,交叉路口,臺南市北區中華北路一段段號觀海橋,1,晴,60,交岔路,交叉路口,行車管制號誌,車與車,其他引起事故之違規或不當行為
11001AC591B2073,20210112,120.220059,23.007275,交通事故,一般地址,臺南市北區開元路段219號,1,晴,50,單路部分,路段,無號誌,車與車,變換車道或方向不當
11001AC591B2074,20210121,120.206327,23.020271,交通事故,交叉路口,臺南市北區北安路一段段號北成路,1,晴,50,交岔路,交叉路口,行車管制號誌(附設行人專用號誌),車與車,未保持行車安全距離
11001AC591B2089,20210119,120.2054,23.02005,交通事故,交叉路口,臺南市北區育成路段號北成路,2,晴,50,交岔路,交叉路口,行車管制號誌,車與車,未依規定讓車
11001AC591B2126,20210121,120.187848,23.007556,交通事故,交叉路口,臺南市北區和緯路4段號武聖路,1,晴,50,交岔路,交叉路口,行車管制號誌(附設行人專用號誌),車與車,未依規定讓車
11001AC591B2127,20210122,120.207646,23.017598,交通事故,交叉路口,臺南市北區育德路段號育成路,1,陰,50,交岔路,交叉路口,行車管制號誌,車與車,未依規定讓車
11001AC591B2150,20210122,120.216973,23.012753,交通事故,交叉路口,臺南市北區北門路2段號長榮路5,1,晴,50,交岔路,交叉路口,行車管制號誌(附設行人專用號誌),車與車,未依規定讓車
11001AC591B2162,20210122,120.210692,23.004395,交通事故,一般地址,臺南市北區公園路段327號,2,雨,50,交岔路,路段,行車管制號誌,車與車,變換車道或方向不當
11001AC591B2175,20210122,120.213094,23.013187,交通事故,一般地址,臺南市北區公園路段86219號,1,晴,50,交岔路,交叉路口,行車管制號誌,車與車,未保持行車安全距離
11001AC591B2211,20210122,120.222541,23.002913,交通事故,交叉路口,臺南市北區東豐路段號長榮路四段,1,晴,50,交岔路,交叉路口,行車管制號誌,車與車,左轉彎未依規定
11001AC591B2220,20210122,120.213663,23.016209,交通事故,一般地址,臺南市北區公園路段66311號,1,雨,30,交岔路,交叉路口,無號誌,車與車,未依規定讓車
11001AC591B2233,20210110,120.212598,23.014135,交通事故,其他,臺南市北區段號北安路1段51巷3弄與公園路口,2,晴,30,交岔路,交叉路口,閃光號誌,車與車,未依規定讓車
11001AC591B2277,20210123,120.218785,23.017775,交通事故,一般地址,臺南市北區大武街段422號,1,晴,50,交岔路,路段,閃光號誌,車與車,未注意車前狀態
11001AC591B2279,20210110,120.207254,23.005505,交通事故,其他,臺南市北區段號公園北路156-3號,2,晴,50,交岔路,交叉路口,行車管制號誌,車與車,未注意車前狀態
11001AC591B2326,20210123,120.228202,22.999864,交通事故,交叉路口,臺南市北區小東路段號東豐路,1,晴,50,交岔路,交叉路口,行車管制號誌,車與車,未依規定讓車
11001AC591B2337,20210103,120.208751,23.001054,交通事故,交叉路口,臺南市北區公園路段號公園南路,2,晴,50,交岔路,交叉路口,行車管制號誌(附設行人專用號誌),車與車,違反號誌管制或指揮
11001AC591B2339,20210105,120.213106,23.00171,交通事故,交叉路口,臺南市北區北門路二段段號小東路,2,晴,50,交岔路,交叉路口,行車管制號誌(附設行人專用號誌),車與車,未保持行車安全距離
11001AC591B2340,20210109,120.212787,23.018912,交通事故,交叉路口,臺南市北區西門路四段段號西門路四段507,2,晴,40,交岔路,交叉路口,行車管制號誌(附設行人專用號誌),車與車,違反號誌管制或指揮
11001AC591B2341,20210109,120.193812,23.013547,交通事故,一般地址,臺南市北區文賢路段1008號,1,晴,50,單路部分,路段,無號誌,車與車,未注意車前狀態
11001AC591B2343,20210121,120.213064,23.00415,交通事故,其他,臺南市北區段號公園北路-臺南二中旁,1,晴,50,單路部分,路段,無號誌,汽(機)車本身,未注意車前狀態
11001AC591B2349,20210122,120.222329,23.000635,交通事故,交叉路口,臺南市北區小東路段號長榮路四段,1,晴,50,交岔路,交叉路口,行車管制號誌(附設行人專用號誌),汽(機)車本身,其他引起事故之違規或不當行為
11001AC591B2353,20210118,120.204292,23.003486,交通事故,交叉路口,臺南市北區西門路三段段號長賢街,1,晴,50,交岔路,交叉路口,行車管制號誌,車與車,未依規定讓車
11001AC591B2355,20210123,120.219718,23.000946,交通事故,其他,臺南市北區段號小東路成大醫院外面,1,晴,40,單路部分,路段,無號誌,車與車,未保持行車安全距離
11001AC591B2368,20210103,120.205731,23.005486,交通事故,交叉路口,臺南市北區公園北路段號西門路三段,1,晴,50,交岔路,交叉路口,行車管制號誌,車與車,未依規定讓車
11001AC591B2369,20210123,120.207826,23.009194,交通事故,一般地址,臺南市北區西門路四段段150號,2,晴,40,單路部分,路段,無號誌,車與車,未注意車前狀態
11001AC591B2384,20210121,120.197901,23.018196,交通事故,交叉路口,臺南市北區北成路段號中華北路二段90,1,晴,50,交岔路,交叉路口,閃光號誌,車與車,未依規定讓車
11001AC591B2386,20210124,120.214118,23.01586,交通事故,一般地址,臺南市北區公園路段952號,1,晴,50,交岔路,交叉路口,無號誌,車與車,起步未注意其他車(人)安全
11001AC591B2405,20210123,120.187662,23.011997,交通事故,交叉路口,臺南市北區大興街段226號大興街19247,1,陰,30,交岔路,交叉路口,無號誌,車與車,未依規定讓車
11001AC591B2406,20210110,120.216677,23.005994,交通事故,交叉路口,臺南市北區開元路段號前鋒路,2,晴,50,交岔路,交叉路口,行車管制號誌(附設行人專用號誌),車與車,違反特定標誌(線)禁制
11001AC591B2416,20210110,120.19475,23.012146,交通事故,一般地址,臺南市北區文成路段779號,1,晴,50,單路部分,路段,無號誌,車與車,迴轉未依規定
11001AC591B2425,20210114,120.193219,23.014844,交通事故,交叉路口,臺南市北區文賢路段735號文賢路73510,1,晴,30,交岔路,交叉路口,無號誌,車與車,未依規定讓車
11001AC591B2427,20210114,120.208615,23.011559,交通事故,交叉路口,臺南市北區西門路四段段號和緯路二段,1,晴,40,交岔路,交叉路口,行車管制號誌(附設行人專用號誌),車與車,未保持行車安全距離
11001AC591B2431,20210116,120.208158,23.014937,交通事故,交叉路口,臺南市北區育賢街段號文成二路,2,晴,30,交岔路,交叉路口,無號誌,車與車,未依規定讓車
11001AC591B2433,20210117,120.205804,23.005925,交通事故,交叉路口,臺南市北區西門路四段段號西門路四段1,1,晴,50,交岔路,交叉路口,行車管制號誌(附設行人專用號誌),車與車,未依規定讓車
11001AC591B2435,20210124,120.177602,23.005249,交通事故,交叉路口,臺南市北區和緯路五段段號西賢一街,1,晴,40,交岔路,交叉路口,行車管制號誌,車與車,未保持行車安全距離
11001AC591B2438,20210117,120.231799,22.998763,交通事故,其他,臺南市北區段號小東路與東光路二段,1,晴,50,交岔路,交叉路口,行車管制號誌,汽(機)車本身,尚未發現肇事因素
11001AC591B2451,20210111,120.191968,23.015848,交通事故,其他,臺南市北區段號文賢路799巷52號前,2,晴,30,單路部分,路段,無號誌,汽(機)車本身,未注意車前狀態
11001AC591B2460,20210113,120.203269,23.00253,交通事故,交叉路口,臺南市北區公園南路段號西門路三段,1,晴,50,交岔路,交叉路口,行車管制號誌(附設行人專用號誌),車與車,未保持行車安全間隔
11001AC591B2473,20210112,120.207654,23.017591,交通事故,其他,臺南市北區段號育德路與育成路口,1,晴,50,交岔路,交叉路口,行車管制號誌,車與車,違反號誌管制或指揮
11001AC591B2477,20210125,120.223785,23.00252,交通事故,交叉路口,臺南市北區東豐路段號東豐路305,1,晴,50,交岔路,交叉路口,閃光號誌,汽(機)車本身,未注意車前狀態
11001AC591B2486,20210125,120.204836,23.009744,交通事故,交叉路口,臺南市北區育德一街段號立賢路一段,1,晴,50,單路部分,路段,無號誌,汽(機)車本身,未注意車前狀態
11001AC591B2487,20210125,120.198451,23.010815,交通事故,交叉路口,臺南市北區和緯路三段段號文賢三街,2,晴,50,交岔路,交叉路口,行車管制號誌,車與車,未依規定讓車
11001AC591B2504,20210112,120.2073,23.001414,交通事故,其他,臺南市北區段號公園南路與北華路口,1,晴,40,交岔路,交叉路口,行車管制號誌(附設行人專用號誌),車與車,未注意車前狀態
11001AC591B2521,20210125,120.203569,23.002539,交通事故,交叉路口,臺南市北區西門路三段段號公園南路,3,晴,40,單路部分,路段,行車管制號誌,車與車,其他引起事故之違規或不當行為
11001AC591B2534,20210126,120.209906,23.007369,交通事故,交叉路口,臺南市北區公園路段號小北路,2,晴,50,交岔路,交叉路口,行車管制號誌,車與車,未保持行車安全間隔
11001AC591B2541,20210113,120.201787,23.000473,交通事故,其他,臺南市北區段號西門路三段41號前,1,晴,40,交岔路,交叉路口,行車管制號誌,車與車,起步未注意其他車(人)安全
11001AC591B2550,20210123,120.200428,23.011629,交通事故,交叉路口,臺南市北區和緯路三段段號海安路三段,2,晴,50,交岔路,交叉路口,行車管制號誌,人與汽(機)車,未注意車前狀態
11001AC591B2556,20210115,120.184827,23.011554,交通事故,其他,臺南市北區段號中華北路一段觀海橋上橋處,3,晴,70,交岔路,交叉路口,行車管制號誌,車與車,未保持行車安全距離
11001AC591B2564,20210114,120.207429,22.998818,交通事故,其他,臺南市北區段號公園路128號前,2,晴,50,交岔路,交叉路口,無號誌,車與車,起步未注意其他車(人)安全
11001AC591B2569,20210126,120.193217,23.01754,交通事故,一般地址,臺南市北區文賢路段859號,2,晴,50,單路部分,路段,無號誌,車與車,未注意車前狀態
11001AC591B2602,20210117,120.201862,23.003143,交通事故,其他,臺南市北區段號公園南路與公園南路370巷口,1,晴,40,交岔路,交叉路口,無號誌,汽(機)車本身,未注意車前狀態
11001AC591B2624,20210125,120.20117,23.018861,交通事故,交叉路口,臺南市北區北成路段號育德三街,1,晴,50,交岔路,交叉路口,無號誌,車與車,未依規定讓車
11001AC591B2625,20210126,120.208743,23.011316,交通事故,交叉路口,臺南市北區西門路四段段號和緯路二段,1,晴,40,交岔路,交叉路口,行車管制號誌,車與車,未保持行車安全間隔
11001AC591B2627,20210122,120.223352,23.009175,交通事故,交叉路口,臺南市北區開元路段號南園街,1,雨,50,交岔路,交叉路口,行車管制號誌(附設行人專用號誌),車與車,違反特定標誌(線)禁制
11001AC591B2631,20210125,120.190166,23.010899,交通事故,交叉路口,臺南市北區大興街段號大和路,2,晴,50,交岔路,交叉路口,閃光號誌,車與車,未依規定使用燈光
11001AC591B2632,20210126,120.212087,23.013467,交通事故,交叉路口,臺南市北區公園路段號長榮路5,1,晴,50,交岔路,交叉路口,行車管制號誌(附設行人專用號誌),車與車,未依規定讓車
11001AC591B2634,20210126,120.201332,22.999692,交通事故,交叉路口,臺南市北區西門路三段段號成功路,1,晴,50,交岔路,交叉路口,行車管制號誌(附設行人專用號誌),汽(機)車本身,未注意車前狀態
11001AC591B2658,20210112,120.190721,23.007094,交通事故,一般地址,臺南市北區文賢路段31369號,1,晴,30,單路部分,路段,無號誌,汽(機)車本身,其他引起事故之違規或不當行為
11001AC591B2674,20210127,120.218654,23.002296,交通事故,一般地址,臺南市北區勝利路段138號,1,晴,50,單路部分,路段,無號誌,車與車,違反特定標誌(線)禁制
11001AC591B2685,20210119,120.211349,23.015005,交通事故,交叉路口,臺南市北區西門路四段段430號北安路151,2,晴,30,交岔路,交叉路口,無號誌,車與車,未依規定讓車
11001AC591B2715,20210127,120.207751,23.001213,交通事故,一般地址,臺南市北區公園南路段125號,2,晴,50,交岔路,交叉路口,無號誌,車與車,未保持行車安全距離
11001AC591B2716,20210127,120.207295,23.016864,交通事故,交叉路口,臺南市北區育德路段號文成三路,1,晴,50,交岔路,交叉路口,行車管制號誌,車與車,未依規定讓車
11001AC591B2717,20210127,120.225215,23.004357,交通事故,一般地址,臺南市北區林森路三段段140號,1,晴,30,交岔路,交叉路口,無號誌,車與車,未注意車前狀態
11001AC591B2723,20210119,120.224791,23.002215,交通事故,交叉路口,臺南市北區林森路段號東豐路,2,晴,40,交岔路,交叉路口,無號誌,車與車,右轉彎未依規定
11001AC591B2725,20210103,120.181212,23.005076,交通事故,交叉路口,臺南市北區和緯路五段段號和緯路五段26,1,晴,50,交岔路,交叉路口,無號誌,車與車,起步未注意其他車(人)安全
11001AC591B2751,20210104,120.198399,23.010917,交通事故,交叉路口,臺南市北區和緯路三段段號文賢三街,1,晴,50,交岔路,交叉路口,行車管制號誌,汽(機)車本身,其他引起事故之違規或不當行為
11001AC591B2752,20210127,120.207692,22.999457,交通事故,一般地址,臺南市北區公園路段205號,1,晴,50,單路部分,路段,無號誌,汽(機)車本身,其他引起事故之違規或不當行為
11001AC591B2754,20210104,120.218737,23.003251,交通事故,交叉路口,臺南市北區東豐路段號勝利路,1,晴,50,交岔路,交叉路口,行車管制號誌,車與車,未依規定讓車
11001AC591B2762,20210108,120.207285,23.001435,交通事故,交叉路口,臺南市北區公園南路段號福德街,1,晴,50,交岔路,交叉路口,閃光號誌,汽(機)車本身,未注意車前狀態
11001AC591B2764,20210127,120.228616,23.001541,交通事故,一般地址,臺南市北區東興路二段段52號,1,晴,50,單路部分,路段,無號誌,車與車,未依規定讓車
11001AC591B2773,20210103,120.193869,23.009658,交通事故,交叉路口,臺南市北區文賢路段號和緯路四段,1,晴,50,交岔路,交叉路口,行車管制號誌(附設行人專用號誌),車與車,未依規定讓車
11001AC591B2780,20210109,120.20713,23.005376,交通事故,一般地址,臺南市北區公園北路段156號,2,晴,50,交岔路,交叉路口,行車管制號誌(附設行人專用號誌),車與車,違反號誌管制或指揮
11001AC591B2781,20210110,120.223026,23.008949,交通事故,交叉路口,臺南市北區開元路段號林森路三段,1,晴,50,單路部分,路段,無號誌,汽(機)車本身,不明原因肇事
11001AC591B2796,20210128,120.228873,23.001478,交通事故,其他,臺南市北區段號勝利街1巷54號對面,3,晴,50,單路部分,路段,無號誌,人與汽(機)車,未注意車前狀態
11001AC591B2802,20210128,120.218126,23.006566,交通事故,一般地址,臺南市北區開元路段123號,1,晴,50,單路部分,路段,無號誌,汽(機)車本身,其他引起事故之違規或不當行為
11001AC591B2817,20210128,120.208147,23.000165,交通事故,一般地址,臺南市北區公園路段227號,1,晴,50,單路部分,路段,無號誌,車與車,未保持行車安全間隔
11001AC591B2853,20210128,120.213095,23.018823,交通事故,交叉路口,臺南市北區西門路四段段號正覺街,1,晴,50,交岔路,交叉路口,行車管制號誌(附設行人專用號誌),車與車,未依規定讓車
11001AC591B2857,20210120,120.201289,23.012012,交通事故,一般地址,臺南市北區和緯路二段段512號,3,晴,40,單路部分,路段,無號誌,車與車,起步未注意其他車(人)安全
11001AC591B2860,20210109,120.207285,23.001435,交通事故,交叉路口,臺南市北區公園南路段號福德街,1,晴,50,交岔路,交叉路口,閃光號誌,車與車,未注意車前狀態
11001AC591B2871,20210124,120.228426,23.001562,交通事故,其他,臺南市永康區段號東興路二段與勝利街1巷口,3,晴,50,交岔路,交叉路口,行車管制號誌,車與車,違反號誌管制或指揮
11001AC591B2885,20210127,120.202722,23.005513,交通事故,交叉路口,臺南市北區育德路段號民德路,3,晴,50,交岔路,交叉路口,行車管制號誌,車與車,左轉彎未依規定
11001AC591B2892,20210110,120.213488,23.003624,交通事故,交叉路口,臺南市北區東豐路段號北門路二段,1,晴,50,交岔路,交叉路口,行車管制號誌,汽(機)車本身,其他引起事故之違規或不當行為
11001AC591B2919,20210118,120.225292,23.006829,交通事故,其他,臺南市北區段號南園街162巷16弄與林森路三段240巷,2,晴,30,交岔路,交叉路口,無號誌,車與車,未依規定減速
11001AC591B2936,20210117,120.21598,23.01907,交通事故,其他,臺南市北區段號公園路中正橋,2,晴,50,交岔路,交叉路口,行車管制號誌,車與車,違反號誌管制或指揮
11001AC591B2938,20210119,120.202491,23.00011,交通事故,其他,臺南市北區段號西門路三段24巷與自強街口,2,晴,30,交岔路,交叉路口,無號誌,車與車,未依規定減速
11001AC591B2947,20210109,120.198241,23.012725,交通事故,一般地址,臺南市北區文賢三街段142號,1,晴,50,單路部分,路段,無號誌,車與車,未注意車前狀態
11001AC591B2948,20210129,120.226954,23.004697,交通事故,交叉路口,臺南市北區開南街段號開南街211,2,晴,30,交岔路,交叉路口,無號誌,車與車,未依規定讓車
11001AC591B2949,20210123,120.205055,23.018811,交通事故,其他,臺南市北區段號育德一街與文成五路口,1,晴,50,交岔路,交叉路口,行車管制號誌,汽(機)車本身,未注意車前狀態
11001AC591B2960,20210129,120.200077,23.006788,交通事故,交叉路口,臺南市北區海安路三段段號民德路,1,晴,50,交岔路,交叉路口,行車管制號誌,車與車,未依規定讓車
11001AC591B2961,20210110,120.222994,23.008929,交通事故,交叉路口,臺南市北區開元路段號林森路3,1,晴,50,交岔路,交叉路口,行車管制號誌,車與車,違反號誌管制或指揮
11001AC591B2971,20210118,120.205463,22.999777,交通事故,交叉路口,臺南市北區忠義路3段號崇安街,2,晴,30,交岔路,交叉路口,無號誌,車與車,未依規定讓車
11001AC591B2991,20210109,120.193724,23.005974,交通事故,一般地址,臺南市北區文賢路段472號,2,晴,50,交岔路,交叉路口,無號誌,車與車,未保持行車安全距離
11001AC591B3027,20210115,120.218373,23.013835,交通事故,交叉路口,臺南市北區實踐街段號實踐街71,1,晴,30,交岔路,交叉路口,無號誌,車與車,未依規定讓車
11001AC591B3029,20210126,120.184928,23.011994,交通事故,一般地址,臺南市北區中華北路一段段273號,1,晴,60,交岔路,交叉路口,行車管制號誌,車與車,未保持行車安全距離
11001AC591B3031,20210116,120.215389,23.012872,交通事故,一般地址,臺南市北區長榮路五段段363號,1,晴,50,單路部分,路段,無號誌,車與車,未保持行車安全距離
11001AC591B3032,20210117,120.22192,23.008312,交通事故,交叉路口,臺南市北區開元路段號開南街,1,晴,50,交岔路,交叉路口,行車管制號誌,車與車,未保持行車安全間隔
11001AC591B3034,20210129,120.199196,23.018405,交通事故,交叉路口,臺南市北區北成路段號文成三路682,1,晴,50,交岔路,交叉路口,閃光號誌,車與車,未依規定讓車
11001AC591B3036,20210102,120.227566,23.001068,交通事故,一般地址,臺南市北區東豐路段502號,2,晴,30,交岔路,交叉路口,無號誌,車與車,逆向行駛
11001AC591B3038,20210129,120.228186,22.999843,交通事故,交叉路口,臺南市北區小東路段號東豐路,1,晴,40,交岔路,交叉路口,行車管制號誌(附設行人專用號誌),汽(機)車本身,未注意車前狀態
11001AC591B3039,20210129,120.200387,23.015998,交通事故,交叉路口,臺南市北區海安路三段段號文成三路,1,晴,50,交岔路,交叉路口,行車管制號誌(附設行人專用號誌),車與車,起步未注意其他車(人)安全
11001AC591B3040,20210129,120.198866,23.000513,交通事故,交叉路口,臺南市北區成功路段號海安路,2,晴,50,交岔路,交叉路口,行車管制號誌,車與車,未保持行車安全距離
11001AC591B3042,20210121,120.210796,23.004559,交通事故,交叉路口,臺南市北區公園路段號公園北路,1,晴,50,交岔路,交叉路口,行車管制號誌(附設行人專用號誌),車與車,未依規定讓車
11001AC591B3043,20210116,120.210785,23.01061,交通事故,交叉路口,臺南市北區公園路段號和緯路一段,1,晴,50,單路部分,路段,無號誌,車與車,未注意車前狀態
11001AC591B3044,20210125,120.207753,23.009756,交通事故,一般地址,臺南市北區西門路四段段153號,2,晴,40,單路部分,路段,無號誌,車與車,未保持行車安全距離
11001AC591B3045,20210109,120.193327,23.016099,交通事故,一般地址,臺南市北區文賢路段797號0文賢路79922,1,晴,30,交岔路,交叉路口,無號誌,車與車,迴轉未依規定
11001AC591B3051,20210120,120.210796,23.004559,交通事故,交叉路口,臺南市北區公園北路段號公園路,3,晴,50,交岔路,交叉路口,行車管制號誌,車與車,未保持行車安全間隔
11001AC591B3070,20210130,120.215012,23.017011,交通事故,一般地址,臺南市北區公園路段1002號,1,晴,50,交岔路,交叉路口,無號誌,車與車,未注意車前狀態
11001AC591B3073,20210130,120.203686,22.999821,交通事故,交叉路口,臺南市北區長北街段號長北街21,2,晴,30,交岔路,交叉路口,閃光號誌,車與車,未依規定讓車
11001AC591B3081,20210130,120.224274,23.005002,交通事故,一般地址,臺南市北區開元路段212巷148號,1,晴,30,交岔路,交叉路口,閃光號誌,汽(機)車本身,其他引起事故之違規或不當行為
11001AC591B3086,20210130,120.193184,23.017938,交通事故,交叉路口,臺南市北區中華北路一段段號文賢路,2,晴,40,交岔路,交叉路口,行車管制號誌(附設行人專用號誌),車與車,未注意車前狀態
11001AC591B3094,20210130,120.207095,23.007979,交通事故,一般地址,臺南市北區西門路四段段100號,2,晴,40,單路部分,路段,無號誌,車與車,未保持行車安全距離
11001AC591B3098,20210130,120.193616,23.006654,交通事故,交叉路口,臺南市北區文賢路段號文賢路313,1,晴,50,交岔路,交叉路口,行車管制號誌,車與車,未保持行車安全距離
11001AC591B3099,20210116,120.196468,23.002607,交通事故,交叉路口,臺南市北區臨安路2段號金華路5,1,晴,50,交岔路,交叉路口,行車管制號誌,車與車,未依規定讓車
11001AC591B3111,20210130,120.193878,23.011249,交通事故,其他,臺南市北區段號文賢路特力屋對面,1,晴,50,單路部分,路段,無號誌,車與車,變換車道或方向不當
11001AC591B3115,20210130,120.190333,23.014766,交通事故,一般地址,臺南市北區大港街段110號,2,晴,50,交岔路,交叉路口,無號誌,車與車,未依規定讓車
11001AC591B3144,20210130,120.197554,23.00096,交通事故,交叉路口,臺南市北區成功路段號康樂街,1,晴,40,交岔路,交叉路口,行車管制號誌,車與車,未保持行車安全距離
11001AC591B3149,20210130,120.205731,23.005486,交通事故,交叉路口,臺南市北區西門路三段段號公園北路,1,晴,50,交岔路,交叉路口,行車管制號誌,車與車,未依規定讓車
11001AC591B3155,20210130,120.228426,23.001562,交通事故,其他,臺南市北區段號東興路二段與勝利街1巷口,1,晴,50,交岔路,交叉路口,行車管制號誌,車與車,違反號誌管制或指揮
11001AC591B3156,20210130,120.220765,23.002765,交通事故,交叉路口,臺南市北區東豐路段號東豐路227,3,晴,40,交岔路,交叉路口,行車管制號誌(附設行人專用號誌),車與車,未注意車前狀態
11001AC591B3158,20210126,120.206185,23.001699,交通事故,交叉路口,臺南市北區公園南路段號忠義路三段,1,晴,50,交岔路,交叉路口,行車管制號誌,車與車,左轉彎未依規定
11001AC591B3159,20210121,120.212272,22.998235,交通事故,一般地址,臺南市北區北門路二段段37號,2,晴,50,單路部分,路段,無號誌,車與車,違反特定標誌(線)禁制
11001AC591B3161,20210126,120.207219,23.001356,交通事故,交叉路口,臺南市北區公園南路段號北華街,1,晴,50,交岔路,交叉路口,行車管制號誌,車與車,未注意車前狀態
11001AC591B3180,20210130,120.206507,23.012739,交通事故,交叉路口,臺南市北區育德路段號文成路,2,晴,50,交岔路,交叉路口,行車管制號誌,車與車,違反號誌管制或指揮
11001AC591B3183,20210130,120.193793,23.003713,交通事故,一般地址,臺南市北區文賢路段242號,1,晴,50,單路部分,路段,無號誌,車與車,未保持行車安全距離
11001AC591B3194,20210131,120.214105,23.013197,交通事故,一般地址,臺南市北區長榮路五段段426號,2,晴,50,單路部分,路段,無號誌,車與車,未注意車前狀態
11001AC591B3222,20210131,120.20919,23.011338,交通事故,交叉路口,臺南市北區和緯路二段段號和緯路二段71,1,晴,50,交岔路,交叉路口,行車管制號誌,車與車,右轉彎未依規定
11001AC591B3247,20210131,120.201269,23.01617,交通事故,交叉路口,臺南市北區文賢路段1122號文成三路682,1,晴,50,交岔路,交叉路口,閃光號誌,車與車,未依規定讓車
11001AC591B3250,20210131,120.22238,23.000785,交通事故,交叉路口,臺南市北區小東路段號長榮路4,1,晴,50,交岔路,交叉路口,行車管制號誌(附設行人專用號誌),車與車,未依規定讓車
11001AC591B3258,20210119,120.211472,22.997247,交通事故,一般地址,臺南市北區北門路二段段4號,3,晴,50,圓環廣場,路段,無號誌,車與車,未保持行車安全距離
11001AC591B3276,20210119,120.206291,23.001589,交通事故,交叉路口,臺南市北區公園南路段號忠義路,1,晴,50,交岔路,交叉路口,行車管制號誌,車與車,迴轉未依規定
11001AC591B3277,20210120,120.190804,23.006139,交通事故,交叉路口,臺南市北區武聖路段號武聖路151,2,晴,50,交岔路,交叉路口,行車管制號誌,車與車,未注意車前狀態
11001AC591B3278,20210121,120.193904,23.009785,交通事故,交叉路口,臺南市北區和緯路段號文賢路,1,晴,50,交岔路,交叉路口,行車管制號誌,車與車,違反號誌管制或指揮
11001AC591B3279,20210126,120.218613,23.006709,交通事故,一般地址,臺南市北區開元路段153號,1,晴,50,交岔路,交叉路口,無號誌,車與車,違反特定標誌(線)禁制
11001AC591B3281,20210126,120.205104,23.01239,交通事故,交叉路口,臺南市北區和緯路段號育德一街,2,晴,50,交岔路,交叉路口,行車管制號誌,車與車,未依規定讓車
11001AC591B3283,20210130,120.184912,23.011468,交通事故,其他,臺南市北區段號中華北路觀海橋,1,晴,60,交岔路,交叉路口,行車管制號誌,車與車,違反特定標誌(線)禁制
11001AC591B3285,20210101,120.206198,23.020153,交通事故,交叉路口,臺南市北區北安路段號北成路,1,晴,50,交岔路,交叉路口,行車管制號誌,車與車,左轉彎未依規定