案件編號,發生日期,GPS經度,GPS緯度,案件類別名稱,地址類型名稱,發生縣市名稱,受傷人數,天候名稱, 速限-第1當事者,道路型態大類別名稱,事故位置大類別名稱,號誌-號誌種類名稱,事故類型及型態大類別名稱,肇因研判子類別名稱-主要
11001AC591B3287,20210124,120.200423,23.013818,交通事故,交叉路口,臺南市北區海安路三段段號文成一路,2,晴,50,交岔路,交叉路口,行車管制號誌(附設行人專用號誌),車與車,逆向行駛
11001AC591B3290,20210106,120.203498,23.012315,交通事故,交叉路口,臺南市北區和緯路段號育德二路,1,晴,50,單路部分,路段,無號誌,汽(機)車本身,未注意車前狀態
11001AC591B3291,20210120,120.206991,23.018939,交通事故,一般地址,臺南市北區北安路一段段262號,1,晴,50,交岔路,交叉路口,行車管制號誌,車與車,變換車道或方向不當
11001AC591B3292,20210125,120.208792,23.001437,交通事故,一般地址,臺南市北區公園路段275號,1,晴,50,單路部分,路段,無號誌,車與車,開啟車門不當而肇事
11001AC591B3304,20210131,120.207059,23.008798,交通事故,一般地址,臺南市北區西門路四段段119號,1,晴,50,單路部分,路段,無號誌,車與車,未注意車前狀態
11001AC591B3322,20210113,120.193765,23.014931,交通事故,其他,臺南市北區段號文賢路1070號,1,晴,50,單路部分,路段,無號誌,車與車,未注意車前狀態
11001AC591B3330,20210122,120.200014,23.003793,交通事故,交叉路口,臺南市北區海安路三段段號公園南路,2,晴,40,交岔路,交叉路口,行車管制號誌(附設行人專用號誌),車與車,違反號誌管制或指揮
11001AC591B3356,20210128,120.208019,22.997933,交通事故,交叉路口,臺南市北區成功路段號成功路40,1,晴,50,交岔路,交叉路口,無號誌,車與車,未依規定讓車
11001AC591B3378,20210122,120.208761,23.016146,交通事故,交叉路口,臺南市北區文成三路段號育賢街,1,雨,50,交岔路,交叉路口,行車管制號誌,汽(機)車本身,未注意車前狀態
11001AC591B3381,20210123,120.198513,23.003317,交通事故,交叉路口,臺南市北區臨安路二段段90號康樂街,1,晴,50,交岔路,交叉路口,閃光號誌,車與車,未依規定讓車
11001AC591B3386,20210123,120.197578,23.003078,交通事故,交叉路口,臺南市北區臨安路二段段號臨安路二段91,1,晴,50,交岔路,交叉路口,行車管制號誌,車與車,未保持行車安全距離
11001AC591B3398,20210130,120.213538,23.004059,交通事故,交叉路口,臺南市北區北門路二段段號東豐路,1,晴,50,交岔路,交叉路口,行車管制號誌,車與車,未依規定讓車
11001AC591B3399,20210102,120.205711,23.00952,交通事故,交叉路口,臺南市北區育德路段號立賢路,1,晴,50,交岔路,交叉路口,行車管制號誌,車與車,逆向行駛
11001AC591B3408,20210104,120.212075,23.013388,交通事故,交叉路口,臺南市北區公園路段號長榮路,1,晴,50,交岔路,交叉路口,行車管制號誌,車與車,右轉彎未依規定
11001AC591B3409,20210107,120.218549,23.000891,交通事故,交叉路口,臺南市北區小東路段號勝利路,2,晴,50,交岔路,交叉路口,行車管制號誌,車與車,違反號誌管制或指揮
11001AC591B3410,20210113,120.1962,23.019277,交通事故,一般地址,臺南市北區中華北路2段62號,2,晴,60,單路部分,路段,無號誌,人與汽(機)車,其他引起事故之疏失或行為
11001AC591B3412,20210126,120.224786,23.002616,交通事故,交叉路口,臺南市北區東豐路段號林森路三段,1,晴,50,交岔路,交叉路口,行車管制號誌(附設行人專用號誌),車與車,未依規定讓車
11001AC591B3415,20210127,120.200776,23.011519,交通事故,交叉路口,臺南市北區海安路段號和緯路,1,晴,50,交岔路,交叉路口,行車管制號誌,車與車,未依規定讓車
11001AC591B3416,20210130,120.20494,23.003358,交通事故,交叉路口,臺南市北區長北街段號長賢街,1,晴,30,交岔路,交叉路口,閃光號誌,車與車,未保持行車安全間隔
11001AC591B3417,20210131,120.212308,23.010182,交通事故,交叉路口,臺南市北區和緯路段號長榮路五段401,2,晴,40,單路部分,路段,無號誌,汽(機)車本身,未注意車前狀態
11001AC591B3483,20210131,120.225696,23.003953,交通事故,一般地址,臺南市北區林森路三段段14034號,1,晴,30,單路部分,路段,無號誌,車與車,未保持行車安全間隔
11001AC591B3489,20210122,120.195346,23.007602,交通事故,交叉路口,臺南市北區文賢路段57252號文賢路546,2,雨,30,交岔路,交叉路口,無號誌,車與車,未依規定讓車
11001AC591B3520,20210129,120.20864,23.010843,交通事故,一般地址,臺南市北區西門路四段段220號,1,晴,40,單路部分,路段,無號誌,車與車,未保持行車安全間隔
11001AC591B3539,20210121,120.228186,22.999843,交通事故,交叉路口,臺南市北區小東路段號東豐路,1,雨,40,交岔路,交叉路口,行車管制號誌(附設行人專用號誌),車與車,未依規定讓車
11001AC591B3540,20210123,120.198697,23.00059,交通事故,交叉路口,臺南市北區成功路段號海安路三段,3,晴,40,交岔路,交叉路口,行車管制號誌(附設行人專用號誌),人與汽(機)車,未依標誌、標線、號誌或手勢指揮穿越道路
11001AC591B3545,20210131,120.223444,23.009268,交通事故,交叉路口,臺南市北區開元路段號南園街,2,晴,50,單路部分,路段,無號誌,車與車,變換車道或方向不當
11001AC591B3563,20210128,120.204259,23.003452,交通事故,交叉路口,臺南市北區西門路三段段號長賢街,1,晴,50,交岔路,交叉路口,行車管制號誌(附設行人專用號誌),車與車,未依規定讓車
11001AC591B3579,20210127,120.19985,23.007585,交通事故,一般地址,臺南市北區海安路三段段276號0,2,晴,40,單路部分,路段,閃光號誌,車與車,橫越道路不慎
11001AC591B3647,20210126,120.206634,22.998169,交通事故,一般地址,臺南市北區成功路段70號,1,晴,40,交岔路,交叉路口,無號誌,汽(機)車本身,未注意車前狀態
11001AC591B3649,20210128,120.204135,23.003384,交通事故,一般地址,臺南市北區西門路三段段216號,1,晴,50,單路部分,路段,無號誌,汽(機)車本身,其他引起事故之違規或不當行為
11001AC591B3663,20210130,120.203539,23.002406,交通事故,交叉路口,臺南市北區公園南路段號西門路三段,1,晴,50,單路部分,路段,無號誌,車與車,開啟車門不當而肇事
11001AC591B3677,20210122,120.21004,23.008445,交通事故,一般地址,臺南市北區公園路段453號,1,晴,50,交岔路,交叉路口,行車管制號誌,車與車,未保持行車安全距離
11001AC591B3678,20210128,120.22046,23.010663,交通事故,一般地址,臺南市北區長榮路五段段74號,2,晴,30,交岔路,交叉路口,行車管制號誌(附設行人專用號誌),車與車,違反號誌管制或指揮
11001AC591B3679,20210128,120.218593,23.003138,交通事故,交叉路口,臺南市北區東豐路段號勝利路,1,晴,40,單路部分,路段,行車管制號誌(附設行人專用號誌),車與車,未保持行車安全距離
11001AC591B3680,20210129,120.213492,23.01313,交通事故,其他,臺南市北區段號長榮路5段團管區前,2,晴,50,交岔路,交叉路口,行車管制號誌,車與車,左轉彎未依規定
11001AC591B3681,20210130,120.210034,23.016802,交通事故,一般地址,臺南市北區北安路一段段110號,1,晴,40,單路部分,路段,無號誌,車與車,起步未注意其他車(人)安全
11001AC591B3682,20210130,120.220789,23.003185,交通事故,交叉路口,臺南市北區東豐路段號東豐路227,2,晴,40,交岔路,交叉路口,行車管制號誌(附設行人專用號誌),車與車,未保持行車安全距離
11001AC591B3683,20210113,120.20578,23.006292,交通事故,一般地址,臺南市北區西門路四段段5號,1,晴,50,交岔路,交叉路口,行車管制號誌,車與車,未保持行車安全間隔
11001AC591B3718,20210119,120.200003,23.000057,交通事故,交叉路口,臺南市北區成功路段號國華街四段,1,晴,50,單路部分,路段,行車管制號誌,車與車,未依規定讓車
11001AC591B3720,20210123,120.219703,23.007012,交通事故,一般地址,臺南市北區開元路段158號,1,晴,50,單路部分,路段,無號誌,車與車,未保持行車安全距離
11001AC591B3725,20210111,120.218682,23.00249,交通事故,一般地址,臺南市北區勝利路段138號,1,晴,50,單路部分,路段,無號誌,車與車,未依規定讓車
11001AC591B3726,20210120,120.1991,23.000865,交通事故,一般地址,臺南市北區海安路三段段8號,1,晴,40,單路部分,路段,無號誌,車與車,未注意車前狀態
11001AC591B3729,20210112,120.222329,23.000635,交通事故,交叉路口,臺南市北區小東路段號長榮路四段,1,晴,50,交岔路,交叉路口,行車管制號誌(附設行人專用號誌),車與車,右轉彎未依規定
11001AC591B3730,20210112,120.205731,23.005486,交通事故,交叉路口,臺南市北區公園北路段號西門路三段,1,晴,40,交岔路,交叉路口,行車管制號誌(附設行人專用號誌),車與車,左轉彎未依規定
11001AC591B3735,20210109,120.216756,23.006017,交通事故,交叉路口,臺南市北區開元路段號前鋒路,2,晴,40,交岔路,交叉路口,行車管制號誌,車與車,未注意車前狀態
11001AC591B3747,20210113,120.205208,22.999545,交通事故,交叉路口,臺南市北區忠義路三段段號裕民街34,1,晴,50,交岔路,交叉路口,閃光號誌,車與車,未依規定讓車
11001AC591B3749,20210113,120.222329,23.000635,交通事故,交叉路口,臺南市北區小東路段號長榮路四段,1,晴,40,交岔路,交叉路口,行車管制號誌(附設行人專用號誌),汽(機)車本身,不明原因肇事
11001AC591B3750,20210117,120.230454,22.999368,交通事故,一般地址,臺南市北區小東路段299號0,1,晴,40,單路部分,路段,無號誌,汽(機)車本身,不明原因肇事
11001AC591B3751,20210122,120.206512,23.012754,交通事故,交叉路口,臺南市北區文成路段號育德路,2,晴,50,交岔路,交叉路口,行車管制號誌,車與車,違反號誌管制或指揮
11001AC591B3752,20210122,120.183048,23.013256,交通事故,一般地址,臺南市北區安明路觀海橋段號,1,晴,40,單路部分,路段,無號誌,車與車,未注意車前狀態
11001AC591B3753,20210123,120.210675,23.016354,交通事故,交叉路口,臺南市北區西門路四段段號北安路一段,1,晴,50,交岔路,交叉路口,行車管制號誌(附設行人專用號誌),車與車,起步未注意其他車(人)安全
11001AC591B3754,20210128,120.19787,23.004526,交通事故,交叉路口,臺南市北區海安路三段段135號臨安路二段143,1,晴,50,交岔路,交叉路口,行車管制號誌,車與車,違反號誌管制或指揮
11001AC591B3755,20210129,120.203371,22.998884,交通事故,交叉路口,臺南市北區成功路段號長北街,1,晴,50,交岔路,交叉路口,行車管制號誌(附設行人專用號誌),車與車,未注意車前狀態
11001AC591B3756,20210129,120.19157,23.011287,交通事故,交叉路口,臺南市北區大興街段號大興街96,1,晴,50,交岔路,交叉路口,閃光號誌,車與車,未依規定讓車
11001AC591B3757,20210130,120.199898,23.003897,交通事故,交叉路口,臺南市北區臨安路二段段號海安路三段,1,晴,50,交岔路,交叉路口,行車管制號誌(附設行人專用號誌),車與車,未注意車前狀態
11001AC591B3758,20210131,120.216967,23.012774,交通事故,交叉路口,臺南市北區長榮路五段段號北門路二段,1,晴,50,交岔路,交叉路口,行車管制號誌(附設行人專用號誌),車與車,未依規定讓車
11001AC591B3776,20210117,120.184736,23.011604,交通事故,交叉路口,臺南市北區中華北路一段段號安明路觀海橋,1,晴,60,交岔路,交叉路口,行車管制號誌,車與車,未保持行車安全距離
11001AC591B3777,20210124,120.198486,23.003269,交通事故,交叉路口,臺南市北區臨安路二段段號康樂街,1,晴,50,交岔路,交叉路口,行車管制號誌,車與車,未依規定讓車
11001AC591B3778,20210115,120.212871,23.014869,交通事故,交叉路口,臺南市北區北安路一段段號正覺街,1,晴,50,交岔路,交叉路口,行車管制號誌,車與車,違反特定標誌(線)禁制
11001AC591B3779,20210115,120.202954,23.020722,交通事故,一般地址,臺南市北區中華北路二段段19420號,2,晴,50,交岔路,交叉路口,無號誌,車與車,未依規定讓車
11001AC591B3780,20210129,120.2113,23.004466,交通事故,一般地址,臺南市北區公園北路段82號,1,晴,50,單路部分,路段,無號誌,車與車,開啟車門不當而肇事
11001AC591B3781,20210130,120.212174,23.017982,交通事故,交叉路口,臺南市北區西門路四段段號北成路,1,晴,40,交岔路,交叉路口,行車管制號誌,汽(機)車本身,未注意車前狀態
11001AC591B3783,20210131,120.224948,23.004554,交通事故,交叉路口,臺南市北區林森路三段段號林森路三段140,2,晴,40,交岔路,交叉路口,行車管制號誌,車與車,違反特定標誌(線)禁制
11001AC591B3827,20210125,120.203217,23.005032,交通事故,交叉路口,臺南市北區臨安路二段段號民德路,1,晴,50,交岔路,交叉路口,行車管制號誌(附設行人專用號誌),車與車,未依規定讓車
11001AC591B3851,20210121,120.202868,22.999298,交通事故,一般地址,臺南市北區成功路段240號,2,晴,40,交岔路,交叉路口,行車管制號誌(附設行人專用號誌),車與車,不明原因肇事
11001AC591B3863,20210122,120.196181,23.008039,交通事故,交叉路口,臺南市北區文賢一路段號文賢一路242,2,晴,50,交岔路,交叉路口,無號誌,車與車,未依規定讓車
11001AC591B3875,20210128,120.207248,23.001537,交通事故,一般地址,臺南市北區公園南路段120號,1,晴,50,交岔路,交叉路口,行車管制號誌(附設行人專用號誌),車與車,逆向行駛
11001AC591B3895,20210127,120.21405,23.003845,交通事故,其他,臺南市北區段號東豐路往東東豐平交道前,1,晴,50,單路部分,路段,行車管制號誌,汽(機)車本身,疲勞(患病)駕駛失控
11001AC591B3934,20210126,120.210242,23.006242,交通事故,交叉路口,臺南市北區公園路段862號公園路86219,1,晴,30,交岔路,交叉路口,無號誌,車與車,未依規定讓車
11001AC591B3935,20210122,120.20578,23.006292,交通事故,交叉路口,臺南市北區西門路四段段65號育德路,1,雨,50,交岔路,交叉路口,行車管制號誌,汽(機)車本身,其他引起事故之違規或不當行為
11001AC591B3994,20210130,120.200657,23.012644,交通事故,交叉路口,臺南市北區海安路三段段號文成路,2,晴,50,交岔路,交叉路口,行車管制號誌,車與車,違反特定標誌(線)禁制
11001AC591B3997,20210120,120.231817,22.998773,交通事故,交叉路口,臺南市北區小東路段號東光路,1,晴,50,交岔路,交叉路口,行車管制號誌,車與車,違反號誌管制或指揮
11001AC691B0017,20210101,120.191772,22.98485,交通事故,交叉路口,臺南市南區金華路2段號建南路,1,晴,50,交岔路,交叉路口,行車管制號誌,車與車,未依規定讓車
11001AC691B0038,20210101,120.21463,22.967445,交通事故,交叉路口,臺南市南區國民路段5036號國民路,2,晴,50,單路部分,路段,無號誌,車與車,未注意車前狀態
11001AC691B0048,20210101,120.188628,22.98737,交通事故,一般地址,臺南市南區南樂街段33號0,1,晴,50,單路部分,路段,無號誌,汽(機)車本身,其他引起事故之違規或不當行為
11001AC691B0053,20210102,120.216556,22.964538,交通事故,交叉路口,臺南市南區大同路2段號生產路,2,晴,50,交岔路,交叉路口,行車管制號誌,車與車,違反號誌管制或指揮
11001AC691B0083,20210102,120.189933,22.977085,交通事故,交叉路口,臺南市南區慶南街段號金華路233,2,晴,30,交岔路,交叉路口,無號誌,車與車,未依規定讓車
11001AC691B0099,20210102,120.190477,22.970089,交通事故,一般地址,臺南市南區金華路1段356號0,3,晴,50,單路部分,路段,無號誌,車與車,未保持行車安全距離
11001AC691B0103,20210102,120.212496,22.975979,交通事故,交叉路口,臺南市南區大林路段號大林路55,2,晴,50,交岔路,交叉路口,行車管制號誌,車與車,未依規定讓車
11001AC691B0116,20210102,120.18378,22.960488,交通事故,一般地址,臺南市南區濱南路段65號0,1,晴,60,單路部分,路段,無號誌,車與車,未注意車前狀態
11001AC691B0159,20210102,120.214564,22.973336,交通事故,一般地址,臺南市南區大同路2段462號0,1,晴,50,單路部分,路段,無號誌,車與車,未保持行車安全距離
11001AC691B0168,20210103,120.191283,22.975617,交通事故,一般地址,臺南市南區新興路段306號0,1,晴,50,單路部分,路段,無號誌,車與車,未注意車前狀態
11001AC691B0203,20210103,120.175587,22.920432,交通事故,一般地址,臺南市南區濱南路段號0,1,晴,70,單路部分,路段,無號誌,車與車,未保持行車安全距離
11001AC691B0255,20210104,120.19706,22.992309,交通事故,交叉路口,臺南市南區國華街段號南寧街,1,晴,50,交岔路,交叉路口,行車管制號誌,車與車,違反號誌管制或指揮
11001AC691B0270,20210105,120.188695,22.97628,交通事故,交叉路口,臺南市南區新建路段3號金華路215,1,晴,50,交岔路,交叉路口,閃光號誌,車與車,未依規定讓車
11001AC691B0310,20210105,120.211042,22.969905,交通事故,一般地址,臺南市南區中華南路一段段177號0,1,晴,50,交岔路,交叉路口,行車管制號誌,車與車,起步未注意其他車(人)安全
11001AC691B0332,20210104,120.183723,22.967202,交通事故,交叉路口,臺南市南區中華西路1段號新和路,1,晴,60,交岔路,交叉路口,行車管制號誌,車與車,左轉彎未依規定
11001AC691B0333,20210105,120.2106,22.97489,交通事故,一般地址,臺南市南區大林路段號0,1,晴,50,單路部分,路段,無號誌,車與車,起步未注意其他車(人)安全
11001AC691B0334,20210105,120.203414,22.975052,交通事故,交叉路口,臺南市南區大成路1段號新都路,2,晴,50,交岔路,交叉路口,行車管制號誌,車與車,未注意車前狀態
11001AC691B0336,20210105,120.184712,22.978781,交通事故,一般地址,臺南市南區中華西路1段95號0,1,晴,50,單路部分,路段,無號誌,車與車,未依規定讓車
11001AC691B0339,20210103,120.176589,22.931409,交通事故,一般地址,臺南市南區濱南路段600號0,1,晴,70,單路部分,路段,無號誌,車與車,起步未注意其他車(人)安全
11001AC691B0342,20210105,120.19555,22.96013,交通事故,一般地址,臺南市南區永成路2段811號0,3,晴,50,單路部分,路段,無號誌,車與車,未注意車前狀態
11001AC691B0345,20210106,120.191818,22.928091,交通事故,一般地址,臺南市南區同興路段168201號0,1,晴,40,單路部分,路段,無號誌,車與車,起步未注意其他車(人)安全
11001AC691B0461,20210107,120.19438,22.958846,交通事故,一般地址,臺南市南區興隆路段48號0,1,晴,50,單路部分,路段,無號誌,車與車,起步未注意其他車(人)安全
11001AC691B0501,20210108,120.191151,22.975608,交通事故,交叉路口,臺南市南區金華路2段15號尊南街,1,陰,50,交岔路,交叉路口,閃光號誌,車與車,未依規定讓車
11001AC691B0517,20210107,120.194962,22.987526,交通事故,交叉路口,臺南市南區夏林路段號永華路,1,陰,50,交岔路,交叉路口,行車管制號誌(附設行人專用號誌),車與車,未注意車前狀態
11001AC691B0569,20210108,120.195456,22.969168,交通事故,交叉路口,臺南市南區永成路3段號永成路3432,1,晴,50,交岔路,交叉路口,無號誌,車與車,未依規定讓車
11001AC691B0574,20210108,120.187877,22.981812,交通事故,一般地址,臺南市南區健康路2段351號0,2,晴,50,單路部分,路段,無號誌,車與車,未保持行車安全距離
11001AC691B0579,20210108,120.195212,22.973971,交通事故,一般地址,臺南市南區永成路3段523號0,1,晴,50,單路部分,路段,無號誌,車與車,未依規定讓車
11001AC691B0588,20210108,120.200954,22.981245,交通事故,一般地址,臺南市南區健康路1段333號,1,陰,30,交岔路,交叉路口,無號誌,車與車,未依規定讓車
11001AC691B0596,20210108,120.191312,22.977981,交通事故,一般地址,臺南市南區金華路2段90號,1,晴,50,單路部分,路段,無號誌,車與車,未保持行車安全距離
11001AC691B0601,20210108,120.190479,22.980782,交通事故,交叉路口,臺南市南區金華路2段147號慶南街,2,晴,30,交岔路,交叉路口,無號誌,車與車,未依規定讓車
11001AC691B0621,20210109,120.191493,22.981529,交通事故,交叉路口,臺南市南區金華路2段號健康路2,1,晴,50,交岔路,交叉路口,行車管制號誌,車與車,未注意車前狀態
11001AC691B0622,20210109,120.182644,22.981483,交通事故,交叉路口,臺南市南區健康路2段533號中華西路1109,1,晴,30,交岔路,交叉路口,無號誌,車與車,未依規定讓車
11001AC691B0632,20210109,120.191204,22.975485,交通事故,交叉路口,臺南市南區金華路2段51號惠南街,1,晴,50,交岔路,交叉路口,無號誌,車與車,未依規定讓車
11001AC691B0646,20210109,120.182165,22.925366,交通事故,一般地址,臺南市南區灣裡路段346號0,2,晴,50,單路部分,路段,無號誌,車與車,左轉彎未依規定
11001AC691B0658,20210109,120.199245,22.981638,交通事故,交叉路口,臺南市南區大同路2段號健康路1,1,陰,50,交岔路,交叉路口,無號誌,車與車,起步未注意其他車(人)安全
11001AC691B0689,20210110,120.203636,22.979723,交通事故,交叉路口,臺南市南區南門路段號新興東路,1,晴,50,交岔路,交叉路口,行車管制號誌,車與車,未依規定讓車
11001AC691B0695,20210110,120.197126,22.987188,交通事故,交叉路口,臺南市南區永華路1段號夏林路,1,晴,50,交岔路,交叉路口,行車管制號誌,車與車,未保持行車安全間隔
11001AC691B0697,20210110,120.185104,22.98154,交通事故,交叉路口,臺南市南區中華西路1段137號中華西路11092,2,晴,30,交岔路,交叉路口,無號誌,車與車,未依規定讓車
11001AC691B0725,20210109,120.180921,22.941,交通事故,交叉路口,臺南市南區喜樹路段74號無名道路,1,晴,40,交岔路,交叉路口,無號誌,車與車,未依規定讓車
11001AC691B0730,20210105,120.189509,22.962533,交通事故,一般地址,臺南市南區金華路1段48號,1,晴,50,單路部分,路段,無號誌,車與車,其他引起事故之違規或不當行為
11001AC691B0734,20210110,120.195088,22.95649,交通事故,交叉路口,臺南市南區永成路2段號明興路619499,1,晴,60,交岔路,交叉路口,行車管制號誌,車與車,違反號誌管制或指揮
11001AC691B0737,20210105,120.195301,22.959107,交通事故,一般地址,臺南市南區永成路2段781號0,1,晴,50,單路部分,路段,無號誌,車與車,未保持行車安全距離
11001AC691B0751,20210102,120.198116,22.980219,交通事故,交叉路口,臺南市南區西門路1段352號西門路13802,1,晴,30,交岔路,交叉路口,無號誌,車與車,未依規定讓車
11001AC691B0752,20210103,120.195424,22.951321,交通事故,一般地址,臺南市南區永成路2段519-2號0,1,晴,60,單路部分,路段,無號誌,車與車,未注意車前狀態
11001AC691B0755,20210104,120.192155,22.928495,交通事故,一般地址,臺南市南區同興路段168200號0,1,晴,30,單路部分,路段,無號誌,車與車,未依規定讓車
11001AC691B0797,20210111,120.193562,22.965759,交通事故,交叉路口,臺南市南區永吉街段號永興一街,1,晴,50,交岔路,交叉路口,無號誌,車與車,未依規定讓車
11001AC691B0799,20210108,120.216556,22.964538,交通事故,交叉路口,臺南市南區大同路段號生產路,1,晴,50,交岔路,交叉路口,行車管制號誌,車與車,未保持行車安全間隔
11001AC691B0827,20210111,120.188785,22.960546,交通事故,一般地址,臺南市南區明興路段12號0,1,晴,50,單路部分,路段,無號誌,汽(機)車本身,未注意車前狀態
11001AC691B0849,20210111,120.200626,22.979736,交通事故,交叉路口,臺南市南區新興東路段號水交社路,1,晴,50,交岔路,交叉路口,行車管制號誌,車與車,左轉彎未依規定
11001AC691B0855,20210108,120.200626,22.979736,交通事故,交叉路口,臺南市南區新興東路段號水交社路,1,晴,50,交岔路,交叉路口,行車管制號誌,車與車,左轉彎未依規定
11001AC691B0858,20210111,120.182068,22.942137,交通事故,一般地址,臺南市南區明興路段號0,1,晴,50,單路部分,路段,無號誌,車與車,未保持行車安全距離
11001AC691B0879,20210105,120.213539,22.978088,交通事故,交叉路口,臺南市南區大同路2段164號大同路2,1,晴,50,交岔路,交叉路口,行車管制號誌,車與車,未依規定讓車
11001AC691B0884,20210111,120.195361,22.967558,交通事故,一般地址,臺南市南區永成路3段195號,1,陰,50,單路部分,路段,無號誌,車與車,未保持行車安全距離
11001AC691B0901,20210112,120.187074,22.961445,交通事故,交叉路口,臺南市南區中華西路1段號建南路,3,晴,50,交岔路,交叉路口,行車管制號誌,車與車,未依規定讓車
11001AC691B0966,20210112,120.188701,22.976265,交通事故,交叉路口,臺南市南區金華路2段15號尊南街,1,晴,50,交岔路,交叉路口,無號誌,車與車,未依規定讓車
11001AC691B0983,20210105,120.208855,22.96995,交通事故,一般地址,臺南市南區國民路段268號0,2,晴,50,交岔路,交叉路口,行車管制號誌,車與車,未注意車前狀態
11001AC691B1018,20210113,120.201697,22.97516,交通事故,一般地址,臺南市南區大成路1段68號,1,晴,50,單路部分,路段,無號誌,車與車,未注意車前狀態
11001AC691B1026,20210113,120.195122,22.978147,交通事故,交叉路口,臺南市南區新興路段號夏林路,1,晴,50,交岔路,交叉路口,行車管制號誌,車與車,違反號誌管制或指揮
11001AC691B1058,20210113,120.194786,22.969726,交通事故,一般地址,臺南市南區金華路1段484217號,1,晴,40,交岔路,交叉路口,無號誌,車與車,未依規定讓車
11001AC691B1071,20210106,120.191965,22.987167,交通事故,交叉路口,臺南市南區金華路段2號美南街,1,晴,50,交岔路,其他,行車管制號誌(附設行人專用號誌),人與汽(機)車,搶越行人穿越道
11001AC691B1198,20210107,120.183842,22.961691,交通事故,交叉路口,臺南市南區中華西路段號中華南路二段,1,晴,60,交岔路,交叉路口,行車管制號誌(附設行人專用號誌),車與車,違反號誌管制或指揮
11001AC691B1225,20210109,120.186116,22.982177,交通事故,交叉路口,臺南市南區中華西路段號健康路,1,晴,60,交岔路,交叉路口,行車管制號誌,車與車,迴轉未依規定
11001AC691B1227,20210113,120.186353,22.962112,交通事故,一般地址,臺南市南區中華南路二段段3021號,3,陰,50,交岔路,交叉路口,閃光號誌,車與車,未依規定讓車
11001AC691B1292,20210111,120.195437,22.962706,交通事故,一般地址,臺南市南區永成路3段6號,1,晴,50,單路部分,路段,無號誌,車與車,未保持行車安全間隔
11001AC691B1318,20210115,120.184164,22.920186,交通事故,交叉路口,臺南市南區明興路段號灣裡路,3,晴,50,交岔路,交叉路口,行車管制號誌,車與車,左轉彎未依規定
11001AC691B1340,20210115,120.191772,22.98485,交通事故,交叉路口,臺南市南區金華路2段3452號建南路120,1,晴,30,交岔路,交叉路口,無號誌,車與車,未依規定讓車
11001AC691B1350,20210112,120.183284,22.93104,交通事故,一般地址,臺南市南區明興路段1011號,1,晴,50,單路部分,路段,無號誌,汽(機)車本身,未注意車前狀態
11001AC691B1352,20210114,120.209819,22.969126,交通事故,交叉路口,臺南市南區中華南路一段段號國民路,1,晴,50,交岔路,交叉路口,行車管制號誌,車與車,未保持行車安全距離
11001AC691B1355,20210104,120.187834,22.976285,交通事故,交叉路口,臺南市南區新建路段3號新興路416,1,晴,30,交岔路,交叉路口,閃光號誌,車與車,未依規定讓車
11001AC691B1361,20210108,120.216047,22.965839,交通事故,交叉路口,臺南市南區大同路2段750號大同路,1,晴,60,交岔路,交叉路口,行車管制號誌,汽(機)車本身,其他引起事故之違規或不當行為
11001AC691B1377,20210116,120.181376,22.939647,交通事故,一般地址,臺南市南區明興路段635號0,1,晴,50,交岔路,交叉路口,無號誌,車與車,未依規定讓車
11001AC691B1390,20210114,120.18459,22.921583,交通事故,交叉路口,臺南市南區明興路段號明興路1398,1,晴,50,交岔路,交叉路口,行車管制號誌,車與車,未注意車前狀態
11001AC691B1391,20210109,120.21282,22.979521,交通事故,一般地址,臺南市南區大同路2段122號0,2,晴,50,交岔路,交叉路口,行車管制號誌,車與車,未注意車前狀態
11001AC691B1436,20210116,120.215023,22.972247,交通事故,交叉路口,臺南市南區中華南路一段段號大同路2,2,晴,50,交岔路,交叉路口,行車管制號誌,車與車,違反號誌管制或指揮
11001AC691B1444,20210116,120.200626,22.979736,交通事故,交叉路口,臺南市南區新興東路段號水交社路,1,晴,50,交岔路,交叉路口,閃光號誌,車與車,左轉彎未依規定
11001AC691B1455,20210103,120.213923,22.976401,交通事故,交叉路口,臺南市南區大同路段號大林路,1,晴,50,交岔路,交叉路口,行車管制號誌,汽(機)車本身,其他引起事故之違規或不當行為
11001AC691B1463,20210114,120.207075,22.979586,交通事故,一般地址,臺南市南區體育路段41號0,1,晴,50,單路部分,路段,無號誌,車與車,未保持行車安全間隔
11001AC691B1520,20210117,120.205458,22.967263,交通事故,一般地址,臺南市南區中華南路一段段號0,1,晴,60,單路部分,路段,無號誌,汽(機)車本身,未注意車前狀態
11001AC691B1562,20210114,120.191259,22.984844,交通事故,交叉路口,臺南市南區建南路段號建南路102,1,晴,30,交岔路,交叉路口,無號誌,車與車,未依規定讓車
11001AC691B1569,20210113,120.189324,22.961289,交通事故,交叉路口,臺南市南區中華南路二段段號金華路1,1,晴,60,交岔路,交叉路口,行車管制號誌(附設行人專用號誌),車與車,未注意車前狀態