案件編號,發生日期,GPS經度,GPS緯度,案件類別名稱,地址類型名稱,發生縣市名稱,受傷人數,天候名稱, 速限-第1當事者,道路型態大類別名稱,事故位置大類別名稱,號誌-號誌種類名稱,事故類型及型態大類別名稱,肇因研判子類別名稱-主要
11001AC691B1624,20210114,120.191284,22.967176,交通事故,一般地址,臺南市南區新都路段511號0,2,晴,50,單路部分,路段,無號誌,人與汽(機)車,未注意車前狀態
11001AC691B1692,20210115,120.203884,22.975174,交通事故,交叉路口,臺南市南區大成路段號國民路,1,晴,50,交岔路,交叉路口,無號誌,汽(機)車本身,其他引起事故之違規或不當行為
11001AC691B1704,20210119,120.20115,22.97502,交通事故,交叉路口,臺南市南區大成路1段號大成路1193,2,晴,50,交岔路,交叉路口,行車管制號誌,車與車,未依規定讓車
11001AC691B1705,20210119,120.185747,22.980953,交通事故,交叉路口,臺南市南區中華西路1段號新興路416,1,晴,50,交岔路,交叉路口,行車管制號誌,車與車,左轉彎未依規定
11001AC691B1717,20210115,120.203778,22.981386,交通事故,交叉路口,臺南市南區健康路段號南門路,1,晴,50,交岔路,交叉路口,行車管制號誌,車與車,未依規定讓車
11001AC691B1745,20210119,120.196377,22.985121,交通事故,交叉路口,臺南市南區國華街1段號南寧街,2,晴,50,單路部分,路段,無號誌,車與車,未注意車前狀態
11001AC691B1762,20210111,120.194402,22.953375,交通事故,一般地址,臺南市南區永成路2段615號240189,1,晴,30,單路部分,路段,無號誌,車與車,未靠右行駛
11001AC691B1781,20210120,120.183953,22.958815,交通事故,一般地址,臺南市南區濱南路段號0,2,晴,60,單路部分,路段,無號誌,車與車,未注意車前狀態
11001AC691B1803,20210120,120.214094,22.975341,交通事故,一般地址,臺南市南區大同路2段380號0,1,晴,50,交岔路,交叉路口,無號誌,車與車,左轉彎未依規定
11001AC691B1814,20210119,120.194962,22.987526,交通事故,交叉路口,臺南市南區夏林路段號永華路,1,晴,50,交岔路,交叉路口,行車管制號誌(附設行人專用號誌),車與車,未依規定讓車
11001AC691B1823,20210117,120.194266,22.983253,交通事故,交叉路口,臺南市南區福吉路段號健民街,1,晴,50,交岔路,交叉路口,無號誌,車與車,未依規定讓車
11001AC691B1832,20210120,120.182937,22.93207,交通事故,一般地址,臺南市南區明興路段977號0,3,晴,50,單路部分,路段,無號誌,車與車,起步未注意其他車(人)安全
11001AC691B1845,20210119,120.185858,22.981117,交通事故,一般地址,臺南市南區中華西路1段256號,1,陰,50,單路部分,路段,無號誌,車與車,未保持行車安全間隔
11001AC691B1856,20210108,120.193057,22.965779,交通事故,一般地址,臺南市南區永興一街段15號0,1,晴,50,單路部分,路段,無號誌,車與車,未注意車前狀態
11001AC691B1876,20210108,120.188616,22.967338,交通事故,交叉路口,臺南市南區新和東路段號鹽埕路10838,1,晴,30,交岔路,交叉路口,無號誌,車與車,未依規定讓車
11001AC691B1883,20210112,120.189414,22.927063,交通事故,一般地址,臺南市南區萬年五街段4019號0,1,晴,30,單路部分,路段,無號誌,汽(機)車本身,未注意車前狀態
11001AC691B1892,20210104,120.186825,22.967372,交通事故,交叉路口,臺南市南區新和東路段號鹽埕路29194,2,晴,50,交岔路,交叉路口,行車管制號誌,車與車,左轉彎未依規定
11001AC691B1893,20210113,120.184485,22.976525,交通事故,交叉路口,臺南市南區中華西路段號新建路3,1,晴,60,交岔路,交叉路口,行車管制號誌,車與車,未依規定讓車
11001AC691B1911,20210118,120.184315,22.976473,交通事故,交叉路口,臺南市南區中華西路1段號新仁路,3,晴,60,交岔路,交叉路口,行車管制號誌(附設行人專用號誌),車與車,未注意車前狀態
11001AC691B1912,20210118,120.181299,22.929651,交通事故,一般地址,臺南市南區灣裡路段144號,2,晴,50,單路部分,路段,無號誌,車與車,違反特定標誌(線)禁制
11001AC691B1913,20210117,120.183875,22.973006,交通事故,交叉路口,臺南市南區中華西路1段號新興路,1,晴,60,單路部分,路段,無號誌,汽(機)車本身,疲勞(患病)駕駛失控
11001AC691B1914,20210118,120.197724,22.981375,交通事故,交叉路口,臺南市南區西門路1段號健康路1,1,晴,50,單路部分,路段,無號誌,車與車,未保持行車安全間隔
11001AC691B1915,20210119,120.187351,22.96644,交通事故,交叉路口,臺南市南區鹽埕路段10328號鹽埕路10338,1,晴,50,交岔路,交叉路口,無號誌,車與車,未依規定讓車
11001AC691B1916,20210119,120.213109,22.971683,交通事故,交叉路口,臺南市南區中華南路一段段號中華南路一段77,1,晴,50,交岔路,交叉路口,行車管制號誌,車與車,未依規定讓車
11001AC691B1917,20210119,120.190036,22.978367,交通事故,交叉路口,臺南市南區金華路2段57號慶南街,1,晴,30,交岔路,交叉路口,無號誌,車與車,未依規定讓車
11001AC691B1922,20210120,120.20004,22.975111,交通事故,一般地址,臺南市南區大成路1段130號0,3,晴,50,單路部分,路段,無號誌,車與車,起步未注意其他車(人)安全
11001AC691B1958,20210109,120.197603,22.97977,交通事故,交叉路口,臺南市南區西門路段號新興路,2,晴,50,交岔路,交叉路口,行車管制號誌,車與車,右轉彎未依規定
11001AC691B1959,20210120,120.195545,22.966243,交通事故,一般地址,臺南市南區永成路3段260號,2,晴,50,單路部分,路段,無號誌,車與車,逆向行駛
11001AC691B1963,20210121,120.189874,22.932255,交通事故,交叉路口,臺南市南區萬年六街段號萬年七街,1,晴,50,交岔路,交叉路口,無號誌,車與車,未保持行車安全距離
11001AC691B1968,20210120,120.19088,22.974155,交通事故,一般地址,臺南市南區金華路1段532號0,1,晴,50,交岔路,交叉路口,無號誌,車與車,未依規定讓車
11001AC691B1971,20210121,120.189784,22.981655,交通事故,交叉路口,臺南市南區健康路2段489號健康路2,2,晴,50,交岔路,交叉路口,無號誌,車與車,左轉彎未依規定
11001AC691B1972,20210107,120.191965,22.987167,交通事故,交叉路口,臺南市南區金華路段532號美南街,2,晴,50,交岔路,交叉路口,行車管制號誌,車與車,逆向行駛
11001AC691B1975,20210121,120.187783,22.956179,交通事故,交叉路口,臺南市南區健康路2段號仁南街,1,晴,50,單路部分,路段,無號誌,車與車,未注意車前狀態
11001AC691B1979,20210102,120.209819,22.969126,交通事故,交叉路口,臺南市南區中華南路一段段號國民路,2,晴,50,交岔路,交叉路口,無號誌,車與車,倒車未依規定
11001AC691B1983,20210109,120.194987,22.97192,交通事故,一般地址,臺南市南區永成路3段409號0,2,晴,50,單路部分,路段,無號誌,車與車,其他引起事故之違規或不當行為
11001AC691B1990,20210119,120.20779,22.971133,交通事故,一般地址,臺南市南區國民路段463號0,2,晴,50,交岔路,交叉路口,無號誌,車與車,變換車道或方向不當
11001AC691B1994,20210119,120.19897,22.975547,交通事故,交叉路口,臺南市南區大成路1段168號水交社路20,1,晴,50,交岔路,交叉路口,無號誌,車與車,未依規定讓車
11001AC691B1996,20210119,120.179502,22.946121,交通事故,一般地址,臺南市南區喜樹路段561號0,1,晴,50,交岔路,交叉路口,無號誌,車與車,未依規定減速
11001AC691B2017,20210119,120.191434,22.987548,交通事故,一般地址,臺南市南區文南路段34239號0,2,晴,50,交岔路,交叉路口,無號誌,車與車,未注意車前狀態
11001AC691B2022,20210115,120.183874,22.964514,交通事故,交叉路口,臺南市南區中華西路段號新平路,1,晴,50,交岔路,交叉路口,行車管制號誌,車與車,違反號誌管制或指揮
11001AC691B2028,20210115,120.201841,22.978252,交通事故,交叉路口,臺南市南區水交社一街段號慶中街63,1,晴,50,交岔路,交叉路口,閃光號誌,車與車,未注意車前狀態
11001AC691B2057,20210113,120.190128,22.98729,交通事故,交叉路口,臺南市南區文南路段號美南街,1,晴,50,交岔路,交叉路口,無號誌,車與車,起步未注意其他車(人)安全
11001AC691B2058,20210113,120.193566,22.974905,交通事故,一般地址,臺南市南區大成路2段156號0,1,晴,50,交岔路,交叉路口,無號誌,車與車,其他引起事故之違規或不當行為
11001AC691B2061,20210114,120.195262,22.977268,交通事故,交叉路口,臺南市南區夏林路段號夏林路339,2,晴,50,交岔路,交叉路口,無號誌,車與車,未依規定讓車
11001AC691B2099,20210121,120.186414,22.985224,交通事故,交叉路口,臺南市南區中華西路1段號建南路,1,晴,50,交岔路,交叉路口,行車管制號誌,車與車,違反號誌管制或指揮
11001AC691B2103,20210121,120.197603,22.97977,交通事故,交叉路口,臺南市南區西門路段號新興東路,1,晴,50,交岔路,交叉路口,行車管制號誌,車與車,右轉彎未依規定
11001AC691B2116,20210110,120.188609,22.975944,交通事故,一般地址,臺南市南區尊南街段55號0,1,晴,50,單路部分,路段,無號誌,車與車,未注意車前狀態
11001AC691B2124,20210108,120.214961,22.970011,交通事故,一般地址,臺南市南區大同路2段582號0,1,晴,60,單路部分,路段,無號誌,車與車,變換車道或方向不當
11001AC691B2140,20210121,120.184662,22.950666,交通事故,交叉路口,臺南市南區明興路段39號喜樹路,1,晴,50,交岔路,交叉路口,行車管制號誌,車與車,未保持行車安全間隔
11001AC691B2166,20210122,120.190423,22.971716,交通事故,一般地址,臺南市南區金華路1段467號0,1,晴,50,單路部分,路段,無號誌,汽(機)車本身,疲勞(患病)駕駛失控
11001AC691B2171,20210122,120.189399,22.961284,交通事故,交叉路口,臺南市南區中華南路二段段號金華路1,1,晴,50,交岔路,交叉路口,行車管制號誌,車與車,未保持行車安全間隔
11001AC691B2173,20210122,120.194245,22.962252,交通事故,一般地址,臺南市南區中華南路二段段62號0,1,晴,60,單路部分,路段,無號誌,汽(機)車本身,未注意車前狀態
11001AC691B2182,20210104,120.184662,22.950666,交通事故,交叉路口,臺南市南區明興路段號喜樹路151,1,晴,50,交岔路,交叉路口,行車管制號誌,車與車,倒車未依規定
11001AC691B2183,20210115,120.186798,22.958882,交通事故,交叉路口,臺南市南區南和路段號興隆路,2,晴,50,交岔路,交叉路口,閃光號誌,車與車,未依規定讓車
11001AC691B2185,20210114,120.195003,22.981434,交通事故,交叉路口,臺南市南區夏林路段號健康路,2,晴,50,交岔路,交叉路口,行車管制號誌,車與車,未依規定讓車
11001AC691B2186,20210114,120.197528,22.981309,交通事故,交叉路口,臺南市南區西門路段號健康路,1,晴,50,交岔路,交叉路口,行車管制號誌,車與車,未依規定讓車
11001AC691B2190,20210116,120.186392,22.970112,交通事故,交叉路口,臺南市南區新建路段31號鹽埕路29132,1,晴,30,交岔路,交叉路口,無號誌,車與車,未注意車前狀態
11001AC691B2260,20210122,120.199059,22.98126,交通事故,一般地址,臺南市南區健康路1段269號0,1,晴,50,單路部分,路段,無號誌,車與車,其他引起事故之違規或不當行為
11001AC691B2295,20210112,120.190628,22.971567,交通事故,交叉路口,臺南市南區金華路1段號金華路1420,1,晴,50,交岔路,交叉路口,無號誌,汽(機)車本身,不明原因肇事
11001AC691B2320,20210117,120.184996,22.979471,交通事故,交叉路口,臺南市南區中華西路段號新忠路,1,晴,60,交岔路,交叉路口,行車管制號誌,車與車,未保持行車安全距離
11001AC691B2323,20210105,120.194729,22.975073,交通事故,一般地址,臺南市南區大成路2段106號0,2,晴,50,單路部分,路段,無號誌,車與車,超速失控
11001AC691B2328,20210118,120.191448,22.975574,交通事故,一般地址,臺南市南區新興路段361號0,2,晴,50,單路部分,路段,無號誌,車與車,迴轉未依規定
11001AC691B2363,20210124,120.197688,22.974956,交通事故,交叉路口,臺南市南區西門路1段號大成路1,1,晴,50,交岔路,交叉路口,行車管制號誌,車與車,迴轉未依規定
11001AC691B2397,20210124,120.208713,22.968198,交通事故,其他,臺南市南區段號華南地下道東往西方向(機慢車專用道),2,晴,40,單路部分,路段,無號誌,車與車,其他引起事故之違規或不當行為
11001AC691B2415,20210113,120.192107,22.964818,交通事故,交叉路口,臺南市南區德興路段號永興三街,1,晴,50,交岔路,交叉路口,無號誌,車與車,未保持行車安全間隔
11001AC691B2417,20210124,120.190846,22.974293,交通事故,一般地址,臺南市南區金華路1段501號0,2,晴,50,單路部分,路段,無號誌,車與車,起步未注意其他車(人)安全
11001AC691B2419,20210113,120.192603,22.963311,交通事故,交叉路口,臺南市南區德興路段號德興路139,1,晴,50,交岔路,交叉路口,無號誌,車與車,未依規定讓車
11001AC691B2422,20210117,120.195272,22.978758,交通事故,一般地址,臺南市南區夏林路段236號0,1,晴,50,單路部分,路段,無號誌,車與車,變換車道或方向不當
11001AC691B2426,20210104,120.205129,22.981283,交通事故,交叉路口,臺南市南區健康路1段133號健康路,1,晴,50,交岔路,交叉路口,行車管制號誌,車與車,未依規定讓車
11001AC691B2491,20210101,120.189263,22.969408,交通事故,交叉路口,臺南市南區鹽埕路段號利南街,1,晴,50,交岔路,交叉路口,行車管制號誌,車與車,未注意車前狀態
11001AC691B2503,20210125,120.195382,22.972867,交通事故,其他,臺南市南區段號永成路三段與永成路三段461巷口,1,晴,40,交岔路,交叉路口,行車管制號誌,車與車,違反號誌管制或指揮
11001AC691B2510,20210125,120.185276,22.970143,交通事故,交叉路口,臺南市南區新建路段號新建路20,2,晴,50,交岔路,交叉路口,行車管制號誌,車與車,未保持行車安全距離
11001AC691B2546,20210126,120.209819,22.969126,交通事故,交叉路口,臺南市南區中華南路一段段號國民路,1,晴,50,交岔路,交叉路口,行車管制號誌,車與車,尚未發現肇事因素
11001AC691B2587,20210114,120.187635,22.970558,交通事故,交叉路口,臺南市南區鹽埕路段29160號鹽埕路291,2,晴,30,交岔路,交叉路口,無號誌,車與車,未依規定讓車
11001AC691B2589,20210126,120.177416,22.974569,交通事故,一般地址,臺南市南區新樂路段13150號0,1,晴,50,單路部分,路段,無號誌,車與車,其他引起事故之違規或不當行為
11001AC691B2607,20210126,120.195464,22.966773,交通事故,一般地址,臺南市南區永成路3段288號0,1,晴,40,單路部分,路段,無號誌,車與車,尚未發現肇事因素
11001AC691B2647,20210114,120.184164,22.920186,交通事故,交叉路口,臺南市南區明興路段號灣裡路,2,晴,50,交岔路,交叉路口,行車管制號誌,車與車,違反號誌管制或指揮
11001AC691B2696,20210115,120.1886,22.981807,交通事故,交叉路口,臺南市南區健康路段號永南街,1,晴,50,交岔路,交叉路口,無號誌,車與車,變換車道或方向不當
11001AC691B2697,20210103,120.193508,22.964713,交通事故,交叉路口,臺南市南區永興三街段號永吉街,1,晴,50,交岔路,交叉路口,閃光號誌,車與車,未依規定讓車
11001AC691B2706,20210106,120.187853,22.962687,交通事故,交叉路口,臺南市南區中華南路二段段300號無名道路,2,晴,50,交岔路,交叉路口,無號誌,車與車,未依規定讓車
11001AC691B2731,20210115,120.195003,22.981434,交通事故,交叉路口,臺南市南區夏林路段號健康路,1,晴,50,交岔路,交叉路口,行車管制號誌(附設行人專用號誌),人與汽(機)車,違反號誌管制或指揮
11001AC691B2749,20210127,120.188707,22.974271,交通事故,交叉路口,臺南市南區新興路段481號新興路4616,1,晴,50,交岔路,交叉路口,無號誌,車與車,未依規定讓車
11001AC691B2774,20210127,120.207064,22.976209,交通事故,其他,臺南市南區段號竹溪禪寺前(體育路),2,晴,50,單路部分,路段,無號誌,汽(機)車本身,未注意車前狀態
11001AC691B2789,20210128,120.19382,22.981474,交通事故,交叉路口,臺南市南區健康路2段號三官路,1,晴,50,交岔路,交叉路口,行車管制號誌,人與汽(機)車,搶越行人穿越道
11001AC691B2855,20210128,120.183895,22.966928,交通事故,交叉路口,臺南市南區中華西路1段號中華西路128,1,晴,60,交岔路,交叉路口,無號誌,車與車,橫越道路不慎
11001AC691B2876,20210128,120.182218,22.942196,交通事故,一般地址,臺南市南區明興路段號0,1,晴,50,單路部分,路段,無號誌,汽(機)車本身,未注意車前狀態
11001AC691B2880,20210127,120.178879,22.933505,交通事故,交叉路口,臺南市南區灣裡路段62號省躬一街1,2,晴,50,交岔路,交叉路口,行車管制號誌(附設行人專用號誌),車與車,左轉彎未依規定
11001AC691B2914,20210129,120.182518,22.932674,交通事故,交叉路口,臺南市南區明興路段號明興路943,1,晴,50,交岔路,交叉路口,無號誌,車與車,迴轉未依規定
11001AC691B2915,20210115,120.188713,22.976263,交通事故,交叉路口,臺南市南區金華路2段15號尊南街,1,晴,30,交岔路,交叉路口,無號誌,車與車,未依規定讓車
11001AC691B2921,20210116,120.211481,22.965756,交通事故,交叉路口,臺南市南區國民路段165號大同路2750,1,晴,30,交岔路,交叉路口,無號誌,車與車,未注意車前狀態
11001AC691B2924,20210110,120.190437,22.971828,交通事故,一般地址,臺南市南區金華路1段471-2號0,2,晴,50,單路部分,路段,無號誌,車與車,橫越道路不慎
11001AC691B2927,20210121,120.216373,22.964573,交通事故,交叉路口,臺南市南區大同路段號生產路,1,晴,60,交岔路,交叉路口,行車管制號誌,車與車,違反號誌管制或指揮
11001AC691B2929,20210125,120.177088,22.973127,交通事故,交叉路口,臺南市南區新樂路段號新信路,1,晴,50,交岔路,交叉路口,行車管制號誌,汽(機)車本身,未注意車前狀態
11001AC691B2973,20210118,120.175618,22.969574,交通事故,一般地址,臺南市南區新樂路段55號0,1,晴,50,單路部分,路段,無號誌,車與車,未依規定讓車
11001AC691B2982,20210129,120.200919,22.980442,交通事故,交叉路口,臺南市南區健康路1段333號健康路1333,2,晴,40,交岔路,交叉路口,無號誌,車與車,未注意車前狀態
11001AC691B3001,20210123,120.203339,22.975126,交通事故,交叉路口,臺南市南區大成路段號新都路,2,晴,50,交岔路,交叉路口,行車管制號誌,車與車,違反號誌管制或指揮
11001AC691B3005,20210123,120.182195,22.982608,交通事故,交叉路口,臺南市南區健康路段號新樂路,1,晴,50,交岔路,交叉路口,行車管制號誌,汽(機)車本身,其他引起事故之違規或不當行為
11001AC691B3007,20210124,120.191115,22.976317,交通事故,交叉路口,臺南市南區金華路2段號金華路234,1,晴,50,交岔路,交叉路口,無號誌,車與車,變換車道或方向不當
11001AC691B3009,20210124,120.21039,22.968543,交通事故,交叉路口,臺南市南區國民路段號國民路238,1,晴,50,交岔路,交叉路口,無號誌,車與車,未注意車前狀態
11001AC691B3012,20210125,120.18594,22.954654,交通事故,一般地址,臺南市南區明興路段215號0,1,晴,50,單路部分,路段,無號誌,車與車,未注意車前狀態
11001AC691B3016,20210125,120.199004,22.981307,交通事故,一般地址,臺南市南區健康路1段417號,1,晴,50,單路部分,路段,無號誌,人與汽(機)車,未注意車前狀態
11001AC691B3017,20210123,120.18538,22.967248,交通事故,交叉路口,臺南市南區新和東路段號新建路,1,晴,50,交岔路,交叉路口,行車管制號誌,車與車,左轉彎未依規定
11001AC691B3079,20210130,120.19151,22.980994,交通事故,一般地址,臺南市南區金華路2段238號0,2,晴,50,交岔路,交叉路口,無號誌,車與車,橫越道路不慎
11001AC691B3091,20210130,120.205734,22.981214,交通事故,一般地址,臺南市南區健康路1段218號0,2,晴,50,單路部分,路段,無號誌,車與車,未注意車前狀態
11001AC691B3097,20210129,120.183723,22.967375,交通事故,交叉路口,臺南市南區中華西路1段號新和路,1,晴,50,交岔路,交叉路口,行車管制號誌,車與車,未依規定讓車
11001AC691B3109,20210130,120.209199,22.981164,交通事故,一般地址,臺南市南區健康路1段125號0,1,晴,50,單路部分,路段,無號誌,車與車,未注意車前狀態
11001AC691B3165,20210130,120.209279,22.980969,交通事故,交叉路口,臺南市南區健康路1段號慶中街,3,晴,50,交岔路,交叉路口,無號誌,車與車,未注意車前狀態
11001AC691B3193,20210130,120.175814,22.938486,交通事故,一般地址,臺南市南區濱南路段340號0,2,晴,60,單路部分,路段,無號誌,車與車,未注意車前狀態
11001AC691B3199,20210130,120.192813,22.967107,交通事故,交叉路口,臺南市南區新都路段號新都路457,1,晴,50,交岔路,交叉路口,無號誌,車與車,未依規定讓車
11001AC691B3232,20210130,120.192386,22.966778,交通事故,一般地址,臺南市南區德興路段17號,1,晴,50,單路部分,路段,無號誌,人與汽(機)車,未注意車前狀態
11001AC691B3237,20210125,120.213721,22.976551,交通事故,一般地址,臺南市南區大同路2段202號,2,晴,50,單路部分,路段,無號誌,車與車,其他引起事故之違規或不當行為
11001AC691B3282,20210131,120.184737,22.922983,交通事故,一般地址,臺南市南區明興路段1330號0,1,晴,50,單路部分,路段,無號誌,汽(機)車本身,未保持行車安全距離
11001AC691B3284,20210125,120.177004,22.948848,交通事故,一般地址,臺南市南區濱南路段436號0,1,晴,60,單路部分,路段,無號誌,車與車,未依規定讓車
11001AC691B3286,20210126,120.193562,22.965759,交通事故,交叉路口,臺南市南區永吉街段號永興一街,1,晴,50,交岔路,交叉路口,無號誌,車與車,未依規定讓車
11001AC691B3288,20210129,120.209819,22.969126,交通事故,交叉路口,臺南市南區中華南路一段段號國民路,3,晴,60,交岔路,交叉路口,行車管制號誌,車與車,違反號誌管制或指揮
11001AC691B3314,20210130,120.191019,22.97534,交通事故,交叉路口,臺南市南區金華路1段號新興路,2,晴,50,交岔路,交叉路口,行車管制號誌,車與車,違反號誌管制或指揮
11001AC691B3338,20210127,120.191685,22.979398,交通事故,一般地址,臺南市南區金華路2段158號0,2,晴,50,單路部分,路段,無號誌,車與車,迴轉未依規定
11001AC691B3339,20210123,120.175046,22.969295,交通事故,一般地址,臺南市南區新樂路段59號0,1,晴,50,單路部分,路段,無號誌,車與車,未注意車前狀態
11001AC691B3341,20210131,120.212816,22.979208,交通事故,一般地址,臺南市南區大同路2段132號0,2,晴,50,單路部分,路段,無號誌,車與車,未保持行車安全間隔
11001AC691B3350,20210125,120.193262,22.981481,交通事故,交叉路口,臺南市南區健康路段號福吉路,1,晴,50,交岔路,交叉路口,行車管制號誌,車與車,未依規定讓車
11001AC691B3351,20210125,120.186306,22.927602,交通事故,一般地址,臺南市南區明興路段1156-9號0,2,晴,50,交岔路,交叉路口,無號誌,車與車,其他引起事故之違規或不當行為
11001AC691B3353,20210126,120.195164,22.981419,交通事故,交叉路口,臺南市南區夏林路段號健康路,1,晴,50,交岔路,交叉路口,行車管制號誌,車與車,違反號誌管制或指揮
11001AC691B3387,20210128,120.189929,22.978004,交通事故,一般地址,臺南市南區慶南街段105號0,1,晴,50,單路部分,路段,無號誌,車與車,逆向行駛
11001AC691B3389,20210123,120.186748,22.95886,交通事故,交叉路口,臺南市南區興隆路段號南和路,3,晴,50,交岔路,交叉路口,閃光號誌,車與車,未依規定讓車
11001AC691B3397,20210122,120.195303,22.956398,交通事故,一般地址,臺南市南區永成路2段691號0,1,晴,50,單路部分,路段,無號誌,車與車,其他引起事故之違規或不當行為
11001AC691B3400,20210126,120.194203,22.958771,交通事故,交叉路口,臺南市南區興隆路段號中華南路二段53,1,晴,30,交岔路,交叉路口,無號誌,車與車,未依規定讓車
11001AC691B3403,20210118,120.188532,22.968369,交通事故,一般地址,臺南市南區鹽埕路段147號0,2,晴,30,交岔路,交叉路口,無號誌,車與車,未依規定讓車
11001AC691B3423,20210130,120.190169,22.987789,交通事故,一般地址,臺南市南區文南路段338號0,1,晴,50,單路部分,路段,無號誌,汽(機)車本身,其他引起事故之違規或不當行為
11001AC691B3427,20210128,120.181816,22.941419,交通事故,交叉路口,臺南市南區明興路段號明興路119,1,晴,50,交岔路,交叉路口,行車管制號誌,車與車,違反號誌管制或指揮
11001AC691B3428,20210124,120.185807,22.961149,交通事故,一般地址,臺南市南區中華南路二段2段31527號0,1,晴,40,單路部分,路段,無號誌,汽(機)車本身,動物竄出
11001AC691B3432,20210127,120.195675,22.947912,交通事故,一般地址,臺南市南區永成路2段460-3號0,1,晴,60,單路部分,路段,無號誌,車與車,未注意車前狀態
11001AC691B3453,20210115,120.190247,22.968046,交通事故,交叉路口,臺南市南區金華路1段號金華路1154,2,晴,50,交岔路,交叉路口,行車管制號誌,車與車,左轉彎未依規定
11001AC691B3456,20210126,120.190378,22.969097,交通事故,交叉路口,臺南市南區金華路1段號利南街,1,晴,50,交岔路,交叉路口,行車管制號誌,車與車,未注意車前狀態
11001AC691B3474,20210101,120.182019,22.935558,交通事故,交叉路口,臺南市南區萬年路段號省道臺86線快速公路,1,晴,50,交岔路,交叉路口,行車管制號誌,車與車,右轉彎未依規定
11001AC691B3480,20210115,120.191498,22.981624,交通事故,交叉路口,臺南市南區金華路2段228號金華路,1,晴,50,交岔路,交叉路口,行車管制號誌,車與車,違反號誌管制或指揮
11001AC691B3486,20210118,120.185267,22.968163,交通事故,交叉路口,臺南市南區新建路段30號新建路41,2,晴,50,交岔路,交叉路口,無號誌,車與車,起步未注意其他車(人)安全
11001AC691B3491,20210102,120.208561,22.970422,交通事故,交叉路口,臺南市南區國民路段號國民路50,2,晴,50,交岔路,交叉路口,行車管制號誌,車與車,未注意車前狀態
11001AC691B3496,20210108,120.209819,22.969126,交通事故,交叉路口,臺南市南區中華南路一段段號國民路,2,晴,50,交岔路,交叉路口,行車管制號誌,車與車,未注意車前狀態
11001AC691B3497,20210108,120.194949,22.983213,交通事故,交叉路口,臺南市南區夏林路段號福吉路,1,晴,50,交岔路,交叉路口,行車管制號誌,車與車,未保持行車安全間隔
11001AC691B3512,20210117,120.195003,22.981434,交通事故,交叉路口,臺南市南區健康路段號夏林路,1,晴,50,單路部分,路段,行車管制號誌,車與車,未保持行車安全間隔
11001AC691B3515,20210115,120.189263,22.969408,交通事故,交叉路口,臺南市南區鹽埕路段號利南街,2,晴,50,交岔路,交叉路口,行車管制號誌,車與車,違反號誌管制或指揮
11001AC691B3527,20210109,120.189191,22.961179,交通事故,交叉路口,臺南市南區中華南路二段段號明興路,1,晴,50,交岔路,交叉路口,行車管制號誌,車與車,違反號誌管制或指揮
11001AC691B3528,20210126,120.189456,22.96226,交通事故,一般地址,臺南市南區金華路1段36號0,2,晴,50,單路部分,路段,無號誌,汽(機)車本身,其他引起事故之違規或不當行為
11001AC691B3530,20210127,120.187056,22.974031,交通事故,交叉路口,臺南市南區新興路段533號新興路53315,1,晴,30,交岔路,交叉路口,無號誌,車與車,其他引起事故之違規或不當行為
11001AC691B3533,20210128,120.189999,22.984942,交通事故,交叉路口,臺南市南區文南路段號建南路,2,晴,50,交岔路,交叉路口,行車管制號誌,車與車,左轉彎未依規定
11001AC691B3535,20210128,120.209048,22.96998,交通事故,一般地址,臺南市南區國民路段268號0,1,晴,50,交岔路,交叉路口,行車管制號誌,車與車,未注意車前狀態
11001AC691B3537,20210129,120.189991,22.977728,交通事故,交叉路口,臺南市南區新孝路段號慶南街,1,晴,50,交岔路,交叉路口,無號誌,車與車,未注意車前狀態
11001AC691B3538,20210112,120.190297,22.981854,交通事故,一般地址,臺南市南區健康路2段262號0,1,晴,50,單路部分,路段,無號誌,車與車,變換車道或方向不當
11001AC691B3541,20210112,120.200918,22.980416,交通事故,一般地址,臺南市南區健康路1段33311號0新興路,2,晴,30,交岔路,交叉路口,無號誌,車與車,左轉彎未依規定
11001AC691B3578,20210122,120.18234,22.933218,交通事故,交叉路口,臺南市南區明興路段號萬年路,2,晴,50,交岔路,交叉路口,行車管制號誌,車與車,違反號誌管制或指揮
11001AC691B3583,20210131,120.185748,22.926114,交通事故,其他,臺南市南區段號明興路南向(近同興路),1,晴,50,單路部分,路段,無號誌,汽(機)車本身,未保持行車安全距離
11001AC691B3621,20210113,120.197603,22.97977,交通事故,交叉路口,臺南市南區西門路1段號新興路,2,晴,50,交岔路,交叉路口,行車管制號誌,車與車,未注意車前狀態
11001AC691B3622,20210113,120.194327,22.987613,交通事故,交叉路口,臺南市南區永華路1段號永華路198,1,晴,50,交岔路,交叉路口,無號誌,車與車,橫越道路不慎
11001AC691B3623,20210114,120.178665,22.976267,交通事故,一般地址,臺南市南區新仁路段31號0,1,晴,40,單路部分,路段,無號誌,車與車,未注意車前狀態