案件編號,發生日期,GPS經度,GPS緯度,案件類別名稱,地址類型名稱,發生縣市名稱,受傷人數,天候名稱, 速限-第1當事者,道路型態大類別名稱,事故位置大類別名稱,號誌-號誌種類名稱,事故類型及型態大類別名稱,肇因研判子類別名稱-主要
11001AC691B3639,20210130,120.179898,22.946678,交通事故,一般地址,臺南市南區喜樹路段17168號0,2,晴,50,單路部分,路段,無號誌,車與車,未保持行車安全距離
11001AC691B3655,20210118,120.191493,22.981529,交通事故,交叉路口,臺南市南區金華路段號健康路,1,晴,50,交岔路,交叉路口,行車管制號誌,車與車,未注意車前狀態
11001AC691B3666,20210116,120.214905,22.97238,交通事故,交叉路口,臺南市南區中華南路一段段號大同路,1,晴,50,交岔路,交叉路口,行車管制號誌,車與車,左轉彎未依規定
11001AC691B3695,20210129,120.197769,22.981271,交通事故,交叉路口,臺南市南區健康路1段號西門路1,4,晴,50,交岔路,交叉路口,行車管制號誌,車與車,違反號誌管制或指揮
11001AC691B3696,20210128,120.203636,22.979723,交通事故,交叉路口,臺南市南區南門路段號新興東路,1,晴,50,交岔路,交叉路口,行車管制號誌,車與車,右轉彎未依規定
11001AC691B3698,20210117,120.207264,22.978366,交通事故,交叉路口,臺南市南區健康路1段133號體育路,1,晴,50,交岔路,交叉路口,無號誌,車與車,起步未注意其他車(人)安全
11001AC691B3699,20210123,120.183188,22.973073,交通事故,其他,臺南市南區段號中華西路與新信路口西側,1,晴,50,單路部分,路段,無號誌,車與車,左轉彎未依規定
11001AC691B3700,20210128,120.182172,22.926653,交通事故,交叉路口,臺南市南區灣裡路段72號灣裡路,2,晴,50,交岔路,交叉路口,無號誌,車與車,未依規定讓車
11001AC691B3701,20210127,120.191147,22.976958,交通事故,交叉路口,臺南市南區金華路段號三官路,1,晴,50,交岔路,交叉路口,行車管制號誌,車與車,開啟車門不當而肇事
11001AC691B3702,20210129,120.183997,22.974779,交通事故,交叉路口,臺南市南區中華西路1段70號中華西路,1,晴,60,交岔路,交叉路口,行車管制號誌,車與車,未依規定讓車
11001AC691B3732,20210114,120.205033,22.981261,交通事故,一般地址,臺南市南區健康路1段257號0,1,晴,50,單路部分,路段,無號誌,車與車,右轉彎未依規定
11001AC691B3759,20210114,120.187887,22.978231,交通事故,一般地址,臺南市南區金華路2段5194號0,1,晴,30,單路部分,路段,無號誌,車與車,未注意車前狀態
11001AC691B3760,20210114,120.177864,22.941165,交通事故,一般地址,臺南市南區喜樹路段22213號0,1,晴,30,交岔路,交叉路口,無號誌,車與車,未注意車前狀態
11001AC691B3761,20210118,120.209819,22.969126,交通事故,交叉路口,臺南市南區中華南路一段段號國民路,1,晴,50,單路部分,路段,無號誌,車與車,未注意車前狀態
11001AC691B3762,20210120,120.183721,22.972954,交通事故,一般地址,臺南市南區中華西路1段63號0,1,晴,60,單路部分,路段,無號誌,車與車,逆向行駛
11001AC691B3763,20210124,120.214604,22.973082,交通事故,交叉路口,臺南市南區大同路2段號大同路2482,1,晴,50,交岔路,交叉路口,無號誌,汽(機)車本身,其他引起事故之違規或不當行為
11001AC691B3764,20210124,120.208561,22.970422,交通事故,交叉路口,臺南市南區國民路段號國民路270,2,晴,50,交岔路,交叉路口,行車管制號誌,車與車,未注意車前狀態
11001AC691B3773,20210126,120.195147,22.977887,交通事故,交叉路口,臺南市南區夏林路段號新興路,1,晴,50,交岔路,交叉路口,行車管制號誌,車與車,未注意車前狀態
11001AC691B3774,20210130,120.1821,22.942339,交通事故,交叉路口,臺南市南區明興路段號省道臺86線快速公路,1,晴,50,交岔路,交叉路口,行車管制號誌,車與車,左轉彎未依規定
11001AC691B3806,20210107,120.197593,22.978383,交通事故,交叉路口,臺南市南區西門路1段361號西門路1,1,晴,50,交岔路,交叉路口,行車管制號誌(附設行人專用號誌),車與車,未保持行車安全間隔
11001AC691B3876,20210118,120.207106,22.981243,交通事故,交叉路口,臺南市南區健康路段號體育路,2,晴,50,交岔路,交叉路口,行車管制號誌,車與車,未注意車前狀態
11001AC691B3930,20210112,120.182784,22.924611,交通事故,一般地址,臺南市南區灣裡路段396號,1,晴,50,單路部分,路段,無號誌,汽(機)車本身,其他引起事故之違規或不當行為
11001AC6Q1B2816,20210108,120.177649,22.933457,交通事故,其他,臺南市南區段號濱南路與灣裡路62巷口,1,晴,70,交岔路,交叉路口,行車管制號誌,車與車,違反號誌管制或指揮
11001AC791A0015,20210120,120.180075,23.148626,交通事故,交叉路口,臺南市佳里區鎮山里佳南路段號勝利路,0,晴,50,交岔路,交叉路口,行車管制號誌,車與車,違反號誌管制或指揮
11001AC791B0004,20210101,120.185761,23.185313,交通事故,無,臺南市佳里區段號,1,晴,50,單路部分,路段,無號誌,汽(機)車本身,未注意車前狀態
11001AC791B0005,20210101,120.178244,23.154017,交通事故,交叉路口,臺南市佳里區仁愛路段號勝利路,1,晴,50,交岔路,交叉路口,行車管制號誌,車與車,未注意車前狀態
11001AC791B0023,20210101,120.195794,23.113012,交通事故,其他,臺南市西港區段號南海里中港18-27號旁四岔路口,1,晴,30,交岔路,交叉路口,無號誌,車與車,未依規定讓車
11001AC791B0033,20210101,120.132806,23.128954,交通事故,交叉路口,臺南市七股區省道臺17線段號區道南31-1線,2,晴,70,交岔路,交叉路口,行車管制號誌,車與車,未注意車前狀態
11001AC791B0071,20210102,120.146168,23.105466,交通事故,其他,臺南市七股區段號南37-1線公路1.9公里處東向一般車道,1,晴,50,單路部分,路段,無號誌,汽(機)車本身,未注意車前狀態
11001AC791B0092,20210102,120.174933,23.165721,交通事故,交叉路口,臺南市佳里區忠孝路段號光復路,1,晴,50,交岔路,交叉路口,行車管制號誌,車與車,未保持行車安全距離
11001AC791B0101,20210102,120.196303,23.123326,交通事故,交叉路口,臺南市西港區慶安里慶安路段228號新興街107,1,晴,50,交岔路,交叉路口,無號誌,車與車,未依規定讓車
11001AC791B0120,20210101,120.174042,23.151465,交通事故,交叉路口,臺南市佳里區南勢里成功路段號成功路139,1,晴,50,交岔路,交叉路口,無號誌,車與車,迴轉未依規定
11001AC791B0140,20210103,120.174742,23.159947,交通事故,交叉路口,臺南市佳里區建南里新生路段號光復路,1,晴,50,交岔路,交叉路口,行車管制號誌(附設行人專用號誌),人與汽(機)車,搶越行人穿越道
11001AC791B0179,20210104,120.17929,23.170712,交通事故,交叉路口,臺南市佳里區六安里佳北路段號延平路,1,晴,50,交岔路,交叉路口,行車管制號誌,車與車,未依規定讓車
11001AC791B0199,20210104,120.178361,23.155898,交通事故,一般地址,臺南市佳里區鎮山里自由街段71號0,1,晴,30,單路部分,路段,無號誌,車與車,未保持行車安全間隔
11001AC791B0209,20210104,120.194729,23.139906,交通事故,無,臺南市西港區段號,1,晴,50,交岔路,交叉路口,無號誌,車與車,未依規定讓車
11001AC791B0218,20210104,120.186788,23.205061,交通事故,無,臺南市佳里區段號,1,晴,50,交岔路,交叉路口,閃光號誌,車與車,未依規定讓車
11001AC791B0241,20210104,120.201185,23.122302,交通事故,交叉路口,臺南市西港區慶安里新興街段號進學街,1,晴,50,交岔路,交叉路口,行車管制號誌,車與車,違反號誌管制或指揮
11001AC791B0258,20210103,120.173329,23.159578,交通事故,一般地址,臺南市佳里區建南里新生路段383號,1,晴,40,單路部分,路段,無號誌,人與汽(機)車,其他引起事故之疏失或行為
11001AC791B0259,20210105,120.169091,23.164456,交通事故,交叉路口,臺南市佳里區安西里育善街段號育善街272,1,晴,50,交岔路,交叉路口,無號誌,車與車,未依規定讓車
11001AC791B0261,20210105,120.191425,23.189272,交通事故,其他,臺南市佳里區段號佳化里佳興國小前,1,晴,50,單路部分,路段,無號誌,車與車,未注意車前狀態
11001AC791B0298,20210104,120.145056,23.177804,交通事故,其他,臺南市七股區段號後港里南26公路與南26-2公路路口,1,晴,50,交岔路,交叉路口,閃光號誌,車與車,未注意車前狀態
11001AC791B0301,20210104,120.175953,23.163117,交通事故,交叉路口,臺南市佳里區東寧里文化路段號民生街,2,晴,50,交岔路,交叉路口,無號誌,車與車,未保持行車安全間隔
11001AC791B0318,20210104,120.217347,23.119389,交通事故,無,臺南市西港區段號,1,晴,50,單路部分,路段,無號誌,車與車,未注意車前狀態
11001AC791B0327,20210104,120.229217,23.138871,交通事故,無,臺南市西港區段號,1,晴,30,交岔路,交叉路口,閃光號誌,車與車,未依規定讓車
11001AC791B0328,20210105,120.202284,23.117084,交通事故,一般地址,臺南市西港區慶安里新興街段8-77號0,1,晴,40,單路部分,路段,無號誌,汽(機)車本身,未注意車前狀態
11001AC791B0340,20210106,120.181484,23.161621,交通事故,交叉路口,臺南市佳里區東寧里信義一街段號信義一街418,1,晴,30,交岔路,交叉路口,無號誌,車與車,右轉彎未依規定
11001AC791B0397,20210106,120.176529,23.15181,交通事故,交叉路口,臺南市佳里區建南里安南路段號四維二街,2,晴,50,交岔路,交叉路口,行車管制號誌,車與車,未依規定讓車
11001AC791B0426,20210107,120.203578,23.112165,交通事故,一般地址,臺南市西港區慶安里中山路段52號,1,雨,50,單路部分,路段,行車管制號誌,車與車,未保持行車安全距離
11001AC791B0439,20210107,120.174996,23.164598,交通事故,一般地址,臺南市佳里區光復路段328號,1,陰,50,單路部分,路段,無號誌,車與車,迴轉未依規定
11001AC791B0449,20210107,120.203616,23.111895,交通事故,一般地址,臺南市西港區西港里中山路段17號,1,陰,50,單路部分,路段,無號誌,汽(機)車本身,未注意車前狀態
11001AC791B0468,20210107,120.178775,23.157817,交通事故,交叉路口,臺南市佳里區延平路段號博愛街,1,晴,50,交岔路,交叉路口,行車管制號誌,車與車,未保持行車安全間隔
11001AC791B0481,20210106,120.178394,23.16527,交通事故,其他,臺南市佳里區段號延平路與忠孝東路口,2,晴,50,交岔路,路段,行車管制號誌,車與車,逆向行駛
11001AC791B0482,20210107,120.202321,23.116825,交通事故,其他,臺南市西港區段號慶安里新興街中央公園前路口,1,晴,30,交岔路,交叉路口,無號誌,車與車,倒車未依規定
11001AC791B0518,20210108,120.169709,23.182293,交通事故,無,臺南市佳里區段號,1,晴,50,單路部分,路段,無號誌,汽(機)車本身,未注意車前狀態
11001AC791B0542,20210104,120.180519,23.151494,交通事故,一般地址,臺南市佳里區祥和三街段17號,1,晴,30,交岔路,交叉路口,無號誌,車與車,未依規定讓車
11001AC791B0549,20210108,120.178006,23.164515,交通事故,一般地址,臺南市佳里區延平路段401號,1,陰,50,單路部分,路段,無號誌,車與車,起步未注意其他車(人)安全
11001AC791B0552,20210108,120.182601,23.107584,交通事故,其他,臺南市西港區段號永樂里路燈編號新復0140號桿前,1,陰,30,單路部分,路段,無號誌,汽(機)車本身,未注意車前狀態
11001AC791B0606,20210109,120.174796,23.161784,交通事故,一般地址,臺南市佳里區東寧里光復路段232號0,3,晴,50,單路部分,路段,無號誌,車與車,未保持行車安全距離
11001AC791B0694,20210104,120.184207,23.181977,交通事故,無,臺南市佳里區段號,1,晴,50,交岔路,交叉路口,行車管制號誌(附設行人專用號誌),車與車,未依規定讓車
11001AC791B0705,20210110,120.177569,23.156393,交通事故,一般地址,臺南市佳里區鎮山里中山路段102號0,1,晴,50,單路部分,路段,無號誌,車與車,未保持行車安全距離
11001AC791B0722,20210110,120.169892,23.158495,交通事故,交叉路口,臺南市佳里區文新里新生路段號育善街,1,晴,50,交岔路,交叉路口,閃光號誌,車與車,迴轉未依規定
11001AC791B0742,20210110,120.183928,23.154583,交通事故,無,臺南市佳里區段號,1,晴,60,單路部分,路段,無號誌,車與車,未注意車前狀態
11001AC791B0782,20210111,120.197757,23.186801,交通事故,其他,臺南市佳里區段號佳化里佳里興15之7號前一般車道3,1,晴,30,單路部分,路段,無號誌,車與車,未保持行車安全間隔
11001AC791B0817,20210111,120.193778,23.188672,交通事故,一般地址,臺南市佳里區佳化里區道南24線段48之1號,1,晴,50,交岔路,交叉路口,行車管制號誌,車與車,違規超車
11001AC791B0877,20210111,120.167643,23.162898,交通事故,交叉路口,臺南市佳里區文新里佳西路段號文化路,1,晴,50,交岔路,交叉路口,行車管制號誌,車與車,橫越道路不慎
11001AC791B0894,20210112,120.164594,23.125595,交通事故,無,臺南市佳里區段號,1,晴,50,單路部分,路段,無號誌,車與車,迴轉未依規定
11001AC791B0932,20210112,120.123725,23.091595,交通事故,無,臺南市七股區段號,1,晴,60,單路部分,路段,無號誌,車與車,未注意車前狀態
11001AC791B0934,20210107,120.183498,23.15804,交通事故,其他,臺南市佳里區段號佳東路245號前機車道,1,晴,50,單路部分,路段,無號誌,車與車,倒車未依規定
11001AC791B0985,20210113,120.196475,23.119815,交通事故,交叉路口,臺南市西港區慶安里慶安路段號慶安路228,1,晴,30,交岔路,交叉路口,無號誌,車與車,未依規定讓車
11001AC791B1000,20210113,120.139136,23.140381,交通事故,其他,臺南市七股區段號大埕里276號前,2,晴,50,單路部分,路段,無號誌,車與車,違反特定標誌(線)禁制
11001AC791B1001,20210113,120.176168,23.150426,交通事故,一般地址,臺南市佳里區南勢里四維三街段9535號,1,晴,30,交岔路,交叉路口,無號誌,車與車,未依規定讓車
11001AC791B1002,20210113,120.178229,23.163113,交通事故,交叉路口,臺南市佳里區延平路段號文化路,1,晴,50,交岔路,交叉路口,行車管制號誌,車與車,未注意車前狀態
11001AC791B1043,20210113,120.141197,23.137052,交通事故,無,臺南市七股區段號,2,晴,50,單路部分,路段,無號誌,汽(機)車本身,未注意車前狀態
11001AC791B1051,20210113,120.20217,23.117282,交通事故,交叉路口,臺南市西港區新興街段號中山路121,2,晴,50,交岔路,交叉路口,行車管制號誌,車與車,起步未注意其他車(人)安全
11001AC791B1090,20210114,120.181772,23.163153,交通事故,一般地址,臺南市佳里區東寧里文化路段29號0,1,晴,50,單路部分,路段,無號誌,車與車,逆向行駛
11001AC791B1091,20210114,120.170538,23.163164,交通事故,一般地址,臺南市佳里區文化路段450號,1,晴,50,單路部分,路段,無號誌,車與車,未保持行車安全距離
11001AC791B1106,20210114,120.17719,23.15914,交通事故,一般地址,臺南市佳里區中山路段194號,1,晴,50,單路部分,路段,無號誌,車與車,橫越道路不慎
11001AC791B1156,20210114,120.182097,23.16512,交通事故,一般地址,臺南市佳里區佳東路段497號,1,晴,50,單路部分,路段,無號誌,車與車,變換車道或方向不當
11001AC791B1175,20210114,120.180031,23.128777,交通事故,一般地址,臺南市西港區劉厝里蚶西港段8之2號,1,晴,40,交岔路,交叉路口,無號誌,汽(機)車本身,未注意車前狀態
11001AC791B1184,20210111,120.185143,23.190533,交通事故,一般地址,臺南市佳里區佳興里佳里興段375號,2,晴,30,交岔路,交叉路口,無號誌,車與車,未依規定讓車
11001AC791B1188,20210111,120.2153,23.121131,交通事故,其他,臺南市西港區段號港東里下面厝2-2號十字路口,2,晴,30,交岔路,交叉路口,閃光號誌,車與車,未依規定讓車
11001AC791B1222,20210115,120.176472,23.165477,交通事故,一般地址,臺南市佳里區六安里忠孝路段7號0,1,晴,40,單路部分,路段,無號誌,車與車,變換車道或方向不當
11001AC791B1241,20210115,120.197549,23.137577,交通事故,一般地址,臺南市西港區營西里後營段532號0,1,晴,50,交岔路,交叉路口,無號誌,車與車,未依規定讓車
11001AC791B1251,20210115,120.181744,23.163936,交通事故,交叉路口,臺南市佳里區六安里進學路段號忠孝東路,1,晴,50,交岔路,交叉路口,閃光號誌,車與車,未依規定讓車
11001AC791B1273,20210115,120.203872,23.110554,交通事故,無,臺南市西港區段號,1,晴,50,交岔路,交叉路口,無號誌,車與車,未依規定讓車
11001AC791B1335,20210115,120.171344,23.163029,交通事故,交叉路口,臺南市佳里區安西里文化路段號安西路,1,晴,50,單路部分,路段,無號誌,車與車,橫越道路不慎
11001AC791B1337,20210115,120.180242,23.117986,交通事故,交叉路口,臺南市西港區竹林里區道南41線段號區道南36線,1,晴,50,交岔路,交叉路口,無號誌,人與汽(機)車,未注意車前狀態
11001AC791B1338,20210115,120.178294,23.166242,交通事故,交叉路口,臺南市佳里區六安里中山路段號延平路,1,晴,50,交岔路,交叉路口,無號誌,車與車,未依規定讓車
11001AC791B1370,20210116,120.187027,23.187663,交通事故,無,臺南市佳里區段號,1,晴,50,單路部分,路段,無號誌,車與車,迴轉未依規定
11001AC791B1376,20210116,120.178518,23.159531,交通事故,交叉路口,臺南市佳里區忠仁里延平路段號興中街,1,晴,50,交岔路,交叉路口,閃光號誌,車與車,未依規定讓車
11001AC791B1409,20210116,120.166701,23.158068,交通事故,其他,臺南市佳里區段號建南里建南156之15號前,2,晴,60,單路部分,路段,無號誌,車與車,未依規定讓車
11001AC791B1423,20210116,120.233476,23.131321,交通事故,無,臺南市西港區段號,1,晴,50,單路部分,路段,無號誌,汽(機)車本身,未注意車前狀態
11001AC791B1424,20210114,120.172368,23.16134,交通事故,交叉路口,臺南市佳里區公園路段號義民街,1,晴,30,交岔路,交叉路口,無號誌,車與車,未依規定讓車
11001AC791B1429,20210116,120.11716,23.10024,交通事故,其他,臺南市七股區段號三股里三股65-2號前一般道路,2,晴,30,單路部分,路段,無號誌,汽(機)車本身,未注意車前狀態
11001AC791B1446,20210114,120.204781,23.108573,交通事故,其他,臺南市西港區段號西港里西港大橋上,2,晴,50,單路部分,路段,無號誌,車與車,未注意車前狀態
11001AC791B1447,20210113,120.178637,23.151767,交通事故,其他,臺南市佳里區段號安南路與勝利路口,2,晴,50,交岔路,交叉路口,閃光號誌,車與車,未依規定讓車
11001AC791B1450,20210112,120.167608,23.158072,交通事故,其他,臺南市佳里區段號新生路與佳南路口,1,晴,50,交岔路,交叉路口,行車管制號誌,車與車,左轉彎未依規定
11001AC791B1462,20210117,120.175362,23.155175,交通事故,交叉路口,臺南市佳里區建南里成功路段號建南街,1,晴,50,交岔路,交叉路口,行車管制號誌,車與車,違規超車
11001AC791B1468,20210114,120.193647,23.152733,交通事故,其他,臺南市佳里區段號路燈編號060015,1,晴,30,單路部分,路段,無號誌,車與車,迴轉未依規定
11001AC791B1474,20210117,120.172707,23.158703,交通事故,交叉路口,臺南市佳里區建南里公園路段號光復路127,2,晴,30,交岔路,交叉路口,閃光號誌,車與車,未依規定讓車
11001AC791B1496,20210112,120.215336,23.119041,交通事故,其他,臺南市西港區段號港東里下面厝2-2號,1,晴,30,交岔路,交叉路口,無號誌,車與車,左轉彎未依規定
11001AC791B1513,20210117,120.185138,23.16465,交通事故,一般地址,臺南市佳里區東寧里進學路段7號0,1,晴,50,單路部分,路段,無號誌,車與車,迴轉未依規定
11001AC791B1542,20210115,120.184101,23.153765,交通事故,其他,臺南市佳里區段號佳東路86號前內側車道,2,晴,50,交岔路,路段,行車管制號誌,車與車,未注意車前狀態
11001AC791B1606,20210118,120.225487,23.142642,交通事故,其他,臺南市西港區段號太西1-34號,2,晴,50,交岔路,交叉路口,閃光號誌,車與車,未依規定讓車
11001AC791B1622,20210118,120.181724,23.149238,交通事故,交叉路口,臺南市佳里區鎮山里佳南路段號鎮山街122,1,晴,50,交岔路,交叉路口,無號誌,車與車,疲勞(患病)駕駛失控
11001AC791B1665,20210119,120.199962,23.123464,交通事故,一般地址,臺南市西港區慶安里新興街段10750號,1,晴,50,單路部分,路段,無號誌,車與車,未依規定讓車
11001AC791B1675,20210116,120.184293,23.151901,交通事故,交叉路口,臺南市佳里區佳東路段號仁愛路,1,晴,60,交岔路,交叉路口,行車管制號誌,車與車,違反號誌管制或指揮
11001AC791B1703,20210119,120.113684,23.138315,交通事故,其他,臺南市七股區段號龍山里209號,2,晴,50,單路部分,路段,無號誌,汽(機)車本身,動物竄出
11001AC791B1708,20210117,120.118378,23.099113,交通事故,其他,臺南市七股區段號三股27號,1,晴,50,交岔路,交叉路口,無號誌,車與車,未依規定讓車
11001AC791B1721,20210118,120.185848,23.150257,交通事故,無,臺南市佳里區段號,1,晴,50,交岔路,交叉路口,行車管制號誌,車與車,未依規定讓車
11001AC791B1724,20210119,120.19047,23.138095,交通事故,無,臺南市西港區段號,1,晴,50,單路部分,路段,無號誌,車與車,未依規定讓車
11001AC791B1725,20210119,120.131947,23.18791,交通事故,其他,臺南市七股區段號大潭里台潭33之1號,2,晴,30,交岔路,交叉路口,無號誌,車與車,橫越道路不慎
11001AC791B1742,20210118,120.201245,23.12939,交通事故,一般地址,臺南市西港區慶安里中山路段475號,1,晴,50,單路部分,其他,無號誌,車與車,未依規定讓車
11001AC791B1743,20210119,120.164862,23.162838,交通事故,一般地址,臺南市佳里區安西里文化路段694號,1,晴,50,單路部分,路段,無號誌,車與車,迴轉未依規定
11001AC791B1782,20210120,120.191277,23.176419,交通事故,其他,臺南市佳里區段號民安里新宅5號旁三岔路口,2,晴,30,單路部分,路段,無號誌,車與車,未注意車前狀態
11001AC791B1783,20210120,120.184293,23.151901,交通事故,無,臺南市七股區段號,1,晴,70,單路部分,路段,無號誌,汽(機)車本身,未保持行車安全距離
11001AC791B1808,20210120,120.172604,23.161286,交通事故,交叉路口,臺南市佳里區公園路段號義民街,1,晴,50,交岔路,交叉路口,無號誌,車與車,未依規定讓車
11001AC791B1843,20210120,120.164021,23.171703,交通事故,無,臺南市佳里區段號,2,晴,50,單路部分,路段,無號誌,車與車,迴轉未依規定
11001AC791B1846,20210118,120.145125,23.177641,交通事故,無,臺南市七股區段號,2,晴,50,單路部分,路段,無號誌,車與車,未注意車前狀態
11001AC791B1861,20210118,120.185704,23.1851,交通事故,一般地址,臺南市佳里區佳興里佳里興段571之4號,1,晴,40,單路部分,路段,無號誌,車與車,未注意車前狀態
11001AC791B1863,20210117,120.176701,23.162423,交通事故,交叉路口,臺南市佳里區東寧里中山路段號和平街,2,晴,50,交岔路,交叉路口,無號誌,車與車,未依規定讓車
11001AC791B1871,20210120,120.197473,23.136033,交通事故,無,臺南市西港區段號,2,晴,50,單路部分,路段,無號誌,汽(機)車本身,未注意車前狀態
11001AC791B1945,20210121,120.20284,23.123373,交通事故,一般地址,臺南市西港區慶安里中山路段351號,1,晴,50,交岔路,交叉路口,無號誌,車與車,未依規定讓車
11001AC791B2040,20210121,120.188694,23.12973,交通事故,其他,臺南市西港區段號竹林里大竹林56之36號,2,晴,30,交岔路,交叉路口,無號誌,車與車,未保持行車安全間隔
11001AC791B2052,20210121,120.150595,23.161446,交通事故,無,臺南市七股區段號,1,晴,50,交岔路,交叉路口,閃光號誌,車與車,未依規定讓車
11001AC791B2094,20210122,120.141006,23.134865,交通事故,其他,臺南市七股區段號大埕里未命名道路玉成高幹21左8右1電桿附近路口,1,晴,30,交岔路,交叉路口,無號誌,車與車,未依規定讓車
11001AC791B2144,20210122,120.175624,23.161438,交通事故,交叉路口,臺南市佳里區建南里義民街段號中和街,1,陰,40,交岔路,交叉路口,無號誌,車與車,違規超車
11001AC791B2179,20210119,120.202297,23.126624,交通事故,交叉路口,臺南市西港區省道臺19線段號區道南44線,1,晴,70,交岔路,交叉路口,行車管制號誌,車與車,違反號誌管制或指揮
11001AC791B2187,20210122,120.203903,23.117519,交通事故,交叉路口,臺南市西港區西港里中山路段號忠孝街,1,晴,50,交岔路,交叉路口,行車管制號誌,車與車,未依規定讓車
11001AC791B2194,20210123,120.17321,23.165614,交通事故,交叉路口,臺南市佳里區新生路段號公園路,3,晴,50,交岔路,交叉路口,閃光號誌,車與車,未依規定讓車
11001AC791B2225,20210123,120.133277,23.133774,交通事故,交叉路口,臺南市七股區七股里省道臺17線段號市道176線,1,陰,50,交岔路,交叉路口,行車管制號誌,車與車,違反號誌管制或指揮
11001AC791B2238,20210123,120.170477,23.169446,交通事故,無,臺南市佳里區段號,2,晴,50,單路部分,路段,無號誌,車與車,未保持行車安全距離
11001AC791B2259,20210123,120.177855,23.165405,交通事故,交叉路口,臺南市佳里區六安里中山路段號忠孝路,1,晴,50,交岔路,交叉路口,行車管制號誌,車與車,未依規定讓車
11001AC791B2262,20210123,120.178229,23.163113,交通事故,交叉路口,臺南市佳里區東寧里延平路段號文化路,1,晴,50,交岔路,交叉路口,行車管制號誌,汽(機)車本身,未注意車前狀態
11001AC791B2282,20210123,120.174496,23.163137,交通事故,交叉路口,臺南市佳里區安西里文化路段號文化路300,1,晴,30,交岔路,交叉路口,無號誌,車與車,未依規定讓車
11001AC791B2325,20210109,120.173868,23.137508,交通事故,無,臺南市佳里區段號,1,晴,50,交岔路,交叉路口,無號誌,汽(機)車本身,未注意車前狀態
11001AC791B2327,20210123,120.160003,23.154702,交通事故,無,臺南市佳里區段號,1,晴,50,單路部分,路段,無號誌,汽(機)車本身,未注意車前狀態
11001AC791B2364,20210124,120.175151,23.15092,交通事故,交叉路口,臺南市佳里區南勢里四維三街段號祥和三街,1,晴,30,交岔路,路段,無號誌,汽(機)車本身,未注意車前狀態
11001AC791B2375,20210123,120.106849,23.153654,交通事故,其他,臺南市七股區段號中鹽派出所北側路口,1,晴,50,交岔路,交叉路口,行車管制號誌,車與車,違反號誌管制或指揮
11001AC791B2394,20210124,120.170477,23.169446,交通事故,無,臺南市佳里區段號,1,晴,30,交岔路,交叉路口,無號誌,車與車,未依規定讓車
11001AC791B2413,20210124,120.174163,23.151816,交通事故,交叉路口,臺南市佳里區建南里成功路段號安南路,1,晴,50,交岔路,交叉路口,行車管制號誌,車與車,未保持行車安全距離
11001AC791B2439,20210125,120.208006,23.174864,交通事故,一般地址,臺南市佳里區子龍里子良廟段15738號0,1,晴,50,單路部分,路段,無號誌,車與車,逆向行駛
11001AC791B2448,20210116,120.184293,23.151901,交通事故,交叉路口,臺南市佳里區佳東路段號仁愛路,1,晴,50,交岔路,交叉路口,閃光號誌,汽(機)車本身,未依規定減速
11001AC791B2450,20210123,120.162896,23.121375,交通事故,一般地址,臺南市佳里區塭內里塭內路段111之21號,1,晴,50,單路部分,路段,無號誌,車與車,變換車道或方向不當
11001AC791B2454,20210125,120.175626,23.161442,交通事故,交叉路口,臺南市佳里區中和街段號義民街,1,晴,30,交岔路,交叉路口,無號誌,車與車,未保持行車安全間隔
11001AC791B2490,20210125,120.172257,23.158559,交通事故,一般地址,臺南市佳里區建南里公園路段2831號,1,晴,30,單路部分,路段,無號誌,汽(機)車本身,不明原因肇事
11001AC791B2494,20210125,120.179811,23.156164,交通事故,交叉路口,臺南市佳里區自由街段號自由街43,1,晴,30,交岔路,交叉路口,無號誌,車與車,未依規定讓車
11001AC791B2517,20210123,120.179732,23.104884,交通事故,其他,臺南市西港區段號永樂里新港7-1號,1,晴,30,單路部分,路段,無號誌,車與車,未注意車前狀態
11001AC791B2524,20210126,120.201587,23.125274,交通事故,交叉路口,臺南市西港區慶安里新興街段號新興街189,1,晴,50,交岔路,交叉路口,閃光號誌,車與車,未依規定讓車
11001AC791B2529,20210125,120.112472,23.099598,交通事故,其他,臺南市七股區段號三股里鎮海娘娘廟前,1,晴,50,交岔路,交叉路口,無號誌,車與車,未靠右行駛
11001AC791B2539,20210126,120.178239,23.163881,交通事故,交叉路口,臺南市佳里區東寧里延平路段號進學路,1,晴,50,交岔路,交叉路口,行車管制號誌,車與車,未注意車前狀態
11001AC791B2573,20210126,120.153432,23.170287,交通事故,無,臺南市佳里區段號,2,晴,50,交岔路,交叉路口,無號誌,車與車,未保持行車安全距離
11001AC791B2605,20210126,120.116437,23.137346,交通事故,其他,臺南市七股區段號176公路4.3公里附近東向車道,1,晴,50,單路部分,路段,無號誌,車與車,未保持行車安全間隔
11001AC791B2612,20210124,120.174811,23.162086,交通事故,其他,臺南市佳里區段號光復路與和平街口,1,晴,50,交岔路,交叉路口,行車管制號誌,車與車,左轉彎未依規定
11001AC791B2620,20210118,120.178142,23.165419,交通事故,其他,臺南市佳里區段號忠孝路與延平路口,1,晴,50,交岔路,交叉路口,行車管制號誌,車與車,起步未注意其他車(人)安全
11001AC791B2708,20210127,120.183883,23.181403,交通事故,無,臺南市佳里區段號,2,晴,50,交岔路,交叉路口,行車管制號誌,車與車,未依規定讓車