案件編號,發生日期,GPS經度,GPS緯度,案件類別名稱,地址類型名稱,發生縣市名稱,受傷人數,天候名稱, 速限-第1當事者,道路型態大類別名稱,事故位置大類別名稱,號誌-號誌種類名稱,事故類型及型態大類別名稱,肇因研判子類別名稱-主要
11001AC791B2770,20210115,120.217122,23.146473,交通事故,無,臺南市西港區段號,1,晴,50,單路部分,路段,無號誌,車與車,逆向行駛
11001AC791B2785,20210104,120.204145,23.188963,交通事故,無,臺南市佳里區段號,2,晴,50,單路部分,路段,無號誌,車與車,未保持行車安全間隔
11001AC791B2818,20210128,120.212335,23.176071,交通事故,無,臺南市佳里區段號,1,晴,60,交岔路,交叉路口,無號誌,車與車,未保持行車安全距離
11001AC791B2836,20210128,120.174795,23.161314,交通事故,交叉路口,臺南市佳里區文新里光復路段號義民街,3,晴,50,交岔路,交叉路口,行車管制號誌,車與車,左轉彎未依規定
11001AC791B2859,20210127,120.197057,23.181438,交通事故,其他,臺南市佳里區段號民安里新宅電桿佳化高幹35左8左7右3附近未命名道路,1,晴,30,單路部分,其他,無號誌,汽(機)車本身,未注意車前狀態
11001AC791B2897,20210128,120.176888,23.16032,交通事故,交叉路口,臺南市佳里區建南里新生路段號中山路,1,晴,50,交岔路,交叉路口,行車管制號誌,車與車,未依規定讓車
11001AC791B2931,20210129,120.200418,23.131531,交通事故,一般地址,臺南市西港區慶安里中山路段493-2號0,1,晴,50,單路部分,路段,無號誌,汽(機)車本身,未注意車前狀態
11001AC791B2941,20210129,120.132197,23.123788,交通事故,無,臺南市七股區段號,2,晴,70,交岔路,交叉路口,閃光號誌,車與車,右轉彎未依規定
11001AC791B2963,20210129,120.172352,23.159485,交通事故,交叉路口,臺南市佳里區建南里公園路段號新生路,2,晴,50,交岔路,交叉路口,行車管制號誌,車與車,違規超車
11001AC791B2966,20210129,120.182912,23.107586,交通事故,其他,臺南市西港區段號永樂里新港27-51號十字路口,2,晴,30,交岔路,交叉路口,無號誌,車與車,未依規定讓車
11001AC791B2972,20210118,120.202067,23.159252,交通事故,其他,臺南市西港區段號金砂里新寮22號十字路口,1,晴,30,交岔路,交叉路口,無號誌,車與車,未依規定讓車
11001AC791B3052,20210115,120.171125,23.164008,交通事故,交叉路口,臺南市佳里區安西里安西路段號安西路201,1,晴,50,交岔路,交叉路口,無號誌,車與車,未依規定讓車
11001AC791B3062,20210123,120.187951,23.115732,交通事故,無,臺南市西港區段號,2,晴,50,單路部分,路段,無號誌,人與汽(機)車,未注意車前狀態
11001AC791B3069,20210129,120.118206,23.098859,交通事故,其他,臺南市七股區段號三股里龍德宮前,2,晴,30,單路部分,路段,無號誌,車與車,未保持行車安全間隔
11001AC791B3077,20210130,120.131765,23.121376,交通事故,無,臺南市七股區段號,1,晴,70,單路部分,路段,無號誌,車與車,未注意車前狀態
11001AC791B3083,20210130,120.207151,23.12469,交通事故,其他,臺南市西港區段號西港里文化路與外環道口,1,晴,50,交岔路,交叉路口,行車管制號誌,車與車,未依規定讓車
11001AC791B3085,20210130,120.131746,23.121182,交通事故,無,臺南市七股區段號,1,晴,70,交岔路,交叉路口,無號誌,車與車,未注意車前狀態
11001AC791B3102,20210130,120.20419,23.11454,交通事故,無,臺南市西港區段號,1,晴,50,單路部分,路段,無號誌,車與車,未注意車前狀態
11001AC791B3116,20210130,120.171583,23.167139,交通事故,交叉路口,臺南市佳里區安西里忠孝路段279號安西路3354,2,晴,30,交岔路,交叉路口,無號誌,車與車,未依規定讓車
11001AC791B3171,20210129,120.239023,23.136013,交通事故,其他,臺南市西港區段號檨林里電桿溪底高幹81右31未命名道路,1,晴,30,交岔路,交叉路口,無號誌,汽(機)車本身,未注意車前狀態
11001AC791B3210,20210131,120.172914,23.167797,交通事故,交叉路口,臺南市佳里區安西里忠孝路段號安西路,1,晴,50,交岔路,交叉路口,行車管制號誌,車與車,左轉彎未依規定
11001AC791B3221,20210131,120.202172,23.117271,交通事故,交叉路口,臺南市西港區慶安里新興街段號中山路121,2,晴,50,交岔路,交叉路口,行車管制號誌,車與車,未注意車前狀態
11001AC791B3226,20210131,120.181748,23.163923,交通事故,交叉路口,臺南市佳里區六安里進學路段號忠孝東路,1,晴,50,單路部分,路段,閃光號誌,車與車,變換車道或方向不當
11001AC791B3238,20210131,120.131382,23.117828,交通事故,無,臺南市七股區段號,3,晴,70,單路部分,路段,無號誌,汽(機)車本身,未注意車前狀態
11001AC791B3242,20210130,120.219422,23.139486,交通事故,其他,臺南市西港區段號後營里313之3號東側路口,1,晴,50,交岔路,交叉路口,行車管制號誌,車與車,未依規定讓車
11001AC791B3310,20210113,120.159966,23.129892,交通事故,其他,臺南市西港區段號劉厝110之2號,1,晴,50,交岔路,交叉路口,無號誌,車與車,未保持行車安全距離
11001AC791B3345,20210129,120.201298,23.120859,交通事故,其他,臺南市西港區段號新興街與慶安路口,2,晴,50,單路部分,路段,行車管制號誌,車與車,未保持行車安全距離
11001AC791B3401,20210120,120.190924,23.159879,交通事故,其他,臺南市佳里區段號子良廟221-12號,1,晴,30,交岔路,交叉路口,無號誌,車與車,未依規定讓車
11001AC791B3450,20210129,120.185454,23.114612,交通事故,無,臺南市西港區段號,1,晴,50,單路部分,路段,無號誌,車與車,未注意車前狀態
11001AC791B3452,20210124,120.171091,23.161331,交通事故,其他,臺南市佳里區段號安西路與義民街,1,晴,30,交岔路,交叉路口,無號誌,車與車,未依規定讓車
11001AC791B3506,20210121,120.17918,23.170733,交通事故,無,臺南市佳里區段號,1,晴,50,單路部分,路段,無號誌,車與車,未保持行車安全距離
11001AC791B3559,20210120,120.207088,23.117073,交通事故,其他,臺南市西港區段號堀子頭69-34號,2,晴,30,交岔路,交叉路口,無號誌,車與車,未依規定讓車
11001AC791B3609,20210122,120.181371,23.161695,交通事故,交叉路口,臺南市佳里區忠仁里新生路段號信義一街,1,晴,50,交岔路,交叉路口,行車管制號誌,車與車,未依規定讓車
11001AC791B3610,20210127,120.178329,23.162435,交通事故,交叉路口,臺南市佳里區東寧里延平路段號和平街,2,晴,50,交岔路,交叉路口,行車管制號誌,車與車,違反號誌管制或指揮
11001AC791B3611,20210128,120.17761,23.15624,交通事故,交叉路口,臺南市佳里區建南里中山路段號四安街,2,晴,50,單路部分,路段,無號誌,車與車,左轉彎未依規定
11001AC791B3613,20210128,120.177145,23.149196,交通事故,一般地址,臺南市佳里區建南里祥和一街段290號0,1,晴,30,單路部分,路段,無號誌,車與車,起步未注意其他車(人)安全
11001AC791B3614,20210129,120.144173,23.144819,交通事故,其他,臺南市七股區段號大埕里大埕192之20號前,2,晴,50,交岔路,交叉路口,閃光號誌,車與車,迴轉未依規定
11001AC791B3616,20210130,120.171043,23.15896,交通事故,交叉路口,臺南市佳里區文新里新生路段號安西路,1,晴,50,交岔路,其他,行車管制號誌,人與汽(機)車,搶越行人穿越道
11001AC791B3617,20210130,120.161212,23.113535,交通事故,其他,臺南市七股區段號樹林里樹林98之1號前,2,晴,50,單路部分,路段,無號誌,人與汽(機)車,未注意車前狀態
11001AC791B3630,20210125,120.20323,23.123268,交通事故,一般地址,臺南市西港區中山路段368號,1,晴,50,單路部分,路段,無號誌,車與車,未注意車前狀態
11001AC791B3637,20210125,120.186229,23.10404,交通事故,其他,臺南市西港區段號永樂里新港27之29號,2,晴,50,單路部分,路段,無號誌,車與車,未注意車前狀態
11001AC791B3654,20210122,120.174614,23.161909,交通事故,一般地址,臺南市佳里區文新里光復路段273號,2,晴,50,單路部分,路段,無號誌,車與車,起步未注意其他車(人)安全
11001AC791B3658,20210122,120.193229,23.108884,交通事故,其他,臺南市西港區段號南海里中港18-27號旁路口,2,晴,30,交岔路,交叉路口,無號誌,車與車,未依規定讓車
11001AC791B3659,20210130,120.184229,23.181971,交通事故,無,臺南市佳里區段號,2,晴,50,交岔路,交叉路口,閃光號誌,車與車,未依規定讓車
11001AC791B3731,20210127,120.175511,23.155614,交通事故,交叉路口,臺南市佳里區建南里自由街段號建南街,1,晴,50,交岔路,交叉路口,閃光號誌,車與車,未依規定讓車
11001AC791B3790,20210128,120.1345,23.14263,交通事故,無,臺南市七股區段號,1,晴,70,單路部分,其他,無號誌,汽(機)車本身,疲勞(患病)駕駛失控
11001AC791B3792,20210130,120.129922,23.159867,交通事故,其他,臺南市七股區段號篤加里佳篤高幹166電桿前未命名道路,1,晴,50,單路部分,路段,無號誌,汽(機)車本身,不明原因肇事
11001AC791B3946,20210119,120.174742,23.159947,交通事故,交叉路口,臺南市佳里區光復路段號新生路,1,晴,50,交岔路,交叉路口,行車管制號誌,車與車,未注意車前狀態
11001AC791B3975,20210110,120.171066,23.158982,交通事故,交叉路口,臺南市佳里區新生路段號安西路,2,晴,30,單路部分,路段,無號誌,車與車,起步未注意其他車(人)安全
11001AC7T1B2374,20210123,120.156044,23.110708,交通事故,其他,臺南市七股區段號樹林里南37線公路4.3公里處,0,陰,50,單路部分,其他,無號誌,汽(機)車本身,酒醉(後)駕駛失控
11001AC7V1B2169,20210122,120.117316,23.137233,交通事故,其他,臺南市七股區段號龍山里龍山2號前,3,晴,50,單路部分,路段,無號誌,車與車,未依規定讓車
11001AC7W1A0020,20210126,120.180324,23.116953,交通事故,其他,臺南市西港區竹林里區道南41線段號3.6南41線3.6公里處南下一般車道,1,晴,50,交岔路,交叉路口,無號誌,車與車,酒醉(後)駕駛失控
11001AC7W1B3843,20210114,120.203312,23.121222,交通事故,其他,臺南市西港區段號慶安李慶安路與中山路口,1,晴,50,交岔路,交叉路口,行車管制號誌,車與車,未依規定讓車
11001AC7X1B0141,20210103,120.171168,23.163973,交通事故,一般地址,臺南市佳里區安西里安西路段199號0,1,晴,50,交岔路,交叉路口,無號誌,汽(機)車本身,其他引起事故之違規或不當行為
11001AC7X1B0587,20210102,120.178277,23.160649,交通事故,其他,臺南市佳里區段號延平路275號旁,1,晴,50,交岔路,交叉路口,行車管制號誌,車與車,未注意車前狀態
11001AC7X1B2527,20210110,120.180065,23.1487,交通事故,其他,臺南市佳里區段號佳南路與勝利路口,1,晴,60,交岔路,交叉路口,行車管制號誌,車與車,未注意車前狀態
11001AC7X1B3153,20210131,120.179031,23.16895,交通事故,其他,臺南市佳里區段號延平路與延平路630巷口,1,晴,40,交岔路,路段,無號誌,車與車,未注意車前狀態
11001AC893B0007,20210101,120.156547,23.199513,交通事故,其他,臺南市將軍區段號西甲里西華67-23號前路口,1,晴,50,交岔路,交叉路口,行車管制號誌,車與車,未依規定讓車
11001AC893B0019,20210101,120.185733,23.223355,交通事故,其他,臺南市學甲區段號新榮里東寮38-60號,1,晴,50,單路部分,路段,無號誌,車與車,橫越道路不慎
11001AC893B0020,20210101,120.088558,23.190638,交通事故,其他,臺南市將軍區段號鯤鯓里鯤鯓119號前路口,1,晴,50,交岔路,交叉路口,閃光號誌,車與車,逆向行駛
11001AC893B0043,20210101,120.182315,23.228583,交通事故,其他,臺南市學甲區段號仁德里自強路12號,1,晴,50,單路部分,路段,無號誌,車與車,酒醉(後)駕駛失控
11001AC893B0080,20210102,120.135799,23.227029,交通事故,其他,臺南市將軍區段號將軍里台17線與南21線路口,1,晴,70,交岔路,交叉路口,行車管制號誌,車與車,未依規定讓車
11001AC893B0104,20210102,120.118131,23.258215,交通事故,其他,臺南市北門區段號北門里南15線與南10線路口,3,晴,50,交岔路,交叉路口,閃光號誌,車與車,未依規定讓車
11001AC893B0118,20210102,120.199759,23.281413,交通事故,交叉路口,臺南市學甲區三慶里區道南6線段號區道南13線,2,晴,50,交岔路,交叉路口,閃光號誌,車與車,未依規定讓車
11001AC893B0136,20210103,120.186424,23.228658,交通事故,交叉路口,臺南市學甲區新榮里博愛街段號忠孝路,1,晴,50,交岔路,交叉路口,無號誌,車與車,左轉彎未依規定
11001AC893B0276,20210105,120.176037,23.241437,交通事故,交叉路口,臺南市學甲區秀昌里市道171線段號一秀街,1,晴,50,交岔路,交叉路口,閃光號誌,車與車,未依規定讓車
11001AC893B0393,20210106,120.158139,23.1945,交通事故,其他,臺南市將軍區段號長榮里南19線長榮214號旁路口,2,晴,30,交岔路,交叉路口,無號誌,車與車,未依規定讓車
11001AC893B0425,20210107,120.180829,23.232523,交通事故,其他,臺南市學甲區段號仁德里成功路市場出入口,1,雨,50,單路部分,路段,無號誌,車與車,未依規定讓車
11001AC893B0509,20210108,120.104072,23.218322,交通事故,其他,臺南市將軍區段號長沙里長沙1之27號前,1,陰,50,單路部分,路段,無號誌,汽(機)車本身,未注意車前狀態
11001AC893B0559,20210108,120.182818,23.235641,交通事故,其他,臺南市學甲區段號秀昌里新生路67號前,1,晴,50,單路部分,路段,無號誌,車與車,迴轉未依規定
11001AC893B0610,20210109,120.120537,23.265098,交通事故,無,臺南市北門區段號,1,陰,50,單路部分,路段,無號誌,汽(機)車本身,未注意車前狀態
11001AC893B0776,20210111,120.203332,23.214778,交通事故,無,臺南市學甲區段號,1,陰,50,單路部分,路段,無號誌,汽(機)車本身,其他引起事故之違規或不當行為
11001AC893B0804,20210111,120.205044,23.238267,交通事故,交叉路口,臺南市學甲區新達里市道174線段號臺84下東西平面道路,1,晴,50,交岔路,交叉路口,行車管制號誌,車與車,未依規定讓車
11001AC893B0866,20210111,120.127511,23.257978,交通事故,其他,臺南市北門區段號北門里臺17線第0245號路燈前,1,陰,70,單路部分,路段,無號誌,汽(機)車本身,未注意車前狀態
11001AC893B0945,20210112,120.173732,23.225404,交通事故,其他,臺南市學甲區段號仁得里華宗橋(將軍區路燈苓和里G173號路燈桿前),1,陰,50,單路部分,路段,無號誌,汽(機)車本身,疲勞(患病)駕駛失控
11001AC893B0988,20210113,120.134533,23.20603,交通事故,無,臺南市將軍區段號,1,晴,60,單路部分,路段,無號誌,汽(機)車本身,酒醉(後)駕駛失控
11001AC893B0990,20210113,120.136955,23.273857,交通事故,無,臺南市北門區段號,1,晴,50,單路部分,路段,無號誌,汽(機)車本身,其他引起事故之違規或不當行為
11001AC893B1111,20210113,120.198996,23.249192,交通事故,其他,臺南市學甲區段號宅港里學甲交流道,1,晴,30,交岔路,交叉路口,行車管制號誌,車與車,未依規定讓車
11001AC893B1132,20210114,120.196995,23.23691,交通事故,其他,臺南市學甲區段號新達里174線與南53線口西側,1,晴,50,單路部分,路段,無號誌,汽(機)車本身,其他引起事故之違規或不當行為
11001AC893B1139,20210114,120.176024,23.234889,交通事故,其他,臺南市學甲區段號明宜里民權路242號前路口,1,晴,50,交岔路,交叉路口,無號誌,車與車,未依規定讓車
11001AC893B1255,20210115,120.179457,23.233147,交通事故,一般地址,臺南市學甲區明宜里濟生路段198號,1,晴,50,單路部分,路段,無號誌,車與車,停車操作時，未注意其他車(人)安全
11001AC893B1295,20210115,120.182935,23.228605,交通事故,交叉路口,臺南市學甲區慈福里華宗路段號自強路,1,晴,50,交岔路,交叉路口,行車管制號誌,車與車,左轉彎未依規定
11001AC893B1410,20210116,120.180629,23.231295,交通事故,交叉路口,臺南市學甲區仁得里民權路段號成功路,1,晴,50,交岔路,交叉路口,無號誌,車與車,起步未注意其他車(人)安全
11001AC893B1851,20210119,120.179996,23.232766,交通事故,一般地址,臺南市學甲區仁得里中正路段217號,1,晴,50,單路部分,路段,無號誌,車與車,橫越道路不慎
11001AC893B1852,20210118,120.12638,23.281331,交通事故,其他,臺南市北門區段號保吉里臺61線南向接臺84線環道,1,晴,30,單路部分,路段,無號誌,汽(機)車本身,超速失控
11001AC893B1866,20210118,120.178948,23.233168,交通事故,交叉路口,臺南市學甲區仁得里濟生路段號和平路,1,晴,50,交岔路,交叉路口,無號誌,車與車,未依規定讓車
11001AC893B1927,20210119,120.168055,23.219716,交通事故,其他,臺南市將軍區段號苓仔寮里苓保41之20號前,1,晴,50,交岔路,交叉路口,無號誌,汽(機)車本身,未注意車前狀態
11001AC893B2085,20210118,120.180073,23.233005,交通事故,交叉路口,臺南市學甲區仁得里濟生路段號中正路,1,晴,50,交岔路,交叉路口,行車管制號誌,人與汽(機)車,左轉彎未依規定
11001AC893B2093,20210122,120.139338,23.24281,交通事故,其他,臺南市北門區段號仁里里二重港246號前,1,晴,40,單路部分,路段,無號誌,車與車,未靠右行駛
11001AC893B2537,20210125,120.180036,23.232999,交通事故,交叉路口,臺南市學甲區明宜里中正路段號濟生路,2,晴,50,交岔路,交叉路口,行車管制號誌,車與車,未依規定讓車
11001AC893B2664,20210127,120.224071,23.234832,交通事故,無,臺南市學甲區段號,2,陰,50,交岔路,交叉路口,無號誌,車與車,未依規定減速
11001AC893B2747,20210127,120.196381,23.24873,交通事故,其他,臺南市學甲區段號宅港里德安寮3-28號前,1,晴,50,交岔路,交叉路口,無號誌,汽(機)車本身,疲勞(患病)駕駛失控
11001AC893B2985,20210129,120.182392,23.231722,交通事故,交叉路口,臺南市學甲區仁得里華宗路段號廣文路,1,晴,50,交岔路,交叉路口,無號誌,車與車,未依規定減速
11001AC893B3105,20210130,120.18559,23.234441,交通事故,交叉路口,臺南市學甲區新達里中山路段號民族路,2,晴,50,交岔路,交叉路口,閃光號誌,車與車,未依規定讓車
11001AC893B3207,20210131,120.202925,23.287556,交通事故,其他,臺南市學甲區段號三慶里頂洲頂洲高分13右1號前,1,晴,50,單路部分,路段,無號誌,汽(機)車本身,未注意車前狀態
11001AC893B3252,20210131,120.158219,23.195823,交通事故,交叉路口,臺南市將軍區長榮里區道南19線段號區道南24線,1,晴,50,交岔路,交叉路口,無號誌,車與車,未依規定讓車
11001AC8R1B2583,20210126,120.1321,23.28102,交通事故,其他,臺南市北門區段號台17線與南12線路口,1,晴,20,單路部分,路段,行車管制號誌,車與車,未依規定讓車
11001AC991A0010,20210114,120.287805,23.129519,交通事故,交叉路口,臺南市善化區南關里三民路段號永安路,0,晴,50,交岔路,交叉路口,閃光號誌,車與車,未依規定讓車
11001AC991A0013,20210118,120.235299,23.115109,交通事故,交叉路口,臺南市安定區安加里區道南132線段號市道178線安家里南132線與178線路口,0,晴,50,交岔路,交叉路口,行車管制號誌,車與車,未注意車前狀態
11001AC991B0008,20210101,120.240121,23.089544,交通事故,一般地址,臺南市安定區中榮里區道南134線段許中營11-11號0,1,晴,50,單路部分,路段,無號誌,車與車,變換車道或方向不當
11001AC991B0026,20210101,120.293379,23.131426,交通事故,交叉路口,臺南市善化區東關里中興路段號文賢街,1,晴,50,交岔路,交叉路口,無號誌,車與車,違規超車
11001AC991B0076,20210102,120.382297,23.159622,交通事故,一般地址,臺南市大內區頭社里頭社段號0頭社里嗚頭高幹39右25右9,3,晴,30,單路部分,路段,無號誌,車與車,未靠右行駛
11001AC991B0082,20210102,120.287262,23.129605,交通事故,一般地址,臺南市善化區南關里三民路段44423號0南關里三民路15號之8前,2,晴,30,單路部分,路段,無號誌,車與車,酒醉(後)駕駛失控
11001AC991B0089,20210102,120.295071,23.098007,交通事故,一般地址,臺南市新市區三舍里省道臺19甲線段號0三舍里台19線0053路燈桿,1,晴,50,單路部分,路段,無號誌,汽(機)車本身,其他引起事故之違規或不當行為
11001AC991B0093,20210102,120.29189,23.13175,交通事故,一般地址,臺南市善化區東關里大信路段13號,1,晴,30,單路部分,路段,無號誌,車與車,未靠右行駛
11001AC991B0113,20210102,120.302003,23.131072,交通事故,交叉路口,臺南市善化區光文里仁愛路段號民生路,1,晴,50,交岔路,交叉路口,無號誌,車與車,未依規定讓車
11001AC991B0115,20210102,120.327318,23.144453,交通事故,交叉路口,臺南市善化區嘉北里省道臺1線段號區道南129線,2,晴,40,交岔路,交叉路口,行車管制號誌,車與車,未注意車前狀態
11001AC991B0142,20210103,120.325481,23.075139,交通事故,交叉路口,臺南市新市區潭頂里區道南177線段號區道南175線,3,晴,50,交岔路,交叉路口,行車管制號誌,車與車,酒醉(後)駕駛失控
11001AC991B0145,20210102,120.281728,23.062282,交通事故,交叉路口,臺南市新市區社內里中山路段號新港社大道,1,晴,50,交岔路,交叉路口,行車管制號誌,車與車,違反號誌管制或指揮
11001AC991B0147,20210102,120.317575,23.137703,交通事故,一般地址,臺南市善化區牛庄里區道南124線段牛庄1之2號0,2,晴,50,單路部分,路段,無號誌,人與汽(機)車,穿越道路未注意左右來車
11001AC991B0148,20210103,120.313928,23.127024,交通事故,交叉路口,臺南市善化區小新里成功路段169號成功路16996,1,晴,50,交岔路,交叉路口,閃光號誌,車與車,左轉彎未依規定
11001AC991B0150,20210103,120.291675,23.128196,交通事故,交叉路口,臺南市善化區文昌里光復路段號大同路,1,晴,50,交岔路,交叉路口,行車管制號誌,車與車,右轉彎未依規定
11001AC991B0188,20210102,120.3293,23.078044,交通事故,一般地址,臺南市新市區潭頂里區道南175線段潭頂131-1號0,1,晴,50,交岔路,交叉路口,無號誌,車與車,未注意車前狀態
11001AC991B0200,20210104,120.301167,23.121271,交通事故,一般地址,臺南市善化區坐駕里中正路段66號0坐駕里中正路66巷與里內道路路口,2,晴,30,交岔路,交叉路口,無號誌,車與車,未依規定讓車
11001AC991B0207,20210104,120.297115,23.129508,交通事故,交叉路口,臺南市善化區坐駕里大成路段號建國路,1,晴,50,交岔路,交叉路口,行車管制號誌,汽(機)車本身,未注意車前狀態
11001AC991B0210,20210104,120.327837,23.124598,交通事故,一般地址,臺南市善化區嘉南里市道178線段茄拔358-2號0,2,晴,40,單路部分,路段,無號誌,車與車,未保持行車安全距離
11001AC991B0243,20210103,120.319223,23.128659,交通事故,一般地址,臺南市善化區小新里省道臺1線段成功新村2號0小新里成功新村2號前,1,晴,50,單路部分,路段,行車管制號誌,車與車,未保持行車安全距離
11001AC991B0293,20210104,120.291885,23.153388,交通事故,一般地址,臺南市善化區溪美里區道南122線段溪尾310號0,2,晴,50,交岔路,交叉路口,閃光號誌,車與車,不明原因肇事
11001AC991B0299,20210104,120.23454,23.114542,交通事故,一般地址,臺南市安定區安加里區道南132線段安定262-1號0,1,晴,50,單路部分,路段,無號誌,車與車,起步未注意其他車(人)安全
11001AC991B0313,20210105,120.301212,23.153195,交通事故,一般地址,臺南市善化區六德里區道南122線段六分寮325之3號0,1,晴,40,交岔路,交叉路口,無號誌,車與車,倒車未依規定
11001AC991B0329,20210103,120.294383,23.138758,交通事故,交叉路口,臺南市善化區東關里中正路段號中正路691,3,晴,50,單路部分,路段,無號誌,車與車,未注意車前狀態
11001AC991B0348,20210106,120.261598,23.089391,交通事故,交叉路口,臺南市新市區豐華里區道南134線段號樹谷大道,1,晴,50,交岔路,交叉路口,行車管制號誌,車與車,左轉彎未依規定
11001AC991B0360,20210106,120.291029,23.067917,交通事故,交叉路口,臺南市新市區新和里中山路段號仁愛街,2,晴,50,交岔路,交叉路口,行車管制號誌,車與車,未注意車前狀態
11001AC991B0367,20210106,120.203908,23.087598,交通事故,一般地址,臺南市安定區新吉里國道8號側車道段新吉281-5號0,1,陰,40,單路部分,路段,無號誌,車與車,未注意車前狀態
11001AC991B0388,20210106,120.208208,23.100038,交通事故,一般地址,臺南市安定區海寮里省道臺19線段號0海寮里台19線130.9K處(電桿編號大橋幹11),1,陰,50,交岔路,交叉路口,無號誌,車與車,未依規定讓車
11001AC991B0413,20210107,120.245113,23.122267,交通事故,一般地址,臺南市安定區安定里安定段44261號,1,雨,30,交岔路,交叉路口,閃光號誌,車與車,未依規定讓車
11001AC991B0423,20210107,120.287423,23.1507,交通事故,一般地址,臺南市善化區溪美里省道臺19甲線段溪尾196-1號0,1,雨,40,交岔路,交叉路口,無號誌,車與車,左轉彎未依規定
11001AC991B0429,20210107,120.273503,23.131428,交通事故,交叉路口,臺南市善化區胡厝里興農路段號南科北路,1,雨,60,交岔路,交叉路口,行車管制號誌,車與車,右轉彎未依規定
11001AC991B0445,20210107,120.241503,23.126742,交通事故,一般地址,臺南市安定區蘇厝里曾文溪堤側車道段蘇厝520號0,1,雨,30,單路部分,路段,無號誌,車與車,未注意車前狀態
11001AC991B0446,20210107,120.298841,23.071001,交通事故,一般地址,臺南市新市區永就里光華街段號0永就里光華街、堤防道路口,1,晴,50,交岔路,交叉路口,無號誌,車與車,其他引起事故之違規或不當行為
11001AC991B0457,20210107,120.288532,23.137621,交通事故,交叉路口,臺南市善化區文正里進學路段號光復路,1,雨,50,交岔路,交叉路口,行車管制號誌,汽(機)車本身,未注意車前狀態
11001AC991B0507,20210106,120.295645,23.077116,交通事故,交叉路口,臺南市新市區新市里光華街段號華興街,2,晴,50,單路部分,路段,行車管制號誌,人與汽(機)車,未注意車前狀態
11001AC991B0510,20210108,120.291378,23.131527,交通事故,交叉路口,臺南市善化區東關里中興路段號中和街,1,晴,50,交岔路,交叉路口,無號誌,車與車,未依規定讓車
11001AC991B0516,20210105,120.266752,23.132957,交通事故,一般地址,臺南市善化區胡厝里烏橋中路段號0胡厝里烏橋中路(引上桿2號電桿)旁,1,晴,50,單路部分,路段,無號誌,車與車,變換車道或方向不當
11001AC991B0533,20210108,120.210733,23.102752,交通事故,一般地址,臺南市安定區海寮里海寮段137之15號0,1,晴,40,交岔路,交叉路口,無號誌,車與車,未依規定讓車
11001AC991B0541,20210108,120.228037,23.086974,交通事故,一般地址,臺南市安定區港南里市道178線段港口1-17號0港南里港口1號之17前,1,晴,40,單路部分,路段,行車管制號誌,車與車,未注意車前狀態
11001AC991B0546,20210108,120.291337,23.074129,交通事故,交叉路口,臺南市新市區新和里銘傳街段號中正路,1,晴,50,交岔路,交叉路口,行車管制號誌,車與車,未注意車前狀態
11001AC991B0554,20210108,120.320907,23.126652,交通事故,一般地址,臺南市善化區小新里成功路段士宏新村6號0小新里士宏新村6號,1,晴,50,交岔路,交叉路口,閃光號誌,車與車,未依規定讓車
11001AC991B0566,20210108,120.235448,23.113232,交通事故,一般地址,臺南市安定區安加里市道178線段安定258-41號0,1,晴,60,單路部分,路段,無號誌,車與車,未注意車前狀態
11001AC991B0633,20210108,120.29277,23.068879,交通事故,交叉路口,臺南市新市區新和里中山路段號中正路,1,晴,70,交岔路,交叉路口,行車管制號誌(附設行人專用號誌),車與車,右轉彎未依規定
11001AC991B0637,20210108,120.267725,23.129958,交通事故,交叉路口,臺南市善化區胡厝里烏橋中路段號興農路,1,晴,50,交岔路,交叉路口,行車管制號誌,車與車,左轉彎未依規定
11001AC991B0643,20210109,120.289391,23.079373,交通事故,一般地址,臺南市新市區新和里民生路段76號10,1,晴,50,單路部分,路段,無號誌,車與車,左轉彎未依規定
11001AC991B0699,20210110,120.294105,23.126652,交通事故,交叉路口,臺南市善化區文昌里中正路段號興華路,2,晴,50,交岔路,交叉路口,行車管制號誌,車與車,違反特定標誌(線)禁制
11001AC991B0728,20210110,120.286378,23.080938,交通事故,一般地址,臺南市新市區新和里民生路段230號0,1,晴,50,單路部分,路段,無號誌,人與汽(機)車,未注意車前狀態
11001AC991B0780,20210111,120.282735,23.133984,交通事故,交叉路口,臺南市善化區文正里陽明路段號陽明路57,1,晴,50,交岔路,交叉路口,無號誌,車與車,未依規定讓車
11001AC991B0781,20210111,120.288116,23.128812,交通事故,交叉路口,臺南市善化區南關里永安路段號永福路,2,晴,50,交岔路,交叉路口,無號誌,車與車,未保持行車安全距離
11001AC991B0783,20210111,120.29085,23.079949,交通事故,一般地址,臺南市新市區新和里富林路段271號0,1,晴,30,單路部分,路段,無號誌,車與車,未靠右行駛
11001AC991B0793,20210111,120.289187,23.135172,交通事故,交叉路口,臺南市善化區頂街里進學路段號建國路,2,晴,50,交岔路,交叉路口,行車管制號誌,車與車,違反號誌管制或指揮
11001AC991B0802,20210111,120.289875,23.079008,交通事故,交叉路口,臺南市新市區新和里民生路段號信義街,1,晴,50,交岔路,交叉路口,行車管制號誌,車與車,未依規定讓車
11001AC991B0820,20210111,120.282225,23.132645,交通事故,一般地址,臺南市善化區文正里興農路段52號0,1,晴,50,單路部分,路段,無號誌,車與車,變換車道或方向不當
11001AC991B0825,20210111,120.280299,23.0676,交通事故,一般地址,臺南市新市區社內里新港社大道段社內143-88號0,1,晴,50,交岔路,交叉路口,行車管制號誌,車與車,右轉彎未依規定