案件編號,發生日期,GPS經度,GPS緯度,案件類別名稱,地址類型名稱,發生縣市名稱,受傷人數,天候名稱, 速限-第1當事者,道路型態大類別名稱,事故位置大類別名稱,號誌-號誌種類名稱,事故類型及型態大類別名稱,肇因研判子類別名稱-主要
11001AC991B0832,20210111,120.318749,23.127202,交通事故,交叉路口,臺南市善化區小新里成功路段號省道臺1線,1,晴,50,交岔路,交叉路口,行車管制號誌,車與車,酒醉(後)駕駛失控
11001AC991B0836,20210111,120.276171,23.168464,交通事故,一般地址,臺南市善化區六分里溪底寮段19450號0,1,晴,40,單路部分,路段,無號誌,車與車,倒車未依規定
11001AC991B0845,20210111,120.306472,23.130548,交通事故,一般地址,臺南市善化區光文里大成路大成陸橋段號0光文里大成陸橋420621路燈桿,2,晴,30,單路部分,路段,無號誌,人與汽(機)車,未注意車前狀態
11001AC991B0875,20210110,120.293126,23.082015,交通事故,交叉路口,臺南市新市區新和里富安六街段號富林路,1,晴,50,交岔路,交叉路口,閃光號誌,車與車,爭(搶)道行駛
11001AC991B0897,20210111,120.23124,23.089596,交通事故,一般地址,臺南市安定區港南里港口段96之3號0,1,晴,50,交岔路,交叉路口,無號誌,車與車,迴轉未依規定
11001AC991B0904,20210112,120.288253,23.139739,交通事故,一般地址,臺南市善化區溪美里省道臺19甲線段溪尾990號0,2,晴,40,交岔路,交叉路口,無號誌,車與車,未依規定讓車
11001AC991B0915,20210112,120.288279,23.138881,交通事故,交叉路口,臺南市善化區什乃里省道臺19甲線段號區道南126線,1,晴,50,交岔路,交叉路口,行車管制號誌,車與車,未依規定讓車
11001AC991B0922,20210112,120.219008,23.088714,交通事故,一般地址,臺南市安定區新吉里國道8號側車道段新吉19-40號0,1,晴,40,交岔路,交叉路口,無號誌,車與車,未保持行車安全距離
11001AC991B0944,20210112,120.305858,23.104741,交通事故,一般地址,臺南市新市區大營里大營段號0大營里產業道路,2,晴,40,交岔路,交叉路口,無號誌,車與車,未依規定讓車
11001AC991B0979,20210113,120.272593,23.144144,交通事故,交叉路口,臺南市善化區胡家里區道南128線段307號0區道南122線,1,晴,30,交岔路,交叉路口,閃光號誌,車與車,未依規定讓車
11001AC991B1032,20210112,120.231606,23.083949,交通事故,一般地址,臺南市安定區港南里區道南133線段港口21-18號0,2,晴,50,單路部分,其他,無號誌,汽(機)車本身,未注意車前狀態
11001AC991B1039,20210113,120.272636,23.144145,交通事故,交叉路口,臺南市善化區胡家里區道南128線段號區道南122線,1,晴,50,交岔路,交叉路口,閃光號誌,車與車,未依規定讓車
11001AC991B1077,20210113,120.296165,23.120503,交通事故,一般地址,臺南市善化區文昌里中正路段6699號0,2,晴,30,交岔路,交叉路口,無號誌,車與車,未依規定讓車
11001AC991B1082,20210113,120.286653,23.080845,交通事故,交叉路口,臺南市新市區新和里民生路段號富安路,1,晴,50,交岔路,交叉路口,行車管制號誌,車與車,未依規定讓車
11001AC991B1085,20210111,120.290763,23.067427,交通事故,交叉路口,臺南市新市區永就里中山路段號中華路,1,晴,50,交岔路,交叉路口,行車管制號誌(附設行人專用號誌),車與車,右轉彎未依規定
11001AC991B1182,20210113,120.29554,23.0801,交通事故,交叉路口,臺南市新市區新市里復興路段號復興路6,2,晴,50,交岔路,交叉路口,行車管制號誌,車與車,起步未注意其他車(人)安全
11001AC991B1183,20210114,120.325239,23.14228,交通事故,一般地址,臺南市善化區嘉北里省道臺1線段茄拔2-35號10,2,晴,70,單路部分,路段,無號誌,車與車,倒車未依規定
11001AC991B1185,20210114,120.238863,23.115177,交通事故,一般地址,臺南市安定區安加里市道178線段安定258-61號0,1,晴,50,交岔路,路段,行車管制號誌,車與車,酒醉(後)駕駛失控
11001AC991B1209,20210114,120.281806,23.062355,交通事故,交叉路口,臺南市新市區永就里中山路段號新港社大道,2,晴,50,交岔路,交叉路口,行車管制號誌,車與車,違反號誌管制或指揮
11001AC991B1234,20210115,120.289359,23.079383,交通事故,一般地址,臺南市新市區新和里民生路段68號0,2,晴,50,單路部分,路段,無號誌,車與車,未保持行車安全距離
11001AC991B1260,20210115,120.255552,23.070513,交通事故,交叉路口,臺南市新市區大洲里大洲排水線側車道段號區道南135線大洲里大洲二號橋與南135線,1,晴,30,交岔路,交叉路口,行車管制號誌,車與車,右轉彎未依規定
11001AC991B1277,20210113,120.301315,23.088024,交通事故,一般地址,臺南市新市區大營里豐榮段號0大營里產業道路,2,晴,40,單路部分,路段,無號誌,車與車,未注意車前狀態
11001AC991B1294,20210110,120.278994,23.159035,交通事故,一般地址,臺南市善化區六分里省道臺19甲線段號0,1,晴,40,單路部分,路段,無號誌,汽(機)車本身,未注意車前狀態
11001AC991B1308,20210115,120.268123,23.09043,交通事故,交叉路口,臺南市新市區豐華里區道南134線段號道爺路,3,晴,40,交岔路,交叉路口,行車管制號誌,車與車,未注意車前狀態
11001AC991B1345,20210105,120.284773,23.081951,交通事故,一般地址,臺南市新市區社內里區道南134線段社內75-58號10,1,晴,50,交岔路,交叉路口,行車管制號誌(附設行人專用號誌),汽(機)車本身,動物竄出
11001AC991B1357,20210116,120.238188,23.117258,交通事故,一般地址,臺南市安定區安加里安定段243-5號,1,晴,30,交岔路,交叉路口,無號誌,車與車,未依規定讓車
11001AC991B1374,20210114,120.223809,23.087052,交通事故,一般地址,臺南市安定區港南里國道8號側車道段號0港南里國道八號側車道旁,1,晴,50,交岔路,交叉路口,無號誌,車與車,未依規定讓車
11001AC991B1430,20210111,120.232061,23.088289,交通事故,一般地址,臺南市安定區港南里港口段13號0港南里港口13號前,3,晴,30,交岔路,交叉路口,無號誌,車與車,未依規定讓車
11001AC991B1441,20210117,120.234646,23.090305,交通事故,交叉路口,臺南市安定區港南里區道南133線段號區道南134線,1,晴,40,交岔路,交叉路口,閃光號誌,車與車,未依規定讓車
11001AC991B1459,20210116,120.299434,23.130715,交通事故,交叉路口,臺南市善化區光文里信義路段號民生路,1,晴,50,交岔路,交叉路口,閃光號誌,車與車,未依規定讓車
11001AC991B1482,20210117,120.292135,23.132231,交通事故,一般地址,臺南市善化區東關里中山路段370號10,1,晴,50,單路部分,路段,無號誌,車與車,未保持行車安全間隔
11001AC991B1490,20210116,120.294144,23.123249,交通事故,一般地址,臺南市善化區文昌里中正路段179號10,1,晴,50,單路部分,路段,行車管制號誌,車與車,未保持行車安全距離
11001AC991B1492,20210117,120.213996,23.073539,交通事故,一般地址,臺南市安定區中沙里省道臺19線段沙崙49號0,1,晴,50,交岔路,交叉路口,行車管制號誌,車與車,違反號誌管制或指揮
11001AC991B1556,20210118,120.323243,23.138815,交通事故,交叉路口,臺南市善化區牛庄里省道臺1線段號區道南124線牛庄里台一線與南124線路口,1,晴,70,交岔路,交叉路口,行車管制號誌,車與車,未依規定讓車
11001AC991B1563,20210118,120.220644,23.084336,交通事故,一般地址,臺南市安定區嘉同里六塊寮段17-15號0,2,晴,30,交岔路,交叉路口,無號誌,車與車,未依規定讓車
11001AC991B1570,20210118,120.302078,23.13037,交通事故,交叉路口,臺南市善化區光文里仁愛路段號大成路,1,晴,50,交岔路,交叉路口,閃光號誌,車與車,未依規定讓車
11001AC991B1572,20210118,120.285442,23.14022,交通事故,一般地址,臺南市善化區什乃里區道南126線段什乃124號0,1,晴,50,單路部分,路段,無號誌,車與車,未保持行車安全間隔
11001AC991B1576,20210118,120.27867,23.142875,交通事故,一般地址,臺南市善化區什乃里什乃段82號,1,晴,30,交岔路,交叉路口,無號誌,車與車,未依規定讓車
11001AC991B1587,20210118,120.293122,23.073964,交通事故,交叉路口,臺南市新市區新和里仁愛街段號銘傳街,1,晴,50,交岔路,交叉路口,無號誌,車與車,未依規定讓車
11001AC991B1605,20210118,120.29996,23.127685,交通事故,交叉路口,臺南市善化區坐駕里興華路段號信義路,1,晴,50,交岔路,交叉路口,行車管制號誌,車與車,左轉彎未依規定
11001AC991B1658,20210118,120.255493,23.071045,交通事故,交叉路口,臺南市新市區大洲里區道南135線段號大洲排水線側車道大洲里大洲二號橋北側路口,2,晴,50,交岔路,交叉路口,行車管制號誌,車與車,違反號誌管制或指揮
11001AC991B1667,20210118,120.28697,23.153859,交通事故,一般地址,臺南市善化區溪美里溪尾段115號0,1,晴,30,單路部分,路段,無號誌,汽(機)車本身,未注意車前狀態
11001AC991B1670,20210119,120.208404,23.103157,交通事故,一般地址,臺南市安定區海寮里海寮段155-7號0,1,晴,50,交岔路,交叉路口,無號誌,車與車,違規超車
11001AC991B1673,20210118,120.32567,23.13715,交通事故,一般地址,臺南市善化區嘉北里茄拔段301-2號0,2,晴,30,交岔路,交叉路口,無號誌,車與車,未依規定讓車
11001AC991B1696,20210119,120.226547,23.085739,交通事故,一般地址,臺南市安定區港南里市道178線段港口1-66號0,2,晴,40,單路部分,路段,無號誌,車與車,未注意車前狀態
11001AC991B1727,20210119,120.291558,23.072675,交通事故,交叉路口,臺南市新市區新和里中正路段號富強路,1,晴,50,交岔路,交叉路口,行車管制號誌,車與車,未注意車前狀態
11001AC991B1738,20210115,120.212085,23.099366,交通事故,一般地址,臺南市安定區海寮里海寮段154-1號0,1,晴,40,單路部分,路段,無號誌,汽(機)車本身,未注意車前狀態
11001AC991B1784,20210120,120.207728,23.095416,交通事故,一般地址,臺南市安定區海寮里海寮段5之65號,2,晴,30,單路部分,路段,無號誌,車與車,起步未注意其他車(人)安全
11001AC991B1805,20210120,120.288735,23.124805,交通事故,一般地址,臺南市善化區文昌里文昌路段107號0,1,晴,50,單路部分,路段,無號誌,車與車,不明原因肇事
11001AC991B1817,20210116,120.306436,23.135005,交通事故,一般地址,臺南市善化區光文里光文路光文陸橋段號0文光里文光陸橋上,1,晴,40,單路部分,路段,無號誌,車與車,未保持行車安全距離
11001AC991B1837,20210120,120.305509,23.087924,交通事故,一般地址,臺南市新市區大營里區道南139線段豐榮134號0,4,晴,30,交岔路,交叉路口,閃光號誌,車與車,未依規定讓車
11001AC991B1886,20210119,120.235706,23.102379,交通事故,一般地址,臺南市安定區港尾里市道178線段港子尾54之5號0,1,晴,40,單路部分,路段,無號誌,汽(機)車本身,未注意車前狀態
11001AC991B1932,20210121,120.211419,23.09838,交通事故,一般地址,臺南市安定區海寮里海寮段148號0,2,晴,30,交岔路,交叉路口,無號誌,車與車,未依規定讓車
11001AC991B1965,20210121,120.278774,23.072106,交通事故,一般地址,臺南市新市區社內里新港社大道段社內139-121號10,1,晴,50,交岔路,交叉路口,閃光號誌,車與車,右轉彎未依規定
11001AC991B1998,20210121,120.310202,23.129557,交通事故,一般地址,臺南市善化區小新里成功路段232號0,1,晴,50,單路部分,路段,無號誌,車與車,違規停車或暫停不當而肇事
11001AC991B2029,20210108,120.282147,23.123386,交通事故,一般地址,臺南市善化區南關里三抱竹段1-38號0南關里三抱竹1號之38附近,2,晴,40,單路部分,路段,無號誌,車與車,未注意車前狀態
11001AC991B2086,20210114,120.287059,23.132875,交通事故,一般地址,臺南市善化區頂街里中山路段583號0頂街里中山路583號前,2,晴,50,交岔路,交叉路口,無號誌,車與車,未保持行車安全距離
11001AC991B2096,20210122,120.250018,23.124132,交通事故,交叉路口,臺南市安定區蘇厝里市道178線段號直加弄大道,1,晴,40,交岔路,交叉路口,行車管制號誌,車與車,違反號誌管制或指揮
11001AC991B2097,20210122,120.313349,23.096458,交通事故,一般地址,臺南市新市區大營里省道臺1線段大營136-1號0,1,晴,70,單路部分,路段,無號誌,車與車,停車操作時，未注意其他車(人)安全
11001AC991B2112,20210108,120.273098,23.076468,交通事故,一般地址,臺南市新市區大洲里大洲排水線側車道段號0大洲里堤岸道路,2,晴,40,單路部分,路段,無號誌,汽(機)車本身,未注意車前狀態
11001AC991B2145,20210121,120.217059,23.091257,交通事故,一般地址,臺南市安定區文科里管寮段13-43號0文科里管寮13之43號前,1,晴,30,交岔路,交叉路口,無號誌,車與車,未依規定讓車
11001AC991B2160,20210122,120.290353,23.078748,交通事故,一般地址,臺南市新市區新和里民生路段49號0,1,晴,50,單路部分,路段,無號誌,汽(機)車本身,未注意車前狀態
11001AC991B2204,20210123,120.318481,23.124011,交通事故,一般地址,臺南市善化區小新里省道臺1線段小新營165-33號0,1,晴,70,交岔路,交叉路口,行車管制號誌,車與車,未依規定讓車
11001AC991B2240,20210123,120.208838,23.085584,交通事故,一般地址,臺南市安定區新吉里新吉段59-58號0,1,晴,30,交岔路,交叉路口,無號誌,車與車,未依規定讓車
11001AC991B2250,20210123,120.322824,23.138736,交通事故,一般地址,臺南市善化區牛庄里區道南124線段牛庄27-45號0,1,晴,50,單路部分,路段,無號誌,車與車,倒車未依規定
11001AC991B2298,20210120,120.283943,23.132991,交通事故,交叉路口,臺南市善化區光文里陽明路段號興農路,1,晴,50,交岔路,交叉路口,行車管制號誌(附設行人專用號誌),車與車,違規超車
11001AC991B2299,20210123,120.296603,23.132149,交通事故,交叉路口,臺南市善化區光文里中山路段號建國路,1,晴,50,交岔路,交叉路口,行車管制號誌(附設行人專用號誌),汽(機)車本身,未注意車前狀態
11001AC991B2305,20210122,120.327347,23.144232,交通事故,交叉路口,臺南市善化區嘉北里省道臺1線段號區道南129線,1,晴,70,交岔路,交叉路口,行車管制號誌(附設行人專用號誌),車與車,右轉彎未依規定
11001AC991B2350,20210124,120.288534,23.133327,交通事故,交叉路口,臺南市善化區頂街里三民路段號博愛路,1,晴,50,交岔路,交叉路口,無號誌,車與車,未注意車前狀態
11001AC991B2372,20210124,120.300201,23.074116,交通事故,交叉路口,臺南市新市區港墘里長安街段號長安街36,1,晴,50,交岔路,交叉路口,無號誌,車與車,未依規定讓車
11001AC991B2400,20210101,120.289236,23.135609,交通事故,交叉路口,臺南市善化區文正里進學路段號建國路文正里進學路(善化國小前),1,晴,50,交岔路,交叉路口,閃光號誌,車與車,未依規定讓車
11001AC991B2403,20210124,120.253239,23.125453,交通事故,一般地址,臺南市安定區蘇林里市道178線段蘇厝7-13號0,2,晴,40,單路部分,路段,無號誌,車與車,未保持行車安全距離
11001AC991B2446,20210125,120.302003,23.131072,交通事故,交叉路口,臺南市善化區光文里仁愛路段號民生路,2,晴,50,交岔路,交叉路口,無號誌,車與車,未依規定讓車
11001AC991B2449,20210125,120.217123,23.089192,交通事故,一般地址,臺南市安定區新吉里國道8號側車道段號0新吉里國道8號側車道(中正物流路口),2,晴,50,交岔路,交叉路口,無號誌,車與車,未依規定讓車
11001AC991B2452,20210125,120.284732,23.081952,交通事故,一般地址,臺南市新市區社內里區道南134線段社內75之58號0,1,晴,40,交岔路,交叉路口,行車管制號誌,車與車,不明原因肇事
11001AC991B2457,20210102,120.311141,23.088923,交通事故,一般地址,臺南市新市區大社里區道南136線段大社590-6號0,1,陰,50,交岔路,交叉路口,閃光號誌,車與車,未依規定讓車
11001AC991B2475,20210102,120.30103,23.074283,交通事故,交叉路口,臺南市新市區港墘里中山路段號區道南138線,2,陰,50,交岔路,交叉路口,行車管制號誌,車與車,未依規定讓車
11001AC991B2480,20210106,120.293991,23.069603,交通事故,一般地址,臺南市新市區永就里中山路段182號0,2,陰,50,交岔路,交叉路口,行車管制號誌,車與車,違反號誌管制或指揮
11001AC991B2496,20210108,120.277974,23.144117,交通事故,一般地址,臺南市善化區什乃里什乃段36號,2,陰,30,單路部分,路段,無號誌,車與車,未依規定讓車
11001AC991B2506,20210125,120.31153,23.094362,交通事故,一般地址,臺南市新市區大營里省道臺1線段大營126-56號0,1,晴,70,單路部分,路段,無號誌,車與車,倒車未依規定
11001AC991B2526,20210125,120.252276,23.071815,交通事故,一般地址,臺南市新市區大洲里大洲段62之6號,2,晴,30,交岔路,交叉路口,無號誌,車與車,未保持行車安全距離
11001AC991B2528,20210123,120.267675,23.130032,交通事故,交叉路口,臺南市善化區胡厝里興農路段號烏橋中路,1,晴,60,交岔路,交叉路口,行車管制號誌(附設行人專用號誌),車與車,右轉彎未依規定
11001AC991B2535,20210126,120.305871,23.087376,交通事故,交叉路口,臺南市新市區大營里區道南136線段號省道臺1線,1,晴,50,交岔路,交叉路口,行車管制號誌,車與車,不明原因肇事
11001AC991B2574,20210116,120.300428,23.133008,交通事故,一般地址,臺南市善化區光文里公園路段6號5,1,晴,50,單路部分,路段,無號誌,車與車,開啟車門不當而肇事
11001AC991B2582,20210126,120.300712,23.130888,交通事故,交叉路口,臺南市善化區光文里樹人路段號民生路,1,晴,50,交岔路,交叉路口,閃光號誌,車與車,未依規定讓車
11001AC991B2596,20210126,120.30118,23.083604,交通事故,交叉路口,臺南市新市區港墘里民族路段號大同街,2,晴,50,交岔路,交叉路口,無號誌,車與車,起步未注意其他車(人)安全
11001AC991B2597,20210120,120.295464,23.081886,交通事故,一般地址,臺南市新市區新市里復興路段77號10,3,晴,50,單路部分,路段,無號誌,車與車,迴轉未依規定
11001AC991B2614,20210125,120.318186,23.08834,交通事故,一般地址,臺南市新市區大社里區道南177線段大社149號0,2,晴,50,單路部分,路段,無號誌,車與車,未注意車前狀態
11001AC991B2618,20210126,120.30446,23.132193,交通事故,交叉路口,臺南市善化區光文里民權路段號四維路,2,晴,50,交岔路,交叉路口,行車管制號誌,車與車,違反號誌管制或指揮
11001AC991B2626,20210107,120.295129,23.085449,交通事故,一般地址,臺南市新市區新市里富安路段號0新市里富安路(全聯旁)上,1,雨,50,單路部分,路段,無號誌,汽(機)車本身,不明原因肇事
11001AC991B2630,20210106,120.270342,23.164364,交通事故,一般地址,臺南市善化區溪美里省道臺19甲線段溪尾113-31號0六分里台19甲線(往善化),1,晴,50,交岔路,交叉路口,無號誌,車與車,其他引起事故之違規或不當行為
11001AC991B2651,20210114,120.316985,23.137696,交通事故,交叉路口,臺南市善化區牛庄里區道南124線段146-31號10區道南127-1線,1,晴,50,交岔路,交叉路口,閃光號誌,車與車,左轉彎未依規定
11001AC991B2653,20210115,120.253036,23.123758,交通事故,一般地址,臺南市安定區蘇林里蘇厝段號0蘇林里善安高幹4號電桿旁,1,晴,30,交岔路,交叉路口,無號誌,車與車,未依規定讓車
11001AC991B2657,20210107,120.307281,23.076367,交通事故,一般地址,臺南市新市區港墘里崙頂段1之10號,1,晴,30,交岔路,交叉路口,無號誌,車與車,未依規定讓車
11001AC991B2662,20210115,120.254977,23.073342,交通事故,一般地址,臺南市新市區大洲里區道南135線段大洲61-3號0大洲里大洲61之3號前,1,晴,50,單路部分,路段,無號誌,汽(機)車本身,未注意車前狀態
11001AC991B2666,20210127,120.229735,23.088348,交通事故,一般地址,臺南市安定區港口里港口段44319號0,2,晴,50,交岔路,交叉路口,無號誌,車與車,迴轉未依規定
11001AC991B2672,20210127,120.2773,23.135245,交通事故,交叉路口,臺南市善化區文正里陽明路段141號興農路188,1,晴,30,交岔路,交叉路口,無號誌,車與車,未依規定讓車
11001AC991B2695,20210127,120.298158,23.130526,交通事故,交叉路口,臺南市善化區光文里和平路段號民生路,1,晴,50,交岔路,交叉路口,閃光號誌,車與車,未依規定讓車
11001AC991B2707,20210117,120.360849,23.11783,交通事故,一般地址,臺南市大內區內江里市道178線段內庄283號0內江里內庄283號前,2,晴,50,單路部分,路段,無號誌,人與汽(機)車,穿越道路未注意左右來車
11001AC991B2718,20210127,120.222108,23.101178,交通事故,一般地址,臺南市安定區文科里油車段62之26號0,1,晴,30,單路部分,路段,無號誌,車與車,未靠右行駛
11001AC991B2730,20210113,120.252302,23.07179,交通事故,一般地址,臺南市新市區大洲里大洲段號0大洲里南135區道(過國1涵洞),2,陰,30,交岔路,交叉路口,無號誌,車與車,未依規定讓車
11001AC991B2735,20210112,120.291932,23.078032,交通事故,交叉路口,臺南市新市區新市里民生路段號中正路,1,陰,50,交岔路,交叉路口,行車管制號誌,汽(機)車本身,其他引起事故之違規或不當行為
11001AC991B2760,20210112,120.292803,23.079666,交通事故,一般地址,臺南市新市區新市里中正路段301158號,1,陰,30,交岔路,交叉路口,無號誌,車與車,未依規定讓車
11001AC991B2771,20210128,120.315297,23.095415,交通事故,交叉路口,臺南市新市區大社里區道南140線段號區道南177線,1,晴,50,交岔路,交叉路口,行車管制號誌,車與車,未依規定讓車
11001AC991B2822,20210128,120.246034,23.118835,交通事故,一般地址,臺南市安定區安定里市道178線段安定11-28號0,1,晴,50,單路部分,路段,無號誌,車與車,未依規定讓車
11001AC991B2846,20210128,120.303395,23.130528,交通事故,交叉路口,臺南市善化區光文里大成路段號忠孝路,1,晴,50,交岔路,交叉路口,行車管制號誌,車與車,未依規定讓車
11001AC991B2854,20210128,120.289721,23.080754,交通事故,交叉路口,臺南市新市區新和里富中街段號富安三街,1,晴,50,交岔路,交叉路口,閃光號誌,車與車,未依規定讓車
11001AC991B2898,20210126,120.233658,23.09068,交通事故,一般地址,臺南市安定區港南里區道南134線段港口145-1號0,1,晴,50,交岔路,交叉路口,無號誌,車與車,未依規定讓車
11001AC991B2917,20210129,120.213984,23.073567,交通事故,一般地址,臺南市安定區中沙里省道臺19線段沙崙49號0,2,晴,50,交岔路,交叉路口,行車管制號誌,車與車,未保持行車安全距離
11001AC991B2975,20210129,120.235955,23.098448,交通事故,一般地址,臺南市安定區港口里市道178線段號0港尾里,2,晴,50,交岔路,交叉路口,無號誌,車與車,未依規定讓車
11001AC991B2979,20210129,120.225215,23.080666,交通事故,一般地址,臺南市安定區嘉同里牛肉寮段65-17號0,1,晴,30,單路部分,路段,無號誌,車與車,未注意車前狀態
11001AC991B2999,20210128,120.253935,23.115869,交通事故,一般地址,臺南市安定區蘇厝里直加弄大道段號0蘇厝里直加弄大道(1-60道路編號20路燈)旁,1,晴,50,單路部分,路段,無號誌,汽(機)車本身,動物竄出
11001AC991B3047,20210126,120.250817,23.101845,交通事故,一般地址,臺南市新市區豐華里區道南133線段號0豐華里豐華幹129右分22右1電桿處,1,霧或煙,50,單路部分,路段,無號誌,車與車,未保持行車安全間隔
11001AC991B3053,20210115,120.323665,23.139461,交通事故,一般地址,臺南市善化區嘉北里省道臺1線段茄拔270-8號0,1,晴,70,單路部分,路段,無號誌,汽(機)車本身,未注意車前狀態
11001AC991B3063,20210130,120.295774,23.141924,交通事故,交叉路口,臺南市善化區光文里區道南123線段號建業路245,1,晴,50,交岔路,交叉路口,無號誌,車與車,迴轉未依規定
11001AC991B3065,20210120,120.293758,23.079439,交通事故,一般地址,臺南市新市區新市里中正路段313號0,1,陰,50,交岔路,交叉路口,無號誌,人與汽(機)車,未依規定行走行人穿越道、地下道、天橋而穿越道路
11001AC991B3117,20210130,120.245086,23.129406,交通事故,一般地址,臺南市安定區蘇厝里曾文溪堤側車道段蘇厝507號0,1,晴,30,交岔路,交叉路口,無號誌,車與車,未依規定讓車
11001AC991B3120,20210130,120.318254,23.115313,交通事故,一般地址,臺南市善化區小新里省道臺1線段小新營461號0,1,晴,40,單路部分,其他,無號誌,汽(機)車本身,未注意車前狀態
11001AC991B3168,20210130,120.295489,23.080077,交通事故,交叉路口,臺南市新市區新市里復興路段號中正路,1,晴,50,交岔路,交叉路口,行車管制號誌,車與車,未注意車前狀態
11001AC991B3173,20210131,120.288316,23.13889,交通事故,交叉路口,臺南市善化區什乃里進學路段號區道南126線,2,霧或煙,50,交岔路,交叉路口,行車管制號誌,車與車,未依規定讓車
11001AC991B3236,20210127,120.368333,23.109027,交通事故,一般地址,臺南市大內區內江里蒙正段3之2號,1,晴,30,交岔路,交叉路口,無號誌,車與車,左轉彎未依規定
11001AC991B3294,20210129,120.292802,23.068671,交通事故,交叉路口,臺南市新市區新市里中山路段號中山路工業,1,晴,70,交岔路,交叉路口,行車管制號誌(附設行人專用號誌),車與車,左轉彎未依規定
11001AC991B3315,20210122,120.300869,23.074169,交通事故,交叉路口,臺南市新市區港墘里區道南138線段號中山路,2,晴,50,交岔路,交叉路口,行車管制號誌,汽(機)車本身,未注意車前狀態
11001AC991B3365,20210123,120.235636,23.108101,交通事故,一般地址,臺南市安定區港尾里市道178線段港子尾1-24號0,1,陰,60,交岔路,交叉路口,行車管制號誌,車與車,違反號誌管制或指揮
11001AC991B3372,20210108,120.273503,23.088115,交通事故,一般地址,臺南市新市區豐華里區道南134線段豐華65號0豐華里豐華65號前,1,晴,50,單路部分,路段,無號誌,車與車,迴轉未依規定
11001AC991B3449,20210121,120.300421,23.125093,交通事故,一般地址,臺南市善化區坐駕里坐駕段20-19號0坐駕里坐駕20之19號旁,2,晴,30,交岔路,交叉路口,無號誌,車與車,未依規定讓車
11001AC991B3478,20210105,120.305804,23.125681,交通事故,一般地址,臺南市善化區小新里區道南130線段小新營97-20號0小新里小新營97之20號附近,1,晴,30,單路部分,路段,無號誌,車與車,未注意車前狀態
11001AC991B3508,20210118,120.198605,23.083835,交通事故,一般地址,臺南市安定區新吉里國道8號側車道段新吉56-16號0,1,晴,40,單路部分,路段,無號誌,汽(機)車本身,未注意車前狀態
11001AC991B3509,20210113,120.21935,23.084464,交通事故,一般地址,臺南市安定區嘉同里大同段115-5號0,1,晴,30,單路部分,路段,無號誌,車與車,未依規定讓車
11001AC991B3532,20210118,120.284644,23.081856,交通事故,一般地址,臺南市新市區社內里區道南134線段社內75-58號0,1,陰,50,交岔路,交叉路口,行車管制號誌,車與車,其他引起事故之違規或不當行為
11001AC991B3582,20210123,120.291844,23.07792,交通事故,交叉路口,臺南市新市區新市里民權路段號中正路,1,晴,50,交岔路,交叉路口,行車管制號誌,車與車,其他引起事故之違規或不當行為
11001AC991B3587,20210114,120.212484,23.076673,交通事故,交叉路口,臺南市安定區中沙里省道臺19線段號中工一路,1,晴,50,交岔路,交叉路口,行車管制號誌,車與車,未依規定讓車
11001AC991B3599,20210119,120.22072,23.081607,交通事故,一般地址,臺南市安定區嘉同里六塊寮段17-18號0,1,晴,30,交岔路,交叉路口,無號誌,車與車,未依規定讓車
11001AC991B3603,20210122,120.251986,23.102791,交通事故,一般地址,臺南市新市區豐華里區道南133線段豐華38之100號0豐華里豐華38之100號前,1,陰,50,單路部分,路段,無號誌,車與車,未保持行車安全距離
11001AC991B3640,20210124,120.232646,23.086358,交通事故,一般地址,臺南市安定區港南里港口段44307號,1,晴,30,單路部分,路段,無號誌,車與車,其他引起事故之違規或不當行為
11001AC991B3652,20210111,120.315303,23.095195,交通事故,一般地址,臺南市新市區大社里區道南177線段大社501號0,1,晴,50,單路部分,路段,無號誌,車與車,未保持行車安全距離
11001AC991B3664,20210111,120.28519,23.125727,交通事故,一般地址,臺南市善化區南關里三民路段44208號,1,晴,50,交岔路,交叉路口,無號誌,車與車,未依規定讓車
11001AC991B3748,20210118,120.320944,23.132996,交通事故,一般地址,臺南市善化區牛庄里省道臺1線段號0,1,晴,50,交岔路,交叉路口,無號誌,車與車,未依規定讓車
11001AC991B3785,20210129,120.290801,23.077708,交通事故,一般地址,臺南市新市區新和里民權路段45號0新和里民權路45號前,1,晴,50,單路部分,路段,無號誌,汽(機)車本身,未注意車前狀態
11001AC991B3820,20210125,120.295468,23.081896,交通事故,一般地址,臺南市新市區新市里復興路段76號,1,晴,50,單路部分,路段,無號誌,人與汽(機)車,違反特定標誌(線)禁制
11001AC991B3822,20210125,120.29408,23.124996,交通事故,交叉路口,臺南市善化區文昌里中正路段號中正路212,1,晴,50,交岔路,交叉路口,無號誌,車與車,未保持行車安全距離
11001AC991B3844,20210118,120.189934,23.082078,交通事故,交叉路口,臺南市安定區新吉里新吉五路段號安新二路,2,晴,50,交岔路,交叉路口,行車管制號誌,車與車,未依規定讓車
11001AC991B3853,20210126,120.295016,23.090363,交通事故,一般地址,臺南市新市區三舍里區道南137線段三舍168-6號0,1,陰,50,單路部分,路段,無號誌,車與車,違反特定標誌(線)禁制
11001AC991B3861,20210119,120.313878,23.12704,交通事故,交叉路口,臺南市善化區小新里成功路段169號成功路16996小新里成功路169巷96弄、村里道路口,1,晴,50,交岔路,交叉路口,閃光號誌,車與車,未注意車前狀態