案件編號,發生日期,GPS經度,GPS緯度,案件類別名稱,地址類型名稱,發生縣市名稱,受傷人數,天候名稱, 速限-第1當事者,道路型態大類別名稱,事故位置大類別名稱,號誌-號誌種類名稱,事故類型及型態大類別名稱,肇因研判子類別名稱-主要
11001AC991B3926,20210126,120.280184,23.067151,交通事故,交叉路口,臺南市新市區社內里新港社大道段號國道8號匝道社內里新港社大道、國八出口,1,陰,40,交岔路,交叉路口,行車管制號誌,車與車,未依規定讓車
11001AC991B3928,20210130,120.288826,23.136913,交通事故,一般地址,臺南市善化區文正里進學路段160號0,2,晴,40,單路部分,路段,無號誌,車與車,未保持行車安全間隔
11001AC991B3936,20210130,120.293955,23.130135,交通事故,交叉路口,臺南市善化區坐駕里中正路段號文昌路,1,陰,50,交岔路,交叉路口,行車管制號誌,車與車,未依規定讓車
11001AC991B3960,20210125,120.304732,23.133343,交通事故,一般地址,臺南市善化區光文里中山路段56號0,1,晴,50,單路部分,路段,無號誌,車與車,未依規定讓車
11001AC9M1B2178,20210122,120.281054,23.083851,交通事故,一般地址,臺南市新市區社內里區道南134線段號0民生路、產業道路口,1,晴,50,交岔路,交叉路口,行車管制號誌,車與車,未依規定讓車
11001AC9M1B2275,20210117,120.306362,23.084083,交通事故,一般地址,臺南市新市區港墘里中山路段1332號0中山路13巷4弄2號旁產業道路,1,晴,50,單路部分,路段,無號誌,汽(機)車本身,酒醉(後)駕駛失控
11001AC9M1B3354,20210124,120.290234,23.072051,交通事故,交叉路口,臺南市新市區新和里富強路段號信義街,1,晴,50,交岔路,交叉路口,行車管制號誌,車與車,未依規定讓車
11001AC9M1B3739,20210113,120.293883,23.077626,交通事故,一般地址,臺南市新市區新市里仁愛街段299號0,1,晴,40,單路部分,路段,無號誌,車與車,未注意車前狀態
11001AC9Q1B2899,20210108,120.302167,23.153684,交通事故,一般地址,臺南市善化區六德里區道南122線段六分寮309號0,1,晴,40,單路部分,路段,無號誌,車與車,未注意車前狀態
11001AC9Q1B3799,20210126,120.320206,23.156572,交通事故,一般地址,臺南市善化區昌隆里區道南122線段東勢寮69-5號0東勢寮69-5號前,1,晴,40,交岔路,交叉路口,無號誌,車與車,未依規定讓車
11001AC9Q1B4014,20210119,120.319197,23.127172,交通事故,一般地址,臺南市善化區小新里市道178線段小新營198之1號0小新里小新營198之1號前,1,晴,50,單路部分,路段,無號誌,車與車,右轉彎未依規定
11001AC9T1B2623,20210108,120.228042,23.086985,交通事故,一般地址,臺南市安定區港口里市道178線段港口1-42號0178線與港口1-47號路口,1,晴,50,交岔路,交叉路口,行車管制號誌,車與車,未注意車前狀態
11001AC9T1B2813,20210108,120.242338,23.093092,交通事故,一般地址,臺南市安定區中榮里許中營段23-26號0,1,晴,40,交岔路,交叉路口,無號誌,車與車,未依規定讓車
11001AC9V1B1894,20210114,120.347595,23.119407,交通事故,一般地址,臺南市大內區石城里市道178線段號0大內橋上,2,晴,50,單路部分,路段,無號誌,車與車,未保持行車安全距離
11001AC9Y1B0073,20210102,120.297724,23.12973,交通事故,一般地址,臺南市善化區光文里大成路段336號0,1,晴,50,單路部分,路段,無號誌,車與車,未注意車前狀態
11001AC9Y1B0180,20210104,120.240661,23.094562,交通事故,一般地址,臺南市安定區中榮里許中營段44206號,1,晴,50,交岔路,交叉路口,無號誌,車與車,未依規定讓車
11001AC9Y1B0187,20210104,120.292679,23.127093,交通事故,交叉路口,臺南市善化區文昌里大同路段號光復三街,2,晴,50,交岔路,交叉路口,無號誌,車與車,未依規定讓車
11001AC9Y1B0201,20210102,120.313918,23.127054,交通事故,交叉路口,臺南市善化區小新里成功路段16996號成功路169,2,晴,40,交岔路,交叉路口,閃光號誌,車與車,未依規定讓車
11001AC9Y1B0230,20210104,120.276655,23.0802,交通事故,一般地址,臺南市新市區社內里新港社大道段號0,1,晴,50,單路部分,路段,無號誌,車與車,違規超車
11001AC9Y1B0237,20210104,120.297365,23.126922,交通事故,一般地址,臺南市善化區坐駕里建國路段44468號0建國路29之12號前,1,晴,50,單路部分,路段,無號誌,車與車,未注意車前狀態
11001AC9Y1B0316,20210105,120.290296,23.072031,交通事故,交叉路口,臺南市新市區新和里富強路段號信義街,1,晴,50,交岔路,其他,行車管制號誌,人與汽(機)車,未注意車前狀態
11001AC9Y1B0732,20210110,120.226938,23.085108,交通事故,一般地址,臺南市安定區港南里國道8號側車道段港口1-89號0,1,晴,50,單路部分,路段,無號誌,汽(機)車本身,其他引起事故之違規或不當行為
11001AC9Y1B0955,20210110,120.295668,23.07722,交通事故,交叉路口,臺南市新市區新市里光華街段號華興街,1,晴,50,交岔路,交叉路口,行車管制號誌,車與車,未注意車前狀態
11001AC9Y1B0960,20210112,120.280303,23.084476,交通事故,交叉路口,臺南市新市區社內里區道南134線段號新港社大道,1,晴,50,交岔路,交叉路口,行車管制號誌,車與車,未依規定讓車
11001AC9Y1B1017,20210112,120.297958,23.131988,交通事故,交叉路口,臺南市善化區光文里和平路段號民族路和平路與民族路口,1,晴,50,交岔路,交叉路口,無號誌,汽(機)車本身,未依規定減速
11001AC9Y1B1069,20210113,120.281888,23.062273,交通事故,交叉路口,臺南市新市區永就里中山路段號新港社大道,3,晴,50,交岔路,交叉路口,行車管制號誌,車與車,違反號誌管制或指揮
11001AC9Y1B1353,20210116,120.240886,23.095872,交通事故,一般地址,臺南市安定區中榮里區道南133線段許中營86號0,2,晴,50,交岔路,交叉路口,無號誌,車與車,未依規定讓車
11001AC9Y1B1371,20210116,120.208301,23.100446,交通事故,一般地址,臺南市安定區海寮里省道臺19線段海寮137-7號0,2,晴,50,單路部分,路段,無號誌,車與車,未依規定讓車
11001AC9Y1B1407,20210116,120.300019,23.127583,交通事故,交叉路口,臺南市善化區坐駕里興華路段號信義路,1,晴,50,交岔路,交叉路口,行車管制號誌,車與車,違反號誌管制或指揮
11001AC9Y1B1473,20210117,120.307044,23.099005,交通事故,一般地址,臺南市新市區大營里大營段283-2號,1,晴,50,單路部分,路段,無號誌,車與車,違規超車
11001AC9Y1B1522,20210117,120.296408,23.124722,交通事故,交叉路口,臺南市善化區坐駕里文化路段號建國路,0,晴,50,交岔路,交叉路口,閃光號誌,車與車,未注意車前狀態
11001AC9Y1B1643,20210118,120.327671,23.124708,交通事故,一般地址,臺南市善化區嘉南里市道178線段號0,1,晴,50,單路部分,路段,無號誌,汽(機)車本身,未注意車前狀態
11001AC9Y1B1649,20210118,120.295947,23.124402,交通事故,交叉路口,臺南市善化區文昌里建國路段號中正路188建國路與中正路188巷路口,1,晴,50,交岔路,交叉路口,閃光號誌,車與車,未保持行車安全距離
11001AC9Y1B1650,20210117,120.300689,23.13091,交通事故,交叉路口,臺南市善化區文昌里樹人路段號民生路樹人路與民生路路口,1,晴,50,交岔路,交叉路口,閃光號誌,車與車,未依規定讓車
11001AC9Y1B1755,20210119,120.295267,23.075004,交通事故,交叉路口,臺南市新市區新和里永福街段16號永福街1632,1,晴,30,交岔路,交叉路口,無號誌,車與車,未依規定讓車
11001AC9Y1B2121,20210122,120.320557,23.076697,交通事故,一般地址,臺南市新市區潭頂里區道南138線段潭頂523-2號0,2,晴,50,交岔路,交叉路口,無號誌,車與車,未依規定讓車
11001AC9Y1B2205,20210123,120.295474,23.130111,交通事故,交叉路口,臺南市善化區坐駕里青年路段號民生路,1,晴,50,交岔路,交叉路口,閃光號誌,車與車,未依規定讓車
11001AC9Y1B2224,20210123,120.303391,23.133121,交通事故,交叉路口,臺南市善化區光文里中山路段100號光華路,2,晴,50,交岔路,交叉路口,行車管制號誌,車與車,變換車道或方向不當
11001AC9Y1B2257,20210123,120.289679,23.077458,交通事故,一般地址,臺南市新市區新和里信義街段113號0,1,晴,50,交岔路,交叉路口,行車管制號誌,車與車,違反號誌管制或指揮
11001AC9Y1B2519,20210125,120.253026,23.123763,交通事故,一般地址,臺南市安定區蘇林里蘇厝段44222號0,1,晴,30,交岔路,交叉路口,無號誌,車與車,未依規定讓車
11001AC9Y1B2520,20210125,120.278365,23.059404,交通事故,一般地址,臺南市新市區社內里中山路豐化橋段號0,1,晴,50,單路部分,路段,無號誌,車與車,未保持行車安全距離
11001AC9Y1B2721,20210126,120.289431,23.13249,交通事故,交叉路口,臺南市善化區東關里中山路段號中華路中山路與中華路路口,1,晴,50,交岔路,交叉路口,行車管制號誌,車與車,未依規定讓車
11001AC9Y1B2801,20210128,120.235693,23.091936,交通事故,一般地址,臺南市安定區港口里區道南133線段港口245-16號0,2,晴,50,單路部分,路段,無號誌,車與車,橫越道路不慎
11001AC9Y1B2905,20210129,120.228176,23.087145,交通事故,一般地址,臺南市安定區港南里市道178線段港口1-17號0,1,晴,50,交岔路,交叉路口,行車管制號誌,車與車,右轉彎未依規定
11001AC9Y1B2990,20210129,120.295276,23.089444,交通事故,一般地址,臺南市新市區三舍里省道臺19甲線段三舍55號0,1,晴,50,交岔路,交叉路口,行車管制號誌,汽(機)車本身,未注意車前狀態
11001AC9Y1B3104,20210130,120.294289,23.064408,交通事故,一般地址,臺南市新市區永就里中華路段122號0,1,晴,50,交岔路,交叉路口,行車管制號誌,車與車,起步未注意其他車(人)安全
11001AC9Y1B3376,20210125,120.302307,23.132955,交通事故,一般地址,臺南市善化區光文里中山路段124號0,1,晴,50,單路部分,路段,無號誌,車與車,橫越道路不慎
11001AC9Y1B3507,20210130,120.295013,23.124232,交通事故,一般地址,臺南市善化區文昌里中正路段18810號,1,晴,30,單路部分,路段,無號誌,汽(機)車本身,不明原因肇事
11001AC9Y1B3815,20210118,120.288674,23.124066,交通事故,一般地址,臺南市善化區南關里文昌路段107100號0,1,晴,50,單路部分,路段,無號誌,車與車,未保持行車安全間隔
11001AC9Y1B3857,20210105,120.30315,23.131071,交通事故,其他,臺南市善化區段號中山路與忠孝路口,2,晴,50,交岔路,交叉路口,行車管制號誌,車與車,未依規定讓車
11001ACA91A0003,20210108,120.257223,22.991556,交通事故,其他,臺南市仁德區段號太子里太子路與土庫路口,1,陰,50,交岔路,交叉路口,行車管制號誌,車與車,未依規定讓車
11001ACA91A0007,20210112,120.30067,22.971547,交通事故,交叉路口,臺南市歸仁區八甲里文化街一段段號大仁街,0,晴,50,交岔路,其他,無號誌,汽(機)車本身,酒醉(後)駕駛失控
11001ACA91A0009,20210115,120.293608,22.981622,交通事故,一般地址,臺南市歸仁區中正北路2段124號,0,晴,50,單路部分,路段,無號誌,汽(機)車本身,未注意車前狀態
11001ACA91A0014,20210120,120.383248,22.948791,交通事故,其他,臺南市龍崎區段號182線往東22.7K附近,1,晴,50,單路部分,路段,無號誌,汽(機)車本身,未注意車前狀態
11001ACA91A0016,20210122,120.251436,22.950224,交通事故,交叉路口,臺南市仁德區後壁里中正路二段段號德洋路,1,晴,50,交岔路,交叉路口,閃光號誌,人與汽(機)車,超速失控
11001ACA91B0013,20210101,120.285427,23.006455,交通事故,其他,臺南市歸仁區段號西埔里台39線機慢車道北往南(保吉路口),1,晴,50,單路部分,路段,行車管制號誌,車與車,未注意車前狀態
11001ACA91B0015,20210101,120.327317,22.960047,交通事故,一般地址,臺南市關廟區香洋里中山路2段28號0,2,晴,50,交岔路,交叉路口,無號誌,車與車,右轉彎未依規定
11001ACA91B0030,20210101,120.255608,22.968256,交通事故,一般地址,臺南市仁德區仁義路段118號,2,晴,50,單路部分,路段,無號誌,車與車,起步未注意其他車(人)安全
11001ACA91B0035,20210101,120.2466,22.952856,交通事故,其他,臺南市仁德區段號德洋路126號對面,1,晴,50,單路部分,路段,無號誌,汽(機)車本身,不明原因肇事
11001ACA91B0039,20210101,120.251571,22.971721,交通事故,交叉路口,臺南市仁德區仁德里中正路3段號中山路,1,晴,50,交岔路,交叉路口,行車管制號誌,車與車,右轉彎未依規定
11001ACA91B0057,20210101,120.276888,22.992161,交通事故,其他,臺南市歸仁區段號和順路二段與和順路二段240巷口,1,晴,50,交岔路,交叉路口,無號誌,車與車,未依規定讓車
11001ACA91B0066,20210101,120.327814,22.963004,交通事故,一般地址,臺南市關廟區花園里中正路段702號,3,晴,50,單路部分,路段,無號誌,汽(機)車本身,動物竄出
11001ACA91B0086,20210102,120.328004,22.957575,交通事故,其他,臺南市關廟區段號五甲里民權街西往東,1,晴,50,單路部分,路段,行車管制號誌,車與車,其他引起事故之違規或不當行為
11001ACA91B0137,20210103,120.327867,22.959991,交通事故,交叉路口,臺南市關廟區香洋里中山路2段號南雄路2,1,晴,50,交岔路,交叉路口,行車管制號誌,車與車,未注意車前狀態
11001ACA91B0152,20210101,120.297651,22.902767,交通事故,其他,臺南市歸仁區段號大潭里台三九北向15.5K,2,晴,50,單路部分,路段,無號誌,車與車,未注意車前狀態
11001ACA91B0153,20210102,120.251443,22.950147,交通事故,交叉路口,臺南市仁德區後壁里中正路二段段號德善路,1,晴,50,單路部分,路段,行車管制號誌,車與車,變換車道或方向不當
11001ACA91B0154,20210102,120.286253,23.002804,交通事故,其他,臺南市歸仁區段號西埔里台三九、大埔路一段,2,晴,50,交岔路,交叉路口,行車管制號誌,車與車,左轉彎未依規定
11001ACA91B0155,20210102,120.27788,22.970571,交通事故,交叉路口,臺南市歸仁區南興里南興街段號文化街三段,1,晴,50,交岔路,交叉路口,無號誌,車與車,左轉彎未依規定
11001ACA91B0157,20210101,120.294005,22.967286,交通事故,其他,臺南市歸仁區段號歸仁里台八六、中山路一段,1,晴,50,單路部分,其他,行車管制號誌,車與車,右轉彎未依規定
11001ACA91B0162,20210102,120.274299,23.004201,交通事故,交叉路口,臺南市歸仁區大廟里保吉路段號保大路3366,1,晴,50,交岔路,交叉路口,行車管制號誌,車與車,違反特定標誌(線)禁制
11001ACA91B0165,20210102,120.240334,22.959098,交通事故,交叉路口,臺南市仁德區成功里民安路1段號文華路2,1,晴,50,交岔路,交叉路口,行車管制號誌,車與車,違反號誌管制或指揮
11001ACA91B0170,20210102,120.249523,22.942223,交通事故,其他,臺南市仁德區段號上崙里中正路二段，國道一號下方,1,晴,50,單路部分,路段,無號誌,汽(機)車本身,不明原因肇事
11001ACA91B0171,20210103,120.219941,22.944945,交通事故,一般地址,臺南市仁德區仁和里大同路3段825號0,2,晴,0,單路部分,路段,無號誌,人與汽(機)車,未注意車前狀態
11001ACA91B0204,20210104,120.240547,22.971146,交通事故,交叉路口,臺南市仁德區仁德里文心路段號文南街,1,晴,50,交岔路,交叉路口,閃光號誌,車與車,未依規定讓車
11001ACA91B0205,20210104,120.251581,22.971712,交通事故,交叉路口,臺南市仁德區仁德里中山路段號中正路三段,1,晴,50,交岔路,交叉路口,行車管制號誌,車與車,右轉彎未依規定
11001ACA91B0232,20210103,120.423381,22.941352,交通事故,其他,臺南市龍崎區段號牛埔里182線東向27.4K附近,1,晴,50,單路部分,路段,無號誌,汽(機)車本身,未依規定減速
11001ACA91B0234,20210104,120.25449,22.99146,交通事故,交叉路口,臺南市仁德區太子里太子路段號長興五街,2,晴,50,交岔路,交叉路口,行車管制號誌,車與車,違反號誌管制或指揮
11001ACA91B0247,20210104,120.335397,22.96163,交通事故,交叉路口,臺南市關廟區花園里四維街段號花園一街,1,晴,50,交岔路,交叉路口,行車管制號誌,車與車,違反號誌管制或指揮
11001ACA91B0251,20210103,120.225377,22.924447,交通事故,交叉路口,臺南市仁德區保安里保安路1段56號保安路1,2,晴,50,交岔路,交叉路口,行車管制號誌,車與車,左轉彎未依規定
11001ACA91B0263,20210102,120.245004,22.973596,交通事故,其他,臺南市仁德區段號中山路796號,1,晴,60,單路部分,路段,行車管制號誌,車與車,未注意車前狀態
11001ACA91B0264,20210101,120.304244,22.965543,交通事故,一般地址,臺南市歸仁區中山路一段段262號,1,晴,50,單路部分,路段,無號誌,汽(機)車本身,未注意車前狀態
11001ACA91B0283,20210105,120.273342,22.908834,交通事故,一般地址,臺南市歸仁區長大路段號,3,晴,50,單路部分,路段,無號誌,車與車,未保持行車安全間隔
11001ACA91B0302,20210105,120.27836,22.988683,交通事故,交叉路口,臺南市歸仁區南丁路段號南丁路625,2,晴,50,交岔路,交叉路口,行車管制號誌,車與車,違反號誌管制或指揮
11001ACA91B0303,20210105,120.255998,22.971099,交通事故,交叉路口,臺南市仁德區中山路段號中清路,1,晴,60,交岔路,交叉路口,行車管制號誌,車與車,左轉彎未依規定
11001ACA91B0311,20210105,120.243134,22.96086,交通事故,其他,臺南市仁德區段號文華一街中華醫事大學大門前面,1,晴,30,交岔路,交叉路口,無號誌,車與車,迴轉未依規定
11001ACA91B0330,20210105,120.230821,22.932574,交通事故,交叉路口,臺南市仁德區保安里文賢路1段號文賢路1529,1,晴,30,交岔路,其他,行車管制號誌,人與汽(機)車,未注意車前狀態
11001ACA91B0352,20210106,120.26115,22.991233,交通事故,交叉路口,臺南市仁德區太子里太子路段號太子路86,1,陰,50,交岔路,交叉路口,行車管制號誌,車與車,未注意車前狀態
11001ACA91B0368,20210106,120.239174,22.974733,交通事故,其他,臺南市仁德區段號中山路與文忠路,1,晴,60,交岔路,交叉路口,行車管制號誌,車與車,違反號誌管制或指揮
11001ACA91B0370,20210105,120.274129,23.000404,交通事故,一般地址,臺南市歸仁區保大路3段401號,1,晴,50,交岔路,交叉路口,行車管制號誌,車與車,未保持行車安全間隔
11001ACA91B0372,20210106,120.285383,23.006338,交通事故,交叉路口,臺南市歸仁區省道臺39線段號保吉路,3,晴,50,單路部分,路段,行車管制號誌,車與車,未注意車前狀態
11001ACA91B0373,20210104,120.253391,22.948964,交通事故,交叉路口,臺南市仁德區後壁里德善路段號德善路106,1,晴,30,交岔路,交叉路口,無號誌,車與車,未靠右行駛
11001ACA91B0376,20210105,120.271536,22.973157,交通事故,一般地址,臺南市仁德區仁義里義林路段256238號,1,晴,50,單路部分,路段,無號誌,汽(機)車本身,未依規定減速
11001ACA91B0382,20210105,120.263577,22.993909,交通事故,交叉路口,臺南市仁德區太子里長興一街段號長興一街6,1,晴,30,交岔路,交叉路口,閃光號誌,車與車,未依規定讓車
11001ACA91B0427,20210107,120.279851,22.970536,交通事故,交叉路口,臺南市歸仁區南興里文化街三段段776號文化街三段,1,晴,50,交岔路,交叉路口,行車管制號誌,車與車,不明原因肇事
11001ACA91B0441,20210107,120.257841,22.957627,交通事故,一般地址,臺南市仁德區新田里勝利路段88號,1,晴,50,單路部分,路段,無號誌,車與車,未依規定讓車
11001ACA91B0451,20210107,120.33236,22.965863,交通事故,一般地址,臺南市關廟區北勢里北安二街段161號0,1,晴,50,單路部分,路段,無號誌,車與車,未注意車前狀態
11001ACA91B0452,20210107,120.242347,22.958365,交通事故,交叉路口,臺南市仁德區新田里文華一街段號民安路一段,1,雨,50,交岔路,交叉路口,行車管制號誌,汽(機)車本身,不明原因肇事
11001ACA91B0473,20210101,120.295863,22.973141,交通事故,其他,臺南市歸仁區段號中正北路與大通路口,1,晴,50,交岔路,交叉路口,行車管制號誌,車與車,迴轉未依規定
11001ACA91B0488,20210102,120.326157,22.962502,交通事故,其他,臺南市關廟區段號文衡路與正義街口,1,晴,50,交岔路,交叉路口,無號誌,車與車,未依規定讓車
11001ACA91B0565,20210108,120.266819,22.94566,交通事故,一般地址,臺南市仁德區上崙里民安路2段892號,1,晴,30,單路部分,路段,無號誌,汽(機)車本身,酒醉(後)駕駛失控
11001ACA91B0572,20210108,120.250232,22.991136,交通事故,一般地址,臺南市仁德區太子里太子路段700號0,1,晴,50,交岔路,交叉路口,行車管制號誌,車與車,迴轉未依規定
11001ACA91B0573,20210108,120.249101,22.923288,交通事故,一般地址,臺南市仁德區保安里開發四路段16號0,1,陰,50,單路部分,路段,無號誌,車與車,倒車未依規定
11001ACA91B0575,20210108,120.25739,22.981718,交通事故,交叉路口,臺南市仁德區一甲里中正路3段號太乙路,1,陰,50,交岔路,交叉路口,行車管制號誌,車與車,左轉彎未依規定
11001ACA91B0577,20210108,120.218382,22.928658,交通事故,其他,臺南市仁德區段號台1線接台86線橋下南下機車迴轉道,1,晴,40,單路部分,路段,無號誌,汽(機)車本身,不明原因肇事
11001ACA91B0578,20210108,120.263196,22.986373,交通事故,一般地址,臺南市仁德區土庫里土庫二街段29號0,1,陰,30,單路部分,路段,無號誌,車與車,倒車未依規定
11001ACA91B0580,20210108,120.244415,22.915039,交通事故,一般地址,臺南市仁德區中洲里中洲路段1217號0,1,晴,50,單路部分,路段,無號誌,汽(機)車本身,不明原因肇事
11001ACA91B0594,20210107,120.239731,22.959599,交通事故,一般地址,臺南市仁德區仁德里民安路1段89號0,2,陰,50,單路部分,路段,無號誌,車與車,未保持行車安全距離
11001ACA91B0635,20210109,120.294692,22.966497,交通事故,一般地址,臺南市歸仁區新厝里中山路1段637號,1,陰,50,圓環廣場,路段,無號誌,車與車,右轉彎未依規定
11001ACA91B0641,20210109,120.226027,22.934561,交通事故,其他,臺南市仁德區段號成功里二仁路2段奇美博物館大門前,1,陰,60,單路部分,路段,行車管制號誌,車與車,右轉彎未依規定
11001ACA91B0653,20210109,120.245879,22.973372,交通事故,交叉路口,臺南市仁德區仁德里中山路段號中山路758,1,晴,0,交岔路,交叉路口,無號誌,車與車,其他引起事故之違規或不當行為
11001ACA91B0654,20210109,120.224574,22.937713,交通事故,交叉路口,臺南市仁德區成功里文華路2段號德成路,1,晴,50,交岔路,交叉路口,行車管制號誌,車與車,左轉彎未依規定
11001ACA91B0656,20210109,120.290197,22.972439,交通事故,交叉路口,臺南市歸仁區文化里文化北二街段號文化北街,1,晴,50,交岔路,交叉路口,無號誌,車與車,未依規定讓車
11001ACA91B0657,20210101,120.223945,22.922965,交通事故,一般地址,臺南市仁德區保安里二仁路一段段138號,3,晴,70,單路部分,路段,行車管制號誌,車與車,未注意車前狀態
11001ACA91B0663,20210109,120.349897,22.900674,交通事故,一般地址,臺南市關廟區南雄里南雄南路段751號,1,晴,50,單路部分,路段,無號誌,車與車,酒醉(後)駕駛失控
11001ACA91B0711,20210109,120.251946,22.95337,交通事故,交叉路口,臺南市仁德區新田里中正路二段段號民安路,1,晴,50,交岔路,交叉路口,行車管制號誌,車與車,左轉彎未依規定
11001ACA91B0731,20210109,120.272454,22.971432,交通事故,交叉路口,臺南市歸仁區南興里中山路段號省道臺39線,2,晴,50,交岔路,交叉路口,行車管制號誌,車與車,未注意車前狀態
11001ACA91B0743,20210110,120.277697,22.954623,交通事故,其他,臺南市歸仁區段號六甲里台三九北向10K,1,晴,50,單路部分,路段,無號誌,車與車,其他引起事故之違規或不當行為
11001ACA91B0744,20210108,120.245448,22.957197,交通事故,交叉路口,臺南市仁德區後壁里民安路一段段號德洋路,1,晴,50,交岔路,交叉路口,行車管制號誌,車與車,右轉彎未依規定
11001ACA91B0745,20210110,120.233372,22.954519,交通事故,交叉路口,臺南市仁德區成功里保生東路段號文華路2,1,晴,50,交岔路,交叉路口,行車管制號誌,車與車,右轉彎未依規定
11001ACA91B0747,20210110,120.240228,22.95777,交通事故,一般地址,臺南市仁德區後壁里文華路2段1368-1號0,1,晴,50,單路部分,路段,無號誌,汽(機)車本身,尚未發現肇事因素
11001ACA91B0749,20210108,120.251198,22.948147,交通事故,一般地址,臺南市仁德區後壁里中正路二段段201號,1,晴,50,單路部分,路段,無號誌,車與車,未注意車前狀態
11001ACA91B0753,20210108,120.228912,22.936537,交通事故,一般地址,臺南市仁德區保安里文賢路1段1511號,2,晴,50,單路部分,路段,行車管制號誌,人與汽(機)車,未注意車前狀態
11001ACA91B0764,20210108,120.330277,22.955238,交通事故,交叉路口,臺南市關廟區五甲里東興二街段號東興二街75,1,晴,30,交岔路,交叉路口,無號誌,車與車,未依規定讓車
11001ACA91B0784,20210106,120.272698,22.973369,交通事故,交叉路口,臺南市歸仁區省道臺39線段號大德路,3,晴,50,單路部分,路段,無號誌,車與車,未注意車前狀態
11001ACA91B0785,20210110,120.235114,22.9239,交通事故,交叉路口,臺南市仁德區保安里文賢路1段號文賢路1862,1,晴,50,交岔路,交叉路口,無號誌,車與車,橫越道路不慎
11001ACA91B0798,20210106,120.251618,22.951211,交通事故,交叉路口,臺南市仁德區中正路二段段號德糖路,1,晴,50,交岔路,交叉路口,行車管制號誌,車與車,違反號誌管制或指揮
11001ACA91B0807,20210107,120.291375,22.969832,交通事故,一般地址,臺南市歸仁區國光街段123號0,1,晴,50,單路部分,路段,無號誌,車與車,違反特定標誌(線)禁制
11001ACA91B0809,20210106,120.246312,22.93769,交通事故,其他,臺南市仁德區段號保安路二段602號前,2,晴,50,單路部分,路段,無號誌,車與車,未依規定讓車
11001ACA91B0816,20210110,120.310489,22.985872,交通事故,一般地址,臺南市關廟區下湖里關新路1段393號,1,晴,60,單路部分,路段,無號誌,車與車,未注意車前狀態
11001ACA91B0818,20210106,120.288518,22.973704,交通事故,其他,臺南市歸仁區段號大德路與民權北路口,3,晴,50,交岔路,交叉路口,行車管制號誌,車與車,尚未發現肇事因素
11001ACA91B0823,20210111,120.280512,22.952097,交通事故,一般地址,臺南市歸仁區六甲路段101號,1,晴,50,單路部分,路段,無號誌,汽(機)車本身,未注意車前狀態
11001ACA91B0826,20210111,120.286164,22.953689,交通事故,一般地址,臺南市歸仁區六甲里凱旋路二段段275號,1,陰,50,單路部分,路段,無號誌,車與車,開啟車門不當而肇事
11001ACA91B0830,20210108,120.280896,22.996529,交通事故,其他,臺南市歸仁區段號保大路三段與台39線,1,晴,50,交岔路,交叉路口,行車管制號誌,車與車,未注意車前狀態
11001ACA91B0856,20210111,120.257545,22.970855,交通事故,一般地址,臺南市仁德區中山路段379號,1,晴,50,單路部分,路段,無號誌,車與車,未依規定讓車
11001ACA91B0863,20210111,120.275179,22.954683,交通事故,其他,臺南市歸仁區段號民生十二街與民生十二街155巷口,1,晴,50,交岔路,交叉路口,無號誌,車與車,未依規定讓車
11001ACA91B0871,20210105,120.257051,22.938039,交通事故,其他,臺南市仁德區段號台86線橋下便道與崑崙路,2,晴,40,交岔路,交叉路口,閃光號誌,車與車,未依規定讓車
11001ACA91B0878,20210106,120.292617,22.990506,交通事故,一般地址,臺南市歸仁區媽廟里中正北路3段16號,1,晴,50,單路部分,路段,無號誌,人與汽(機)車,不明原因肇事
11001ACA91B0906,20210112,120.27286,22.917844,交通事故,交叉路口,臺南市歸仁區中正南路二段段號武東三街,1,晴,50,單路部分,路段,閃光號誌,車與車,未保持行車安全距離
11001ACA91B0911,20210112,120.273898,22.952148,交通事故,交叉路口,臺南市歸仁區六甲里省道臺39線段號六甲三街,1,晴,50,交岔路,交叉路口,行車管制號誌,車與車,未保持行車安全間隔
11001ACA91B0924,20210112,120.282818,22.9233,交通事故,其他,臺南市歸仁區段號高鐵大道與高鐵二路,2,晴,50,交岔路,交叉路口,行車管制號誌,車與車,違反號誌管制或指揮
11001ACA91B0929,20210106,120.251956,22.972462,交通事故,其他,臺南市仁德區段號中正路三段5號前(區公所),1,晴,50,交岔路,交叉路口,無號誌,車與車,未依規定讓車
11001ACA91B0950,20210112,120.283249,22.968158,交通事故,一般地址,臺南市歸仁區南興里中山路3段206號,2,晴,60,交岔路,交叉路口,行車管制號誌,車與車,未依規定減速
11001ACA91B0951,20210110,120.419222,22.945128,交通事故,其他,臺南市龍崎區段號龍船里182縣道東向26K附近,1,晴,50,交岔路,交叉路口,閃光號誌,汽(機)車本身,不明原因肇事
11001ACA91B0953,20210112,120.287225,22.997099,交通事故,交叉路口,臺南市歸仁區西埔里保大路2段號保大路2170,1,陰,50,交岔路,交叉路口,行車管制號誌,車與車,違反號誌管制或指揮
11001ACA91B1010,20210113,120.294598,22.966621,交通事故,其他,臺南市歸仁區段號新厝里歸仁圓環,1,晴,50,圓環廣場,其他,無號誌,車與車,右轉彎未依規定
11001ACA91B1011,20210101,120.243203,22.961286,交通事故,一般地址,臺南市仁德區仁德里文華一街段110之3號,2,晴,50,單路部分,路段,無號誌,汽(機)車本身,未注意車前狀態
11001ACA91B1019,20210107,120.249536,22.954587,交通事故,一般地址,臺南市仁德區新田里民安路1段395號,1,晴,50,單路部分,路段,無號誌,車與車,未依規定讓車
11001ACA91B1025,20210106,120.241296,22.962369,交通事故,其他,臺南市仁德區段號文華路三段與文華一街口,2,晴,50,交岔路,交叉路口,行車管制號誌,車與車,違反號誌管制或指揮
11001ACA91B1035,20210106,120.253602,22.963414,交通事故,其他,臺南市仁德區段號中正路二段與仁義五街,3,晴,50,單路部分,路段,無號誌,車與車,未保持行車安全距離