案件編號,發生日期,GPS經度,GPS緯度,案件類別名稱,地址類型名稱,發生縣市名稱,受傷人數,天候名稱, 速限-第1當事者,道路型態大類別名稱,事故位置大類別名稱,號誌-號誌種類名稱,事故類型及型態大類別名稱,肇因研判子類別名稱-主要
11001ACA91B1044,20210113,120.254518,22.98197,交通事故,其他,臺南市仁德區段號太乙路與太新路,1,晴,50,交岔路,交叉路口,無號誌,車與車,未依規定讓車
11001ACA91B1054,20210113,120.254624,22.951953,交通事故,交叉路口,臺南市仁德區新田里德糖路段號民安路二段,1,晴,50,交岔路,交叉路口,行車管制號誌,車與車,未注意車前狀態
11001ACA91B1056,20210107,120.248162,22.972668,交通事故,其他,臺南市仁德區段號中山路與文德路口,1,晴,50,交岔路,交叉路口,行車管制號誌,車與車,變換車道或方向不當
11001ACA91B1059,20210109,120.270157,22.910423,交通事故,其他,臺南市歸仁區段號長榮路一段233號,1,晴,50,單路部分,路段,無號誌,車與車,未注意車前狀態
11001ACA91B1068,20210101,120.257223,22.991556,交通事故,其他,臺南市仁德區段號太子路與太子二街口,2,晴,50,交岔路,交叉路口,行車管制號誌,車與車,左轉彎未依規定
11001ACA91B1110,20210113,120.293943,22.964944,交通事故,交叉路口,臺南市歸仁區新厝里中正南路1段號中正三街,2,晴,50,交岔路,交叉路口,無號誌,車與車,起步未注意其他車(人)安全
11001ACA91B1112,20210113,120.243351,22.957923,交通事故,一般地址,臺南市仁德區後壁里民安路1段180號0,1,晴,50,單路部分,路段,無號誌,汽(機)車本身,尚未發現肇事因素
11001ACA91B1113,20210114,120.254456,22.93544,交通事故,其他,臺南市仁德區段號上崙里崑崙路298號,1,晴,50,單路部分,路段,無號誌,車與車,未保持行車安全距離
11001ACA91B1115,20210114,120.328118,22.961137,交通事故,一般地址,臺南市關廟區香洋里南雄路2段41號0,1,晴,50,單路部分,路段,無號誌,車與車,違規停車或暫停不當而肇事
11001ACA91B1117,20210114,120.335003,22.937736,交通事故,一般地址,臺南市關廟區深坑里南雄路1段342號0,1,晴,40,單路部分,路段,無號誌,車與車,不明原因肇事
11001ACA91B1118,20210106,120.253433,22.963339,交通事故,其他,臺南市仁德區段號中正路二段與仁中六街口,1,晴,50,單路部分,路段,無號誌,車與車,未注意車前狀態
11001ACA91B1143,20210112,120.275193,22.968875,交通事故,其他,臺南市歸仁區段號中山路三段455號,2,晴,60,交岔路,路段,行車管制號誌,車與車,未保持行車安全距離
11001ACA91B1144,20210108,120.251004,22.946206,交通事故,一般地址,臺南市仁德區後壁里中正路二段段116號,1,晴,50,單路部分,路段,無號誌,車與車,未注意車前狀態
11001ACA91B1148,20210108,120.260381,22.972595,交通事故,交叉路口,臺南市仁德區仁義里義林二街段號義林十二街,1,晴,50,交岔路,交叉路口,行車管制號誌,車與車,左轉彎未依規定
11001ACA91B1149,20210108,120.274882,22.95267,交通事故,交叉路口,臺南市歸仁區六甲里六甲路段306號六甲路,1,晴,50,交岔路,交叉路口,無號誌,車與車,左轉彎未依規定
11001ACA91B1152,20210113,120.280857,22.954697,交通事故,交叉路口,臺南市歸仁區新厝里中正南路一段段85號中正南路一段,1,晴,50,交岔路,交叉路口,無號誌,車與車,未注意車前狀態
11001ACA91B1153,20210108,120.264403,22.96132,交通事故,其他,臺南市仁德區段號新田二街216號前,1,晴,50,單路部分,路段,無號誌,車與車,左轉彎未依規定
11001ACA91B1155,20210113,120.326199,22.969157,交通事故,交叉路口,臺南市關廟區山西里文衡路段號南雄路2,1,晴,50,交岔路,交叉路口,行車管制號誌,車與車,右轉彎未依規定
11001ACA91B1179,20210108,120.251685,22.97243,交通事故,其他,臺南市仁德區段號中正路三段5號前,1,晴,50,交岔路,交叉路口,無號誌,車與車,左轉彎未依規定
11001ACA91B1191,20210109,120.294811,22.973087,交通事故,其他,臺南市歸仁區段號八甲里大德路東往西,1,晴,50,單路部分,路段,無號誌,車與車,不明原因肇事
11001ACA91B1192,20210114,120.328224,22.961454,交通事故,一般地址,臺南市關廟區香洋里南雄路2段59號,1,晴,50,單路部分,路段,無號誌,汽(機)車本身,尚未發現肇事因素
11001ACA91B1193,20210108,120.271536,22.973157,交通事故,其他,臺南市仁德區段號義林路256巷238號前,1,晴,50,單路部分,路段,無號誌,車與車,右轉彎未依規定
11001ACA91B1252,20210115,120.251409,22.953419,交通事故,交叉路口,臺南市仁德區後壁里民安路段號德洋一街,2,晴,50,交岔路,交叉路口,無號誌,車與車,左轉彎未依規定
11001ACA91B1254,20210104,120.256475,22.980704,交通事故,一般地址,臺南市仁德區中正路三段段329號,2,晴,50,單路部分,路段,無號誌,車與車,違反特定標誌(線)禁制
11001ACA91B1257,20210109,120.249268,22.972188,交通事故,其他,臺南市仁德區段號仁德里中山路(仁德交流道下),1,陰,50,單路部分,路段,行車管制號誌,車與車,不明原因肇事
11001ACA91B1259,20210109,120.28629,22.967684,交通事故,一般地址,臺南市歸仁區南保里中山路3段72號,1,陰,50,單路部分,路段,無號誌,車與車,變換車道或方向不當
11001ACA91B1263,20210115,120.224214,22.922549,交通事故,交叉路口,臺南市仁德區保安里二仁路一段段號二仁路一段122,1,晴,30,交岔路,交叉路口,無號誌,車與車,逆向行駛
11001ACA91B1284,20210115,120.266188,22.991505,交通事故,交叉路口,臺南市仁德區太子路段號太子一街,1,晴,50,交岔路,交叉路口,行車管制號誌,車與車,變換車道或方向不當
11001ACA91B1317,20210111,120.299063,22.962443,交通事故,一般地址,臺南市歸仁區歸仁里信義南路段165號,2,晴,50,單路部分,路段,無號誌,車與車,不明原因肇事
11001ACA91B1325,20210113,120.233954,22.919802,交通事故,交叉路口,臺南市仁德區保安里中正路1段號中正路1125,1,晴,50,交岔路,交叉路口,行車管制號誌,車與車,未依規定讓車
11001ACA91B1326,20210113,120.253123,22.970894,交通事故,交叉路口,臺南市仁德區仁義里中山路段555號中山路5392,2,晴,50,交岔路,路段,無號誌,車與車,未依規定讓車
11001ACA91B1327,20210113,120.297055,22.965252,交通事故,交叉路口,臺南市歸仁區許厝里復興路段號大智街,1,晴,50,交岔路,交叉路口,無號誌,車與車,不明原因肇事
11001ACA91B1329,20210115,120.257546,22.99143,交通事故,交叉路口,臺南市仁德區太子里太子路段號太子北路,1,晴,50,交岔路,交叉路口,行車管制號誌,車與車,左轉彎未依規定
11001ACA91B1330,20210113,120.329608,22.958826,交通事故,交叉路口,臺南市關廟區香洋里民族路段號民族路147,2,晴,50,交岔路,交叉路口,無號誌,車與車,未依規定讓車
11001ACA91B1368,20210104,120.285932,22.965768,交通事故,一般地址,臺南市歸仁區南保里民權十街段63號,1,晴,50,交岔路,交叉路口,無號誌,車與車,違規超車
11001ACA91B1411,20210103,120.280896,22.996529,交通事故,交叉路口,臺南市歸仁區省道臺39線段號保大路3,1,晴,70,交岔路,其他,行車管制號誌,人與汽(機)車,未注意車前狀態
11001ACA91B1417,20210104,120.252469,22.953017,交通事故,一般地址,臺南市仁德區後壁里民安路二段段23號,1,晴,50,交岔路,交叉路口,無號誌,車與車,左轉彎未依規定
11001ACA91B1432,20210116,120.287823,22.965174,交通事故,交叉路口,臺南市歸仁區民權南路段號大順街,1,晴,50,交岔路,交叉路口,閃光號誌,車與車,未依規定讓車
11001ACA91B1439,20210114,120.271232,22.908138,交通事故,一般地址,臺南市歸仁區大潭里長榮路1段2007290號,1,晴,50,單路部分,其他,無號誌,車與車,不明原因肇事
11001ACA91B1440,20210114,120.24848,22.91132,交通事故,交叉路口,臺南市仁德區中洲里依仁路段號中洲路,2,晴,40,交岔路,交叉路口,行車管制號誌,車與車,違反特定標誌(線)禁制
11001ACA91B1458,20210114,120.276109,22.927823,交通事故,其他,臺南市歸仁區段號光明街與光明街86巷,1,晴,50,交岔路,交叉路口,無號誌,車與車,未依規定讓車
11001ACA91B1461,20210103,120.273662,22.951968,交通事故,交叉路口,臺南市歸仁區省道臺39線段號六甲三街,1,晴,70,交岔路,交叉路口,行車管制號誌,車與車,違反特定標誌(線)禁制
11001ACA91B1466,20210112,120.239009,22.956489,交通事故,其他,臺南市仁德區段號文華路二段1276號,1,晴,50,單路部分,路段,無號誌,車與車,未注意車前狀態
11001ACA91B1470,20210112,120.231317,22.957281,交通事故,其他,臺南市仁德區段號保生東路與成功三街口,2,晴,50,交岔路,交叉路口,行車管制號誌,車與車,未依規定讓車
11001ACA91B1472,20210104,120.243492,22.972161,交通事故,一般地址,臺南市仁德區文華路3段501-1號,1,晴,50,單路部分,路段,無號誌,車與車,未保持行車安全距離
11001ACA91B1481,20210105,120.286263,22.95941,交通事故,一般地址,臺南市歸仁區中正南路一段段539號,1,晴,50,單路部分,路段,無號誌,車與車,其他引起事故之違規或不當行為
11001ACA91B1485,20210105,120.219527,22.946627,交通事故,一般地址,臺南市仁德區大同路三段段858號0,1,晴,50,單路部分,路段,行車管制號誌,車與車,不明原因肇事
11001ACA91B1508,20210115,120.28555,22.969777,交通事故,交叉路口,臺南市歸仁區南保里民權八街段號文化七街,1,晴,50,交岔路,交叉路口,無號誌,車與車,未依規定讓車
11001ACA91B1517,20210105,120.271206,22.956774,交通事故,一般地址,臺南市歸仁區六甲里六甲八街段149號,1,晴,50,單路部分,路段,無號誌,車與車,未靠右行駛
11001ACA91B1518,20210117,120.217128,22.958083,交通事故,一般地址,臺南市仁德區仁愛里大同路三段段138號,1,晴,60,單路部分,路段,無號誌,車與車,未注意車前狀態
11001ACA91B1543,20210118,120.274483,22.95268,交通事故,交叉路口,臺南市歸仁區六甲路段號六甲三街,1,晴,50,交岔路,交叉路口,無號誌,車與車,未依規定讓車
11001ACA91B1568,20210113,120.277284,22.943017,交通事故,交叉路口,臺南市歸仁區省道臺39線段號中正南路一段,1,晴,50,單路部分,路段,行車管制號誌,車與車,變換車道或方向不當
11001ACA91B1573,20210117,120.243024,22.969836,交通事故,其他,臺南市仁德區段號文華路三段與文南路口,1,晴,50,單路部分,路段,無號誌,車與車,不明原因肇事
11001ACA91B1584,20210105,120.23658,22.921939,交通事故,一般地址,臺南市仁德區文賢路2段10號0,1,晴,50,單路部分,路段,行車管制號誌,車與車,橫越道路不慎
11001ACA91B1586,20210107,120.25708,22.942845,交通事故,其他,臺南市仁德區段號德崙路近上崙街口,1,陰,50,單路部分,路段,行車管制號誌,車與車,尚未發現肇事因素
11001ACA91B1593,20210118,120.257658,22.982024,交通事故,其他,臺南市仁德區段號太乙路與中正路三段附近,2,晴,50,單路部分,路段,無號誌,車與車,未保持行車安全間隔
11001ACA91B1599,20210113,120.266726,22.944674,交通事故,其他,臺南市仁德區段號崑崙路1178號附近,1,晴,50,單路部分,路段,無號誌,車與車,未保持行車安全距離
11001ACA91B1600,20210111,120.252504,22.971582,交通事故,其他,臺南市仁德區段號中山路560號旁,1,晴,60,交岔路,交叉路口,無號誌,車與車,未依規定讓車
11001ACA91B1601,20210118,120.277363,22.932013,交通事故,其他,臺南市歸仁區段號台86往西11.6k,1,晴,90,單路部分,路段,無號誌,汽(機)車本身,不明原因肇事
11001ACA91B1613,20210108,120.227419,22.938738,交通事故,其他,臺南市仁德區段號文賢路一段與文華路二段(橋下),1,晴,50,交岔路,交叉路口,閃光號誌,車與車,未注意車前狀態
11001ACA91B1627,20210118,120.280665,23.006072,交通事故,交叉路口,臺南市歸仁區西埔里大埔路段號保吉路,1,晴,50,交岔路,交叉路口,行車管制號誌,車與車,違反號誌管制或指揮
11001ACA91B1636,20210106,120.247582,22.956016,交通事故,一般地址,臺南市仁德區新田里民安路一段段363號,1,晴,50,單路部分,路段,無號誌,車與車,迴轉未依規定
11001ACA91B1701,20210114,120.216182,22.948145,交通事故,其他,臺南市仁德區段號機場環道,2,晴,50,單路部分,路段,無號誌,車與車,未注意車前狀態
11001ACA91B1702,20210115,120.261669,22.989635,交通事故,一般地址,臺南市仁德區太子里太子二街段46號,1,晴,50,交岔路,交叉路口,無號誌,車與車,左轉彎未依規定
11001ACA91B1709,20210101,120.255831,22.968343,交通事故,交叉路口,臺南市仁德區仁義里中山路段509號仁義一街,2,晴,50,交岔路,交叉路口,閃光號誌,車與車,未依規定讓車
11001ACA91B1711,20210115,120.224911,22.918982,交通事故,一般地址,臺南市仁德區二行里二行一路段143號,2,晴,50,單路部分,路段,無號誌,車與車,逆向行駛
11001ACA91B1712,20210114,120.26991,22.914541,交通事故,一般地址,臺南市歸仁區大潭里中正南路3段96511號,1,晴,50,單路部分,路段,無號誌,車與車,未靠右行駛
11001ACA91B1715,20210113,120.242792,22.968625,交通事故,交叉路口,臺南市仁德區新田里民安路一段段號文華路3,1,晴,50,交岔路,交叉路口,行車管制號誌,汽(機)車本身,不明原因肇事
11001ACA91B1718,20210119,120.277418,22.992176,交通事故,交叉路口,臺南市歸仁區大廟里和順路2段號南丁路,1,晴,50,交岔路,交叉路口,行車管制號誌,車與車,違反號誌管制或指揮
11001ACA91B1720,20210119,120.251646,22.990848,交通事故,一般地址,臺南市仁德區太子里大發路段363號0,1,晴,50,單路部分,路段,無號誌,車與車,其他引起事故之違規或不當行為
11001ACA91B1722,20210116,120.279333,22.952795,交通事故,其他,臺南市歸仁區段號六甲里六甲路、台三九,1,晴,50,交岔路,交叉路口,行車管制號誌,車與車,未注意車前狀態
11001ACA91B1739,20210111,120.298607,22.971071,交通事故,一般地址,臺南市歸仁區歸仁里忠孝北路段228號,2,晴,50,單路部分,路段,無號誌,車與車,未保持行車安全距離
11001ACA91B1741,20210115,120.217529,22.917884,交通事故,一般地址,臺南市仁德區大甲里中正西路段3535號,1,晴,50,單路部分,路段,無號誌,車與車,不明原因肇事
11001ACA91B1780,20210120,120.259877,22.970617,交通事故,一般地址,臺南市仁德區仁義里中山路段301號0,1,晴,50,交岔路,交叉路口,行車管制號誌,車與車,不明原因肇事
11001ACA91B1836,20210114,120.287594,22.960457,交通事故,其他,臺南市歸仁區段號民權南路與中正南路口,1,晴,50,交岔路,交叉路口,行車管制號誌,車與車,未保持行車安全距離
11001ACA91B1855,20210114,120.287236,23.010405,交通事故,交叉路口,臺南市歸仁區西埔里省道臺39線段號西埔一街633,2,晴,50,交岔路,交叉路口,無號誌,車與車,未注意車前狀態
11001ACA91B1940,20210107,120.279109,22.982542,交通事故,一般地址,臺南市歸仁區七甲里南丁路段359號,1,晴,50,單路部分,路段,無號誌,車與車,未注意車前狀態
11001ACA91B1955,20210114,120.225346,22.920997,交通事故,交叉路口,臺南市仁德區保安里二仁路1段號保安路,3,晴,70,交岔路,交叉路口,行車管制號誌,汽(機)車本身,尚未發現肇事因素
11001ACA91B1984,20210121,120.262848,22.941286,交通事故,交叉路口,臺南市仁德區上崙里德崙路段號崑崙街,1,晴,50,交岔路,交叉路口,行車管制號誌,車與車,未保持行車安全間隔
11001ACA91B2001,20210115,120.328235,22.957338,交通事故,一般地址,臺南市關廟區五甲里南雄路1段1086號,1,晴,50,單路部分,路段,無號誌,車與車,未保持行車安全間隔
11001ACA91B2002,20210115,120.333851,22.93977,交通事故,一般地址,臺南市關廟區深坑里南雄路1段487號,1,晴,40,單路部分,路段,無號誌,車與車,其他引起事故之違規或不當行為
11001ACA91B2026,20210115,120.248138,22.973741,交通事故,一般地址,臺南市仁德區文德路段33號,1,晴,50,交岔路,交叉路口,無號誌,車與車,未依規定讓車
11001ACA91B2050,20210110,120.259927,22.906372,交通事故,其他,臺南市仁德區段號中洲里三甲五街103號,1,晴,50,單路部分,路段,無號誌,車與車,酒醉(後)駕駛失控
11001ACA91B2079,20210120,120.221063,22.937219,交通事故,交叉路口,臺南市仁德區成功里二仁路二段段號機場路,2,晴,50,交岔路,交叉路口,行車管制號誌,車與車,未注意車前狀態
11001ACA91B2080,20210120,120.252665,22.955748,交通事故,一般地址,臺南市仁德區新田里中正路二段段538號,2,晴,50,單路部分,路段,無號誌,車與車,未注意車前狀態
11001ACA91B2081,20210120,120.250274,22.906396,交通事故,其他,臺南市仁德區段號中洲里中洲九街120號,1,晴,50,交岔路,交叉路口,無號誌,汽(機)車本身,不明原因肇事
11001ACA91B2082,20210119,120.295662,22.972915,交通事故,交叉路口,臺南市歸仁區八甲里大德路段號中正北路,2,晴,50,交岔路,交叉路口,行車管制號誌,車與車,未注意車前狀態
11001ACA91B2083,20210119,120.218633,22.949154,交通事故,一般地址,臺南市仁德區仁愛里大同路三段段692號,2,晴,50,單路部分,路段,無號誌,汽(機)車本身,不明原因肇事
11001ACA91B2110,20210122,120.250927,22.953549,交通事故,交叉路口,臺南市仁德區後壁里民安路一段段號北保路,2,晴,50,交岔路,交叉路口,行車管制號誌,車與車,左轉彎未依規定
11001ACA91B2113,20210116,120.228949,22.936415,交通事故,其他,臺南市仁德區段號文賢路一段(奇美博物館P4停車場出入口),1,晴,50,單路部分,路段,行車管制號誌,車與車,未依規定讓車
11001ACA91B2132,20210116,120.27272,22.973341,交通事故,其他,臺南市歸仁區段號七甲里台39線與大德路口,1,晴,50,交岔路,交叉路口,行車管制號誌,車與車,未保持行車安全間隔
11001ACA91B2135,20210121,120.225895,22.91873,交通事故,交叉路口,臺南市仁德區保安里中正路一段段號二仁路一段,1,陰,50,交岔路,交叉路口,行車管制號誌,車與車,未注意車前狀態
11001ACA91B2136,20210121,120.256482,22.958955,交通事故,一般地址,臺南市仁德區仁義里仁義六街段103號,1,晴,30,單路部分,路段,無號誌,車與車,起步未注意其他車(人)安全
11001ACA91B2138,20210116,120.278155,22.990957,交通事故,交叉路口,臺南市歸仁區大廟里省道臺39線段號南丁路,1,晴,50,交岔路,路段,行車管制號誌,車與車,其他引起事故之違規或不當行為
11001ACA91B2188,20210122,120.268443,22.910287,交通事故,一般地址,臺南市歸仁區大潭里長榮路1段150號0,1,晴,50,單路部分,路段,無號誌,車與車,倒車未依規定
11001ACA91B2210,20210114,120.249769,22.943106,交通事故,其他,臺南市仁德區段號中正路三段與台86便道口,1,晴,50,交岔路,交叉路口,行車管制號誌,車與車,未依規定讓車
11001ACA91B2247,20210118,120.274331,22.920877,交通事故,其他,臺南市歸仁區段號中正南路二段與大武路二段口,2,晴,50,交岔路,交叉路口,行車管制號誌,車與車,未依規定讓車
11001ACA91B2254,20210116,120.241505,22.963589,交通事故,其他,臺南市仁德區段號文華路三段189巷口,1,晴,50,交岔路,交叉路口,行車管制號誌,車與車,未依規定讓車
11001ACA91B2258,20210119,120.242854,22.968683,交通事故,其他,臺南市仁德區段號文華路三段366號(大台南駕訓班)旁,1,晴,50,單路部分,路段,無號誌,車與車,橫越道路不慎
11001ACA91B2264,20210116,120.28583,22.925127,交通事故,其他,臺南市歸仁區段號歸仁大道100號(高鐵一號門前),1,晴,40,單路部分,其他,無號誌,車與車,起步未注意其他車(人)安全
11001ACA91B2265,20210113,120.275416,22.998877,交通事故,一般地址,臺南市歸仁區保大路3段291號0,1,晴,50,單路部分,路段,無號誌,汽(機)車本身,不明原因肇事
11001ACA91B2272,20210119,120.237059,22.932609,交通事故,其他,臺南市仁德區段號三甲七街與三甲一街口,1,晴,50,交岔路,交叉路口,無號誌,車與車,未依規定讓車
11001ACA91B2274,20210123,120.29119,22.99674,交通事故,一般地址,臺南市歸仁區保大路1段號,2,晴,50,單路部分,路段,無號誌,車與車,未注意車前狀態
11001ACA91B2288,20210108,120.287571,22.961124,交通事故,其他,臺南市歸仁區段號民權南路與民權十六街,1,晴,50,交岔路,交叉路口,無號誌,車與車,未依規定讓車
11001ACA91B2292,20210123,120.223248,22.959903,交通事故,其他,臺南市仁德區段號保仁路與二空路口,1,晴,50,交岔路,路段,無號誌,車與車,未注意車前狀態
11001ACA91B2311,20210120,120.218677,22.94971,交通事故,其他,臺南市仁德區段號大同路三段692號(全國加油站)前,1,晴,50,單路部分,路段,無號誌,車與車,未依規定減速
11001ACA91B2314,20210121,120.254062,22.950974,交通事故,交叉路口,臺南市仁德區後壁里德安路段號德善一街,1,晴,50,交岔路,交叉路口,行車管制號誌,車與車,左轉彎未依規定
11001ACA91B2317,20210122,120.276972,22.926856,交通事故,交叉路口,臺南市歸仁區武東里中正南路二段段號歸仁八路,1,陰,50,交岔路,交叉路口,行車管制號誌,車與車,未依規定讓車
11001ACA91B2319,20210122,120.277869,22.926615,交通事故,交叉路口,臺南市歸仁區武東里歸仁八路段號高鐵12路,1,雨,50,交岔路,交叉路口,閃光號誌,車與車,右轉彎未依規定
11001ACA91B2367,20210117,120.228913,22.936377,交通事故,其他,臺南市仁德區段號文賢路一段(奇美博物館P4停車場外),1,晴,50,單路部分,路段,行車管制號誌,車與車,違規超車
11001ACA91B2373,20210118,120.252962,22.974234,交通事故,一般地址,臺南市仁德區中正路三段段102號,2,晴,50,單路部分,路段,無號誌,車與車,未保持行車安全距離
11001ACA91B2385,20210121,120.29395,22.966823,交通事故,其他,臺南市歸仁區段號歸仁圓環(近中山路一段口),1,晴,50,圓環廣場,其他,無號誌,車與車,未注意車前狀態
11001ACA91B2409,20210124,120.282032,22.956092,交通事故,一般地址,臺南市歸仁區中正南路1段802號0,1,晴,50,單路部分,路段,無號誌,汽(機)車本身,不明原因肇事
11001ACA91B2445,20210119,120.294765,22.968698,交通事故,一般地址,臺南市歸仁區歸仁里中正北路1段66號,1,晴,50,單路部分,路段,無號誌,車與車,變換車道或方向不當
11001ACA91B2456,20210119,120.254922,22.946748,交通事故,一般地址,臺南市仁德區後壁里德南路段102號,1,晴,50,交岔路,路段,無號誌,車與車,未依規定讓車
11001ACA91B2464,20210115,120.293966,22.99484,交通事故,一般地址,臺南市歸仁區中正北路3段158號0,2,晴,50,單路部分,路段,無號誌,車與車,不明原因肇事
11001ACA91B2474,20210119,120.289791,22.961771,交通事故,一般地址,臺南市歸仁區辜厝里中正南路1段318號0,2,晴,50,單路部分,路段,無號誌,車與車,未注意車前狀態
11001ACA91B2478,20210102,120.241821,22.975275,交通事故,其他,臺南市仁德區段號裕忠路嘉療前,1,晴,50,交岔路,交叉路口,行車管制號誌,車與車,未注意車前狀態
11001ACA91B2483,20210103,120.255855,22.945821,交通事故,其他,臺南市仁德區段號德南路95巷口,1,晴,50,交岔路,交叉路口,無號誌,車與車,迴轉未依規定
11001ACA91B2495,20210119,120.24928,22.991011,交通事故,一般地址,臺南市仁德區太子里太子路段742號,2,晴,50,交岔路,交叉路口,行車管制號誌,車與車,左轉彎未依規定
11001ACA91B2507,20210122,120.254784,22.978351,交通事故,一般地址,臺南市仁德區太子里中正路三段段231號,1,晴,50,單路部分,路段,無號誌,車與車,左轉彎未依規定
11001ACA91B2508,20210125,120.304918,22.996115,交通事故,交叉路口,臺南市關廟區埤頭里保東路段3號保東路,1,晴,50,交岔路,交叉路口,行車管制號誌,車與車,左轉彎未依規定
11001ACA91B2509,20210125,120.264793,22.98162,交通事故,一般地址,臺南市仁德區土庫里土庫一街段811175號,1,晴,50,單路部分,路段,無號誌,車與車,倒車未依規定
11001ACA91B2530,20210119,120.263577,22.993909,交通事故,交叉路口,臺南市仁德區太子里長興一街段6號長興一街,3,晴,50,交岔路,交叉路口,閃光號誌,車與車,未依規定讓車
11001ACA91B2533,20210123,120.25264,22.967737,交通事故,一般地址,臺南市仁德區仁德里中正路二段段1101號,3,晴,50,交岔路,交叉路口,無號誌,車與車,左轉彎未依規定
11001ACA91B2538,20210125,120.243706,22.921451,交通事故,其他,臺南市仁德區段號永德路20號,1,晴,50,交岔路,交叉路口,無號誌,車與車,未注意車前狀態
11001ACA91B2542,20210120,120.29373,22.980901,交通事故,交叉路口,臺南市歸仁區七甲里中正北路2段號七甲一街,2,晴,50,交岔路,交叉路口,行車管制號誌,車與車,其他引起事故之違規或不當行為
11001ACA91B2549,20210104,120.302483,22.953504,交通事故,其他,臺南市歸仁區段號二甲23號,1,晴,40,單路部分,路段,無號誌,汽(機)車本身,未注意車前狀態
11001ACA91B2557,20210120,120.248787,22.972294,交通事故,其他,臺南市仁德區段號仁德里，仁德交流道下方，中山路,2,晴,60,交岔路,交叉路口,行車管制號誌,車與車,違反號誌管制或指揮
11001ACA91B2561,20210104,120.252338,22.954049,交通事故,其他,臺南市仁德區段號中正路二段與勝利路口,1,晴,50,交岔路,交叉路口,行車管制號誌,車與車,逆向行駛
11001ACA91B2565,20210125,120.218251,22.928577,交通事故,其他,臺南市仁德區段號臺一線南下機車迴轉道,1,晴,40,單路部分,路段,無號誌,汽(機)車本身,不明原因肇事
11001ACA91B2566,20210126,120.295446,22.966666,交通事故,一般地址,臺南市歸仁區歸仁里中山路1段530號0,1,晴,60,單路部分,路段,無號誌,車與車,未保持行車安全距離
11001ACA91B2567,20210120,120.279929,22.953694,交通事故,一般地址,臺南市歸仁區六甲里中正南路1段980號,2,晴,50,單路部分,路段,無號誌,車與車,不明原因肇事
11001ACA91B2571,20210119,120.220677,22.944041,交通事故,一般地址,臺南市仁德區保安里文賢路1段526號0,2,晴,50,單路部分,路段,無號誌,車與車,未注意車前狀態
11001ACA91B2576,20210120,120.245658,22.923074,交通事故,一般地址,臺南市仁德區保安里開發二路段15號,2,晴,50,單路部分,路段,無號誌,車與車,倒車未依規定
11001ACA91B2581,20210126,120.27887,22.952517,交通事故,一般地址,臺南市歸仁區六甲里六甲路段192號,1,晴,50,交岔路,交叉路口,行車管制號誌,汽(機)車本身,其他引起事故之違規或不當行為
11001ACA91B2593,20210126,120.224107,22.922514,交通事故,交叉路口,臺南市仁德區成功里二仁路一段段491號二仁路一段,1,晴,50,單路部分,路段,無號誌,車與車,不明原因肇事
11001ACA91B2595,20210107,120.292568,22.966469,交通事故,其他,臺南市歸仁區段號中正二街62號前,1,晴,50,單路部分,路段,無號誌,車與車,倒車未依規定
11001ACA91B2610,20210121,120.219335,22.947449,交通事故,一般地址,臺南市仁德區仁愛里大同路3段858號,1,晴,70,單路部分,其他,行車管制號誌,車與車,未依規定讓車
11001ACA91B2611,20210125,120.290258,22.968885,交通事故,其他,臺南市歸仁區段號中山八街與中山八街46巷口,1,晴,50,交岔路,交叉路口,無號誌,車與車,未依規定讓車
11001ACA91B2655,20210122,120.218254,22.928588,交通事故,其他,臺南市仁德區段號成功里台1線南下機車迴轉道,1,陰,40,單路部分,路段,無號誌,汽(機)車本身,不明原因肇事
11001ACA91B2667,20210127,120.250384,22.991099,交通事故,交叉路口,臺南市仁德區太子里太子路段號太子五街,1,晴,50,交岔路,路段,行車管制號誌,車與車,變換車道或方向不當
11001ACA91B2679,20210120,120.329492,22.959936,交通事故,其他,臺南市關廟區段號巡府路與中山路一段566巷口,1,晴,50,交岔路,交叉路口,無號誌,汽(機)車本身,未注意車前狀態
11001ACA91B2690,20210117,120.354846,22.969075,交通事故,交叉路口,臺南市關廟區中正路段號中正路20,1,晴,50,交岔路,交叉路口,閃光號誌,車與車,未依規定讓車
11001ACA91B2692,20210125,120.253268,22.972062,交通事故,交叉路口,臺南市仁德區仁義里正義一街段號中山路530,1,晴,30,交岔路,交叉路口,無號誌,車與車,左轉彎未依規定
11001ACA91B2699,20210121,120.267047,22.954486,交通事故,交叉路口,臺南市仁德區勝利路段號新田二街116,1,陰,50,交岔路,交叉路口,閃光號誌,汽(機)車本身,其他引起事故之違規或不當行為
11001ACA91B2713,20210121,120.217061,22.960417,交通事故,交叉路口,臺南市仁德區仁愛里大同路3段號保仁路,1,晴,60,交岔路,交叉路口,行車管制號誌,車與車,左轉彎未依規定
11001ACA91B2733,20210122,120.249987,22.954212,交通事故,交叉路口,臺南市仁德區新田里民安路1段號北保路,1,晴,50,交岔路,其他,行車管制號誌,車與車,其他引起事故之違規或不當行為
11001ACA91B2736,20210122,120.218977,22.948717,交通事故,一般地址,臺南市仁德區仁愛里大同路3段768號,1,晴,70,單路部分,其他,行車管制號誌,車與車,起步未注意其他車(人)安全
11001ACA91B2740,20210127,120.251409,22.953419,交通事故,交叉路口,臺南市仁德區新田里德洋一街段號民安路一段,1,晴,50,交岔路,交叉路口,無號誌,車與車,不明原因肇事
11001ACA91B2745,20210125,120.278911,22.996769,交通事故,交叉路口,臺南市歸仁區大廟里保大路3段號大廟三街,1,晴,50,交岔路,交叉路口,閃光號誌,車與車,未注意車前狀態
11001ACA91B2748,20210125,120.256395,22.99141,交通事故,交叉路口,臺南市仁德區太子里太子路段號長興四街,3,晴,40,交岔路,交叉路口,閃光號誌,車與車,未依規定讓車