案件編號,發生日期,GPS經度,GPS緯度,案件類別名稱,地址類型名稱,發生縣市名稱,受傷人數,天候名稱, 速限-第1當事者,道路型態大類別名稱,事故位置大類別名稱,號誌-號誌種類名稱,事故類型及型態大類別名稱,肇因研判子類別名稱-主要
11001ACA91B2763,20210127,120.280584,23.006155,交通事故,交叉路口,臺南市歸仁區大廟里保吉路段號大埔路,2,晴,30,交岔路,交叉路口,行車管制號誌,車與車,左轉彎未依規定
11001ACA91B2788,20210122,120.309837,22.963592,交通事故,其他,臺南市歸仁區段號中山路一段與台86橋下便道口,1,晴,50,交岔路,交叉路口,行車管制號誌,汽(機)車本身,不明原因肇事
11001ACA91B2794,20210119,120.252874,22.952665,交通事故,其他,臺南市仁德區段號德安路與德糖路口,1,晴,50,交岔路,交叉路口,行車管制號誌,車與車,右轉彎未依規定
11001ACA91B2798,20210119,120.251366,22.950514,交通事故,其他,臺南市仁德區段號中正路二段與德南路口,2,晴,50,交岔路,交叉路口,行車管制號誌,車與車,違反號誌管制或指揮
11001ACA91B2799,20210122,120.234544,22.924931,交通事故,一般地址,臺南市仁德區保安里文賢路1段763號,1,雨,50,交岔路,交叉路口,無號誌,車與車,未依規定讓車
11001ACA91B2803,20210108,120.312308,22.98156,交通事故,其他,臺南市關廟區段號關新路一段268號前,1,晴,60,交岔路,交叉路口,無號誌,車與車,不明原因肇事
11001ACA91B2806,20210128,120.308512,22.998826,交通事故,交叉路口,臺南市關廟區埤頭里關新路2段號關新路2128,1,晴,60,交岔路,交叉路口,無號誌,車與車,尚未發現肇事因素
11001ACA91B2808,20210113,120.305827,22.998101,交通事故,其他,臺南市歸仁區段號保東路88巷66號,1,晴,40,單路部分,路段,無號誌,車與車,不明原因肇事
11001ACA91B2825,20210127,120.248065,22.972546,交通事故,交叉路口,臺南市仁德區仁德里中山路段號文德路,1,晴,60,交岔路,交叉路口,行車管制號誌,車與車,未注意車前狀態
11001ACA91B2827,20210128,120.251618,22.971543,交通事故,交叉路口,臺南市仁德區仁德里中山路段號中正路3,1,晴,50,交岔路,交叉路口,行車管制號誌,車與車,違反號誌管制或指揮
11001ACA91B2839,20210128,120.282646,22.973871,交通事故,一般地址,臺南市歸仁區大德路段835號,2,晴,50,單路部分,路段,無號誌,車與車,未注意車前狀態
11001ACA91B2840,20210102,120.27265,22.905029,交通事故,其他,臺南市歸仁區段號台39線與長榮路口,2,晴,60,交岔路,交叉路口,行車管制號誌,車與車,違反特定標誌(線)禁制
11001ACA91B2842,20210128,120.221034,22.939992,交通事故,一般地址,臺南市仁德區成功里二仁路二段段302號0,1,晴,70,單路部分,路段,無號誌,車與車,未保持行車安全距離
11001ACA91B2852,20210109,120.253355,22.963203,交通事故,一般地址,臺南市仁德區仁德里中正路2段801號,2,晴,50,單路部分,路段,無號誌,車與車,左轉彎未依規定
11001ACA91B2865,20210126,120.24032,22.92495,交通事故,一般地址,臺南市仁德區保安里中正路1段352號,1,晴,50,單路部分,其他,無號誌,車與車,迴轉未依規定
11001ACA91B2867,20210128,120.294449,22.966997,交通事故,其他,臺南市歸仁區段號歸仁里歸仁圓環,2,晴,50,圓環廣場,其他,無號誌,車與車,右轉彎未依規定
11001ACA91B2869,20210128,120.286756,22.992839,交通事故,一般地址,臺南市歸仁區媽廟里和順路1段177號,3,晴,50,單路部分,路段,無號誌,汽(機)車本身,尚未發現肇事因素
11001ACA91B2884,20210126,120.233469,22.954497,交通事故,交叉路口,臺南市仁德區成功里文華路2段號保生東路,1,晴,50,交岔路,交叉路口,行車管制號誌,汽(機)車本身,違反號誌管制或指揮
11001ACA91B2887,20210120,120.260277,22.912096,交通事故,一般地址,臺南市仁德區中洲里依仁二街段136號,1,晴,30,單路部分,路段,無號誌,汽(機)車本身,不明原因肇事
11001ACA91B2888,20210116,120.261825,22.991287,交通事故,交叉路口,臺南市仁德區太子里太子路段號太子路190,2,晴,50,交岔路,交叉路口,無號誌,車與車,起步未注意其他車(人)安全
11001ACA91B2889,20210102,120.285755,23.007177,交通事故,其他,臺南市歸仁區段號西埔里台39線機慢車道北往南,1,晴,50,單路部分,路段,無號誌,汽(機)車本身,不明原因肇事
11001ACA91B2903,20210113,120.256016,22.971005,交通事故,其他,臺南市仁德區段號中山路與中清路口,2,晴,60,交岔路,交叉路口,行車管制號誌,車與車,未保持行車安全距離
11001ACA91B2925,20210114,120.277354,22.943611,交通事故,其他,臺南市歸仁區段號中正南路二段與台39線口,1,晴,50,交岔路,交叉路口,行車管制號誌,車與車,違反特定標誌(線)禁制
11001ACA91B2930,20210126,120.253454,22.962898,交通事故,其他,臺南市仁德區段號中正路二段793號,1,晴,50,單路部分,路段,無號誌,車與車,未注意車前狀態
11001ACA91B2944,20210118,120.275467,22.994861,交通事故,其他,臺南市歸仁區段號大廟一街與大廟一街123巷口,3,晴,50,交岔路,交叉路口,無號誌,車與車,未保持行車安全距離
11001ACA91B2953,20210129,120.313529,22.962968,交通事故,交叉路口,臺南市歸仁區中山路一段段號民族南街,1,晴,50,單路部分,路段,行車管制號誌,車與車,未依規定讓車
11001ACA91B2988,20210126,120.293961,22.995459,交通事故,其他,臺南市歸仁區段號中正北路三段249號,2,晴,50,單路部分,路段,無號誌,車與車,未依規定讓車
11001ACA91B3002,20210109,120.259372,22.991252,交通事故,交叉路口,臺南市仁德區太子里太子路段號太興路,1,晴,50,交岔路,交叉路口,行車管制號誌,車與車,左轉彎未依規定
11001ACA91B3011,20210109,120.278842,22.98487,交通事故,一般地址,臺南市歸仁區七甲里南丁路段468號,1,晴,50,交岔路,交叉路口,行車管制號誌,車與車,違反號誌管制或指揮
11001ACA91B3020,20210110,120.295984,22.974433,交通事故,交叉路口,臺南市歸仁區八甲里中正北路1段號忠孝北路,1,晴,50,交岔路,交叉路口,行車管制號誌,車與車,未注意車前狀態
11001ACA91B3023,20210129,120.253265,22.950242,交通事故,交叉路口,臺南市仁德區後壁里德善一街段號德善路139,1,晴,30,交岔路,交叉路口,無號誌,車與車,未依規定讓車
11001ACA91B3059,20210114,120.27896,22.97177,交通事故,其他,臺南市歸仁區段號民生二街132-1號,1,晴,50,單路部分,路段,無號誌,車與車,橫越道路不慎
11001ACA91B3060,20210126,120.284991,22.926591,交通事故,其他,臺南市歸仁區段號歸仁大道與歸仁十路,1,晴,50,交岔路,交叉路口,行車管制號誌,車與車,未依規定讓車
11001ACA91B3068,20210130,120.254726,22.949886,交通事故,交叉路口,臺南市仁德區德安路段號德善二街,2,晴,30,交岔路,交叉路口,閃光號誌,車與車,未依規定讓車
11001ACA91B3093,20210129,120.227584,22.957487,交通事故,其他,臺南市仁德區段號崇德路與保生路,1,晴,50,交岔路,交叉路口,行車管制號誌,車與車,違反號誌管制或指揮
11001ACA91B3113,20210120,120.272215,22.991856,交通事故,交叉路口,臺南市仁德區太子路段號太子路8,1,晴,50,交岔路,交叉路口,行車管制號誌,車與車,左轉彎未依規定
11001ACA91B3124,20210103,120.251216,22.948718,交通事故,一般地址,臺南市仁德區中正路二段段209號0,1,晴,50,單路部分,路段,無號誌,人與汽(機)車,未依規定行走行人穿越道、地下道、天橋而穿越道路
11001ACA91B3174,20210105,120.328225,22.961769,交通事故,其他,臺南市關廟區段號南雄路二段與市場北街口,1,晴,50,交岔路,交叉路口,無號誌,人與汽(機)車,其他引起事故之疏失或行為
11001ACA91B3208,20210131,120.292843,22.97337,交通事故,交叉路口,臺南市歸仁區八甲里大德路段號民族北街237,1,晴,50,交岔路,交叉路口,無號誌,車與車,迴轉未依規定
11001ACA91B3212,20210129,120.287027,22.922711,交通事故,交叉路口,臺南市歸仁區沙崙里歸仁大道段號歸仁十二路,1,晴,50,交岔路,交叉路口,行車管制號誌,車與車,未保持行車安全間隔
11001ACA91B3223,20210125,120.276435,22.997831,交通事故,其他,臺南市歸仁區段號保大路三段245號前,2,晴,50,單路部分,路段,無號誌,車與車,橫越道路不慎
11001ACA91B3233,20210131,120.290295,22.97352,交通事故,交叉路口,臺南市歸仁區八甲里大德路段號大德路502,1,晴,30,交岔路,交叉路口,閃光號誌,車與車,未依規定讓車
11001ACA91B3249,20210107,120.277562,22.945227,交通事故,其他,臺南市歸仁區段號中正南路一段1209號附近,1,晴,50,單路部分,路段,無號誌,汽(機)車本身,未注意車前狀態
11001ACA91B3267,20210131,120.285338,22.967159,交通事故,一般地址,臺南市歸仁區中山七街段1141號,2,晴,30,單路部分,路段,無號誌,車與車,未靠右行駛
11001ACA91B3306,20210131,120.346661,22.967521,交通事故,一般地址,臺南市關廟區花園里中正路段278號,2,晴,50,單路部分,路段,無號誌,車與車,變換車道或方向不當
11001ACA91B3307,20210131,120.289787,22.972501,交通事故,交叉路口,臺南市歸仁區文化北街段號文化北二街,1,晴,50,交岔路,交叉路口,無號誌,車與車,未依規定讓車
11001ACA91B3312,20210123,120.234498,22.924736,交通事故,一般地址,臺南市仁德區文賢路1段836-1號,2,晴,50,交岔路,路段,無號誌,車與車,起步未注意其他車(人)安全
11001ACA91B3318,20210117,120.294524,22.969766,交通事故,一般地址,臺南市歸仁區文化街二段段7號,2,晴,50,單路部分,路段,無號誌,車與車,其他引起事故之違規或不當行為
11001ACA91B3319,20210113,120.279302,22.980957,交通事故,其他,臺南市歸仁區段號南丁路與南丁路271巷口,1,晴,50,交岔路,交叉路口,無號誌,車與車,未注意車前狀態
11001ACA91B3328,20210128,120.267406,22.958141,交通事故,交叉路口,臺南市仁德區新田路段號新田二街116,1,晴,50,交岔路,交叉路口,無號誌,車與車,未注意車前狀態
11001ACA91B3352,20210130,120.24654,22.952891,交通事故,其他,臺南市仁德區段號德洋路126之1號旁,2,晴,50,單路部分,路段,無號誌,車與車,不明原因肇事
11001ACA91B3364,20210131,120.281135,22.96838,交通事故,一般地址,臺南市歸仁區中山路三段段290號,1,晴,60,交岔路,交叉路口,行車管制號誌,車與車,未保持行車安全距離
11001ACA91B3366,20210131,120.247566,22.952435,交通事故,一般地址,臺南市仁德區德洋路段92號,1,晴,50,單路部分,路段,無號誌,汽(機)車本身,未保持行車安全距離
11001ACA91B3374,20210120,120.258416,22.984908,交通事故,其他,臺南市仁德區段號中正路三段459號東典實業有限公司(資源回收場),1,晴,50,單路部分,路段,無號誌,車與車,未依規定讓車
11001ACA91B3375,20210110,120.228757,22.919019,交通事故,一般地址,臺南市仁德區保安里中正路1段64號,1,晴,50,單路部分,路段,閃光號誌,車與車,不明原因肇事
11001ACA91B3383,20210120,120.391798,22.948045,交通事故,其他,臺南市龍崎區段號182線東向27.7K,1,晴,50,單路部分,路段,無號誌,汽(機)車本身,不明原因肇事
11001ACA91B3391,20210123,120.327145,22.961978,交通事故,其他,臺南市關廟區段號忠孝街85號前,1,晴,50,交岔路,路段,無號誌,汽(機)車本身,未依規定減速
11001ACA91B3394,20210122,120.261449,22.942123,交通事故,一般地址,臺南市仁德區上崙里德崙路段442號0,1,雨,50,交岔路,交叉路口,無號誌,車與車,未注意車前狀態
11001ACA91B3405,20210113,120.273405,22.976917,交通事故,其他,臺南市歸仁區段號台39線北上機慢車道,1,晴,60,單路部分,路段,無號誌,車與車,不明原因肇事
11001ACA91B3406,20210113,120.278022,22.946971,交通事故,其他,臺南市歸仁區段號中正南路一段與民權南路口,2,晴,50,交岔路,交叉路口,行車管制號誌,車與車,不明原因肇事
11001ACA91B3425,20210126,120.290514,22.994239,交通事故,其他,臺南市歸仁區段號和順路一段112巷與和順路一段122巷39弄口,1,晴,50,交岔路,交叉路口,無號誌,車與車,未注意車前狀態
11001ACA91B3435,20210126,120.417204,22.945206,交通事故,其他,臺南市龍崎區段號182線西向26K處(龍湖宮前),1,晴,50,單路部分,路段,無號誌,汽(機)車本身,違反特定標誌(線)禁制
11001ACA91B3437,20210131,120.220938,22.93582,交通事故,其他,臺南市仁德區段號台1線南下車道奇美博物館對面,1,晴,70,單路部分,路段,行車管制號誌,車與車,未注意車前狀態
11001ACA91B3442,20210131,120.250366,22.950769,交通事故,其他,臺南市仁德區段號德洋路與德糖路口,2,晴,50,交岔路,路段,行車管制號誌,車與車,未依規定讓車
11001ACA91B3463,20210107,120.294198,22.966225,交通事故,交叉路口,臺南市歸仁區中正南路一段段號中正二街,1,晴,50,交岔路,交叉路口,閃光號誌,車與車,左轉彎未依規定
11001ACA91B3465,20210127,120.254355,22.977663,交通事故,其他,臺南市仁德區段號中正路3段209號前,1,晴,50,單路部分,路段,無號誌,車與車,尚未發現肇事因素
11001ACA91B3471,20210111,120.293863,22.980469,交通事故,一般地址,臺南市歸仁區中正北路2段42號,1,晴,50,單路部分,路段,無號誌,汽(機)車本身,不明原因肇事
11001ACA91B3475,20210113,120.277758,22.9311,交通事故,其他,臺南市歸仁區段號中正南路二段與台86路口,2,晴,50,交岔路,交叉路口,行車管制號誌,車與車,未依規定讓車
11001ACA91B3481,20210116,120.249403,22.990979,交通事故,交叉路口,臺南市仁德區太子里太子路段號復興路130,1,晴,50,交岔路,交叉路口,行車管制號誌,車與車,左轉彎未依規定
11001ACA91B3493,20210130,120.318682,22.975174,交通事故,其他,臺南市關廟區段號關新路與台86口,2,晴,50,交岔路,交叉路口,行車管制號誌,車與車,違反特定標誌(線)禁制
11001ACA91B3498,20210107,120.290226,22.967149,交通事故,交叉路口,臺南市歸仁區中山路2段號大吉街,2,晴,50,交岔路,交叉路口,行車管制號誌(附設行人專用號誌),車與車,未依規定讓車
11001ACA91B3523,20210115,120.257153,22.968573,交通事故,一般地址,臺南市仁德區仁義里仁義路段137號,3,晴,50,單路部分,路段,無號誌,車與車,倒車未依規定
11001ACA91B3525,20210116,120.262576,22.96919,交通事故,一般地址,臺南市仁德區仁義里義林六街段33號,1,晴,50,單路部分,路段,無號誌,車與車,蛇行、方向不定
11001ACA91B3534,20210128,120.274066,22.991926,交通事故,交叉路口,臺南市歸仁區大廟里和順路2段號大廟一街,2,晴,50,交岔路,交叉路口,行車管制號誌,車與車,違反特定標誌(線)禁制
11001ACA91B3536,20210126,120.227603,22.938818,交通事故,交叉路口,臺南市仁德區成功里文賢路1段號文華路2,2,晴,50,交岔路,交叉路口,行車管制號誌,車與車,違反特定標誌(線)禁制
11001ACA91B3542,20210107,120.221073,22.937217,交通事故,其他,臺南市仁德區段號二仁路二段與文華路二段口,2,晴,50,交岔路,交叉路口,行車管制號誌,車與車,未保持行車安全距離
11001ACA91B3543,20210114,120.271435,22.969185,交通事故,其他,臺南市仁德區段號中山路與中山十二街口,1,晴,50,交岔路,交叉路口,無號誌,車與車,未注意車前狀態
11001ACA91B3544,20210110,120.250513,22.907568,交通事故,其他,臺南市仁德區段號中洲600號前,2,晴,50,交岔路,交叉路口,無號誌,車與車,左轉彎未依規定
11001ACA91B3546,20210113,120.279313,22.986865,交通事故,其他,臺南市歸仁區段號南潭街21號,1,晴,40,單路部分,路段,無號誌,車與車,不明原因肇事
11001ACA91B3548,20210104,120.253611,22.971477,交通事故,一般地址,臺南市仁德區中山路段520號0,1,晴,50,交岔路,交叉路口,行車管制號誌,車與車,不明原因肇事
11001ACA91B3561,20210113,120.221969,22.943192,交通事故,其他,臺南市仁德區段號文賢路一段66號,4,晴,50,單路部分,路段,無號誌,汽(機)車本身,不明原因肇事
11001ACA91B3568,20210113,120.331651,22.954806,交通事故,其他,臺南市關廟區段號南雄路一段與東安街156巷口,1,晴,50,交岔路,交叉路口,無號誌,車與車,未依規定讓車
11001ACA91B3570,20210114,120.294035,22.996083,交通事故,其他,臺南市歸仁區段號中正北路三段與保大路口,1,晴,50,交岔路,交叉路口,行車管制號誌,車與車,違反號誌管制或指揮
11001ACA91B3571,20210105,120.253474,22.963395,交通事故,交叉路口,臺南市仁德區中正路二段段號仁義五街,1,晴,50,交岔路,交叉路口,行車管制號誌,車與車,違反號誌管制或指揮
11001ACA91B3572,20210117,120.422677,22.939079,交通事故,其他,臺南市龍崎區段號182縣道27.8公里,2,晴,50,單路部分,路段,無號誌,車與車,未保持行車安全距離
11001ACA91B3573,20210117,120.422972,22.936941,交通事故,其他,臺南市龍崎區段號182縣道28公里,1,晴,50,單路部分,路段,無號誌,汽(機)車本身,超速失控
11001ACA91B3580,20210104,120.251442,22.968395,交通事故,一般地址,臺南市仁德區仁德三街段38號0,1,晴,30,交岔路,交叉路口,無號誌,車與車,不明原因肇事
11001ACA91B3625,20210122,120.286602,22.988768,交通事故,一般地址,臺南市歸仁區七甲里中正北路2段501號,1,晴,30,交岔路,交叉路口,無號誌,車與車,未依規定讓車
11001ACA91B3656,20210127,120.33131,22.957712,交通事故,交叉路口,臺南市關廟區香洋里民權街段號東安街,1,晴,50,交岔路,交叉路口,閃光號誌,車與車,未依規定讓車
11001ACA91B3661,20210130,120.293847,22.980518,交通事故,一般地址,臺南市歸仁區七甲里中正北路2段60號0,2,晴,50,單路部分,路段,無號誌,汽(機)車本身,未注意車前狀態
11001ACA91B3665,20210121,120.291961,22.965216,交通事故,交叉路口,臺南市歸仁區辜厝里大順街段號民族南街,3,晴,50,交岔路,交叉路口,閃光號誌,車與車,未依規定讓車
11001ACA91B3685,20210117,120.271095,22.913532,交通事故,一般地址,臺南市歸仁區中正南路3段203號,1,晴,50,單路部分,路段,無號誌,車與車,未保持行車安全距離
11001ACA91B3689,20210108,120.267883,22.99155,交通事故,一般地址,臺南市仁德區太子路段93號,1,晴,50,交岔路,交叉路口,閃光號誌,汽(機)車本身,尚未發現肇事因素
11001ACA91B3690,20210126,120.235913,22.923219,交通事故,其他,臺南市仁德區段號文賢路一段851號前,1,晴,50,單路部分,路段,無號誌,車與車,起步未注意其他車(人)安全
11001ACA91B3694,20210112,120.325401,22.961055,交通事故,交叉路口,臺南市關廟區正義街段號文衡路23,2,晴,50,交岔路,交叉路口,無號誌,車與車,未保持行車安全距離
11001ACA91B3705,20210116,120.268431,22.993339,交通事故,一般地址,臺南市仁德區太子里太子路段869號,1,晴,30,交岔路,交叉路口,無號誌,車與車,未依規定讓車
11001ACA91B3772,20210123,120.289573,22.91912,交通事故,交叉路口,臺南市歸仁區歸仁大道段號大武路1,1,晴,50,交岔路,交叉路口,行車管制號誌,車與車,違反號誌管制或指揮
11001ACA91B3821,20210122,120.312935,22.962755,交通事故,一般地址,臺南市歸仁區中山路一段段50號,2,晴,50,交岔路,路段,行車管制號誌,車與車,不明原因肇事
11001ACA91B3831,20210111,120.251869,22.972257,交通事故,一般地址,臺南市仁德區中正路三段段5號0,3,晴,50,交岔路,交叉路口,無號誌,車與車,橫越道路不慎
11001ACA91B3839,20210118,120.288572,22.960952,交通事故,一般地址,臺南市歸仁區中正南路一段段393號,1,晴,50,交岔路,交叉路口,無號誌,人與汽(機)車,穿越道路未注意左右來車
11001ACA91B3845,20210112,120.224271,22.923229,交通事故,一般地址,臺南市仁德區保安路1段3號,1,晴,50,單路部分,路段,無號誌,車與車,倒車未依規定
11001ACA91B3846,20210119,120.259551,22.991216,交通事故,一般地址,臺南市仁德區太子路段477號,1,晴,50,單路部分,路段,無號誌,車與車,未注意車前狀態
11001ACA91B3854,20210112,120.221477,22.927218,交通事故,交叉路口,臺南市仁德區二仁路一段段號二仁路一段1419,1,晴,30,交岔路,路段,無號誌,車與車,未依規定讓車
11001ACA91B3855,20210129,120.296634,22.958531,交通事故,交叉路口,臺南市歸仁區崙頂街段號崙頂街17,1,晴,50,交岔路,路段,無號誌,車與車,迴轉未依規定
11001ACA91B3856,20210104,120.295662,22.972915,交通事故,交叉路口,臺南市歸仁區中正北路段號大德路,2,晴,50,交岔路,交叉路口,行車管制號誌,車與車,不明原因肇事
11001ACA91B3870,20210131,120.245612,22.973295,交通事故,其他,臺南市仁德區段號中山路與高速一街口,3,晴,50,交岔路,交叉路口,行車管制號誌,車與車,尚未發現肇事因素
11001ACA91B3885,20210122,120.235101,22.919745,交通事故,其他,臺南市仁德區段號保學路19號前,1,晴,50,單路部分,路段,無號誌,車與車,左轉彎未依規定
11001ACA91B3886,20210122,120.282172,22.975449,交通事故,其他,臺南市歸仁區段號南丁路78巷口,2,晴,50,交岔路,交叉路口,閃光號誌,車與車,左轉彎未依規定
11001ACA91B3896,20210113,120.290274,22.976522,交通事故,其他,臺南市歸仁區段號中正北路一段395巷102號旁,2,晴,50,交岔路,交叉路口,無號誌,車與車,未依規定讓車
11001ACA91B3898,20210109,120.224843,22.921432,交通事故,一般地址,臺南市仁德區二仁路一段段74號,2,晴,50,單路部分,路段,無號誌,車與車,不明原因肇事
11001ACA91B3909,20210112,120.322244,22.973259,交通事故,一般地址,臺南市關廟區南雄路2段882號,1,晴,50,單路部分,路段,無號誌,車與車,違反特定標誌(線)禁制
11001ACA91B3911,20210112,120.282573,22.968992,交通事故,交叉路口,臺南市歸仁區中山路3段230號民生一街,1,晴,50,交岔路,交叉路口,無號誌,車與車,未依規定讓車
11001ACA91B3912,20210129,120.294496,22.978561,交通事故,其他,臺南市歸仁區段號中正北路一段與中正北路一段525巷口,2,晴,30,交岔路,交叉路口,閃光號誌,車與車,未依規定讓車
11001ACA91B3913,20210118,120.293588,22.993328,交通事故,交叉路口,臺南市歸仁區中正北路3段號保順路2,1,晴,50,交岔路,交叉路口,行車管制號誌,車與車,左轉彎未依規定
11001ACA91B3916,20210111,120.300801,22.967981,交通事故,一般地址,臺南市歸仁區仁愛北街段80號0,3,晴,30,交岔路,交叉路口,無號誌,人與汽(機)車,不明原因肇事
11001ACA91B3922,20210126,120.300638,22.959546,交通事故,交叉路口,臺南市歸仁區成功路1段號成功五街,3,晴,50,交岔路,交叉路口,閃光號誌,車與車,未依規定讓車
11001ACA91B3949,20210106,120.25057,22.991118,交通事故,交叉路口,臺南市仁德區太子四街段號太子路,2,晴,50,交岔路,交叉路口,行車管制號誌,車與車,違反號誌管制或指揮
11001ACA91B3952,20210114,120.217052,22.960437,交通事故,其他,臺南市仁德區段號大同路三段與保仁路口,1,晴,60,交岔路,交叉路口,行車管制號誌,車與車,右轉彎未依規定
11001ACA91B3953,20210110,120.308699,22.992937,交通事故,其他,臺南市關廟區段號關新路一段727號前,1,晴,60,單路部分,路段,無號誌,人與汽(機)車,穿越道路未注意左右來車
11001ACA91B3955,20210107,120.235466,22.919569,交通事故,其他,臺南市仁德區段號保學路與保學一街口,2,晴,50,交岔路,交叉路口,無號誌,車與車,未依規定讓車
11001ACA91B3962,20210121,120.257223,22.991556,交通事故,其他,臺南市仁德區段號太子路與太子三街口,1,晴,50,交岔路,交叉路口,無號誌,車與車,未注意車前狀態
11001ACA91B3968,20210123,120.305826,22.952149,交通事故,其他,臺南市歸仁區段號成功路一段27巷60弄250號旁,1,晴,50,單路部分,路段,無號誌,車與車,未依規定讓車
11001ACA91B3970,20210118,120.327544,22.9574,交通事故,一般地址,臺南市關廟區大富街段195號0,1,晴,30,交岔路,交叉路口,無號誌,車與車,未依規定讓車
11001ACA91B3971,20210129,120.335299,22.95291,交通事故,交叉路口,臺南市關廟區東德街段號東昌街,1,晴,50,交岔路,交叉路口,無號誌,車與車,未依規定讓車
11001ACA91B3972,20210118,120.254854,22.958764,交通事故,一般地址,臺南市仁德區勝利路段70號,1,晴,50,單路部分,路段,無號誌,車與車,未保持行車安全距離
11001ACA91B3973,20210129,120.243892,22.973725,交通事故,交叉路口,臺南市仁德區中山路段號文華路3,1,晴,50,交岔路,交叉路口,行車管制號誌,車與車,右轉彎未依規定
11001ACA91B3991,20210129,120.25138,22.947969,交通事故,一般地址,臺南市仁德區中正路二段段190號0,1,晴,30,交岔路,交叉路口,無號誌,車與車,不明原因肇事
11001ACA91B3992,20210104,120.251628,22.971667,交通事故,交叉路口,臺南市仁德區中山路段號中正路,1,晴,50,交岔路,交叉路口,行車管制號誌,車與車,不明原因肇事
11001ACA91B3995,20210129,120.391476,22.948418,交通事故,其他,臺南市龍崎區段號182線五間公車站,1,晴,50,交岔路,路段,無號誌,汽(機)車本身,超速失控
11001ACA91B3996,20210125,120.270893,22.969425,交通事故,其他,臺南市仁德區段號中山路與中山路10巷口,2,晴,50,交岔路,路段,行車管制號誌,車與車,未保持行車安全距離
11001ACA91B4000,20210129,120.328312,22.961813,交通事故,其他,臺南市關廟區段號南雄路二段96號前,1,晴,50,單路部分,路段,無號誌,車與車,起步未注意其他車(人)安全
11001ACA91B4002,20210101,120.23495,22.921294,交通事故,其他,臺南市仁德區段號中正路一段185-4號前,1,晴,60,單路部分,路段,無號誌,人與汽(機)車,未注意車前狀態
11001ACA91B4003,20210104,120.249596,22.922652,交通事故,其他,臺南市仁德區段號民生路15-1號前,1,晴,50,單路部分,路段,無號誌,車與車,起步未注意其他車(人)安全
11001ACA91B4004,20210131,120.328847,22.959538,交通事故,其他,臺南市關廟區段號中山路與和平路口,1,晴,50,交岔路,交叉路口,行車管制號誌,車與車,左轉彎未依規定
11001ACA91B4005,20210128,120.285472,22.969028,交通事故,其他,臺南市歸仁區段號民權八街83號前,2,晴,40,交岔路,交叉路口,無號誌,車與車,未依規定讓車
11001ACA91B4006,20210120,120.247453,22.935876,交通事故,其他,臺南市仁德區段號中正路一段616號前,1,晴,60,單路部分,路段,無號誌,車與車,迴轉未依規定
11001ACA91B4009,20210110,120.27854,22.926578,交通事故,交叉路口,臺南市歸仁區歸仁八路段號高鐵十路,1,晴,50,交岔路,交叉路口,閃光號誌,車與車,不明原因肇事
11001ACA91B4010,20210106,120.228018,22.919221,交通事故,一般地址,臺南市仁德區中正路一段段53號0,1,晴,50,單路部分,路段,行車管制號誌,車與車,不明原因肇事
11001ACA91B4015,20210129,120.29228,22.966996,交通事故,交叉路口,臺南市歸仁區中山路段號民族北街,1,晴,50,交岔路,交叉路口,行車管制號誌,車與車,不明原因肇事
11001ACA91B4016,20210128,120.235049,22.920855,交通事故,其他,臺南市仁德區段號中正路一段168號前,2,晴,60,交岔路,交叉路口,無號誌,車與車,左轉彎未依規定
11001ACA91B4017,20210127,120.278168,22.947907,交通事故,其他,臺南市歸仁區段號中正南路一段與民權南路口,1,晴,60,交岔路,交叉路口,行車管制號誌,車與車,左轉彎未依規定
11001ACA91B4018,20210126,120.292339,22.966093,交通事故,其他,臺南市歸仁區段號民族南街與中正六街口,2,晴,50,交岔路,交叉路口,無號誌,車與車,左轉彎未依規定
11001ACA91B4019,20210107,120.235466,22.919569,交通事故,其他,臺南市仁德區段號保學路與保學一街口,1,晴,50,單路部分,路段,無號誌,車與車,未注意車前狀態
11001ACA91B4021,20210130,120.285776,22.96784,交通事故,一般地址,臺南市歸仁區中山路三段段98號0,1,晴,50,交岔路,交叉路口,無號誌,車與車,不明原因肇事
11001ACA91B4023,20210117,120.270789,22.912773,交通事故,一般地址,臺南市歸仁區中正南路3段193號0,1,晴,50,單路部分,路段,無號誌,車與車,不明原因肇事
11001ACA91B4036,20210116,120.22434,22.922421,交通事故,一般地址,臺南市仁德區二仁路1段120號0,1,晴,50,單路部分,路段,無號誌,車與車,不明原因肇事
11001ACA91B4037,20210106,120.223969,22.922224,交通事故,一般地址,臺南市仁德區二仁路一段段235號0,1,陰,50,單路部分,路段,無號誌,車與車,不明原因肇事
11001ACA91B4038,20210112,120.229165,22.919079,交通事故,一般地址,臺南市仁德區中正路一段段78號0,1,晴,50,單路部分,路段,行車管制號誌,車與車,不明原因肇事
11001ACA91B4040,20210129,120.318048,22.975588,交通事故,一般地址,臺南市關廟區關新路1段10號0,1,晴,5,單路部分,路段,無號誌,車與車,不明原因肇事
11001ACA91B4041,20210106,120.292021,22.929601,交通事故,交叉路口,臺南市歸仁區高發三路段號歸仁七路,1,陰,50,交岔路,交叉路口,閃光號誌,車與車,不明原因肇事
11001ACAP1B2757,20210118,120.262221,22.991438,交通事故,一般地址,臺南市仁德區太子里太子路段178號,1,晴,50,單路部分,路段,無號誌,汽(機)車本身,未注意車前狀態
11001ACAY1B0626,20210109,120.217247,22.956691,交通事故,其他,臺南市仁德區段號大同路三段228號,1,晴,60,單路部分,路段,無號誌,車與車,未注意車前狀態
11001ACAY1B0701,20210101,120.237182,22.921543,交通事故,其他,臺南市仁德區段號文賢路二段與文賢路二段36巷口,2,晴,40,交岔路,交叉路口,無號誌,車與車,起步未注意其他車(人)安全
11001ACAY1B0703,20210110,120.230702,22.930749,交通事故,其他,臺南市仁德區段號文賢路一段576號,1,晴,40,單路部分,路段,無號誌,車與車,開啟車門不當而肇事