案件編號,發生日期,GPS經度,GPS緯度,案件類別名稱,地址類型名稱,發生縣市名稱,受傷人數,天候名稱, 速限-第1當事者,道路型態大類別名稱,事故位置大類別名稱,號誌-號誌種類名稱,事故類型及型態大類別名稱,肇因研判子類別名稱-主要
11001ACAY1B2196,20210118,120.22843,22.929724,交通事故,其他,臺南市仁德區段號保安路一段59-9號,1,晴,40,單路部分,路段,無號誌,汽(機)車本身,尚未發現肇事因素
11001ACAY1B3858,20210131,120.21942,22.947205,交通事故,其他,臺南市仁德區段號大同路三段755號對面,2,晴,40,單路部分,路段,行車管制號誌,車與車,未注意車前狀態
11001ACAZ1B3887,20210126,120.296085,22.974363,交通事故,其他,臺南市歸仁區段號忠孝北路與大光街口,1,晴,50,交岔路,交叉路口,行車管制號誌,車與車,其他引起事故之違規或不當行為
11001ACB91B0002,20210101,120.261767,23.04589,交通事故,其他,臺南市永康區段號中正北路與龍橋街口旁,1,晴,50,單路部分,路段,無號誌,汽(機)車本身,未注意車前狀態
11001ACB91B0006,20210101,120.256834,23.002491,交通事故,交叉路口,臺南市永康區國光二街段號大仁街,2,晴,30,交岔路,交叉路口,閃光號誌,車與車,未依規定讓車
11001ACB91B0011,20210101,120.204719,22.996198,交通事故,其他,臺南市永康區段號永大路二段與民族路口,1,晴,50,交岔路,交叉路口,行車管制號誌,車與車,不明原因肇事
11001ACB91B0016,20210101,120.251841,22.998469,交通事故,其他,臺南市永康區段號崑大路205號前,2,晴,50,交岔路,交叉路口,行車管制號誌(附設行人專用號誌),車與車,違反號誌管制或指揮
11001ACB91B0018,20210101,120.266596,23.010623,交通事故,一般地址,臺南市永康區北灣里大同街段167號0,1,晴,50,單路部分,路段,無號誌,車與車,未注意車前狀態
11001ACB91B0028,20210101,120.251518,23.030862,交通事故,交叉路口,臺南市永康區中正路段號正強街,1,晴,50,交岔路,交叉路口,行車管制號誌(附設行人專用號誌),車與車,違反號誌管制或指揮
11001ACB91B0041,20210101,120.259093,23.051075,交通事故,一般地址,臺南市永康區正北一路段號,1,晴,50,單路部分,路段,無號誌,車與車,未注意車前狀態
11001ACB91B0049,20210101,120.247628,23.04198,交通事故,其他,臺南市永康區段號中正北路319號前,2,晴,50,交岔路,交叉路口,行車管制號誌,車與車,變換車道或方向不當
11001ACB91B0050,20210101,120.237412,23.037497,交通事故,交叉路口,臺南市永康區中正六街段號正南五街410,3,晴,40,交岔路,交叉路口,閃光號誌,車與車,未依規定讓車
11001ACB91B0059,20210102,120.263259,23.00206,交通事故,交叉路口,臺南市永康區立興街段號大灣一街,2,晴,50,交岔路,交叉路口,閃光號誌,車與車,未依規定讓車
11001ACB91B0060,20210102,120.269398,23.005181,交通事故,其他,臺南市永康區段號民族路273巷2號前,1,晴,30,交岔路,交叉路口,無號誌,人與汽(機)車,其他引起事故之違規或不當行為
11001ACB91B0063,20210102,120.230793,23.013513,交通事故,交叉路口,臺南市永康區中山南路段號中華路,2,晴,50,交岔路,交叉路口,行車管制號誌,車與車,逆向行駛
11001ACB91B0065,20210102,120.237479,23.004417,交通事故,一般地址,臺南市永康區中華一路段62號,1,晴,50,單路部分,路段,無號誌,車與車,其他引起事故之違規或不當行為
11001ACB91B0069,20210102,120.258349,23.018055,交通事故,交叉路口,臺南市永康區永康里永大二路段號永吉路,1,晴,50,交岔路,交叉路口,行車管制號誌,車與車,未依規定讓車
11001ACB91B0070,20210102,120.257588,23.004277,交通事故,交叉路口,臺南市永康區大仁街段號國光三街,1,晴,50,交岔路,交叉路口,行車管制號誌,車與車,違反號誌管制或指揮
11001ACB91B0085,20210102,120.244441,23.007308,交通事故,交叉路口,臺南市永康區復華二街段號復華二街312,2,晴,30,交岔路,交叉路口,無號誌,車與車,未依規定讓車
11001ACB91B0090,20210102,120.212637,23.032451,交通事故,其他,臺南市永康區段號甲頂里溪頂寮橋上,1,晴,50,單路部分,路段,無號誌,車與車,其他引起事故之違規或不當行為
11001ACB91B0094,20210102,120.238857,23.00075,交通事故,一般地址,臺南市永康區華興街段51號,2,晴,50,單路部分,路段,行車管制號誌,車與車,未注意車前狀態
11001ACB91B0095,20210102,120.23464,23.017602,交通事故,一般地址,臺南市永康區東橋一路段93號0,1,晴,50,單路部分,路段,無號誌,車與車,其他引起事故之違規或不當行為
11001ACB91B0097,20210102,120.23258,23.013811,交通事故,一般地址,臺南市永康區中山南路段184號,1,晴,50,單路部分,路段,無號誌,汽(機)車本身,未注意車前狀態
11001ACB91B0106,20210102,120.264944,23.019764,交通事故,一般地址,臺南市永康區大同街段74056號,2,晴,30,單路部分,路段,無號誌,車與車,未注意車前狀態
11001ACB91B0110,20210102,120.2626,23.00649,交通事故,交叉路口,臺南市永康區大灣三街段號南灣街138,3,晴,40,交岔路,交叉路口,閃光號誌,車與車,未依規定讓車
11001ACB91B0112,20210102,120.273859,23.029198,交通事故,交叉路口,臺南市永康區富強路2段號富強路2385,2,晴,30,交岔路,交叉路口,無號誌,車與車,未依規定讓車
11001ACB91B0117,20210102,120.24076,23.006199,交通事故,其他,臺南市永康區段號忠孝路168號附近，永康區路燈1183。,1,晴,50,單路部分,路段,無號誌,汽(機)車本身,不明原因肇事
11001ACB91B0127,20210102,120.260299,23.028883,交通事故,其他,臺南市永康區段號永大路三段75號前,1,晴,40,單路部分,路段,無號誌,車與車,未注意車前狀態
11001ACB91B0133,20210102,120.246482,23.010893,交通事故,一般地址,臺南市永康區復國一路段335號,1,晴,50,單路部分,路段,無號誌,車與車,未保持行車安全間隔
11001ACB91B0138,20210103,120.240266,23.033097,交通事故,其他,臺南市永康區段號中正二街與正南五街口,1,晴,50,單路部分,路段,行車管制號誌,車與車,未注意車前狀態
11001ACB91B0146,20210103,120.257107,23.034849,交通事故,一般地址,臺南市永康區龍埔街段460號,1,晴,50,單路部分,路段,無號誌,車與車,未注意車前狀態
11001ACB91B0164,20210103,120.247924,22.998509,交通事故,交叉路口,臺南市永康區復興路段號高速二街,2,晴,50,交岔路,路段,行車管制號誌,車與車,未保持行車安全距離
11001ACB91B0169,20210102,120.226534,23.021712,交通事故,其他,臺南市永康區段號中華路912巷(南台科大後方近鐵路),2,晴,30,單路部分,路段,無號誌,車與車,未注意車前狀態
11001ACB91B0183,20210104,120.242621,22.99868,交通事故,一般地址,臺南市永康區復興里復興路段286號0,1,晴,50,交岔路,交叉路口,行車管制號誌,車與車,違反號誌管制或指揮
11001ACB91B0194,20210104,120.266501,23.033646,交通事故,一般地址,臺南市永康區龍埔街段21號,2,晴,50,單路部分,路段,無號誌,車與車,未依規定讓車
11001ACB91B0197,20210104,120.240265,22.998249,交通事故,其他,臺南市永康區段號復興路393號前,1,晴,50,單路部分,路段,行車管制號誌,車與車,變換車道或方向不當
11001ACB91B0198,20210104,120.239334,23.017824,交通事故,一般地址,臺南市永康區東橋里中山南路段480號0,1,晴,50,交岔路,交叉路口,行車管制號誌,車與車,爭(搶)道行駛
11001ACB91B0214,20210104,120.240025,22.998409,交通事故,交叉路口,臺南市永康區小東路段號復興路,1,晴,50,交岔路,交叉路口,行車管制號誌(附設行人專用號誌),車與車,未保持行車安全距離
11001ACB91B0215,20210101,120.243658,23.035438,交通事故,一般地址,臺南市永康區中正路段694號,1,晴,50,交岔路,交叉路口,行車管制號誌,車與車,未保持行車安全距離
11001ACB91B0219,20210103,120.234779,22.998467,交通事故,交叉路口,臺南市永康區中華路段號小東路,1,晴,50,交岔路,交叉路口,行車管制號誌,車與車,未保持行車安全距離
11001ACB91B0222,20210104,120.235269,23.002416,交通事故,交叉路口,臺南市永康區中華路段號中華路92,1,晴,40,交岔路,交叉路口,行車管制號誌,車與車,未注意車前狀態
11001ACB91B0223,20210104,120.258651,23.026252,交通事故,其他,臺南市永康區段號中山北路與永明街,1,晴,50,交岔路,交叉路口,行車管制號誌,車與車,未依規定讓車
11001ACB91B0226,20210104,120.231951,23.00863,交通事故,一般地址,臺南市永康區中華二路段320號,1,晴,50,單路部分,路段,無號誌,車與車,未注意車前狀態
11001ACB91B0227,20210104,120.245334,23.020548,交通事故,一般地址,臺南市永康區中山南路段363號,1,晴,50,交岔路,交叉路口,行車管制號誌,汽(機)車本身,其他引起事故之違規或不當行為
11001ACB91B0233,20210104,120.254355,23.015361,交通事故,交叉路口,臺南市永康區文化路段242號永大一路,2,晴,40,交岔路,交叉路口,無號誌,車與車,未依規定讓車
11001ACB91B0235,20210104,120.240125,23.005651,交通事故,其他,臺南市永康區段號忠孝路257號前,1,晴,50,單路部分,路段,行車管制號誌,車與車,未保持行車安全間隔
11001ACB91B0240,20210104,120.239391,23.001268,交通事故,交叉路口,臺南市永康區復興路段號高速二街,1,晴,50,單路部分,路段,行車管制號誌,車與車,未保持行車安全距離
11001ACB91B0252,20210104,120.250603,23.015401,交通事故,其他,臺南市永康區段號高速一街與永二街245巷26弄口,1,晴,50,交岔路,交叉路口,行車管制號誌,車與車,違反號誌管制或指揮
11001ACB91B0253,20210104,120.228735,23.011796,交通事故,交叉路口,臺南市永康區新興街段35號新興街3513,1,晴,30,交岔路,交叉路口,無號誌,車與車,迴轉未依規定
11001ACB91B0256,20210104,120.226234,23.025903,交通事故,其他,臺南市永康區段號正南一街、正南一街181巷口,2,晴,50,交岔路,交叉路口,無號誌,車與車,未注意車前狀態
11001ACB91B0266,20210105,120.236163,23.015731,交通事故,交叉路口,臺南市永康區中山南路段號東橋一路,3,晴,30,交岔路,交叉路口,行車管制號誌,車與車,違反號誌管制或指揮
11001ACB91B0267,20210104,120.280389,23.020737,交通事故,交叉路口,臺南市永康區西勢路段號西勢路26,1,晴,50,交岔路,交叉路口,無號誌,車與車,未依規定讓車
11001ACB91B0271,20210105,120.273057,23.035748,交通事故,一般地址,臺南市永康區王行路段254號,1,晴,50,單路部分,路段,無號誌,車與車,變換車道或方向不當
11001ACB91B0273,20210105,120.221713,23.021439,交通事故,一般地址,臺南市永康區尚頂里中華路段992號0,2,晴,50,交岔路,交叉路口,行車管制號誌,車與車,未依規定讓車
11001ACB91B0278,20210105,120.22129,23.021975,交通事故,其他,臺南市永康區段號中華路1002號旁,1,晴,50,單路部分,路段,行車管制號誌,車與車,未注意車前狀態
11001ACB91B0279,20210105,120.26546,23.003148,交通事故,交叉路口,臺南市永康區大灣路段號大灣二街,1,晴,50,交岔路,交叉路口,行車管制號誌,人與汽(機)車,未注意車前狀態
11001ACB91B0280,20210105,120.238989,23.039816,交通事故,交叉路口,臺南市永康區中正路段926號中正路,2,晴,40,交岔路,交叉路口,無號誌,車與車,未依規定讓車
11001ACB91B0286,20210105,120.260117,23.044577,交通事故,一般地址,臺南市永康區中正北路段697號,1,晴,50,單路部分,路段,無號誌,車與車,右轉彎未依規定
11001ACB91B0288,20210105,120.241545,23.015442,交通事故,其他,臺南市永康區段號中山南路316巷內(電桿編號：電桿編號：高幹二村井22左5),1,晴,30,單路部分,路段,無號誌,車與車,未靠右行駛
11001ACB91B0290,20210105,120.22573,23.018767,交通事故,交叉路口,臺南市永康區中華路段號大橋三街,1,晴,50,交岔路,交叉路口,行車管制號誌,車與車,違反號誌管制或指揮
11001ACB91B0292,20210105,120.226364,23.019878,交通事故,交叉路口,臺南市永康區大橋二街段號大橋三街124,1,晴,50,交岔路,交叉路口,無號誌,車與車,未依規定讓車
11001ACB91B0294,20210104,120.247135,23.013696,交通事故,交叉路口,臺南市永康區國華街段號國華街94,1,晴,50,單路部分,路段,無號誌,車與車,未保持行車安全距離
11001ACB91B0296,20210105,120.24878,22.99867,交通事故,一般地址,臺南市永康區復興路段52號,1,晴,50,單路部分,路段,無號誌,汽(機)車本身,未注意車前狀態
11001ACB91B0306,20210105,120.251463,22.998991,交通事故,一般地址,臺南市永康區大灣路段1100-1號,1,晴,50,單路部分,路段,行車管制號誌,車與車,尚未發現肇事因素
11001ACB91B0307,20210105,120.2321,23.037027,交通事故,其他,臺南市永康區段號中正南路633號前,1,晴,50,單路部分,路段,無號誌,車與車,未注意車前狀態
11001ACB91B0314,20210105,120.256894,23.044584,交通事故,其他,臺南市永康區段號蔦松二街150號前,2,晴,50,單路部分,路段,無號誌,車與車,起步未注意其他車(人)安全
11001ACB91B0350,20210105,120.244093,23.017693,交通事故,交叉路口,臺南市永康區忠孝路段380號忠孝路38020,2,晴,30,交岔路,交叉路口,閃光號誌,車與車,未依規定讓車
11001ACB91B0353,20210105,120.236633,23.012843,交通事故,交叉路口,臺南市永康區中山東路段號振興路,1,晴,50,交岔路,交叉路口,行車管制號誌,車與車,逆向行駛
11001ACB91B0356,20210105,120.237821,23.008469,交通事故,交叉路口,臺南市永康區中山東路段號中華二路,1,晴,50,交岔路,交叉路口,行車管制號誌,車與車,右轉彎未依規定
11001ACB91B0357,20210105,120.235415,23.004178,交通事故,交叉路口,臺南市永康區中華路段號中華一路,2,晴,50,單路部分,路段,行車管制號誌(附設行人專用號誌),車與車,變換車道或方向不當
11001ACB91B0358,20210106,120.248706,23.02613,交通事故,一般地址,臺南市永康區東橋里自強路段142號,1,晴,30,交岔路,交叉路口,無號誌,車與車,未依規定讓車
11001ACB91B0361,20210105,120.228529,23.02491,交通事故,一般地址,臺南市永康區正南一街段111號,2,晴,50,單路部分,路段,行車管制號誌,車與車,左轉彎未依規定
11001ACB91B0364,20210106,120.231059,23.004556,交通事故,交叉路口,臺南市永康區中華一路段號勝學路,2,晴,50,交岔路,交叉路口,行車管制號誌,車與車,未依規定讓車
11001ACB91B0366,20210105,120.238877,23.004305,交通事故,一般地址,臺南市永康區中華一路段13號,2,晴,50,單路部分,路段,無號誌,車與車,未注意車前狀態
11001ACB91B0375,20210106,120.254694,22.99803,交通事故,其他,臺南市永康區段號崑大路155巷與崑大路155巷79弄口,1,陰,30,交岔路,交叉路口,無號誌,車與車,未依規定讓車
11001ACB91B0378,20210101,120.273197,23.052415,交通事故,一般地址,臺南市永康區王行路段741號,3,晴,50,單路部分,路段,無號誌,車與車,違反特定標誌(線)禁制
11001ACB91B0379,20210101,120.232894,23.02229,交通事故,一般地址,臺南市永康區東橋十街段96號,1,晴,50,單路部分,路段,無號誌,車與車,未注意車前狀態
11001ACB91B0380,20210102,120.234796,22.998545,交通事故,交叉路口,臺南市永康區中華路段號小東路,2,晴,50,交岔路,交叉路口,行車管制號誌,車與車,未保持行車安全距離
11001ACB91B0381,20210103,120.267316,23.009991,交通事故,一般地址,臺南市永康區大同街段137號,2,晴,50,單路部分,路段,無號誌,汽(機)車本身,不明原因肇事
11001ACB91B0383,20210106,120.270043,23.012071,交通事故,其他,臺南市永康區段號文賢街289號前,2,晴,50,單路部分,路段,無號誌,車與車,橫越道路不慎
11001ACB91B0384,20210103,120.26266,23.009289,交通事故,交叉路口,臺南市永康區永大路2段號民族路,5,晴,50,交岔路,交叉路口,行車管制號誌,車與車,未依規定讓車
11001ACB91B0385,20210106,120.253896,23.042078,交通事故,其他,臺南市永康區段號中正北路405號,1,晴,50,單路部分,路段,無號誌,車與車,變換車道或方向不當
11001ACB91B0386,20210106,120.23688,23.011963,交通事故,交叉路口,臺南市永康區中山東路段號南工街311,2,晴,50,交岔路,交叉路口,閃光號誌,汽(機)車本身,未依規定減速
11001ACB91B0387,20210106,120.248517,22.998503,交通事故,交叉路口,臺南市永康區高速一街段號復興路,2,晴,50,交岔路,交叉路口,行車管制號誌,車與車,未注意車前狀態
11001ACB91B0395,20210106,120.250272,23.022351,交通事故,交叉路口,臺南市永康區高速一街段號中山南路,2,晴,40,交岔路,交叉路口,行車管制號誌(附設行人專用號誌),車與車,未注意車前狀態
11001ACB91B0404,20210106,120.233769,23.00846,交通事故,一般地址,臺南市永康區六合里中華路段351號,1,晴,50,交岔路,交叉路口,行車管制號誌,車與車,未依規定讓車
11001ACB91B0406,20210105,120.22648,23.031092,交通事故,交叉路口,臺南市永康區中正南路段號尚頂路,2,晴,50,交岔路,交叉路口,行車管制號誌,車與車,未依規定讓車
11001ACB91B0411,20210106,120.241584,23.040595,交通事故,交叉路口,臺南市永康區新民街段號新民街77,1,晴,50,交岔路,交叉路口,無號誌,車與車,未注意車前狀態
11001ACB91B0420,20210107,120.250551,23.031092,交通事故,交叉路口,臺南市永康區中正路段號中正路256,2,陰,50,交岔路,交叉路口,行車管制號誌,車與車,左轉彎未依規定
11001ACB91B0428,20210107,120.263666,23.034104,交通事故,一般地址,臺南市永康區龍埔街段147號,1,雨,50,交岔路,交叉路口,無號誌,汽(機)車本身,未注意車前狀態
11001ACB91B0430,20210101,120.242613,22.998504,交通事故,交叉路口,臺南市永康區復興路段號復興路277,1,晴,50,交岔路,交叉路口,行車管制號誌,汽(機)車本身,不明原因肇事
11001ACB91B0432,20210107,120.269827,23.038905,交通事故,其他,臺南市永康區段號育樂街104巷與育樂街104巷200弄口,1,雨,30,交岔路,交叉路口,無號誌,車與車,未依規定讓車
11001ACB91B0434,20210106,120.221745,23.021444,交通事故,其他,臺南市永康區段號中華路與南台街75巷口,2,晴,50,交岔路,交叉路口,行車管制號誌,車與車,未保持行車安全距離
11001ACB91B0440,20210106,120.259481,23.007641,交通事故,交叉路口,臺南市永康區永華路段號國光六街,1,晴,50,交岔路,交叉路口,行車管制號誌,車與車,未注意車前狀態
11001ACB91B0448,20210107,120.234542,23.008539,交通事故,交叉路口,臺南市永康區中華二路段號成功路,1,陰,50,單路部分,路段,行車管制號誌,車與車,左轉彎未依規定
11001ACB91B0465,20210107,120.258289,23.001983,交通事故,其他,臺南市永康區段號國光二街與崑山街,1,晴,30,交岔路,交叉路口,閃光號誌,車與車,未依規定讓車
11001ACB91B0469,20210107,120.236228,23.031038,交通事故,交叉路口,臺南市永康區中正二街段號中正二街285,2,晴,50,交岔路,交叉路口,行車管制號誌,車與車,未依規定讓車
11001ACB91B0470,20210107,120.252084,23.026514,交通事故,交叉路口,臺南市永康區正強街段號正強街122,2,晴,50,交岔路,交叉路口,行車管制號誌,車與車,違反號誌管制或指揮
11001ACB91B0471,20210107,120.25853,23.017392,交通事故,交叉路口,臺南市永康區永大一路段號永吉路,1,晴,50,交岔路,交叉路口,閃光號誌,汽(機)車本身,未依規定減速
11001ACB91B0476,20210107,120.255726,23.03112,交通事故,交叉路口,臺南市永康區自強路段號中山路,2,陰,50,交岔路,交叉路口,行車管制號誌,車與車,違反特定標誌(線)禁制
11001ACB91B0483,20210107,120.232103,23.010915,交通事故,一般地址,臺南市永康區六合路段6846號0,1,晴,50,交岔路,路段,無號誌,汽(機)車本身,未注意車前狀態
11001ACB91B0487,20210107,120.236581,23.022587,交通事故,交叉路口,臺南市永康區東橋七路段號東橋八街,1,晴,50,交岔路,交叉路口,行車管制號誌,汽(機)車本身,未注意車前狀態
11001ACB91B0489,20210107,120.233068,23.019431,交通事故,一般地址,臺南市永康區東橋里東橋一路段268號0,1,晴,50,單路部分,路段,無號誌,車與車,未保持行車安全距離
11001ACB91B0502,20210106,120.2394,23.017885,交通事故,其他,臺南市永康區段號中山南路與東橋七路路口,1,晴,50,交岔路,交叉路口,行車管制號誌,車與車,未注意車前狀態
11001ACB91B0503,20210107,120.242945,23.041713,交通事故,其他,臺南市永康區段號中正北路175-1號前,2,晴,50,交岔路,交叉路口,行車管制號誌,車與車,未注意車前狀態
11001ACB91B0504,20210107,120.226843,23.034853,交通事故,其他,臺南市永康區段號正南二街與國聖街口,1,陰,50,交岔路,交叉路口,閃光號誌,車與車,未依規定減速
11001ACB91B0505,20210107,120.262607,23.018325,交通事故,其他,臺南市永康區段號永大路二段1078號前,1,晴,50,交岔路,交叉路口,行車管制號誌,汽(機)車本身,未注意車前狀態
11001ACB91B0506,20210107,120.271423,23.046112,交通事故,一般地址,臺南市永康區經華路段44214號,1,晴,50,單路部分,路段,無號誌,汽(機)車本身,動物竄出
11001ACB91B0511,20210106,120.2591,23.048537,交通事故,其他,臺南市永康區段號蔦松三街169號前,1,晴,50,單路部分,路段,無號誌,汽(機)車本身,疲勞(患病)駕駛失控
11001ACB91B0515,20210107,120.233561,23.014541,交通事故,一般地址,臺南市永康區大橋里中山南路段193號,2,晴,50,單路部分,路段,無號誌,車與車,違反特定標誌(線)禁制
11001ACB91B0521,20210108,120.227283,23.02377,交通事故,一般地址,臺南市永康區正南一街段10745號,1,晴,30,單路部分,路段,無號誌,車與車,未注意車前狀態
11001ACB91B0526,20210108,120.251581,23.02913,交通事故,交叉路口,臺南市永康區正強街段號正強街215,1,陰,30,交岔路,交叉路口,無號誌,汽(機)車本身,未注意車前狀態
11001ACB91B0531,20210108,120.219432,23.02291,交通事故,交叉路口,臺南市永康區中華路段號南台街154,1,陰,50,交岔路,交叉路口,閃光號誌,汽(機)車本身,未依規定減速
11001ACB91B0535,20210107,120.231128,23.03622,交通事故,一般地址,臺南市永康區?行里中正南路段571號,1,晴,50,單路部分,路段,無號誌,車與車,未保持行車安全距離
11001ACB91B0547,20210108,120.238167,23.019185,交通事故,交叉路口,臺南市永康區東橋二街段號東橋七路,1,陰,50,交岔路,交叉路口,行車管制號誌,車與車,違反號誌管制或指揮
11001ACB91B0550,20210108,120.250554,23.031086,交通事故,交叉路口,臺南市永康區中正路段號中正路256,1,陰,50,交岔路,交叉路口,行車管制號誌,車與車,左轉彎未依規定
11001ACB91B0561,20210107,120.220277,23.02476,交通事故,其他,臺南市永康區段號中正南路210巷3號,1,晴,30,單路部分,路段,無號誌,車與車,未靠右行駛
11001ACB91B0585,20210107,120.224347,23.019766,交通事故,其他,臺南市永康區段號大橋火車站後門,1,晴,30,單路部分,路段,無號誌,車與車,其他引起事故之違規或不當行為
11001ACB91B0586,20210107,120.231077,23.012766,交通事故,其他,臺南市永康區段號中華路575號,1,晴,50,交岔路,路段,無號誌,車與車,右轉彎未依規定
11001ACB91B0591,20210108,120.271805,23.007897,交通事故,交叉路口,臺南市永康區北灣里文賢街段360號文賢街36050,1,晴,30,交岔路,交叉路口,無號誌,汽(機)車本身,未注意車前狀態
11001ACB91B0592,20210108,120.216163,23.020698,交通事故,其他,臺南市永康區段號中正南路55號前,1,晴,50,單路部分,路段,無號誌,車與車,違規超車
11001ACB91B0593,20210108,120.232468,23.010964,交通事故,其他,臺南市永康區段號中華路472號前,1,晴,50,交岔路,路段,行車管制號誌(附設行人專用號誌),車與車,起步未注意其他車(人)安全
11001ACB91B0598,20210109,120.247971,23.023681,交通事故,交叉路口,臺南市永康區中山南路段471號中山南路365,3,陰,30,交岔路,交叉路口,無號誌,車與車,未依規定讓車
11001ACB91B0599,20210108,120.251149,23.036496,交通事故,其他,臺南市永康區段號四維街平交道前,1,晴,15,單路部分,路段,閃光號誌,車與車,未注意車前狀態
11001ACB91B0602,20210109,120.23911,23.044197,交通事故,交叉路口,臺南市永康區三村二街段號仁愛街,1,晴,50,交岔路,交叉路口,行車管制號誌,車與車,未保持行車安全間隔
11001ACB91B0604,20210107,120.233841,23.038181,交通事故,一般地址,臺南市永康區?行里中正南路段626號,1,晴,50,單路部分,路段,無號誌,汽(機)車本身,未注意車前狀態
11001ACB91B0605,20210105,120.218566,23.023808,交通事故,其他,臺南市永康區段號中正南路與無名巷口,1,晴,50,交岔路,交叉路口,行車管制號誌,車與車,右轉彎未依規定
11001ACB91B0612,20210108,120.247671,22.996214,交通事故,其他,臺南市永康區段號復興路71巷，電桿(國村高幹19Q0288EC46),2,晴,30,單路部分,路段,無號誌,車與車,未保持行車安全間隔
11001ACB91B0617,20210109,120.252105,23.015709,交通事故,其他,臺南市永康區段號永二街與文化路口,1,陰,50,交岔路,交叉路口,行車管制號誌,汽(機)車本身,不明原因肇事
11001ACB91B0623,20210109,120.251928,23.027661,交通事故,一般地址,臺南市永康區正強街段163號0,1,晴,50,單路部分,路段,無號誌,車與車,未注意車前狀態
11001ACB91B0628,20210108,120.242346,23.036645,交通事故,一般地址,臺南市永康區中正路段752號,1,陰,50,單路部分,路段,無號誌,車與車,違反特定標誌(線)禁制
11001ACB91B0630,20210104,120.271314,23.0537,交通事故,交叉路口,臺南市永康區中正北路段號王行路,1,晴,50,交岔路,交叉路口,行車管制號誌(附設行人專用號誌),車與車,未保持行車安全距離
11001ACB91B0631,20210109,120.241187,23.04441,交通事故,一般地址,臺南市永康區仁愛街段10823號,1,晴,30,單路部分,路段,無號誌,汽(機)車本身,未注意車前狀態
11001ACB91B0648,20210109,120.224458,23.019519,交通事故,交叉路口,臺南市永康區中華路段號大武街,1,陰,50,交岔路,交叉路口,行車管制號誌,汽(機)車本身,未注意車前狀態
11001ACB91B0659,20210108,120.257302,23.02598,交通事故,其他,臺南市永康區段號中山北路2號,1,晴,50,交岔路,交叉路口,行車管制號誌(附設行人專用號誌),車與車,變換車道或方向不當
11001ACB91B0668,20210106,120.260749,23.02467,交通事故,一般地址,臺南市永康區永明街段142號,2,晴,50,交岔路,交叉路口,行車管制號誌,車與車,未保持行車安全距離
11001ACB91B0671,20210110,120.257309,23.025988,交通事故,交叉路口,臺南市永康區中山南路段號中山路,1,晴,50,交岔路,交叉路口,行車管制號誌,車與車,不明原因肇事
11001ACB91B0674,20210107,120.280185,23.019223,交通事故,交叉路口,臺南市永康區西勢路段13號西勢路19,2,晴,30,交岔路,交叉路口,無號誌,車與車,左轉彎未依規定
11001ACB91B0678,20210110,120.236147,23.015764,交通事故,交叉路口,臺南市永康區中山南路段號東橋一路,1,晴,50,交岔路,其他,行車管制號誌(附設行人專用號誌),人與汽(機)車,未注意車前狀態
11001ACB91B0682,20210104,120.25343,23.040342,交通事故,交叉路口,臺南市永康區蔦松二街段號蔦松二街124,2,晴,50,交岔路,交叉路口,無號誌,車與車,起步未注意其他車(人)安全
11001ACB91B0684,20210107,120.255976,23.030854,交通事故,一般地址,臺南市永康區中山路段202號,2,晴,50,單路部分,路段,無號誌,車與車,違反特定標誌(線)禁制
11001ACB91B0688,20210109,120.22161,23.021344,交通事故,交叉路口,臺南市永康區中華路段號甲頂路,1,晴,50,交岔路,交叉路口,行車管制號誌,車與車,違反號誌管制或指揮
11001ACB91B0691,20210108,120.231419,23.012573,交通事故,其他,臺南市永康區段號中華路536號前,2,陰,50,單路部分,路段,無號誌,車與車,未保持行車安全距離
11001ACB91B0708,20210102,120.246249,23.019675,交通事故,其他,臺南市永康區段號永二街414號對面,1,晴,50,單路部分,路段,無號誌,車與車,未保持行車安全間隔
11001ACB91B0710,20210104,120.25855,23.014225,交通事故,其他,臺南市永康區段號永華路與永榮路口,2,晴,50,交岔路,交叉路口,行車管制號誌,車與車,未注意車前狀態
11001ACB91B0720,20210107,120.264021,23.028287,交通事故,一般地址,臺南市永康區中山北路段232號,1,晴,60,單路部分,路段,無號誌,車與車,迴轉未依規定
11001ACB91B0723,20210110,120.237942,23.019456,交通事故,一般地址,臺南市永康區東橋七路段號,3,晴,50,單路部分,路段,無號誌,車與車,起步未注意其他車(人)安全
11001ACB91B0760,20210110,120.23012,23.037785,交通事故,交叉路口,臺南市永康區國聖街段號洲尾街,1,晴,50,交岔路,交叉路口,閃光號誌,車與車,未依規定讓車
11001ACB91B0763,20210110,120.254699,23.035157,交通事故,交叉路口,臺南市永康區中山路段號龍埔街,1,晴,50,交岔路,交叉路口,行車管制號誌,車與車,起步未注意其他車(人)安全
11001ACB91B0767,20210109,120.219849,23.024837,交通事故,一般地址,臺南市永康區尚頂里中正南路段200號,1,晴,50,單路部分,路段,無號誌,車與車,未保持行車安全距離
11001ACB91B0768,20210110,120.250975,23.016614,交通事故,交叉路口,臺南市永康區網寮里永二街段號高速一街,2,晴,50,交岔路,交叉路口,行車管制號誌,車與車,其他引起事故之違規或不當行為
11001ACB91B0770,20210109,120.238987,23.039505,交通事故,其他,臺南市永康區段號中正路533號前,1,晴,0,單路部分,路段,無號誌,人與汽(機)車,未依規定行走行人穿越道、地下道、天橋而穿越道路