案件編號,發生日期,GPS經度,GPS緯度,案件類別名稱,地址類型名稱,發生縣市名稱,受傷人數,天候名稱, 速限-第1當事者,道路型態大類別名稱,事故位置大類別名稱,號誌-號誌種類名稱,事故類型及型態大類別名稱,肇因研判子類別名稱-主要
11001ACB91B0771,20210109,120.244171,23.017038,交通事故,其他,臺南市永康區段號忠孝路380巷、復華十街45巷口,1,晴,30,交岔路,交叉路口,無號誌,車與車,未依規定讓車
11001ACB91B0773,20210102,120.2376,23.008444,交通事故,其他,臺南市永康區段號中華二路195號,1,晴,50,單路部分,路段,無號誌,汽(機)車本身,未注意車前狀態
11001ACB91B0777,20210110,120.235317,23.030482,交通事故,交叉路口,臺南市永康區正南三路段號中正二街,2,晴,50,交岔路,交叉路口,行車管制號誌,車與車,未依規定讓車
11001ACB91B0778,20210107,120.258997,22.999814,交通事故,一般地址,臺南市永康區永大路1段292號,2,陰,40,單路部分,路段,行車管制號誌,車與車,未注意車前狀態
11001ACB91B0796,20210111,120.250608,22.998518,交通事故,其他,臺南市永康區段號復興路與大灣路1019巷口,1,晴,50,交岔路,交叉路口,行車管制號誌,車與車,未注意車前狀態
11001ACB91B0801,20210111,120.255198,23.030764,交通事故,一般地址,臺南市永康區埔園里自強路段389號0,1,晴,50,交岔路,交叉路口,無號誌,車與車,迴轉未依規定
11001ACB91B0805,20210111,120.235594,23.015338,交通事故,交叉路口,臺南市永康區中山南路段號中山東路,2,晴,50,交岔路,交叉路口,行車管制號誌,車與車,違反特定標誌(線)禁制
11001ACB91B0814,20210111,120.236395,22.998509,交通事故,交叉路口,臺南市永康區小東路段號忠義街,2,晴,50,交岔路,交叉路口,行車管制號誌(附設行人專用號誌),車與車,違反特定標誌(線)禁制
11001ACB91B0815,20210101,120.269647,23.040857,交通事故,交叉路口,臺南市永康區育樂街段104號王行路513,1,晴,30,交岔路,交叉路口,無號誌,車與車,右轉彎未依規定
11001ACB91B0821,20210111,120.2183,23.023595,交通事故,交叉路口,臺南市永康區中華路段號中正南路,1,陰,50,交岔路,交叉路口,行車管制號誌(附設行人專用號誌),車與車,違反號誌管制或指揮
11001ACB91B0833,20210111,120.258146,23.026151,交通事故,一般地址,臺南市永康區永康里中山北路段37號0,1,晴,50,交岔路,交叉路口,無號誌,車與車,未依規定讓車
11001ACB91B0852,20210111,120.255502,23.030952,交通事故,一般地址,臺南市永康區自強路段430號,2,晴,50,單路部分,路段,無號誌,車與車,橫越道路不慎
11001ACB91B0857,20210105,120.227413,23.012204,交通事故,其他,臺南市永康區段號中山南路57號前,1,晴,50,單路部分,路段,無號誌,車與車,起步未注意其他車(人)安全
11001ACB91B0860,20210111,120.245807,23.012667,交通事故,其他,臺南市永康區段號復華七街32巷26號前,1,晴,30,單路部分,路段,無號誌,汽(機)車本身,未注意車前狀態
11001ACB91B0864,20210102,120.262788,23.02118,交通事故,一般地址,臺南市永康區高速一街2段819號,2,晴,50,單路部分,路段,無號誌,車與車,未注意車前狀態
11001ACB91B0887,20210111,120.252208,23.015724,交通事故,交叉路口,臺南市永康區網寮里永二街段號文化路,1,晴,50,交岔路,交叉路口,行車管制號誌,車與車,未保持行車安全距離
11001ACB91B0888,20210112,120.235263,23.025008,交通事故,交叉路口,臺南市永康區東橋里東橋七路段號東橋十二街,1,雨,50,交岔路,交叉路口,行車管制號誌,汽(機)車本身,未注意車前狀態
11001ACB91B0903,20210112,120.22692,23.025224,交通事故,交叉路口,臺南市永康區中正二街段號正南一街,2,晴,50,交岔路,交叉路口,行車管制號誌,車與車,違反號誌管制或指揮
11001ACB91B0925,20210112,120.27204,23.039827,交通事故,其他,臺南市永康區段號王行路與王行東路口,1,晴,50,交岔路,交叉路口,行車管制號誌,車與車,未依規定讓車
11001ACB91B0928,20210112,120.231186,23.021785,交通事故,其他,臺南市永康區段號東橋一路，永康區路燈1017號。,1,晴,50,單路部分,路段,無號誌,車與車,未保持行車安全間隔
11001ACB91B0933,20210109,120.259367,23.000283,交通事故,交叉路口,臺南市永康區崑山里永大路2段號大灣路,1,晴,50,交岔路,交叉路口,行車管制號誌,汽(機)車本身,未注意車前狀態
11001ACB91B0937,20210109,120.274031,23.030044,交通事故,交叉路口,臺南市永康區龍潭里中山北路段344號富強路2189,3,晴,30,交岔路,交叉路口,無號誌,車與車,未依規定讓車
11001ACB91B0971,20210106,120.275117,23.050712,交通事故,一般地址,臺南市永康區環工路段3號,1,晴,30,單路部分,其他,無號誌,人與汽(機)車,不明原因肇事
11001ACB91B0974,20210107,120.260386,23.000688,交通事故,其他,臺南市永康區段號大灣路758之1號前,1,晴,50,單路部分,路段,無號誌,汽(機)車本身,其他引起事故之違規或不當行為
11001ACB91B0976,20210112,120.266528,23.007916,交通事故,一般地址,臺南市永康區民族路段378號,2,晴,50,單路部分,路段,無號誌,車與車,左轉彎未依規定
11001ACB91B0977,20210112,120.234126,23.008476,交通事故,交叉路口,臺南市永康區中華路段號中華二路,2,晴,50,單路部分,路段,無號誌,車與車,未注意車前狀態
11001ACB91B0978,20210112,120.250445,23.017563,交通事故,交叉路口,臺南市永康區永二街段號高速二街,1,晴,40,交岔路,交叉路口,行車管制號誌,車與車,未依規定讓車
11001ACB91B0980,20210113,120.254277,23.024729,交通事故,一般地址,臺南市永康區中山南路段615號,1,晴,50,單路部分,路段,無號誌,車與車,未注意車前狀態
11001ACB91B0982,20210108,120.259743,23.00563,交通事故,其他,臺南市永康區段號國光五街與崑山街口,1,晴,50,交岔路,交叉路口,閃光號誌,車與車,未注意車前狀態
11001ACB91B0989,20210111,120.227511,23.012191,交通事故,其他,臺南市永康區段號中山南路43巷與中山南路口,2,晴,50,交岔路,交叉路口,行車管制號誌,車與車,違反號誌管制或指揮
11001ACB91B0991,20210113,120.232756,23.024907,交通事故,一般地址,臺南市永康區東橋一路段532號,3,晴,50,交岔路,交叉路口,無號誌,車與車,逆向行駛
11001ACB91B0994,20210112,120.258771,23.000177,交通事故,其他,臺南市永康區段號大灣路與大灣路798巷口,1,晴,50,交岔路,交叉路口,無號誌,車與車,左轉彎未依規定
11001ACB91B0997,20210112,120.232906,23.011204,交通事故,交叉路口,臺南市永康區振興路段號成功路,1,晴,50,交岔路,交叉路口,行車管制號誌,車與車,違反號誌管制或指揮
11001ACB91B0999,20210112,120.263251,23.016186,交通事故,其他,臺南市永康區段號永大路二段936號前,1,晴,5,單路部分,路段,無號誌,汽(機)車本身,其他引起事故之違規或不當行為
11001ACB91B1006,20210112,120.255269,23.000903,交通事故,其他,臺南市永康區段號大灣路942巷與大灣路942巷71弄口,2,晴,30,交岔路,交叉路口,行車管制號誌,車與車,左轉彎未依規定
11001ACB91B1007,20210112,120.225318,23.018988,交通事故,一般地址,臺南市永康區永康(奇美)陸橋段號,3,晴,50,單路部分,路段,無號誌,車與車,變換車道或方向不當
11001ACB91B1009,20210112,120.250631,22.998667,交通事故,其他,臺南市永康區段號大灣路1100-1號前,1,晴,50,交岔路,交叉路口,行車管制號誌,車與車,違反特定標誌(線)禁制
11001ACB91B1021,20210104,120.223193,23.021168,交通事故,其他,臺南市永康區段號大武街71巷5號,1,晴,30,交岔路,交叉路口,無號誌,車與車,未依規定讓車
11001ACB91B1028,20210102,120.254809,22.997698,交通事故,其他,臺南市永康區段號崑大路1巷與崑大路155巷口,2,晴,30,交岔路,交叉路口,無號誌,車與車,未依規定讓車
11001ACB91B1031,20210113,120.233815,23.016723,交通事故,一般地址,臺南市永康區東橋里中山南路段19544255號0,1,晴,50,單路部分,路段,無號誌,車與車,未保持行車安全距離
11001ACB91B1038,20210112,120.221143,23.026155,交通事故,其他,臺南市永康區段號中正南路232號,2,晴,50,單路部分,路段,無號誌,車與車,未保持行車安全距離
11001ACB91B1047,20210107,120.226482,23.020208,交通事故,其他,臺南市永康區段號大橋三街173號,2,晴,50,交岔路,交叉路口,無號誌,車與車,未依規定讓車
11001ACB91B1061,20210113,120.230109,23.020662,交通事故,一般地址,臺南市永康區大橋二街段223號,2,晴,50,單路部分,路段,無號誌,車與車,未依規定讓車
11001ACB91B1067,20210113,120.225141,23.035235,交通事故,其他,臺南市永康區段號洲工街96號前,1,晴,30,單路部分,路段,無號誌,汽(機)車本身,未注意車前狀態
11001ACB91B1076,20210113,120.242242,23.041486,交通事故,交叉路口,臺南市永康區中正北路段號新行街,1,晴,50,交岔路,交叉路口,行車管制號誌,車與車,違反號誌管制或指揮
11001ACB91B1089,20210114,120.243981,23.02015,交通事故,交叉路口,臺南市永康區忠孝路段號中山南路,2,晴,50,交岔路,交叉路口,行車管制號誌,車與車,違反號誌管制或指揮
11001ACB91B1094,20210114,120.226612,23.014549,交通事故,其他,臺南市永康區段號中華西街106號,2,晴,50,單路部分,路段,無號誌,人與汽(機)車,未注意車前狀態
11001ACB91B1095,20210114,120.214284,23.020515,交通事故,一般地址,臺南市永康區小北路段6號0,1,晴,50,單路部分,路段,無號誌,車與車,變換車道或方向不當
11001ACB91B1097,20210111,120.224444,23.019698,交通事故,一般地址,臺南市永康區中華路段號0,1,晴,50,單路部分,路段,無號誌,車與車,未注意車前狀態
11001ACB91B1101,20210114,120.227897,23.017454,交通事故,一般地址,臺南市永康區中華路段772號,1,晴,50,單路部分,路段,無號誌,車與車,未依規定讓車
11001ACB91B1102,20210113,120.256353,23.030198,交通事故,一般地址,臺南市永康區埔園里中山路段162號,2,晴,50,單路部分,路段,無號誌,車與車,未保持行車安全距離
11001ACB91B1109,20210114,120.226452,23.017904,交通事故,一般地址,臺南市永康區中華西街段277號0,1,晴,50,單路部分,路段,無號誌,車與車,逆向行駛
11001ACB91B1114,20210114,120.237904,23.019557,交通事故,一般地址,臺南市永康區東橋七路段號,1,晴,50,單路部分,路段,無號誌,車與車,迴轉未依規定
11001ACB91B1119,20210113,120.23345,23.038192,交通事故,其他,臺南市永康區段號中正南路與正南八街口,2,晴,50,交岔路,交叉路口,行車管制號誌,車與車,未保持行車安全距離
11001ACB91B1125,20210114,120.21618,23.020242,交通事故,交叉路口,臺南市永康區中正南路段號中正南路52,1,晴,50,交岔路,交叉路口,行車管制號誌,車與車,未依規定讓車
11001ACB91B1128,20210113,120.255114,23.025201,交通事故,一般地址,臺南市永康區中山南路段635號,1,晴,50,交岔路,交叉路口,無號誌,車與車,未保持行車安全距離
11001ACB91B1133,20210105,120.284702,23.035042,交通事故,交叉路口,臺南市永康區王行東路段號永科南路,2,晴,50,交岔路,交叉路口,行車管制號誌(附設行人專用號誌),車與車,未注意車前狀態
11001ACB91B1145,20210108,120.247251,23.015089,交通事故,交叉路口,臺南市永康區復華七街段號復華七街113,1,晴,50,交岔路,交叉路口,行車管制號誌,汽(機)車本身,未注意車前狀態
11001ACB91B1147,20210105,120.253964,23.024413,交通事故,其他,臺南市永康區段號中山南路956號前,1,晴,50,單路部分,路段,無號誌,車與車,橫越道路不慎
11001ACB91B1151,20210105,120.233053,22.998656,交通事故,其他,臺南市永康區段號小東路423巷2號之1前,1,晴,50,交岔路,交叉路口,行車管制號誌,汽(機)車本身,其他引起事故之違規或不當行為
11001ACB91B1158,20210114,120.22573,23.018767,交通事故,交叉路口,臺南市永康區中華路段號大橋三街,1,晴,50,交岔路,交叉路口,行車管制號誌(附設行人專用號誌),人與汽(機)車,未注意車前狀態
11001ACB91B1161,20210104,120.259926,23.032189,交通事故,其他,臺南市永康區段號永大路三段302號前,1,晴,50,單路部分,路段,無號誌,車與車,倒車未依規定
11001ACB91B1171,20210111,120.274695,23.018138,交通事故,一般地址,臺南市永康區富強路1段246號,1,晴,50,單路部分,路段,無號誌,車與車,未保持行車安全距離
11001ACB91B1173,20210111,120.219264,23.02286,交通事故,一般地址,臺南市永康區中華路段995號,3,晴,40,單路部分,路段,無號誌,車與車,未保持行車安全間隔
11001ACB91B1174,20210111,120.226584,23.025498,交通事故,交叉路口,臺南市永康區正南一街段號正南一街181,1,晴,30,交岔路,交叉路口,無號誌,車與車,未注意車前狀態
11001ACB91B1181,20210114,120.256608,23.028449,交通事故,交叉路口,臺南市永康區中正路段號中山路,1,晴,50,交岔路,交叉路口,行車管制號誌,車與車,未依規定讓車
11001ACB91B1189,20210114,120.258651,23.026252,交通事故,交叉路口,臺南市永康區永康里中山北路段號永明街,2,晴,50,交岔路,交叉路口,行車管制號誌,車與車,變換車道或方向不當
11001ACB91B1194,20210114,120.256931,23.022928,交通事故,交叉路口,臺南市永康區永平街段號永中街,1,晴,50,交岔路,交叉路口,行車管制號誌,人與汽(機)車,未依規定讓車
11001ACB91B1203,20210114,120.231443,23.021479,交通事故,交叉路口,臺南市永康區大橋二街段號東橋一路,1,晴,50,交岔路,交叉路口,行車管制號誌,車與車,未依規定讓車
11001ACB91B1207,20210108,120.265975,23.001131,交通事故,其他,臺南市永康區段號大灣一街與南興路112巷,1,晴,30,交岔路,交叉路口,無號誌,車與車,左轉彎未依規定
11001ACB91B1215,20210106,120.216256,23.022086,交通事故,其他,臺南市永康區段號中正南路與中央路,2,晴,50,交岔路,交叉路口,行車管制號誌,車與車,未保持行車安全距離
11001ACB91B1223,20210114,120.254609,23.029963,交通事故,一般地址,臺南市永康區中正路段57號,1,晴,50,單路部分,路段,無號誌,車與車,迴轉未依規定
11001ACB91B1224,20210108,120.254803,23.041989,交通事故,交叉路口,臺南市永康區中正北路段號蔦松二街,1,晴,50,交岔路,交叉路口,行車管制號誌,車與車,違反號誌管制或指揮
11001ACB91B1235,20210114,120.250835,23.030973,交通事故,其他,臺南市永康區段號中正路177號前,2,晴,50,交岔路,路段,無號誌,車與車,違反特定標誌(線)禁制
11001ACB91B1244,20210111,120.226738,23.018113,交通事故,其他,臺南市永康區段號中華路、中華西街口,1,晴,50,交岔路,交叉路口,行車管制號誌,車與車,違反號誌管制或指揮
11001ACB91B1245,20210115,120.2522,23.015703,交通事故,交叉路口,臺南市永康區永二街段號文化路,1,晴,50,交岔路,交叉路口,行車管制號誌,車與車,未依規定讓車
11001ACB91B1253,20210115,120.251259,23.036282,交通事故,交叉路口,臺南市永康區四維街段號八德街,2,晴,50,交岔路,交叉路口,閃光號誌,車與車,違規超車
11001ACB91B1269,20210115,120.218183,23.023512,交通事故,其他,臺南市永康區段號中正南路與中華路口,2,晴,50,交岔路,交叉路口,行車管制號誌(附設行人專用號誌),車與車,未注意車前狀態
11001ACB91B1272,20210115,120.255431,23.02535,交通事故,交叉路口,臺南市永康區中山南路段1036號中山南路1040,1,晴,50,交岔路,交叉路口,無號誌,車與車,橫越道路不慎
11001ACB91B1280,20210115,120.263081,23.021912,交通事故,交叉路口,臺南市永康區大同街段號永平街,2,晴,50,交岔路,交叉路口,行車管制號誌,車與車,未依規定讓車
11001ACB91B1282,20210108,120.232524,23.037145,交通事故,一般地址,臺南市永康區中正南路段526號,1,晴,40,單路部分,路段,行車管制號誌,車與車,未注意車前狀態
11001ACB91B1285,20210115,120.289,23.034747,交通事故,交叉路口,臺南市永康區中山北路段號中山路,1,晴,50,交岔路,交叉路口,行車管制號誌,汽(機)車本身,其他引起事故之違規或不當行為
11001ACB91B1291,20210115,120.23051,23.035333,交通事故,交叉路口,臺南市永康區中正南路段號正南三路,1,晴,50,交岔路,交叉路口,行車管制號誌,車與車,未依規定讓車
11001ACB91B1313,20210115,120.24014,23.041292,交通事故,其他,臺南市永康區段號中正七街67號,1,晴,50,單路部分,路段,無號誌,汽(機)車本身,尚未發現肇事因素
11001ACB91B1314,20210115,120.227899,23.012532,交通事故,交叉路口,臺南市永康區中華西街段號中山南路,1,晴,50,交岔路,交叉路口,行車管制號誌(附設行人專用號誌),人與汽(機)車,搶越行人穿越道
11001ACB91B1315,20210115,120.228524,23.024924,交通事故,一般地址,臺南市永康區正南一街段103號,1,晴,50,交岔路,交叉路口,行車管制號誌,汽(機)車本身,未注意車前狀態
11001ACB91B1316,20210115,120.241387,23.048949,交通事故,交叉路口,臺南市永康區永安路段號仁愛街,2,晴,50,交岔路,交叉路口,行車管制號誌,車與車,違反號誌管制或指揮
11001ACB91B1320,20210115,120.264127,23.013392,交通事故,其他,臺南市永康區段號大安街與大安街468巷,2,晴,50,交岔路,交叉路口,無號誌,車與車,左轉彎未依規定
11001ACB91B1322,20210101,120.248575,23.026154,交通事故,交叉路口,臺南市永康區自強路段號自強路139,1,晴,30,交岔路,交叉路口,無號誌,車與車,未依規定讓車
11001ACB91B1341,20210109,120.245659,23.040086,交通事故,其他,臺南市永康區段號竹林街24巷10號前,1,晴,30,單路部分,路段,無號誌,車與車,未保持行車安全間隔
11001ACB91B1347,20210109,120.248505,22.998612,交通事故,其他,臺南市永康區段號復興路與高速一街口,1,晴,50,交岔路,交叉路口,行車管制號誌,車與車,未保持行車安全間隔
11001ACB91B1351,20210113,120.254132,22.99936,交通事故,一般地址,臺南市永康區大灣路段976號,2,晴,50,單路部分,路段,無號誌,車與車,違反特定標誌(線)禁制
11001ACB91B1354,20210111,120.234672,22.998416,交通事故,交叉路口,臺南市永康區中華路段號小東路,2,晴,50,交岔路,交叉路口,行車管制號誌(附設行人專用號誌),車與車,未保持行車安全距離
11001ACB91B1356,20210113,120.262546,23.024589,交通事故,交叉路口,臺南市永康區永明街段號國民路,2,晴,50,交岔路,交叉路口,行車管制號誌,車與車,左轉彎未依規定
11001ACB91B1366,20210111,120.215856,23.023499,交通事故,其他,臺南市永康區段號溪頂寮橋上(北往南),1,晴,50,交岔路,交叉路口,行車管制號誌,車與車,變換車道或方向不當
11001ACB91B1369,20210116,120.238515,23.034147,交通事故,交叉路口,臺南市永康區?平街段號?平街232,1,晴,50,交岔路,交叉路口,無號誌,汽(機)車本身,未注意車前狀態
11001ACB91B1373,20210116,120.247838,23.041885,交通事故,一般地址,臺南市永康區蔦松里中正北路段327號0,1,晴,50,交岔路,交叉路口,行車管制號誌,車與車,未保持行車安全距離
11001ACB91B1383,20210116,120.23886,23.017463,交通事故,其他,臺南市永康區段號中山南路與中山南路436巷口,3,晴,50,交岔路,交叉路口,行車管制號誌,車與車,左轉彎未依規定
11001ACB91B1385,20210116,120.234888,22.999863,交通事故,交叉路口,臺南市永康區中華路段號中華路10,1,晴,50,交岔路,交叉路口,行車管制號誌,車與車,右轉彎未依規定
11001ACB91B1386,20210112,120.228612,23.032797,交通事故,其他,臺南市永康區段號中正南路358號前,3,晴,50,單路部分,路段,行車管制號誌,車與車,未注意車前狀態
11001ACB91B1389,20210109,120.219885,23.022462,交通事故,其他,臺南市永康區段號中華路與台一線331公里處,1,晴,50,單路部分,路段,無號誌,車與車,未注意車前狀態
11001ACB91B1392,20210108,120.220156,23.025218,交通事故,其他,臺南市永康區段號中正南路與中正南路210巷口,2,晴,50,交岔路,交叉路口,行車管制號誌,車與車,違反號誌管制或指揮
11001ACB91B1396,20210110,120.222774,23.027837,交通事故,其他,臺南市永康區段號中正南路325號,1,晴,50,單路部分,路段,無號誌,車與車,未保持行車安全距離
11001ACB91B1397,20210114,120.225517,23.030225,交通事故,交叉路口,臺南市永康區中正南路段號中正南路286,1,晴,50,交岔路,交叉路口,行車管制號誌,車與車,未注意車前狀態
11001ACB91B1399,20210114,120.219586,23.026584,交通事故,其他,臺南市永康區段號河堤便道與中正南路235巷,1,晴,50,交岔路,交叉路口,行車管制號誌,汽(機)車本身,其他引起事故之違規或不當行為
11001ACB91B1400,20210111,120.219393,23.022917,交通事故,其他,臺南市永康區段號中華路與南台街口,3,晴,50,交岔路,交叉路口,閃光號誌,車與車,未依規定讓車
11001ACB91B1403,20210105,120.274566,23.051848,交通事故,其他,臺南市永康區段號王行路1072號前,2,晴,50,單路部分,路段,無號誌,車與車,橫越道路不慎
11001ACB91B1404,20210114,120.244371,23.016699,交通事故,其他,臺南市永康區段號國華街137號前,1,晴,30,單路部分,路段,無號誌,車與車,未注意車前狀態
11001ACB91B1408,20210113,120.263081,23.021912,交通事故,交叉路口,臺南市永康區大同街段號永平街,2,晴,50,交岔路,交叉路口,行車管制號誌,車與車,未依規定讓車
11001ACB91B1418,20210116,120.260855,23.024638,交通事故,其他,臺南市永康區段號永大路二段與永明街,1,晴,50,交岔路,交叉路口,行車管制號誌,車與車,未保持行車安全距離
11001ACB91B1419,20210109,120.218227,23.023553,交通事故,其他,臺南市永康區段號中華路與中正南路口,2,晴,50,交岔路,交叉路口,行車管制號誌(附設行人專用號誌),車與車,左轉彎未依規定
11001ACB91B1425,20210116,120.232477,23.020233,交通事故,交叉路口,臺南市永康區東橋一路段號東橋八街,2,晴,50,交岔路,交叉路口,行車管制號誌,車與車,未注意車前狀態
11001ACB91B1433,20210114,120.2183,23.023595,交通事故,交叉路口,臺南市永康區中華路段號中正南路,1,晴,50,交岔路,交叉路口,行車管制號誌,車與車,未保持行車安全間隔
11001ACB91B1445,20210112,120.274644,23.030196,交通事故,一般地址,臺南市永康區中山北路段665號,1,晴,50,單路部分,路段,無號誌,車與車,未保持行車安全距離
11001ACB91B1448,20210112,120.259908,23.006092,交通事故,一般地址,臺南市永康區崑山街段253號,1,晴,50,交岔路,交叉路口,無號誌,車與車,左轉彎未依規定
11001ACB91B1449,20210116,120.218092,23.023633,交通事故,其他,臺南市永康區段號中華路與中正南路,1,晴,50,交岔路,交叉路口,行車管制號誌,車與車,右轉彎未依規定
11001ACB91B1452,20210116,120.219105,23.023134,交通事故,一般地址,臺南市永康區中華路段1012號,2,晴,50,單路部分,路段,無號誌,車與車,變換車道或方向不當
11001ACB91B1454,20210116,120.235442,23.004201,交通事故,其他,臺南市永康區段號中華路、中華一路口,2,晴,50,交岔路,交叉路口,行車管制號誌(附設行人專用號誌),車與車,未依規定讓車
11001ACB91B1457,20210115,120.256679,23.024276,交通事故,其他,臺南市永康區段號永二街、永康街口,1,晴,50,交岔路,交叉路口,無號誌,車與車,未依規定讓車
11001ACB91B1469,20210117,120.247497,23.04186,交通事故,一般地址,臺南市永康區中正北路段317號,1,晴,50,交岔路,交叉路口,行車管制號誌,車與車,未依規定讓車
11001ACB91B1476,20210112,120.273858,23.044721,交通事故,交叉路口,臺南市永康區自強路段號興工路,1,晴,50,交岔路,交叉路口,行車管制號誌,車與車,未保持行車安全間隔
11001ACB91B1478,20210116,120.215908,23.023346,交通事故,交叉路口,臺南市永康區中華路段號中央路,2,晴,50,交岔路,交叉路口,行車管制號誌,車與車,違反號誌管制或指揮
11001ACB91B1479,20210117,120.251434,23.023011,交通事故,一般地址,臺南市永康區中山南路段948號0,2,晴,50,單路部分,路段,無號誌,車與車,未注意車前狀態
11001ACB91B1484,20210117,120.241722,23.04306,交通事故,一般地址,臺南市永康區三村一街段號,1,晴,50,單路部分,路段,無號誌,車與車,未依規定讓車
11001ACB91B1488,20210117,120.272343,23.013439,交通事故,其他,臺南市永康區段號富強路一段2巷、富強路一段2巷8弄口,1,晴,30,交岔路,交叉路口,無號誌,車與車,未靠右行駛
11001ACB91B1497,20210117,120.232307,23.010901,交通事故,一般地址,臺南市永康區中華路段461號,1,晴,50,交岔路,交叉路口,行車管制號誌,車與車,違反特定標誌(線)禁制
11001ACB91B1506,20210117,120.2183,23.023595,交通事故,其他,臺南市永康區段號中華路與中正南路,1,晴,50,交岔路,交叉路口,行車管制號誌,車與車,起步未注意其他車(人)安全
11001ACB91B1511,20210117,120.23251,23.020251,交通事故,其他,臺南市永康區段號東橋一路與東橋八街口,1,晴,50,交岔路,交叉路口,行車管制號誌,汽(機)車本身,未注意車前狀態
11001ACB91B1515,20210109,120.243725,23.019753,交通事故,一般地址,臺南市永康區忠孝路段485號,1,晴,50,交岔路,交叉路口,無號誌,汽(機)車本身,未注意車前狀態
11001ACB91B1533,20210114,120.274783,23.056253,交通事故,一般地址,臺南市永康區三民里中正北路段952-11號,1,晴,70,單路部分,路段,無號誌,車與車,未保持行車安全距離
11001ACB91B1534,20210114,120.27448,23.056326,交通事故,其他,臺南市永康區段號中正北路體一運動公園前,1,晴,70,單路部分,路段,行車管制號誌,車與車,未注意車前狀態
11001ACB91B1535,20210117,120.234873,23.030204,交通事故,一般地址,臺南市永康區中正二街段268號,1,晴,50,單路部分,路段,無號誌,車與車,變換車道或方向不當
11001ACB91B1548,20210101,120.238026,23.015723,交通事故,一般地址,臺南市永康區中山南路段3164號,1,晴,30,交岔路,交叉路口,無號誌,汽(機)車本身,其他引起事故之違規或不當行為
11001ACB91B1557,20210115,120.230874,23.022282,交通事故,其他,臺南市永康區段號東橋里東橋一路1020號路燈前,1,晴,50,單路部分,路段,無號誌,車與車,違反特定標誌(線)禁制
11001ACB91B1559,20210112,120.221932,23.022668,交通事故,交叉路口,臺南市永康區尚頂里南台街段號南台街75,1,晴,50,交岔路,交叉路口,行車管制號誌,車與車,未依規定減速
11001ACB91B1561,20210115,120.249718,23.031327,交通事故,其他,臺南市永康區段號中正路與高速一街,1,晴,50,交岔路,交叉路口,行車管制號誌,車與車,違反號誌管制或指揮
11001ACB91B1581,20210118,120.243063,23.034722,交通事故,其他,臺南市永康區段號中正二街613號,1,晴,50,單路部分,路段,無號誌,車與車,未注意車前狀態
11001ACB91B1582,20210117,120.256605,23.031817,交通事故,交叉路口,臺南市永康區自強路段號埔東街,1,晴,50,交岔路,交叉路口,行車管制號誌,車與車,未依規定讓車
11001ACB91B1591,20210114,120.239271,23.01778,交通事故,其他,臺南市永康區段號中山南路與東橋七路口,1,晴,50,交岔路,交叉路口,行車管制號誌(附設行人專用號誌),車與車,違規超車
11001ACB91B1592,20210118,120.263828,23.014185,交通事故,一般地址,臺南市永康區永大路2段828號,1,晴,50,單路部分,路段,無號誌,車與車,未保持行車安全距離
11001ACB91B1594,20210118,120.226483,23.031138,交通事故,交叉路口,臺南市永康區中正南路段號尚頂路,1,晴,50,交岔路,交叉路口,行車管制號誌,車與車,右轉彎未依規定
11001ACB91B1597,20210106,120.259183,23.026075,交通事故,其他,臺南市永康區段號永明街17號,1,晴,50,單路部分,路段,無號誌,車與車,未注意車前狀態
11001ACB91B1598,20210106,120.272123,23.059224,交通事故,其他,臺南市永康區段號南科聯絡道往南方向電桿39373811,1,晴,50,交岔路,交叉路口,閃光號誌,車與車,未依規定讓車
11001ACB91B1602,20210118,120.242406,22.998567,交通事故,其他,臺南市永康區段號復興路235號前,1,晴,50,單路部分,路段,無號誌,車與車,未保持行車安全距離
11001ACB91B1626,20210117,120.227582,23.018979,交通事故,其他,臺南市永康區段號大橋二街50號前,1,晴,50,單路部分,路段,無號誌,車與車,起步未注意其他車(人)安全
11001ACB91B1632,20210118,120.281526,23.032068,交通事故,一般地址,臺南市永康區王行里中山北路段993號0,2,晴,60,單路部分,路段,無號誌,車與車,未保持行車安全間隔
11001ACB91B1634,20210118,120.27929,23.0375,交通事故,交叉路口,臺南市永康區王行里永科七路段號永科王田大道,1,晴,50,交岔路,交叉路口,行車管制號誌,汽(機)車本身,其他引起事故之違規或不當行為
11001ACB91B1639,20210104,120.22573,23.018767,交通事故,交叉路口,臺南市永康區大橋三街段號中華路,2,晴,50,交岔路,交叉路口,行車管制號誌,車與車,未依規定讓車
11001ACB91B1640,20210118,120.264171,23.005717,交通事故,交叉路口,臺南市永康區大安街段號大灣三街,2,晴,50,交岔路,交叉路口,閃光號誌,車與車,爭(搶)道行駛
11001ACB91B1641,20210104,120.262205,23.024519,交通事故,一般地址,臺南市永康區永明街段182號,1,晴,30,交岔路,交叉路口,無號誌,車與車,倒車未依規定
11001ACB91B1642,20210105,120.24325,23.035889,交通事故,一般地址,臺南市永康區中正路段706號,1,晴,50,單路部分,路段,無號誌,汽(機)車本身,其他引起事故之違規或不當行為
11001ACB91B1644,20210106,120.217809,23.019673,交通事故,交叉路口,臺南市永康區甲頂路段號甲頂路175,1,晴,30,交岔路,交叉路口,行車管制號誌,車與車,未注意車前狀態