案件編號,發生日期,GPS經度,GPS緯度,案件類別名稱,地址類型名稱,發生縣市名稱,受傷人數,天候名稱, 速限-第1當事者,道路型態大類別名稱,事故位置大類別名稱,號誌-號誌種類名稱,事故類型及型態大類別名稱,肇因研判子類別名稱-主要
11001ACB91B1647,20210111,120.241387,23.048949,交通事故,交叉路口,臺南市永康區永安路段號仁愛街,1,晴,50,交岔路,交叉路口,行車管制號誌,車與車,違反號誌管制或指揮
11001ACB91B1648,20210116,120.219416,23.022949,交通事故,其他,臺南市永康區段號中華路與南台街口,1,晴,50,交岔路,交叉路口,閃光號誌,汽(機)車本身,其他引起事故之違規或不當行為
11001ACB91B1655,20210112,120.219388,23.022982,交通事故,交叉路口,臺南市永康區中華路段號南台街,2,晴,30,交岔路,交叉路口,閃光號誌,車與車,未注意車前狀態
11001ACB91B1656,20210110,120.231492,23.035792,交通事故,一般地址,臺南市永康區中正南路段468號,2,晴,50,單路部分,路段,無號誌,車與車,未保持行車安全間隔
11001ACB91B1661,20210118,120.245556,23.009727,交通事故,一般地址,臺南市永康區復華一街段81號0,3,晴,50,單路部分,路段,無號誌,車與車,未注意車前狀態
11001ACB91B1662,20210118,120.215908,23.023346,交通事故,交叉路口,臺南市永康區甲頂里中華路段號中央路,2,晴,50,交岔路,交叉路口,行車管制號誌,車與車,未保持行車安全間隔
11001ACB91B1664,20210101,120.254889,23.04208,交通事故,交叉路口,臺南市永康區中正北路段號蔦松二街,1,晴,40,交岔路,交叉路口,行車管制號誌,汽(機)車本身,未保持行車安全距離
11001ACB91B1668,20210119,120.259826,23.001484,交通事故,一般地址,臺南市永康區永大路2段66號0,2,晴,50,交岔路,交叉路口,行車管制號誌,車與車,違反號誌管制或指揮
11001ACB91B1674,20210108,120.249899,23.041788,交通事故,一般地址,臺南市永康區中正北路段388號,2,晴,50,交岔路,交叉路口,行車管制號誌,車與車,未保持行車安全距離
11001ACB91B1681,20210119,120.28113,23.031974,交通事故,一般地址,臺南市永康區中山北路段993號,1,晴,60,單路部分,路段,行車管制號誌,車與車,未保持行車安全距離
11001ACB91B1682,20210113,120.254858,23.019909,交通事故,交叉路口,臺南市永康區永二街段號永二街54,1,晴,50,單路部分,路段,無號誌,車與車,未注意車前狀態
11001ACB91B1685,20210118,120.253433,22.997582,交通事故,一般地址,臺南市永康區崑大路段195號,2,晴,50,單路部分,路段,行車管制號誌,車與車,未保持行車安全距離
11001ACB91B1691,20210119,120.249003,23.019661,交通事故,交叉路口,臺南市永康區二王里二王路段號二王路30,1,晴,50,交岔路,交叉路口,閃光號誌,車與車,未注意車前狀態
11001ACB91B1693,20210112,120.233168,23.027108,交通事故,一般地址,臺南市永康區尚頂里正南三路段45號,1,晴,50,單路部分,路段,無號誌,汽(機)車本身,未注意車前狀態
11001ACB91B1694,20210119,120.258763,23.000188,交通事故,一般地址,臺南市永康區崑山里大灣路段800號0,1,晴,50,交岔路,交叉路口,無號誌,車與車,未依規定讓車
11001ACB91B1699,20210113,120.215876,23.02144,交通事故,一般地址,臺南市永康區甲頂里小北路段56號,1,晴,50,交岔路,交叉路口,無號誌,車與車,未注意車前狀態
11001ACB91B1723,20210114,120.250149,23.031025,交通事故,一般地址,臺南市永康區正強里中正路段205號,1,晴,50,單路部分,路段,無號誌,車與車,未保持行車安全距離
11001ACB91B1728,20210118,120.27538,23.019877,交通事故,交叉路口,臺南市永康區富強路1段號富強路1306,1,晴,50,交岔路,交叉路口,無號誌,車與車,橫越道路不慎
11001ACB91B1731,20210103,120.257018,22.999815,交通事故,交叉路口,臺南市永康區大灣路段號大仁街,1,晴,50,交岔路,交叉路口,行車管制號誌,車與車,未注意車前狀態
11001ACB91B1732,20210108,120.257582,23.004252,交通事故,交叉路口,臺南市永康區大仁街段188號國光三街62,2,陰,30,交岔路,交叉路口,無號誌,車與車,未依規定讓車
11001ACB91B1766,20210120,120.235443,23.004434,交通事故,一般地址,臺南市永康區中華路段196號,1,晴,50,單路部分,路段,無號誌,車與車,酒醉(後)駕駛失控
11001ACB91B1769,20210112,120.26387,23.034391,交通事故,其他,臺南市永康區段號龍埔街102號,1,晴,50,交岔路,交叉路口,無號誌,車與車,未依規定讓車
11001ACB91B1773,20210119,120.259971,23.001736,交通事故,一般地址,臺南市永康區永大路2段82號,1,晴,50,單路部分,路段,無號誌,車與車,未保持行車安全間隔
11001ACB91B1776,20210114,120.256648,22.999734,交通事故,其他,臺南市永康區段號大灣路785號,1,晴,50,單路部分,路段,無號誌,車與車,橫越道路不慎
11001ACB91B1779,20210118,120.239784,23.008567,交通事故,其他,臺南市永康區段號中華二路96號,2,晴,30,單路部分,路段,閃光號誌,車與車,變換車道或方向不當
11001ACB91B1790,20210117,120.234607,22.999027,交通事故,其他,臺南市永康區段號中華路與中華路7巷口,1,晴,50,交岔路,路段,無號誌,車與車,右轉彎未依規定
11001ACB91B1793,20210111,120.24836,23.012295,交通事故,交叉路口,臺南市永康區復國二路段號復華六街,1,晴,30,交岔路,交叉路口,無號誌,車與車,未依規定讓車
11001ACB91B1794,20210120,120.230269,23.025331,交通事故,交叉路口,臺南市永康區正南一街段號正南一街57,1,晴,50,交岔路,交叉路口,無號誌,車與車,未依規定讓車
11001ACB91B1795,20210120,120.261754,23.045919,交通事故,交叉路口,臺南市永康區中正北路段號龍橋街,1,晴,50,交岔路,交叉路口,行車管制號誌,車與車,違反號誌管制或指揮
11001ACB91B1797,20210107,120.23759,23.006516,交通事故,其他,臺南市永康區段號中華路216巷35弄3號旁路口,1,晴,30,交岔路,交叉路口,無號誌,車與車,未依規定讓車
11001ACB91B1799,20210108,120.267216,23.006253,交通事故,交叉路口,臺南市永康區大灣路段號大灣路279,2,晴,50,交岔路,交叉路口,行車管制號誌,車與車,未保持行車安全距離
11001ACB91B1800,20210120,120.234754,23.007656,交通事故,一般地址,臺南市永康區中華路段300號0,1,晴,50,單路部分,路段,無號誌,車與車,不明原因肇事
11001ACB91B1802,20210108,120.227584,23.012224,交通事故,交叉路口,臺南市永康區中山南路段號中山南路30,2,晴,50,交岔路,路段,無號誌,車與車,變換車道或方向不當
11001ACB91B1804,20210120,120.234674,23.00432,交通事故,一般地址,臺南市永康區中華一路段164號,1,晴,50,單路部分,路段,無號誌,車與車,未注意車前狀態
11001ACB91B1807,20210120,120.243917,23.040685,交通事故,一般地址,臺南市永康區新中街段323號,1,晴,50,單路部分,路段,無號誌,車與車,左轉彎未依規定
11001ACB91B1816,20210118,120.24384,23.040087,交通事故,其他,臺南市永康區段號新中街與新民街口,1,晴,50,交岔路,交叉路口,閃光號誌,車與車,未保持行車安全距離
11001ACB91B1819,20210120,120.234729,23.038777,交通事故,交叉路口,臺南市永康區正南五街段號正南五街520,1,晴,50,交岔路,交叉路口,無號誌,車與車,未依規定讓車
11001ACB91B1820,20210120,120.245963,23.055803,交通事故,一般地址,臺南市永康區仁愛街段號,1,晴,30,單路部分,路段,無號誌,車與車,未注意車前狀態
11001ACB91B1824,20210108,120.274031,23.030044,交通事故,交叉路口,臺南市永康區中山北路段號王行路,1,晴,50,交岔路,交叉路口,行車管制號誌(附設行人專用號誌),汽(機)車本身,違反特定標誌(線)禁制
11001ACB91B1830,20210120,120.237797,23.008504,交通事故,交叉路口,臺南市永康區中華二路段號中山東路,1,晴,50,交岔路,交叉路口,行車管制號誌,車與車,未保持行車安全距離
11001ACB91B1831,20210112,120.253562,23.032698,交通事故,一般地址,臺南市永康區四維街段5827號,1,晴,30,單路部分,路段,無號誌,車與車,未依規定讓車
11001ACB91B1833,20210114,120.27075,23.030043,交通事故,交叉路口,臺南市永康區中山北路段499號中山北路4992,1,晴,30,交岔路,交叉路口,無號誌,車與車,未依規定讓車
11001ACB91B1839,20210118,120.227104,23.018552,交通事故,一般地址,臺南市永康區大橋二街段26號,1,晴,50,單路部分,路段,無號誌,車與車,未注意車前狀態
11001ACB91B1847,20210117,120.243981,23.02015,交通事故,交叉路口,臺南市永康區中山南路段號忠孝路,2,晴,50,交岔路,交叉路口,行車管制號誌(附設行人專用號誌),車與車,未保持行車安全距離
11001ACB91B1848,20210109,120.269071,23.018927,交通事故,其他,臺南市永康區段號富強路一段93巷電桿37321002,2,陰,30,交岔路,交叉路口,無號誌,車與車,未依規定讓車
11001ACB91B1874,20210109,120.266948,23.01657,交通事故,一般地址,臺南市永康區大灣路段40150號,1,晴,30,單路部分,路段,無號誌,車與車,其他引起事故之違規或不當行為
11001ACB91B1877,20210109,120.255214,22.998146,交通事故,一般地址,臺南市永康區崑大路段141號,1,晴,50,單路部分,路段,無號誌,車與車,未注意車前狀態
11001ACB91B1900,20210108,120.25743,23.019254,交通事故,交叉路口,臺南市永康區永興路段號永華路,2,晴,50,交岔路,交叉路口,行車管制號誌,車與車,違反號誌管制或指揮
11001ACB91B1904,20210120,120.233541,23.038114,交通事故,交叉路口,臺南市永康區?洲里中正南路段號正南八街,2,晴,50,交岔路,交叉路口,無號誌,車與車,其他裝載不當肇事
11001ACB91B1905,20210120,120.232756,23.024907,交通事故,一般地址,臺南市永康區東橋里東橋一路段530號,1,晴,50,單路部分,路段,無號誌,車與車,未依規定讓車
11001ACB91B1906,20210109,120.219253,23.023043,交通事故,交叉路口,臺南市永康區中華路段號中華路1023號無名,1,晴,40,交岔路,交叉路口,閃光號誌,汽(機)車本身,未保持行車安全距離
11001ACB91B1909,20210112,120.219408,23.022919,交通事故,交叉路口,臺南市永康區中華路段號南台街,1,晴,40,交岔路,交叉路口,閃光號誌,車與車,未保持行車安全距離
11001ACB91B1933,20210121,120.237858,23.040713,交通事故,其他,臺南市永康區段號中正路609號前,2,晴,50,單路部分,路段,無號誌,車與車,迴轉未依規定
11001ACB91B1936,20210112,120.234636,22.998352,交通事故,交叉路口,臺南市永康區中華路段號小東路,2,晴,50,交岔路,交叉路口,行車管制號誌,汽(機)車本身,其他引起事故之違規或不當行為
11001ACB91B1937,20210120,120.247853,23.041899,交通事故,其他,臺南市永康區段號中正北路319號前,1,晴,50,交岔路,交叉路口,行車管制號誌,車與車,右轉彎未依規定
11001ACB91B1939,20210118,120.245465,23.044448,交通事故,其他,臺南市永康區段號永安路與永安一街口,1,晴,50,交岔路,交叉路口,行車管制號誌,車與車,未依規定讓車
11001ACB91B1941,20210120,120.262453,23.018294,交通事故,其他,臺南市永康區段號永大路二段655號前,1,晴,50,交岔路,交叉路口,行車管制號誌(附設行人專用號誌),車與車,倒車未依規定
11001ACB91B1946,20210107,120.252581,23.028956,交通事故,一般地址,臺南市永康區自強路段322號,2,晴,50,單路部分,路段,無號誌,車與車,逆向行駛
11001ACB91B1947,20210121,120.234978,23.030427,交通事故,交叉路口,臺南市永康區中正二街段號中正二街169,2,晴,30,交岔路,交叉路口,無號誌,車與車,左轉彎未依規定
11001ACB91B1950,20210108,120.247894,22.998526,交通事故,交叉路口,臺南市永康區復興路段號高速二街,2,陰,50,交岔路,交叉路口,行車管制號誌,車與車,未保持行車安全距離
11001ACB91B1952,20210109,120.245079,23.011784,交通事故,交叉路口,臺南市永康區復華六街段93號復國一路38929,1,晴,30,交岔路,交叉路口,無號誌,汽(機)車本身,未依規定減速
11001ACB91B1964,20210120,120.242147,23.016315,交通事故,一般地址,臺南市永康區中山南路段54444號,1,晴,30,交岔路,交叉路口,閃光號誌,車與車,倒車未依規定
11001ACB91B1966,20210120,120.235241,23.00427,交通事故,交叉路口,臺南市永康區中華路段154號中華一路39,1,晴,30,交岔路,交叉路口,無號誌,車與車,未依規定讓車
11001ACB91B1969,20210109,120.24014,22.998019,交通事故,交叉路口,臺南市永康區復興路段號高速一街,1,晴,50,交岔路,交叉路口,行車管制號誌,車與車,違反號誌管制或指揮
11001ACB91B1973,20210121,120.231346,23.012339,交通事故,一般地址,臺南市永康區中華路段521號,3,晴,50,交岔路,路段,無號誌,車與車,未依規定讓車
11001ACB91B1974,20210121,120.231575,23.012076,交通事故,交叉路口,臺南市永康區中華路段號五福街,1,晴,50,交岔路,交叉路口,行車管制號誌(附設行人專用號誌),車與車,其他引起事故之違規或不當行為
11001ACB91B1977,20210117,120.245445,22.998672,交通事故,交叉路口,臺南市永康區復興路段號復興路246,2,晴,50,交岔路,交叉路口,行車管制號誌,車與車,違反號誌管制或指揮
11001ACB91B1985,20210121,120.230137,23.012873,交通事故,其他,臺南市永康區段號中山南路118巷10號前,2,晴,50,交岔路,交叉路口,無號誌,車與車,未注意車前狀態
11001ACB91B1986,20210112,120.26075,23.017893,交通事故,交叉路口,臺南市永康區永大一路段號永忠路,1,晴,50,交岔路,交叉路口,行車管制號誌,車與車,違反號誌管制或指揮
11001ACB91B1995,20210112,120.241329,23.048821,交通事故,交叉路口,臺南市永康區仁愛街段號永安路,1,晴,50,交岔路,交叉路口,行車管制號誌,車與車,其他引起事故之違規或不當行為
11001ACB91B1997,20210112,120.216081,23.022689,交通事故,交叉路口,臺南市永康區中央路段號中央路23,2,晴,50,交岔路,交叉路口,無號誌,車與車,未依規定讓車
11001ACB91B2000,20210112,120.232021,23.011656,交通事故,一般地址,臺南市永康區中華路段490號,1,晴,50,單路部分,路段,無號誌,車與車,右轉彎未依規定
11001ACB91B2003,20210113,120.245584,23.020542,交通事故,交叉路口,臺南市永康區中山南路段號永二街447,2,晴,50,交岔路,交叉路口,行車管制號誌,車與車,未依規定讓車
11001ACB91B2004,20210118,120.229276,23.034226,交通事故,其他,臺南市永康區段號中正南路533號,3,晴,40,單路部分,路段,無號誌,車與車,未注意車前狀態
11001ACB91B2005,20210114,120.25743,23.019254,交通事故,交叉路口,臺南市永康區永華路段號永興路,1,晴,50,交岔路,交叉路口,行車管制號誌,汽(機)車本身,其他引起事故之違規或不當行為
11001ACB91B2006,20210113,120.228877,23.020205,交通事故,一般地址,臺南市永康區大橋二街段177號,2,晴,50,交岔路,交叉路口,無號誌,車與車,未依規定讓車
11001ACB91B2008,20210111,120.280924,23.031892,交通事故,交叉路口,臺南市永康區中山北路段號永科王田大道,1,晴,50,交岔路,交叉路口,行車管制號誌,車與車,違反號誌管制或指揮
11001ACB91B2010,20210115,120.231932,23.046078,交通事故,其他,臺南市永康區段號鹽水溪河堤道路(東往西)近無名巷,4,晴,40,交岔路,交叉路口,閃光號誌,車與車,未保持行車安全距離
11001ACB91B2013,20210115,120.246039,23.013934,交通事故,交叉路口,臺南市永康區復國一路段號復華七街,1,晴,50,交岔路,交叉路口,行車管制號誌,車與車,左轉彎未依規定
11001ACB91B2014,20210113,120.270825,23.013108,交通事故,一般地址,臺南市永康區北興里大灣路段40141號0,1,晴,30,單路部分,路段,無號誌,汽(機)車本身,其他引起事故之違規或不當行為
11001ACB91B2015,20210114,120.221853,23.024008,交通事故,其他,臺南市永康區段號中正南路220巷30弄與中正南路210巷,2,晴,30,交岔路,交叉路口,無號誌,車與車,違反特定標誌(線)禁制
11001ACB91B2019,20210118,120.260124,23.025187,交通事故,交叉路口,臺南市永康區永明街段號永華路,2,晴,50,交岔路,交叉路口,行車管制號誌,車與車,未依規定讓車
11001ACB91B2020,20210121,120.246336,23.008495,交通事故,交叉路口,臺南市永康區復國一路段號復國一路276,2,晴,50,交岔路,交叉路口,無號誌,車與車,未依規定讓車
11001ACB91B2021,20210118,120.236757,23.033099,交通事故,交叉路口,臺南市永康區?平街段號?和街,1,晴,50,交岔路,交叉路口,行車管制號誌,車與車,未依規定使用燈光
11001ACB91B2025,20210113,120.248736,23.031505,交通事故,一般地址,臺南市永康區中正路段229之2號,1,晴,50,單路部分,路段,無號誌,車與車,其他引起事故之違規或不當行為
11001ACB91B2031,20210121,120.238574,23.011842,交通事故,一般地址,臺南市永康區南工街段24761號,2,晴,30,單路部分,路段,無號誌,車與車,未依規定讓車
11001ACB91B2033,20210120,120.26532,23.02894,交通事故,交叉路口,臺南市永康區中山北路段號龍潭街,2,晴,50,交岔路,交叉路口,行車管制號誌,車與車,違反號誌管制或指揮
11001ACB91B2036,20210120,120.256502,22.999692,交通事故,一般地址,臺南市永康區大灣路段801號,1,晴,50,單路部分,路段,無號誌,車與車,變換車道或方向不當
11001ACB91B2037,20210120,120.275215,23.02106,交通事故,交叉路口,臺南市永康區富強路1段號西勢路,1,晴,50,交岔路,交叉路口,行車管制號誌,車與車,違反號誌管制或指揮
11001ACB91B2044,20210113,120.240013,23.046114,交通事故,其他,臺南市永康區段號仁愛街與仁愛街136巷,1,晴,50,交岔路,交叉路口,閃光號誌,車與車,左轉彎未依規定
11001ACB91B2049,20210103,120.273045,23.00154,交通事故,一般地址,臺南市永康區民族路段12號,1,晴,50,單路部分,路段,無號誌,車與車,變換車道或方向不當
11001ACB91B2072,20210113,120.23634,23.015859,交通事故,一般地址,臺南市永康區中山南路段247號,1,晴,50,交岔路,交叉路口,行車管制號誌,車與車,未保持行車安全距離
11001ACB91B2076,20210113,120.246263,23.001106,交通事故,交叉路口,臺南市永康區復國路段號復國路87,1,晴,50,交岔路,交叉路口,行車管制號誌,車與車,未依規定讓車
11001ACB91B2077,20210116,120.236004,23.004363,交通事故,一般地址,臺南市永康區中興里中華一路段140號,1,晴,50,交岔路,交叉路口,無號誌,車與車,迴轉未依規定
11001ACB91B2084,20210114,120.259759,23.001535,交通事故,交叉路口,臺南市永康區永大路2段號國光二街,2,晴,50,交岔路,交叉路口,行車管制號誌,車與車,違反號誌管制或指揮
11001ACB91B2087,20210101,120.254868,23.046901,交通事故,一般地址,臺南市永康區蔦松一街段188號,1,晴,50,單路部分,路段,無號誌,車與車,其他引起事故之違規或不當行為
11001ACB91B2088,20210120,120.240597,23.047344,交通事故,其他,臺南市永康區段號仁愛街上(三和高幹69號),1,晴,30,交岔路,交叉路口,無號誌,人與汽(機)車,未注意車前狀態
11001ACB91B2092,20210113,120.273905,23.030642,交通事故,其他,臺南市永康區段號王行路13號,1,晴,50,交岔路,交叉路口,無號誌,車與車,未依規定讓車
11001ACB91B2108,20210121,120.246551,23.01229,交通事故,交叉路口,臺南市永康區復國一路段號復華六街,2,晴,50,交岔路,交叉路口,行車管制號誌,車與車,左轉彎未依規定
11001ACB91B2118,20210122,120.235239,23.006623,交通事故,一般地址,臺南市永康區中華路段280之53號0,1,晴,40,單路部分,路段,無號誌,車與車,未注意車前狀態
11001ACB91B2122,20210122,120.226683,23.018243,交通事故,一般地址,臺南市永康區大橋里中華路段826號0,1,晴,50,交岔路,交叉路口,行車管制號誌,人與汽(機)車,未注意車前狀態
11001ACB91B2123,20210122,120.254658,23.024926,交通事故,交叉路口,臺南市永康區中山南路段號永正路,1,陰,50,交岔路,交叉路口,行車管制號誌(附設行人專用號誌),車與車,未注意車前狀態
11001ACB91B2128,20210117,120.241304,23.0489,交通事故,交叉路口,臺南市永康區仁愛街段號永安路,1,晴,50,交岔路,交叉路口,行車管制號誌,車與車,左轉彎未依規定
11001ACB91B2139,20210122,120.23021,23.02355,交通事故,一般地址,臺南市永康區東橋里東橋一路段號0,1,雨,50,單路部分,路段,無號誌,汽(機)車本身,未依規定減速
11001ACB91B2148,20210119,120.275419,23.019808,交通事故,交叉路口,臺南市永康區富強路1段號富強路1306,2,晴,50,交岔路,交叉路口,無號誌,車與車,夜間行駛無燈光設備
11001ACB91B2151,20210122,120.243807,23.035284,交通事故,其他,臺南市永康區段號中正路與中正二街,1,雨,50,交岔路,交叉路口,行車管制號誌,車與車,右轉彎未依規定
11001ACB91B2152,20210106,120.254794,22.999533,交通事故,其他,臺南市永康區段號大灣路954號,1,晴,50,交岔路,交叉路口,行車管制號誌,車與車,未依規定讓車
11001ACB91B2156,20210122,120.240006,23.050497,交通事故,交叉路口,臺南市永康區永安路段號防汛道路,1,晴,50,交岔路,交叉路口,行車管制號誌,車與車,變換車道或方向不當
11001ACB91B2161,20210122,120.271343,23.053718,交通事故,交叉路口,臺南市永康區中正北路段號和平東路,1,雨,50,交岔路,交叉路口,行車管制號誌(附設行人專用號誌),汽(機)車本身,未注意車前狀態
11001ACB91B2163,20210121,120.251373,23.03158,交通事故,交叉路口,臺南市永康區正強街段號中正路256,1,晴,50,交岔路,交叉路口,無號誌,車與車,未注意車前狀態
11001ACB91B2177,20210122,120.25116,23.016407,交通事故,交叉路口,臺南市永康區永二街段號永二街244,1,雨,50,交岔路,交叉路口,行車管制號誌,車與車,其他引起事故之違規或不當行為
11001ACB91B2195,20210117,120.259472,23.000328,交通事故,交叉路口,臺南市永康區崑山里永大路2段號大灣路,1,晴,50,交岔路,交叉路口,行車管制號誌,車與車,違反號誌管制或指揮
11001ACB91B2197,20210118,120.226721,23.018294,交通事故,交叉路口,臺南市永康區大橋里中華路段號中華西街,2,晴,50,交岔路,交叉路口,行車管制號誌,人與汽(機)車,未注意車前狀態
11001ACB91B2200,20210122,120.261519,23.020964,交通事故,一般地址,臺南市永康區永大路2段803號,1,陰,40,單路部分,路段,無號誌,汽(機)車本身,未注意車前狀態
11001ACB91B2208,20210123,120.267004,23.005826,交通事故,交叉路口,臺南市永康區大灣路段號大灣路356,2,陰,50,交岔路,交叉路口,無號誌,車與車,未依規定讓車
11001ACB91B2209,20210122,120.229765,23.038108,交通事故,其他,臺南市永康區段號洲尾街91號前,1,陰,50,單路部分,路段,無號誌,車與車,未保持行車安全距離
11001ACB91B2212,20210123,120.230033,23.018256,交通事故,一般地址,臺南市永康區大橋里大橋一街段248號0,2,陰,30,單路部分,路段,無號誌,汽(機)車本身,其他引起事故之違規或不當行為
11001ACB91B2213,20210107,120.227193,23.013375,交通事故,其他,臺南市永康區段號中山南路與中華西街口,1,晴,50,交岔路,交叉路口,行車管制號誌,車與車,未依規定讓車
11001ACB91B2216,20210122,120.233964,23.03828,交通事故,其他,臺南市永康區段號中正南路630號前,1,雨,50,單路部分,路段,無號誌,車與車,未注意車前狀態
11001ACB91B2219,20210117,120.245901,23.010464,交通事故,其他,臺南市永康區段號復國一路315巷12號,1,晴,30,單路部分,路段,無號誌,車與車,起步未注意其他車(人)安全
11001ACB91B2232,20210120,120.2522,23.015703,交通事故,交叉路口,臺南市永康區永二街段號文化路,1,晴,50,交岔路,交叉路口,行車管制號誌,汽(機)車本身,未注意車前狀態
11001ACB91B2235,20210122,120.226325,23.017734,交通事故,其他,臺南市永康區段號中華西街與中華西街269巷口,1,晴,30,交岔路,交叉路口,無號誌,車與車,未依規定讓車
11001ACB91B2236,20210120,120.24281,23.038228,交通事故,其他,臺南市永康區段號新中街路燈(編號343814)前,1,晴,50,單路部分,路段,無號誌,車與車,未依規定讓車
11001ACB91B2241,20210123,120.252775,23.001697,交通事故,交叉路口,臺南市永康區大灣路段110217號大灣路94271,1,晴,30,交岔路,交叉路口,無號誌,車與車,不明原因肇事
11001ACB91B2242,20210122,120.235418,23.002581,交通事故,一般地址,臺南市永康區中華路段96號,1,雨,50,單路部分,路段,無號誌,汽(機)車本身,其他引起事故之違規或不當行為
11001ACB91B2245,20210123,120.24745,23.042208,交通事故,其他,臺南市永康區段號中正北路317巷(中油加油站旁),2,晴,30,單路部分,路段,無號誌,車與車,未注意車前狀態
11001ACB91B2249,20210115,120.23707,22.998764,交通事故,一般地址,臺南市永康區小東路段581號,2,晴,50,單路部分,路段,無號誌,車與車,未注意車前狀態
11001ACB91B2255,20210123,120.2183,23.023595,交通事故,其他,臺南市永康區段號中華路與中正南路,1,晴,50,交岔路,交叉路口,行車管制號誌,車與車,未注意車前狀態
11001ACB91B2269,20210110,120.246478,23.009113,交通事故,其他,臺南市永康區段號復國一路362巷與復國一路口,2,晴,50,交岔路,交叉路口,無號誌,車與車,未依規定讓車
11001ACB91B2271,20210113,120.251121,23.03668,交通事故,其他,臺南市永康區段號四維街平交道(往北),1,晴,50,單路部分,路段,閃光號誌,車與車,未保持行車安全距離
11001ACB91B2273,20210122,120.227267,23.018124,交通事故,一般地址,臺南市永康區中華路段796號,3,晴,50,單路部分,路段,無號誌,車與車,未保持行車安全距離
11001ACB91B2280,20210122,120.234828,22.998377,交通事故,交叉路口,臺南市永康區中華路段號小東路,2,晴,50,交岔路,交叉路口,行車管制號誌(附設行人專用號誌),車與車,未保持行車安全距離
11001ACB91B2283,20210122,120.234574,23.013568,交通事故,交叉路口,臺南市永康區五福街段號五福街110,1,雨,30,交岔路,交叉路口,行車管制號誌,車與車,違反號誌管制或指揮
11001ACB91B2285,20210122,120.254957,23.038062,交通事故,交叉路口,臺南市永康區八德街段326號八德街32642,1,陰,30,交岔路,交叉路口,無號誌,汽(機)車本身,未注意車前狀態
11001ACB91B2289,20210123,120.263223,23.06103,交通事故,一般地址,臺南市永康區和平路段283號,1,陰,30,交岔路,交叉路口,無號誌,車與車,迴轉未依規定
11001ACB91B2290,20210120,120.234798,22.998473,交通事故,其他,臺南市永康區段號中華路與小東路口,2,晴,50,交岔路,交叉路口,行車管制號誌,車與車,未注意車前狀態
11001ACB91B2293,20210123,120.23267,23.010597,交通事故,一般地址,臺南市永康區五王里中華路段456號0,1,晴,50,單路部分,路段,無號誌,車與車,起步未注意其他車(人)安全
11001ACB91B2296,20210122,120.236891,23.002367,交通事故,一般地址,臺南市永康區中華路段5872號,1,晴,50,單路部分,路段,無號誌,車與車,逆向行駛
11001ACB91B2321,20210122,120.2509,23.016574,交通事故,其他,臺南市永康區段號高速一街與永二街口,1,晴,50,交岔路,交叉路口,行車管制號誌,車與車,未注意車前狀態
11001ACB91B2329,20210120,120.234872,22.999804,交通事故,一般地址,臺南市永康區中華里中華路段44415號,3,晴,50,交岔路,交叉路口,行車管制號誌,車與車,未注意車前狀態
11001ACB91B2330,20210121,120.247891,22.998659,交通事故,交叉路口,臺南市永康區建國里復興路段號高速二街,1,晴,50,交岔路,交叉路口,行車管制號誌,車與車,違反特定標誌(線)禁制
11001ACB91B2332,20210122,120.233308,23.022514,交通事故,交叉路口,臺南市永康區東橋里東橋十街段號東橋三路,1,晴,50,交岔路,交叉路口,行車管制號誌,車與車,未依規定讓車
11001ACB91B2333,20210122,120.244912,23.009754,交通事故,交叉路口,臺南市永康區復華里復華三街段號復華三街90,1,晴,50,交岔路,交叉路口,行車管制號誌,汽(機)車本身,未注意車前狀態
11001ACB91B2334,20210123,120.215595,23.021486,交通事故,交叉路口,臺南市永康區甲頂里小北路段號中央路2315,1,晴,50,交岔路,交叉路口,無號誌,車與車,起步未注意其他車(人)安全
11001ACB91B2336,20210124,120.231448,23.021495,交通事故,交叉路口,臺南市永康區東橋里東橋一路段號大橋二街,1,晴,50,交岔路,交叉路口,行車管制號誌,車與車,違反號誌管制或指揮
11001ACB91B2351,20210120,120.263004,23.012588,交通事故,其他,臺南市永康區段號永大路二段399巷3號,3,晴,30,交岔路,交叉路口,無號誌,車與車,未依規定讓車
11001ACB91B2358,20210120,120.266041,23.000104,交通事故,其他,臺南市永康區段號大灣東路與大灣東路218巷口,2,晴,50,交岔路,交叉路口,行車管制號誌,車與車,違反號誌管制或指揮
11001ACB91B2362,20210115,120.269487,23.041552,交通事故,交叉路口,臺南市永康區自強路段號環工路,1,晴,50,交岔路,交叉路口,行車管制號誌,車與車,未保持行車安全距離
11001ACB91B2366,20210124,120.265594,23.020806,交通事故,交叉路口,臺南市永康區西勢路段號西勢路621,1,陰,50,交岔路,交叉路口,行車管制號誌,車與車,未注意車前狀態
11001ACB91B2371,20210118,120.239248,22.998725,交通事故,一般地址,臺南市永康區小東路段671號0龍橋街,1,晴,40,單路部分,路段,無號誌,車與車,未保持行車安全距離
11001ACB91B2376,20210121,120.271396,23.003319,交通事故,其他,臺南市永康區段號民族路153號,1,晴,50,單路部分,路段,無號誌,汽(機)車本身,其他引起事故之違規或不當行為
11001ACB91B2378,20210115,120.276347,23.020689,交通事故,交叉路口,臺南市永康區西勢路段號西勢路196,2,晴,50,交岔路,交叉路口,無號誌,車與車,橫越道路不慎