案件編號,發生日期,GPS經度,GPS緯度,案件類別名稱,地址類型名稱,發生縣市名稱,受傷人數,天候名稱, 速限-第1當事者,道路型態大類別名稱,事故位置大類別名稱,號誌-號誌種類名稱,事故類型及型態大類別名稱,肇因研判子類別名稱-主要
11001ACB91B2379,20210110,120.260463,23.028711,交通事故,交叉路口,臺南市永康區永大路3段號埔聖街,1,晴,50,交岔路,交叉路口,行車管制號誌,車與車,未依規定讓車
11001ACB91B2390,20210120,120.285011,23.033288,交通事故,交叉路口,臺南市永康區中山北路段號王行東路,1,晴,50,交岔路,交叉路口,行車管制號誌,車與車,未注意車前狀態
11001ACB91B2391,20210124,120.264875,23.002048,交通事故,一般地址,臺南市永康區大灣路段572號,1,晴,0,單路部分,路段,無號誌,車與車,倒車未依規定
11001ACB91B2392,20210101,120.271023,23.01364,交通事故,其他,臺南市永康區段號大灣路40巷14弄,1,晴,30,交岔路,交叉路口,閃光號誌,車與車,未依規定讓車
11001ACB91B2393,20210118,120.244206,23.041745,交通事故,一般地址,臺南市永康區中正北路段199號,1,晴,40,單路部分,路段,無號誌,汽(機)車本身,不明原因肇事
11001ACB91B2395,20210115,120.272241,23.039141,交通事故,交叉路口,臺南市永康區王行路段號自強路888,1,晴,30,交岔路,交叉路口,無號誌,車與車,未保持行車安全間隔
11001ACB91B2414,20210124,120.261798,23.013646,交通事故,交叉路口,臺南市永康區公園路段63號公園路,2,晴,30,交岔路,交叉路口,無號誌,車與車,未依規定讓車
11001ACB91B2430,20210124,120.234658,23.016803,交通事故,一般地址,臺南市永康區東橋里中山南路段1952423號0,2,晴,50,交岔路,交叉路口,閃光號誌,車與車,爭(搶)道行駛
11001ACB91B2444,20210125,120.230332,23.023574,交通事故,其他,臺南市永康區段號臺南市永康區東橋里東橋一路編號1022號路燈旁,1,晴,50,單路部分,路段,無號誌,汽(機)車本身,未注意車前狀態
11001ACB91B2455,20210122,120.24588,23.019684,交通事故,其他,臺南市永康區段號中山南路與永二街447巷,1,晴,50,交岔路,交叉路口,行車管制號誌,汽(機)車本身,未注意車前狀態
11001ACB91B2462,20210125,120.259848,23.03384,交通事故,其他,臺南市永康區段號永大路3段370號前,1,晴,50,交岔路,交叉路口,行車管制號誌,車與車,不明原因肇事
11001ACB91B2468,20210119,120.230507,23.035328,交通事故,其他,臺南市永康區段號中正南路與正南三路口,2,晴,50,交岔路,交叉路口,行車管制號誌,車與車,未依規定讓車
11001ACB91B2476,20210109,120.246823,23.019484,交通事故,一般地址,臺南市永康區永二街段411號,2,晴,50,單路部分,路段,無號誌,車與車,違反特定標誌(線)禁制
11001ACB91B2488,20210125,120.259122,23.000151,交通事故,交叉路口,臺南市永康區永大路1段號大灣路,1,晴,0,交岔路,交叉路口,行車管制號誌,車與車,倒車未依規定
11001ACB91B2493,20210125,120.218837,23.023274,交通事故,其他,臺南市永康區段號中華路1012之1號,2,晴,40,單路部分,路段,無號誌,汽(機)車本身,其他引起事故之違規或不當行為
11001ACB91B2515,20210125,120.232379,23.046274,交通事故,其他,臺南市永康區段號鹽水溪旁河堤道路(東向西)路燈編碼(鹽洲里255),1,晴,40,單路部分,路段,無號誌,車與車,其他引起事故之違規或不當行為
11001ACB91B2516,20210122,120.223077,23.020578,交通事故,其他,臺南市永康區段號中華路與大武街口(陸橋下),1,晴,50,交岔路,交叉路口,行車管制號誌,車與車,未保持行車安全間隔
11001ACB91B2522,20210125,120.238434,23.04026,交通事故,交叉路口,臺南市永康區中正路段號中正六街,1,晴,50,交岔路,交叉路口,行車管制號誌,車與車,未依規定讓車
11001ACB91B2523,20210124,120.251467,22.998465,交通事故,一般地址,臺南市永康區崑大路段205號,1,晴,50,交岔路,交叉路口,行車管制號誌(附設行人專用號誌),車與車,未保持行車安全間隔
11001ACB91B2525,20210126,120.239264,23.041334,交通事故,一般地址,臺南市永康區中正北路段20455號0,1,晴,50,單路部分,路段,無號誌,車與車,未保持行車安全距離
11001ACB91B2536,20210126,120.24836,23.012295,交通事故,交叉路口,臺南市永康區復華六街段號復國二路,1,晴,50,交岔路,交叉路口,無號誌,車與車,未依規定讓車
11001ACB91B2540,20210126,120.279773,23.035736,交通事故,交叉路口,臺南市永康區王行里永科王田大道段號永科環路,1,晴,50,交岔路,交叉路口,行車管制號誌,車與車,未保持行車安全距離
11001ACB91B2545,20210122,120.258295,23.001973,交通事故,其他,臺南市永康區段號國光二街與崑山街口,1,雨,50,交岔路,交叉路口,閃光號誌,車與車,未依規定讓車
11001ACB91B2552,20210114,120.25897,23.023037,交通事故,交叉路口,臺南市永康區永康街段號永康街310,2,晴,50,交岔路,交叉路口,無號誌,車與車,左轉彎未依規定
11001ACB91B2553,20210126,120.245643,23.033766,交通事故,交叉路口,臺南市永康區中正路段號中正路542,2,晴,50,交岔路,交叉路口,無號誌,車與車,未依規定讓車
11001ACB91B2554,20210126,120.264231,23.019594,交通事故,交叉路口,臺南市永康區大同街段740號西勢路669,2,晴,50,交岔路,交叉路口,無號誌,車與車,未依規定讓車
11001ACB91B2558,20210126,120.254091,23.028583,交通事故,其他,臺南市永康區段號正義街53號前,1,晴,50,單路部分,路段,無號誌,車與車,未保持行車安全間隔
11001ACB91B2563,20210126,120.258961,23.010493,交通事故,交叉路口,臺南市永康區西灣里永華路段號永榮一街,1,晴,50,交岔路,交叉路口,閃光號誌,車與車,右轉彎未依規定
11001ACB91B2570,20210115,120.239478,23.041421,交通事故,一般地址,臺南市永康區中正北路段56之1號,1,晴,50,單路部分,其他,無號誌,車與車,橫越道路不慎
11001ACB91B2580,20210115,120.244094,23.017697,交通事故,其他,臺南市永康區段號忠孝路380巷與忠孝路380巷13弄,1,晴,30,交岔路,交叉路口,閃光號誌,車與車,未依規定讓車
11001ACB91B2617,20210115,120.243067,23.016605,交通事故,交叉路口,臺南市永康區忠孝路段號忠孝路352,3,晴,50,交岔路,交叉路口,行車管制號誌,車與車,未依規定讓車
11001ACB91B2637,20210127,120.242079,22.998561,交通事故,其他,臺南市永康區段號復興路301號,1,晴,50,單路部分,路段,無號誌,車與車,未保持行車安全距離
11001ACB91B2638,20210121,120.26791,23.035131,交通事故,交叉路口,臺南市永康區育樂街段號育樂街214,1,晴,50,交岔路,交叉路口,行車管制號誌,車與車,其他引起事故之違規或不當行為
11001ACB91B2639,20210121,120.274844,23.018399,交通事故,交叉路口,臺南市永康區富強路1段號富強路1254,2,晴,50,交岔路,交叉路口,無號誌,車與車,未注意車前狀態
11001ACB91B2640,20210124,120.222309,23.021047,交通事故,其他,臺南市永康區段號中華路永康橋與南台街13巷口,1,晴,50,交岔路,交叉路口,行車管制號誌,車與車,違反特定標誌(線)禁制
11001ACB91B2641,20210124,120.229791,23.018126,交通事故,交叉路口,臺南市永康區大橋一街段號大橋一街139,1,晴,30,交岔路,交叉路口,無號誌,車與車,未依規定讓車
11001ACB91B2642,20210125,120.244128,23.034989,交通事故,交叉路口,臺南市永康區中正路段號中正路337,1,晴,50,交岔路,交叉路口,無號誌,汽(機)車本身,未注意車前狀態
11001ACB91B2643,20210127,120.246345,23.009657,交通事故,交叉路口,臺南市永康區復國一路段號復華三街,1,晴,50,交岔路,交叉路口,閃光號誌,車與車,未依規定讓車
11001ACB91B2644,20210126,120.235241,23.00427,交通事故,交叉路口,臺南市永康區中華路段號中華一路,1,晴,50,交岔路,交叉路口,行車管制號誌,車與車,違反號誌管制或指揮
11001ACB91B2645,20210126,120.228697,23.017477,交通事故,交叉路口,臺南市永康區大橋一街段號大橋一街31,1,晴,30,交岔路,交叉路口,無號誌,車與車,未依規定讓車
11001ACB91B2652,20210123,120.215988,23.019299,交通事故,其他,臺南市永康區段號中正南路與公園路1092巷口,1,晴,50,交岔路,交叉路口,行車管制號誌,車與車,違反號誌管制或指揮
11001ACB91B2663,20210115,120.238247,22.998788,交通事故,一般地址,臺南市永康區小東路段637號,1,晴,50,單路部分,路段,無號誌,車與車,其他引起事故之違規或不當行為
11001ACB91B2665,20210115,120.237293,23.036662,交通事故,其他,臺南市永康區段號中正六街9號前,1,晴,50,單路部分,路段,無號誌,汽(機)車本身,其他引起事故之違規或不當行為
11001ACB91B2676,20210115,120.22221,23.020921,交通事故,其他,臺南市永康區段號中華路永康陸橋上(北往南),1,晴,50,單路部分,路段,行車管制號誌,車與車,違反號誌管制或指揮
11001ACB91B2689,20210116,120.261655,23.000689,交通事故,其他,臺南市永康區段號大灣路與南興路口,1,晴,50,交岔路,路段,行車管制號誌,汽(機)車本身,未注意車前狀態
11001ACB91B2693,20210127,120.274593,23.045284,交通事故,交叉路口,臺南市永康區王行路段號永科北路,2,晴,50,交岔路,交叉路口,行車管制號誌,車與車,變換車道或方向不當
11001ACB91B2698,20210114,120.220342,23.024707,交通事故,其他,臺南市永康區段號中正南路210巷3號前,1,晴,30,單路部分,路段,無號誌,車與車,未靠右行駛
11001ACB91B2700,20210114,120.258734,23.026226,交通事故,其他,臺南市永康區段號中山北路與永明街口,1,晴,50,交岔路,交叉路口,行車管制號誌,車與車,未保持行車安全間隔
11001ACB91B2703,20210127,120.239325,23.012236,交通事故,交叉路口,臺南市永康區南工街段號南工街280,1,晴,30,交岔路,交叉路口,無號誌,車與車,其他引起事故之違規或不當行為
11001ACB91B2704,20210120,120.218056,23.023597,交通事故,其他,臺南市永康區段號中華路與中正南路口,1,晴,50,交岔路,交叉路口,行車管制號誌,車與車,未注意車前狀態
11001ACB91B2705,20210114,120.249615,22.995929,交通事故,其他,臺南市永康區段號復興路1巷41弄,2,晴,30,交岔路,交叉路口,無號誌,車與車,未依規定讓車
11001ACB91B2709,20210120,120.244872,23.034416,交通事故,其他,臺南市永康區段號中正路500號前,1,晴,50,單路部分,路段,行車管制號誌,車與車,未注意車前狀態
11001ACB91B2710,20210120,120.216093,23.019572,交通事故,其他,臺南市永康區段號公園路與甲頂路口,2,晴,50,交岔路,交叉路口,行車管制號誌,汽(機)車本身,未注意車前狀態
11001ACB91B2711,20210102,120.235378,23.021887,交通事故,交叉路口,臺南市永康區東橋五路段號東橋八街,1,晴,50,交岔路,交叉路口,閃光號誌,汽(機)車本身,未依規定減速
11001ACB91B2732,20210127,120.244133,23.034967,交通事故,其他,臺南市永康區段號中正路與中正路337巷口,1,晴,50,交岔路,路段,無號誌,車與車,未保持行車安全距離
11001ACB91B2753,20210127,120.239969,23.000932,交通事故,一般地址,臺南市永康區忠孝路段16號,2,晴,50,單路部分,路段,無號誌,車與車,違反特定標誌(線)禁制
11001ACB91B2758,20210128,120.262815,23.017479,交通事故,其他,臺南市永康區段號永大路二段1012號,1,晴,50,單路部分,路段,無號誌,車與車,酒醉(後)駕駛失控
11001ACB91B2761,20210126,120.270615,23.011892,交通事故,其他,臺南市永康區段號大灣路70號,3,晴,50,單路部分,路段,無號誌,車與車,未注意車前狀態
11001ACB91B2769,20210128,120.253032,23.030943,交通事故,其他,臺南市永康區段號中正路與中正二路,2,陰,50,交岔路,交叉路口,行車管制號誌,車與車,右轉彎未依規定
11001ACB91B2775,20210124,120.265845,23.038241,交通事故,其他,臺南市永康區段號龍橋街130巷與自強路872巷,1,晴,50,交岔路,交叉路口,無號誌,車與車,未依規定讓車
11001ACB91B2777,20210128,120.273942,23.029284,交通事故,其他,臺南市永康區段號富強路二段398巷口,1,陰,50,交岔路,交叉路口,無號誌,車與車,未依規定讓車
11001ACB91B2790,20210128,120.252137,22.998853,交通事故,其他,臺南市永康區段號大灣路1060號前,1,晴,50,單路部分,路段,無號誌,車與車,變換車道或方向不當
11001ACB91B2792,20210128,120.240235,23.005288,交通事故,其他,臺南市永康區段號忠孝路152巷2號前,1,晴,50,交岔路,交叉路口,行車管制號誌,車與車,未依規定讓車
11001ACB91B2804,20210128,120.235046,23.01372,交通事故,一般地址,臺南市永康區五福街段136號,2,晴,30,單路部分,路段,無號誌,車與車,橫越道路不慎
11001ACB91B2809,20210123,120.234588,23.008524,交通事故,交叉路口,臺南市永康區中華二路段號成功路,2,晴,50,交岔路,交叉路口,行車管制號誌,車與車,未依規定讓車
11001ACB91B2810,20210128,120.229922,23.010127,交通事故,交叉路口,臺南市永康區六合路段63號六合路57,1,晴,30,交岔路,交叉路口,無號誌,車與車,未依規定讓車
11001ACB91B2812,20210120,120.265018,23.048409,交通事故,一般地址,臺南市永康區中正北路段738號,1,晴,50,單路部分,路段,無號誌,汽(機)車本身,未注意車前狀態
11001ACB91B2814,20210128,120.215383,23.025004,交通事故,其他,臺南市永康區段號溪頂寮橋往南,1,晴,50,單路部分,路段,行車管制號誌,車與車,變換車道或方向不當
11001ACB91B2824,20210122,120.24195,23.037044,交通事故,其他,臺南市永康區段號中正、新中路口,1,晴,50,交岔路,交叉路口,行車管制號誌,車與車,未依規定讓車
11001ACB91B2832,20210124,120.250008,23.02723,交通事故,其他,臺南市永康區段號自強路199號,1,晴,30,單路部分,路段,無號誌,車與車,未保持行車安全間隔
11001ACB91B2835,20210128,120.250465,23.02251,交通事故,交叉路口,臺南市永康區中山南路段號永興路,1,晴,50,交岔路,交叉路口,行車管制號誌,汽(機)車本身,未注意車前狀態
11001ACB91B2851,20210125,120.256158,23.025504,交通事故,一般地址,臺南市永康區中山南路段1070號,1,晴,50,交岔路,交叉路口,行車管制號誌,車與車,未保持行車安全間隔
11001ACB91B2864,20210128,120.244093,23.053949,交通事故,交叉路口,臺南市永康區仁愛街段號三民街,2,晴,50,交岔路,交叉路口,行車管制號誌,車與車,未依規定讓車
11001ACB91B2870,20210128,120.215914,23.023354,交通事故,交叉路口,臺南市永康區中華路段號中央路,1,晴,50,交岔路,交叉路口,行車管制號誌(附設行人專用號誌),車與車,未注意車前狀態
11001ACB91B2875,20210128,120.261503,23.009547,交通事故,其他,臺南市永康區段號國光七街與國光七街21巷口,2,晴,50,交岔路,交叉路口,無號誌,車與車,逆向行駛
11001ACB91B2882,20210117,120.245304,23.041801,交通事故,一般地址,臺南市永康區中正北路段253號,1,晴,40,單路部分,路段,無號誌,車與車,起步未注意其他車(人)安全
11001ACB91B2890,20210120,120.253378,23.024235,交通事故,一般地址,臺南市永康區永康里中山南路段571號,2,晴,50,單路部分,路段,無號誌,車與車,未保持行車安全距離
11001ACB91B2904,20210128,120.230543,23.035304,交通事故,交叉路口,臺南市永康區中正南路段號正南三路,1,晴,50,交岔路,交叉路口,行車管制號誌,車與車,裝載貨物不穩妥
11001ACB91B2906,20210125,120.226816,23.025261,交通事故,交叉路口,臺南市永康區正南一街段號中正二街,1,晴,50,交岔路,交叉路口,行車管制號誌,車與車,未依規定讓車
11001ACB91B2909,20210128,120.251528,23.030857,交通事故,交叉路口,臺南市永康區中正路段號正強街,1,晴,50,單路部分,路段,行車管制號誌,車與車,未保持行車安全距離
11001ACB91B2910,20210122,120.235616,23.040451,交通事故,其他,臺南市永康區段號中正南路779巷與中正南路779巷2弄口,2,晴,30,交岔路,交叉路口,無號誌,車與車,未依規定讓車
11001ACB91B2916,20210129,120.227941,23.012516,交通事故,其他,臺南市永康區段號中山南路與中華西街,1,晴,50,交岔路,交叉路口,行車管制號誌,車與車,違反號誌管制或指揮
11001ACB91B2939,20210120,120.231724,23.041985,交通事故,其他,臺南市永康區段號鹽行路230號,1,晴,50,單路部分,路段,無號誌,車與車,未依規定讓車
11001ACB91B2942,20210128,120.231358,23.012378,交通事故,一般地址,臺南市永康區中華路段523號,2,晴,50,單路部分,路段,無號誌,車與車,未保持行車安全間隔
11001ACB91B2950,20210122,120.229951,23.014629,交通事故,交叉路口,臺南市永康區中華路段號中華路23,1,雨,50,交岔路,交叉路口,行車管制號誌,車與車,未依規定讓車
11001ACB91B2956,20210125,120.25004,23.039646,交通事故,一般地址,臺南市永康區中正北路段31829號,1,晴,50,單路部分,路段,無號誌,車與車,未保持行車安全距離
11001ACB91B2957,20210129,120.22008,23.025415,交通事故,一般地址,臺南市永康區中正南路段235號,1,晴,50,交岔路,交叉路口,行車管制號誌,車與車,未依規定讓車
11001ACB91B2964,20210129,120.229297,23.02701,交通事故,一般地址,臺南市永康區中正二街段95號,2,晴,50,單路部分,路段,無號誌,車與車,未注意車前狀態
11001ACB91B2969,20210129,120.23089,23.013461,交通事故,交叉路口,臺南市永康區中山南路段號中華路,1,晴,50,單路部分,路段,行車管制號誌(附設行人專用號誌),車與車,未注意車前狀態
11001ACB91B2970,20210118,120.234669,22.998494,交通事故,交叉路口,臺南市永康區勝利里中華路段號小東路,1,晴,50,交岔路,交叉路口,行車管制號誌,車與車,違反號誌管制或指揮
11001ACB91B2974,20210121,120.235381,23.040569,交通事故,其他,臺南市永康區段號779巷10弄口,1,晴,30,交岔路,交叉路口,無號誌,車與車,未注意車前狀態
11001ACB91B2976,20210129,120.265571,23.015428,交通事故,其他,臺南市永康區段號大同街602號前,1,晴,30,交岔路,交叉路口,閃光號誌,車與車,未依規定讓車
11001ACB91B2992,20210126,120.25455,23.029935,交通事故,其他,臺南市永康區段號中正路57之2號前,1,晴,50,交岔路,交叉路口,無號誌,車與車,蛇行、方向不定
11001ACB91B3030,20210129,120.216256,23.022086,交通事故,交叉路口,臺南市永康區中央路段號小北路,1,晴,50,交岔路,交叉路口,行車管制號誌(附設行人專用號誌),車與車,違反號誌管制或指揮
11001ACB91B3033,20210128,120.220943,23.021791,交通事故,交叉路口,臺南市永康區甲頂里中華路段號南台街1357,1,晴,50,交岔路,交叉路口,行車管制號誌,車與車,未注意車前狀態
11001ACB91B3037,20210130,120.236767,23.033099,交通事故,交叉路口,臺南市永康區?行里?和街段號?平街,1,晴,50,交岔路,交叉路口,閃光號誌,車與車,未依規定讓車
11001ACB91B3055,20210114,120.265436,23.024611,交通事故,交叉路口,臺南市永康區永明街段號中山北路264,1,晴,30,交岔路,交叉路口,閃光號誌,汽(機)車本身,其他引起事故之違規或不當行為
11001ACB91B3058,20210115,120.257917,23.005427,交通事故,交叉路口,臺南市永康區大仁街段號崑山街21,2,晴,30,交岔路,交叉路口,無號誌,車與車,未依規定讓車
11001ACB91B3080,20210118,120.250436,22.99865,交通事故,交叉路口,臺南市永康區復興路段號復興路1,1,晴,50,單路部分,路段,無號誌,車與車,未保持行車安全距離
11001ACB91B3096,20210130,120.263126,23.001021,交通事故,交叉路口,臺南市永康區大灣路段號大灣路537,2,晴,50,交岔路,交叉路口,無號誌,車與車,未依規定讓車
11001ACB91B3100,20210118,120.260956,23.02055,交通事故,交叉路口,臺南市永康區永大五路段號永福街,1,晴,50,交岔路,交叉路口,無號誌,車與車,未依規定讓車
11001ACB91B3103,20210129,120.263347,23.052001,交通事故,一般地址,臺南市永康區三民里正北五路段號0,1,晴,50,交岔路,交叉路口,無號誌,車與車,未依規定讓車
11001ACB91B3121,20210130,120.282527,23.032317,交通事故,一般地址,臺南市永康區中山北路段1023號0,1,晴,50,單路部分,路段,行車管制號誌,汽(機)車本身,未注意車前狀態
11001ACB91B3134,20210129,120.235733,23.032466,交通事故,交叉路口,臺南市永康區?平街段號?平街86,1,晴,50,交岔路,交叉路口,無號誌,車與車,蛇行、方向不定
11001ACB91B3135,20210130,120.229437,23.015361,交通事故,一般地址,臺南市永康區中華路段653號,1,晴,50,單路部分,路段,無號誌,車與車,未注意車前狀態
11001ACB91B3142,20210130,120.234915,23.000835,交通事故,交叉路口,臺南市永康區中華路段號華興街,2,晴,50,交岔路,交叉路口,行車管制號誌,車與車,未保持行車安全間隔
11001ACB91B3146,20210128,120.228834,23.02454,交通事故,其他,臺南市永康區段號正南一街105巷2號前,1,晴,30,交岔路,交叉路口,無號誌,汽(機)車本身,其他引起事故之違規或不當行為
11001ACB91B3150,20210130,120.228881,23.016111,交通事故,其他,臺南市永康區段號中華路681號前,3,晴,50,單路部分,路段,無號誌,車與車,未注意車前狀態
11001ACB91B3152,20210129,120.238187,23.004456,交通事故,其他,臺南市永康區段號中華一路22號前,1,晴,50,單路部分,路段,無號誌,汽(機)車本身,未注意車前狀態
11001ACB91B3154,20210122,120.229058,23.01175,交通事故,其他,臺南市永康區段號新興街16號前,2,晴,30,單路部分,路段,無號誌,車與車,未注意車前狀態
11001ACB91B3181,20210127,120.273415,23.020977,交通事故,交叉路口,臺南市永康區西勢路段199號西勢路19948,1,晴,30,交岔路,交叉路口,無號誌,車與車,未依規定讓車
11001ACB91B3189,20210130,120.22192,23.022682,交通事故,其他,臺南市永康區段號南台街與南台街75巷口,2,晴,30,交岔路,交叉路口,行車管制號誌,車與車,違反號誌管制或指揮
11001ACB91B3195,20210125,120.260682,23.016342,交通事故,其他,臺南市永康區段號文化路與永善路,2,晴,50,交岔路,交叉路口,行車管制號誌,車與車,左轉彎未依規定
11001ACB91B3196,20210120,120.257642,23.033244,交通事故,交叉路口,臺南市永康區埔園街段號埔園街129,1,晴,50,交岔路,交叉路口,無號誌,車與車,未依規定讓車
11001ACB91B3198,20210130,120.225046,23.019165,交通事故,其他,臺南市永康區段號中華路永康陸橋上,1,晴,50,單路部分,路段,無號誌,車與車,未注意車前狀態
11001ACB91B3201,20210130,120.245381,23.023883,交通事故,交叉路口,臺南市永康區中山南路段3651號自強路,2,晴,30,交岔路,交叉路口,無號誌,車與車,未依規定讓車
11001ACB91B3215,20210131,120.273659,23.051743,交通事故,一般地址,臺南市永康區王行路段1094號,1,晴,50,單路部分,路段,無號誌,車與車,未注意車前狀態
11001ACB91B3219,20210124,120.256221,23.023281,交通事故,交叉路口,臺南市永康區永二街段號永平街,1,晴,50,交岔路,交叉路口,行車管制號誌,車與車,違反號誌管制或指揮
11001ACB91B3228,20210131,120.273942,23.028783,交通事故,一般地址,臺南市永康區富強路2段374號,2,晴,50,單路部分,路段,無號誌,車與車,違反特定標誌(線)禁制
11001ACB91B3229,20210131,120.219329,23.023013,交通事故,交叉路口,臺南市永康區中華路段號南台街,2,晴,50,交岔路,交叉路口,閃光號誌,車與車,未依規定讓車
11001ACB91B3234,20210129,120.260855,23.024638,交通事故,交叉路口,臺南市永康區永大路2段號永明街,1,晴,50,交岔路,交叉路口,行車管制號誌,車與車,違反號誌管制或指揮
11001ACB91B3235,20210131,120.242357,23.041769,交通事故,其他,臺南市永康區段號中正北路167號,1,晴,50,單路部分,路段,無號誌,車與車,右轉彎未依規定
11001ACB91B3248,20210129,120.22971,23.00186,交通事故,交叉路口,臺南市永康區勝利街段2號勝利街248,1,晴,30,交岔路,交叉路口,無號誌,車與車,左轉彎未依規定
11001ACB91B3253,20210131,120.260651,23.026324,交通事故,交叉路口,臺南市永康區永大路2段號永明街69,1,晴,50,交岔路,交叉路口,無號誌,車與車,未依規定讓車
11001ACB91B3274,20210131,120.261171,23.005067,交通事故,交叉路口,臺南市永康區永大路2段號國光五街,1,晴,50,交岔路,交叉路口,行車管制號誌,車與車,違反號誌管制或指揮
11001ACB91B3289,20210131,120.254995,23.02028,交通事故,其他,臺南市永康區段號永二街與永興路路口,2,晴,50,交岔路,交叉路口,閃光號誌,車與車,未依規定讓車
11001ACB91B3309,20210127,120.26266,23.009289,交通事故,交叉路口,臺南市永康區永大路段號民族路,2,晴,50,交岔路,交叉路口,行車管制號誌,車與車,未保持行車安全距離
11001ACB91B3313,20210129,120.261024,23.009588,交通事故,交叉路口,臺南市永康區國光七街段21號國光七街,1,晴,50,交岔路,交叉路口,無號誌,車與車,其他引起事故之違規或不當行為
11001ACB91B3316,20210130,120.23783,23.003731,交通事故,交叉路口,臺南市永康區中華一路段39號中華路154,1,晴,30,交岔路,交叉路口,無號誌,車與車,未依規定讓車
11001ACB91B3317,20210126,120.254364,23.030171,交通事故,交叉路口,臺南市永康區中正路段號自強路,2,晴,50,交岔路,交叉路口,行車管制號誌,車與車,未依規定讓車
11001ACB91B3321,20210128,120.236439,22.998511,交通事故,其他,臺南市永康區段號小東路與忠義街口,1,晴,50,交岔路,交叉路口,行車管制號誌,車與車,未依規定讓車
11001ACB91B3323,20210128,120.258895,23.01044,交通事故,交叉路口,臺南市永康區大灣路段942388號永華路15911,1,晴,30,交岔路,交叉路口,無號誌,車與車,未依規定讓車
11001ACB91B3324,20210129,120.235317,23.030482,交通事故,其他,臺南市永康區段號中正二街與正南三路口,1,晴,50,交岔路,交叉路口,行車管制號誌,車與車,未依規定讓車
11001ACB91B3326,20210126,120.231532,23.021653,交通事故,其他,臺南市永康區段號東橋一路大橋國中後面,2,晴,50,單路部分,路段,無號誌,車與車,未保持行車安全間隔
11001ACB91B3327,20210119,120.251528,23.030857,交通事故,交叉路口,臺南市永康區中正路段155號正強街,1,晴,50,交岔路,交叉路口,行車管制號誌,車與車,未依規定讓車
11001ACB91B3331,20210126,120.259142,23.018272,交通事故,其他,臺南市永康區段號永大二路與永興路口,1,晴,50,交岔路,交叉路口,行車管制號誌,車與車,違反號誌管制或指揮
11001ACB91B3336,20210129,120.244451,23.009765,交通事故,其他,臺南市永康區段號復華三街內,1,晴,50,單路部分,路段,無號誌,汽(機)車本身,尚未發現肇事因素
11001ACB91B3337,20210121,120.227412,23.019175,交通事故,一般地址,臺南市永康區大橋二街段105號,1,晴,50,單路部分,路段,無號誌,人與汽(機)車,未注意車前狀態
11001ACB91B3344,20210118,120.243257,23.01681,交通事故,其他,臺南市永康區段號忠孝路與無名道路,2,晴,50,交岔路,交叉路口,行車管制號誌,車與車,違反號誌管制或指揮
11001ACB91B3360,20210106,120.255918,23.043907,交通事故,交叉路口,臺南市永康區蔦松二街段號蔦松二街87,2,晴,50,交岔路,交叉路口,無號誌,車與車,未保持行車安全距離
11001ACB91B3363,20210118,120.223344,23.020456,交通事故,其他,臺南市永康區段號中華路962巷與中華路側車道口,2,晴,30,交岔路,交叉路口,無號誌,車與車,未依規定讓車
11001ACB91B3367,20210129,120.230979,23.003899,交通事故,一般地址,臺南市永康區勝學路段122號,1,晴,30,單路部分,路段,行車管制號誌(附設行人專用號誌),車與車,未注意車前狀態
11001ACB91B3371,20210129,120.247326,23.007154,交通事故,交叉路口,臺南市永康區復國二路段號復國二路79,1,晴,30,交岔路,交叉路口,無號誌,車與車,未注意車前狀態
11001ACB91B3388,20210130,120.22797,23.022578,交通事故,一般地址,臺南市永康區中華路段91250號,2,晴,30,單路部分,路段,無號誌,車與車,未保持行車安全距離
11001ACB91B3390,20210123,120.235516,23.005097,交通事故,其他,臺南市永康區段號中華路與中華路212巷,3,晴,50,交岔路,交叉路口,行車管制號誌,車與車,違反號誌管制或指揮
11001ACB91B3393,20210126,120.250924,23.019707,交通事故,其他,臺南市永康區段號高速一街與未知名道路口,1,晴,50,交岔路,交叉路口,無號誌,車與車,未依規定讓車
11001ACB91B3395,20210111,120.256649,23.001576,交通事故,其他,臺南市永康區段號大仁街與國光一街口,1,晴,50,交岔路,交叉路口,無號誌,車與車,未依規定讓車
11001ACB91B3396,20210119,120.239896,23.007168,交通事故,一般地址,臺南市永康區中興街段66號,1,晴,50,單路部分,路段,無號誌,車與車,起步未注意其他車(人)安全
11001ACB91B3402,20210112,120.235127,23.008411,交通事故,交叉路口,臺南市永康區中華二路段號中華二路206,2,晴,50,交岔路,交叉路口,無號誌,車與車,未依規定讓車
11001ACB91B3407,20210113,120.23512,23.002277,交通事故,交叉路口,臺南市永康區中華路段92號中華路121,1,晴,50,交岔路,交叉路口,行車管制號誌(附設行人專用號誌),車與車,未依規定讓車
11001ACB91B3411,20210115,120.272341,23.013436,交通事故,交叉路口,臺南市永康區富強路1段2號富強路128,1,晴,30,交岔路,交叉路口,無號誌,車與車,未依規定讓車
11001ACB91B3413,20210120,120.26561,23.00835,交通事故,交叉路口,臺南市永康區大安街段號民族路,1,晴,50,交岔路,交叉路口,行車管制號誌,車與車,未保持行車安全間隔
11001ACB91B3414,20210121,120.259767,23.032647,交通事故,交叉路口,臺南市永康區龍國街段號永大路3,1,晴,50,交岔路,交叉路口,行車管制號誌,車與車,未注意車前狀態