案件編號,發生日期,GPS經度,GPS緯度,案件類別名稱,地址類型名稱,發生縣市名稱,受傷人數,天候名稱, 速限-第1當事者,道路型態大類別名稱,事故位置大類別名稱,號誌-號誌種類名稱,事故類型及型態大類別名稱,肇因研判子類別名稱-主要
11001ACB91B3419,20210131,120.223073,23.018773,交通事故,交叉路口,臺南市永康區大武街段2號正新街17,1,晴,30,交岔路,交叉路口,無號誌,車與車,未依規定讓車
11001ACB91B3420,20210121,120.259555,23.002591,交通事故,交叉路口,臺南市永康區大灣路段798號崑山街116,3,晴,30,交岔路,交叉路口,無號誌,車與車,未依規定讓車
11001ACB91B3422,20210123,120.235241,23.00427,交通事故,其他,臺南市永康區段號中華路與中華一路口,1,晴,50,交岔路,交叉路口,行車管制號誌,車與車,未保持行車安全距離
11001ACB91B3424,20210108,120.256815,23.027734,交通事故,交叉路口,臺南市永康區中山路段號埔聖街,1,陰,50,交岔路,交叉路口,無號誌,車與車,未依規定讓車
11001ACB91B3429,20210108,120.2522,23.015703,交通事故,交叉路口,臺南市永康區文化路段號永二街,2,晴,50,交岔路,交叉路口,行車管制號誌,車與車,違反號誌管制或指揮
11001ACB91B3430,20210118,120.232725,23.037104,交通事故,其他,臺南市永康區段號中正南路與鹽和街口,1,晴,50,交岔路,交叉路口,行車管制號誌,車與車,違反號誌管制或指揮
11001ACB91B3434,20210130,120.243,23.043954,交通事故,其他,臺南市永康區段號高速一街與中正路,2,晴,50,交岔路,交叉路口,行車管制號誌,車與車,違反號誌管制或指揮
11001ACB91B3438,20210130,120.248439,23.012302,交通事故,其他,臺南市永康區段號復國二路210巷1號前,3,晴,50,交岔路,交叉路口,無號誌,車與車,未依規定讓車
11001ACB91B3448,20210129,120.251928,22.998608,交通事故,交叉路口,臺南市永康區崑大路段號大灣路891,1,晴,50,交岔路,交叉路口,閃光號誌,汽(機)車本身,未注意車前狀態
11001ACB91B3454,20210120,120.234779,22.998467,交通事故,其他,臺南市永康區段號中華路與小東路,1,晴,50,交岔路,交叉路口,行車管制號誌(附設行人專用號誌),人與汽(機)車,搶越行人穿越道
11001ACB91B3455,20210122,120.214022,23.020063,交通事故,其他,臺南市永康區段號北辰橋頭,1,晴,50,單路部分,路段,行車管制號誌,汽(機)車本身,未依規定讓車
11001ACB91B3457,20210109,120.228648,23.016509,交通事故,一般地址,臺南市永康區中華路段695號,3,晴,50,單路部分,路段,無號誌,車與車,變換車道或方向不當
11001ACB91B3461,20210131,120.246645,23.01708,交通事故,交叉路口,臺南市永康區復華八街段47號復華八街62,1,晴,30,交岔路,交叉路口,無號誌,車與車,未依規定讓車
11001ACB91B3484,20210129,120.244201,23.041548,交通事故,其他,臺南市永康區段號中正北路與新中街口,1,晴,50,交岔路,交叉路口,行車管制號誌,車與車,未依規定讓車
11001ACB91B3487,20210130,120.254803,23.041989,交通事故,其他,臺南市永康區段號中正北路與蔦松二街,2,晴,50,交岔路,交叉路口,行車管制號誌,車與車,違反特定標誌(線)禁制
11001ACB91B3490,20210116,120.259926,23.028654,交通事故,一般地址,臺南市永康區埔聖街段87號,2,晴,50,交岔路,交叉路口,無號誌,車與車,未保持行車安全距離
11001ACB91B3511,20210121,120.25114,23.036726,交通事故,其他,臺南市永康區段號四維街與平交道附近,1,晴,15,平交道,其他,閃光號誌,車與車,未注意車前狀態
11001ACB91B3526,20210125,120.257312,23.025964,交通事故,交叉路口,臺南市永康區中山北路段號中山路,1,晴,50,交岔路,交叉路口,行車管制號誌(附設行人專用號誌),汽(機)車本身,未注意車前狀態
11001ACB91B3529,20210102,120.23747,23.041198,交通事故,交叉路口,臺南市永康區中正北路段號中正路,3,晴,50,交岔路,交叉路口,行車管制號誌,車與車,未依規定讓車
11001ACB91B3531,20210109,120.254201,23.028622,交通事故,交叉路口,臺南市永康區正義街段號自強路368,1,晴,30,交岔路,交叉路口,無號誌,車與車,未依規定讓車
11001ACB91B3557,20210129,120.260855,23.024638,交通事故,交叉路口,臺南市永康區永大路2段號永明街,1,晴,50,交岔路,交叉路口,行車管制號誌,車與車,未注意車前狀態
11001ACB91B3558,20210114,120.242516,23.019717,交通事故,一般地址,臺南市永康區中山南路段626號,1,晴,50,單路部分,路段,無號誌,車與車,未注意車前狀態
11001ACB91B3562,20210120,120.274191,23.044389,交通事故,其他,臺南市永康區段號王行路340681號路燈前(靠近自強路與王行路口),2,晴,50,單路部分,路段,無號誌,車與車,未注意車前狀態
11001ACB91B3565,20210120,120.26146,23.01887,交通事故,交叉路口,臺南市永康區永福街段號永大二路,1,晴,50,交岔路,交叉路口,閃光號誌,車與車,未依規定讓車
11001ACB91B3567,20210126,120.260157,23.016553,交通事故,交叉路口,臺南市永康區文化路段號永榮三街,2,晴,50,交岔路,交叉路口,行車管制號誌,車與車,未注意車前狀態
11001ACB91B3574,20210102,120.2183,23.023595,交通事故,交叉路口,臺南市永康區中華路段號中正南路,1,晴,50,交岔路,交叉路口,行車管制號誌,車與車,未保持行車安全間隔
11001ACB91B3575,20210107,120.247092,23.042125,交通事故,一般地址,臺南市永康區中正北路段301號,1,陰,50,單路部分,路段,無號誌,汽(機)車本身,未注意車前狀態
11001ACB91B3576,20210108,120.241891,23.037083,交通事故,交叉路口,臺南市永康區中正路段號新中街,1,晴,50,交岔路,交叉路口,行車管制號誌,車與車,未依規定讓車
11001ACB91B3596,20210119,120.251259,23.036282,交通事故,交叉路口,臺南市永康區四維街段號八德街,1,晴,50,交岔路,交叉路口,行車管制號誌,車與車,未依規定讓車
11001ACB91B3597,20210124,120.225281,23.030072,交通事故,交叉路口,臺南市永康區中正南路段號中正南路318,1,晴,50,交岔路,交叉路口,行車管制號誌,車與車,未保持行車安全距離
11001ACB91B3618,20210114,120.233942,23.021064,交通事故,交叉路口,臺南市永康區東橋三路段號東橋八街,1,晴,50,交岔路,交叉路口,閃光號誌,車與車,未依規定讓車
11001ACB91B3624,20210114,120.225311,23.032756,交通事故,一般地址,臺南市永康區洲工街段19號,1,晴,50,單路部分,路段,無號誌,車與車,未注意車前狀態
11001ACB91B3627,20210127,120.230662,23.013474,交通事故,交叉路口,臺南市永康區中華路段號中山南路,1,晴,50,交岔路,交叉路口,行車管制號誌,車與車,未保持行車安全距離
11001ACB91B3644,20210124,120.248645,23.013286,交通事故,交叉路口,臺南市永康區復國二路段號復國二路244,1,晴,30,交岔路,交叉路口,無號誌,車與車,未依規定讓車
11001ACB91B3645,20210126,120.259989,23.002201,交通事故,一般地址,臺南市永康區永大路2段27號,1,晴,50,單路部分,路段,無號誌,車與車,倒車未依規定
11001ACB91B3646,20210127,120.264135,23.013383,交通事故,交叉路口,臺南市永康區大安街段號大安街468,2,晴,50,交岔路,交叉路口,無號誌,車與車,未依規定讓車
11001ACB91B3648,20210127,120.26017,23.030606,交通事故,交叉路口,臺南市永康區永大路3段號聖龍街,3,晴,30,交岔路,交叉路口,行車管制號誌,車與車,未依規定讓車
11001ACB91B3650,20210130,120.263081,23.021912,交通事故,交叉路口,臺南市永康區大同街段號永平街,1,晴,50,交岔路,交叉路口,行車管制號誌,車與車,違反號誌管制或指揮
11001ACB91B3651,20210128,120.251619,23.029704,交通事故,其他,臺南市永康區段號正強街233號前,1,晴,50,單路部分,路段,無號誌,車與車,違反特定標誌(線)禁制
11001ACB91B3669,20210115,120.252261,23.042054,交通事故,其他,臺南市永康區段號中正北路永康交流道北上匝道出口處,1,晴,40,單路部分,路段,無號誌,車與車,未依規定讓車
11001ACB91B3688,20210131,120.267795,23.007301,交通事故,交叉路口,臺南市永康區大灣路段號民族路,1,晴,50,交岔路,路段,行車管制號誌,汽(機)車本身,未注意車前狀態
11001ACB91B3712,20210120,120.230398,23.027663,交通事故,交叉路口,臺南市永康區中正二街段號尚頂路,1,晴,50,單路部分,路段,行車管制號誌,車與車,逆向行駛
11001ACB91B3714,20210108,120.243835,23.04009,交通事故,交叉路口,臺南市永康區新中街段號新民街,2,晴,50,單路部分,路段,無號誌,車與車,起步未注意其他車(人)安全
11001ACB91B3716,20210130,120.235316,23.003347,交通事故,一般地址,臺南市永康區中華路段148號,1,晴,50,單路部分,路段,無號誌,車與車,未依規定讓車
11001ACB91B3717,20210120,120.246345,23.009657,交通事故,交叉路口,臺南市永康區復國一路段號復華三街,1,晴,50,單路部分,路段,行車管制號誌,車與車,未注意車前狀態
11001ACB91B3721,20210113,120.225281,23.030072,交通事故,交叉路口,臺南市永康區中正南路段22030號南台街54,1,晴,30,交岔路,交叉路口,無號誌,車與車,未依規定讓車
11001ACB91B3722,20210113,120.228849,23.03454,交通事故,一般地址,臺南市永康區中正南路段533號,1,晴,50,交岔路,交叉路口,行車管制號誌,車與車,未依規定讓車
11001ACB91B3724,20210114,120.261808,23.006902,交通事故,交叉路口,臺南市永康區永大路2段號國光六街,1,晴,50,交岔路,交叉路口,行車管制號誌,車與車,未依規定讓車
11001ACB91B3727,20210114,120.273969,23.052402,交通事故,一般地址,臺南市永康區王行路段1130號,1,晴,50,單路部分,路段,無號誌,汽(機)車本身,未注意車前狀態
11001ACB91B3728,20210112,120.261824,23.045824,交通事故,交叉路口,臺南市永康區中正北路段號龍橋街,1,晴,50,交岔路,交叉路口,行車管制號誌,車與車,未保持行車安全間隔
11001ACB91B3743,20210115,120.27171,23.007497,交通事故,一般地址,臺南市永康區文賢街段29221號,3,晴,50,單路部分,路段,無號誌,車與車,未依規定讓車
11001ACB91B3746,20210115,120.270122,23.029076,交通事故,一般地址,臺南市永康區中山北路段3647號,1,晴,50,單路部分,路段,無號誌,車與車,起步未注意其他車(人)安全
11001ACB91B3768,20210122,120.230618,23.012071,交通事故,交叉路口,臺南市永康區新興街段號六合路,2,陰,40,交岔路,交叉路口,無號誌,車與車,未依規定讓車
11001ACB91B3787,20210123,120.259771,23.001537,交通事故,交叉路口,臺南市永康區永大路2段號國光二街,1,晴,50,交岔路,交叉路口,閃光號誌,車與車,未依規定讓車
11001ACB91B3791,20210123,120.234775,22.999861,交通事故,交叉路口,臺南市永康區中華路段號中華路23,1,晴,50,交岔路,交叉路口,行車管制號誌,車與車,未注意車前狀態
11001ACB91B3793,20210118,120.239983,23.005507,交通事故,交叉路口,臺南市永康區忠孝路段號中興街,1,晴,50,交岔路,交叉路口,行車管制號誌,車與車,未注意車前狀態
11001ACB91B3794,20210118,120.228481,23.012643,交通事故,一般地址,臺南市永康區中山南路段70號,3,晴,50,單路部分,路段,無號誌,車與車,起步未注意其他車(人)安全
11001ACB91B3801,20210119,120.237856,22.999702,交通事故,一般地址,臺南市永康區忠義街段4452號,2,晴,50,單路部分,路段,無號誌,車與車,逆向行駛
11001ACB91B3802,20210120,120.236497,23.041067,交通事故,一般地址,臺南市永康區中正南路段833號,2,晴,50,單路部分,路段,無號誌,車與車,變換車道或方向不當
11001ACB91B3804,20210105,120.257961,23.030346,交通事故,其他,臺南市永康區段號自強路468巷27號,1,晴,30,交岔路,交叉路口,無號誌,人與汽(機)車,其他引起事故之疏失或行為
11001ACB91B3807,20210131,120.253331,23.030654,交通事故,其他,臺南市永康區段號中正路132號,2,晴,50,交岔路,交叉路口,行車管制號誌,車與車,違反特定標誌(線)禁制
11001ACB91B3813,20210126,120.247885,22.999086,交通事故,其他,臺南市永康區段號復興路與高速二街口北側50公尺處,1,晴,40,單路部分,路段,無號誌,車與車,未保持行車安全距離
11001ACB91B3816,20210127,120.245965,23.019743,交通事故,交叉路口,臺南市永康區永二街段號永二街447,1,晴,50,交岔路,交叉路口,行車管制號誌,車與車,未依規定讓車
11001ACB91B3826,20210127,120.271436,23.053604,交通事故,交叉路口,臺南市永康區中正北路段號和平東路,1,晴,60,交岔路,交叉路口,行車管制號誌(附設行人專用號誌),車與車,未依規定讓車
11001ACB91B3833,20210130,120.246246,23.007717,交通事故,一般地址,臺南市永康區復國一路段203號,3,晴,50,單路部分,路段,無號誌,車與車,左轉彎未依規定
11001ACB91B3837,20210112,120.215908,23.023346,交通事故,交叉路口,臺南市永康區中華路段號中央路,2,晴,50,交岔路,其他,行車管制號誌,車與車,未依規定讓車
11001ACB91B3848,20210119,120.24672,23.03268,交通事故,其他,臺南市永康區段號東橋里中正路(中正陸橋機車專用道),2,晴,50,單路部分,路段,無號誌,車與車,未保持行車安全間隔
11001ACB91B3849,20210118,120.232534,23.006503,交通事故,交叉路口,臺南市永康區勝華街段號勝華街37,1,晴,30,交岔路,交叉路口,無號誌,車與車,未依規定讓車
11001ACB91B3850,20210120,120.242698,23.036263,交通事故,交叉路口,臺南市永康區中正路段號中正三街,1,晴,50,交岔路,交叉路口,行車管制號誌,車與車,未依規定讓車
11001ACB91B3864,20210120,120.268301,23.001972,交通事故,交叉路口,臺南市永康區東灣里大灣一街段號大灣二街,2,晴,50,交岔路,交叉路口,閃光號誌,車與車,未依規定讓車
11001ACB91B3866,20210114,120.252377,23.033228,交通事故,交叉路口,臺南市永康區正強里四維街段號埔園街,2,晴,50,交岔路,交叉路口,行車管制號誌,車與車,起步未注意其他車(人)安全
11001ACB91B3867,20210130,120.244652,23.020361,交通事故,交叉路口,臺南市永康區中山南路段號永二街447,1,晴,50,交岔路,交叉路口,行車管制號誌,車與車,未依規定讓車
11001ACB91B3871,20210120,120.232757,23.024908,交通事故,一般地址,臺南市永康區東橋里東橋一路段530號,2,晴,50,交岔路,交叉路口,無號誌,車與車,變換車道或方向不當
11001ACB91B3872,20210121,120.262454,23.017547,交通事故,一般地址,臺南市永康區永大路2段627號,1,晴,50,單路部分,路段,無號誌,車與車,開啟車門不當而肇事
11001ACB91B3873,20210121,120.264266,23.004766,交通事故,一般地址,臺南市永康區大灣路段43692號,1,晴,30,交岔路,交叉路口,無號誌,車與車,起步未注意其他車(人)安全
11001ACB91B3874,20210126,120.261024,23.009588,交通事故,交叉路口,臺南市永康區大勇路段62號國光七街3,2,晴,30,交岔路,交叉路口,無號誌,車與車,未依規定讓車
11001ACB91B3905,20210127,120.275061,23.046686,交通事故,交叉路口,臺南市永康區王行路段號永科王田大道,1,晴,50,交岔路,交叉路口,行車管制號誌,車與車,未依規定讓車
11001ACB91B3906,20210130,120.241384,22.999055,交通事故,交叉路口,臺南市永康區復興路段號高速二街,1,晴,50,交岔路,交叉路口,行車管制號誌,車與車,違反號誌管制或指揮
11001ACB91B3907,20210131,120.2183,23.023595,交通事故,交叉路口,臺南市永康區中華路段號中正南路,2,晴,50,交岔路,交叉路口,行車管制號誌,車與車,未注意車前狀態
11001ACB91B3908,20210130,120.230618,23.012071,交通事故,交叉路口,臺南市永康區六合路段號新興街,1,晴,50,交岔路,交叉路口,無號誌,車與車,未依規定讓車
11001ACB91B3921,20210121,120.243443,23.017169,交通事故,交叉路口,臺南市永康區復國一路段號忠孝路,1,晴,50,交岔路,交叉路口,行車管制號誌,車與車,違反號誌管制或指揮
11001ACB91B3923,20210131,120.23504,23.002213,交通事故,交叉路口,臺南市永康區中華路段號中華路121,1,晴,50,交岔路,交叉路口,行車管制號誌,車與車,未依規定讓車
11001ACB91B3925,20210131,120.23877,23.004856,交通事故,交叉路口,臺南市永康區中山東路段號忠孝路239,1,晴,50,交岔路,交叉路口,行車管制號誌,車與車,違反特定標誌(線)禁制
11001ACB91B3927,20210127,120.234676,23.042914,交通事故,交叉路口,臺南市永康區鹽行路段號鹽洲二街,2,晴,50,交岔路,交叉路口,行車管制號誌,車與車,起步未注意其他車(人)安全
11001ACB91B3945,20210118,120.23322,23.014017,交通事故,一般地址,臺南市永康區中山南路段216號,1,晴,50,單路部分,路段,無號誌,車與車,變換車道或方向不當
11001ACB91B3948,20210113,120.218647,23.024195,交通事故,一般地址,臺南市永康區中正南路段177號,1,晴,50,單路部分,路段,無號誌,汽(機)車本身,未注意車前狀態
11001ACB91B3950,20210124,120.230793,23.013513,交通事故,交叉路口,臺南市永康區中華路段號中山南路119,1,晴,50,交岔路,交叉路口,無號誌,車與車,未依規定讓車
11001ACB91B3956,20210103,120.231443,23.021479,交通事故,交叉路口,臺南市永康區東橋一路段號大橋二街,1,晴,50,交岔路,交叉路口,行車管制號誌,車與車,未依規定讓車
11001ACB91B3976,20210128,120.24336,23.039134,交通事故,其他,臺南市永康區段號新中街與新行街68巷,2,晴,50,交岔路,交叉路口,無號誌,車與車,逆向行駛
11001ACB91B3977,20210113,120.215459,23.02114,交通事故,一般地址,臺南市永康區中正南路段43號,1,晴,50,單路部分,路段,無號誌,車與車,變換車道或方向不當
11001ACB91B3980,20210114,120.25061,22.998502,交通事故,其他,臺南市永康區段號復興路與大灣路1019巷,4,晴,50,交岔路,交叉路口,行車管制號誌,車與車,未注意車前狀態
11001ACB91B3981,20210127,120.247144,23.041688,交通事故,一般地址,臺南市永康區?行里中正北路段308號,1,晴,50,交岔路,交叉路口,行車管制號誌,車與車,其他引起事故之違規或不當行為
11001ACB91B3982,20210109,120.230717,23.013443,交通事故,交叉路口,臺南市永康區中華路段號中山南路,1,晴,50,交岔路,交叉路口,行車管制號誌,汽(機)車本身,違反特定標誌(線)禁制
11001ACB91B3983,20210127,120.23156,23.036454,交通事故,交叉路口,臺南市永康區?洲里中正南路段號洲尾街,4,晴,50,交岔路,交叉路口,行車管制號誌,車與車,違反號誌管制或指揮
11001ACB91B3985,20210122,120.230688,23.013473,交通事故,交叉路口,臺南市永康區中華路段號中山南路,1,陰,40,交岔路,交叉路口,行車管制號誌,汽(機)車本身,不明原因肇事
11001ACB91B3987,20210115,120.228757,23.016274,交通事故,一般地址,臺南市永康區中華路段687號,2,晴,50,單路部分,路段,無號誌,車與車,未保持行車安全距離
11001ACB91B3989,20210112,120.240163,23.032979,交通事故,一般地址,臺南市永康區中正二街段460號,2,晴,50,單路部分,路段,無號誌,人與汽(機)車,未依規定行走行人穿越道、地下道、天橋而穿越道路
11001ACB91B3990,20210115,120.232477,23.020233,交通事故,交叉路口,臺南市永康區東橋一路段號東橋八街,1,晴,50,交岔路,交叉路口,行車管制號誌,人與汽(機)車,未保持行車安全間隔
11001ACC91A0017,20210123,120.342676,23.066532,交通事故,無,臺南市新化區段號,0,霧或煙,60,單路部分,路段,無號誌,汽(機)車本身,未注意車前狀態
11001ACC91B0003,20210101,120.293128,23.027917,交通事故,交叉路口,臺南市新化區區道南170線段號市道180甲線,2,晴,50,交岔路,交叉路口,閃光號誌,車與車,未依規定讓車
11001ACC91B0054,20210101,120.293129,23.027916,交通事故,交叉路口,臺南市新化區全興里市道180甲線段號區道南170線,4,晴,50,交岔路,交叉路口,閃光號誌,車與車,未依規定讓車
11001ACC91B0055,20210101,120.295615,23.035739,交通事故,其他,臺南市新化區段號中山路747號旁路口,3,晴,30,交岔路,交叉路口,閃光號誌,車與車,未依規定讓車
11001ACC91B0105,20210102,120.404026,23.054551,交通事故,其他,臺南市左鎮區段號左鎮里山玉高幹156-1電桿旁,2,晴,50,交岔路,路段,無號誌,汽(機)車本身,未注意車前狀態
11001ACC91B0121,20210102,120.308713,23.032459,交通事故,交叉路口,臺南市新化區武安里中正路段號正新南路,1,晴,50,交岔路,交叉路口,行車管制號誌,車與車,違反號誌管制或指揮
11001ACC91B0122,20210102,120.306154,23.034824,交通事故,交叉路口,臺南市新化區信義路段號和平街,1,晴,50,交岔路,交叉路口,閃光號誌,車與車,未依規定讓車
11001ACC91B0124,20210102,120.36424,23.086198,交通事故,其他,臺南市山上區段號市道178甲線5公里附近,1,晴,50,單路部分,路段,無號誌,汽(機)車本身,酒醉(後)駕駛失控
11001ACC91B0143,20210103,120.311537,23.031789,交通事故,交叉路口,臺南市新化區東榮里民生路段號復興路,1,晴,50,交岔路,交叉路口,行車管制號誌,車與車,未注意車前狀態
11001ACC91B0196,20210103,120.293196,23.027787,交通事故,交叉路口,臺南市新化區全興里區道南170線段號市道180甲線,2,晴,50,交岔路,交叉路口,閃光號誌,車與車,未依規定讓車
11001ACC91B0260,20210105,120.322361,23.028071,交通事故,交叉路口,臺南市新化區東榮里中興路段號中興路720,1,晴,50,交岔路,路段,無號誌,人與汽(機)車,未依規定行走行人穿越道、地下道、天橋而穿越道路
11001ACC91B0281,20210105,120.309641,23.03623,交通事故,一般地址,臺南市新化區中山路段211號0,1,晴,50,交岔路,交叉路口,閃光號誌,車與車,未依規定讓車
11001ACC91B0320,20210103,120.287788,23.034527,交通事故,其他,臺南市新化區段號協興里台20線10K處,1,晴,50,單路部分,路段,無號誌,汽(機)車本身,酒醉(後)駕駛失控
11001ACC91B0392,20210106,120.289402,23.039359,交通事故,其他,臺南市新化區段號唪口里中山路898巷內與產業道路口,2,晴,30,交岔路,交叉路口,無號誌,車與車,未注意車前狀態
11001ACC91B0412,20210106,120.348425,23.108154,交通事故,其他,臺南市山上區段號明和里178甲線2k處,1,晴,50,交岔路,交叉路口,閃光號誌,車與車,未注意車前狀態
11001ACC91B0414,20210106,120.30297,23.034542,交通事故,交叉路口,臺南市新化區正新路段號信義路,2,晴,50,交岔路,交叉路口,行車管制號誌,車與車,未依規定讓車
11001ACC91B0418,20210106,120.289038,23.039268,交通事故,其他,臺南市新化區段號唪口里高鐵下道路與往唪口里142號的產業道路口,1,晴,70,交岔路,交叉路口,行車管制號誌,車與車,右轉彎未依規定
11001ACC91B0447,20210107,120.303946,23.037919,交通事故,一般地址,臺南市新化區太平里忠孝路段132號0,1,雨,50,交岔路,交叉路口,行車管制號誌,車與車,違反特定標誌(線)禁制
11001ACC91B0514,20210108,120.321373,23.03834,交通事故,交叉路口,臺南市新化區東榮里信義路段號省道臺19甲線,2,陰,50,交岔路,交叉路口,行車管制號誌,車與車,未依規定讓車
11001ACC91B0520,20210108,120.30146,23.037186,交通事故,交叉路口,臺南市新化區協興里忠孝路段號忠孝路190,2,晴,50,交岔路,交叉路口,無號誌,車與車,未依規定讓車
11001ACC91B0558,20210101,120.306635,23.055816,交通事故,其他,臺南市新化區段號北勢里村里道路(電桿RS7.5A87前),1,晴,30,單路部分,路段,無號誌,汽(機)車本身,其他引起事故之違規或不當行為
11001ACC91B0644,20210109,120.415607,23.053257,交通事故,其他,臺南市左鎮區段號睦光里睦光26之1號旁,1,晴,50,單路部分,路段,無號誌,汽(機)車本身,未注意車前狀態
11001ACC91B0735,20210110,120.300498,23.051997,交通事故,無,臺南市新化區段號,1,晴,50,交岔路,交叉路口,行車管制號誌,車與車,酒醉(後)駕駛失控
11001ACC91B0787,20210110,120.362869,23.075965,交通事故,無,臺南市山上區段號,3,晴,60,交岔路,交叉路口,行車管制號誌,車與車,未保持行車安全距離
11001ACC91B0789,20210110,120.311021,23.033692,交通事故,交叉路口,臺南市新化區和平街段號復興路,1,晴,50,交岔路,交叉路口,行車管制號誌,車與車,違規超車
11001ACC91B0791,20210110,120.305636,23.031776,交通事故,一般地址,臺南市新化區正新南路段127號0,1,晴,50,單路部分,路段,無號誌,車與車,未依規定讓車
11001ACC91B0811,20210111,120.287663,23.027834,交通事故,一般地址,臺南市新化區全興里竹子腳路段163-5號0,1,晴,30,單路部分,路段,無號誌,汽(機)車本身,未注意車前狀態
11001ACC91B0824,20210111,120.305928,23.041179,交通事故,交叉路口,臺南市新化區中正路段號民權街,1,晴,50,交岔路,交叉路口,行車管制號誌,車與車,未依規定讓車
11001ACC91B0867,20210111,120.293131,23.027912,交通事故,交叉路口,臺南市新化區全興里市道180甲線段號區道南170線,2,晴,50,交岔路,交叉路口,行車管制號誌,車與車,未依規定讓車
11001ACC91B0869,20210111,120.300634,23.051871,交通事故,交叉路口,臺南市新化區太平里中正路段號省道臺19甲線,2,晴,70,交岔路,交叉路口,行車管制號誌,車與車,左轉彎未依規定
11001ACC91B0909,20210112,120.357894,23.035958,交通事故,無,臺南市新化區段號,1,晴,50,單路部分,路段,無號誌,汽(機)車本身,未注意車前狀態
11001ACC91B0963,20210111,120.300884,23.035807,交通事故,一般地址,臺南市新化區豐榮里大智路段2號0,2,晴,50,交岔路,路段,無號誌,車與車,未依規定讓車
11001ACC91B0984,20210112,120.297657,23.032708,交通事故,一般地址,臺南市新化區豐榮里大智路段186號0,2,晴,50,單路部分,路段,無號誌,車與車,未保持行車安全距離
11001ACC91B1008,20210113,120.289447,23.023988,交通事故,其他,臺南市新化區段號全興里台39線1.2k處路口,1,晴,50,交岔路,交叉路口,行車管制號誌,車與車,違反號誌管制或指揮
11001ACC91B1033,20210113,120.301202,23.034597,交通事故,一般地址,臺南市新化區豐榮里信義路段500號0,1,晴,50,交岔路,交叉路口,無號誌,車與車,未依規定讓車
11001ACC91B1096,20210112,120.327749,23.038525,交通事故,交叉路口,臺南市新化區護國里信義路段號區道南175線,1,陰,50,交岔路,交叉路口,行車管制號誌,汽(機)車本身,未注意車前狀態
11001ACC91B1099,20210113,120.360827,23.074702,交通事故,其他,臺南市山上區段號豐德里隙子口39號,1,晴,60,單路部分,路段,無號誌,汽(機)車本身,未注意車前狀態
11001ACC91B1100,20210114,120.287689,23.03435,交通事故,無,臺南市新化區段號,1,晴,60,單路部分,路段,無號誌,車與車,未依規定讓車
11001ACC91B1237,20210115,120.311245,23.036315,交通事故,一般地址,臺南市新化區護國里民生路段67號,1,晴,50,單路部分,路段,無號誌,車與車,未保持行車安全間隔
11001ACC91B1243,20210115,120.300406,23.043243,交通事故,一般地址,臺南市新化區唪口里大德路段22494號0,1,晴,30,交岔路,交叉路口,無號誌,車與車,未依規定讓車
11001ACC91B1258,20210111,120.318847,23.038343,交通事故,一般地址,臺南市新化區東榮里信義路段54號0,1,晴,50,交岔路,交叉路口,閃光號誌,車與車,起步未注意其他車(人)安全
11001ACC91B1268,20210115,120.309276,23.037643,交通事故,交叉路口,臺南市新化區護國里仁愛街段號建國街,1,晴,50,交岔路,交叉路口,無號誌,車與車,未依規定讓車
11001ACC91B1296,20210115,120.336604,23.062752,交通事故,其他,臺南市新化區段號那拔里牧場72號前,1,晴,60,交岔路,交叉路口,行車管制號誌,車與車,未依規定讓車
11001ACC91B1297,20210115,120.309131,23.036161,交通事故,交叉路口,臺南市新化區武安里中山路段號護安街,2,晴,50,交岔路,交叉路口,無號誌,車與車,未注意車前狀態
11001ACC91B1339,20210115,120.310563,23.037367,交通事故,其他,臺南市新化區段號護國里民生路87號前,2,晴,50,交岔路,交叉路口,行車管制號誌,車與車,其他引起事故之違規或不當行為
11001ACC91B1372,20210116,120.306678,23.032061,交通事故,交叉路口,臺南市新化區武安里健康路段號正新南路,1,晴,30,交岔路,交叉路口,閃光號誌,車與車,未依規定讓車
11001ACC91B1393,20210116,120.342115,23.11319,交通事故,其他,臺南市山上區段號明和里明和275之1號前,1,晴,50,單路部分,路段,無號誌,汽(機)車本身,酒醉(後)駕駛失控
11001ACC91B1442,20210116,120.313825,23.034723,交通事故,交叉路口,臺南市新化區東榮里信義路段131號信義路117,2,晴,30,交岔路,交叉路口,無號誌,車與車,未依規定讓車
11001ACC91B1443,20210116,120.302902,23.035889,交通事故,交叉路口,臺南市新化區豐榮里中山路段號正新路,2,晴,50,交岔路,交叉路口,閃光號誌,車與車,未依規定讓車
11001ACC91B1501,20210117,120.288929,23.03488,交通事故,交叉路口,臺南市新化區協興里省道臺39線段號省道臺20線,1,晴,60,交岔路,交叉路口,行車管制號誌,車與車,違反號誌管制或指揮
11001ACC91B1575,20210118,120.303748,23.035947,交通事故,一般地址,臺南市新化區武安里中山路段476號0,1,晴,50,單路部分,路段,無號誌,車與車,開啟車門不當而肇事
11001ACC91B1578,20210118,120.300433,23.03642,交通事故,一般地址,臺南市新化區豐榮里中山路段597號0,1,晴,50,圓環廣場,路段,行車管制號誌,車與車,起步未注意其他車(人)安全
11001ACC91B1579,20210113,120.289516,23.027304,交通事故,交叉路口,臺南市新化區省道臺39線段號區道南144線,1,晴,70,交岔路,交叉路口,行車管制號誌,車與車,未保持行車安全間隔
11001ACC91B1623,20210118,120.298812,23.033925,交通事故,一般地址,臺南市新化區豐榮里大智路段102號0,1,晴,50,單路部分,路段,無號誌,車與車,迴轉未依規定