案件編號,發生日期,GPS經度,GPS緯度,案件類別名稱,地址類型名稱,發生縣市名稱,受傷人數,天候名稱, 速限-第1當事者,道路型態大類別名稱,事故位置大類別名稱,號誌-號誌種類名稱,事故類型及型態大類別名稱,肇因研判子類別名稱-主要
11001ACC91B1672,20210118,120.300331,23.035231,交通事故,交叉路口,臺南市新化區信義路段號大智路,2,晴,50,交岔路,交叉路口,行車管制號誌,車與車,違反號誌管制或指揮
11001ACC91B1676,20210118,120.318484,23.049598,交通事故,其他,臺南市新化區段號台19甲線36.1K處慢車道,1,晴,40,單路部分,路段,無號誌,汽(機)車本身,尚未發現肇事因素
11001ACC91B1756,20210118,120.287067,23.021277,交通事故,其他,臺南市新化區段號崙頂里崙仔頂64-8號旁路口,2,晴,50,交岔路,交叉路口,無號誌,車與車,未依規定讓車
11001ACC91B1774,20210118,120.283312,23.021098,交通事故,其他,臺南市新化區段號崙頂里新灣橋上,2,晴,50,單路部分,其他,閃光號誌,汽(機)車本身,未注意車前狀態
11001ACC91B1775,20210118,120.302902,23.035889,交通事故,交叉路口,臺南市新化區豐榮里中山路段號正新路,1,晴,50,交岔路,交叉路口,行車管制號誌,車與車,違反號誌管制或指揮
11001ACC91B1792,20210120,120.307446,23.037339,交通事故,交叉路口,臺南市新化區護國里中正路段號仁愛街,2,晴,50,交岔路,交叉路口,無號誌,車與車,右轉彎未依規定
11001ACC91B1813,20210120,120.308347,23.035331,交通事故,一般地址,臺南市新化區東榮里中正路段374號0,1,晴,50,單路部分,路段,無號誌,車與車,未依規定讓車
11001ACC91B2039,20210121,120.303002,23.037246,交通事故,一般地址,臺南市新化區協興里正新路段278號,2,晴,50,單路部分,路段,無號誌,車與車,違反特定標誌(線)禁制
11001ACC91B2046,20210121,120.300937,23.035792,交通事故,一般地址,臺南市新化區豐榮里大智路段25號0,2,晴,50,交岔路,路段,無號誌,車與車,橫越道路不慎
11001ACC91B2101,20210122,120.353333,23.102577,交通事故,其他,臺南市山上區段號南洲里南洲158號前,1,晴,50,交岔路,交叉路口,閃光號誌,車與車,橫越道路不慎
11001ACC91B2172,20210122,120.303024,23.034202,交通事故,一般地址,臺南市新化區豐榮里正新路段158號0,1,陰,50,單路部分,路段,無號誌,車與車,未注意車前狀態
11001ACC91B2230,20210123,120.304841,23.036447,交通事故,交叉路口,臺南市新化區民權街段號長青街,2,陰,30,交岔路,交叉路口,無號誌,車與車,未依規定讓車
11001ACC91B2301,20210121,120.300739,23.051449,交通事故,一般地址,臺南市新化區太平里中正路段1057號0,1,晴,50,單路部分,其他,無號誌,車與車,未注意車前狀態
11001ACC91B2410,20210124,120.306529,23.039362,交通事故,一般地址,臺南市新化區太平街段31號0,3,晴,50,交岔路,交叉路口,無號誌,車與車,未依規定讓車
11001ACC91B2411,20210124,120.309702,23.036243,交通事故,一般地址,臺南市新化區中山路段211號0,1,晴,50,交岔路,交叉路口,閃光號誌,車與車,未依規定讓車
11001ACC91B2420,20210124,120.309195,23.017719,交通事故,無,臺南市新化區段號,2,晴,50,交岔路,交叉路口,無號誌,車與車,未注意車前狀態
11001ACC91B2440,20210125,120.289594,23.025052,交通事故,無,臺南市新化區段號,1,晴,50,單路部分,路段,無號誌,車與車,未注意車前狀態
11001ACC91B2458,20210125,120.290977,23.025283,交通事故,其他,臺南市新化區段號全興里竹仔腳164號,1,晴,50,單路部分,路段,無號誌,汽(機)車本身,未注意車前狀態
11001ACC91B2472,20210125,120.305456,23.035781,交通事故,一般地址,臺南市新化區武安里中山路段363號0,2,晴,50,單路部分,路段,無號誌,車與車,變換車道或方向不當
11001ACC91B2479,20210125,120.299438,23.034352,交通事故,交叉路口,臺南市新化區豐榮里大智路段號大智路87,2,晴,50,交岔路,交叉路口,行車管制號誌,車與車,違反號誌管制或指揮
11001ACC91B2492,20210125,120.295365,23.030494,交通事故,其他,臺南市新化區段號全興里竹仔腳1-1號,1,晴,50,交岔路,交叉路口,閃光號誌,車與車,未保持行車安全距離
11001ACC91B2560,20210126,120.335778,23.103062,交通事故,其他,臺南市山上區段號明和里北勢洲88號旁,1,霧或煙,50,單路部分,路段,無號誌,車與車,未注意車前狀態
11001ACC91B2592,20210126,120.350671,23.068,交通事故,其他,臺南市新化區段號那拔里那拔林67號前,1,晴,50,單路部分,路段,無號誌,車與車,未依規定讓車
11001ACC91B2613,20210126,120.296338,23.03588,交通事故,一般地址,臺南市新化區中山路段735號,2,晴,50,單路部分,路段,無號誌,車與車,逆向行駛
11001ACC91B2661,20210126,120.282749,23.020995,交通事故,其他,臺南市新化區段號崙頂里新灣橋上,2,晴,50,單路部分,路段,無號誌,車與車,未注意車前狀態
11001ACC91B2719,20210127,120.305485,23.043042,交通事故,一般地址,臺南市新化區太平里中正路段5902號0,1,晴,50,單路部分,路段,無號誌,汽(機)車本身,酒醉(後)駕駛失控
11001ACC91B2727,20210127,120.304862,23.040701,交通事故,其他,臺南市新化區段號太平里民權街與中正路691巷口,2,晴,50,交岔路,交叉路口,無號誌,車與車,未保持行車安全距離
11001ACC91B2779,20210126,120.314059,23.035318,交通事故,一般地址,臺南市新化區信義路段11744338號,2,霧或煙,30,交岔路,交叉路口,無號誌,車與車,未靠右行駛
11001ACC91B2894,20210128,120.35357,23.064375,交通事故,其他,臺南市新化區段號羊林里那拔林431之6號前,1,晴,30,單路部分,路段,無號誌,汽(機)車本身,未注意車前狀態
11001ACC91B2912,20210129,120.289104,23.039297,交通事故,其他,臺南市新化區段號北勢里台39線起點往北0.5KM附近,2,晴,70,交岔路,交叉路口,行車管制號誌,車與車,右轉彎未依規定
11001ACC91B3008,20210129,120.308059,23.035931,交通事故,交叉路口,臺南市新化區護國里中山路段號中正路,1,晴,50,交岔路,交叉路口,行車管制號誌,車與車,左轉彎未依規定
11001ACC91B3015,20210129,120.308809,23.023365,交通事故,交叉路口,臺南市新化區知義里中正路段號省道臺19甲線,1,晴,50,交岔路,交叉路口,行車管制號誌,車與車,未依規定讓車
11001ACC91B3129,20210130,120.288928,23.034983,交通事故,交叉路口,臺南市新化區唪口里省道臺39線段號省道臺20線,1,晴,50,單路部分,路段,無號誌,車與車,未注意車前狀態
11001ACC91B3131,20210130,120.301035,23.036221,交通事故,一般地址,臺南市新化區豐榮里中山路段575號0,3,晴,50,單路部分,路段,無號誌,車與車,未依規定讓車
11001ACC91B3166,20210129,120.338443,23.106082,交通事故,其他,臺南市山上區段號明和里450174號燈桿旁路口附近,1,晴,30,交岔路,交叉路口,無號誌,車與車,未注意車前狀態
11001ACC91B3220,20210131,120.336619,23.1222,交通事故,無,臺南市山上區段號,1,晴,60,單路部分,路段,無號誌,車與車,未保持行車安全間隔
11001ACC91B3241,20210131,120.30297,23.034542,交通事故,交叉路口,臺南市新化區豐榮里正新路段號信義路,1,晴,50,交岔路,交叉路口,行車管制號誌,車與車,未注意車前狀態
11001ACC91B3300,20210131,120.306165,23.034798,交通事故,交叉路口,臺南市新化區武安里信義路段號中山路345,2,晴,50,交岔路,交叉路口,閃光號誌,車與車,未依規定讓車
11001ACD91A0005,20210109,120.281829,23.310689,交通事故,其他,臺南市新營區段號嘉芳里新運五路(近新運二路口),0,晴,50,單路部分,路段,無號誌,汽(機)車本身,酒醉(後)駕駛失控
11001ACD91A0018,20210123,120.325274,23.275668,交通事故,無,臺南市柳營區段號,0,晴,70,交岔路,交叉路口,無號誌,車與車,未依規定讓車
11001ACD91B0009,20210101,120.313941,23.302537,交通事故,其他,臺南市新營區段號中山路292號前,1,晴,50,單路部分,路段,無號誌,車與車,未依規定讓車
11001ACD91B0010,20210101,120.311999,23.305794,交通事故,交叉路口,臺南市新營區三仙里武昌街段號正義街,1,晴,50,交岔路,交叉路口,無號誌,車與車,未依規定讓車
11001ACD91B0031,20210101,120.30251,23.304166,交通事故,其他,臺南市新營區段號新進路二段與復興路口,1,晴,50,交岔路,交叉路口,行車管制號誌(附設行人專用號誌),車與車,違反號誌管制或指揮
11001ACD91B0032,20210101,120.352959,23.277214,交通事故,交叉路口,臺南市柳營區大農里德元埤大道2段號區道南112線,1,晴,50,交岔路,交叉路口,閃光號誌,車與車,未保持行車安全間隔
11001ACD91B0044,20210101,120.319821,23.311005,交通事故,一般地址,臺南市新營區大宏里民治路段15號,1,晴,50,單路部分,路段,無號誌,車與車,違反特定標誌(線)禁制
11001ACD91B0064,20210102,120.31726,23.291518,交通事故,一般地址,臺南市柳營區人和里義士路5段690號0,1,晴,40,單路部分,路段,無號誌,汽(機)車本身,疲勞(患病)駕駛失控
11001ACD91B0068,20210102,120.310237,23.306285,交通事故,交叉路口,臺南市新營區三仙里三民路段號三興街,2,晴,50,交岔路,交叉路口,行車管制號誌,車與車,違反號誌管制或指揮
11001ACD91B0077,20210102,120.387626,23.277435,交通事故,其他,臺南市柳營區段號重溪里小腳腿143-3號前,1,晴,30,單路部分,路段,無號誌,汽(機)車本身,未注意車前狀態
11001ACD91B0079,20210102,120.303731,23.300708,交通事故,交叉路口,臺南市新營區民榮里新進路2段號新生路,1,晴,50,交岔路,交叉路口,行車管制號誌,車與車,未保持行車安全間隔
11001ACD91B0084,20210102,120.323198,23.311454,交通事故,交叉路口,臺南市新營區新東里東興路段號大同路58,2,晴,50,交岔路,交叉路口,無號誌,車與車,未注意車前狀態
11001ACD91B0091,20210102,120.304607,23.303587,交通事故,交叉路口,臺南市新營區民榮里復興路段號復興路234,1,晴,50,交岔路,交叉路口,無號誌,車與車,未依規定讓車
11001ACD91B0098,20210102,120.293914,23.308398,交通事故,一般地址,臺南市新營區新南里長榮路2段1098號,1,晴,30,圓環廣場,其他,無號誌,汽(機)車本身,未注意車前狀態
11001ACD91B0102,20210102,120.308446,23.303216,交通事故,交叉路口,臺南市新營區民榮里復興路段148號復興路,1,晴,30,交岔路,交叉路口,無號誌,車與車,未依規定讓車
11001ACD91B0109,20210102,120.310103,23.312833,交通事故,交叉路口,臺南市新營區三仙里育德七街段號三興街,2,晴,30,交岔路,交叉路口,無號誌,車與車,未依規定讓車
11001ACD91B0129,20210103,120.322797,23.299544,交通事故,一般地址,臺南市新營區興業里工業街段93號,1,晴,50,單路部分,路段,無號誌,汽(機)車本身,未注意車前狀態
11001ACD91B0158,20210103,120.311051,23.277899,交通事故,交叉路口,臺南市柳營區士林里博愛街段號士賢街,1,晴,50,交岔路,交叉路口,無號誌,車與車,未依規定讓車
11001ACD91B0177,20210104,120.313647,23.317438,交通事故,交叉路口,臺南市新營區忠政里府西路段號府西路231,1,晴,30,交岔路,交叉路口,無號誌,車與車,未依規定讓車
11001ACD91B0189,20210104,120.325224,23.275662,交通事故,無,臺南市柳營區段號,1,晴,70,交岔路,交叉路口,無號誌,車與車,未注意車前狀態
11001ACD91B0206,20210104,120.326434,23.320089,交通事故,交叉路口,臺南市新營區新東里長榮路段號東泰路,1,晴,60,交岔路,交叉路口,行車管制號誌,車與車,違反特定標誌(線)禁制
11001ACD91B0208,20210104,120.317756,23.278916,交通事故,交叉路口,臺南市柳營區東昇里中山西路段號成功街,2,晴,50,交岔路,交叉路口,閃光號誌,車與車,未依規定讓車
11001ACD91B0212,20210104,120.303929,23.307182,交通事故,交叉路口,臺南市新營區新南里民治路段號隋唐街,1,晴,50,交岔路,交叉路口,行車管制號誌,車與車,交通管制設施失靈或損毀
11001ACD91B0217,20210104,120.293179,23.30056,交通事故,交叉路口,臺南市新營區南紙里太子路段號長榮路,1,晴,50,交岔路,交叉路口,行車管制號誌,車與車,未依規定讓車
11001ACD91B0221,20210104,120.319971,23.311,交通事故,交叉路口,臺南市新營區大宏里民治路段號同濟街,1,晴,50,交岔路,交叉路口,行車管制號誌,車與車,未依規定讓車
11001ACD91B0236,20210104,120.30328,23.307456,交通事故,一般地址,臺南市新營區新南里隋唐街段31號,1,晴,50,單路部分,路段,無號誌,車與車,未保持行車安全間隔
11001ACD91B0238,20210104,120.275099,23.292834,交通事故,其他,臺南市新營區段號太北里太子宮142號,1,晴,40,單路部分,路段,無號誌,汽(機)車本身,未注意車前狀態
11001ACD91B0242,20210104,120.27614,23.297978,交通事故,其他,臺南市新營區段號新中路與無名巷,1,晴,30,交岔路,交叉路口,無號誌,車與車,未依規定讓車
11001ACD91B0274,20210104,120.308179,23.276194,交通事故,交叉路口,臺南市柳營區八翁里中山西路段號仁愛路,2,陰,50,交岔路,交叉路口,閃光號誌,車與車,未保持行車安全距離
11001ACD91B0289,20210104,120.316616,23.315889,交通事故,一般地址,臺南市新營區忠政里中正路段110之4號,1,晴,40,單路部分,路段,無號誌,車與車,未依規定讓車
11001ACD91B0291,20210104,120.315186,23.304337,交通事故,交叉路口,臺南市新營區民權里博愛街段號信義街,1,陰,50,交岔路,交叉路口,無號誌,車與車,未依規定讓車
11001ACD91B0309,20210105,120.322845,23.278852,交通事故,一般地址,臺南市柳營區東昇里中山西路1段79號0,1,晴,50,單路部分,路段,無號誌,車與車,未保持行車安全距離
11001ACD91B0319,20210105,120.31775,23.310825,交通事故,其他,臺南市新營區段號民治路27-3號,2,晴,50,單路部分,路段,無號誌,人與汽(機)車,穿越道路未注意左右來車
11001ACD91B0371,20210106,120.279377,23.307582,交通事故,交叉路口,臺南市新營區四維路段號新嘉街,1,陰,50,交岔路,交叉路口,無號誌,車與車,未依規定讓車
11001ACD91B0422,20210107,120.272821,23.323806,交通事故,交叉路口,臺南市鹽水區水秀里朝琴路段號北門路,1,雨,50,交岔路,交叉路口,行車管制號誌,車與車,未依規定讓車
11001ACD91B0453,20210107,120.316435,23.310788,交通事故,交叉路口,臺南市新營區民權里民治路段號中正路,2,晴,50,交岔路,交叉路口,行車管制號誌,車與車,未依規定讓車
11001ACD91B0462,20210107,120.252015,23.329751,交通事故,其他,臺南市鹽水區段號厚生橋(路燈591136號),2,晴,50,單路部分,路段,無號誌,車與車,未注意車前狀態
11001ACD91B0479,20210107,120.316418,23.304091,交通事故,一般地址,臺南市新營區民權里中山路段152號,3,晴,50,圓環廣場,路段,無號誌,車與車,變換車道或方向不當
11001ACD91B0486,20210107,120.3164,23.328657,交通事故,其他,臺南市新營區段號中正路510號前,1,晴,50,單路部分,路段,無號誌,車與車,未依規定讓車
11001ACD91B0527,20210108,120.310673,23.303376,交通事故,交叉路口,臺南市新營區永平里三興街段號復興路,1,陰,30,交岔路,交叉路口,無號誌,車與車,未依規定讓車
11001ACD91B0530,20210108,120.307725,23.303054,交通事故,一般地址,臺南市新營區民榮里復興路段155號0,1,晴,50,單路部分,路段,無號誌,車與車,起步未注意其他車(人)安全
11001ACD91B0536,20210108,120.383405,23.283728,交通事故,無,臺南市柳營區段號,2,晴,30,交岔路,路段,無號誌,車與車,未依規定讓車
11001ACD91B0567,20210108,120.325683,23.291177,交通事故,交叉路口,臺南市柳營區太康里義士路段號省道臺1線,2,晴,50,交岔路,交叉路口,行車管制號誌,車與車,未依規定讓車
11001ACD91B0597,20210109,120.266841,23.32071,交通事故,其他,臺南市鹽水區段號三福路19號前,1,晴,50,單路部分,路段,無號誌,車與車,迴轉未依規定
11001ACD91B0613,20210109,120.312501,23.306919,交通事故,交叉路口,臺南市新營區三民路段號民權路,1,陰,50,交岔路,交叉路口,行車管制號誌,車與車,未依規定讓車
11001ACD91B0645,20210109,120.311307,23.306575,交通事故,一般地址,臺南市新營區三仙里三民路段103-1號,2,陰,50,單路部分,路段,無號誌,車與車,迴轉未依規定
11001ACD91B0679,20210110,120.323063,23.315325,交通事故,其他,臺南市新營區段號東學路與東興路口,1,晴,50,交岔路,交叉路口,閃光號誌,車與車,未依規定讓車
11001ACD91B0690,20210110,120.322251,23.279093,交通事故,交叉路口,臺南市柳營區東昇里中山西路段號十美街,1,晴,50,交岔路,交叉路口,無號誌,車與車,未依規定讓車
11001ACD91B0718,20210110,120.32788,23.319587,交通事故,其他,臺南市新營區段號開元路與長榮路口,1,晴,50,交岔路,交叉路口,行車管制號誌,車與車,違反號誌管制或指揮
11001ACD91B0740,20210110,120.322164,23.307159,交通事故,一般地址,臺南市新營區中營里三民路段13號,1,晴,50,單路部分,路段,無號誌,車與車,橫越道路不慎
11001ACD91B0761,20210110,120.302978,23.302426,交通事故,一般地址,臺南市新營區民榮里新進路2段466號,2,晴,50,單路部分,路段,無號誌,車與車,迴轉未依規定
11001ACD91B0786,20210111,120.322454,23.311064,交通事故,交叉路口,臺南市新營區大宏里民治路段號大同路,1,陰,50,交岔路,交叉路口,行車管制號誌,車與車,未依規定讓車
11001ACD91B0795,20210111,120.285881,23.338905,交通事故,其他,臺南市鹽水區段號汫水里無名道路,1,晴,30,交岔路,交叉路口,無號誌,車與車,未依規定讓車
11001ACD91B0839,20210107,120.316959,23.304003,交通事故,其他,臺南市新營區段號中山路137號前,2,陰,50,單路部分,路段,無號誌,車與車,逆向行駛
11001ACD91B0862,20210111,120.323524,23.30808,交通事故,一般地址,臺南市新營區中營里開元路段27號,1,晴,50,單路部分,路段,無號誌,車與車,違反特定標誌(線)禁制
11001ACD91B0872,20210111,120.314272,23.302919,交通事故,一般地址,臺南市新營區永平里中山路段268號,1,晴,50,交岔路,路段,無號誌,車與車,未依規定讓車
11001ACD91B0874,20210111,120.286368,23.303406,交通事故,一般地址,臺南市新營區嘉芳街段號,1,陰,50,單路部分,路段,無號誌,汽(機)車本身,未注意車前狀態
11001ACD91B0893,20210112,120.317096,23.301685,交通事故,其他,臺南市新營區段號中興路台糖加油站,1,晴,50,單路部分,路段,無號誌,車與車,未保持行車安全距離
11001ACD91B0895,20210111,120.318008,23.291505,交通事故,其他,臺南市柳營區段號太康里義士路五段路燈002附近,2,陰,50,單路部分,路段,無號誌,車與車,未保持行車安全距離
11001ACD91B0899,20210112,120.319043,23.314931,交通事故,交叉路口,臺南市新營區王公里民族路段號大智街,1,晴,30,交岔路,交叉路口,無號誌,車與車,未依規定讓車
11001ACD91B0902,20210112,120.308717,23.307128,交通事故,交叉路口,臺南市新營區民生里民生路段號公園路1,1,晴,50,交岔路,交叉路口,行車管制號誌,車與車,未依規定讓車
11001ACD91B0913,20210112,120.312482,23.291392,交通事故,一般地址,臺南市柳營區人和里柳營路3段195號,1,晴,50,交岔路,交叉路口,閃光號誌,車與車,未依規定讓車
11001ACD91B0936,20210112,120.282328,23.295828,交通事故,一般地址,臺南市新營區太北里太子宮段1之11號,1,晴,50,單路部分,路段,無號誌,車與車,起步未注意其他車(人)安全
11001ACD91B0941,20210112,120.272838,23.323838,交通事故,一般地址,臺南市鹽水區岸內里朝琴路段182號,1,晴,50,交岔路,交叉路口,行車管制號誌,車與車,未注意車前狀態
11001ACD91B0946,20210112,120.286467,23.301911,交通事故,交叉路口,臺南市新營區嘉芳里嘉芳街段號忠孝路,1,晴,50,交岔路,路段,無號誌,汽(機)車本身,其他引起事故之故障
11001ACD91B0998,20210113,120.338825,23.322047,交通事故,其他,臺南市新營區段號土庫里土庫6-20號前,1,晴,50,單路部分,路段,無號誌,車與車,未依規定讓車
11001ACD91B1004,20210113,120.348949,23.27763,交通事故,交叉路口,臺南市柳營區大農里中山東路2段號無名道路,2,晴,50,交岔路,交叉路口,無號誌,車與車,違規超車
11001ACD91B1034,20210113,120.299541,23.30826,交通事故,其他,臺南市新營區段號隋唐街232巷5號前,1,晴,50,單路部分,路段,無號誌,汽(機)車本身,未注意車前狀態
11001ACD91B1048,20210111,120.306909,23.309332,交通事故,其他,臺南市新營區段號新北里民治路158之5號,1,晴,50,單路部分,路段,無號誌,車與車,未注意車前狀態
11001ACD91B1050,20210112,120.316493,23.307219,交通事故,其他,臺南市新營區段號大宏里三民路76之10號前,1,晴,50,單路部分,路段,無號誌,車與車,未保持行車安全間隔
11001ACD91B1121,20210114,120.311877,23.309979,交通事故,一般地址,臺南市新營區民權里民權路段118-5號0,1,晴,50,單路部分,路段,無號誌,車與車,起步未注意其他車(人)安全
11001ACD91B1129,20210114,120.328664,23.316578,交通事故,其他,臺南市新營區段號新東陸橋,1,晴,50,單路部分,路段,無號誌,汽(機)車本身,未注意車前狀態
11001ACD91B1136,20210114,120.255347,23.308996,交通事故,其他,臺南市鹽水區段號文昌里後寮2之11號旁路口,3,晴,30,交岔路,交叉路口,無號誌,車與車,未依規定讓車
11001ACD91B1141,20210114,120.29767,23.307109,交通事故,交叉路口,臺南市新營區新南里復興路段62038號隋唐街295,1,晴,50,交岔路,交叉路口,無號誌,車與車,未依規定讓車
11001ACD91B1150,20210114,120.314145,23.302647,交通事故,交叉路口,臺南市新營區中山路段號文化街,1,晴,50,交岔路,交叉路口,行車管制號誌,車與車,左轉彎未依規定
11001ACD91B1202,20210114,120.324352,23.30971,交通事故,一般地址,臺南市新營區大宏里開元路段65號0,2,晴,30,單路部分,路段,行車管制號誌,車與車,未靠右行駛
11001ACD91B1206,20210114,120.313501,23.300627,交通事故,交叉路口,臺南市新營區永平里新進路段號延平路,2,晴,50,交岔路,交叉路口,行車管制號誌,車與車,未依規定讓車
11001ACD91B1231,20210115,120.295069,23.306259,交通事故,其他,臺南市新營區段號復興路與民生路口,1,晴,50,交岔路,交叉路口,無號誌,車與車,違反號誌管制或指揮
11001ACD91B1239,20210115,120.328289,23.279233,交通事故,其他,臺南市柳營區段號中山東路與無名道路口,1,晴,50,交岔路,交叉路口,無號誌,車與車,未依規定讓車
11001ACD91B1247,20210115,120.313932,23.277771,交通事故,其他,臺南市柳營區段號柳營路與福安二街口,2,晴,50,交岔路,交叉路口,無號誌,車與車,未依規定讓車
11001ACD91B1262,20210115,120.330386,23.289542,交通事故,其他,臺南市柳營區段號太康里169號,1,晴,40,單路部分,路段,無號誌,汽(機)車本身,未注意車前狀態
11001ACD91B1306,20210115,120.312922,23.296176,交通事故,其他,臺南市新營區段號興業里急水溪橋上,1,晴,50,單路部分,路段,無號誌,車與車,未保持行車安全距離
11001ACD91B1346,20210115,120.32308,23.314914,交通事故,交叉路口,臺南市新營區東興三街段號東興路,2,晴,50,交岔路,交叉路口,無號誌,車與車,未依規定讓車
11001ACD91B1365,20210116,120.281592,23.309794,交通事故,交叉路口,臺南市新營區嘉芳里復興路段號新運五路,1,晴,50,交岔路,路段,行車管制號誌,車與車,未依規定讓車
11001ACD91B1398,20210116,120.268173,23.320811,交通事故,一般地址,臺南市鹽水區津城里朝琴路段19號,1,晴,50,交岔路,交叉路口,無號誌,車與車,未保持行車安全間隔
11001ACD91B1414,20210116,120.250922,23.312707,交通事故,其他,臺南市鹽水區段號文昌里後寮56-1號前,1,晴,30,單路部分,路段,無號誌,車與車,倒車未依規定
11001ACD91B1422,20210116,120.270578,23.311227,交通事故,交叉路口,臺南市鹽水區忠孝路段號南太路,1,晴,50,交岔路,交叉路口,行車管制號誌,車與車,未依規定讓車
11001ACD91B1434,20210116,120.289806,23.299191,交通事故,其他,臺南市新營區段號南紙里太子路-新宮高幹21-1,2,晴,30,交岔路,交叉路口,閃光號誌,車與車,未依規定讓車
11001ACD91B1453,20210114,120.312703,23.276869,交通事故,一般地址,臺南市柳營區柳營路2段329號,2,晴,50,單路部分,路段,無號誌,車與車,未保持行車安全距離
11001ACD91B1460,20210117,120.312475,23.292999,交通事故,一般地址,臺南市柳營區人和里柳營路3段277號,1,晴,50,交岔路,路段,行車管制號誌,車與車,違反號誌管制或指揮
11001ACD91B1495,20210115,120.316368,23.317709,交通事故,交叉路口,臺南市新營區中正路段108號中正路,2,晴,30,交岔路,路段,無號誌,車與車,未依規定讓車
11001ACD91B1498,20210117,120.325992,23.309085,交通事故,其他,臺南市新營區段號中營里臺一線與東山路口,1,晴,50,交岔路,交叉路口,行車管制號誌,車與車,未依規定讓車
11001ACD91B1499,20210116,120.281661,23.310631,交通事故,其他,臺南市新營區段號嘉芳里新運五路一段與新運二路口,1,晴,50,交岔路,交叉路口,閃光號誌,車與車,左轉彎未依規定
11001ACD91B1503,20210116,120.296172,23.29986,交通事故,其他,臺南市新營區段號南紙里太子路139巷與新榮路口,1,晴,50,交岔路,交叉路口,閃光號誌,車與車,未依規定讓車
11001ACD91B1504,20210117,120.265196,23.311113,交通事故,其他,臺南市鹽水區段號橋南里忠孝路(172線)15公里處,3,晴,50,交岔路,交叉路口,閃光號誌,車與車,未保持行車安全距離
11001ACD91B1553,20210118,120.31158,23.314207,交通事故,交叉路口,臺南市新營區三仙里育德十一街段號育德街,2,晴,30,交岔路,交叉路口,無號誌,汽(機)車本身,未依規定減速
11001ACD91B1555,20210118,120.337829,23.322446,交通事故,其他,臺南市新營區段號土庫里台一線與南76線口,1,晴,70,交岔路,交叉路口,行車管制號誌,汽(機)車本身,未注意車前狀態
11001ACD91B1585,20210118,120.311324,23.303336,交通事故,一般地址,臺南市新營區永平里復興路段85號,2,晴,50,單路部分,路段,無號誌,車與車,未依規定讓車
11001ACD91B1596,20210118,120.367377,23.291934,交通事故,一般地址,臺南市柳營區重溪里小腳腿段94號0,1,晴,30,單路部分,路段,無號誌,車與車,起步未注意其他車(人)安全
11001ACD91B1604,20210118,120.239734,23.262231,交通事故,其他,臺南市鹽水區段號南80線電桿:客轉高幹42NO761FC23,1,晴,50,單路部分,路段,無號誌,車與車,未保持行車安全間隔
11001ACD91B1621,20210118,120.210861,23.264777,交通事故,其他,臺南市鹽水區段號三和里台19線中央公路、無名道路-路口,2,晴,30,交岔路,交叉路口,行車管制號誌,車與車,違反號誌管制或指揮
11001ACD91B1625,20210118,120.368421,23.276132,交通事故,其他,臺南市柳營區段號大農里義士路一段605巷與產業道路口(義士幹149右23號),1,晴,30,交岔路,交叉路口,無號誌,車與車,未依規定讓車
11001ACD91B1657,20210119,120.286531,23.308638,交通事故,一般地址,臺南市新營區嘉芳里復興路段756號,1,晴,50,單路部分,路段,閃光號誌,車與車,未注意車前狀態
11001ACD91B1671,20210119,120.31337,23.306994,交通事故,交叉路口,臺南市新營區民權里三民路段號仁愛街,1,晴,50,交岔路,路段,行車管制號誌,人與汽(機)車,搶越行人穿越道
11001ACD91B1678,20210119,120.272008,23.309073,交通事故,交叉路口,臺南市鹽水區橋南里新太路段號五福路新太路與五福路口,1,晴,50,交岔路,交叉路口,無號誌,車與車,違反特定標誌(線)禁制
11001ACD91B1706,20210119,120.300034,23.307522,交通事故,其他,臺南市新營區段號新營區新南里金華路2段(路燈6138)旁,1,晴,30,單路部分,路段,無號誌,車與車,開啟車門不當而肇事
11001ACD91B1730,20210119,120.322142,23.30145,交通事故,其他,臺南市新營區段號興業里台一線與工業街口,1,晴,50,交岔路,交叉路口,行車管制號誌,車與車,違反特定標誌(線)禁制
11001ACD91B1787,20210120,120.325641,23.285756,交通事故,其他,臺南市柳營區段號太康里臺一線北上-路燈570206,3,晴,50,單路部分,路段,無號誌,汽(機)車本身,未注意車前狀態
11001ACD91B1806,20210120,120.313021,23.310636,交通事故,一般地址,臺南市新營區忠政里民治路段58號0,2,晴,40,單路部分,路段,無號誌,車與車,變換車道或方向不當
11001ACD91B1811,20210116,120.272813,23.304491,交通事故,其他,臺南市新營區段號台19甲、未命名道路,1,晴,30,交岔路,路段,無號誌,車與車,逆向行駛
11001ACD91B1828,20210120,120.314892,23.298073,交通事故,其他,臺南市新營區段號中興路66巷(南光中學前),2,晴,50,單路部分,路段,無號誌,車與車,未保持行車安全距離
11001ACD91B1841,20210119,120.316899,23.302058,交通事故,一般地址,臺南市新營區永平里中興路段32號,1,晴,50,單路部分,路段,無號誌,車與車,未注意車前狀態
11001ACD91B1864,20210120,120.30671,23.330204,交通事故,一般地址,臺南市新營區護鎮里建國路段293號0,1,晴,50,交岔路,交叉路口,行車管制號誌,車與車,起步未注意其他車(人)安全
11001ACD91B1865,20210114,120.267614,23.31741,交通事故,一般地址,臺南市鹽水區橋南里康樂路段6號0,1,晴,50,單路部分,路段,無號誌,車與車,未靠右行駛
11001ACD91B1888,20210120,120.267499,23.283946,交通事故,其他,臺南市新營區段號姑爺里無名巷道下角幹5之14電桿,2,晴,30,單路部分,路段,無號誌,人與汽(機)車,酒醉(後)駕駛失控
11001ACD91B1931,20210121,120.309992,23.307143,交通事故,一般地址,臺南市新營區民生里三興街段29號,1,晴,50,交岔路,交叉路口,無號誌,車與車,違規超車