案件編號,發生日期,GPS經度,GPS緯度,案件類別名稱,地址類型名稱,發生縣市名稱,受傷人數,天候名稱, 速限-第1當事者,道路型態大類別名稱,事故位置大類別名稱,號誌-號誌種類名稱,事故類型及型態大類別名稱,肇因研判子類別名稱-主要
11001ACD91B1938,20210121,120.326625,23.316962,交通事故,交叉路口,臺南市新營區東泰路段號東泰二街,1,晴,50,交岔路,交叉路口,無號誌,車與車,未依規定讓車
11001ACD91B1989,20210121,120.309659,23.30404,交通事故,其他,臺南市新營區段號民生路12號,1,晴,50,單路部分,路段,無號誌,車與車,倒車未依規定
11001ACD91B2011,20210121,120.301632,23.298249,交通事故,一般地址,臺南市新營區南興里建業路段79號0,3,晴,50,交岔路,交叉路口,無號誌,車與車,未依規定讓車
11001ACD91B2042,20210121,120.325163,23.277556,交通事故,其他,臺南市柳營區段號台1線與中山西路口,1,晴,50,交岔路,路段,行車管制號誌,車與車,未依規定讓車
11001ACD91B2105,20210121,120.293963,23.287299,交通事故,其他,臺南市柳營區段號雙營橋前路口,1,晴,60,交岔路,交叉路口,無號誌,車與車,未依規定讓車
11001ACD91B2117,20210122,120.320316,23.271842,交通事故,無,臺南市柳營區段號,1,陰,70,單路部分,路段,無號誌,汽(機)車本身,疲勞(患病)駕駛失控
11001ACD91B2133,20210121,120.300624,23.301657,交通事故,一般地址,臺南市新營區民榮里公園路段92號,1,晴,50,單路部分,路段,無號誌,車與車,起步未注意其他車(人)安全
11001ACD91B2134,20210122,120.313521,23.301132,交通事故,一般地址,臺南市新營區永平里延平路段46號,2,晴,50,單路部分,路段,無號誌,車與車,逆向行駛
11001ACD91B2141,20210122,120.318613,23.305241,交通事故,交叉路口,臺南市新營區大宏里中山路段號民族路,1,雨,50,交岔路,交叉路口,行車管制號誌,人與汽(機)車,未注意車前狀態
11001ACD91B2142,20210122,120.312887,23.263862,交通事故,一般地址,臺南市柳營區士林里柳營路1段207號0,1,雨,50,單路部分,路段,無號誌,車與車,未注意車前狀態
11001ACD91B2153,20210122,120.29396,23.30657,交通事故,一般地址,臺南市新營區新南里復興路段692號,1,雨,50,單路部分,路段,無號誌,車與車,未依規定讓車
11001ACD91B2170,20210122,120.320293,23.305926,交通事故,一般地址,臺南市新營區中營里中山路段93號,1,晴,50,交岔路,交叉路口,行車管制號誌,車與車,起步未注意其他車(人)安全
11001ACD91B2229,20210123,120.320505,23.27908,交通事故,交叉路口,臺南市柳營區東昇里中山西路1段號東昇一街,2,陰,50,交岔路,交叉路口,閃光號誌,車與車,未依規定讓車
11001ACD91B2246,20210123,120.330806,23.287765,交通事故,其他,臺南市新營區段號太康農會旁交叉路口,2,晴,50,交岔路,交叉路口,無號誌,車與車,未依規定讓車
11001ACD91B2276,20210123,120.310174,23.31235,交通事故,其他,臺南市新營區段號三興街81號,1,晴,30,交岔路,交叉路口,無號誌,車與車,未保持行車安全間隔
11001ACD91B2354,20210124,120.318786,23.310994,交通事故,一般地址,臺南市新營區王公里民治路段18號0,1,陰,50,單路部分,路段,無號誌,車與車,起步未注意其他車(人)安全
11001ACD91B2453,20210125,120.310911,23.268915,交通事故,一般地址,臺南市柳營區士林里長榮路6段105號0,2,晴,50,單路部分,路段,行車管制號誌,車與車,未依規定讓車
11001ACD91B2463,20210125,120.266968,23.314918,交通事故,交叉路口,臺南市鹽水區行昌路段號行昌路29,1,晴,50,交岔路,交叉路口,無號誌,車與車,橫越道路不慎
11001ACD91B2470,20210125,120.323399,23.306396,交通事故,其他,臺南市新營區段號開元路新營路橋下機車道,3,晴,30,單路部分,路段,無號誌,車與車,未保持行車安全間隔
11001ACD91B2505,20210125,120.3173,23.280769,交通事故,其他,臺南市柳營區段號十美街259號,2,晴,50,單路部分,路段,無號誌,車與車,起步未注意其他車(人)安全
11001ACD91B2547,20210125,120.313951,23.302523,交通事故,交叉路口,臺南市新營區復興路段號中山路,1,晴,50,交岔路,交叉路口,行車管制號誌,車與車,未依規定讓車
11001ACD91B2579,20210126,120.316287,23.319752,交通事故,交叉路口,臺南市新營區長榮路段號中正路,1,霧或煙,50,交岔路,交叉路口,行車管制號誌,車與車,未依規定讓車
11001ACD91B2599,20210126,120.323008,23.304532,交通事故,其他,臺南市新營區段號台1縣289.5K,2,晴,50,單路部分,路段,無號誌,車與車,未注意車前狀態
11001ACD91B2608,20210126,120.267729,23.320031,交通事故,一般地址,臺南市鹽水區月港里中正路段50號0,2,晴,50,單路部分,路段,無號誌,人與汽(機)車,蛇行、方向不定
11001ACD91B2660,20210127,120.273698,23.266102,交通事故,其他,臺南市新營區段號南70鄉道,1,晴,50,單路部分,路段,無號誌,汽(機)車本身,酒醉(後)駕駛失控
11001ACD91B2668,20210127,120.313819,23.269187,交通事故,其他,臺南市柳營區段號臺一線與柳營路一段口,1,晴,50,交岔路,交叉路口,行車管制號誌,車與車,違反號誌管制或指揮
11001ACD91B2691,20210127,120.316587,23.316291,交通事故,其他,臺南市新營區段號中正路120號前,1,晴,50,交岔路,交叉路口,閃光號誌,車與車,迴轉未依規定
11001ACD91B2702,20210127,120.311741,23.310517,交通事故,交叉路口,臺南市新營區民治路段號民權路,1,晴,50,單路部分,路段,無號誌,車與車,違反特定標誌(線)禁制
11001ACD91B2720,20210127,120.279621,23.293302,交通事故,其他,臺南市新營區段號太東街與太南街口,1,晴,30,交岔路,交叉路口,無號誌,車與車,未依規定讓車
11001ACD91B2722,20210127,120.313501,23.300627,交通事故,交叉路口,臺南市新營區新進路段號延平路,1,晴,50,交岔路,交叉路口,行車管制號誌,車與車,變換車道或方向不當
11001ACD91B2728,20210127,120.313339,23.29939,交通事故,交叉路口,臺南市新營區興業里延平路段號建業路,2,晴,40,交岔路,交叉路口,行車管制號誌,車與車,未依規定讓車
11001ACD91B2739,20210127,120.309554,23.304449,交通事故,交叉路口,臺南市新營區民生路段號中華路,1,晴,50,交岔路,交叉路口,閃光號誌,汽(機)車本身,未注意車前狀態
11001ACD91B2815,20210128,120.296088,23.298658,交通事故,交叉路口,臺南市新營區南紙里建業路段號太子路139,1,晴,50,交岔路,交叉路口,行車管制號誌,車與車,未注意車前狀態
11001ACD91B2820,20210128,120.31186,23.276517,交通事故,交叉路口,臺南市柳營區長榮路5段號中山西路3,1,晴,60,交岔路,交叉路口,無號誌,車與車,未依規定讓車
11001ACD91B2872,20210128,120.313392,23.306941,交通事故,其他,臺南市新營區段號三民路與仁愛街口,1,晴,50,交岔路,交叉路口,行車管制號誌,車與車,違反號誌管制或指揮
11001ACD91B2878,20210128,120.31984,23.309325,交通事故,其他,臺南市新營區段號中正路與綠川北街口,1,晴,50,交岔路,交叉路口,閃光號誌,車與車,未注意車前狀態
11001ACD91B2918,20210129,120.307234,23.309399,交通事故,交叉路口,臺南市新營區新北里民治路段號民治路156,1,晴,50,交岔路,交叉路口,無號誌,車與車,違反特定標誌(線)禁制
11001ACD91B2928,20210129,120.31285,23.277512,交通事故,交叉路口,臺南市柳營區光福里福德三街段號福安二街,1,晴,50,交岔路,交叉路口,無號誌,車與車,未依規定讓車
11001ACD91B2934,20210128,120.270578,23.311227,交通事故,交叉路口,臺南市鹽水區忠孝路段號南太路,2,晴,50,交岔路,交叉路口,行車管制號誌,車與車,未依規定讓車
11001ACD91B2937,20210129,120.254152,23.300656,交通事故,其他,臺南市鹽水區段號三明里4-13號,1,晴,70,單路部分,路段,無號誌,車與車,起步未注意其他車(人)安全
11001ACD91B2940,20210129,120.315826,23.313203,交通事故,交叉路口,臺南市新營區忠政里中正路段35號安和街25,1,晴,30,交岔路,交叉路口,閃光號誌,車與車,未依規定讓車
11001ACD91B2945,20210129,120.305937,23.306863,交通事故,一般地址,臺南市新營區民生里進修街段15號,1,晴,30,交岔路,交叉路口,無號誌,車與車,未依規定讓車
11001ACD91B2955,20210129,120.32293,23.317998,交通事故,一般地址,臺南市新營區新東里東興路段362號0,1,晴,50,單路部分,路段,無號誌,車與車,倒車未依規定
11001ACD91B2959,20210129,120.296353,23.305813,交通事故,交叉路口,臺南市新營區民榮里復興路段號復興路620,1,晴,50,交岔路,路段,閃光號誌,汽(機)車本身,未注意車前狀態
11001ACD91B2994,20210129,120.298845,23.312505,交通事故,交叉路口,臺南市新營區新南里長榮路2段號長榮路2682,2,晴,30,交岔路,交叉路口,閃光號誌,人與汽(機)車,穿越道路未注意左右來車
11001ACD91B3025,20210129,120.241077,23.289039,交通事故,一般地址,臺南市鹽水區歡雅里歡雅段90號,1,晴,30,單路部分,路段,無號誌,車與車,未靠右行駛
11001ACD91B3074,20210130,120.361262,23.292462,交通事故,其他,臺南市柳營區段號重溪里南108-1與無名巷道口,1,晴,30,交岔路,交叉路口,無號誌,車與車,未依規定讓車
11001ACD91B3075,20210130,120.298868,23.305233,交通事故,一般地址,臺南市新營區新南里復興路段490號0,2,晴,50,單路部分,路段,無號誌,車與車,其他引起事故之違規或不當行為
11001ACD91B3090,20210130,120.313071,23.30272,交通事故,一般地址,臺南市新營區三仙里復興路段44470號0,1,晴,50,單路部分,路段,無號誌,人與汽(機)車,倒車未依規定
11001ACD91B3101,20210130,120.316916,23.299217,交通事故,一般地址,臺南市新營區興業里中興路段22798號,1,晴,50,單路部分,路段,無號誌,車與車,倒車未依規定
11001ACD91B3112,20210130,120.287221,23.308372,交通事故,一般地址,臺南市新營區嘉芳里復興路段748號0,2,晴,50,單路部分,路段,無號誌,車與車,未保持行車安全間隔
11001ACD91B3123,20210130,120.272062,23.326123,交通事故,交叉路口,臺南市鹽水區岸內里和平路段號蔦松路,1,晴,50,交岔路,交叉路口,行車管制號誌,車與車,未依規定讓車
11001ACD91B3126,20210130,120.296066,23.297225,交通事故,交叉路口,臺南市新營區南紙里建業路段269號建業路22722,1,晴,30,交岔路,交叉路口,無號誌,車與車,未依規定讓車
11001ACD91B3127,20210130,120.31337,23.306994,交通事故,交叉路口,臺南市新營區民權里三民路段號仁愛街,1,晴,50,交岔路,交叉路口,行車管制號誌,車與車,未依規定讓車
11001ACD91B3138,20210130,120.312566,23.306462,交通事故,一般地址,臺南市新營區三仙里民權路段63之7號,1,晴,50,單路部分,路段,無號誌,車與車,未保持行車安全間隔
11001ACD91B3170,20210130,120.272899,23.304139,交通事故,交叉路口,臺南市新營區嘉芳里新太路段號八德路,1,晴,50,交岔路,交叉路口,無號誌,車與車,貨物超長、寬、高而肇事
11001ACD91B3175,20210123,120.31317,23.329425,交通事故,一般地址,臺南市新營區埤寮里許丑段45之19號,1,晴,50,交岔路,交叉路口,無號誌,汽(機)車本身,疲勞(患病)駕駛失控
11001ACD91B3178,20210119,120.316272,23.277244,交通事故,一般地址,臺南市柳營區東昇里中山西路2段56號,1,晴,50,交岔路,路段,無號誌,汽(機)車本身,未注意車前狀態
11001ACD91B3184,20210119,120.305009,23.308472,交通事故,一般地址,臺南市新營區新南里民治路段202之3號,1,晴,50,交岔路,交叉路口,行車管制號誌,車與車,未依規定讓車
11001ACD91B3187,20210131,120.31694,23.3024,交通事故,交叉路口,臺南市新營區中興路段號康樂街,2,晴,50,交岔路,交叉路口,無號誌,車與車,未依規定讓車
11001ACD91B3188,20210122,120.307922,23.309504,交通事故,交叉路口,臺南市新營區新北里民治路段號民生路,1,雨,50,交岔路,交叉路口,行車管制號誌(附設行人專用號誌),車與車,未依規定讓車
11001ACD91B3191,20210123,120.313431,23.300629,交通事故,交叉路口,臺南市新營區永平里新進路2段號延平路,1,晴,50,交岔路,交叉路口,行車管制號誌,車與車,未注意車前狀態
11001ACD91B3197,20210126,120.309408,23.309894,交通事故,一般地址,臺南市新營區新北里民治路段136號,1,晴,50,交岔路,交叉路口,行車管制號誌,車與車,違反號誌管制或指揮
11001ACD91B3204,20210131,120.312501,23.306919,交通事故,交叉路口,臺南市新營區民權里三民路段號民權路,1,晴,50,交岔路,交叉路口,行車管制號誌,汽(機)車本身,未注意車前狀態
11001ACD91B3206,20210127,120.274229,23.27499,交通事故,其他,臺南市新營區段號五興里五間厝90之6號前,2,晴,50,交岔路,交叉路口,無號誌,車與車,未依規定讓車
11001ACD91B3211,20210128,120.327936,23.312226,交通事故,無,臺南市新營區段號,2,晴,70,單路部分,路段,無號誌,車與車,未保持行車安全距離
11001ACD91B3214,20210131,120.325737,23.29121,交通事故,其他,臺南市柳營區段號義士路三段與台一線路口,2,晴,50,交岔路,交叉路口,行車管制號誌,車與車,未依規定讓車
11001ACD91B3262,20210131,120.226288,23.273407,交通事故,交叉路口,臺南市鹽水區三明里省道臺19線段號區道南3線,1,陰,60,交岔路,交叉路口,閃光號誌,汽(機)車本身,未注意車前狀態
11001ACD91B3293,20210131,120.312085,23.319636,交通事故,交叉路口,臺南市新營區護鎮里長榮路段號健康路,2,陰,60,交岔路,交叉路口,行車管制號誌,汽(機)車本身,未注意車前狀態
11001ACD91B3296,20210125,120.305463,23.303484,交通事故,交叉路口,臺南市新營區民生里公園路段號復興路,1,晴,40,交岔路,交叉路口,行車管制號誌,車與車,左轉彎未依規定
11001ACD91B3467,20210115,120.312997,23.310571,交通事故,一般地址,臺南市新營區民權里民治路段58號,1,晴,40,單路部分,路段,無號誌,車與車,違反特定標誌(線)禁制
11001ACD91B3468,20210116,120.271441,23.290052,交通事故,其他,臺南市新營區段號太北里南72線4.5公里,1,晴,50,單路部分,路段,無號誌,汽(機)車本身,未注意車前狀態
11001ACD91B3469,20210125,120.307853,23.309526,交通事故,交叉路口,臺南市新營區新北里民治路段號民生路,1,晴,40,交岔路,交叉路口,行車管制號誌,車與車,未依規定讓車
11001ACE91A0001,20210101,120.423783,23.071161,交通事故,無,臺南市玉井區段號,2,晴,60,單路部分,路段,無號誌,汽(機)車本身,未注意車前狀態
11001ACE91B0346,20210102,120.478598,23.043647,交通事故,其他,臺南市南化區段號南化里217號前,1,晴,50,交岔路,交叉路口,無號誌,車與車,未依規定讓車
11001ACE91B0629,20210105,120.525691,23.211752,交通事故,無,臺南市楠西區段號,1,晴,40,單路部分,路段,無號誌,汽(機)車本身,酒醉(後)駕駛失控
11001ACE91B0750,20210110,120.462006,23.125951,交通事故,交叉路口,臺南市玉井區玉田里中華路段號民生路,1,晴,50,交岔路,交叉路口,行車管制號誌,汽(機)車本身,未注意車前狀態
11001ACE91B1126,20210114,120.489297,23.080144,交通事故,其他,臺南市南化區段號臺20線北寮里北寮64-16號前,1,晴,50,單路部分,路段,無號誌,車與車,逆向行駛
11001ACE91B1344,20210112,120.424803,23.077465,交通事故,無,臺南市玉井區段號,1,晴,60,交岔路,交叉路口,行車管制號誌,汽(機)車本身,未注意車前狀態
11001ACE91B1348,20210116,120.467726,23.128507,交通事故,無,臺南市玉井區段號,2,晴,50,單路部分,路段,無號誌,車與車,未保持行車安全距離
11001ACE91B1788,20210119,120.472473,23.132314,交通事故,其他,臺南市玉井區段號武成街(中正路848號後門),1,晴,30,單路部分,路段,無號誌,人與汽(機)車,其他引起事故之違規或不當行為
11001ACE91B1796,20210120,120.494359,23.134516,交通事故,其他,臺南市楠西區段號南186線1.6公里處(龜丹39號前),1,晴,50,交岔路,交叉路口,無號誌,車與車,未保持行車安全距離
11001ACE91B2164,20210122,120.458599,23.119799,交通事故,交叉路口,臺南市玉井區玉田里中山路段號中正路,1,雨,50,交岔路,路段,行車管制號誌,車與車,未保持行車安全距離
11001ACE91B2248,20210123,120.480216,23.196681,交通事故,其他,臺南市楠西區段號照興里星北935號前,1,晴,40,交岔路,交叉路口,無號誌,車與車,未依規定讓車
11001ACE91B3140,20210130,120.465954,23.120983,交通事故,一般地址,臺南市玉井區玉田里中山路段242號0,2,晴,50,單路部分,路段,無號誌,車與車,倒車未依規定
11001ACE91B3404,20210122,120.442796,23.129855,交通事故,無,臺南市玉井區段號,1,雨,30,單路部分,路段,無號誌,汽(機)車本身,未注意車前狀態
11001ACE91B3999,20210122,120.468577,23.117877,交通事故,無,臺南市玉井區段號,2,晴,60,單路部分,路段,無號誌,汽(機)車本身,未注意車前狀態
11001ACEO1B1375,20210110,120.489027,23.138526,交通事故,其他,臺南市楠西區段號龜丹里南186線與林口路口,1,晴,40,交岔路,交叉路口,無號誌,車與車,左轉彎未依規定
11001ACEU1B1908,20210114,120.423304,23.073469,交通事故,其他,臺南市玉井區段號臺20線29公里處,1,晴,60,單路部分,路段,無號誌,汽(機)車本身,超速失控
11001ACF91A0004,20210109,120.361292,23.309723,交通事故,一般地址,臺南市東山區聖賢里區道南314線段北勢寮91之2號0聖賢里北勢寮91之2號前,0,晴,50,單路部分,路段,無號誌,汽(機)車本身,未注意車前狀態
11001ACF91B0029,20210101,120.323812,23.335068,交通事故,其他,臺南市後壁區段號新東里新港東191之1號前,1,晴,50,單路部分,路段,無號誌,車與車,未注意車前狀態
11001ACF91B0042,20210101,120.331952,23.36911,交通事故,其他,臺南市後壁區段號長短樹里菁寮國中前,1,晴,50,交岔路,交叉路口,行車管制號誌,車與車,未注意車前狀態
11001ACF91B0284,20210105,120.467419,23.352388,交通事故,無,臺南市白河區段號,1,晴,40,單路部分,路段,無號誌,汽(機)車本身,未注意車前狀態
11001ACF91B0415,20210106,120.362162,23.309722,交通事故,其他,臺南市東山區段號聖賢里北勢寮91-2號,1,晴,50,單路部分,路段,無號誌,車與車,未注意車前狀態
11001ACF91B0416,20210106,120.30196,23.342449,交通事故,其他,臺南市後壁區段號竹圍後105-6號,1,晴,30,交岔路,交叉路口,閃光號誌,車與車,未依規定讓車
11001ACF91B0417,20210106,120.499729,23.33602,交通事故,其他,臺南市白河區段號關嶺里關子嶺92-1號,1,晴,40,單路部分,路段,無號誌,汽(機)車本身,未注意車前狀態
11001ACF91B0419,20210106,120.392774,23.318731,交通事故,交叉路口,臺南市東山區新東路2段號福安街,1,陰,50,交岔路,交叉路口,無號誌,車與車,未注意車前狀態
11001ACF91B0677,20210103,120.414683,23.348324,交通事故,其他,臺南市白河區段號白河里中山路32號前,1,晴,50,單路部分,路段,無號誌,車與車,開啟車門不當而肇事
11001ACF91B0683,20210109,120.402111,23.231705,交通事故,無,臺南市東山區段號,1,晴,40,交岔路,交叉路口,無號誌,車與車,未依規定讓車
11001ACF91B0685,20210107,120.438258,23.341971,交通事故,其他,臺南市白河區段號河東里南96-1線國3涵洞下,1,雨,30,單路部分,路段,無號誌,車與車,未注意車前狀態
11001ACF91B0686,20210109,120.359137,23.327362,交通事故,其他,臺南市後壁區段號福安里南81線0.5公里處,2,晴,30,交岔路,交叉路口,無號誌,車與車,未依規定讓車
11001ACF91B0892,20210112,120.47252,23.347076,交通事故,無,臺南市白河區段號,2,陰,50,單路部分,路段,無號誌,人與汽(機)車,未注意車前狀態
11001ACF91B0948,20210112,120.357963,23.309582,交通事故,其他,臺南市東山區段號聖賢里314線3.9K,2,晴,50,單路部分,路段,無號誌,車與車,未注意車前狀態
11001ACF91B0996,20210113,120.445676,23.265063,交通事故,其他,臺南市東山區段號東原里南104縣、105線路口,1,晴,50,交岔路,交叉路口,行車管制號誌,車與車,未依規定讓車
11001ACF91B1086,20210113,120.354794,23.331134,交通事故,無,臺南市後壁區段號,2,晴,50,單路部分,路段,無號誌,車與車,未保持行車安全距離
11001ACF91B1087,20210113,120.424721,23.35195,交通事故,交叉路口,臺南市白河區外角里裕農路段號區道南94線,1,晴,50,交岔路,交叉路口,閃光號誌,車與車,未依規定讓車
11001ACF91B1124,20210114,120.411789,23.356734,交通事故,無,臺南市白河區段號,1,晴,50,交岔路,交叉路口,無號誌,車與車,未保持行車安全距離
11001ACF91B1293,20210115,120.423817,23.361215,交通事故,一般地址,臺南市白河區庄內里中山路段652號,2,晴,50,單路部分,路段,無號誌,車與車,起步未注意其他車(人)安全
11001ACF91B1545,20210104,120.339888,23.324595,交通事故,無,臺南市後壁區段號,2,晴,70,交岔路,交叉路口,無號誌,車與車,橫越道路不慎
11001ACF91B1546,20210104,120.429674,23.375248,交通事故,無,臺南市白河區段號,1,晴,50,交岔路,交叉路口,無號誌,車與車,未依規定讓車
11001ACF91B1547,20210104,120.359021,23.359331,交通事故,無,臺南市後壁區段號,1,晴,70,交岔路,交叉路口,閃光號誌,車與車,未依規定讓車
11001ACF91B1549,20210107,120.4105,23.353162,交通事故,交叉路口,臺南市白河區永安里三民路段號富民路,3,晴,50,交岔路,交叉路口,閃光號誌,車與車,未依規定讓車
11001ACF91B1550,20210102,120.413922,23.347438,交通事故,交叉路口,臺南市白河區中山路段號國泰路,2,晴,50,交岔路,交叉路口,行車管制號誌,車與車,起步未注意其他車(人)安全
11001ACF91B1551,20210108,120.425587,23.345519,交通事故,一般地址,臺南市白河區河東里市道172線段122-35號,1,晴,50,交岔路,交叉路口,閃光號誌,車與車,未依規定讓車
11001ACF91B1707,20210119,120.303124,23.342388,交通事故,無,臺南市後壁區段號,1,晴,40,交岔路,交叉路口,無號誌,車與車,未注意車前狀態
11001ACF91B1710,20210117,120.403296,23.3219,交通事故,其他,臺南市東山區段號東中里中興路1號前,1,晴,50,單路部分,路段,無號誌,人與汽(機)車,未保持行車安全間隔
11001ACF91B1815,20210120,120.352014,23.324993,交通事故,無,臺南市後壁區段號,2,晴,30,交岔路,路段,無號誌,汽(機)車本身,未注意車前狀態
11001ACF91B1875,20210116,120.33015,23.342111,交通事故,其他,臺南市後壁區段號南85線與南78線口,1,晴,50,交岔路,交叉路口,閃光號誌,車與車,未依規定讓車
11001ACF91B1882,20210116,120.40305,23.319547,交通事故,一般地址,臺南市東山區中興南路段17號0,1,晴,50,交岔路,交叉路口,無號誌,車與車,變換車道或方向不當
11001ACF91B1921,20210120,120.415946,23.381136,交通事故,交叉路口,臺南市白河區玉豐里區道南88線段號區道南89線,1,晴,50,交岔路,交叉路口,閃光號誌,車與車,未依規定讓車
11001ACF91B1923,20210120,120.437024,23.393141,交通事故,其他,臺南市白河區段號馬稠後里草店16之19號前,1,晴,40,單路部分,路段,無號誌,車與車,未注意車前狀態
11001ACF91B1930,20210121,120.41515,23.351191,交通事故,交叉路口,臺南市白河區永安里開明街段號昇平街,1,晴,40,交岔路,交叉路口,無號誌,車與車,未依規定讓車
11001ACF91B1934,20210120,120.403114,23.321935,交通事故,一般地址,臺南市東山區東中里中興路段1號,1,晴,40,單路部分,路段,無號誌,車與車,起步未注意其他車(人)安全
11001ACF91B2107,20210122,120.404461,23.321125,交通事故,一般地址,臺南市東山區東中里達雲路1段79號,2,陰,50,交岔路,交叉路口,無號誌,車與車,起步未注意其他車(人)安全
11001ACF91B2176,20210122,120.414325,23.351586,交通事故,交叉路口,臺南市白河區永安里一心街段號三義街,1,陰,30,交岔路,交叉路口,無號誌,車與車,倒車未依規定
11001ACF91B2191,20210118,120.440617,23.301889,交通事故,無,臺南市東山區段號,2,晴,50,單路部分,路段,無號誌,車與車,橫越道路不慎
11001ACF91B2192,20210121,120.34461,23.329366,交通事故,交叉路口,臺南市後壁區福安里省道臺1線段號市道172線,2,晴,70,交岔路,交叉路口,行車管制號誌,車與車,未依規定讓車
11001ACF91B2202,20210123,120.330395,23.366734,交通事故,無,臺南市後壁區段號,1,雨,50,交岔路,交叉路口,無號誌,車與車,違反特定標誌(線)禁制
11001ACF91B2360,20210116,120.321389,23.333562,交通事故,無,臺南市後壁區段號,1,晴,50,單路部分,路段,無號誌,車與車,未注意車前狀態
11001ACF91B2381,20210121,120.422411,23.359328,交通事故,其他,臺南市白河區段號庄內里中山路526號前,1,晴,50,單路部分,路段,無號誌,車與車,其他引起事故之違規或不當行為
11001ACF91B2387,20210117,120.332741,23.375999,交通事故,其他,臺南市後壁區段號菁寮里菁寮1-20號前,2,晴,50,單路部分,路段,無號誌,車與車,起步未注意其他車(人)安全
11001ACF91B2428,20210121,120.503775,23.334974,交通事故,其他,臺南市白河區段號關嶺里路燈651201號前道路,1,晴,50,單路部分,路段,無號誌,汽(機)車本身,未注意車前狀態
11001ACF91B2465,20210117,120.335755,23.380189,交通事故,其他,臺南市後壁區段號菁寮里菁寮179-1號前,1,晴,40,單路部分,路段,無號誌,車與車,未注意車前狀態
11001ACF91B2471,20210124,120.413973,23.349831,交通事故,交叉路口,臺南市白河區永安里中正路段號康樂路,1,晴,50,交岔路,交叉路口,行車管制號誌,車與車,右轉彎未依規定
11001ACF91B2544,20210126,120.382199,23.40367,交通事故,無,臺南市後壁區段號,1,霧或煙,70,交岔路,交叉路口,無號誌,車與車,迴轉未依規定
11001ACF91B2615,20210124,120.461035,23.237504,交通事故,交叉路口,臺南市東山區南勢里市道174線段號區道南105線,1,晴,50,單路部分,路段,無號誌,汽(機)車本身,未注意車前狀態
11001ACF91B2766,20210127,120.500169,23.291664,交通事故,無,臺南市東山區段號,1,晴,40,單路部分,路段,無號誌,汽(機)車本身,未注意車前狀態
11001ACF91B2767,20210127,120.411183,23.367318,交通事故,其他,臺南市白河區段號大竹里大排竹118-4號前,2,晴,30,單路部分,路段,無號誌,人與汽(機)車,穿越道路未注意左右來車
11001ACF91B2866,20210128,120.353745,23.355613,交通事故,其他,臺南市後壁區段號嘉苳里南80線平交道旁,1,陰,50,交岔路,交叉路口,無號誌,汽(機)車本身,未注意車前狀態
11001ACF91B2873,20210128,120.382335,23.384812,交通事故,其他,臺南市後壁區段號上茄苳里49-12號前,2,陰,50,交岔路,交叉路口,無號誌,車與車,未依規定讓車
11001ACF91B2935,20210129,120.372134,23.384034,交通事故,無,臺南市後壁區段號,1,晴,70,交岔路,交叉路口,閃光號誌,車與車,變換車道或方向不當
11001ACF91B3231,20210123,120.349968,23.33494,交通事故,無,臺南市後壁區段號,1,晴,40,交岔路,交叉路口,無號誌,車與車,右轉彎未依規定
11001ACF91B3264,20210128,120.423049,23.377575,交通事故,其他,臺南市白河區段號詔豐里海豐厝92-28號前南90線上,1,晴,40,單路部分,路段,無號誌,車與車,倒車未依規定
11001ACF91B3265,20210128,120.353462,23.33088,交通事故,交叉路口,臺南市後壁區福安里市道172線段號區道南76線,1,晴,50,交岔路,交叉路口,行車管制號誌,車與車,違規超車
11001ACF91B3266,20210131,120.426424,23.366152,交通事故,無,臺南市白河區段號,1,晴,50,單路部分,路段,無號誌,汽(機)車本身,其他引起事故之違規或不當行為
11001ACF91B3299,20210131,120.428846,23.3648,交通事故,無,臺南市白河區段號,1,霧或煙,50,單路部分,路段,無號誌,車與車,未注意車前狀態
11001ACF91B3332,20210125,120.402831,23.317515,交通事故,交叉路口,臺南市東山區東中里育群街段號市道165線,1,晴,50,交岔路,交叉路口,無號誌,車與車,未依規定讓車
11001ACF91B3333,20210125,120.362405,23.365629,交通事故,一般地址,臺南市後壁區後壁里市道172甲線段170-47號,2,晴,50,單路部分,路段,無號誌,車與車,未保持行車安全距離
11001ACF91B3495,20210116,120.420059,23.353441,交通事故,交叉路口,臺南市白河區長安路段號光華路,1,晴,50,交岔路,交叉路口,閃光號誌,車與車,未依規定讓車
11001ACF91B3555,20210130,120.439106,23.397911,交通事故,其他,臺南市白河區段號165線與南86線口,1,晴,50,交岔路,交叉路口,無號誌,車與車,未依規定讓車
11001ACF91B3556,20210130,120.453176,23.260849,交通事故,無,臺南市東山區段號,2,晴,50,交岔路,交叉路口,無號誌,車與車,未保持行車安全距離
11001ACFN2B2636,20210126,120.415789,23.347807,交通事故,一般地址,臺南市白河區白河里新起街段3號,1,晴,50,單路部分,路段,無號誌,人與汽(機)車,未注意車前狀態
11001ACFN2B3245,20210124,120.437383,23.34475,交通事故,其他,臺南市白河區段號河東里139之3號前,2,晴,30,單路部分,路段,無號誌,車與車,未注意車前狀態
11001ACFO1B0321,20210102,120.429095,23.373828,交通事故,無,臺南市白河區段號,2,晴,60,單路部分,路段,無號誌,車與車,未注意車前狀態
11001ACG91A0008,20210114,120.261664,23.237488,交通事故,交叉路口,臺南市下營區後街里中正北路段號人和二街,1,晴,50,交岔路,路段,閃光號誌,車與車,未保持行車安全距離