案件編號,發生日期,GPS經度,GPS緯度,案件類別名稱,地址類型名稱,發生縣市名稱,受傷人數,天候名稱, 速限-第1當事者,道路型態大類別名稱,事故位置大類別名稱,號誌-號誌種類名稱,事故類型及型態大類別名稱,肇因研判子類別名稱-主要
11001ACG91B0022,20210101,120.246731,23.18442,交通事故,一般地址,臺南市麻豆區新興里光復路段75號,2,晴,50,單路部分,路段,無號誌,車與車,起步未注意其他車(人)安全
11001ACG91B0024,20210101,120.329998,23.216878,交通事故,一般地址,臺南市官田區二鎮里區道南113線段二鎮69號,1,晴,50,交岔路,交叉路口,無號誌,車與車,未依規定讓車
11001ACG91B0034,20210101,120.24587,23.18125,交通事故,交叉路口,臺南市麻豆區中興里中興街段號三民路,2,晴,50,交岔路,交叉路口,閃光號誌,車與車,未依規定讓車
11001ACG91B0047,20210101,120.344319,23.232422,交通事故,交叉路口,臺南市六甲區水林里中山路段號民族街,1,晴,50,交岔路,交叉路口,行車管制號誌,車與車,逆向行駛
11001ACG91B0061,20210102,120.265185,23.238665,交通事故,一般地址,臺南市下營區後街里自由街段110號,1,晴,50,單路部分,路段,無號誌,汽(機)車本身,未注意車前狀態
11001ACG91B0081,20210102,120.342201,23.187733,交通事故,其他,臺南市官田區段號官田里15號前,1,晴,30,單路部分,路段,無號誌,車與車,起步未注意其他車(人)安全
11001ACG91B0087,20210102,120.3404,23.163239,交通事故,其他,臺南市官田區段號渡拔里台84線與台1線,1,晴,40,單路部分,交流道,行車管制號誌,車與車,未保持行車安全距離
11001ACG91B0088,20210102,120.284586,23.188751,交通事故,交叉路口,臺南市麻豆區寮?里市道171線段號區道南63線,2,晴,50,交岔路,交叉路口,閃光號誌,車與車,未依規定讓車
11001ACG91B0096,20210102,120.253576,23.177263,交通事故,其他,臺南市麻豆區段號新生南路民權路口,2,晴,50,交岔路,交叉路口,行車管制號誌,汽(機)車本身,其他引起事故之違規或不當行為
11001ACG91B0107,20210102,120.268907,23.223474,交通事故,交叉路口,臺南市下營區營前里健康路段200號中山路2363,1,晴,50,交岔路,交叉路口,閃光號誌,車與車,未依規定讓車
11001ACG91B0131,20210103,120.281584,23.241663,交通事故,其他,臺南市下營區段號新興里中山路1段476巷207號旁路口,1,晴,30,交岔路,交叉路口,無號誌,車與車,未依規定讓車
11001ACG91B0134,20210103,120.268924,23.184546,交通事故,其他,臺南市麻豆區段號南勢里5號旁,2,晴,50,單路部分,路段,無號誌,車與車,未依規定讓車
11001ACG91B0135,20210103,120.240445,23.184767,交通事故,一般地址,臺南市麻豆區新興里麻佳路1段43號0,1,晴,50,單路部分,路段,無號誌,車與車,未保持行車安全距離
11001ACG91B0139,20210103,120.253425,23.178942,交通事故,交叉路口,臺南市麻豆區?江里建南街段號建南一街,1,晴,50,交岔路,交叉路口,閃光號誌,車與車,未依規定讓車
11001ACG91B0156,20210103,120.314451,23.192851,交通事故,交叉路口,臺南市官田區隆田里中山路1段號勝利路,2,晴,50,交岔路,交叉路口,閃光號誌,車與車,未依規定讓車
11001ACG91B0163,20210103,120.340668,23.189885,交通事故,其他,臺南市官田區段號官田里59之16號前,1,晴,50,交岔路,交叉路口,閃光號誌,車與車,未保持行車安全距離
11001ACG91B0176,20210104,120.251522,23.181238,交通事故,其他,臺南市麻豆區段號晉江里民權路20之5號前,1,晴,50,單路部分,路段,無號誌,車與車,迴轉未依規定
11001ACG91B0185,20210102,120.351172,23.229101,交通事故,一般地址,臺南市六甲區六甲里中正路段459號,1,晴,50,交岔路,交叉路口,無號誌,汽(機)車本身,不明原因肇事
11001ACG91B0186,20210103,120.31752,23.192732,交通事故,一般地址,臺南市官田區隆田里中山路1段61號,1,晴,50,交岔路,交叉路口,無號誌,車與車,迴轉未依規定
11001ACG91B0193,20210104,120.316186,23.19439,交通事故,交叉路口,臺南市官田區隆田里勝利路段號仁愛街,1,晴,50,交岔路,交叉路口,行車管制號誌,汽(機)車本身,未注意車前狀態
11001ACG91B0239,20210104,120.330301,23.219047,交通事故,一般地址,臺南市官田區二鎮里二鎮段75之13號,2,晴,50,交岔路,交叉路口,閃光號誌,車與車,違反特定標誌(線)禁制
11001ACG91B0269,20210105,120.240795,23.237492,交通事故,其他,臺南市下營區段號大吉里大屯寮(南屯高幹56)附近路口,1,晴,30,交岔路,交叉路口,無號誌,車與車,未依規定讓車
11001ACG91B0275,20210105,120.343445,23.223367,交通事故,交叉路口,臺南市六甲區七甲里中華路段號中華路202七甲里中華路202號前,2,晴,50,交岔路,交叉路口,無號誌,車與車,未注意車前狀態
11001ACG91B0277,20210105,120.233089,23.189435,交通事故,無,臺南市麻豆區段號,2,晴,50,交岔路,交叉路口,行車管制號誌,車與車,未保持行車安全距離
11001ACG91B0285,20210105,120.239482,23.206874,交通事故,其他,臺南市麻豆區段號北勢里南57線2.9公里處,1,晴,50,單路部分,路段,無號誌,汽(機)車本身,未注意車前狀態
11001ACG91B0300,20210105,120.306769,23.194359,交通事故,交叉路口,臺南市官田區隆本里中山路2段號中山路258,1,晴,50,交岔路,交叉路口,無號誌,車與車,未依規定讓車
11001ACG91B0308,20210105,120.312433,23.253443,交通事故,其他,臺南市六甲區段號菁埔里台一線與174線路口,1,晴,70,交岔路,交叉路口,行車管制號誌,車與車,違反號誌管制或指揮
11001ACG91B0312,20210105,120.282042,23.220588,交通事故,其他,臺南市下營區段號茅港里81號附近,1,晴,30,單路部分,路段,無號誌,汽(機)車本身,未注意車前狀態
11001ACG91B0323,20210105,120.245749,23.183028,交通事故,交叉路口,臺南市麻豆區新興里仁愛路段號三民路,1,陰,50,交岔路,交叉路口,閃光號誌,車與車,未依規定讓車
11001ACG91B0338,20210106,120.31338,23.250125,交通事故,其他,臺南市六甲區段號龜港里台一線與南68線路口,1,晴,60,交岔路,交叉路口,行車管制號誌,汽(機)車本身,未注意車前狀態
11001ACG91B0349,20210106,120.261884,23.238531,交通事故,交叉路口,臺南市下營區後街里東興二街段號水池街,1,晴,30,交岔路,交叉路口,無號誌,車與車,未依規定讓車
11001ACG91B0351,20210106,120.259524,23.233266,交通事故,其他,臺南市下營區段號公園路友愛街口,1,陰,50,交岔路,交叉路口,閃光號誌,車與車,未依規定讓車
11001ACG91B0355,20210106,120.289028,23.201341,交通事故,其他,臺南市麻豆區段號寮?里南318線0.5K處往西,2,晴,50,交岔路,交叉路口,無號誌,車與車,未保持行車安全距離
11001ACG91B0362,20210106,120.144623,23.29738,交通事故,交叉路口,臺南市麻豆區南勢里市道171線段號區道南61線,2,晴,50,交岔路,交叉路口,行車管制號誌,車與車,違反號誌管制或指揮
11001ACG91B0390,20210106,120.287211,23.199312,交通事故,其他,臺南市麻豆區段號南318線0.05公里路口,1,晴,50,交岔路,交叉路口,閃光號誌,車與車,未依規定讓車
11001ACG91B0394,20210106,120.341426,23.233259,交通事故,一般地址,臺南市六甲區六甲里中山路段446號,2,晴,50,單路部分,路段,無號誌,車與車,起步未注意其他車(人)安全
11001ACG91B0410,20210107,120.2708,23.213147,交通事故,交叉路口,臺南市下營區西連里省道臺19甲線段號區道南54線,2,雨,60,交岔路,交叉路口,行車管制號誌,車與車,違反號誌管制或指揮
11001ACG91B0421,20210107,120.259528,23.23326,交通事故,交叉路口,臺南市下營區仁里里公園路段號友愛街,1,雨,50,交岔路,交叉路口,閃光號誌,汽(機)車本身,其他引起事故之違規或不當行為
11001ACG91B0460,20210107,120.249656,23.183075,交通事故,交叉路口,臺南市麻豆區巷口里興南路段號民族路,1,晴,50,交岔路,交叉路口,閃光號誌,車與車,迴轉未依規定
11001ACG91B0464,20210107,120.253268,23.177517,交通事故,一般地址,臺南市麻豆區?江里民權路段66之75號0,1,晴,50,交岔路,交叉路口,無號誌,車與車,右轉彎未依規定
11001ACG91B0484,20210107,120.253365,23.183675,交通事故,交叉路口,臺南市麻豆區東角里興中路段號民生路,2,晴,50,交岔路,交叉路口,行車管制號誌,車與車,未依規定讓車
11001ACG91B0491,20210107,120.351535,23.22689,交通事故,交叉路口,臺南市六甲區六甲里中正路段號珊瑚路,1,晴,50,交岔路,交叉路口,行車管制號誌,車與車,違反號誌管制或指揮
11001ACG91B0523,20210108,120.325371,23.218925,交通事故,其他,臺南市官田區段號二鎮里工社北街與無名道路,2,晴,30,交岔路,交叉路口,無號誌,車與車,未依規定讓車
11001ACG91B0532,20210108,120.249659,23.181659,交通事故,一般地址,臺南市麻豆區?江里民族路段44303號,1,晴,50,單路部分,路段,無號誌,車與車,左轉彎未依規定
11001ACG91B0539,20210108,120.349799,23.222684,交通事故,一般地址,臺南市六甲區甲南里中正路段189號,2,晴,30,交岔路,交叉路口,無號誌,車與車,未依規定讓車
11001ACG91B0553,20210108,120.348115,23.223471,交通事故,交叉路口,臺南市六甲區六甲里成功街段號成功街48,1,晴,50,交岔路,交叉路口,無號誌,車與車,違規超車
11001ACG91B0582,20210108,120.248104,23.184514,交通事故,交叉路口,臺南市麻豆區大埕里光復路段號平等路,2,晴,50,交岔路,交叉路口,無號誌,車與車,未依規定讓車
11001ACG91B0590,20210109,120.26705,23.183796,交通事故,其他,臺南市麻豆區段號南勢里91號前,1,晴,50,單路部分,路段,無號誌,車與車,迴轉未依規定
11001ACG91B0600,20210109,120.254897,23.181189,交通事故,一般地址,臺南市麻豆區?江里民生路段39之1號0,1,晴,50,交岔路,交叉路口,無號誌,車與車,未依規定讓車
11001ACG91B0603,20210109,120.252934,23.183657,交通事故,一般地址,臺南市麻豆區?江里興中路段164-3號0,1,晴,50,交岔路,交叉路口,無號誌,車與車,開啟車門不當而肇事
11001ACG91B0608,20210109,120.249854,23.157464,交通事故,其他,臺南市麻豆區段號安業里堤防道路溪底高幹50-1電桿前,1,晴,30,交岔路,交叉路口,無號誌,車與車,未依規定讓車
11001ACG91B0614,20210109,120.25642,23.191221,交通事故,其他,臺南市麻豆區段號南勢里關帝廟18之1號前,1,晴,50,單路部分,路段,閃光號誌,汽(機)車本身,未注意車前狀態
11001ACG91B0634,20210109,120.246315,23.173294,交通事故,其他,臺南市麻豆區段號井東里磚子井141號前,1,晴,50,單路部分,路段,閃光號誌,車與車,未注意車前狀態
11001ACG91B0670,20210108,120.315159,23.2012,交通事故,一般地址,臺南市官田區隆本里中華路2段59號0,1,晴,70,單路部分,路段,無號誌,車與車,起步未注意其他車(人)安全
11001ACG91B0687,20210110,120.254313,23.168614,交通事故,其他,臺南市麻豆區段號磚井里83-5號附近,3,晴,50,交岔路,交叉路口,無號誌,車與車,違反特定標誌(線)禁制
11001ACG91B0704,20210110,120.244837,23.182985,交通事故,一般地址,臺南市麻豆區新興里仁愛路段26號,1,晴,50,單路部分,路段,無號誌,車與車,起步未注意其他車(人)安全
11001ACG91B0729,20210110,120.263638,23.232549,交通事故,其他,臺南市下營區段號中正南路115號前,1,晴,50,單路部分,路段,無號誌,汽(機)車本身,未注意車前狀態
11001ACG91B0759,20210110,120.46625,23.216458,交通事故,其他,臺南市六甲區段號大丘里175線24K處,2,陰,40,單路部分,路段,無號誌,汽(機)車本身,未依規定減速
11001ACG91B0792,20210111,120.330445,23.219559,交通事故,交叉路口,臺南市官田區二鎮里工社北街段號工社南街56,2,晴,30,交岔路,交叉路口,無號誌,車與車,未依規定讓車
11001ACG91B0808,20210111,120.209438,23.192123,交通事故,其他,臺南市麻豆區段號海埔里南24線道8.9公里處,2,晴,50,交岔路,交叉路口,閃光號誌,車與車,未依規定讓車
11001ACG91B0810,20210111,120.241995,23.184509,交通事故,一般地址,臺南市麻豆區油車里中山路段177號,1,晴,50,單路部分,路段,無號誌,車與車,未保持行車安全間隔
11001ACG91B0819,20210111,120.267206,23.234982,交通事故,交叉路口,臺南市下營區營前里中華街段號中華街1,2,晴,50,交岔路,交叉路口,無號誌,車與車,未依規定讓車
11001ACG91B0842,20210111,120.271494,23.253781,交通事故,一般地址,臺南市下營區紅甲里中庄子段17076號,1,晴,30,單路部分,路段,無號誌,車與車,未保持行車安全距離
11001ACG91B0844,20210111,120.318327,23.17185,交通事故,無,臺南市官田區段號,1,晴,100,單路部分,路段,無號誌,汽(機)車本身,車輪脫落或輪胎爆裂
11001ACG91B0861,20210111,120.317295,23.192914,交通事故,一般地址,臺南市官田區隆田里中山路1段84號0,2,晴,50,單路部分,路段,無號誌,車與車,未保持行車安全距離
11001ACG91B0868,20210111,120.347871,23.226945,交通事故,交叉路口,臺南市六甲區二甲里信義街段號自由街,1,晴,50,交岔路,交叉路口,閃光號誌,車與車,未依規定讓車
11001ACG91B0905,20210111,120.341244,23.222988,交通事故,交叉路口,臺南市六甲區二甲里中華路段號和平街,3,晴,50,交岔路,交叉路口,行車管制號誌,車與車,未依規定讓車
11001ACG91B0939,20210112,120.144623,23.29738,交通事故,交叉路口,臺南市麻豆區南勢里市道171甲線段號區道南61線,2,晴,50,單路部分,路段,無號誌,車與車,超速失控
11001ACG91B0954,20210112,120.214635,23.193585,交通事故,其他,臺南市麻豆區段號大山里大山腳67-15號附近,2,晴,30,交岔路,交叉路口,無號誌,車與車,未依規定讓車
11001ACG91B0958,20210112,120.248462,23.183683,交通事故,其他,臺南市麻豆區段號新興里中山路與興國路口,1,晴,50,交岔路,交叉路口,行車管制號誌,車與車,未注意車前狀態
11001ACG91B0981,20210112,120.34636,23.230097,交通事故,其他,臺南市六甲區段號二甲里光復街與民權街228巷口,1,晴,30,交岔路,交叉路口,無號誌,車與車,倒車未依規定
11001ACG91B0993,20210112,120.317496,23.192747,交通事故,交叉路口,臺南市官田區隆田里中山路1段號自強街,1,晴,50,交岔路,交叉路口,無號誌,車與車,起步未注意其他車(人)安全
11001ACG91B1046,20210113,120.371389,23.236547,交通事故,其他,臺南市六甲區段號曾文街工研路口,1,晴,40,交岔路,交叉路口,行車管制號誌,車與車,未依規定讓車
11001ACG91B1049,20210113,120.246786,23.176659,交通事故,一般地址,臺南市麻豆區中興里新生南路段800號,1,晴,50,交岔路,路段,無號誌,車與車,未依規定讓車
11001ACG91B1057,20210110,120.33821,23.173748,交通事故,其他,臺南市官田區段號渡拔里渡子頭248-10號附近,2,晴,50,單路部分,路段,無號誌,車與車,未保持行車安全距離
11001ACG91B1092,20210114,120.338034,23.233961,交通事故,交叉路口,臺南市六甲區水林里中山路段號區道南109-1線,2,晴,30,交岔路,交叉路口,無號誌,車與車,未依規定讓車
11001ACG91B1093,20210114,120.255607,23.175351,交通事故,交叉路口,臺南市麻豆區清水里省道臺19線段號區道南48線,1,晴,50,交岔路,交叉路口,行車管制號誌,車與車,未注意車前狀態
11001ACG91B1107,20210114,120.320946,23.195726,交通事故,其他,臺南市官田區段號中華路1段工業路口,2,晴,40,交岔路,交叉路口,無號誌,車與車,未依規定讓車
11001ACG91B1108,20210114,120.232511,23.180797,交通事故,一般地址,臺南市麻豆區埤頭里苓子林段20號,1,晴,30,交岔路,交叉路口,行車管制號誌,車與車,違反特定標誌(線)禁制
11001ACG91B1146,20210114,120.318531,23.174822,交通事故,無,臺南市官田區段號,1,晴,50,單路部分,路段,無號誌,車與車,違反特定標誌(線)禁制
11001ACG91B1165,20210114,120.322525,23.202598,交通事故,一般地址,臺南市官田區二鎮里工業南路段30號,1,晴,40,單路部分,路段,無號誌,車與車,未注意車前狀態
11001ACG91B1177,20210114,120.247942,23.179637,交通事故,交叉路口,臺南市麻豆區中興里興國路段號和平路,2,晴,50,交岔路,交叉路口,行車管制號誌,車與車,未依規定讓車
11001ACG91B1233,20210115,120.261386,23.183697,交通事故,其他,臺南市麻豆區段號南勢里36之3號前路口,1,晴,30,交岔路,交叉路口,行車管制號誌,汽(機)車本身,尚未發現肇事因素
11001ACG91B1238,20210115,120.251899,23.179297,交通事故,交叉路口,臺南市麻豆區巷口里省道臺19甲線段號區道南48線,1,晴,40,交岔路,交叉路口,行車管制號誌,車與車,未注意車前狀態
11001ACG91B1249,20210115,120.283211,23.193773,交通事故,其他,臺南市麻豆區段號寮?里176線與成功路口,1,晴,50,交岔路,交叉路口,無號誌,車與車,未依規定讓車
11001ACG91B1271,20210115,120.257899,23.17381,交通事故,其他,臺南市麻豆區段號清水里麻善大橋橋下路口,1,晴,50,交岔路,交叉路口,無號誌,車與車,未注意車前狀態
11001ACG91B1287,20210115,120.35297,23.239854,交通事故,其他,臺南市六甲區段號水林里中正路1110號旁路口,1,晴,60,交岔路,交叉路口,無號誌,車與車,未保持行車安全距離
11001ACG91B1288,20210115,120.312432,23.255868,交通事故,一般地址,臺南市六甲區龜港里龜仔港段198之1號,1,晴,70,交岔路,交叉路口,無號誌,車與車,逆向行駛
11001ACG91B1290,20210115,120.250816,23.183682,交通事故,交叉路口,臺南市麻豆區巷口里興中路段號博愛路,1,晴,50,交岔路,交叉路口,行車管制號誌,車與車,違反號誌管制或指揮
11001ACG91B1312,20210116,120.248276,23.183107,交通事故,其他,臺南市麻豆區段號興南路興國路口,1,晴,50,交岔路,交叉路口,閃光號誌,汽(機)車本身,未注意車前狀態
11001ACG91B1358,20210116,120.260427,23.228273,交通事故,交叉路口,臺南市下營區仁里里仁民街段號仁南街6,1,晴,30,交岔路,交叉路口,無號誌,車與車,未依規定讓車
11001ACG91B1364,20210116,120.248262,23.183092,交通事故,交叉路口,臺南市麻豆區中興里興國路段號仁愛路,1,晴,50,交岔路,交叉路口,行車管制號誌,車與車,左轉彎未依規定
11001ACG91B1384,20210116,120.308142,23.212929,交通事故,無,臺南市官田區段號,2,晴,50,交岔路,交叉路口,閃光號誌,車與車,未依規定讓車
11001ACG91B1388,20210116,120.255256,23.179746,交通事故,交叉路口,臺南市麻豆區東角里民生路段號建南街,1,晴,50,交岔路,交叉路口,行車管制號誌,車與車,右轉彎未依規定
11001ACG91B1401,20210116,120.243486,23.160638,交通事故,其他,臺南市麻豆區段號安業里安業147號附近,2,晴,30,單路部分,路段,無號誌,車與車,未靠右行駛
11001ACG91B1413,20210115,120.272375,23.205722,交通事故,其他,臺南市下營區開化里中營段290-66號開化里中營290號之66旁,1,晴,30,單路部分,路段,無號誌,汽(機)車本身,未注意車前狀態
11001ACG91B1480,20210117,120.369283,23.235926,交通事故,交叉路口,臺南市六甲區甲東里曾文街段號曾文街110,1,晴,30,交岔路,交叉路口,無號誌,車與車,未依規定讓車
11001ACG91B1487,20210117,120.314791,23.235543,交通事故,無,臺南市六甲區段號,1,晴,70,交岔路,交叉路口,無號誌,車與車,未保持行車安全距離
11001ACG91B1554,20210118,120.289524,23.250688,交通事故,其他,臺南市下營區段號賀建里洲子66號前,1,晴,50,單路部分,路段,無號誌,車與車,超速失控
11001ACG91B1565,20210118,120.242313,23.154658,交通事故,一般地址,臺南市麻豆區安業里市道173線段安業242-19號0,1,晴,50,交岔路,交叉路口,行車管制號誌,車與車,變換車道或方向不當
11001ACG91B1603,20210118,120.342056,23.188788,交通事故,其他,臺南市官田區段號官田里官田312號旁路口,2,晴,50,交岔路,交叉路口,無號誌,車與車,未依規定讓車
11001ACG91B1607,20210118,120.261794,23.233205,交通事故,交叉路口,臺南市下營區營前里民生街段號文明街,1,晴,50,交岔路,交叉路口,無號誌,車與車,倒車未依規定
11001ACG91B1618,20210118,120.345391,23.224051,交通事故,其他,臺南市六甲區段號中華路進化街口,1,晴,50,交岔路,交叉路口,無號誌,汽(機)車本身,未注意車前狀態
11001ACG91B1619,20210118,120.277259,23.249489,交通事故,其他,臺南市下營區段號臺19甲線與南68線口,1,晴,50,交岔路,交叉路口,行車管制號誌,汽(機)車本身,未注意車前狀態
11001ACG91B1737,20210119,120.24105,23.185046,交通事故,交叉路口,臺南市麻豆區新興里麻佳路1段號中山路,2,晴,50,交岔路,交叉路口,行車管制號誌,車與車,未注意車前狀態
11001ACG91B1765,20210120,120.266271,23.198584,交通事故,交叉路口,臺南市麻豆區南勢里省道臺19甲線段號市道171甲線,2,晴,40,交岔路,交叉路口,閃光號誌,車與車,未依規定讓車
11001ACG91B1789,20210120,120.359713,23.181586,交通事故,交叉路口,臺南市官田區社子里市道171線段號區道南119線,1,晴,50,交岔路,交叉路口,行車管制號誌,車與車,迴轉未依規定
11001ACG91B1791,20210120,120.243807,23.168445,交通事故,其他,臺南市麻豆區段號安業里安業高幹21左6旁,1,晴,30,單路部分,路段,無號誌,汽(機)車本身,未注意車前狀態
11001ACG91B1834,20210120,120.215749,23.176339,交通事故,無,臺南市麻豆區段號,1,晴,60,單路部分,路段,無號誌,車與車,變換車道或方向不當
11001ACG91B1858,20210115,120.247805,23.190002,交通事故,交叉路口,臺南市麻豆區北勢里新生北路段號區道南55線,1,晴,60,交岔路,交叉路口,閃光號誌,車與車,變換車道或方向不當
11001ACG91B1860,20210119,120.356833,23.230943,交通事故,交叉路口,臺南市六甲區甲東里裕農街段號裕農街263,1,晴,50,交岔路,交叉路口,無號誌,車與車,未依規定讓車
11001ACG91B1862,20210120,120.233139,23.18938,交通事故,一般地址,臺南市麻豆區埤頭里市道171線段苓子林8-33號,4,晴,50,交岔路,交叉路口,行車管制號誌,車與車,未保持行車安全距離
11001ACG91B1869,20210120,120.323518,23.194343,交通事故,其他,臺南市官田區隆本里中華路1段325號0隆本里中華路一段325號旁路口,1,晴,50,交岔路,交叉路口,閃光號誌,車與車,未依規定讓車
11001ACG91B1935,20210121,120.325077,23.192406,交通事故,一般地址,臺南市官田區隆本里中華路1段239號,2,晴,50,交岔路,交叉路口,行車管制號誌,車與車,逆向行駛
11001ACG91B1949,20210121,120.308351,23.193868,交通事故,一般地址,臺南市官田區隆本里中山路1段247號0,1,晴,50,交岔路,交叉路口,無號誌,車與車,起步未注意其他車(人)安全
11001ACG91B2034,20210121,120.365431,23.221069,交通事故,其他,臺南市六甲區段號甲東里工研路2號前,1,晴,50,單路部分,路段,無號誌,車與車,違規超車
11001ACG91B2102,20210122,120.237841,23.23464,交通事故,其他,臺南市下營區段號大吉里大屯寮33號前,1,晴,30,單路部分,路段,無號誌,汽(機)車本身,未注意車前狀態
11001ACG91B2106,20210122,120.251463,23.183047,交通事故,交叉路口,臺南市麻豆區?江里民權路段號興南路,1,晴,50,交岔路,交叉路口,行車管制號誌,人與汽(機)車,搶越行人穿越道
11001ACG91B2115,20210122,120.261319,23.233579,交通事故,一般地址,臺南市下營區營前里中山路2段53號,1,晴,50,單路部分,路段,無號誌,汽(機)車本身,裝載貨物不穩妥
11001ACG91B2143,20210122,120.341025,23.160732,交通事故,其他,臺南市官田區段號渡拔里臺一線與南181線路口,2,雨,70,交岔路,交叉路口,行車管制號誌,車與車,未注意車前狀態
11001ACG91B2146,20210121,120.214065,23.196396,交通事故,其他,臺南市麻豆區段號海埔里莊禮寮1號之8旁路口,1,晴,50,交岔路,交叉路口,閃光號誌,車與車,未依規定讓車
11001ACG91B2147,20210122,120.32008,23.20786,交通事故,一般地址,臺南市官田區二鎮里工業西路段16號,1,晴,40,單路部分,路段,無號誌,車與車,未注意車前狀態
11001ACG91B2149,20210122,120.26786,23.182146,交通事故,其他,臺南市麻豆區段號清水里總爺庄91號之15旁路口,1,雨,30,交岔路,交叉路口,無號誌,車與車,未依規定讓車
11001ACG91B2159,20210122,120.233857,23.181455,交通事故,其他,臺南市麻豆區段號小埤里176線18.1公里處,1,晴,30,單路部分,路段,無號誌,車與車,變換車道或方向不當
11001ACG91B2168,20210122,120.367608,23.183364,交通事故,無,臺南市官田區段號,2,雨,30,單路部分,路段,無號誌,汽(機)車本身,未注意車前狀態
11001ACG91B2174,20210122,120.318193,23.196714,交通事故,一般地址,臺南市官田區隆田里勝利路段173-5號,1,晴,50,單路部分,路段,無號誌,汽(機)車本身,未注意車前狀態
11001ACG91B2184,20210122,120.35223,23.228309,交通事故,一般地址,臺南市六甲區六甲里民生街段66號,3,晴,50,單路部分,路段,無號誌,車與車,迴轉未依規定
11001ACG91B2221,20210123,120.315497,23.193044,交通事故,交叉路口,臺南市官田區隆本里中山路1段號和平街2,1,晴,50,交岔路,交叉路口,閃光號誌,車與車,未依規定讓車
11001ACG91B2222,20210123,120.244298,23.178966,交通事故,交叉路口,臺南市麻豆區興農里自由路段號和平路,2,晴,50,交岔路,交叉路口,閃光號誌,車與車,未依規定讓車
11001ACG91B2226,20210123,120.263323,23.2334,交通事故,其他,臺南市下營區段號營前里中正南路文明街口,1,陰,50,交岔路,交叉路口,閃光號誌,車與車,未依規定讓車
11001ACG91B2243,20210123,120.202224,23.20304,交通事故,交叉路口,臺南市麻豆區港尾里市道171線段號區道南50線,1,晴,50,交岔路,交叉路口,閃光號誌,車與車,左轉彎未依規定
11001ACG91B2268,20210123,120.307172,23.21436,交通事故,交叉路口,臺南市官田區南?里省道臺1線段號區道南318線,1,晴,50,交岔路,交叉路口,行車管制號誌,車與車,未依規定讓車
11001ACG91B2278,20210123,120.253238,23.189795,交通事故,交叉路口,臺南市麻豆區大埕里新生北路段號中正路,1,晴,50,單路部分,路段,無號誌,車與車,未注意車前狀態
11001ACG91B2281,20210123,120.234869,23.199014,交通事故,其他,臺南市麻豆區段號埤頭里小埤高幹34前,2,晴,30,交岔路,交叉路口,無號誌,車與車,未依規定讓車
11001ACG91B2291,20210123,120.344884,23.230583,交通事故,交叉路口,臺南市六甲區二甲里光復街段號中山路277,1,晴,50,交岔路,交叉路口,無號誌,車與車,未依規定讓車
11001ACG91B2300,20210123,120.333287,23.184956,交通事故,其他,臺南市官田區段號官田里臺一線與南120線路口,1,晴,70,交岔路,交叉路口,閃光號誌,汽(機)車本身,未注意車前狀態
11001ACG91B2322,20210122,120.235634,23.171465,交通事故,其他,臺南市麻豆區段號井東里一般產業道路前班21號,0,晴,30,單路部分,路段,無號誌,汽(機)車本身,未注意車前狀態
11001ACG91B2399,20210124,120.26858,23.229291,交通事故,其他,臺南市下營區段號紅甲里中庄子69之12號前,1,晴,50,單路部分,路段,無號誌,車與車,違反特定標誌(線)禁制
11001ACG91B2402,20210124,120.282901,23.217937,交通事故,其他,臺南市下營區段號茅營里茅港尾318號前,1,晴,50,單路部分,路段,無號誌,車與車,違反特定標誌(線)禁制
11001ACG91B2498,20210125,120.243311,23.188052,交通事故,交叉路口,臺南市麻豆區油車里自由路段號新興街,2,晴,50,交岔路,交叉路口,閃光號誌,車與車,未依規定讓車
11001ACG91B2499,20210124,120.267262,23.183787,交通事故,交叉路口,臺南市麻豆區清水里市道171線段號區道南48線,2,晴,50,交岔路,交叉路口,行車管制號誌,車與車,未依規定讓車
11001ACG91B2500,20210124,120.250049,23.184181,交通事故,一般地址,臺南市麻豆區巷口里復興街段17號,1,晴,30,單路部分,路段,無號誌,汽(機)車本身,未注意車前狀態
11001ACG91B2501,20210125,120.320555,23.238425,交通事故,無,臺南市六甲區段號,2,晴,60,單路部分,路段,無號誌,車與車,未注意車前狀態
11001ACG91B2502,20210125,120.253129,23.18667,交通事故,其他,臺南市麻豆區段號文昌路31之13號前路口,1,晴,50,交岔路,交叉路口,無號誌,車與車,左轉彎未依規定
11001ACG91B2588,20210119,120.467465,23.219638,交通事故,其他,臺南市六甲區段號大丘里175線24K處往西,1,晴,50,單路部分,路段,無號誌,汽(機)車本身,未注意車前狀態
11001ACG91B2590,20210126,120.29722,23.198277,交通事故,其他,臺南市官田區段號隆田里176線26K處,1,晴,60,單路部分,路段,無號誌,車與車,未依規定讓車
11001ACG91B2591,20210125,120.222668,23.167613,交通事故,其他,臺南市麻豆區段號麻口里南49線番仔寮27-1號前,1,晴,50,單路部分,路段,無號誌,汽(機)車本身,未注意車前狀態
11001ACG91B2650,20210127,120.251518,23.181493,交通事故,一般地址,臺南市麻豆區?江里民權路段16之7號0,1,晴,50,交岔路,路段,無號誌,車與車,未注意車前狀態
11001ACG91B2659,20210127,120.262711,23.206477,交通事故,其他,臺南市下營區段號西連里西寮1之1號前路口,2,晴,30,交岔路,交叉路口,無號誌,車與車,未依規定讓車
11001ACG91B2670,20210127,120.273247,23.244205,交通事故,一般地址,臺南市下營區紅甲里紅毛厝段136-6號,1,晴,50,交岔路,交叉路口,無號誌,車與車,未依規定讓車
11001ACG91B2673,20210127,120.270007,23.218971,交通事故,無,臺南市下營區段號,2,晴,60,單路部分,路段,無號誌,車與車,未保持行車安全距離
11001ACG91B2680,20210127,120.313501,23.233606,交通事故,其他,臺南市六甲區段號臺1線與南60-1線口,1,晴,70,交岔路,交叉路口,閃光號誌,車與車,未保持行車安全距離