案件編號,發生日期,GPS經度,GPS緯度,案件類別名稱,地址類型名稱,發生縣市名稱,受傷人數,天候名稱, 速限-第1當事者,道路型態大類別名稱,事故位置大類別名稱,號誌-號誌種類名稱,事故類型及型態大類別名稱,肇因研判子類別名稱-主要
11001ACG91B2683,20210127,120.231114,23.190179,交通事故,交叉路口,臺南市麻豆區埤頭里市道171線段號工業路,1,晴,50,交岔路,交叉路口,行車管制號誌,車與車,未依規定讓車
11001ACG91B2712,20210127,120.25532,23.183668,交通事故,其他,臺南市麻豆區段號興中路同仁街口,1,晴,50,交岔路,交叉路口,行車管制號誌,車與車,迴轉未依規定
11001ACG91B2778,20210128,120.353004,23.231185,交通事故,一般地址,臺南市六甲區六甲里復興街段7847號0,1,晴,30,單路部分,路段,無號誌,人與汽(機)車,倒車未依規定
11001ACG91B2791,20210127,120.262116,23.183634,交通事故,其他,臺南市麻豆區段號南勢里南勢38號之19旁路口,1,晴,30,交岔路,交叉路口,無號誌,車與車,未依規定讓車
11001ACG91B2819,20210128,120.242079,23.19703,交通事故,其他,臺南市麻豆區段號北勢里北勢寮10-29號前,1,晴,50,交岔路,交叉路口,無號誌,車與車,未依規定讓車
11001ACG91B2828,20210128,120.337369,23.180895,交通事故,交叉路口,臺南市官田區官田里省道臺1線段號區道南117線,1,晴,50,交岔路,交叉路口,行車管制號誌,汽(機)車本身,未注意車前狀態
11001ACG91B2856,20210128,120.365897,23.181415,交通事故,無,臺南市官田區段號,1,晴,40,單路部分,路段,無號誌,汽(機)車本身,未注意車前狀態
11001ACG91B2926,20210129,120.261792,23.2332,交通事故,交叉路口,臺南市下營區營前里文明街段號中山路2111,1,晴,30,交岔路,交叉路口,無號誌,車與車,未依規定讓車
11001ACG91B2993,20210129,120.241855,23.17849,交通事故,其他,臺南市麻豆區段號興農里和平路46號前路口,2,晴,50,交岔路,交叉路口,無號誌,車與車,未依規定讓車
11001ACG91B2998,20210129,120.249845,23.157358,交通事故,其他,臺南市麻豆區段號安業里安業78之3號前堤防道路,2,陰,50,交岔路,交叉路口,無號誌,車與車,違規超車
11001ACG91B3071,20210130,120.248407,23.186733,交通事故,交叉路口,臺南市麻豆區平等路段號新興街,1,晴,30,交岔路,交叉路口,閃光號誌,車與車,未依規定讓車
11001ACG91B3095,20210130,120.31495,23.236179,交通事故,無,臺南市六甲區段號,1,晴,70,單路部分,路段,無號誌,車與車,未注意車前狀態
11001ACG91B3275,20210131,120.240143,23.184915,交通事故,其他,臺南市麻豆區段號新興里麻佳路一段42之10號前路口,1,晴,50,交岔路,交叉路口,無號誌,車與車,未注意車前狀態
11001ACG91B3745,20210113,120.325345,23.192213,交通事故,交叉路口,臺南市官田區隆田里省道臺1線段號市道165線,2,晴,50,交岔路,交叉路口,行車管制號誌,車與車,未依規定讓車
11001ACGM2B3993,20210130,120.265713,23.198624,交通事故,其他,臺南市麻豆區段號84線下、台19甲線,1,晴,50,單路部分,路段,行車管制號誌,車與車,未保持行車安全距離
11001ACGX1B1889,20210116,120.352705,23.230375,交通事故,其他,臺南市六甲區段號復興街55號前,1,晴,50,單路部分,路段,無號誌,車與車,尚未發現肇事因素
11001ACGX1B1895,20210120,120.34719,23.224499,交通事故,其他,臺南市六甲區段號中華、信義路口,1,晴,50,交岔路,交叉路口,行車管制號誌,車與車,未依規定讓車
11001ACGX1B3998,20210128,120.352361,23.229704,交通事故,其他,臺南市六甲區段號建國街13號前,1,晴,50,單路部分,路段,無號誌,車與車,起步未注意其他車(人)安全
11001ACGY1B2893,20210121,120.259866,23.241128,交通事故,交叉路口,臺南市下營區後街里市道174線段號中正北路,1,晴,50,交岔路,交叉路口,行車管制號誌,車與車,違反號誌管制或指揮
11001ACGY1B2895,20210120,120.26668,23.235004,交通事故,一般地址,臺南市下營區新興里健康路段273號,1,晴,50,單路部分,路段,無號誌,車與車,未依規定讓車
11001ACGY1B3347,20210125,120.266494,23.236019,交通事故,交叉路口,臺南市下營區慈惠街段號健康路,3,晴,30,交岔路,交叉路口,閃光號誌,車與車,未依規定讓車
11001ACGY1B3357,20210131,120.261824,23.235541,交通事故,交叉路口,臺南市下營區民權一街段號民族一街,1,晴,30,交岔路,交叉路口,無號誌,車與車,未依規定讓車
11001ACGY1B3524,20210129,120.287788,23.259509,交通事故,其他,臺南市下營區段號火燒珠橋燈桿001處,1,晴,50,單路部分,路段,無號誌,汽(機)車本身,不明原因肇事
11002AC191A0016,20210215,120.227854,22.977174,交通事故,其他,臺南市東區段號崇善路與崇善二街口,0,晴,40,交岔路,交叉路口,行車管制號誌,車與車,違反號誌管制或指揮
11002AC191A0019,20210221,120.223928,22.992099,交通事故,一般地址,臺南市東區林森路2段250號,0,晴,50,單路部分,路段,無號誌,汽(機)車本身,未依規定減速
11002AC191B0005,20210201,120.224266,22.975416,交通事故,一般地址,臺南市東區中華東路3段268-2號,1,晴,60,單路部分,路段,無號誌,車與車,未保持行車安全距離
11002AC191B0013,20210201,120.233968,22.987466,交通事故,交叉路口,臺南市東區中華東路2段41號中華東路27,1,晴,40,交岔路,交叉路口,無號誌,車與車,未依規定讓車
11002AC191B0019,20210201,120.235431,22.988237,交通事故,一般地址,臺南市東區富農街2段119號,1,晴,50,單路部分,路段,無號誌,車與車,變換車道或方向不當
11002AC191B0023,20210201,120.226552,22.983428,交通事故,交叉路口,臺南市東區東門路2段301號裕豐街,1,晴,50,交岔路,交叉路口,行車管制號誌(附設行人專用號誌),車與車,未依規定讓車
11002AC191B0064,20210201,120.229107,22.981098,交通事故,一般地址,臺南市東區中華東路3段2號,1,晴,40,單路部分,路段,無號誌,車與車,其他引起事故之違規或不當行為
11002AC191B0070,20210201,120.223151,22.986574,交通事故,一般地址,臺南市東區林森路2段46號,2,晴,40,單路部分,路段,無號誌,車與車,未保持行車安全距離
11002AC191B0071,20210202,120.235539,22.988601,交通事故,交叉路口,臺南市東區裕農路段號富農街,1,晴,50,交岔路,交叉路口,行車管制號誌,車與車,不明原因肇事
11002AC191B0072,20210201,120.229475,22.973391,交通事故,交叉路口,臺南市東區崇善路段號崇善五街,3,晴,50,交岔路,交叉路口,行車管制號誌(附設行人專用號誌),車與車,未依規定讓車
11002AC191B0090,20210202,120.239254,22.984984,交通事故,一般地址,臺南市東區裕平路段25號,1,晴,40,單路部分,路段,無號誌,車與車,未依規定讓車
11002AC191B0096,20210202,120.24134,22.988901,交通事故,其他,臺南市東區段號裕忠路與裕誠街路口,2,晴,40,交岔路,交叉路口,行車管制號誌,車與車,未依規定讓車
11002AC191B0103,20210202,120.23368,22.990085,交通事故,其他,臺南市東區段號中華東路一段366號(南紡夢時代側門前),1,晴,60,交岔路,交叉路口,行車管制號誌(附設行人專用號誌),車與車,迴轉未依規定
11002AC191B0121,20210202,120.225755,22.993544,交通事故,其他,臺南市東區段號後甲國中旁便道,2,晴,40,單路部分,路段,無號誌,車與車,未保持行車安全間隔
11002AC191B0127,20210202,120.214157,22.985391,交通事故,一般地址,臺南市東區府連路段256號,2,晴,50,單路部分,路段,無號誌,車與車,未保持行車安全間隔
11002AC191B0131,20210202,120.226161,22.96768,交通事故,一般地址,臺南市東區崇明二十二街段12號,1,晴,40,單路部分,路段,無號誌,車與車,橫越道路不慎
11002AC191B0142,20210203,120.23463,22.996765,交通事故,交叉路口,臺南市東區中華東路1段號平實一街,1,晴,50,單路部分,路段,無號誌,汽(機)車本身,未注意車前狀態
11002AC191B0170,20210203,120.221142,22.984582,交通事故,一般地址,臺南市東區林森路1段363號,2,晴,40,交岔路,交叉路口,行車管制號誌,車與車,未保持行車安全距離
11002AC191B0191,20210203,120.214917,22.972377,交通事故,交叉路口,臺南市東區大同路2段號中華東路3,2,晴,40,交岔路,其他,行車管制號誌,人與汽(機)車,未注意車前狀態
11002AC191B0253,20210204,120.211804,22.994489,交通事故,交叉路口,臺南市東區北門路1段號民族路1,1,晴,50,交岔路,交叉路口,行車管制號誌,車與車,未依規定讓車
11002AC191B0262,20210203,120.220013,22.983296,交通事故,交叉路口,臺南市東區崇善路段號林森路1,1,晴,40,交岔路,交叉路口,行車管制號誌,車與車,酒醉(後)駕駛失控
11002AC191B0264,20210204,120.21316,22.993658,交通事故,其他,臺南市東區段號前鋒路110號前,2,晴,30,單路部分,路段,無號誌,車與車,未保持行車安全距離
11002AC191B0276,20210204,120.212472,22.994437,交通事故,其他,臺南市東區段號四維地下道,1,晴,40,單路部分,路段,無號誌,車與車,未保持行車安全間隔
11002AC191B0303,20210203,120.227653,22.986031,交通事故,一般地址,臺南市東區裕農路段28810號,1,晴,50,交岔路,交叉路口,無號誌,車與車,未依規定讓車
11002AC191B0310,20210204,120.229354,22.969222,交通事故,一般地址,臺南市東區崇德十七街段73之1號0,1,晴,30,交岔路,交叉路口,無號誌,車與車,未依規定讓車
11002AC191B0313,20210204,120.225491,22.983786,交通事故,一般地址,臺南市東區東門路2段300號,2,晴,50,交岔路,交叉路口,無號誌,車與車,未依規定讓車
11002AC191B0316,20210203,120.225686,22.966596,交通事故,交叉路口,臺南市東區崇明路段號崇正路,2,晴,50,交岔路,交叉路口,行車管制號誌,車與車,違反號誌管制或指揮
11002AC191B0331,20210205,120.230435,22.987365,交通事故,一般地址,臺南市東區裕農路段379號,2,晴,30,交岔路,交叉路口,無號誌,車與車,未依規定讓車
11002AC191B0354,20210205,120.216004,22.984387,交通事故,一般地址,臺南市東區府連路段3443號,2,晴,40,交岔路,交叉路口,無號誌,車與車,未依規定讓車
11002AC191B0355,20210205,120.227405,22.990207,交通事故,其他,臺南市東區段號東寧路325號前,1,晴,50,單路部分,路段,無號誌,車與車,未保持行車安全距離
11002AC191B0357,20210205,120.221496,22.973716,交通事故,交叉路口,臺南市東區中華東路3段號中華東路3377,2,晴,50,交岔路,交叉路口,行車管制號誌(附設行人專用號誌),車與車,其他引起事故之違規或不當行為
11002AC191B0358,20210205,120.230421,22.989088,交通事故,一般地址,臺南市東區東寧路段500號,2,晴,40,單路部分,路段,無號誌,車與車,開啟車門不當而肇事
11002AC191B0374,20210205,120.23816,22.994582,交通事故,其他,臺南市東區段號平實六街與後甲三街口,3,晴,40,交岔路,交叉路口,行車管制號誌,車與車,未保持行車安全距離
11002AC191B0380,20210205,120.22148,22.982744,交通事故,其他,臺南市東區段號崇善路與龍山街口,2,晴,50,交岔路,交叉路口,行車管制號誌(附設行人專用號誌),車與車,左轉彎未依規定
11002AC191B0381,20210205,120.24133,22.989469,交通事故,交叉路口,臺南市東區裕農路段號裕永路,2,晴,50,交岔路,交叉路口,行車管制號誌(附設行人專用號誌),車與車,變換車道或方向不當
11002AC191B0383,20210205,120.222799,22.974127,交通事故,其他,臺南市東區段號林森地下道機車專用道(崇明路往西10公尺),1,晴,40,單路部分,路段,行車管制號誌,車與車,變換車道或方向不當
11002AC191B0393,20210205,120.231182,22.979809,交通事故,一般地址,臺南市東區東門路3段57號,1,晴,50,單路部分,路段,無號誌,車與車,未注意車前狀態
11002AC191B0394,20210205,120.212952,22.979728,交通事故,一般地址,臺南市東區大同路2段429號0,2,晴,40,單路部分,路段,無號誌,車與車,裝載貨物不穩妥
11002AC191B0396,20210205,120.229516,22.980659,交通事故,一般地址,臺南市東區仁和路段6號,3,晴,50,單路部分,路段,無號誌,車與車,尚未發現肇事因素
11002AC191B0410,20210205,120.215814,22.968466,交通事故,一般地址,臺南市東區大同路2段575號,1,晴,0,交岔路,交叉路口,行車管制號誌,車與車,逆向行駛
11002AC191B0414,20210205,120.23129,22.974305,交通事故,其他,臺南市東區段號仁和路與文化六街路口,1,晴,50,交岔路,交叉路口,行車管制號誌,車與車,未注意車前狀態
11002AC191B0415,20210205,120.222679,22.985862,交通事故,其他,臺南市東區段號林森路二段18號前,1,晴,0,單路部分,路段,無號誌,車與車,起步未注意其他車(人)安全
11002AC191B0416,20210205,120.225721,22.964966,交通事故,其他,臺南市東區段號崇明路與生產路路口,1,晴,50,交岔路,交叉路口,行車管制號誌(附設行人專用號誌),車與車,未依規定讓車
11002AC191B0417,20210203,120.222272,23.000622,交通事故,交叉路口,臺南市東區小東路段號長榮路3,1,晴,50,交岔路,交叉路口,行車管制號誌,車與車,右轉彎未依規定
11002AC191B0421,20210203,120.230687,22.980173,交通事故,交叉路口,臺南市東區東門路3段號東門路337,1,晴,40,交岔路,交叉路口,行車管制號誌,車與車,未保持行車安全距離
11002AC191B0424,20210204,120.227783,22.981407,交通事故,一般地址,臺南市東區中華東路3段4449號,1,晴,50,交岔路,交叉路口,無號誌,車與車,未依規定讓車
11002AC191B0427,20210206,120.235379,22.986342,交通事故,一般地址,臺南市東區富農街2段4338號,1,晴,30,交岔路,交叉路口,無號誌,車與車,未靠右行駛
11002AC191B0454,20210206,120.217348,22.98271,交通事故,交叉路口,臺南市東區林森路1段號長榮路1,2,晴,50,交岔路,交叉路口,行車管制號誌(附設行人專用號誌),車與車,未依規定讓車
11002AC191B0456,20210206,120.23172,22.977706,交通事故,一般地址,臺南市東區文化一街段86號,2,晴,50,交岔路,交叉路口,無號誌,車與車,未依規定讓車
11002AC191B0458,20210206,120.225298,22.990923,交通事故,一般地址,臺南市東區東寧路段236號,3,晴,40,單路部分,路段,無號誌,車與車,未保持行車安全距離
11002AC191B0459,20210206,120.21816,22.996254,交通事故,交叉路口,臺南市東區大學路段號勝利路,1,晴,40,交岔路,交叉路口,行車管制號誌,車與車,未注意車前狀態
11002AC191B0461,20210206,120.223766,22.976789,交通事故,一般地址,臺南市東區崇德路段361號,1,晴,50,單路部分,路段,無號誌,人與汽(機)車,未注意車前狀態
11002AC191B0469,20210205,120.226505,22.974703,交通事故,交叉路口,臺南市東區崇德路段號崇德六街,1,晴,50,交岔路,交叉路口,行車管制號誌(附設行人專用號誌),車與車,違反號誌管制或指揮
11002AC191B0471,20210206,120.232808,22.988537,交通事故,交叉路口,臺南市東區裕農路段號東寧路,2,晴,50,交岔路,交叉路口,行車管制號誌(附設行人專用號誌),車與車,違反號誌管制或指揮
11002AC191B0472,20210205,120.217437,22.986826,交通事故,交叉路口,臺南市東區東門城圓環段號府連路,1,晴,50,圓環廣場,交流道,無號誌,車與車,起步未注意其他車(人)安全
11002AC191B0473,20210205,120.225737,22.998467,交通事故,交叉路口,臺南市東區東和路段號東和路177,1,晴,50,交岔路,交叉路口,無號誌,人與汽(機)車,未注意車前狀態
11002AC191B0475,20210205,120.230685,22.960668,交通事故,交叉路口,臺南市東區德東街段143號長東街141,2,晴,40,交岔路,交叉路口,無號誌,車與車,未依規定讓車
11002AC191B0476,20210206,120.221534,22.985732,交通事故,交叉路口,臺南市東區東門路段號東門路2158,2,晴,40,交岔路,交叉路口,閃光號誌,車與車,迴轉未依規定
11002AC191B0477,20210204,120.214521,22.992205,交通事故,一般地址,臺南市東區育樂街段246號,1,晴,50,單路部分,其他,無號誌,人與汽(機)車,不明原因肇事
11002AC191B0480,20210206,120.235806,22.99265,交通事故,交叉路口,臺南市東區平實路段號後甲一路,1,晴,50,交岔路,交叉路口,行車管制號誌,車與車,未依規定讓車
11002AC191B0482,20210206,120.230735,22.989149,交通事故,交叉路口,臺南市東區東光路段號東寧路,1,晴,0,交岔路,交叉路口,行車管制號誌,車與車,逆向行駛
11002AC191B0488,20210206,120.223133,22.976326,交通事故,一般地址,臺南市東區崇明十一街段522號,1,晴,30,交岔路,交叉路口,無號誌,人與汽(機)車,未注意車前狀態
11002AC191B0496,20210203,120.234945,22.984934,交通事故,一般地址,臺南市東區中華東路2段13371號,2,晴,30,交岔路,交叉路口,無號誌,車與車,未依規定讓車
11002AC191B0500,20210205,120.243176,22.98973,交通事故,一般地址,臺南市東區裕農路段888號,1,晴,40,單路部分,路段,無號誌,車與車,未保持行車安全間隔
11002AC191B0524,20210207,120.2118,22.994489,交通事故,交叉路口,臺南市東區北門路1段號民族路,2,晴,50,交岔路,交叉路口,行車管制號誌(附設行人專用號誌),車與車,變換車道或方向不當
11002AC191B0528,20210207,120.247764,22.990612,交通事故,交叉路口,臺南市東區裕農路段號裕義路,1,晴,50,交岔路,交叉路口,行車管制號誌,車與車,未依規定讓車
11002AC191B0534,20210207,120.21824,22.997055,交通事故,其他,臺南市東區段號成大光復校區側門(勝利路上),1,晴,30,交岔路,交叉路口,行車管制號誌,車與車,違反號誌管制或指揮
11002AC191B0537,20210207,120.227055,22.986719,交通事故,交叉路口,臺南市東區裕豐街段號裕豐街61,2,晴,30,交岔路,交叉路口,無號誌,車與車,未依規定讓車
11002AC191B0541,20210207,120.232808,22.988537,交通事故,交叉路口,臺南市東區東寧路段號裕農路,1,晴,50,交岔路,交叉路口,行車管制號誌,車與車,違反號誌管制或指揮
11002AC191B0549,20210207,120.223844,22.992928,交通事故,交叉路口,臺南市東區林森路2段號長榮路366,2,晴,50,交岔路,交叉路口,行車管制號誌(附設行人專用號誌),車與車,左轉彎未依規定
11002AC191B0552,20210207,120.225481,22.975441,交通事故,一般地址,臺南市東區崇德路段411號,1,晴,50,單路部分,路段,無號誌,車與車,違反特定標誌(線)禁制
11002AC191B0559,20210207,120.211385,22.988483,交通事故,交叉路口,臺南市東區大同路1段號東門路1,1,晴,40,圓環廣場,路段,行車管制號誌,車與車,迴轉未依規定
11002AC191B0571,20210207,120.244804,22.976738,交通事故,交叉路口,臺南市東區裕信路段號裕信六街,2,晴,50,交岔路,交叉路口,無號誌,車與車,未依規定讓車
11002AC191B0573,20210204,120.228208,22.983195,交通事故,交叉路口,臺南市東區東門路2段365號東門路236532,2,陰,30,交岔路,交叉路口,無號誌,車與車,未依規定讓車
11002AC191B0576,20210207,120.212183,22.996436,交通事故,一般地址,臺南市東區北門路1段314號,1,晴,50,圓環廣場,路段,行車管制號誌,車與車,違反號誌管制或指揮
11002AC191B0579,20210208,120.232117,22.984344,交通事故,交叉路口,臺南市東區中華東路2段號中華東路248,2,晴,30,交岔路,交叉路口,行車管制號誌,車與車,不明原因肇事
11002AC191B0587,20210208,120.23993,22.998413,交通事故,交叉路口,臺南市東區小東路段號裕永路,2,晴,50,交岔路,交叉路口,行車管制號誌,車與車,左轉彎未依規定
11002AC191B0610,20210208,120.235428,22.976706,交通事故,一般地址,臺南市東區東門路3段231號,2,晴,60,單路部分,路段,無號誌,人與汽(機)車,未注意車前狀態
11002AC191B0618,20210208,120.229997,22.991489,交通事故,交叉路口,臺南市東區東光路段號東興路20,2,晴,40,交岔路,交叉路口,無號誌,車與車,未依規定讓車
11002AC191B0619,20210203,120.227976,22.990026,交通事故,交叉路口,臺南市東區東寧路段號裕豐街,1,晴,40,交岔路,交叉路口,行車管制號誌,車與車,違反號誌管制或指揮
11002AC191B0621,20210208,120.227506,22.968691,交通事故,交叉路口,臺南市東區崇德路段號崇德十八街,1,晴,50,交岔路,交叉路口,無號誌,車與車,未依規定讓車
11002AC191B0627,20210204,120.212391,22.997793,交通事故,一般地址,臺南市東區北門路2段12號,1,晴,50,交岔路,路段,無號誌,車與車,未依規定讓車
11002AC191B0636,20210205,120.211576,22.994321,交通事故,交叉路口,臺南市東區北門路1段號民族路1,1,晴,50,交岔路,交叉路口,行車管制號誌,車與車,左轉彎未依規定
11002AC191B0637,20210201,120.232948,22.977595,交通事故,交叉路口,臺南市東區文化路段號文化二街,2,晴,40,交岔路,交叉路口,無號誌,車與車,未依規定讓車
11002AC191B0646,20210202,120.224279,22.99066,交通事故,其他,臺南市東區段號林森路二段(東寧路186號前),2,晴,5,單路部分,路段,無號誌,車與車,未保持行車安全間隔
11002AC191B0647,20210201,120.219967,22.983287,交通事故,交叉路口,臺南市東區林森路1段號崇善路,1,晴,40,交岔路,交叉路口,行車管制號誌(附設行人專用號誌),車與車,未依規定讓車
11002AC191B0648,20210202,120.248193,22.990647,交通事故,其他,臺南市東區段號裕農路(高速公路下涵洞),1,晴,60,單路部分,路段,行車管制號誌,車與車,未注意車前狀態
11002AC191B0678,20210209,120.232808,22.988537,交通事故,交叉路口,臺南市東區東寧路段號裕農路,1,晴,50,交岔路,交叉路口,行車管制號誌(附設行人專用號誌),車與車,違反號誌管制或指揮
11002AC191B0690,20210209,120.231653,22.969244,交通事故,交叉路口,臺南市東區崇善十二街段號崇善十二街12,1,晴,50,交岔路,交叉路口,無號誌,車與車,違反特定標誌(線)禁制
11002AC191B0714,20210209,120.232319,22.9725,交通事故,一般地址,臺南市東區仁和路段104-3號,1,晴,50,單路部分,路段,無號誌,車與車,左轉彎未依規定
11002AC191B0717,20210209,120.2219,22.995941,交通事故,交叉路口,臺南市東區長榮路段號大學路,1,晴,50,交岔路,交叉路口,行車管制號誌,車與車,未依規定讓車
11002AC191B0727,20210209,120.217429,22.982548,交通事故,交叉路口,臺南市東區長榮路段號林森路,1,晴,50,交岔路,交叉路口,行車管制號誌(附設行人專用號誌),車與車,未依規定讓車
11002AC191B0738,20210209,120.212664,22.999544,交通事故,一般地址,臺南市東區北門路2段109號,1,晴,50,交岔路,交叉路口,無號誌,車與車,未依規定讓車
11002AC191B0745,20210209,120.236483,22.982402,交通事故,交叉路口,臺南市東區裕學路段185號自由路3215,1,晴,30,交岔路,交叉路口,無號誌,車與車,未依規定讓車
11002AC191B0746,20210204,120.236115,22.984918,交通事故,交叉路口,臺南市東區裕學路段號裕學路185,1,晴,50,交岔路,交叉路口,無號誌,車與車,違規超車
11002AC191B0747,20210205,120.23291,22.969845,交通事故,交叉路口,臺南市東區崇善十二街段號崇善十一街54,1,晴,50,交岔路,交叉路口,無號誌,車與車,未依規定讓車
11002AC191B0748,20210209,120.225823,22.983799,交通事故,一般地址,臺南市東區東門路2段259號,1,晴,50,單路部分,路段,無號誌,車與車,未保持行車安全間隔
11002AC191B0754,20210208,120.21802,22.984172,交通事故,交叉路口,臺南市東區長榮路段號府連東路,1,晴,50,交岔路,交叉路口,行車管制號誌,車與車,左轉彎未依規定
11002AC191B0755,20210209,120.223697,22.980229,交通事故,交叉路口,臺南市東區崇善路段號崇學路,1,晴,50,交岔路,交叉路口,行車管制號誌,車與車,未依規定讓車
11002AC191B0773,20210209,120.247858,22.987801,交通事故,交叉路口,臺南市東區裕義路段號裕和路,2,晴,50,交岔路,交叉路口,行車管制號誌,車與車,違反號誌管制或指揮
11002AC191B0794,20210206,120.234407,22.96903,交通事故,一般地址,臺南市東區仁和路段137-2號,1,晴,50,單路部分,路段,無號誌,車與車,未注意車前狀態
11002AC191B0803,20210209,120.234206,22.978334,交通事故,一般地址,臺南市東區富農街1段267號,1,晴,50,單路部分,路段,行車管制號誌,車與車,未保持行車安全距離
11002AC191B0810,20210209,120.21099,22.98887,交通事故,其他,臺南市東區段號東門圓環機車道,3,晴,40,單路部分,路段,無號誌,車與車,未保持行車安全間隔
11002AC191B0815,20210210,120.213183,22.994432,交通事故,交叉路口,臺南市東區東寧路西段段號前鋒路,1,陰,50,交岔路,交叉路口,行車管制號誌(附設行人專用號誌),車與車,未依規定讓車
11002AC191B0835,20210205,120.213171,23.000969,交通事故,一般地址,臺南市東區北門路2段34號,1,晴,50,單路部分,路段,無號誌,車與車,未保持行車安全間隔
11002AC191B0842,20210206,120.242919,22.985536,交通事故,一般地址,臺南市東區裕平路段173號,1,晴,50,單路部分,路段,無號誌,車與車,起步未注意其他車(人)安全
11002AC191B0846,20210210,120.233177,22.965075,交通事故,一般地址,臺南市東區崇善十五街段1014號,1,雨,40,單路部分,路段,無號誌,車與車,未保持行車安全間隔
11002AC191B0849,20210210,120.228967,22.975439,交通事故,一般地址,臺南市東區崇善路段467號,1,雨,40,單路部分,路段,無號誌,車與車,未注意車前狀態
11002AC191B0861,20210210,120.230322,22.984163,交通事故,一般地址,臺南市東區東門路2段301135號,1,晴,30,交岔路,交叉路口,無號誌,車與車,未依規定讓車
11002AC191B0872,20210205,120.233971,22.987464,交通事故,交叉路口,臺南市東區中華東路2段41號中華東路27,2,晴,30,交岔路,交叉路口,無號誌,車與車,未依規定讓車
11002AC191B0879,20210210,120.217798,22.9918,交通事故,一般地址,臺南市東區勝利路段85號,1,晴,50,單路部分,路段,無號誌,車與車,變換車道或方向不當
11002AC191B0881,20210203,120.21595,22.982021,交通事故,交叉路口,臺南市東區林森路1段號崇明路,1,晴,50,交岔路,交叉路口,行車管制號誌(附設行人專用號誌),車與車,未注意車前狀態
11002AC191B0882,20210208,120.234787,22.998355,交通事故,交叉路口,臺南市東區中華東路1段號小東路,1,陰,50,交岔路,交叉路口,行車管制號誌(附設行人專用號誌),車與車,左轉彎未依規定
11002AC191B0893,20210211,120.219846,22.96487,交通事故,交叉路口,臺南市東區崇聖路段號生產路,1,雨,50,交岔路,交叉路口,行車管制號誌(附設行人專用號誌),人與汽(機)車,未注意車前狀態
11002AC191B0899,20210206,120.226161,22.992525,交通事故,一般地址,臺南市東區東安路段69號,2,晴,50,單路部分,路段,無號誌,車與車,違反特定標誌(線)禁制
11002AC191B0902,20210209,120.21586,22.982231,交通事故,交叉路口,臺南市東區林森路1段號崇明路,1,晴,50,交岔路,交叉路口,行車管制號誌(附設行人專用號誌),汽(機)車本身,疲勞(患病)駕駛失控
11002AC191B0923,20210210,120.228861,22.971633,交通事故,交叉路口,臺南市東區崇德十二街段76號崇德十二街,2,晴,30,交岔路,交叉路口,無號誌,車與車,未依規定讓車
11002AC191B0924,20210211,120.211619,22.991504,交通事故,交叉路口,臺南市東區北門路段號青年路,2,晴,50,交岔路,交叉路口,行車管制號誌,車與車,左轉彎未依規定
11002AC191B0926,20210210,120.211929,22.994451,交通事故,交叉路口,臺南市東區北門路1段號民族路1,1,晴,50,交岔路,路段,行車管制號誌(附設行人專用號誌),車與車,未注意車前狀態
11002AC191B0932,20210211,120.227496,22.973558,交通事故,交叉路口,臺南市東區崇德路段號崇德九街,2,晴,50,交岔路,交叉路口,行車管制號誌,車與車,未依規定讓車
11002AC191B0951,20210210,120.220551,23.000769,交通事故,其他,臺南市東區段號小東路(成功大學護理系前),2,晴,50,單路部分,路段,行車管制號誌,車與車,未依規定讓車
11002AC191B0953,20210211,120.229544,22.987005,交通事故,一般地址,臺南市東區裕農路段348號,1,晴,30,交岔路,其他,行車管制號誌,人與汽(機)車,搶越行人穿越道
11002AC191B0955,20210210,120.226364,22.983089,交通事故,交叉路口,臺南市東區崇學路段號崇信街,2,陰,50,交岔路,交叉路口,無號誌,車與車,未依規定讓車
11002AC191B0956,20210209,120.245017,22.990186,交通事故,交叉路口,臺南市東區裕農路段號裕農六街,1,陰,40,交岔路,交叉路口,行車管制號誌,車與車,未依規定讓車
11002AC191B0958,20210210,120.234779,22.998346,交通事故,交叉路口,臺南市東區中華東路1段號小東路,1,陰,60,交岔路,交叉路口,行車管制號誌(附設行人專用號誌),車與車,未依規定讓車
11002AC191B0959,20210210,120.213189,22.994422,交通事故,交叉路口,臺南市東區民族路1段號前鋒路,1,陰,50,交岔路,交叉路口,行車管制號誌(附設行人專用號誌),車與車,未依規定讓車
11002AC191B0966,20210212,120.213079,22.981098,交通事故,一般地址,臺南市東區林森路1段66號,1,晴,40,單路部分,路段,無號誌,汽(機)車本身,未注意車前狀態
11002AC191B0967,20210211,120.234341,22.996298,交通事故,一般地址,臺南市東區中華東路段24108號,2,陰,50,單路部分,路段,無號誌,車與車,未依規定讓車
11002AC191B0969,20210211,120.225968,22.990644,交通事故,交叉路口,臺南市東區東寧路段號東安路,1,晴,40,交岔路,交叉路口,行車管制號誌,車與車,違反號誌管制或指揮
11002AC191B0973,20210212,120.218266,22.984832,交通事故,交叉路口,臺南市東區長榮路1段號光華街,1,陰,50,交岔路,交叉路口,閃光號誌,車與車,未依規定讓車
11002AC191B0984,20210212,120.229426,22.964981,交通事故,交叉路口,臺南市東區生產路段號長東街,1,陰,50,交岔路,交叉路口,行車管制號誌,車與車,違反號誌管制或指揮