案件編號,發生日期,GPS經度,GPS緯度,案件類別名稱,地址類型名稱,發生縣市名稱,受傷人數,天候名稱, 速限-第1當事者,道路型態大類別名稱,事故位置大類別名稱,號誌-號誌種類名稱,事故類型及型態大類別名稱,肇因研判子類別名稱-主要
11002AC191B0986,20210212,120.232954,22.985388,交通事故,交叉路口,臺南市東區中華東路2段號中華東路296,1,晴,30,交岔路,交叉路口,行車管制號誌,車與車,未注意車前狀態
11002AC191B0998,20210201,120.243097,22.989028,交通事故,交叉路口,臺南市東區裕誠路段號裕和五街,1,晴,50,交岔路,交叉路口,無號誌,車與車,未依規定讓車
11002AC191B1015,20210212,120.229244,22.993209,交通事故,交叉路口,臺南市東區東興路段號凱旋路,3,晴,40,交岔路,交叉路口,行車管制號誌,車與車,未依規定讓車
11002AC191B1023,20210212,120.234779,22.998467,交通事故,交叉路口,臺南市東區小東路段號中華東路1,1,晴,50,交岔路,交叉路口,行車管制號誌,車與車,未依規定讓車
11002AC191B1025,20210201,120.234817,22.998355,交通事故,交叉路口,臺南市東區中華東路1段號小東路,1,晴,50,交岔路,交叉路口,行車管制號誌(附設行人專用號誌),汽(機)車本身,違反號誌管制或指揮
11002AC191B1027,20210212,120.222678,22.984451,交通事故,交叉路口,臺南市東區崇仁街段號崇善路25,1,晴,30,交岔路,交叉路口,無號誌,車與車,未依規定讓車
11002AC191B1044,20210213,120.221542,22.973763,交通事故,交叉路口,臺南市東區中華東路3段號中華東路3377,1,晴,50,交岔路,交叉路口,行車管制號誌(附設行人專用號誌),車與車,未依規定讓車
11002AC191B1047,20210201,120.223101,22.985289,交通事故,其他,臺南市東區段號東門路二段與東門路二段161巷口,1,晴,50,交岔路,交叉路口,閃光號誌,車與車,未依規定讓車
11002AC191B1049,20210213,120.231528,22.988821,交通事故,其他,臺南市東區段號東寧路540號前,2,晴,40,交岔路,交叉路口,無號誌,車與車,逆向行駛
11002AC191B1065,20210213,120.221573,22.991106,交通事故,一般地址,臺南市東區長榮路2段290號,1,晴,0,單路部分,路段,無號誌,車與車,起步未注意其他車(人)安全
11002AC191B1074,20210213,120.218831,22.986587,交通事故,交叉路口,臺南市東區東門路1段號長榮路1,2,晴,50,交岔路,交叉路口,行車管制號誌,車與車,未依規定讓車
11002AC191B1092,20210213,120.227495,22.967703,交通事故,其他,臺南市東區段號崇德路與崇明二十二街路口,1,晴,30,交岔路,交叉路口,無號誌,車與車,未依規定讓車
11002AC191B1093,20210208,120.234843,22.998324,交通事故,交叉路口,臺南市東區中華東路段號小東路,1,晴,5,交岔路,交叉路口,行車管制號誌,車與車,未依規定讓車
11002AC191B1103,20210214,120.213553,22.978064,交通事故,交叉路口,臺南市東區大同路2段號立德十一路,2,晴,40,交岔路,交叉路口,行車管制號誌,車與車,未注意車前狀態
11002AC191B1110,20210214,120.224496,22.995801,交通事故,一般地址,臺南市東區後甲國中旁便道段號,2,晴,40,單路部分,路段,無號誌,車與車,未保持行車安全間隔
11002AC191B1127,20210214,120.23396,22.993997,交通事故,一般地址,臺南市東區中華東路1段24108號,1,晴,40,單路部分,路段,無號誌,車與車,未注意車前狀態
11002AC191B1128,20210214,120.226483,22.992329,交通事故,一般地址,臺南市東區東安路段60號,2,晴,50,單路部分,路段,無號誌,車與車,變換車道或方向不當
11002AC191B1134,20210214,120.212956,22.994292,交通事故,交叉路口,臺南市東區民族路段號前鋒路,1,晴,40,交岔路,交叉路口,行車管制號誌,車與車,未保持行車安全間隔
11002AC191B1135,20210208,120.234105,22.994111,交通事故,一般地址,臺南市東區中華東路1段66號,1,晴,60,單路部分,路段,無號誌,車與車,未注意車前狀態
11002AC191B1145,20210214,120.243103,22.989757,交通事故,交叉路口,臺南市東區裕農路段號裕農五街,1,晴,50,交岔路,交叉路口,行車管制號誌,車與車,違反號誌管制或指揮
11002AC191B1168,20210214,120.211248,22.982833,交通事故,其他,臺南市東區段號大同路一段243號前,2,晴,50,單路部分,路段,無號誌,車與車,違反特定標誌(線)禁制
11002AC191B1170,20210207,120.243108,22.989772,交通事故,其他,臺南市東區段號裕農路與裕農五街口,1,晴,50,交岔路,交叉路口,行車管制號誌,車與車,未依規定讓車
11002AC191B1182,20210214,120.213734,22.994501,交通事故,其他,臺南市東區段號民族路一段84號,1,晴,40,交岔路,交叉路口,無號誌,車與車,迴轉未依規定
11002AC191B1184,20210214,120.213183,22.978957,交通事故,一般地址,臺南市東區大同路2段87號,1,晴,50,單路部分,路段,無號誌,車與車,違反特定標誌(線)禁制
11002AC191B1194,20210215,120.223693,22.976663,交通事故,一般地址,臺南市東區崇德路段361號,2,晴,50,單路部分,路段,無號誌,車與車,變換車道或方向不當
11002AC191B1199,20210214,120.225653,22.98234,交通事故,交叉路口,臺南市東區崇學路段號崇仁街,2,晴,50,交岔路,交叉路口,行車管制號誌(附設行人專用號誌),車與車,未保持行車安全距離
11002AC191B1209,20210208,120.235779,22.967005,交通事故,其他,臺南市東區段號仁和路與仁和路199巷口,1,晴,40,交岔路,交叉路口,無號誌,車與車,未依規定讓車
11002AC191B1217,20210215,120.231028,22.991321,交通事故,其他,臺南市東區段號東光路一段39號前(東光國小前),1,晴,50,單路部分,路段,無號誌,車與車,變換車道或方向不當
11002AC191B1222,20210215,120.213589,22.996873,交通事故,交叉路口,臺南市東區前鋒路段號大學路西段,1,晴,40,交岔路,交叉路口,行車管制號誌(附設行人專用號誌),車與車,未依規定讓車
11002AC191B1246,20210215,120.222554,22.975674,交通事故,交叉路口,臺南市東區崇明十一街段號崇明十一街10,2,晴,30,交岔路,交叉路口,無號誌,車與車,未依規定讓車
11002AC191B1255,20210203,120.227811,22.981351,交通事故,一般地址,臺南市東區中華東路3段4443號,1,晴,30,單路部分,路段,無號誌,車與車,未注意車前狀態
11002AC191B1275,20210215,120.219636,22.989429,交通事故,一般地址,臺南市東區長榮路1段82號0,1,晴,40,單路部分,路段,無號誌,車與車,未注意車前狀態
11002AC191B1287,20210215,120.230154,22.982626,交通事故,一般地址,臺南市東區中華東路2段236號0,2,晴,60,交岔路,交叉路口,行車管制號誌,車與車,未保持行車安全距離
11002AC191B1296,20210216,120.214518,22.981859,交通事故,其他,臺南市東區段號林森路一段大同地下道(機慢車道),1,晴,40,單路部分,路段,無號誌,車與車,裝載貨物不穩妥
11002AC191B1312,20210205,120.231563,22.996717,交通事故,一般地址,臺南市東區東光路2段66號,1,晴,50,交岔路,交叉路口,無號誌,車與車,未依規定讓車
11002AC191B1313,20210207,120.234779,22.998467,交通事故,交叉路口,臺南市東區中華東路段號小東路,2,晴,40,交岔路,交叉路口,行車管制號誌,車與車,變換車道或方向不當
11002AC191B1314,20210208,120.231066,22.97965,交通事故,一般地址,臺南市東區東門路3段667號0,1,晴,40,單路部分,路段,無號誌,車與車,逆向行駛
11002AC191B1321,20210216,120.234,22.991585,交通事故,其他,臺南市東區段號中華東路一段143號前,2,晴,50,交岔路,交叉路口,無號誌,車與車,右轉彎未依規定
11002AC191B1327,20210216,120.213002,22.991934,交通事故,一般地址,臺南市東區前鋒路段66號,1,晴,50,交岔路,交叉路口,無號誌,車與車,未注意車前狀態
11002AC191B1329,20210209,120.211726,22.99293,交通事故,一般地址,臺南市東區北門路1段138號,3,晴,50,單路部分,路段,無號誌,車與車,違反特定標誌(線)禁制
11002AC191B1330,20210216,120.235249,22.980188,交通事故,交叉路口,臺南市東區東成街段182號東成街1824,2,晴,30,交岔路,交叉路口,無號誌,車與車,未依規定讓車
11002AC191B1340,20210216,120.247764,22.990612,交通事故,其他,臺南市東區段號裕農路與裕義路路口,2,晴,50,交岔路,交叉路口,行車管制號誌,車與車,右轉彎未依規定
11002AC191B1350,20210216,120.22516,22.989445,交通事故,交叉路口,臺南市東區林森路2段192號林森路219224,1,晴,30,交岔路,交叉路口,閃光號誌,車與車,未依規定讓車
11002AC191B1354,20210215,120.233679,22.987598,交通事故,一般地址,臺南市東區中華東路2段33號,1,晴,60,交岔路,交叉路口,行車管制號誌,車與車,未依規定讓車
11002AC191B1359,20210216,120.227008,22.996225,交通事故,一般地址,臺南市東區東安路段237號,2,晴,50,單路部分,路段,無號誌,車與車,起步未注意其他車(人)安全
11002AC191B1366,20210216,120.211916,22.995693,交通事故,其他,臺南市東區段號北門路一段290號前,1,晴,0,單路部分,路段,無號誌,車與車,迴轉未依規定
11002AC191B1386,20210212,120.231189,22.992974,交通事故,交叉路口,臺南市東區東光路段號凱旋路,1,晴,50,交岔路,交叉路口,行車管制號誌,車與車,未依規定讓車
11002AC191B1389,20210217,120.23959,22.985048,交通事故,交叉路口,臺南市東區裕農三街段號裕平路,1,晴,50,交岔路,交叉路口,行車管制號誌,車與車,未依規定讓車
11002AC191B1393,20210216,120.217372,22.982446,交通事故,交叉路口,臺南市東區林森路1段號崇德路,2,晴,40,交岔路,交叉路口,行車管制號誌(附設行人專用號誌),車與車,未保持行車安全距離
11002AC191B1397,20210217,120.217671,22.979603,交通事故,交叉路口,臺南市東區崇明路段號崇明六街,1,晴,40,單路部分,路段,無號誌,車與車,未依規定讓車
11002AC191B1407,20210217,120.233115,22.985324,交通事故,交叉路口,臺南市東區中華東路2段號中華東路2133,1,晴,30,交岔路,交叉路口,行車管制號誌(附設行人專用號誌),車與車,違反號誌管制或指揮
11002AC191B1416,20210212,120.222219,23.000636,交通事故,交叉路口,臺南市東區小東路段號長榮路3,2,晴,50,交岔路,交叉路口,行車管制號誌,車與車,未依規定讓車
11002AC191B1419,20210215,120.226289,22.995571,交通事故,一般地址,臺南市東區東平路段260號,2,晴,50,交岔路,交叉路口,無號誌,車與車,未依規定讓車
11002AC191B1421,20210217,120.237037,22.974138,交通事故,一般地址,臺南市東區自由路2段17511號,1,晴,30,交岔路,交叉路口,無號誌,車與車,倒車未依規定
11002AC191B1442,20210203,120.229011,22.980517,交通事故,一般地址,臺南市東區中華東路3段44209號,1,陰,50,單路部分,路段,無號誌,車與車,未注意車前狀態
11002AC191B1449,20210214,120.225201,22.983973,交通事故,其他,臺南市東區中華東路2段288號富德街與德光街口,2,晴,40,交岔路,交叉路口,閃光號誌,車與車,迴轉未依規定
11002AC191B1453,20210217,120.22209,22.979561,交通事故,其他,臺南市東區段號崇德三街與崇學路135巷口,1,晴,30,交岔路,交叉路口,閃光號誌,汽(機)車本身,其他引起事故之違規或不當行為
11002AC191B1455,20210217,120.221859,22.995988,交通事故,交叉路口,臺南市東區長榮路3段號長榮路341,1,晴,50,交岔路,交叉路口,行車管制號誌,車與車,違反號誌管制或指揮
11002AC191B1471,20210217,120.225179,22.96153,交通事故,交叉路口,臺南市東區崇元二街段號成功一街2,1,晴,30,交岔路,交叉路口,無號誌,車與車,未依規定讓車
11002AC191B1473,20210215,120.218093,22.995384,交通事故,交叉路口,臺南市東區勝利路段號育樂街,1,晴,0,交岔路,交叉路口,行車管制號誌(附設行人專用號誌),車與車,開啟車門不當而肇事
11002AC191B1476,20210216,120.229835,22.972323,交通事故,交叉路口,臺南市東區崇道路段號崇善路,2,晴,20,交岔路,交叉路口,行車管制號誌,車與車,左轉彎未依規定
11002AC191B1480,20210218,120.219982,22.992114,交通事故,其他,臺南市東區段號東寧路、東寧路15巷口,2,晴,10,交岔路,交叉路口,行車管制號誌,車與車,左轉彎未依規定
11002AC191B1481,20210217,120.224803,22.972756,交通事故,交叉路口,臺南市東區崇明路段號崇明十四街,1,晴,50,交岔路,交叉路口,行車管制號誌,車與車,右轉彎未依規定
11002AC191B1483,20210217,120.22175,22.98428,交通事故,一般地址,臺南市東區林森路1段368號,1,晴,50,交岔路,交叉路口,行車管制號誌,車與車,違反號誌管制或指揮
11002AC191B1488,20210215,120.225358,22.976638,交通事故,一般地址,臺南市東區中華東路3段212號,2,晴,60,單路部分,路段,無號誌,車與車,起步未注意其他車(人)安全
11002AC191B1510,20210218,120.221068,22.974303,交通事故,交叉路口,臺南市東區中華東路3段336號中華東路34528,1,晴,40,交岔路,交叉路口,無號誌,車與車,起步未注意其他車(人)安全
11002AC191B1532,20210218,120.241115,22.984973,交通事故,交叉路口,臺南市東區裕平路段號裕和二街,2,晴,50,交岔路,交叉路口,行車管制號誌,車與車,未依規定讓車
11002AC191B1533,20210218,120.234172,22.96478,交通事故,交叉路口,臺南市東區崇善路段號崇善十五街,3,晴,40,交岔路,交叉路口,行車管制號誌,車與車,未注意車前狀態
11002AC191B1535,20210213,120.233072,22.985351,交通事故,其他,臺南市東區段號中華東路二段與中華東路二段133巷口,1,晴,40,交岔路,交叉路口,行車管制號誌,車與車,未注意車前狀態
11002AC191B1537,20210218,120.212055,22.981263,交通事故,交叉路口,臺南市東區林森路段號健康路,1,晴,50,交岔路,交叉路口,行車管制號誌(附設行人專用號誌),車與車,未依規定讓車
11002AC191B1550,20210218,120.229951,22.978777,交通事故,交叉路口,臺南市東區仁和路段號崇善二街,1,晴,50,交岔路,交叉路口,行車管制號誌,車與車,未依規定讓車
11002AC191B1551,20210218,120.223047,22.990375,交通事故,交叉路口,臺南市東區東寧路段120號東寧路134,2,晴,30,交岔路,交叉路口,無號誌,車與車,未依規定讓車
11002AC191B1560,20210201,120.215791,22.986228,交通事故,一般地址,臺南市東區慶東街段42號,1,晴,50,單路部分,路段,行車管制號誌,人與汽(機)車,未注意車前狀態
11002AC191B1568,20210218,120.21168,22.981968,交通事故,一般地址,臺南市東區大同路1段295號,2,晴,50,交岔路,交叉路口,無號誌,車與車,不明原因肇事
11002AC191B1573,20210205,120.2248,22.990853,交通事故,一般地址,臺南市東區東寧路段224號,1,晴,50,交岔路,交叉路口,無號誌,車與車,未依規定讓車
11002AC191B1581,20210218,120.218085,22.986802,交通事故,交叉路口,臺南市東區東門城圓環段號東門路1,1,晴,40,圓環廣場,路段,無號誌,車與車,右轉彎未依規定
11002AC191B1582,20210207,120.235573,22.987342,交通事故,交叉路口,臺南市東區富農街2段號富農街2108,1,晴,40,交岔路,交叉路口,閃光號誌,車與車,未依規定讓車
11002AC191B1613,20210209,120.239162,22.998354,交通事故,一般地址,臺南市東區小東路段600號,1,晴,40,單路部分,路段,無號誌,車與車,未注意車前狀態
11002AC191B1640,20210219,120.221803,22.972395,交通事故,其他,臺南市東區段號中華東路三段377巷與巴克禮路路口,1,晴,30,交岔路,交叉路口,閃光號誌,車與車,未注意車前狀態
11002AC191B1644,20210219,120.218306,22.96479,交通事故,一般地址,臺南市東區生產路段號,3,晴,50,單路部分,路段,無號誌,車與車,未注意車前狀態
11002AC191B1659,20210219,120.222368,22.982638,交通事故,一般地址,臺南市東區龍山街段59號,1,晴,30,單路部分,路段,無號誌,車與車,未注意車前狀態
11002AC191B1665,20210219,120.243461,22.982294,交通事故,交叉路口,臺南市東區裕文路段號裕孝路,2,晴,50,交岔路,交叉路口,行車管制號誌,車與車,未依規定讓車
11002AC191B1666,20210219,120.212866,22.991449,交通事故,交叉路口,臺南市東區青年路段號前鋒路,1,晴,50,交岔路,路段,行車管制號誌,車與車,未注意車前狀態
11002AC191B1671,20210219,120.239386,22.989044,交通事故,交叉路口,臺南市東區裕農路段號裕農三街,2,晴,50,交岔路,交叉路口,行車管制號誌,車與車,未保持行車安全距離
11002AC191B1672,20210204,120.232859,22.9717,交通事故,一般地址,臺南市東區仁和路段105-1號,3,晴,50,單路部分,路段,無號誌,車與車,其他引起事故之違規或不當行為
11002AC191B1675,20210219,120.231307,22.974025,交通事故,一般地址,臺南市東區仁和路段30803號,1,晴,50,單路部分,路段,無號誌,車與車,未注意車前狀態
11002AC191B1706,20210220,120.235561,22.987356,交通事故,其他,臺南市東區段號富農街二段與富農街二段108巷路口,2,晴,30,交岔路,交叉路口,閃光號誌,車與車,未依規定讓車
11002AC191B1720,20210220,120.233064,22.988518,交通事故,交叉路口,臺南市東區中華東路1段號裕農路,1,晴,50,交岔路,交叉路口,行車管制號誌,車與車,違反號誌管制或指揮
11002AC191B1730,20210209,120.241287,22.989426,交通事故,交叉路口,臺南市東區裕忠路段號裕農路,3,晴,40,交岔路,交叉路口,行車管制號誌,車與車,未保持行車安全間隔
11002AC191B1746,20210219,120.217392,22.97301,交通事故,其他,臺南市東區段號中華東路陸橋(向西),2,晴,40,單路部分,路段,無號誌,車與車,未保持行車安全距離
11002AC191B1760,20210220,120.227614,22.979796,交通事故,一般地址,臺南市東區崇信街段125號,1,晴,50,單路部分,路段,無號誌,車與車,未注意車前狀態
11002AC191B1779,20210205,120.231414,22.964155,交通事故,交叉路口,臺南市東區德東街段151號長東街41,2,晴,30,交岔路,交叉路口,無號誌,車與車,未依規定讓車
11002AC191B1780,20210220,120.236356,22.961908,交通事故,交叉路口,臺南市東區崇善路段號德東街,2,晴,50,交岔路,交叉路口,行車管制號誌,車與車,未依規定讓車
11002AC191B1853,20210221,120.221536,22.992785,交通事故,其他,臺南市東區段號長榮路三段與東寧路15巷路口,1,晴,50,交岔路,交叉路口,行車管制號誌,汽(機)車本身,未注意車前狀態
11002AC191B1859,20210219,120.222304,22.985586,交通事故,交叉路口,臺南市東區林森路2段號東門路2,1,晴,40,交岔路,交叉路口,行車管制號誌,車與車,未注意車前狀態
11002AC191B1868,20210221,120.229354,22.972112,交通事故,交叉路口,臺南市東區崇道路段號崇德十二街76,1,晴,5,交岔路,交叉路口,無號誌,車與車,右轉彎未依規定
11002AC191B1870,20210221,120.233363,22.978085,交通事故,交叉路口,臺南市東區東門路段號文化路,1,晴,50,交岔路,交叉路口,行車管制號誌(附設行人專用號誌),車與車,未依規定讓車
11002AC191B1879,20210221,120.225711,22.970133,交通事故,交叉路口,臺南市東區崇明路段號崇明十八街,1,晴,50,交岔路,交叉路口,無號誌,車與車,未依規定讓車
11002AC191B1881,20210221,120.214568,23.001306,交通事故,交叉路口,臺南市東區小東路段號前鋒路,1,晴,50,交岔路,交叉路口,行車管制號誌(附設行人專用號誌),車與車,違反號誌管制或指揮
11002AC191B1890,20210221,120.225556,22.990776,交通事故,交叉路口,臺南市東區東寧路段號東寧路538,2,晴,50,交岔路,交叉路口,無號誌,車與車,未注意車前狀態
11002AC191B1898,20210207,120.212286,22.997378,交通事故,其他,臺南市東區北門路2段4號北門路二段4號前(台南火車站前),1,晴,50,交岔路,交叉路口,無號誌,車與車,橫越道路不慎
11002AC191B1907,20210221,120.24152,22.987337,交通事故,一般地址,臺南市東區裕忠路段120號,3,晴,40,單路部分,路段,無號誌,車與車,起步未注意其他車(人)安全
11002AC191B1911,20210221,120.222232,22.985606,交通事故,交叉路口,臺南市東區林森路2段號東門路2,1,晴,40,交岔路,交叉路口,行車管制號誌,車與車,未保持行車安全間隔
11002AC191B1932,20210214,120.248023,22.978168,交通事故,一般地址,臺南市東區裕義路段630號,1,晴,40,單路部分,路段,無號誌,車與車,未注意車前狀態
11002AC191B1941,20210216,120.228874,22.97515,交通事故,一般地址,臺南市東區崇善路段380號,1,晴,40,單路部分,路段,無號誌,車與車,未注意車前狀態
11002AC191B1955,20210213,120.212887,22.999025,交通事故,一般地址,臺南市東區北門路2段16號,1,晴,50,單路部分,路段,無號誌,車與車,未依規定讓車
11002AC191B1960,20210214,120.239796,22.99368,交通事故,交叉路口,臺南市東區裕永路段號平實八街,1,晴,50,交岔路,交叉路口,行車管制號誌,車與車,未依規定讓車
11002AC191B1961,20210218,120.231373,22.995101,交通事故,交叉路口,臺南市東區東平路段號東光路,2,晴,50,單路部分,路段,無號誌,車與車,起步未注意其他車(人)安全
11002AC191B1972,20210214,120.216278,22.986548,交通事故,一般地址,臺南市東區府東街段142號,1,晴,30,交岔路,交叉路口,無號誌,車與車,未依規定讓車
11002AC191B1973,20210222,120.21121,22.984534,交通事故,交叉路口,臺南市東區大同路1段號大同路1175,1,晴,40,交岔路,交叉路口,行車管制號誌(附設行人專用號誌),車與車,左轉彎未依規定
11002AC191B1985,20210222,120.231416,22.97955,交通事故,一般地址,臺南市東區東門路3段78號,1,晴,60,單路部分,路段,行車管制號誌,車與車,未注意車前狀態
11002AC191B1994,20210222,120.230667,22.993032,交通事故,一般地址,臺南市東區凱旋路段29號,1,晴,50,單路部分,路段,無號誌,車與車,未保持行車安全距離
11002AC191B2018,20210222,120.222059,22.985828,交通事故,一般地址,臺南市東區東門路2段127號,1,晴,50,單路部分,路段,無號誌,車與車,未保持行車安全距離
11002AC191B2021,20210221,120.233114,22.971242,交通事故,交叉路口,臺南市東區仁和路段號崇善十一街,1,晴,50,交岔路,路段,行車管制號誌,車與車,未依規定讓車
11002AC191B2026,20210222,120.229559,22.99864,交通事故,交叉路口,臺南市東區東和路段號東興路,1,晴,50,交岔路,交叉路口,行車管制號誌,人與汽(機)車,未依規定行走行人穿越道、地下道、天橋而穿越道路
11002AC191B2049,20210222,120.22749,22.972588,交通事故,交叉路口,臺南市東區崇德路段號崇德十一街,2,晴,50,交岔路,交叉路口,無號誌,車與車,未依規定讓車
11002AC191B2050,20210221,120.225967,22.984875,交通事故,交叉路口,臺南市東區東門路2段269號東門路2239,2,晴,30,交岔路,交叉路口,無號誌,車與車,未依規定讓車
11002AC191B2071,20210222,120.23741,22.975774,交通事故,其他,臺南市東區段號自由路二段與東門路三段路口,2,晴,40,交岔路,交叉路口,行車管制號誌(附設行人專用號誌),車與車,未保持行車安全距離
11002AC191B2083,20210222,120.21967,22.983907,交通事故,一般地址,臺南市東區府連東路段87號,2,晴,40,單路部分,路段,無號誌,車與車,變換車道或方向不當
11002AC191B2099,20210218,120.231211,22.975322,交通事故,一般地址,臺南市東區文化五街段3號0,1,晴,40,單路部分,路段,無號誌,車與車,起步未注意其他車(人)安全
11002AC191B2109,20210221,120.216084,22.971089,交通事故,一般地址,臺南市東區大同路2段4499號,2,晴,40,交岔路,交叉路口,無號誌,車與車,未注意車前狀態
11002AC191B2125,20210223,120.240074,22.992937,交通事故,其他,臺南市東區段號平實路與裕永路路口,1,晴,50,交岔路,交叉路口,行車管制號誌,汽(機)車本身,未注意車前狀態
11002AC191B2129,20210222,120.241404,22.988901,交通事故,交叉路口,臺南市東區裕忠路段號裕誠路,2,晴,20,交岔路,交叉路口,行車管制號誌,車與車,迴轉未依規定
11002AC191B2145,20210223,120.245678,22.978233,交通事故,交叉路口,臺南市東區裕孝三街段號裕敬二街,1,晴,50,交岔路,交叉路口,無號誌,車與車,未依規定讓車
11002AC191B2156,20210222,120.221821,22.995112,交通事故,一般地址,臺南市東區長榮路3段125號,1,晴,20,單路部分,路段,閃光號誌,車與車,迴轉未依規定
11002AC191B2168,20210220,120.221479,22.973679,交通事故,交叉路口,臺南市東區中華東路3段號中華東路3377,1,晴,30,交岔路,交叉路口,行車管制號誌(附設行人專用號誌),車與車,未依規定讓車
11002AC191B2174,20210223,120.230891,22.973925,交通事故,其他,臺南市東區段號崇善五街60號前,1,晴,50,單路部分,路段,無號誌,車與車,開啟車門不當而肇事
11002AC191B2183,20210223,120.229523,22.968328,交通事故,一般地址,臺南市東區崇德十九街段55號,2,晴,30,交岔路,交叉路口,無號誌,車與車,未依規定讓車
11002AC191B2187,20210223,120.228638,22.985297,交通事故,一般地址,臺南市東區裕農路段2886032號,2,晴,30,交岔路,交叉路口,無號誌,車與車,未依規定讓車
11002AC191B2193,20210223,120.214895,22.996716,交通事故,交叉路口,臺南市東區大學路西段段號育樂街,1,晴,50,交岔路,交叉路口,無號誌,汽(機)車本身,車輛零件脫落
11002AC191B2197,20210213,120.231715,22.998613,交通事故,其他,臺南市東區段號小東路與東光路二段路口,1,晴,50,交岔路,交叉路口,行車管制號誌(附設行人專用號誌),車與車,不明原因肇事
11002AC191B2200,20210223,120.212804,22.999917,交通事故,一般地址,臺南市東區北門路2段20號,1,晴,50,交岔路,交叉路口,行車管制號誌(附設行人專用號誌),車與車,未保持行車安全間隔
11002AC191B2202,20210223,120.24772,22.9878,交通事故,交叉路口,臺南市東區裕和路段號裕義路,1,晴,50,交岔路,交叉路口,行車管制號誌,車與車,未注意車前狀態
11002AC191B2211,20210223,120.227514,22.964846,交通事故,交叉路口,臺南市東區崇德路段號生產路,1,晴,50,交岔路,路段,行車管制號誌,車與車,左轉彎未依規定
11002AC191B2214,20210224,120.223248,22.985196,交通事故,一般地址,臺南市東區東門路2段196號,2,晴,50,交岔路,交叉路口,行車管制號誌,車與車,未注意車前狀態
11002AC191B2215,20210202,120.217429,22.982548,交通事故,交叉路口,臺南市東區林森路1段號長榮路1,1,晴,50,交岔路,交叉路口,行車管制號誌,車與車,未依規定讓車
11002AC191B2217,20210202,120.247764,22.990612,交通事故,交叉路口,臺南市東區裕農路段號裕義路,1,晴,50,交岔路,交叉路口,行車管制號誌,車與車,未依規定讓車
11002AC191B2218,20210221,120.220538,23.000778,交通事故,其他,臺南市東區段號小東路成功校區後門前,1,晴,60,交岔路,交叉路口,行車管制號誌(附設行人專用號誌),汽(機)車本身,不明原因肇事
11002AC191B2222,20210204,120.234181,22.993288,交通事故,交叉路口,臺南市東區中華東路1段80號中華東路18011,1,晴,30,交岔路,交叉路口,無號誌,車與車,未依規定讓車
11002AC191B2227,20210202,120.234012,22.998316,交通事故,一般地址,臺南市東區小東路段374號,2,晴,40,單路部分,路段,無號誌,車與車,未保持行車安全間隔
11002AC191B2228,20210219,120.217489,23.000944,交通事故,其他,臺南市東區段號小東路光復校區,1,晴,50,交岔路,交叉路口,行車管制號誌,車與車,未依規定讓車
11002AC191B2253,20210223,120.224803,22.972756,交通事故,交叉路口,臺南市東區崇明路段號崇明十四街,1,晴,50,交岔路,交叉路口,行車管制號誌,車與車,未依規定讓車
11002AC191B2279,20210224,120.220335,22.99019,交通事故,其他,臺南市東區段號長榮路二段75號前,1,晴,40,單路部分,路段,無號誌,車與車,未保持行車安全距離
11002AC191B2283,20210223,120.213311,22.978751,交通事故,一般地址,臺南市東區大同路2段93號,1,晴,40,單路部分,路段,無號誌,車與車,左轉彎未依規定
11002AC191B2285,20210224,120.217925,22.984198,交通事故,交叉路口,臺南市東區長榮路1段號府連東路,1,晴,50,交岔路,交叉路口,行車管制號誌,車與車,未依規定讓車
11002AC191B2301,20210224,120.225973,22.989687,交通事故,交叉路口,臺南市東區林森路2段192號林森路219250,2,晴,30,交岔路,交叉路口,無號誌,車與車,未依規定讓車
11002AC191B2321,20210224,120.215453,22.988606,交通事故,一般地址,臺南市東區東榮街段1153號,1,晴,40,單路部分,路段,無號誌,汽(機)車本身,未注意車前狀態
11002AC191B2332,20210224,120.214456,22.991338,交通事故,交叉路口,臺南市東區青年路段號育樂街,1,晴,10,交岔路,交叉路口,行車管制號誌(附設行人專用號誌),車與車,未保持行車安全間隔
11002AC191B2339,20210224,120.211178,22.984822,交通事故,交叉路口,臺南市東區大同路1段號府連路,1,晴,50,交岔路,交叉路口,行車管制號誌,車與車,左轉彎未依規定
11002AC191B2391,20210215,120.224691,22.975628,交通事故,一般地址,臺南市東區中華東路3段235號,1,晴,60,單路部分,路段,無號誌,車與車,未依規定讓車
11002AC191B2393,20210225,120.241377,22.988895,交通事故,交叉路口,臺南市東區裕誠路段號裕忠路,1,晴,50,交岔路,交叉路口,行車管制號誌,車與車,違反號誌管制或指揮
11002AC191B2402,20210225,120.216801,22.98081,交通事故,交叉路口,臺南市東區崇明路段號崇明三街,1,晴,5,交岔路,交叉路口,無號誌,車與車,未依規定讓車
11002AC191B2408,20210225,120.222093,22.999465,交通事故,其他,臺南市東區段號長榮路(成大材料系人行道前),1,晴,0,單路部分,其他,無號誌,車與車,其他引起事故之違規或不當行為
11002AC191B2422,20210225,120.224669,22.981285,交通事故,一般地址,臺南市東區崇學路段245號,1,晴,50,交岔路,交叉路口,無號誌,車與車,違反特定標誌(線)禁制