案件編號,發生日期,GPS經度,GPS緯度,案件類別名稱,地址類型名稱,發生縣市名稱,受傷人數,天候名稱, 速限-第1當事者,道路型態大類別名稱,事故位置大類別名稱,號誌-號誌種類名稱,事故類型及型態大類別名稱,肇因研判子類別名稱-主要
11002AC191B2428,20210220,120.220968,22.985914,交通事故,一般地址,臺南市東區東門路2段136號,1,晴,40,單路部分,路段,無號誌,車與車,未保持行車安全距離
11002AC191B2433,20210225,120.23396,22.993997,交通事故,交叉路口,臺南市東區中華東路1段217號裕農路621,2,晴,30,交岔路,交叉路口,無號誌,車與車,未靠右行駛
11002AC191B2444,20210219,120.229679,22.989631,交通事故,一般地址,臺南市東區東寧路段421號,2,晴,40,單路部分,路段,無號誌,車與車,未依規定讓車
11002AC191B2456,20210226,120.221786,22.985863,交通事故,一般地址,臺南市東區東門路2段117號,1,晴,40,交岔路,交叉路口,無號誌,車與車,未注意車前狀態
11002AC191B2457,20210214,120.215961,22.982021,交通事故,交叉路口,臺南市東區林森路段號崇明路,1,晴,40,交岔路,交叉路口,行車管制號誌,車與車,變換車道或方向不當
11002AC191B2459,20210226,120.221475,22.991037,交通事故,一般地址,臺南市東區長榮路2段272號,1,晴,50,交岔路,交叉路口,行車管制號誌,車與車,未依規定讓車
11002AC191B2473,20210216,120.215094,22.987744,交通事故,交叉路口,臺南市東區東門路1段號東榮街,2,晴,50,交岔路,交叉路口,行車管制號誌,車與車,未保持行車安全間隔
11002AC191B2505,20210226,120.21963,22.978137,交通事故,一般地址,臺南市東區崇明路段197號,2,晴,50,單路部分,路段,無號誌,車與車,起步未注意其他車(人)安全
11002AC191B2522,20210226,120.241146,22.986767,交通事故,交叉路口,臺南市東區裕和二街段號裕英街,2,晴,50,交岔路,交叉路口,無號誌,車與車,未依規定讓車
11002AC191B2524,20210226,120.23163,22.987865,交通事故,其他,臺南市東區段號裕農路446巷、裕農路446巷52弄口,1,晴,30,交岔路,交叉路口,無號誌,車與車,未依規定讓車
11002AC191B2530,20210226,120.237223,22.991025,交通事故,交叉路口,臺南市東區後甲二路段號瑞吉街,1,晴,30,交岔路,交叉路口,行車管制號誌,人與汽(機)車,搶越行人穿越道
11002AC191B2534,20210226,120.23316,22.979886,交通事故,交叉路口,臺南市東區東成街段號東成街56,1,晴,50,交岔路,交叉路口,無號誌,車與車,倒車未依規定
11002AC191B2560,20210226,120.229126,22.97452,交通事故,交叉路口,臺南市東區崇善路段號崇善四街,1,晴,50,交岔路,交叉路口,無號誌,車與車,左轉彎未依規定
11002AC191B2568,20210220,120.236469,22.989676,交通事故,交叉路口,臺南市東區裕農路段661號裕農路66142,1,晴,30,交岔路,交叉路口,無號誌,車與車,未依規定讓車
11002AC191B2575,20210216,120.219904,22.964883,交通事故,交叉路口,臺南市東區崇聖路1段號生產路,2,晴,50,交岔路,交叉路口,行車管制號誌,車與車,其他引起事故之違規或不當行為
11002AC191B2576,20210223,120.223827,22.993537,交通事故,交叉路口,臺南市東區林森路2段號長榮路366,2,晴,50,交岔路,交叉路口,行車管制號誌(附設行人專用號誌),汽(機)車本身,未注意車前狀態
11002AC191B2601,20210227,120.223585,23.000504,交通事故,其他,臺南市東區段號小東路200號停車格前,2,晴,60,單路部分,路段,無號誌,車與車,未注意車前狀態
11002AC191B2604,20210227,120.23959,22.985048,交通事故,其他,臺南市東區段號裕平路、裕農三街口,1,晴,50,交岔路,交叉路口,行車管制號誌,車與車,左轉彎未依規定
11002AC191B2606,20210226,120.241785,22.982647,交通事故,交叉路口,臺南市東區裕文路段號裕忠路,1,晴,50,交岔路,交叉路口,行車管制號誌,車與車,未依規定讓車
11002AC191B2615,20210227,120.226661,22.983215,交通事故,一般地址,臺南市東區東門路2段325號,2,晴,30,交岔路,交叉路口,無號誌,車與車,其他引起事故之違規或不當行為
11002AC191B2623,20210227,120.22131,22.990734,交通事故,一般地址,臺南市東區長榮路2段280號,1,晴,50,交岔路,交叉路口,行車管制號誌(附設行人專用號誌),車與車,未依規定讓車
11002AC191B2635,20210227,120.237408,22.97578,交通事故,其他,臺南市東區段號東門路三段與自由路二段路口,1,晴,50,交岔路,交叉路口,行車管制號誌,車與車,右轉彎未依規定
11002AC191B2650,20210227,120.227972,22.986006,交通事故,交叉路口,臺南市東區裕農路段288號裕農路28820,1,晴,30,交岔路,交叉路口,無號誌,車與車,未保持行車安全間隔
11002AC191B2656,20210216,120.234274,22.977443,交通事故,交叉路口,臺南市東區東門路3段號富農街1,2,晴,60,交岔路,交叉路口,行車管制號誌,車與車,未依規定讓車
11002AC191B2664,20210227,120.227516,22.965845,交通事故,交叉路口,臺南市東區崇德路段號崇明二十五街,1,晴,50,交岔路,交叉路口,閃光號誌,車與車,倒車未依規定
11002AC191B2665,20210226,120.231312,22.972292,交通事故,交叉路口,臺南市東區崇善七街段46號崇善八街,1,晴,30,交岔路,交叉路口,無號誌,車與車,未依規定讓車
11002AC191B2682,20210227,120.236308,22.96833,交通事故,交叉路口,臺南市東區自由路1段號仁和路13960,2,晴,50,交岔路,交叉路口,閃光號誌,車與車,未依規定讓車
11002AC191B2698,20210226,120.237833,22.982901,交通事故,交叉路口,臺南市東區裕文路段號裕文路22,1,晴,50,交岔路,交叉路口,無號誌,車與車,倒車未依規定
11002AC191B2734,20210227,120.244928,22.990065,交通事故,其他,臺南市東區裕農路段966號裕農路與裕信路口,1,晴,50,交岔路,交叉路口,行車管制號誌,車與車,未依規定讓車
11002AC191B2740,20210227,120.233546,22.987467,交通事故,交叉路口,臺南市東區中華東路2段號中華東路241,1,晴,60,交岔路,交叉路口,行車管制號誌,車與車,未依規定讓車
11002AC191B2743,20210228,120.218267,22.980359,交通事故,一般地址,臺南市東區崇德路段86號0,1,晴,50,交岔路,交叉路口,無號誌,車與車,其他引起事故之違規或不當行為
11002AC191B2753,20210217,120.212092,22.996767,交通事故,一般地址,臺南市東區北門路2段4號0,2,晴,0,交岔路,交叉路口,行車管制號誌,人與汽(機)車,未依規定行走行人穿越道、地下道、天橋而穿越道路
11002AC191B2755,20210228,120.217396,22.982691,交通事故,交叉路口,臺南市東區林森路1段號崇德路,1,晴,50,交岔路,交叉路口,行車管制號誌(附設行人專用號誌),車與車,違反號誌管制或指揮
11002AC191B2757,20210228,120.22712,22.995587,交通事故,其他,臺南市東區段號東平路與東安路路口,1,晴,50,交岔路,交叉路口,行車管制號誌(附設行人專用號誌),人與汽(機)車,未注意車前狀態
11002AC191B2759,20210227,120.220354,22.98376,交通事故,交叉路口,臺南市東區林森路1段號光華街,1,晴,40,交岔路,交叉路口,無號誌,車與車,未保持行車安全距離
11002AC191B2776,20210228,120.213171,23.000969,交通事故,一般地址,臺南市東區北門路2段34號,1,晴,0,交岔路,其他,無號誌,車與車,違反特定標誌(線)禁制
11002AC191B2781,20210206,120.226512,22.999884,交通事故,其他,臺南市東區段號小東路132巷(小東市場)前,1,晴,30,交岔路,交叉路口,無號誌,車與車,未保持行車安全距離
11002AC191B2798,20210228,120.229481,22.972389,交通事故,交叉路口,臺南市東區崇道路段號崇德十二街76,1,晴,50,交岔路,交叉路口,無號誌,車與車,未依規定讓車
11002AC191B2809,20210228,120.240143,22.982395,交通事故,其他,臺南市東區段號裕文路62號(復興國中門前),1,晴,50,交岔路,交叉路口,行車管制號誌(附設行人專用號誌),車與車,未注意車前狀態
11002AC191B2817,20210228,120.229753,22.972047,交通事故,一般地址,臺南市東區崇善路段506號,1,晴,50,單路部分,路段,無號誌,車與車,橫越道路不慎
11002AC191B2822,20210203,120.2315,22.965965,交通事故,交叉路口,臺南市東區生產路段號生產路618,1,晴,50,交岔路,交叉路口,行車管制號誌,車與車,未依規定讓車
11002AC191B2823,20210228,120.221763,22.995061,交通事故,一般地址,臺南市東區長榮路3段123號,1,晴,50,單路部分,路段,無號誌,車與車,開啟車門不當而肇事
11002AC191B2827,20210228,120.212288,22.997369,交通事故,其他,臺南市東區段號台南火車站前站前,1,晴,50,圓環廣場,其他,無號誌,汽(機)車本身,未注意車前狀態
11002AC191B2842,20210228,120.230184,22.97749,交通事故,交叉路口,臺南市東區仁和路段號崇善二街82,1,晴,50,交岔路,交叉路口,無號誌,人與汽(機)車,左轉彎未依規定
11002AC191B2863,20210208,120.234267,22.988432,交通事故,一般地址,臺南市東區裕農路段574號,1,晴,40,單路部分,路段,無號誌,車與車,未依規定讓車
11002AC191B2887,20210228,120.227815,22.991813,交通事故,交叉路口,臺南市東區東安路段48號怡東路,1,晴,30,交岔路,交叉路口,無號誌,車與車,未依規定讓車
11002AC191B2899,20210225,120.22014,22.996087,交通事故,其他,臺南市東區段號大學路(成大校區前),2,晴,30,單路部分,路段,行車管制號誌,車與車,未依規定讓車
11002AC191B2904,20210226,120.238151,22.995623,交通事故,交叉路口,臺南市東區後甲三街段號平實四街,2,晴,50,交岔路,交叉路口,行車管制號誌,車與車,違反號誌管制或指揮
11002AC191B2923,20210208,120.218689,23.000886,交通事故,交叉路口,臺南市東區勝利路段號小東路,1,晴,50,交岔路,交叉路口,行車管制號誌,車與車,未注意車前狀態
11002AC191B2939,20210224,120.222445,22.984729,交通事故,一般地址,臺南市東區崇仁街段44197號,1,晴,30,交岔路,交叉路口,無號誌,車與車,未依規定讓車
11002AC191B2966,20210203,120.218005,22.986985,交通事故,一般地址,臺南市東區東門路1段269號0,1,晴,40,圓環廣場,路段,無號誌,汽(機)車本身,未依規定讓車
11002AC191B2968,20210204,120.236885,22.998363,交通事故,其他,臺南市東區段號小東路380號路邊停車格前,1,晴,50,單路部分,路段,無號誌,車與車,起步未注意其他車(人)安全
11002AC191B2969,20210205,120.233366,22.965662,交通事故,交叉路口,臺南市東區崇善路段號崇善十四街,2,晴,50,交岔路,交叉路口,行車管制號誌,人與汽(機)車,未依標誌、標線、號誌或手勢指揮穿越道路
11002AC191B2970,20210205,120.234393,22.996671,交通事故,交叉路口,臺南市東區中華東路段號平實一街,1,晴,50,單路部分,路段,無號誌,車與車,起步未注意其他車(人)安全
11002AC191B2971,20210205,120.229996,22.965204,交通事故,一般地址,臺南市東區生產路段512號,2,晴,50,單路部分,路段,無號誌,車與車,超速失控
11002AC191B2973,20210218,120.221086,22.984207,交通事故,一般地址,臺南市東區林森路1段366號0長東街41,1,晴,50,單路部分,路段,行車管制號誌,車與車,未保持行車安全距離
11002AC191B2974,20210206,120.233671,22.989982,交通事故,交叉路口,臺南市東區中華東路1段號中華東路1217,2,晴,50,交岔路,交叉路口,行車管制號誌,車與車,其他引起事故之違規或不當行為
11002AC191B2976,20210207,120.231064,22.982832,交通事故,一般地址,臺南市東區中華東路2段297號,1,晴,40,單路部分,路段,無號誌,車與車,變換車道或方向不當
11002AC191B2977,20210213,120.243081,22.989708,交通事故,交叉路口,臺南市東區裕農路段號裕孝路,1,晴,50,交岔路,交叉路口,行車管制號誌,車與車,未依規定讓車
11002AC191B2978,20210214,120.22851,22.969868,交通事故,一般地址,臺南市東區崇德十六街段17號0,1,晴,50,單路部分,路段,無號誌,車與車,未注意車前狀態
11002AC191B2979,20210214,120.213955,22.992982,交通事故,其他,臺南市東區段號東寧地下道避車彎,1,晴,40,單路部分,路段,無號誌,汽(機)車本身,其他引起事故之違規或不當行為
11002AC191B2980,20210216,120.240004,22.992942,交通事故,交叉路口,臺南市東區裕永路段號平實路,1,晴,50,交岔路,交叉路口,行車管制號誌,車與車,未注意車前狀態
11002AC191B2981,20210218,120.218365,22.998449,交通事故,其他,臺南市東區段號勝利路成功大學成功校區側門,1,晴,30,單路部分,其他,無號誌,車與車,其他引起事故之違規或不當行為
11002AC191B2982,20210219,120.245201,22.984391,交通事故,交叉路口,臺南市東區裕信路段號裕信二街,1,晴,50,交岔路,交叉路口,無號誌,車與車,未依規定讓車
11002AC191B2983,20210219,120.222245,22.995936,交通事故,其他,臺南市東區段號大學路與長榮路口以東40公尺處,2,晴,40,單路部分,路段,無號誌,車與車,違規超車
11002AC191B2984,20210220,120.245984,22.990286,交通事故,一般地址,臺南市東區裕農路段1008號,1,晴,50,單路部分,路段,無號誌,車與車,未保持行車安全距離
11002AC191B2999,20210222,120.236838,22.988702,交通事故,一般地址,臺南市東區裕農路段665-2號0,2,晴,50,單路部分,路段,無號誌,車與車,起步未注意其他車(人)安全
11002AC191B3000,20210222,120.215301,22.985061,交通事故,交叉路口,臺南市東區府連路段號慶東街,1,晴,50,交岔路,交叉路口,行車管制號誌,車與車,未依規定讓車
11002AC191B3001,20210226,120.232696,22.992817,交通事故,交叉路口,臺南市東區莊敬路段號凱旋路,1,晴,50,交岔路,交叉路口,行車管制號誌,車與車,未依規定讓車
11002AC191B3002,20210227,120.2172,22.98624,交通事故,交叉路口,臺南市東區府連路段號府東街,1,晴,50,交岔路,交叉路口,行車管制號誌,車與車,違反號誌管制或指揮
11002AC191B3030,20210218,120.229926,22.959967,交通事故,交叉路口,臺南市東區長東街段號崇德三十三街,2,晴,30,交岔路,交叉路口,無號誌,車與車,未依規定讓車
11002AC191B3035,20210218,120.2282,22.999662,交通事故,交叉路口,臺南市東區小東路段號光明街,1,晴,50,交岔路,交叉路口,行車管制號誌,車與車,未依規定讓車
11002AC191B3105,20210225,120.227496,22.969646,交通事故,交叉路口,臺南市東區崇德路段號崇德十六街,2,晴,50,交岔路,交叉路口,無號誌,車與車,未依規定讓車
11002AC191B3108,20210219,120.243533,22.985048,交通事故,交叉路口,臺南市東區裕孝路段號裕平路,1,晴,50,交岔路,交叉路口,行車管制號誌,車與車,違反號誌管制或指揮
11002AC191B3149,20210227,120.234619,22.998336,交通事故,交叉路口,臺南市東區中華東路1段號小東路,3,晴,40,交岔路,交叉路口,行車管制號誌,車與車,未注意車前狀態
11002AC191B3165,20210220,120.213589,22.996873,交通事故,交叉路口,臺南市東區前鋒路段號大學路西段,2,晴,50,交岔路,交叉路口,行車管制號誌,汽(機)車本身,未保持行車安全距離
11002AC191B3246,20210218,120.22118,22.977916,交通事故,其他,臺南市東區段號崇學路與崇學路20巷口,1,晴,40,交岔路,交叉路口,無號誌,汽(機)車本身,不明原因肇事
11002AC191B3249,20210224,120.225556,22.990803,交通事故,其他,臺南市東區段號東寧路與東寧路201巷口,1,晴,40,交岔路,交叉路口,行車管制號誌,車與車,未依規定讓車
11002AC191B3259,20210220,120.227505,22.966737,交通事故,交叉路口,臺南市東區崇德路段號崇德二十二街,1,晴,40,交岔路,交叉路口,行車管制號誌,汽(機)車本身,其他引起事故之違規或不當行為
11002AC191B3282,20210220,120.211767,22.991516,交通事故,交叉路口,臺南市東區青年路段號北門路1,1,晴,40,交岔路,交叉路口,無號誌,汽(機)車本身,其他引起事故之違規或不當行為
11002AC191B3339,20210228,120.230586,22.961765,交通事故,交叉路口,臺南市東區德東街段號長東街103,3,晴,30,交岔路,交叉路口,無號誌,車與車,未依規定讓車
11002AC191B3340,20210226,120.224944,22.980734,交通事故,交叉路口,臺南市東區崇學路段142號崇學路188,1,晴,30,交岔路,交叉路口,無號誌,車與車,未依規定讓車
11002AC191B3352,20210226,120.219494,22.978393,交通事故,一般地址,臺南市東區崇明路段189號0,2,晴,50,交岔路,交叉路口,行車管制號誌,車與車,未保持行車安全距離
11002AC191B3353,20210225,120.223697,22.980229,交通事故,交叉路口,臺南市東區崇學路段號崇善路,1,晴,50,交岔路,交叉路口,行車管制號誌,車與車,未依規定讓車
11002AC191B3450,20210218,120.217819,22.992145,交通事故,一般地址,臺南市東區勝利路段33970號,1,晴,40,單路部分,路段,無號誌,車與車,起步未注意其他車(人)安全
11002AC191B3518,20210221,120.237021,22.992762,交通事故,交叉路口,臺南市東區平實路段號後甲二路,1,晴,50,交岔路,交叉路口,行車管制號誌,汽(機)車本身,其他引起事故之違規或不當行為
11002AC1O1B0227,20210201,120.217926,22.984213,交通事故,其他,臺南市東區段號長榮路一段與府連東路口,1,晴,50,交岔路,交叉路口,行車管制號誌,車與車,未依規定讓車
11002AC1O1B0269,20210201,120.224575,22.976063,交通事故,其他,臺南市東區段號崇德路374號前,1,晴,50,單路部分,路段,行車管制號誌,車與車,起步未注意其他車(人)安全
11002AC1O1B0278,20210201,120.235083,22.971667,交通事故,其他,臺南市東區段號仁和路107巷78號前,1,晴,30,單路部分,路段,無號誌,汽(機)車本身,未依規定讓車
11002AC1O1B0570,20210202,120.218345,22.998454,交通事故,其他,臺南市東區段號勝利路光復校區側門前,1,晴,40,交岔路,交叉路口,行車管制號誌,車與車,未依規定讓車
11002AC1O1B0574,20210203,120.23418,22.964667,交通事故,其他,臺南市東區段號崇善路858號前,1,晴,50,單路部分,路段,行車管制號誌,車與車,迴轉未依規定
11002AC1O1B0753,20210208,120.232921,22.977574,交通事故,其他,臺南市東區段號文化路與文化二街口,3,晴,50,單路部分,路段,無號誌,車與車,未依規定讓車
11002AC1O1B0811,20210208,120.23189,22.973346,交通事故,其他,臺南市東區段號仁和路79號前,1,晴,50,交岔路,交叉路口,無號誌,車與車,未依規定讓車
11002AC1O1B0931,20210209,120.222918,22.987145,交通事故,其他,臺南市東區段號林森路二段與衛國街口,1,晴,40,交岔路,交叉路口,行車管制號誌,車與車,未注意車前狀態
11002AC1O1B0936,20210210,120.232863,22.963078,交通事故,其他,臺南市東區段號崇善十六街109號前,1,晴,30,交岔路,交叉路口,無號誌,車與車,未依規定讓車
11002AC1O1B0940,20210210,120.239945,22.998442,交通事故,其他,臺南市東區段號小東路與裕永街口,1,晴,50,交岔路,交叉路口,行車管制號誌,車與車,未注意車前狀態
11002AC1O1B2014,20210212,120.234138,22.992655,交通事故,其他,臺南市東區段號中華東路一段與平實路口,2,晴,60,交岔路,交叉路口,行車管制號誌(附設行人專用號誌),車與車,未依規定讓車
11002AC1O1B2032,20210212,120.23913,22.998394,交通事故,其他,臺南市東區段號小東路600號前,1,晴,50,單路部分,路段,無號誌,汽(機)車本身,未保持行車安全距離
11002AC1O1B2047,20210218,120.221574,22.992763,交通事故,其他,臺南市東區段號長榮路三段22號前,2,晴,50,交岔路,交叉路口,行車管制號誌,車與車,左轉彎未依規定
11002AC1O1B2247,20210223,120.225559,22.99079,交通事故,其他,臺南市東區段號東寧路203號前,1,晴,50,交岔路,交叉路口,行車管制號誌,車與車,未依規定讓車
11002AC1O1B3121,20210228,120.232441,22.966754,交通事故,其他,臺南市東區段號崇善路839號前,2,晴,50,單路部分,路段,行車管制號誌,汽(機)車本身,未注意車前狀態
11002AC1R1B0302,20210204,120.22359,22.991373,交通事故,交叉路口,臺南市東區東寧路段號林森路2,1,晴,50,交岔路,交叉路口,行車管制號誌(附設行人專用號誌),車與車,違反號誌管制或指揮
11002AC1R1B0523,20210201,120.218956,22.996165,交通事故,其他,臺南市東區段號大學路成大會館前,2,晴,30,單路部分,路段,無號誌,車與車,左轉彎未依規定
11002AC1R1B0658,20210202,120.235634,22.985675,交通事故,一般地址,臺南市東區富農街2段21之1號2,4,晴,30,單路部分,路段,無號誌,車與車,違反特定標誌(線)禁制
11002AC1R1B1427,20210206,120.218884,22.986585,交通事故,交叉路口,臺南市東區東門路段號長榮路,1,晴,50,交岔路,交叉路口,行車管制號誌,車與車,左轉彎未依規定
11002AC1R1B1432,20210207,120.236631,22.976128,交通事故,交叉路口,臺南市東區東門路3段號東門路3273,1,晴,40,交岔路,交叉路口,無號誌,車與車,右轉彎未依規定
11002AC1R1B1446,20210208,120.234274,22.977443,交通事故,交叉路口,臺南市東區東門路3段號富農街,1,晴,60,交岔路,交叉路口,行車管制號誌,車與車,左轉彎未依規定
11002AC1R1B1485,20210209,120.215967,22.967384,交通事故,交叉路口,臺南市東區大同路1段號國民路,3,晴,40,交岔路,交叉路口,行車管制號誌,車與車,未注意車前狀態
11002AC1R1B2362,20210203,120.218017,22.994072,交通事故,一般地址,臺南市東區勝利路段103號,2,晴,50,單路部分,路段,無號誌,人與汽(機)車,未依規定行走行人穿越道、地下道、天橋而穿越道路
11002AC1R1B2412,20210211,120.233338,22.974135,交通事故,其他,臺南市東區段號文化二街與仁和路73之50號前巷子,2,晴,30,交岔路,交叉路口,無號誌,車與車,左轉彎未依規定
11002AC1R1B2419,20210218,120.217614,22.989451,交通事故,交叉路口,臺南市東區勝利路段號懷恩街,1,晴,40,交岔路,交叉路口,行車管制號誌,車與車,左轉彎未依規定
11002AC1R1B2963,20210202,120.233292,22.988451,交通事故,其他,臺南市東區段號後甲圓環,1,晴,40,圓環廣場,其他,行車管制號誌,車與車,未注意車前狀態
11002AC1R1B2964,20210225,120.23455,22.998297,交通事故,交叉路口,臺南市東區中華東路段號小東路,1,晴,40,交岔路,交叉路口,行車管制號誌,車與車,未保持行車安全距離
11002AC1R1B3042,20210224,120.236479,22.98238,交通事故,交叉路口,臺南市東區裕學路段185號富農街1188,1,晴,30,交岔路,交叉路口,無號誌,車與車,右轉彎未依規定
11002AC1R1B3181,20210207,120.218288,22.98672,交通事故,一般地址,臺南市東區東門路1段358號3,1,晴,40,單路部分,路段,無號誌,車與車,未注意車前狀態
11002AC1R1B3385,20210208,120.218536,22.975355,交通事故,一般地址,臺南市東區榮譽街段121之1號2,2,晴,30,單路部分,路段,無號誌,車與車,未注意車前狀態
11002AC1R1B3399,20210223,120.227509,22.967345,交通事故,一般地址,臺南市東區崇德路段761號1,1,晴,40,單路部分,路段,無號誌,車與車,其他引起事故之違規或不當行為
11002AC1R1B3503,20210209,120.21585,22.991186,交通事故,一般地址,臺南市東區青年路段382號1,1,晴,40,單路部分,交流道,無號誌,車與車,未保持行車安全間隔
11002AC1R1B3504,20210206,120.221172,22.985825,交通事故,一般地址,臺南市東區東門路2段89號6,1,晴,40,單路部分,路段,無號誌,車與車,未注意車前狀態
11002AC291B0111,20210202,120.211405,22.988478,交通事故,交叉路口,臺南市中西區東門圓環段號大同路,1,晴,50,交岔路,交叉路口,行車管制號誌,車與車,違反號誌管制或指揮
11002AC291B0133,20210201,120.188411,22.99896,交通事故,一般地址,臺南市中西區民權路3段422號,3,晴,50,單路部分,路段,無號誌,人與汽(機)車,未注意車前狀態
11002AC291B0159,20210203,120.19431,22.987711,交通事故,一般地址,臺南市中西區永華路1段98號,1,晴,50,交岔路,路段,無號誌,車與車,未保持行車安全距離
11002AC291B0181,20210203,120.201729,22.999395,交通事故,其他,臺南市中西區段號成功路279號,1,晴,50,單路部分,路段,無號誌,車與車,起步未注意其他車(人)安全
11002AC291B0190,20210203,120.193653,23.005092,交通事故,一般地址,臺南市中西區文賢路段241號,1,晴,50,單路部分,路段,無號誌,車與車,其他引起事故之違規或不當行為
11002AC291B0197,20210203,120.20224,22.989534,交通事故,交叉路口,臺南市中西區忠義路段號府前路,2,晴,50,單路部分,路段,無號誌,車與車,起步未注意其他車(人)安全
11002AC291B0204,20210203,120.186585,22.994783,交通事故,其他,臺南市中西區段號中華西路2段168號,1,晴,60,單路部分,路段,無號誌,汽(機)車本身,其他引起事故之違規或不當行為
11002AC291B0237,20210204,120.200076,22.981583,交通事故,交叉路口,臺南市中西區健康路段號永福路,1,晴,50,單路部分,路段,無號誌,車與車,未依規定讓車
11002AC291B0242,20210203,120.203447,22.986023,交通事故,交叉路口,臺南市中西區樹林街2段號樹林街2328,2,晴,50,交岔路,交叉路口,無號誌,車與車,未依規定讓車
11002AC291B0244,20210204,120.195098,23.002086,交通事故,交叉路口,臺南市中西區臨安路段號成功路,2,晴,50,交岔路,交叉路口,行車管制號誌,車與車,未保持行車安全距離
11002AC291B0249,20210204,120.201851,22.987199,交通事故,交叉路口,臺南市中西區忠義路1段號忠義路184,2,晴,50,交岔路,交叉路口,無號誌,人與汽(機)車,未注意車前狀態
11002AC291B0251,20210204,120.20969,22.981296,交通事故,交叉路口,臺南市中西區健康路1段號府連路,1,晴,50,交岔路,交叉路口,行車管制號誌,車與車,尚未發現肇事因素
11002AC291B0260,20210204,120.200569,22.995859,交通事故,交叉路口,臺南市中西區民權路段號新美街,1,晴,50,交岔路,交叉路口,無號誌,車與車,未注意車前狀態
11002AC291B0285,20210204,120.210528,22.992122,交通事故,交叉路口,臺南市中西區萬昌街段號興華街,1,晴,50,交岔路,交叉路口,閃光號誌,車與車,未依規定讓車
11002AC291B0289,20210204,120.203677,22.989205,交通事故,其他,臺南市中西區段號府前路一段225號,1,晴,50,單路部分,路段,無號誌,車與車,未保持行車安全距離
11002AC291B0296,20210204,120.198182,22.983839,交通事故,交叉路口,臺南市中西區府緯街段號府緯街72,1,晴,50,交岔路,交叉路口,無號誌,車與車,未注意車前狀態
11002AC291B0301,20210203,120.210664,22.99286,交通事故,交叉路口,臺南市中西區萬昌街段號衛民街,3,晴,50,交岔路,交叉路口,閃光號誌,車與車,未依規定讓車
11002AC291B0322,20210202,120.208992,22.989114,交通事故,一般地址,臺南市中西區府前路1段86號,2,晴,50,單路部分,路段,無號誌,車與車,起步未注意其他車(人)安全
11002AC291B0351,20210205,120.198074,22.990795,交通事故,一般地址,臺南市中西區西門路2段16號,2,晴,40,單路部分,路段,無號誌,車與車,未注意車前狀態
11002AC291B0390,20210204,120.208219,22.993291,交通事故,一般地址,臺南市中西區衛民街段120號,3,晴,50,交岔路,交叉路口,無號誌,車與車,未注意車前狀態
11002AC291B0399,20210205,120.211522,22.990623,交通事故,一般地址,臺南市中西區北門路1段65號,1,晴,50,單路部分,路段,無號誌,車與車,違反特定標誌(線)禁制
11002AC291B0405,20210205,120.203304,22.994225,交通事故,其他,臺南市中西區段號忠義路2段88號對面,1,晴,50,單路部分,路段,無號誌,車與車,起步未注意其他車(人)安全
11002AC291B0450,20210206,120.202848,22.992638,交通事故,一般地址,臺南市中西區忠義路2段83號,1,晴,50,單路部分,路段,無號誌,車與車,未保持行車安全距離
11002AC291B0498,20210206,120.188871,22.988818,交通事故,交叉路口,臺南市中西區永華路段號永華一街,1,晴,50,交岔路,交叉路口,行車管制號誌,汽(機)車本身,未注意車前狀態
11002AC291B0505,20210204,120.191719,22.991714,交通事故,交叉路口,臺南市中西區府前路段號環河街,2,晴,50,交岔路,交叉路口,行車管制號誌(附設行人專用號誌),車與車,其他引起事故之違規或不當行為
11002AC291B0553,20210206,120.194853,22.988454,交通事故,一般地址,臺南市中西區海安路一段段27號,1,晴,50,單路部分,路段,無號誌,車與車,未保持行車安全間隔
11002AC291B0557,20210206,120.209021,22.994875,交通事故,其他,臺南市中西區段號中山路112號前,1,晴,40,單路部分,路段,無號誌,車與車,未保持行車安全距離
11002AC291B0560,20210206,120.190458,23.00155,交通事故,交叉路口,臺南市中西區西和路段號和善街,1,晴,50,交岔路,交叉路口,行車管制號誌,車與車,違反號誌管制或指揮
11002AC291B0561,20210206,120.211881,22.995509,交通事故,一般地址,臺南市中西區北門路1段149號,2,晴,50,交岔路,交叉路口,無號誌,車與車,起步未注意其他車(人)安全
11002AC291B0566,20210206,120.188663,22.997747,交通事故,一般地址,臺南市中西區民生路2段386號,1,晴,50,單路部分,路段,無號誌,車與車,右轉彎未依規定
11002AC291B0634,20210201,120.193676,23.004331,交通事故,交叉路口,臺南市中西區文賢路段號文和街,1,晴,50,交岔路,交叉路口,行車管制號誌,車與車,未依規定讓車
11002AC291B0638,20210205,120.202813,22.999053,交通事故,交叉路口,臺南市中西區成功路段號赤崁街,1,晴,50,交岔路,交叉路口,行車管制號誌,車與車,未保持行車安全間隔
11002AC291B0641,20210206,120.197791,22.995771,交通事故,交叉路口,臺南市中西區仁愛街段號忠明街,3,晴,30,交岔路,交叉路口,無號誌,車與車,未依規定讓車
11002AC291B0652,20210206,120.201728,22.981443,交通事故,交叉路口,臺南市中西區健康路段號忠義路,2,晴,50,交岔路,交叉路口,行車管制號誌,車與車,未注意車前狀態
11002AC291B0669,20210209,120.19171,22.991707,交通事故,交叉路口,臺南市中西區府前路段號環河街,1,晴,50,交岔路,交叉路口,行車管制號誌,車與車,其他引起事故之違規或不當行為