案件編號,發生日期,GPS經度,GPS緯度,案件類別名稱,地址類型名稱,發生縣市名稱,受傷人數,天候名稱, 速限-第1當事者,道路型態大類別名稱,事故位置大類別名稱,號誌-號誌種類名稱,事故類型及型態大類別名稱,肇因研判子類別名稱-主要
11002AC291B0696,20210209,120.205494,22.981373,交通事故,交叉路口,臺南市中西區健康路段號慶中街,1,晴,50,交岔路,交叉路口,行車管制號誌,車與車,未依規定讓車
11002AC291B0708,20210209,120.209043,22.98719,交通事故,交叉路口,臺南市中西區開山路段號大埔街,1,晴,50,交岔路,交叉路口,行車管制號誌,車與車,未依規定讓車
11002AC291B0723,20210209,120.202028,22.997068,交通事故,交叉路口,臺南市中西區民族路段號赤崁街,1,晴,50,交岔路,交叉路口,行車管制號誌,車與車,未依規定讓車
11002AC291B0726,20210209,120.198512,22.99797,交通事故,一般地址,臺南市中西區民族路3段48號,2,晴,50,交岔路,交叉路口,閃光號誌,車與車,左轉彎未依規定
11002AC291B0728,20210209,120.186837,22.999309,交通事故,其他,臺南市中西區段號中華西路2段392號,1,晴,60,單路部分,路段,無號誌,車與車,起步未注意其他車(人)安全
11002AC291B0731,20210201,120.19455,22.997744,交通事故,交叉路口,臺南市中西區金華路段號民權路,2,晴,50,交岔路,交叉路口,無號誌,車與車,起步未注意其他車(人)安全
11002AC291B0734,20210209,120.18704,22.998923,交通事故,交叉路口,臺南市中西區中華西路段號民權路,1,晴,50,單路部分,路段,行車管制號誌,車與車,未注意車前狀態
11002AC291B0743,20210209,120.189206,22.997433,交通事故,交叉路口,臺南市中西區臨安路段號民生路,2,晴,50,交岔路,交叉路口,行車管制號誌(附設行人專用號誌),車與車,未注意車前狀態
11002AC291B0771,20210210,120.195969,22.993207,交通事故,交叉路口,臺南市中西區中正路段號海安路二段,1,晴,50,交岔路,交叉路口,行車管制號誌(附設行人專用號誌),車與車,迴轉未依規定
11002AC291B0782,20210210,120.204595,22.987956,交通事故,其他,臺南市中西區段號南門路101號旁巷口,1,晴,50,交岔路,交叉路口,無號誌,車與車,未注意車前狀態
11002AC291B0785,20210209,120.208685,22.981299,交通事故,交叉路口,臺南市中西區健康路段號法華街,1,晴,50,交岔路,交叉路口,行車管制號誌,車與車,未保持行車安全距離
11002AC291B0790,20210210,120.195089,22.99066,交通事故,其他,臺南市中西區段號保安路100巷12號,1,晴,40,單路部分,路段,無號誌,汽(機)車本身,尚未發現肇事因素
11002AC291B0807,20210210,120.186557,22.997939,交通事故,交叉路口,臺南市中西區中華西路段號民生路,1,晴,50,交岔路,交叉路口,行車管制號誌,車與車,未依規定讓車
11002AC291B0814,20210210,120.202083,22.995808,交通事故,交叉路口,臺南市中西區民生路1段號永福路2,1,晴,50,交岔路,交叉路口,行車管制號誌(附設行人專用號誌),車與車,未注意車前狀態
11002AC291B0816,20210210,120.211901,22.996044,交通事故,一般地址,臺南市中西區北門路1段171號,2,晴,50,單路部分,路段,無號誌,車與車,未保持行車安全距離
11002AC291B0831,20210210,120.204559,22.992521,交通事故,其他,臺南市中西區段號民生綠園與中正路口,1,晴,50,交岔路,交叉路口,行車管制號誌,車與車,違反號誌管制或指揮
11002AC291B0837,20210210,120.20915,22.990394,交通事故,其他,臺南市中西區段號民權路一段99號,2,晴,50,交岔路,交叉路口,無號誌,車與車,未依規定讓車
11002AC291B0838,20210204,120.20995,22.994428,交通事故,交叉路口,臺南市中西區民族路段號北門路1123,1,晴,50,交岔路,路段,無號誌,車與車,起步未注意其他車(人)安全
11002AC291B0848,20210201,120.186905,22.992656,交通事故,交叉路口,臺南市中西區中華西路段號府前路,1,晴,50,交岔路,交叉路口,行車管制號誌,車與車,違反特定標誌(線)禁制
11002AC291B0850,20210201,120.199818,22.997073,交通事故,交叉路口,臺南市中西區西門路段號民族路,1,晴,50,交岔路,交叉路口,行車管制號誌(附設行人專用號誌),車與車,未依規定讓車
11002AC291B0853,20210201,120.193214,22.995355,交通事故,交叉路口,臺南市中西區河中街段號河中街37,2,晴,30,交岔路,交叉路口,無號誌,人與汽(機)車,未注意車前狀態
11002AC291B0854,20210201,120.187023,22.9891,交通事故,交叉路口,臺南市中西區中華西路段號永華路,2,晴,60,交岔路,交叉路口,行車管制號誌(附設行人專用號誌),車與車,右轉彎未依規定
11002AC291B0856,20210202,120.210528,22.992122,交通事故,交叉路口,臺南市中西區興華街段號萬昌街,2,晴,30,交岔路,交叉路口,閃光號誌,車與車,未依規定讓車
11002AC291B0859,20210202,120.194877,22.988659,交通事故,交叉路口,臺南市中西區海安路段號建安街,2,晴,50,交岔路,交叉路口,無號誌,車與車,未保持行車安全間隔
11002AC291B0865,20210202,120.20454,22.992763,交通事故,其他,臺南市中西區段號民生路、民生綠園,1,晴,50,交岔路,交叉路口,行車管制號誌,車與車,右轉彎未依規定
11002AC291B0867,20210202,120.193641,23.004441,交通事故,其他,臺南市中西區段號文賢路中油加油站出口處,1,晴,50,交岔路,交叉路口,行車管制號誌,車與車,未注意車前狀態
11002AC291B0868,20210207,120.210528,22.992122,交通事故,交叉路口,臺南市中西區興華街段號萬昌街,1,晴,30,交岔路,交叉路口,閃光號誌,車與車,未依規定讓車
11002AC291B0870,20210207,120.197997,22.996273,交通事故,交叉路口,臺南市中西區和平街段號仁愛街,1,晴,30,交岔路,交叉路口,無號誌,車與車,未依規定讓車
11002AC291B0873,20210205,120.196117,22.997766,交通事故,交叉路口,臺南市中西區康樂街段號神農街,1,晴,50,交岔路,交叉路口,無號誌,汽(機)車本身,未注意車前狀態
11002AC291B0877,20210211,120.211167,22.984865,交通事故,交叉路口,臺南市中西區大同路段號開山路,2,晴,50,交岔路,交叉路口,行車管制號誌(附設行人專用號誌),車與車,未注意車前狀態
11002AC291B0891,20210204,120.20852,22.994822,交通事故,交叉路口,臺南市中西區中山路段號民族路,2,晴,50,交岔路,交叉路口,行車管制號誌(附設行人專用號誌),車與車,未注意車前狀態
11002AC291B0898,20210206,120.200171,22.986036,交通事故,一般地址,臺南市中西區永福路1段28號,1,晴,50,單路部分,路段,無號誌,車與車,其他引起事故之違規或不當行為
11002AC291B0901,20210206,120.196764,22.990217,交通事故,交叉路口,臺南市中西區保安路段號國華街,1,晴,50,交岔路,交叉路口,行車管制號誌,車與車,違反號誌管制或指揮
11002AC291B0928,20210211,120.184772,23.003471,交通事故,一般地址,臺南市中西區西湖街段61號,2,陰,40,單路部分,路段,無號誌,車與車,未保持行車安全間隔
11002AC291B0933,20210211,120.190719,22.999277,交通事故,交叉路口,臺南市中西區臨安路1段號和真街,1,陰,50,交岔路,交叉路口,行車管制號誌,車與車,未依規定讓車
11002AC291B0979,20210212,120.194985,22.994841,交通事故,交叉路口,臺南市中西區正興街段號康樂街,2,晴,40,交岔路,交叉路口,閃光號誌,車與車,未依規定讓車
11002AC291B1008,20210212,120.197345,22.99267,交通事故,一般地址,臺南市中西區國華街2段206號,1,陰,30,交岔路,交叉路口,無號誌,人與汽(機)車,未注意車前狀態
11002AC291B1012,20210204,120.205645,22.995099,交通事故,一般地址,臺南市中西區公園路段58號,1,晴,50,單路部分,路段,無號誌,車與車,變換車道或方向不當
11002AC291B1018,20210212,120.195651,23.001511,交通事故,其他,臺南市中西區段號成功路479號,1,晴,50,交岔路,交叉路口,無號誌,車與車,未依規定讓車
11002AC291B1024,20210206,120.196258,22.998766,交通事故,一般地址,臺南市中西區民族路3段138號,1,晴,50,單路部分,路段,無號誌,人與汽(機)車,違反特定標誌(線)禁制
11002AC291B1026,20210210,120.204622,22.988976,交通事故,交叉路口,臺南市中西區南門路段號府前路,1,晴,50,交岔路,交叉路口,行車管制號誌(附設行人專用號誌),汽(機)車本身,尚未發現肇事因素
11002AC291B1038,20210213,120.186694,22.999033,交通事故,交叉路口,臺南市中西區中華西路2段號民權路4,1,陰,60,交岔路,交叉路口,行車管制號誌(附設行人專用號誌),車與車,其他引起事故之違規或不當行為
11002AC291B1039,20210210,120.205503,22.992427,交通事故,交叉路口,臺南市中西區民生綠園圓環段號青年路,3,晴,50,交岔路,交叉路口,行車管制號誌(附設行人專用號誌),車與車,未依規定讓車
11002AC291B1041,20210208,120.209699,22.991663,交通事故,一般地址,臺南市中西區青年路段158號,1,晴,50,單路部分,路段,無號誌,車與車,未注意車前狀態
11002AC291B1069,20210213,120.200281,22.98957,交通事故,交叉路口,臺南市中西區永福路1段號永福路1275,1,晴,50,交岔路,交叉路口,無號誌,車與車,未注意車前狀態
11002AC291B1086,20210206,120.208284,22.991258,交通事故,交叉路口,臺南市中西區民權路段號府中街,1,晴,50,交岔路,交叉路口,無號誌,車與車,起步未注意其他車(人)安全
11002AC291B1088,20210211,120.200351,22.989942,交通事故,交叉路口,臺南市中西區永福路段號府前路,2,晴,50,交岔路,交叉路口,行車管制號誌,車與車,未依規定讓車
11002AC291B1090,20210211,120.186868,23.003404,交通事故,交叉路口,臺南市中西區中華西路段號西湖街,1,晴,60,交岔路,交叉路口,閃光號誌,車與車,未依規定讓車
11002AC291B1095,20210213,120.203478,22.994892,交通事故,交叉路口,臺南市中西區民權路2段號忠義路2,1,晴,50,交岔路,交叉路口,行車管制號誌,車與車,起步未注意其他車(人)安全
11002AC291B1097,20210213,120.194998,22.991057,交通事故,一般地址,臺南市中西區府前路二段段93號,1,晴,50,單路部分,路段,無號誌,車與車,違反特定標誌(線)禁制
11002AC291B1104,20210213,120.20224,22.989534,交通事故,交叉路口,臺南市中西區府前路段號忠義路,2,晴,50,交岔路,交叉路口,行車管制號誌,車與車,違反號誌管制或指揮
11002AC291B1120,20210214,120.206208,22.996668,交通事故,一般地址,臺南市中西區公園路段119號,1,晴,50,交岔路,交叉路口,行車管制號誌,汽(機)車本身,疲勞(患病)駕駛失控
11002AC291B1142,20210214,120.19075,22.999252,交通事故,交叉路口,臺南市中西區臨安路1段號和真街,1,晴,50,交岔路,交叉路口,行車管制號誌,車與車,違反號誌管制或指揮
11002AC291B1163,20210214,120.187107,23.00214,交通事故,交叉路口,臺南市中西區中華西路2段號中華西路2550,1,晴,60,交岔路,交叉路口,行車管制號誌,車與車,未依規定讓車
11002AC291B1191,20210211,120.192573,23.00142,交通事故,交叉路口,臺南市中西區協和街段號和美街,2,晴,30,交岔路,交叉路口,無號誌,車與車,未依規定讓車
11002AC291B1201,20210210,120.197644,22.985059,交通事故,交叉路口,臺南市中西區西門路段號南寧街,1,晴,50,交岔路,交叉路口,行車管制號誌,車與車,未依規定讓車
11002AC291B1204,20210210,120.189154,22.997435,交通事故,交叉路口,臺南市中西區民生路段號臨安路,2,陰,50,交岔路,交叉路口,行車管制號誌(附設行人專用號誌),車與車,未注意車前狀態
11002AC291B1234,20210215,120.19779,22.995768,交通事故,交叉路口,臺南市中西區仁愛街段號忠明街,1,晴,50,交岔路,交叉路口,無號誌,車與車,未依規定讓車
11002AC291B1249,20210215,120.205532,22.982097,交通事故,一般地址,臺南市中西區慶中街段6號,1,晴,50,單路部分,路段,無號誌,車與車,未注意車前狀態
11002AC291B1262,20210215,120.20224,22.989534,交通事故,交叉路口,臺南市中西區府前路段號忠義路,1,晴,50,交岔路,交叉路口,行車管制號誌,車與車,未保持行車安全間隔
11002AC291B1265,20210215,120.186616,23.00527,交通事故,一般地址,臺南市中西區中華西路2段640號,1,晴,50,單路部分,路段,無號誌,車與車,未依規定讓車
11002AC291B1274,20210215,120.209282,22.991893,交通事故,交叉路口,臺南市中西區青年路段號青年路137,3,晴,50,交岔路,交叉路口,行車管制號誌,車與車,未依規定讓車
11002AC291B1276,20210215,120.196651,22.995229,交通事故,交叉路口,臺南市中西區海安路段號民生路,1,晴,50,交岔路,交叉路口,行車管制號誌(附設行人專用號誌),車與車,違反號誌管制或指揮
11002AC291B1284,20210201,120.19817,22.992393,交通事故,一般地址,臺南市中西區西門路2段109號,1,晴,40,單路部分,路段,無號誌,車與車,未保持行車安全距離
11002AC291B1285,20210202,120.187664,22.999043,交通事故,交叉路口,臺南市中西區民權路段號西和路,1,晴,50,交岔路,交叉路口,行車管制號誌(附設行人專用號誌),車與車,起步未注意其他車(人)安全
11002AC291B1307,20210216,120.194498,22.997749,交通事故,交叉路口,臺南市中西區金華路段號民權路,1,晴,50,單路部分,路段,行車管制號誌,車與車,變換車道或方向不當
11002AC291B1316,20210216,120.193851,22.987822,交通事故,交叉路口,臺南市中西區永華路一段段號郡西路,1,晴,50,交岔路,交叉路口,行車管制號誌,車與車,未注意車前狀態
11002AC291B1317,20210216,120.186804,22.998964,交通事故,交叉路口,臺南市中西區中華西路2段號民權路4,1,晴,60,交岔路,交叉路口,行車管制號誌(附設行人專用號誌),車與車,未注意車前狀態
11002AC291B1320,20210216,120.201501,22.998218,交通事故,交叉路口,臺南市中西區新美街段號郡緯街,1,晴,30,交岔路,交叉路口,閃光號誌,車與車,未依規定讓車
11002AC291B1332,20210216,120.195595,22.990928,交通事故,交叉路口,臺南市中西區府前路段號海安路,1,晴,50,交岔路,交叉路口,行車管制號誌,車與車,未注意車前狀態
11002AC291B1337,20210216,120.209773,22.995563,交通事故,交叉路口,臺南市中西區中山路段號西華南街,2,晴,50,交岔路,交叉路口,行車管制號誌(附設行人專用號誌),車與車,左轉彎未依規定
11002AC291B1353,20210216,120.19868,22.992759,交通事故,交叉路口,臺南市中西區西門路段號中正路,1,晴,50,交岔路,交叉路口,行車管制號誌,車與車,迴轉未依規定
11002AC291B1356,20210216,120.195646,23.00157,交通事故,交叉路口,臺南市中西區成功路段號信義街108,1,晴,50,交岔路,交叉路口,無號誌,車與車,未保持行車安全距離
11002AC291B1357,20210207,120.197855,22.990405,交通事故,交叉路口,臺南市中西區西門路段號府前路,1,晴,50,交岔路,交叉路口,行車管制號誌(附設行人專用號誌),車與車,未保持行車安全距離
11002AC291B1361,20210216,120.195606,22.990946,交通事故,交叉路口,臺南市中西區海安路段號府前路,1,晴,40,單路部分,路段,行車管制號誌,車與車,未注意車前狀態
11002AC291B1368,20210208,120.204076,22.984697,交通事故,交叉路口,臺南市中西區南門路段號南寧街,2,晴,50,交岔路,交叉路口,行車管制號誌(附設行人專用號誌),車與車,左轉彎未依規定
11002AC291B1369,20210213,120.192304,22.994232,交通事故,交叉路口,臺南市中西區中正路段號環河街,1,晴,30,交岔路,交叉路口,無號誌,車與車,未依規定讓車
11002AC291B1370,20210207,120.187072,23.002617,交通事故,交叉路口,臺南市中西區中華西路段580號中華西路,2,晴,40,交岔路,交叉路口,無號誌,車與車,變換車道或方向不當
11002AC291B1372,20210208,120.200266,22.988843,交通事故,交叉路口,臺南市中西區永福路段號永福路1108,1,晴,30,交岔路,交叉路口,無號誌,車與車,未注意車前狀態
11002AC291B1375,20210207,120.201332,22.999692,交通事故,交叉路口,臺南市中西區西門路二段段號成功路,1,晴,50,交岔路,交叉路口,行車管制號誌,車與車,未依規定讓車
11002AC291B1376,20210216,120.202255,22.989544,交通事故,交叉路口,臺南市中西區府前路1段號忠義路2,1,晴,50,交岔路,交叉路口,行車管制號誌(附設行人專用號誌),車與車,未依規定讓車
11002AC291B1418,20210217,120.196444,22.995246,交通事故,交叉路口,臺南市中西區民生路2段號海安路2,1,晴,50,交岔路,交叉路口,行車管制號誌,車與車,左轉彎未依規定
11002AC291B1422,20210217,120.186935,23.002496,交通事故,一般地址,臺南市中西區中華西路2段685號,2,晴,50,交岔路,交叉路口,行車管制號誌,車與車,其他引起事故之違規或不當行為
11002AC291B1436,20210206,120.18975,23.006693,交通事故,交叉路口,臺南市中西區武聖路段69號武聖路6985,1,晴,40,交岔路,交叉路口,無號誌,車與車,未依規定讓車
11002AC291B1470,20210210,120.197858,22.990398,交通事故,交叉路口,臺南市中西區西門路段號府前路,1,晴,50,交岔路,交叉路口,行車管制號誌,車與車,逆向行駛
11002AC291B1474,20210217,120.206261,22.993113,交通事故,其他,臺南市中西區段號中山路26號,1,晴,50,單路部分,路段,無號誌,車與車,未注意車前狀態
11002AC291B1494,20210217,120.205055,22.99698,交通事故,交叉路口,臺南市中西區慈音街段號中成路,1,晴,50,交岔路,交叉路口,閃光號誌,車與車,未依規定讓車
11002AC291B1547,20210218,120.186968,22.994188,交通事故,一般地址,臺南市中西區中華西路2段76號,2,晴,50,單路部分,路段,無號誌,車與車,右轉彎未依規定
11002AC291B1557,20210201,120.186739,23.004223,交通事故,交叉路口,臺南市中西區中華西路二段段號光賢街,2,晴,60,交岔路,交叉路口,行車管制號誌,車與車,未注意車前狀態
11002AC291B1561,20210215,120.209549,22.994493,交通事故,交叉路口,臺南市中西區民族路段號西華南街,1,晴,50,交岔路,交叉路口,行車管制號誌(附設行人專用號誌),車與車,未注意車前狀態
11002AC291B1570,20210210,120.196802,22.996146,交通事故,交叉路口,臺南市中西區海安路段號忠明街,2,晴,40,交岔路,交叉路口,行車管制號誌,車與車,其他引起事故之違規或不當行為
11002AC291B1571,20210218,120.175815,23.000276,交通事故,交叉路口,臺南市中西區華平路段號西賢二街99,1,晴,50,交岔路,交叉路口,無號誌,車與車,未注意車前狀態
11002AC291B1580,20210215,120.195124,22.988637,交通事故,交叉路口,臺南市中西區海安路段號建安街,1,晴,40,交岔路,交叉路口,行車管制號誌(附設行人專用號誌),汽(機)車本身,未注意車前狀態
11002AC291B1587,20210207,120.2116,22.996766,交通事故,其他,臺南市中西區段號火車站圓環、中山路,1,晴,50,交岔路,交叉路口,行車管制號誌,車與車,迴轉未依規定
11002AC291B1650,20210219,120.197635,22.986532,交通事故,一般地址,臺南市中西區西門路1段658號,1,晴,50,單路部分,路段,無號誌,車與車,變換車道或方向不當
11002AC291B1662,20210219,120.209311,22.986918,交通事故,交叉路口,臺南市中西區開山路段號大埔街,2,晴,50,交岔路,交叉路口,行車管制號誌,車與車,未保持行車安全距離
11002AC291B1686,20210219,120.197774,22.989984,交通事故,一般地址,臺南市中西區西門路1段716-1號,1,晴,50,單路部分,其他,無號誌,車與車,變換車道或方向不當
11002AC291B1698,20210202,120.211167,22.984865,交通事故,交叉路口,臺南市中西區開山路段號府連路,1,晴,50,交岔路,交叉路口,行車管制號誌,車與車,其他引起事故之違規或不當行為
11002AC291B1699,20210219,120.203883,22.983179,交通事故,交叉路口,臺南市中西區南門路段號南門路237,1,晴,50,交岔路,交叉路口,無號誌,車與車,未依規定讓車
11002AC291B1709,20210209,120.201758,22.984301,交通事故,其他,臺南市中西區段號忠義路1段中山國中焚化爐出入口,1,晴,50,單路部分,路段,無號誌,車與車,迴轉未依規定
11002AC291B1718,20210209,120.200168,22.986288,交通事故,交叉路口,臺南市中西區永福路段號樹林街,1,晴,50,交岔路,交叉路口,行車管制號誌,車與車,未依規定讓車
11002AC291B1731,20210208,120.194603,23.001803,交通事故,交叉路口,臺南市中西區臨安路段號文賢路,2,晴,50,交岔路,交叉路口,行車管制號誌,車與車,逆向行駛
11002AC291B1738,20210208,120.197682,22.983301,交通事故,一般地址,臺南市中西區西門路一段段472號,1,晴,50,單路部分,路段,無號誌,車與車,起步未注意其他車(人)安全
11002AC291B1769,20210207,120.204719,22.997903,交通事故,其他,臺南市中西區段號忠義路2段Times停車場出入口,1,晴,50,單路部分,路段,無號誌,車與車,違反特定標誌(線)禁制
11002AC291B1773,20210220,120.197601,22.998076,交通事故,交叉路口,臺南市中西區海安路2段號民族路3,1,晴,50,交岔路,交叉路口,行車管制號誌(附設行人專用號誌),車與車,未保持行車安全距離
11002AC291B1790,20210207,120.210727,22.993503,交通事故,一般地址,臺南市中西區萬昌街段133號,1,晴,50,單路部分,路段,無號誌,車與車,右轉彎未依規定
11002AC291B1864,20210219,120.202535,22.990802,交通事故,交叉路口,臺南市中西區忠義路2段號友愛街,2,晴,50,交岔路,交叉路口,行車管制號誌,車與車,右轉彎未依規定
11002AC291B1871,20210221,120.197489,22.987399,交通事故,交叉路口,臺南市中西區西門路段號永華路,2,晴,50,交岔路,交叉路口,行車管制號誌,車與車,未依規定讓車
11002AC291B1896,20210221,120.20849,22.9825,交通事故,一般地址,臺南市中西區五妃街段103號,3,晴,40,單路部分,路段,無號誌,車與車,起步未注意其他車(人)安全
11002AC291B1897,20210221,120.202198,22.989517,交通事故,交叉路口,臺南市中西區府前路一段段號忠義路1,1,晴,50,交岔路,交叉路口,行車管制號誌(附設行人專用號誌),車與車,右轉彎未依規定
11002AC291B1902,20210221,120.197848,22.998179,交通事故,交叉路口,臺南市中西區海安路二段段號民族路3,1,晴,50,交岔路,交叉路口,行車管制號誌(附設行人專用號誌),車與車,未注意車前狀態
11002AC291B1930,20210221,120.20502,22.992595,交通事故,其他,臺南市中西區段號湯德章圓環與青年路,1,晴,50,圓環廣場,其他,行車管制號誌(附設行人專用號誌),人與汽(機)車,未注意車前狀態
11002AC291B1935,20210210,120.197705,22.994266,交通事故,交叉路口,臺南市中西區國華街3段號正興街,2,晴,50,交岔路,交叉路口,無號誌,車與車,逆向行駛
11002AC291B1937,20210207,120.211003,22.984909,交通事故,其他,臺南市中西區段號開山路108號停車格前,1,晴,50,單路部分,路段,無號誌,車與車,開啟車門不當而肇事
11002AC291B1943,20210216,120.195776,22.991664,交通事故,交叉路口,臺南市中西區海安路一段段號尊王路,2,晴,50,交岔路,交叉路口,行車管制號誌(附設行人專用號誌),人與汽(機)車,搶越行人穿越道
11002AC291B1953,20210219,120.198317,22.99175,交通事故,交叉路口,臺南市中西區西門路二段段號友愛街,3,晴,50,交岔路,交叉路口,行車管制號誌,車與車,未保持行車安全距離
11002AC291B1967,20210208,120.200258,22.988367,交通事故,交叉路口,臺南市中西區永福路段號和意路,2,晴,50,交岔路,交叉路口,行車管制號誌,車與車,違反號誌管制或指揮
11002AC291B1990,20210222,120.202278,22.982043,交通事故,交叉路口,臺南市中西區健康路1段328號南門路68,3,晴,30,交岔路,交叉路口,無號誌,車與車,未依規定讓車
11002AC291B1996,20210218,120.197486,22.997204,交通事故,交叉路口,臺南市中西區海安路段號神農街,1,晴,40,交岔路,交叉路口,行車管制號誌,汽(機)車本身,未注意車前狀態
11002AC291B2000,20210222,120.195585,22.999187,交通事故,其他,臺南市中西區段號民族路3段166號,1,晴,50,單路部分,路段,無號誌,汽(機)車本身,不明原因肇事
11002AC291B2006,20210222,120.202535,22.990802,交通事故,交叉路口,臺南市中西區忠義路段號友愛街,1,晴,50,交岔路,交叉路口,行車管制號誌,車與車,未注意車前狀態
11002AC291B2037,20210218,120.207151,22.988949,交通事故,一般地址,臺南市中西區府前路1段148號0,2,晴,50,交岔路,交叉路口,無號誌,車與車,未依規定讓車
11002AC291B2045,20210222,120.193887,23.003837,交通事故,交叉路口,臺南市中西區和緯路段號西賢街,1,晴,50,交岔路,交叉路口,行車管制號誌,汽(機)車本身,未注意車前狀態
11002AC291B2062,20210222,120.20157,22.981455,交通事故,交叉路口,臺南市中西區健康路段號忠義路,1,晴,50,單路部分,路段,無號誌,車與車,未注意車前狀態
11002AC291B2070,20210222,120.199641,22.994137,交通事故,一般地址,臺南市中西區民生路1段199號,1,晴,50,單路部分,路段,無號誌,車與車,未注意車前狀態
11002AC291B2077,20210219,120.187949,22.999703,交通事故,交叉路口,臺南市中西區西和路段號文祥街,1,晴,30,交岔路,交叉路口,無號誌,車與車,未依規定讓車
11002AC291B2084,20210219,120.194363,22.98968,交通事故,交叉路口,臺南市中西區大勇街段號郡西路,1,晴,50,交岔路,交叉路口,行車管制號誌,車與車,違反號誌管制或指揮
11002AC291B2089,20210202,120.193319,22.998239,交通事故,交叉路口,臺南市中西區民權路段號大福街,1,晴,50,交岔路,交叉路口,無號誌,車與車,未注意車前狀態
11002AC291B2093,20210207,120.187664,22.999043,交通事故,交叉路口,臺南市中西區民權路段號西和路,1,晴,50,交岔路,交叉路口,行車管制號誌(附設行人專用號誌),車與車,右轉彎未依規定
11002AC291B2098,20210219,120.194251,22.997048,交通事故,交叉路口,臺南市中西區和平街段118號金華路4,1,晴,50,交岔路,交叉路口,無號誌,車與車,起步未注意其他車(人)安全
11002AC291B2101,20210208,120.187023,22.9891,交通事故,交叉路口,臺南市中西區中華西路段號永華路,1,晴,50,交岔路,交叉路口,行車管制號誌(附設行人專用號誌),車與車,未注意車前狀態
11002AC291B2104,20210213,120.189279,22.998723,交通事故,一般地址,臺南市中西區民權路3段408號,1,晴,40,單路部分,路段,無號誌,車與車,未注意車前狀態
11002AC291B2105,20210220,120.197681,22.99017,交通事故,交叉路口,臺南市中西區西門路一段段號保安路,2,晴,50,交岔路,交叉路口,行車管制號誌,車與車,逆向行駛
11002AC291B2106,20210219,120.200255,22.986845,交通事故,一般地址,臺南市中西區永福路1段62號,1,晴,50,交岔路,交叉路口,無號誌,車與車,未注意車前狀態
11002AC291B2107,20210221,120.186661,22.999005,交通事故,交叉路口,臺南市中西區中華西路段號民權路,1,晴,60,交岔路,交叉路口,行車管制號誌,車與車,未保持行車安全距離
11002AC291B2108,20210219,120.206104,22.99825,交通事故,交叉路口,臺南市中西區成功路段號觀亭街,2,晴,50,交岔路,交叉路口,閃光號誌,車與車,左轉彎未依規定
11002AC291B2114,20210219,120.207658,22.988963,交通事故,交叉路口,臺南市中西區開山路段號府前路,2,晴,50,交岔路,交叉路口,行車管制號誌(附設行人專用號誌),車與車,未注意車前狀態
11002AC291B2118,20210220,120.19758,22.988496,交通事故,交叉路口,臺南市中西區西門路段號和意路,1,晴,50,單路部分,路段,無號誌,車與車,其他引起事故之違規或不當行為
11002AC291B2148,20210202,120.203778,22.981386,交通事故,交叉路口,臺南市中西區健康路段號南門路,1,晴,50,交岔路,交叉路口,行車管制號誌,車與車,未保持行車安全間隔
11002AC291B2150,20210221,120.199561,22.997609,交通事故,交叉路口,臺南市中西區西門圓環段號民族路3,1,晴,50,交岔路,交叉路口,行車管制號誌,車與車,違反號誌管制或指揮
11002AC291B2152,20210223,120.186792,23.000425,交通事故,交叉路口,臺南市中西區中華西路2段號中華西路2629,1,晴,50,交岔路,交叉路口,行車管制號誌,汽(機)車本身,未注意車前狀態
11002AC291B2170,20210223,120.205744,22.99568,交通事故,交叉路口,臺南市中西區民族路2段號公園路,1,陰,40,交岔路,交叉路口,行車管制號誌,人與汽(機)車,左轉彎未依規定
11002AC291B2173,20210223,120.211131,22.984681,交通事故,交叉路口,臺南市中西區大同路段號法華街,1,晴,50,交岔路,交叉路口,行車管制號誌,車與車,未注意車前狀態
11002AC291B2186,20210205,120.199233,22.994406,交通事故,交叉路口,臺南市中西區西門路段號民生路,1,晴,50,交岔路,交叉路口,行車管制號誌,車與車,未依規定讓車
11002AC291B2189,20210222,120.20228,22.982026,交通事故,交叉路口,臺南市中西區健康路1段328號南門路68,3,晴,30,交岔路,交叉路口,無號誌,車與車,未依規定讓車
11002AC291B2213,20210223,120.198565,22.996555,交通事故,交叉路口,臺南市中西區民權路3段號國華街3,2,雨,50,交岔路,交叉路口,行車管制號誌,車與車,未依規定讓車
11002AC291B2219,20210203,120.205085,22.982598,交通事故,一般地址,臺南市中西區五妃街段210號,2,晴,50,單路部分,路段,無號誌,車與車,起步未注意其他車(人)安全
11002AC291B2259,20210224,120.204176,22.998617,交通事故,其他,臺南市中西區段號成功路-裕民街口,2,晴,50,交岔路,交叉路口,行車管制號誌,車與車,違反號誌管制或指揮
11002AC291B2276,20210219,120.194601,22.997819,交通事故,交叉路口,臺南市中西區金華路段號民權路,1,晴,50,單路部分,路段,無號誌,車與車,左轉彎未依規定
11002AC291B2306,20210224,120.211541,22.990976,交通事故,一般地址,臺南市中西區北門路1段83號,3,晴,50,單路部分,路段,無號誌,車與車,未保持行車安全距離
11002AC291B2329,20210221,120.189195,23.00077,交通事故,交叉路口,臺南市中西區西和路段號和真街,1,晴,50,交岔路,交叉路口,行車管制號誌,車與車,迴轉未依規定