案件編號,發生日期,GPS經度,GPS緯度,案件類別名稱,地址類型名稱,發生縣市名稱,受傷人數,天候名稱, 速限-第1當事者,道路型態大類別名稱,事故位置大類別名稱,號誌-號誌種類名稱,事故類型及型態大類別名稱,肇因研判子類別名稱-主要
11002AC291B2360,20210225,120.20941,22.991849,交通事故,一般地址,臺南市中西區青年路段138號,1,晴,50,單路部分,路段,無號誌,車與車,未依規定讓車
11002AC291B2399,20210214,120.197813,22.986298,交通事故,其他,臺南市中西區段號樹林街上,1,晴,50,單路部分,路段,無號誌,車與車,未注意車前狀態
11002AC291B2403,20210220,120.197855,22.990405,交通事故,交叉路口,臺南市中西區西門路段號府前路,2,晴,50,交岔路,交叉路口,行車管制號誌(附設行人專用號誌),車與車,違反號誌管制或指揮
11002AC291B2416,20210222,120.199588,22.997358,交通事故,一般地址,臺南市中西區西門路2段325號,1,晴,50,單路部分,路段,無號誌,車與車,未注意車前狀態
11002AC291B2420,20210222,120.200137,22.987116,交通事故,一般地址,臺南市中西區永福路1段74號,1,晴,50,單路部分,路段,無號誌,車與車,起步未注意其他車(人)安全
11002AC291B2431,20210206,120.200159,22.986986,交通事故,其他,臺南市中西區段號永福路1段新光三越前,1,晴,50,交岔路,交叉路口,無號誌,車與車,未依規定讓車
11002AC291B2471,20210225,120.205546,22.989066,交通事故,一般地址,臺南市中西區府前路1段180-1號,2,晴,50,交岔路,交叉路口,無號誌,車與車,未依規定讓車
11002AC291B2506,20210225,120.195622,22.990957,交通事故,交叉路口,臺南市中西區海安路2段號府前路2,1,晴,50,交岔路,交叉路口,行車管制號誌(附設行人專用號誌),車與車,未保持行車安全距離
11002AC291B2510,20210225,120.209773,22.995563,交通事故,交叉路口,臺南市中西區中山路段號西華南街,1,晴,50,交岔路,交叉路口,行車管制號誌(附設行人專用號誌),車與車,起步未注意其他車(人)安全
11002AC291B2515,20210225,120.186893,22.99887,交通事故,交叉路口,臺南市中西區中華西路2段號民權路3,1,晴,60,交岔路,交叉路口,行車管制號誌(附設行人專用號誌),車與車,違反號誌管制或指揮
11002AC291B2557,20210206,120.19369,23.004388,交通事故,一般地址,臺南市中西區文賢路段229號,1,晴,50,交岔路,交叉路口,行車管制號誌,車與車,違反號誌管制或指揮
11002AC291B2561,20210223,120.203765,22.982583,交通事故,交叉路口,臺南市中西區南門路段號五妃街,2,晴,50,交岔路,交叉路口,行車管制號誌,車與車,未依規定讓車
11002AC291B2594,20210227,120.187023,22.987288,交通事故,一般地址,臺南市中西區中華西路2段2號,1,晴,50,單路部分,路段,無號誌,車與車,右轉彎未依規定
11002AC291B2603,20210223,120.19555,22.990782,交通事故,交叉路口,臺南市中西區海安路段號府前路,1,晴,50,單路部分,路段,行車管制號誌(附設行人專用號誌),車與車,未注意車前狀態
11002AC291B2620,20210217,120.186922,23.004059,交通事故,一般地址,臺南市中西區中華西路2段598號,4,晴,60,單路部分,路段,無號誌,人與汽(機)車,未注意車前狀態
11002AC291B2629,20210227,120.195901,22.992224,交通事故,交叉路口,臺南市中西區海安路段號友愛街,1,晴,40,交岔路,交叉路口,行車管制號誌,車與車,未依規定讓車
11002AC291B2632,20210218,120.18231,23.004962,交通事故,一般地址,臺南市中西區和緯路5段195號,2,晴,50,交岔路,路段,行車管制號誌,車與車,未注意車前狀態
11002AC291B2655,20210227,120.203493,22.99483,交通事故,交叉路口,臺南市中西區民權路2段號忠義路2,1,晴,50,交岔路,交叉路口,行車管制號誌(附設行人專用號誌),車與車,違反號誌管制或指揮
11002AC291B2663,20210227,120.185933,22.999034,交通事故,交叉路口,臺南市中西區民權路段號頂美三街,2,晴,50,交岔路,交叉路口,無號誌,車與車,未依規定讓車
11002AC291B2676,20210226,120.204441,22.987323,交通事故,一般地址,臺南市中西區南門路段177號0文祥街,1,晴,50,單路部分,路段,無號誌,車與車,未保持行車安全距離
11002AC291B2679,20210227,120.181156,23.003691,交通事故,交叉路口,臺南市中西區湖美一街段號西湖街,1,晴,50,交岔路,交叉路口,閃光號誌,車與車,未依規定讓車
11002AC291B2691,20210226,120.18805,22.999826,交通事故,交叉路口,臺南市中西區西和路段號文祥街,1,晴,30,交岔路,交叉路口,無號誌,車與車,違反特定標誌(線)禁制
11002AC291B2701,20210227,120.199966,22.994223,交通事故,交叉路口,臺南市中西區民生路1段號新美街,1,晴,50,交岔路,交叉路口,行車管制號誌,車與車,未依規定讓車
11002AC291B2716,20210225,120.19927,22.994518,交通事故,交叉路口,臺南市中西區西門路段號民生路,2,晴,50,交岔路,交叉路口,行車管制號誌(附設行人專用號誌),車與車,違反號誌管制或指揮
11002AC291B2731,20210228,120.211178,22.983013,交通事故,交叉路口,臺南市中西區大同路1段號五妃街,3,晴,50,交岔路,交叉路口,無號誌,車與車,起步未注意其他車(人)安全
11002AC291B2735,20210227,120.205638,22.989013,交通事故,一般地址,臺南市中西區府前路1段179號,1,晴,40,交岔路,交叉路口,無號誌,汽(機)車本身,未注意車前狀態
11002AC291B2758,20210228,120.194509,22.992899,交通事故,一般地址,臺南市中西區康樂街段137號,1,晴,50,單路部分,路段,無號誌,車與車,迴轉未依規定
11002AC291B2784,20210227,120.210913,22.988972,交通事故,交叉路口,臺南市中西區東門圓環段號府前路,3,晴,40,交岔路,交叉路口,行車管制號誌,車與車,違反特定標誌(線)禁制
11002AC291B2785,20210228,120.198558,22.993378,交通事故,一般地址,臺南市中西區西門路2段147號,1,晴,50,單路部分,路段,無號誌,車與車,未注意車前狀態
11002AC291B2792,20210228,120.205743,22.989042,交通事故,一般地址,臺南市中西區府前路1段182號,1,晴,40,交岔路,交叉路口,無號誌,車與車,未依規定讓車
11002AC291B2796,20210228,120.195658,23.000407,交通事故,其他,臺南市中西區段號金華路四段160號-5號,1,晴,50,交岔路,交叉路口,無號誌,車與車,其他引起事故之違規或不當行為
11002AC291B2800,20210224,120.202829,22.991678,交通事故,一般地址,臺南市中西區忠義路2段28號,1,晴,50,單路部分,路段,無號誌,汽(機)車本身,未注意車前狀態
11002AC291B2829,20210228,120.196686,22.995303,交通事故,交叉路口,臺南市中西區海安路2段號民生路2,1,晴,50,交岔路,交叉路口,行車管制號誌(附設行人專用號誌),汽(機)車本身,未注意車前狀態
11002AC291B2843,20210226,120.211866,22.996458,交通事故,一般地址,臺南市中西區北門路1段179號,1,晴,50,單路部分,路段,無號誌,汽(機)車本身,未注意車前狀態
11002AC291B2846,20210224,120.19767,22.981493,交通事故,交叉路口,臺南市中西區西門路段號健康路,2,晴,50,交岔路,交叉路口,行車管制號誌,汽(機)車本身,方向操縱系統故障
11002AC291B2848,20210206,120.204079,22.996267,交通事故,交叉路口,臺南市中西區忠義路段號民族路,1,晴,50,交岔路,交叉路口,行車管制號誌,車與車,未注意車前狀態
11002AC291B2866,20210206,120.191253,22.989338,交通事故,交叉路口,臺南市中西區南華街段號武英街,2,晴,50,交岔路,交叉路口,無號誌,車與車,未依規定讓車
11002AC291B2869,20210206,120.197689,22.991862,交通事故,一般地址,臺南市中西區友愛街段189號,2,晴,30,單路部分,路段,無號誌,人與汽(機)車,未注意車前狀態
11002AC291B2871,20210201,120.189856,23.001994,交通事故,一般地址,臺南市中西區和善街段89號,1,晴,30,單路部分,路段,無號誌,車與車,開啟車門不當而肇事
11002AC291B2872,20210224,120.205472,22.987812,交通事故,一般地址,臺南市中西區建業街段35號,1,晴,50,單路部分,路段,無號誌,車與車,迴轉未依規定
11002AC291B2874,20210207,120.193389,22.996295,交通事故,交叉路口,臺南市中西區民生路段號河中街,1,晴,50,交岔路,交叉路口,閃光號誌,車與車,右轉彎未依規定
11002AC291B2875,20210201,120.196651,22.995229,交通事故,交叉路口,臺南市中西區民生路段號海安路,1,晴,50,交岔路,路段,行車管制號誌,車與車,未保持行車安全距離
11002AC291B2879,20210206,120.200172,22.986977,交通事故,一般地址,臺南市中西區永福路1段64號,1,晴,50,單路部分,路段,無號誌,車與車,未依規定讓車
11002AC291B2881,20210226,120.204688,22.989303,交通事故,一般地址,臺南市中西區南門路段77號,1,晴,50,單路部分,路段,無號誌,車與車,未保持行車安全距離
11002AC291B2884,20210202,120.21016,22.98143,交通事故,一般地址,臺南市中西區健康路1段64號,2,晴,50,交岔路,交叉路口,行車管制號誌,車與車,未注意車前狀態
11002AC291B2888,20210202,120.211276,22.987082,交通事故,一般地址,臺南市中西區大同路1段104號,2,晴,50,單路部分,路段,無號誌,車與車,未注意車前狀態
11002AC291B2900,20210211,120.192832,22.991497,交通事故,交叉路口,臺南市中西區金華路段號府前路,1,陰,50,交岔路,交叉路口,行車管制號誌,車與車,其他引起事故之違規或不當行為
11002AC291B2950,20210219,120.19685,22.990693,交通事故,交叉路口,臺南市中西區府前路段號國華街,2,晴,50,交岔路,交叉路口,行車管制號誌,車與車,未注意車前狀態
11002AC291B2951,20210212,120.199011,22.993731,交通事故,交叉路口,臺南市中西區西門路2段號西門路2136,1,晴,50,交岔路,交叉路口,無號誌,車與車,起步未注意其他車(人)安全
11002AC291B2952,20210212,120.200329,22.997921,交通事故,交叉路口,臺南市中西區西門路二段段號民族路,1,晴,50,圓環廣場,交流道,行車管制號誌,車與車,違反號誌管制或指揮
11002AC291B2953,20210207,120.193052,23.00527,交通事故,一般地址,臺南市中西區武聖路段19號,1,晴,50,交岔路,交叉路口,無號誌,車與車,未保持行車安全間隔
11002AC291B2954,20210221,120.204111,22.998628,交通事故,一般地址,臺南市中西區成功路段225號,1,晴,50,交岔路,交叉路口,閃光號誌,車與車,未注意車前狀態
11002AC291B2985,20210225,120.210073,22.988868,交通事故,交叉路口,臺南市中西區府前路一段段61號府前路一段,2,晴,50,交岔路,交叉路口,無號誌,車與車,逆向行駛
11002AC291B2996,20210225,120.195969,22.993207,交通事故,交叉路口,臺南市中西區中正路段號海安路二段,1,晴,50,交岔路,交叉路口,行車管制號誌,車與車,未依規定讓車
11002AC291B3036,20210219,120.193316,22.993515,交通事故,交叉路口,臺南市中西區金華路段號中正路,1,晴,50,交岔路,交叉路口,行車管制號誌,車與車,未依規定讓車
11002AC291B3039,20210217,120.206222,22.996615,交通事故,交叉路口,臺南市中西區公園路段號慈音街,1,晴,50,交岔路,交叉路口,行車管制號誌,汽(機)車本身,尚未發現肇事因素
11002AC291B3059,20210207,120.194124,22.996724,交通事故,一般地址,臺南市中西區金華路4段15號,1,晴,50,單路部分,路段,無號誌,車與車,逆向行駛
11002AC291B3086,20210207,120.194761,22.991152,交通事故,交叉路口,臺南市中西區府前路段號郡西路,3,晴,50,交岔路,交叉路口,行車管制號誌,車與車,未依規定讓車
11002AC291B3092,20210208,120.186905,22.992656,交通事故,交叉路口,臺南市中西區中華西路段號府前路,1,晴,50,交岔路,交叉路口,行車管制號誌,車與車,未保持行車安全距離
11002AC291B3103,20210218,120.188614,22.992545,交通事故,其他,臺南市中西區段號府前一街移民署旁,3,晴,50,單路部分,路段,無號誌,車與車,違反特定標誌(線)禁制
11002AC291B3107,20210212,120.209767,22.995642,交通事故,交叉路口,臺南市中西區中山路段號西華南街,2,晴,50,交岔路,交叉路口,行車管制號誌,車與車,未依規定讓車
11002AC291B3109,20210218,120.211167,22.984865,交通事故,交叉路口,臺南市中西區大同路段號府連路,1,晴,50,交岔路,交叉路口,行車管制號誌,車與車,違反號誌管制或指揮
11002AC291B3115,20210224,120.186914,22.992586,交通事故,交叉路口,臺南市中西區中華西路段號府前路,2,晴,60,交岔路,交叉路口,行車管制號誌,車與車,未保持行車安全距離
11002AC291B3139,20210208,120.210926,22.984977,交通事故,其他,臺南市中西區段號開山路106號停車格前,2,晴,50,單路部分,路段,無號誌,人與汽(機)車,未注意車前狀態
11002AC291B3148,20210208,120.205411,22.994266,交通事故,交叉路口,臺南市中西區公園路段號民權路,1,晴,50,交岔路,交叉路口,行車管制號誌,車與車,逆向行駛
11002AC291B3152,20210209,120.209773,22.995563,交通事故,交叉路口,臺南市中西區中山路段號西華南街,1,晴,50,交岔路,交叉路口,行車管制號誌,車與車,未依規定讓車
11002AC291B3153,20210209,120.196032,23.001406,交通事故,交叉路口,臺南市中西區成功路段號金華路,1,晴,50,交岔路,交叉路口,行車管制號誌,車與車,未保持行車安全距離
11002AC291B3168,20210210,120.195471,22.987324,交通事故,一般地址,臺南市中西區永華路1段152號,1,陰,50,單路部分,路段,無號誌,車與車,未保持行車安全距離
11002AC291B3169,20210213,120.205529,22.995222,交通事故,一般地址,臺南市中西區公園路段67號,2,晴,50,單路部分,路段,無號誌,車與車,起步未注意其他車(人)安全
11002AC291B3203,20210221,120.186835,22.998853,交通事故,交叉路口,臺南市中西區中華西路段號民權路,1,晴,60,交岔路,其他,行車管制號誌(附設行人專用號誌),車與車,其他引起事故之違規或不當行為
11002AC291B3243,20210224,120.186587,22.997108,交通事故,其他,臺南市中西區段號中華西路2段臨安橋上,2,晴,60,單路部分,路段,無號誌,車與車,未注意車前狀態
11002AC291B3252,20210226,120.199011,22.993758,交通事故,一般地址,臺南市中西區西門路2段138號,2,晴,50,交岔路,交叉路口,無號誌,車與車,未注意車前狀態
11002AC291B3258,20210203,120.211132,22.983947,交通事故,交叉路口,臺南市中西區大同路段號五妃街40,3,晴,50,交岔路,交叉路口,行車管制號誌,車與車,違反號誌管制或指揮
11002AC291B3260,20210213,120.196045,22.990713,交通事故,一般地址,臺南市中西區府前路2段65號,1,晴,50,單路部分,路段,無號誌,車與車,迴轉未依規定
11002AC291B3272,20210214,120.193172,22.992699,交通事故,交叉路口,臺南市中西區金華路段號友愛街,2,晴,50,交岔路,交叉路口,行車管制號誌,車與車,未注意車前狀態
11002AC291B3276,20210214,120.210641,22.984255,交通事故,一般地址,臺南市中西區府連路段135號,1,晴,40,單路部分,路段,無號誌,汽(機)車本身,不明原因肇事
11002AC291B3278,20210222,120.188078,23.000891,交通事故,交叉路口,臺南市中西區文祥街段號中華西路2450,2,晴,30,交岔路,交叉路口,無號誌,車與車,未依規定讓車
11002AC291B3287,20210225,120.206931,22.99803,交通事故,交叉路口,臺南市中西區成功路段號公園路,2,晴,50,交岔路,其他,行車管制號誌,人與汽(機)車,右轉彎未依規定
11002AC291B3293,20210217,120.210027,22.994434,交通事故,交叉路口,臺南市中西區民族路2段號民族路257,3,晴,50,交岔路,交叉路口,無號誌,車與車,未依規定讓車
11002AC291B3296,20210219,120.211086,22.983887,交通事故,一般地址,臺南市中西區五妃街段40號,2,晴,30,單路部分,路段,無號誌,車與車,未注意車前狀態
11002AC291B3315,20210225,120.189903,23.002336,交通事故,交叉路口,臺南市中西區和善街段號文祥街,2,晴,50,交岔路,交叉路口,無號誌,車與車,未依規定讓車
11002AC291B3329,20210220,120.187601,23.00433,交通事故,交叉路口,臺南市中西區光賢街段號中華西路二段64620,1,晴,50,交岔路,交叉路口,閃光號誌,車與車,未依規定讓車
11002AC291B3341,20210225,120.190959,23.006037,交通事故,一般地址,臺南市中西區武聖路段147號,2,晴,50,交岔路,交叉路口,行車管制號誌(附設行人專用號誌),人與汽(機)車,未注意車前狀態
11002AC291B3344,20210226,120.207325,22.992523,交通事故,一般地址,臺南市中西區民權路1段227號,2,晴,50,單路部分,路段,無號誌,車與車,違反特定標誌(線)禁制
11002AC291B3348,20210225,120.198203,22.998604,交通事故,交叉路口,臺南市中西區海安路段號民族路,1,晴,50,交岔路,交叉路口,行車管制號誌(附設行人專用號誌),車與車,右轉彎未依規定
11002AC291B3354,20210214,120.193601,23.005375,交通事故,交叉路口,臺南市中西區文賢路段號武聖路,3,晴,50,交岔路,交叉路口,行車管制號誌,車與車,未保持行車安全距離
11002AC291B3355,20210219,120.197137,22.998306,交通事故,一般地址,臺南市中西區民族路3段81號,2,晴,50,單路部分,路段,無號誌,車與車,逆向行駛
11002AC291B3370,20210223,120.210788,22.989406,交通事故,一般地址,臺南市中西區民權路1段20號,2,晴,50,交岔路,交叉路口,無號誌,車與車,未依規定讓車
11002AC291B3375,20210224,120.197444,23.000913,交通事故,交叉路口,臺南市中西區成功路段號康樂街,1,晴,50,交岔路,交叉路口,行車管制號誌,汽(機)車本身,不明原因肇事
11002AC291B3411,20210219,120.195802,22.987452,交通事故,交叉路口,臺南市中西區永華路段號大德街,1,晴,50,交岔路,交叉路口,閃光號誌,車與車,違規超車
11002AC291B3413,20210220,120.194045,22.993667,交通事故,交叉路口,臺南市中西區金華路段號中正路,3,晴,50,交岔路,交叉路口,行車管制號誌,車與車,未依規定讓車
11002AC291B3424,20210221,120.19758,22.988496,交通事故,交叉路口,臺南市中西區西門路段號和意路,2,晴,50,交岔路,交叉路口,行車管制號誌,車與車,起步未注意其他車(人)安全
11002AC291B3447,20210201,120.207825,22.997561,交通事故,其他,臺南市中西區段號成功路99號後方無名巷,1,晴,30,單路部分,路段,無號誌,車與車,違規停車或暫停不當而肇事
11002AC291B3474,20210226,120.205494,22.981373,交通事故,交叉路口,臺南市中西區健康路段號慶中街,1,晴,50,交岔路,交叉路口,行車管制號誌(附設行人專用號誌),車與車,違反號誌管制或指揮
11002AC291B3484,20210221,120.211133,22.983504,交通事故,一般地址,臺南市中西區大同路1段180號,1,晴,50,單路部分,路段,無號誌,汽(機)車本身,其他引起事故之違規或不當行為
11002AC291B3509,20210225,120.197855,22.990405,交通事故,交叉路口,臺南市中西區府前路段號西門路,1,晴,50,交岔路,交叉路口,行車管制號誌,車與車,右轉彎未依規定
11002AC291B3510,20210226,120.208561,22.9825,交通事故,一般地址,臺南市中西區五妃街段101號,1,晴,50,單路部分,路段,無號誌,車與車,未依規定讓車
11002AC291B3511,20210226,120.199638,22.995942,交通事故,交叉路口,臺南市中西區西門路段號民權路,2,晴,50,交岔路,交叉路口,行車管制號誌,車與車,未依規定讓車
11002AC291B3513,20210227,120.193748,23.003521,交通事故,交叉路口,臺南市中西區西和路段號文賢路,1,晴,50,交岔路,交叉路口,行車管制號誌,車與車,左轉彎未依規定
11002AC291B3514,20210228,120.195833,22.995563,交通事故,一般地址,臺南市中西區民生路2段128號,1,晴,50,單路部分,路段,無號誌,車與車,起步未注意其他車(人)安全
11002AC391A0002,20210201,120.207324,23.05742,交通事故,一般地址,臺南市安南區台江大道2段201號,0,晴,50,單路部分,路段,無號誌,汽(機)車本身,未注意車前狀態
11002AC391B0008,20210201,120.215621,23.04089,交通事故,一般地址,臺南市安南區安和路2段196號,1,晴,60,單路部分,路段,無號誌,車與車,未依規定讓車
11002AC391B0045,20210201,120.204844,23.038777,交通事故,其他,臺南市安南區段號長溪路一段407巷32弄口,2,晴,30,交岔路,交叉路口,無號誌,車與車,未注意車前狀態
11002AC391B0052,20210201,120.193691,23.029332,交通事故,一般地址,臺南市安南區郡安路5段203號,1,晴,30,交岔路,交叉路口,無號誌,車與車,左轉彎未依規定
11002AC391B0062,20210201,120.194178,23.043941,交通事故,一般地址,臺南市安南區安中路1段488號,1,晴,50,單路部分,路段,無號誌,車與車,未依規定讓車
11002AC391B0091,20210202,120.188037,23.056266,交通事故,其他,臺南市安南區段號本原街二段與本原街二段106巷口,1,晴,50,交岔路,交叉路口,行車管制號誌,車與車,左轉彎未依規定
11002AC391B0113,20210202,120.195355,23.026433,交通事故,交叉路口,臺南市安南區安富街段號郡安路5184,2,晴,50,交岔路,交叉路口,閃光號誌,車與車,未依規定讓車
11002AC391B0114,20210202,120.217575,23.063541,交通事故,其他,臺南市安南區段號長和路三段42號,1,晴,40,單路部分,路段,無號誌,車與車,未依規定讓車
11002AC391B0152,20210203,120.174413,23.049707,交通事故,一般地址,臺南市安南區安中路3段4001號,1,晴,1,單路部分,路段,無號誌,車與車,未注意車前狀態
11002AC391B0156,20210203,120.186469,23.043634,交通事故,交叉路口,臺南市安南區海佃路段號海環街,1,晴,50,交岔路,交叉路口,行車管制號誌,車與車,未依規定讓車
11002AC391B0161,20210203,120.158314,23.040163,交通事故,交叉路口,臺南市安南區安明路二段段號本田路二段,1,晴,50,交岔路,交叉路口,行車管制號誌(附設行人專用號誌),車與車,右轉彎未依規定
11002AC391B0169,20210203,120.191382,23.02571,交通事故,交叉路口,臺南市安南區海佃路段號安富街,1,晴,50,交岔路,交叉路口,行車管制號誌(附設行人專用號誌),車與車,右轉彎未依規定
11002AC391B0178,20210202,120.207748,23.066753,交通事故,其他,臺南市安南區段號長和路四段160巷與長和路四段160巷5弄口(高幹長沙40號電桿),1,晴,30,交岔路,交叉路口,無號誌,車與車,未依規定讓車
11002AC391B0186,20210203,120.243234,23.062939,交通事故,交叉路口,臺南市安南區慶和路1段號慶和路和鼎橋,2,晴,30,交岔路,交叉路口,無號誌,車與車,迴轉未依規定
11002AC391B0257,20210202,120.158465,23.040157,交通事故,其他,臺南市安南區段號安明路二段與本田路三段口,1,晴,50,單路部分,路段,行車管制號誌,車與車,未保持行車安全距離
11002AC391B0282,20210204,120.216768,23.027337,交通事故,一般地址,臺南市安南區安和路1段1836號,1,晴,30,單路部分,路段,無號誌,車與車,未注意車前狀態
11002AC391B0292,20210204,120.191438,23.045448,交通事故,交叉路口,臺南市安南區安中路1段號怡安路2,1,晴,50,交岔路,交叉路口,行車管制號誌,車與車,未注意車前狀態
11002AC391B0295,20210204,120.218531,23.054985,交通事故,一般地址,臺南市安南區安和路4段237之7號,1,晴,60,交岔路,交叉路口,無號誌,車與車,變換車道或方向不當
11002AC391B0297,20210203,120.191223,23.026632,交通事故,交叉路口,臺南市安南區海佃路3段號仁安二街,2,陰,50,交岔路,交叉路口,行車管制號誌,車與車,迴轉未依規定
11002AC391B0330,20210205,120.192427,23.037705,交通事故,一般地址,臺南市安南區大安街段4613757號,1,晴,30,交岔路,交叉路口,無號誌,車與車,倒車未依規定
11002AC391B0349,20210201,120.213717,23.036367,交通事故,交叉路口,臺南市安南區培安路段號安和路,1,晴,50,交岔路,交叉路口,行車管制號誌,汽(機)車本身,尚未發現肇事因素
11002AC391B0353,20210203,120.15801,23.062377,交通事故,其他,臺南市安南區段號育英街與台江大道三段口,1,晴,50,交岔路,交叉路口,行車管制號誌(附設行人專用號誌),車與車,未保持行車安全距離
11002AC391B0362,20210205,120.198995,23.027201,交通事故,交叉路口,臺南市安南區安富街段號溪東三街,1,晴,50,交岔路,交叉路口,無號誌,車與車,未依規定讓車
11002AC391B0367,20210203,120.186436,23.043626,交通事故,其他,臺南市安南區段號海佃路二段與海佃路二段176巷口,1,晴,50,交岔路,交叉路口,無號誌,車與車,右轉彎未依規定
11002AC391B0370,20210204,120.204726,23.029407,交通事故,交叉路口,臺南市安南區北安路段號安通路,1,晴,50,交岔路,交叉路口,行車管制號誌,車與車,其他引起事故之違規或不當行為
11002AC391B0425,20210205,120.193208,23.034453,交通事故,一般地址,臺南市安南區海佃路2段15011249號,1,晴,30,交岔路,交叉路口,無號誌,車與車,未依規定讓車
11002AC391B0428,20210205,120.214127,23.063024,交通事故,交叉路口,臺南市安南區北安路段號長和一街,1,晴,60,交岔路,交叉路口,行車管制號誌,車與車,未保持行車安全距離
11002AC391B0429,20210205,120.135657,23.08128,交通事故,交叉路口,臺南市安南區安明路4段號公學路7,1,晴,50,交岔路,交叉路口,行車管制號誌,車與車,違反號誌管制或指揮
11002AC391B0438,20210201,120.197078,23.059686,交通事故,交叉路口,臺南市安南區台江大道2段號本原街12621,1,晴,50,單路部分,路段,無號誌,汽(機)車本身,未注意車前狀態
11002AC391B0440,20210201,120.198226,23.029921,交通事故,一般地址,臺南市安南區安通路5段安西高幹51號,1,晴,50,單路部分,路段,無號誌,汽(機)車本身,未注意車前狀態
11002AC391B0442,20210205,120.238711,23.052275,交通事故,一般地址,臺南市安南區長和路1段2號,1,晴,50,交岔路,交叉路口,行車管制號誌,車與車,違反號誌管制或指揮
11002AC391B0463,20210205,120.143385,23.042377,交通事故,一般地址,臺南市安南區工業三路段90號,1,晴,50,單路部分,路段,無號誌,車與車,未注意車前狀態
11002AC391B0470,20210206,120.185371,23.027259,交通事故,交叉路口,臺南市安南區郡安路6段號國安街210,2,晴,50,交岔路,交叉路口,閃光號誌,車與車,違反特定標誌(線)禁制
11002AC391B0492,20210204,120.137048,23.077138,交通事故,一般地址,臺南市安南區公學路7段9792號,1,晴,30,交岔路,交叉路口,無號誌,車與車,違規超車
11002AC391B0494,20210206,120.213617,23.055798,交通事故,交叉路口,臺南市安南區北安路3段號台江大道2,2,晴,60,交岔路,交叉路口,行車管制號誌(附設行人專用號誌),車與車,未保持行車安全距離
11002AC391B0531,20210207,120.135694,23.081255,交通事故,交叉路口,臺南市安南區安明路四段4段號公學路7,1,晴,70,交岔路,交叉路口,行車管制號誌,車與車,違反號誌管制或指揮
11002AC391B0600,20210207,120.135835,23.058534,交通事故,交叉路口,臺南市安南區海佃路段號安富街,1,晴,50,交岔路,交叉路口,行車管制號誌,車與車,違反特定標誌(線)禁制
11002AC391B0628,20210203,120.192273,23.021916,交通事故,交叉路口,臺南市安南區海佃路1段158號府安路5162,2,晴,50,交岔路,交叉路口,閃光號誌,車與車,未依規定讓車
11002AC391B0635,20210205,120.221418,23.067937,交通事故,其他,臺南市安南區段號長和路二段12巷213弄63號,1,晴,30,交岔路,交叉路口,閃光號誌,車與車,右轉彎未依規定
11002AC391B0642,20210201,120.189252,23.034641,交通事故,交叉路口,臺南市安南區海佃路段號海德二路,1,晴,50,交岔路,交叉路口,行車管制號誌,車與車,未依規定讓車
11002AC391B0643,20210204,120.236751,23.054141,交通事故,一般地址,臺南市安南區長和路1段95號,1,晴,50,單路部分,路段,無號誌,車與車,未依規定讓車
11002AC391B0644,20210205,120.186382,23.043548,交通事故,其他,臺南市安南區段號海佃路二段與海環街口,2,晴,50,交岔路,交叉路口,行車管制號誌,車與車,左轉彎未依規定
11002AC391B0649,20210202,120.218469,23.070821,交通事故,交叉路口,臺南市安南區安昌街段85號安昌街131,2,晴,30,交岔路,交叉路口,無號誌,車與車,未依規定讓車
11002AC391B0650,20210205,120.204007,23.042822,交通事故,其他,臺南市安南區段號長溪路一段與怡安路一段口,1,晴,40,交岔路,交叉路口,行車管制號誌,車與車,未保持行車安全距離
11002AC391B0657,20210207,120.209137,23.024901,交通事故,一般地址,臺南市安南區府安路4段138號,1,陰,50,單路部分,路段,無號誌,車與車,右轉彎未依規定
11002AC391B0673,20210209,120.202406,23.039032,交通事故,交叉路口,臺南市安南區安中路1段號安中路1698,2,晴,50,交岔路,交叉路口,行車管制號誌,車與車,右轉彎未依規定
11002AC391B0674,20210208,120.239217,23.051595,交通事故,其他,臺南市安南區段號永安橋,1,晴,50,單路部分,路段,無號誌,車與車,變換車道或方向不當
11002AC391B0682,20210209,120.174335,23.052202,交通事故,一般地址,臺南市安南區本原街3段229號,2,晴,50,交岔路,交叉路口,無號誌,車與車,未依規定讓車
11002AC391B0697,20210209,120.184347,23.046861,交通事故,一般地址,臺南市安南區海佃路2段826號,2,晴,50,單路部分,路段,無號誌,車與車,未保持行車安全距離
11002AC391B0703,20210209,120.19764,23.044085,交通事故,其他,臺南市安南區段號怡安路二段果菜市場,2,晴,5,交岔路,交叉路口,行車管制號誌,車與車,其他引起事故之違規或不當行為
11002AC391B0704,20210209,120.212697,23.063802,交通事故,其他,臺南市安南區段號長和路四段(路燈編號47),1,晴,50,單路部分,路段,無號誌,汽(機)車本身,未注意車前狀態
11002AC391B0733,20210202,120.192624,23.029317,交通事故,交叉路口,臺南市安南區郡安路段號安寧街,1,晴,50,交岔路,交叉路口,閃光號誌,車與車,左轉彎未依規定
11002AC391B0736,20210208,120.218737,23.069669,交通事故,一般地址,臺南市安南區安昌街段103號,1,晴,50,單路部分,路段,無號誌,人與汽(機)車,未注意車前狀態