案件編號,發生日期,GPS經度,GPS緯度,案件類別名稱,地址類型名稱,發生縣市名稱,受傷人數,天候名稱, 速限-第1當事者,道路型態大類別名稱,事故位置大類別名稱,號誌-號誌種類名稱,事故類型及型態大類別名稱,肇因研判子類別名稱-主要
11002AC391B0741,20210209,120.206502,23.024591,交通事故,其他,臺南市安南區段號府安路四段與府安路四段185巷口,1,晴,50,交岔路,交叉路口,無號誌,車與車,迴轉未依規定
11002AC391B0742,20210201,120.204141,23.054138,交通事故,一般地址,臺南市安南區總安街2段310號,2,晴,50,交岔路,交叉路口,無號誌,車與車,左轉彎未依規定
11002AC391B0759,20210209,120.206762,23.024732,交通事故,一般地址,臺南市安南區府安路4段179號,2,陰,50,單路部分,路段,無號誌,汽(機)車本身,未注意車前狀態
11002AC391B0761,20210204,120.222477,23.06386,交通事故,一般地址,臺南市安南區長和路2段66號,1,晴,50,交岔路,交叉路口,行車管制號誌,車與車,其他引起事故之違規或不當行為
11002AC391B0818,20210206,120.191265,23.060298,交通事故,交叉路口,臺南市安南區安吉路段號台江大道,1,晴,60,交岔路,交叉路口,行車管制號誌,車與車,違反特定標誌(線)禁制
11002AC391B0821,20210209,120.216969,23.061591,交通事故,一般地址,臺南市安南區長和路3段13376號,1,晴,50,單路部分,路段,無號誌,車與車,未靠右行駛
11002AC391B0845,20210210,120.19525,23.043208,交通事故,一般地址,臺南市安南區安中路1段800號,1,雨,50,單路部分,路段,無號誌,人與汽(機)車,未保持行車安全間隔
11002AC391B0862,20210209,120.146794,23.036773,交通事故,其他,臺南市安南區段號工業五路(025燈桿),2,晴,50,單路部分,路段,無號誌,車與車,變換車道或方向不當
11002AC391B0869,20210210,120.187541,23.041317,交通事故,交叉路口,臺南市安南區海佃路2段號安吉路1,1,雨,50,交岔路,交叉路口,行車管制號誌,車與車,違反號誌管制或指揮
11002AC391B0876,20210210,120.241131,23.060883,交通事故,其他,臺南市安南區段號慶和路一段與環館路口,1,雨,50,單路部分,路段,行車管制號誌,車與車,未保持行車安全距離
11002AC391B0884,20210211,120.213594,23.029732,交通事故,其他,臺南市安南區段號安和路一段與安通路三段口,1,晴,50,交岔路,交叉路口,行車管制號誌,車與車,違反號誌管制或指揮
11002AC391B0895,20210210,120.198783,23.041312,交通事故,一般地址,臺南市安南區安中路1段608號,3,晴,50,單路部分,路段,無號誌,車與車,起步未注意其他車(人)安全
11002AC391B0905,20210208,120.202393,23.039274,交通事故,交叉路口,臺南市安南區北安路段號安中路,2,晴,50,交岔路,交叉路口,行車管制號誌,車與車,違反特定標誌(線)禁制
11002AC391B0913,20210211,120.201934,23.039099,交通事故,一般地址,臺南市安南區安中路1段361之58號,1,晴,50,單路部分,路段,無號誌,車與車,開啟車門不當而肇事
11002AC391B0934,20210204,120.213834,23.059907,交通事故,一般地址,臺南市安南區北安路4段7號,1,晴,50,單路部分,路段,無號誌,車與車,倒車未依規定
11002AC391B0938,20210204,120.189618,23.025415,交通事故,交叉路口,臺南市安南區國安街段56號海佃路1243,2,晴,50,交岔路,交叉路口,閃光號誌,車與車,未依規定讓車
11002AC391B0943,20210211,120.19275,23.030343,交通事故,交叉路口,臺南市安南區安通路5段號理安街,1,晴,50,交岔路,交叉路口,行車管制號誌,車與車,未依規定讓車
11002AC391B0968,20210211,120.173076,23.029049,交通事故,其他,臺南市安南區段號海尾路(西濱高幹74左32右26右),1,雨,60,單路部分,路段,無號誌,汽(機)車本身,未注意車前狀態
11002AC391B0970,20210202,120.186898,23.043158,交通事故,交叉路口,臺南市安南區安吉路段號海佃路,1,晴,50,交岔路,交叉路口,行車管制號誌,車與車,未依規定讓車
11002AC391B0987,20210212,120.220433,23.07265,交通事故,一般地址,臺南市安南區安昌街段221號,1,晴,30,交岔路,交叉路口,無號誌,車與車,未依規定讓車
11002AC391B0997,20210211,120.22084,23.053363,交通事故,交叉路口,臺南市安南區台江大道段號府安路堤頂大道,2,晴,50,交岔路,交叉路口,行車管制號誌,車與車,未依規定讓車
11002AC391B1002,20210206,120.189938,23.019467,交通事故,一般地址,臺南市安南區府安路6段454號,1,晴,30,單路部分,路段,無號誌,汽(機)車本身,未注意車前狀態
11002AC391B1003,20210212,120.218602,23.056974,交通事故,交叉路口,臺南市安南區安和路4段號安和路475,2,晴,60,交岔路,交叉路口,行車管制號誌,車與車,不明原因肇事
11002AC391B1005,20210208,120.22346,23.064062,交通事故,一般地址,臺南市安南區長和路2段22313號,2,晴,50,單路部分,路段,無號誌,車與車,變換車道或方向不當
11002AC391B1017,20210207,120.176248,23.05328,交通事故,一般地址,臺南市安南區本原街3段13444531號,1,晴,30,單路部分,路段,無號誌,車與車,起步未注意其他車(人)安全
11002AC391B1022,20210207,120.218994,23.069679,交通事故,交叉路口,臺南市安南區安昌街段號安昌街10611,2,晴,50,交岔路,交叉路口,行車管制號誌,車與車,違反號誌管制或指揮
11002AC391B1035,20210202,120.189173,23.049224,交通事故,一般地址,臺南市安南區安吉路1段472-2號,2,晴,50,單路部分,路段,無號誌,車與車,未保持行車安全距離
11002AC391B1040,20210213,120.192961,23.024506,交通事故,一般地址,臺南市安南區海佃路1段15837號,1,晴,50,交岔路,交叉路口,無號誌,車與車,左轉彎未依規定
11002AC391B1072,20210212,120.175186,23.060957,交通事故,交叉路口,臺南市安南區海佃路段號台江大道,1,晴,50,交岔路,交叉路口,行車管制號誌,汽(機)車本身,未保持行車安全距離
11002AC391B1075,20210213,120.182821,23.01353,交通事故,一般地址,臺南市安南區安明路觀海橋段號,3,晴,60,單路部分,路段,無號誌,車與車,未保持行車安全距離
11002AC391B1099,20210214,120.169757,23.051535,交通事故,一般地址,臺南市安南區安中路4段21071號,1,晴,50,單路部分,路段,無號誌,車與車,未注意車前狀態
11002AC391B1112,20210213,120.188481,23.022237,交通事故,交叉路口,臺南市安南區國安街段號國安街155,1,晴,50,交岔路,交叉路口,行車管制號誌,車與車,倒車未依規定
11002AC391B1123,20210214,120.193472,23.044267,交通事故,交叉路口,臺南市安南區安中路段號同安路,1,晴,50,交岔路,交叉路口,無號誌,車與車,未依規定讓車
11002AC391B1125,20210211,120.204655,23.030769,交通事故,其他,臺南市安南區段號北安路二段210-1號,1,雨,60,單路部分,路段,無號誌,車與車,未注意車前狀態
11002AC391B1133,20210214,120.218492,23.064819,交通事故,其他,臺南市安南區段號安和路五段與安和路五段84巷口,2,晴,60,交岔路,交叉路口,行車管制號誌,車與車,左轉彎未依規定
11002AC391B1158,20210214,120.168367,23.029042,交通事故,交叉路口,臺南市安南區安明路段號海尾路,2,晴,70,單路部分,路段,無號誌,車與車,未注意車前狀態
11002AC391B1178,20210205,120.235596,23.055369,交通事故,交叉路口,臺南市安南區長和路1段號長和路1222,1,晴,50,交岔路,交叉路口,行車管制號誌,車與車,未保持行車安全距離
11002AC391B1198,20210208,120.215821,23.063382,交通事故,一般地址,臺南市安南區長和路3段13383號,1,晴,50,單路部分,路段,無號誌,車與車,未依規定讓車
11002AC391B1225,20210215,120.215485,23.063549,交通事故,交叉路口,臺南市安南區長和路段號長和一街,1,晴,50,交岔路,交叉路口,行車管制號誌,車與車,違反號誌管制或指揮
11002AC391B1226,20210215,120.186711,23.043449,交通事故,其他,臺南市安南區段號海佃路二段626號(海佃P9499FC01號電桿),2,晴,50,單路部分,路段,無號誌,車與車,左轉彎未依規定
11002AC391B1242,20210215,120.133872,23.08769,交通事故,其他,臺南市安南區段號國姓橋北上快車道,1,晴,60,單路部分,路段,無號誌,車與車,未保持行車安全距離
11002AC391B1245,20210215,120.211509,23.024983,交通事故,一般地址,臺南市安南區府安路4段76號,2,晴,50,單路部分,路段,無號誌,汽(機)車本身,未注意車前狀態
11002AC391B1291,20210215,120.197454,23.02266,交通事故,其他,臺南市安南區段號府安路五段170號(堤岸高幹60P9694AB78號電桿),1,晴,50,單路部分,路段,無號誌,車與車,變換車道或方向不當
11002AC391B1315,20210216,120.199447,23.051237,交通事故,一般地址,臺南市安南區本原街1段94171號,1,晴,30,單路部分,路段,無號誌,汽(機)車本身,未注意車前狀態
11002AC391B1318,20210210,120.235079,23.055645,交通事故,交叉路口,臺南市安南區長和路段號慶和路,1,晴,50,單路部分,路段,行車管制號誌,車與車,未保持行車安全間隔
11002AC391B1324,20210216,120.211302,23.040935,交通事故,一般地址,臺南市安南區怡安路1段187號,1,晴,50,單路部分,路段,無號誌,車與車,起步未注意其他車(人)安全
11002AC391B1335,20210210,120.215219,23.026741,交通事故,一般地址,臺南市安南區安和路1段38號,2,晴,50,單路部分,路段,無號誌,車與車,違反特定標誌(線)禁制
11002AC391B1346,20210216,120.216494,23.051799,交通事故,其他,臺南市安南區段號總安街一段110巷與總安街110巷25弄口,2,晴,30,交岔路,交叉路口,無號誌,車與車,未依規定讓車
11002AC391B1349,20210216,120.202775,23.051149,交通事故,交叉路口,臺南市安南區長溪路段號本原街,1,晴,50,交岔路,交叉路口,行車管制號誌,車與車,未保持行車安全間隔
11002AC391B1390,20210211,120.200969,23.051107,交通事故,交叉路口,臺南市安南區本原街1段號本原街1233,2,晴,50,交岔路,交叉路口,無號誌,車與車,左轉彎未依規定
11002AC391B1391,20210212,120.189378,23.026716,交通事故,交叉路口,臺南市安南區國安街段56號海佃路1345,2,晴,50,交岔路,交叉路口,行車管制號誌,車與車,違反號誌管制或指揮
11002AC391B1396,20210216,120.218736,23.063953,交通事故,其他,臺南市安南區段號安和路五段32號,1,晴,60,單路部分,路段,無號誌,車與車,未保持行車安全間隔
11002AC391B1406,20210217,120.202641,23.058872,交通事故,其他,臺南市安南區段號工明五路一巷(洲南高幹45-5右6-1號電桿),2,晴,30,單路部分,路段,無號誌,車與車,未靠右行駛
11002AC391B1414,20210216,120.203403,23.042691,交通事故,交叉路口,臺南市安南區北安路段號怡安路,1,晴,60,交岔路,交叉路口,行車管制號誌,車與車,違反號誌管制或指揮
11002AC391B1435,20210212,120.168911,23.051518,交通事故,一般地址,臺南市安南區安中路4段2908061號,1,晴,30,交岔路,交叉路口,無號誌,車與車,倒車未依規定
11002AC391B1450,20210217,120.218508,23.069694,交通事故,交叉路口,臺南市安南區安昌街段103號安昌街85,2,晴,50,交岔路,交叉路口,行車管制號誌,車與車,違反號誌管制或指揮
11002AC391B1467,20210217,120.194178,23.043941,交通事故,一般地址,臺南市安南區安中路1段851-9號,1,陰,50,單路部分,路段,行車管制號誌,車與車,迴轉未依規定
11002AC391B1543,20210209,120.183096,23.048371,交通事故,一般地址,臺南市安南區海佃路3段66號,2,晴,50,單路部分,路段,無號誌,車與車,橫越道路不慎
11002AC391B1564,20210216,120.165297,23.070571,交通事故,交叉路口,臺南市安南區公學路5段號公學路5332,1,晴,50,交岔路,交叉路口,無號誌,汽(機)車本身,未注意車前狀態
11002AC391B1566,20210218,120.236386,23.05477,交通事故,一般地址,臺南市安南區長和路1段166號,1,晴,50,單路部分,路段,無號誌,汽(機)車本身,其他引起事故之違規或不當行為
11002AC391B1569,20210216,120.192348,23.042605,交通事故,交叉路口,臺南市安南區同安路段號同安路273,1,晴,50,交岔路,交叉路口,無號誌,汽(機)車本身,未注意車前狀態
11002AC391B1606,20210206,120.191447,23.024703,交通事故,交叉路口,臺南市安南區海佃路1段15837號海佃路1188,2,晴,30,交岔路,交叉路口,無號誌,車與車,左轉彎未依規定
11002AC391B1608,20210207,120.239005,23.053132,交通事故,一般地址,臺南市安南區長和路1段1號,1,晴,50,交岔路,交叉路口,行車管制號誌,車與車,左轉彎未依規定
11002AC391B1609,20210207,120.215545,23.040342,交通事故,一般地址,臺南市安南區安和路2段174號,3,晴,60,單路部分,路段,無號誌,車與車,未保持行車安全距離
11002AC391B1629,20210207,120.143467,23.060411,交通事故,交叉路口,臺南市安南區安中路段號北汕尾三路,1,晴,50,交岔路,交叉路口,行車管制號誌,車與車,違反特定標誌(線)禁制
11002AC391B1638,20210208,120.212556,23.032038,交通事故,交叉路口,臺南市安南區安和路1段號安和路1288,1,晴,30,交岔路,交叉路口,行車管制號誌,車與車,違反號誌管制或指揮
11002AC391B1655,20210201,120.192563,23.036231,交通事故,一般地址,臺南市安南區海佃路2段150186號,2,晴,30,交岔路,交叉路口,無號誌,車與車,未依規定讓車
11002AC391B1657,20210201,120.203878,23.043083,交通事故,交叉路口,臺南市安南區北安路3段號長溪路2,1,晴,50,交岔路,交叉路口,行車管制號誌,車與車,未保持行車安全距離
11002AC391B1660,20210216,120.170108,23.02723,交通事故,交叉路口,臺南市安南區安明路段號海尾路,2,晴,70,交岔路,交叉路口,行車管制號誌,車與車,未保持行車安全距離
11002AC391B1684,20210218,120.192963,23.030848,交通事故,一般地址,臺南市安南區理安街段21號,1,晴,40,單路部分,路段,無號誌,車與車,其他引起事故之違規或不當行為
11002AC391B1690,20210219,120.182581,23.042401,交通事故,一般地址,臺南市安南區海環街段533號,2,晴,40,單路部分,路段,無號誌,車與車,違反特定標誌(線)禁制
11002AC391B1691,20210207,120.219322,23.068557,交通事故,一般地址,臺南市安南區安昌街段106號,1,晴,50,交岔路,交叉路口,行車管制號誌,車與車,違反號誌管制或指揮
11002AC391B1694,20210211,120.217297,23.067086,交通事故,交叉路口,臺南市安南區安昌街段號安和路5,1,雨,50,交岔路,交叉路口,行車管制號誌,汽(機)車本身,未注意車前狀態
11002AC391B1695,20210211,120.194975,23.024689,交通事故,一般地址,臺南市安南區海佃路1段158號,1,晴,50,單路部分,路段,無號誌,車與車,未注意車前狀態
11002AC391B1723,20210220,120.202565,23.038848,交通事故,交叉路口,臺南市安南區北安路2段號安中路1,1,晴,60,交岔路,交叉路口,行車管制號誌,車與車,倒車未依規定
11002AC391B1735,20210218,120.203328,23.036269,交通事故,一般地址,臺南市安南區北安路2段486號,2,晴,60,單路部分,路段,無號誌,車與車,未注意車前狀態
11002AC391B1739,20210219,120.191447,23.024703,交通事故,交叉路口,臺南市安南區海佃路1段號海佃路213,1,晴,50,交岔路,交叉路口,行車管制號誌,車與車,未依規定讓車
11002AC391B1740,20210206,120.195941,23.069283,交通事故,一般地址,臺南市安南區公學路2段179號0,2,晴,50,單路部分,路段,無號誌,人與汽(機)車,未注意車前狀態
11002AC391B1741,20210219,120.205362,23.032427,交通事故,交叉路口,臺南市安南區慈安路段號安通三街,2,晴,40,交岔路,交叉路口,無號誌,車與車,未注意車前狀態
11002AC391B1745,20210213,120.205385,23.024439,交通事故,交叉路口,臺南市安南區府安路4段號北安路2,2,晴,50,交岔路,交叉路口,行車管制號誌,車與車,左轉彎未依規定
11002AC391B1749,20210217,120.229555,23.049466,交通事故,交叉路口,臺南市安南區台江大道段號長和路1217,2,晴,50,交岔路,交叉路口,行車管制號誌,車與車,左轉彎未依規定
11002AC391B1754,20210217,120.243729,23.063717,交通事故,交叉路口,臺南市安南區慶和路段號慶和東路,1,晴,50,單路部分,路段,無號誌,汽(機)車本身,未注意車前狀態
11002AC391B1782,20210207,120.211053,23.026855,交通事故,交叉路口,臺南市安南區惠安街段號敬安街,1,晴,30,交岔路,交叉路口,無號誌,車與車,未靠右行駛
11002AC391B1786,20210202,120.218498,23.045943,交通事故,交叉路口,臺南市安南區永安路段號永安二街,1,晴,50,交岔路,交叉路口,無號誌,車與車,未依規定讓車
11002AC391B1789,20210220,120.17308,23.024251,交通事故,其他,臺南市安南區段號安明路二段台17線172.5K處,1,晴,70,單路部分,路段,無號誌,汽(機)車本身,未注意車前狀態
11002AC391B1844,20210216,120.139707,22.997459,交通事故,其他,臺南市安南區段號四草大橋(北向南第九隻路燈),1,晴,50,單路部分,路段,無號誌,車與車,未注意車前狀態
11002AC391B1850,20210219,120.220182,23.063662,交通事故,一般地址,臺南市安南區長和路2段140352號,1,晴,40,交岔路,路段,無號誌,車與車,倒車未依規定
11002AC391B1861,20210207,120.148987,23.047293,交通事故,其他,臺南市安南區段號安明路三段,3,晴,70,單路部分,其他,無號誌,車與車,未保持行車安全距離
11002AC391B1886,20210220,120.191391,23.024237,交通事故,一般地址,臺南市安南區海佃路1段195號,2,晴,50,單路部分,路段,無號誌,車與車,未保持行車安全距離
11002AC391B1904,20210220,120.17331,23.050746,交通事故,一般地址,臺南市安南區安中路4段43號0,2,晴,30,單路部分,路段,無號誌,車與車,未注意車前狀態
11002AC391B1908,20210220,120.174243,23.023092,交通事故,交叉路口,臺南市安南區安明路1段號郡安路6,1,晴,70,交岔路,交叉路口,行車管制號誌,車與車,未依規定讓車
11002AC391B1913,20210221,120.191859,23.023535,交通事故,一般地址,臺南市安南區海佃路1段128號,1,晴,50,交岔路,交叉路口,行車管制號誌,車與車,其他引起事故之違規或不當行為
11002AC391B1914,20210221,120.189933,23.04039,交通事故,一般地址,臺南市安南區同安路段123號,1,晴,40,單路部分,路段,無號誌,車與車,停車操作時，未注意其他車(人)安全
11002AC391B1940,20210220,120.215995,23.041775,交通事故,其他,臺南市安南區段號安和路二段與政安路口,2,晴,60,交岔路,交叉路口,行車管制號誌,車與車,未保持行車安全距離
11002AC391B1947,20210220,120.213875,23.059475,交通事故,其他,臺南市安南區段號北安路四段與工明路口,1,晴,60,交岔路,交叉路口,行車管制號誌,車與車,未保持行車安全距離
11002AC391B1958,20210220,120.238627,23.052298,交通事故,其他,臺南市安南區段號長和路一段一巷口,1,晴,50,交岔路,交叉路口,行車管制號誌,車與車,左轉彎未依規定
11002AC391B1983,20210222,120.20185,23.076914,交通事故,一般地址,臺南市安南區公學路1段135號,2,晴,50,單路部分,路段,無號誌,車與車,未注意車前狀態
11002AC391B2019,20210222,120.191465,23.039763,交通事故,交叉路口,臺南市安南區大安街段號大安街680,4,晴,50,單路部分,路段,無號誌,車與車,左轉彎未依規定
11002AC391B2061,20210222,120.192582,23.020335,交通事故,交叉路口,臺南市安南區海佃路4段3882號本原街210697,1,晴,40,交岔路,交叉路口,無號誌,車與車,右轉彎未依規定
11002AC391B2072,20210218,120.195274,23.050643,交通事故,一般地址,臺南市安南區本原街1段195110號,1,晴,30,交岔路,交叉路口,無號誌,車與車,起步未注意其他車(人)安全
11002AC391B2075,20210219,120.213669,23.029661,交通事故,交叉路口,臺南市安南區安通路4段號北安路2,2,晴,50,交岔路,交叉路口,行車管制號誌,車與車,左轉彎未依規定
11002AC391B2078,20210219,120.216371,23.047984,交通事故,一般地址,臺南市安南區育安二街段47號,1,晴,30,單路部分,路段,無號誌,車與車,開啟車門不當而肇事
11002AC391B2081,20210218,120.158698,23.040036,交通事故,交叉路口,臺南市安南區安明路2段號本田路3,1,晴,50,單路部分,路段,行車管制號誌,車與車,未注意車前狀態
11002AC391B2082,20210218,120.199872,23.040516,交通事故,一般地址,臺南市安南區安中路1段557號,1,晴,50,交岔路,交叉路口,行車管制號誌,車與車,未注意車前狀態
11002AC391B2085,20210219,120.216111,23.030029,交通事故,一般地址,臺南市安南區郡安路3段250216後門號,1,晴,30,單路部分,路段,無號誌,車與車,未注意車前狀態
11002AC391B2087,20210210,120.228974,23.049753,交通事故,交叉路口,臺南市安南區台江大道段號慶和路,1,晴,50,交岔路,交叉路口,行車管制號誌,車與車,未依規定讓車
11002AC391B2088,20210220,120.215287,23.025772,交通事故,交叉路口,臺南市安南區府安路4段號安和路1,1,晴,50,交岔路,交叉路口,行車管制號誌,車與車,違反號誌管制或指揮
11002AC391B2091,20210222,120.132817,23.042925,交通事故,其他,臺南市安南區段號北汕尾三路與鹿耳門大道一段口,1,晴,50,交岔路,交叉路口,行車管制號誌,車與車,違反號誌管制或指揮
11002AC391B2092,20210220,120.210957,23.030229,交通事故,交叉路口,臺南市安南區安和路1段15985號安通路447,1,晴,30,交岔路,交叉路口,無號誌,車與車,左轉彎未依規定
11002AC391B2094,20210220,120.186236,23.043999,交通事故,交叉路口,臺南市安南區海佃路2段號安中路271,1,晴,50,交岔路,交叉路口,行車管制號誌,車與車,右轉彎未依規定
11002AC391B2096,20210219,120.18715,23.042522,交通事故,一般地址,臺南市安南區海佃路2段588號,2,晴,50,單路部分,路段,無號誌,車與車,變換車道或方向不當
11002AC391B2097,20210219,120.191714,23.023456,交通事故,一般地址,臺南市安南區海佃路1段157號,1,晴,50,交岔路,交叉路口,行車管制號誌,車與車,左轉彎未依規定
11002AC391B2102,20210220,120.139368,23.054196,交通事故,其他,臺南市安南區段號安明路三段與北汕尾三路口,1,晴,50,交岔路,交叉路口,行車管制號誌,車與車,左轉彎未依規定
11002AC391B2155,20210217,120.164923,23.070221,交通事故,一般地址,臺南市安南區安興街段18號,1,晴,30,交岔路,交叉路口,無號誌,車與車,迴轉未依規定
11002AC391B2157,20210223,120.198305,23.064552,交通事故,交叉路口,臺南市安南區長溪路3段號長溪路3459,1,晴,50,交岔路,交叉路口,無號誌,車與車,未保持行車安全距離
11002AC391B2182,20210218,120.21377,23.03636,交通事故,交叉路口,臺南市安南區培安路段號安和路,2,晴,50,交岔路,交叉路口,行車管制號誌,車與車,違反號誌管制或指揮
11002AC391B2188,20210201,120.130572,23.069198,交通事故,交叉路口,臺南市安南區台江大道段號城北路,1,晴,50,交岔路,交叉路口,行車管制號誌,車與車,未保持行車安全距離
11002AC391B2199,20210216,120.135309,23.002645,交通事故,一般地址,臺南市安南區四草大道段127-3號,1,晴,50,單路部分,路段,無號誌,汽(機)車本身,未注意車前狀態
11002AC391B2205,20210223,120.195962,23.042839,交通事故,交叉路口,臺南市安南區安中路1段號安中路1703,2,晴,50,交岔路,交叉路口,行車管制號誌,車與車,未依規定讓車
11002AC391B2209,20210223,120.20311,23.025787,交通事故,其他,臺南市安南區段號府安路五段44巷與北安路二段63巷口,2,晴,30,交岔路,交叉路口,閃光號誌,車與車,未依規定讓車
11002AC391B2230,20210216,120.176272,23.063157,交通事故,一般地址,臺南市安南區海佃路4段388號,3,晴,50,交岔路,交叉路口,行車管制號誌,車與車,左轉彎未依規定
11002AC391B2238,20210222,120.174709,23.049236,交通事故,交叉路口,臺南市安南區安中路段號仁安路,1,晴,50,交岔路,交叉路口,行車管制號誌,車與車,左轉彎未依規定
11002AC391B2242,20210202,120.218594,23.056971,交通事故,交叉路口,臺南市安南區安和路4段號州南路,1,晴,40,交岔路,交叉路口,閃光號誌,車與車,未依規定讓車
11002AC391B2246,20210216,120.244199,23.045547,交通事故,其他,臺南市安南區段號永安橋北側,1,晴,50,交岔路,交叉路口,行車管制號誌,車與車,左轉彎未依規定
11002AC391B2258,20210202,120.165048,23.032917,交通事故,其他,臺南市安南區段號安明路二段北向車道,2,晴,30,單路部分,路段,無號誌,車與車,未注意車前狀態
11002AC391B2272,20210224,120.192582,23.020335,交通事故,交叉路口,臺南市安南區海佃路4段3882號本原街210697,1,晴,40,交岔路,交叉路口,無號誌,車與車,未注意車前狀態
11002AC391B2307,20210217,120.178194,23.018493,交通事故,交叉路口,臺南市安南區安明路段號九份子大道,2,晴,70,交岔路,交叉路口,行車管制號誌,車與車,其他引起事故之違規或不當行為
11002AC391B2312,20210218,120.204611,23.029414,交通事故,交叉路口,臺南市安南區北安路段號安通路,1,晴,60,交岔路,交叉路口,行車管制號誌,車與車,未依規定讓車
11002AC391B2352,20210220,120.215345,23.07102,交通事故,交叉路口,臺南市安南區北安路4段號安和路5269,2,晴,50,交岔路,交叉路口,行車管制號誌,車與車,違反號誌管制或指揮
11002AC391B2366,20210225,120.216935,23.064378,交通事故,一般地址,臺南市安南區安和路5段81號,2,晴,60,交岔路,交叉路口,行車管制號誌,車與車,未依規定讓車
11002AC391B2409,20210225,120.172783,23.048999,交通事故,一般地址,臺南市安南區本淵路段57號,2,晴,50,交岔路,交叉路口,閃光號誌,車與車,未依規定讓車
11002AC391B2424,20210225,120.161359,23.036803,交通事故,其他,臺南市安南區段號安明路二段施工路段,1,晴,30,單路部分,路段,無號誌,汽(機)車本身,未注意車前狀態
11002AC391B2448,20210219,120.20312,23.035755,交通事故,一般地址,臺南市安南區北安路2段363號,1,晴,60,單路部分,路段,無號誌,車與車,未保持行車安全距離
11002AC391B2466,20210226,120.214666,23.031905,交通事故,一般地址,臺南市安南區安和路1段22070號,1,晴,30,單路部分,路段,無號誌,人與汽(機)車,未保持行車安全間隔
11002AC391B2480,20210218,120.19273,23.030323,交通事故,交叉路口,臺南市安南區安通路段號理安街,1,晴,50,交岔路,交叉路口,行車管制號誌,車與車,未依規定讓車
11002AC391B2482,20210226,120.183936,23.041397,交通事故,其他,臺南市安南區段號海中街139號,2,晴,30,交岔路,交叉路口,無號誌,車與車,左轉彎未依規定
11002AC391B2536,20210226,120.209791,23.02686,交通事故,其他,臺南市安南區段號惠安街與惠安街51巷口,2,晴,40,交岔路,交叉路口,閃光號誌,車與車,未依規定讓車
11002AC391B2541,20210226,120.178314,23.067914,交通事故,一般地址,臺南市安南區公學路4段54號,1,晴,50,交岔路,交叉路口,無號誌,車與車,右轉彎未依規定
11002AC391B2543,20210225,120.218504,23.068931,交通事故,一般地址,臺南市安南區安昌街段72號,3,晴,50,單路部分,路段,無號誌,車與車,起步未注意其他車(人)安全
11002AC391B2544,20210218,120.190512,23.029843,交通事故,交叉路口,臺南市安南區海佃路1段號安通路5,1,晴,50,交岔路,交叉路口,行車管制號誌,車與車,未保持行車安全間隔
11002AC391B2608,20210222,120.139779,23.054197,交通事故,一般地址,臺南市安南區安明路3段940-1號,2,晴,50,單路部分,路段,無號誌,車與車,未保持行車安全距離
11002AC391B2644,20210223,120.191559,23.01993,交通事故,一般地址,臺南市安南區府安路6段10號,1,陰,50,單路部分,路段,無號誌,汽(機)車本身,不明原因肇事
11002AC391B2654,20210219,120.211805,23.060042,交通事故,其他,臺南市安南區段號安南橋上-近北安路與郡安路口,1,晴,50,單路部分,路段,無號誌,車與車,未保持行車安全間隔
11002AC391B2662,20210227,120.204552,23.035558,交通事故,交叉路口,臺南市安南區安中二街段號北安二街,2,晴,50,交岔路,交叉路口,無號誌,車與車,未依規定讓車
11002AC391B2694,20210214,120.134612,23.069112,交通事故,其他,臺南市安南區段號安明路四段北上慢車道(近安明路四段826號),1,晴,70,單路部分,路段,無號誌,車與車,不明原因肇事
11002AC391B2713,20210227,120.139368,23.054196,交通事故,其他,臺南市安南區段號安明路三段與北汕尾三路口,1,晴,70,交岔路,交叉路口,行車管制號誌,車與車,未依規定讓車
11002AC391B2720,20210219,120.243729,23.063717,交通事故,交叉路口,臺南市安南區慶和東路段號慶和路,1,晴,50,單路部分,路段,無號誌,車與車,未保持行車安全距離
11002AC391B2723,20210227,120.194298,23.0416,交通事故,其他,臺南市安南區段號安和路一段703巷70號(安中高幹57右16號電桿),1,晴,30,交岔路,交叉路口,無號誌,車與車,未依規定讓車
11002AC391B2763,20210228,120.180671,23.050928,交通事故,交叉路口,臺南市安南區海佃路段號仁安二街,1,晴,50,交岔路,交叉路口,行車管制號誌,車與車,未注意車前狀態
11002AC391B2775,20210228,120.211727,23.033357,交通事故,其他,臺南市安南區段號安中路一段17號(安中高幹2左1號電桿),1,晴,50,交岔路,交叉路口,無號誌,車與車,未保持行車安全距離
11002AC391B2780,20210222,120.18929,23.050606,交通事故,一般地址,臺南市安南區安吉路1段595號,1,晴,50,交岔路,交叉路口,行車管制號誌,車與車,右轉彎未依規定
11002AC391B2783,20210219,120.193431,23.040167,交通事故,交叉路口,臺南市安南區同安路段262號安中路1699,1,晴,30,交岔路,交叉路口,無號誌,車與車,其他引起事故之違規或不當行為