案件編號,發生日期,GPS經度,GPS緯度,案件類別名稱,地址類型名稱,發生縣市名稱,受傷人數,天候名稱, 速限-第1當事者,道路型態大類別名稱,事故位置大類別名稱,號誌-號誌種類名稱,事故類型及型態大類別名稱,肇因研判子類別名稱-主要
11002AC391B2788,20210223,120.204855,23.026655,交通事故,交叉路口,臺南市安南區北安路2段號北安路293,2,晴,50,交岔路,交叉路口,行車管制號誌,車與車,右轉彎未依規定
11002AC391B2808,20210202,120.130487,23.061736,交通事故,一般地址,臺南市安南區安中路6段540號,1,晴,50,單路部分,路段,無號誌,汽(機)車本身,未注意車前狀態
11002AC391B2814,20210227,120.152596,23.042964,交通事故,交叉路口,臺南市安南區工業一路段號科技一路,2,晴,50,交岔路,交叉路口,無號誌,車與車,未依規定讓車
11002AC391B2845,20210218,120.173909,23.051845,交通事故,一般地址,臺南市安南區本原街3段234號,1,晴,50,交岔路,交叉路口,無號誌,車與車,未依規定讓車
11002AC391B2847,20210228,120.203483,23.042762,交通事故,交叉路口,臺南市安南區北安路3段號怡安路1,2,晴,60,交岔路,交叉路口,行車管制號誌,車與車,違反號誌管制或指揮
11002AC391B2850,20210219,120.166176,23.031679,交通事故,一般地址,臺南市安南區安明路段號,1,晴,70,單路部分,路段,無號誌,車與車,未保持行車安全距離
11002AC391B2853,20210205,120.170323,23.027344,交通事故,交叉路口,臺南市安南區安明路段號海尾路,1,晴,70,交岔路,交叉路口,行車管制號誌,車與車,右轉彎未依規定
11002AC391B2906,20210204,120.203901,23.043512,交通事故,交叉路口,臺南市安南區北安路3段號長溪路2,2,晴,50,交岔路,交叉路口,行車管制號誌,車與車,違反特定標誌(線)禁制
11002AC391B2909,20210227,120.212279,23.03356,交通事故,交叉路口,臺南市安南區長溪路2段號本原街1,1,晴,50,交岔路,交叉路口,行車管制號誌,車與車,未依規定讓車
11002AC391B2910,20210223,120.215689,23.041129,交通事故,一般地址,臺南市安南區安和路2段266號,2,晴,50,交岔路,交叉路口,無號誌,車與車,未保持行車安全距離
11002AC391B2912,20210224,120.179473,23.02333,交通事故,其他,臺南市安南區段號生態街與永續十八街,2,晴,50,交岔路,交叉路口,無號誌,車與車,起步未注意其他車(人)安全
11002AC391B2926,20210228,120.189344,23.050785,交通事故,交叉路口,臺南市安南區安吉路1段號安吉路1601,1,晴,60,交岔路,交叉路口,行車管制號誌,車與車,未注意車前狀態
11002AC391B2933,20210222,120.135835,23.058534,交通事故,其他,臺南市安南區段號育英街720號(土城高幹50右支7左支4號電桿)),1,晴,50,單路部分,路段,無號誌,汽(機)車本身,酒醉(後)駕駛失控
11002AC391B2935,20210209,120.160269,23.038012,交通事故,其他,臺南市安南區段號安明路二段,1,晴,30,單路部分,路段,無號誌,車與車,未保持行車安全距離
11002AC391B2940,20210214,120.203478,23.058508,交通事故,其他,臺南市安南區段號台江大道二段,1,晴,50,單路部分,路段,無號誌,汽(機)車本身,未注意車前狀態
11002AC391B2949,20210218,120.19384,23.043838,交通事故,一般地址,臺南市安南區安中路1段775號,1,晴,50,交岔路,交叉路口,閃光號誌,車與車,未依規定讓車
11002AC391B2955,20210224,120.179515,23.052163,交通事故,一般地址,臺南市安南區海佃路3段259號,1,晴,50,單路部分,路段,無號誌,車與車,變換車道或方向不當
11002AC391B2957,20210224,120.135947,23.081532,交通事故,一般地址,臺南市安南區公學路7段162號,1,晴,50,單路部分,路段,無號誌,車與車,橫越道路不慎
11002AC391B2994,20210217,120.216144,23.0678,交通事故,交叉路口,臺南市安南區安和路5段269號安和路5325,1,晴,30,交岔路,交叉路口,無號誌,車與車,未依規定讓車
11002AC391B3034,20210225,120.175696,23.049231,交通事故,交叉路口,臺南市安南區安中路3段358號功安一街,1,晴,50,交岔路,交叉路口,無號誌,車與車,未依規定讓車
11002AC391B3037,20210225,120.205243,23.040282,交通事故,其他,臺南市安南區段號近長溪路一段406巷,1,晴,50,單路部分,路段,無號誌,車與車,未保持行車安全間隔
11002AC391B3094,20210208,120.17056,23.049361,交通事故,一般地址,臺南市安南區安中路4段125-10號,1,晴,50,單路部分,路段,行車管制號誌,車與車,未保持行車安全距離
11002AC391B3099,20210208,120.231677,23.048423,交通事故,交叉路口,臺南市安南區府安路堤頂大道段號台江大道1府安堤頂道路(近台江大道一段),1,晴,40,交岔路,交叉路口,行車管制號誌,車與車,未依規定讓車
11002AC391B3101,20210215,120.187025,23.042242,交通事故,一般地址,臺南市安南區海佃路2段499號,2,晴,50,單路部分,路段,無號誌,車與車,未依規定讓車
11002AC391B3102,20210207,120.182804,23.01862,交通事故,交叉路口,臺南市安南區宜居路段號宜居二路,1,晴,50,交岔路,交叉路口,行車管制號誌,車與車,違反號誌管制或指揮
11002AC391B3119,20210217,120.239005,23.053132,交通事故,一般地址,臺南市安南區長和路1段1號,1,晴,40,單路部分,路段,無號誌,汽(機)車本身,不明原因肇事
11002AC391B3138,20210209,120.175897,23.048784,交通事故,一般地址,臺南市安南區安中路3段353號,1,晴,50,單路部分,路段,無號誌,車與車,未依規定讓車
11002AC391B3143,20210207,120.191489,23.06824,交通事故,交叉路口,臺南市安南區安吉路段號公學路,1,晴,50,單路部分,路段,行車管制號誌,汽(機)車本身,其他引起事故之違規或不當行為
11002AC391B3161,20210226,120.214182,23.073533,交通事故,一般地址,臺南市安南區安和路6段120號,3,晴,30,交岔路,交叉路口,行車管制號誌,車與車,違反號誌管制或指揮
11002AC391B3174,20210223,120.218697,23.062021,交通事故,一般地址,臺南市安南區安和路4段556號,2,晴,60,單路部分,路段,行車管制號誌,車與車,橫越道路不慎
11002AC391B3184,20210210,120.182484,23.013874,交通事故,一般地址,臺南市安南區安明路觀海橋段號,1,晴,60,單路部分,路段,無號誌,汽(機)車本身,未注意車前狀態
11002AC391B3193,20210228,120.216903,23.067691,交通事故,一般地址,臺南市安南區安和路5段251號,1,晴,60,單路部分,路段,無號誌,車與車,迴轉未依規定
11002AC391B3194,20210221,120.176455,23.076242,交通事故,一般地址,臺南市安南區公學路4段122號,1,晴,30,單路部分,路段,無號誌,車與車,未注意車前狀態
11002AC391B3237,20210202,120.185794,23.038581,交通事故,交叉路口,臺南市安南區海環街段號海環街135,2,晴,50,交岔路,交叉路口,無號誌,車與車,未依規定讓車
11002AC391B3267,20210224,120.178075,23.03232,交通事故,其他,臺南市安南區段號海尾路-西向東近海環街213巷口,2,晴,50,交岔路,交叉路口,行車管制號誌,車與車,未依規定讓車
11002AC391B3268,20210213,120.182778,23.013585,交通事故,其他,臺南市安南區段號安明路一段觀海橋上,1,晴,70,單路部分,路段,行車管制號誌,車與車,未保持行車安全距離
11002AC391B3271,20210213,120.212229,23.029179,交通事故,一般地址,臺南市安南區安通路4段24號,2,晴,50,單路部分,路段,無號誌,汽(機)車本身,尚未發現肇事因素
11002AC391B3273,20210203,120.218719,23.06106,交通事故,一般地址,臺南市安南區安和路4段502號,1,晴,60,單路部分,路段,無號誌,車與車,起步未注意其他車(人)安全
11002AC391B3275,20210214,120.20699,23.058885,交通事故,交叉路口,臺南市安南區工明二路段號工明南二路,1,晴,50,交岔路,交叉路口,閃光號誌,汽(機)車本身,尚未發現肇事因素
11002AC391B3281,20210227,120.186898,23.043158,交通事故,交叉路口,臺南市安南區海中街段號海佃路2483,2,晴,50,交岔路,交叉路口,無號誌,車與車,未依規定讓車
11002AC391B3289,20210218,120.216774,23.029427,交通事故,一般地址,臺南市安南區郡安路3段2362212號,2,晴,30,交岔路,交叉路口,無號誌,車與車,未依規定讓車
11002AC391B3291,20210218,120.203469,23.042764,交通事故,交叉路口,臺南市安南區北安路3段號怡安路2,1,晴,60,交岔路,交叉路口,行車管制號誌,車與車,未依規定讓車
11002AC391B3292,20210228,120.216545,23.042964,交通事故,一般地址,臺南市安南區安和路段300號,2,晴,50,交岔路,路段,無號誌,車與車,起步未注意其他車(人)安全
11002AC391B3316,20210215,120.2151,23.025858,交通事故,交叉路口,臺南市安南區安和路1段號府安路4,1,晴,50,交岔路,交叉路口,行車管制號誌,車與車,未依規定讓車
11002AC391B3321,20210201,120.18492,23.046848,交通事故,一般地址,臺南市安南區安中路2段299號,1,晴,50,單路部分,路段,無號誌,車與車,未依規定讓車
11002AC391B3324,20210221,120.181524,23.015213,交通事故,交叉路口,臺南市安南區安明路觀海橋段號生態街,1,晴,60,交岔路,交叉路口,行車管制號誌,車與車,右轉彎未依規定
11002AC391B3327,20210209,120.173511,23.079315,交通事故,一般地址,臺南市安南區公學路5段332335號,1,晴,30,交岔路,交叉路口,無號誌,車與車,未依規定讓車
11002AC391B3328,20210219,120.192607,23.033579,交通事故,一般地址,臺南市安南區海佃路2段1508823號,3,晴,30,交岔路,交叉路口,無號誌,車與車,未依規定讓車
11002AC391B3345,20210204,120.228149,23.062505,交通事故,交叉路口,臺南市安南區長和路1段號長和路1823,1,晴,50,交岔路,交叉路口,行車管制號誌,汽(機)車本身,未注意車前狀態
11002AC391B3349,20210209,120.179671,23.016978,交通事故,其他,臺南市安南區段號安明路一段北上車道(近173.5KM處),1,晴,70,單路部分,路段,行車管制號誌,車與車,未保持行車安全距離
11002AC391B3351,20210207,120.209217,23.047075,交通事故,一般地址,臺南市安南區北安路3段號,2,晴,60,交岔路,交叉路口,行車管制號誌,車與車,未保持行車安全間隔
11002AC391B3356,20210207,120.212386,23.032714,交通事故,一般地址,臺南市安南區安和路1段303號,1,晴,50,單路部分,路段,無號誌,汽(機)車本身,未保持行車安全間隔
11002AC391B3358,20210228,120.139617,23.054144,交通事故,交叉路口,臺南市安南區北汕尾三路段號安明路,1,晴,50,交岔路,交叉路口,行車管制號誌,車與車,其他引起事故之違規或不當行為
11002AC391B3365,20210222,120.22867,23.049847,交通事故,交叉路口,臺南市安南區台江大道1段號慶和路2,1,晴,50,單路部分,路段,行車管制號誌,車與車,變換車道或方向不當
11002AC391B3378,20210218,120.217122,23.027369,交通事故,交叉路口,臺南市安南區府安路3段號府安路3339,2,晴,50,交岔路,交叉路口,無號誌,車與車,未依規定讓車
11002AC391B3390,20210223,120.198525,23.074655,交通事故,一般地址,臺南市安南區公學路1段293之2號,1,晴,50,單路部分,路段,無號誌,車與車,逆向行駛
11002AC391B3392,20210223,120.226961,23.04721,交通事故,交叉路口,臺南市安南區開安三街段號開安五街,2,晴,30,交岔路,交叉路口,無號誌,車與車,未依規定讓車
11002AC391B3394,20210223,120.237451,23.053743,交通事故,一般地址,臺南市安南區長和路1段95號,1,晴,50,單路部分,路段,無號誌,車與車,未保持行車安全間隔
11002AC391B3395,20210224,120.182948,23.020954,交通事故,交叉路口,臺南市安南區九份子大道段號樂活路,1,晴,50,交岔路,交叉路口,行車管制號誌,車與車,未依規定讓車
11002AC391B3397,20210225,120.217268,23.043297,交通事故,一般地址,臺南市安南區安和路2段31816號,2,晴,30,單路部分,路段,無號誌,車與車,未靠右行駛
11002AC391B3402,20210222,120.15248,23.036962,交通事故,一般地址,臺南市安南區本田路二段段389號,1,晴,50,單路部分,路段,無號誌,汽(機)車本身,未注意車前狀態
11002AC391B3403,20210209,120.198098,23.044508,交通事故,一般地址,臺南市安南區怡安路2段102號,2,晴,50,交岔路,交叉路口,行車管制號誌,車與車,未保持行車安全距離
11002AC391B3412,20210207,120.213455,23.055903,交通事故,交叉路口,臺南市安南區北安路段號台江大道,1,晴,60,交岔路,交叉路口,行車管制號誌,車與車,違規超車
11002AC391B3414,20210224,120.196242,23.044349,交通事故,交叉路口,臺南市安南區怡安路2段號怡安路259,1,晴,50,交岔路,交叉路口,閃光號誌,車與車,未依規定讓車
11002AC391B3423,20210210,120.198639,23.04813,交通事故,一般地址,臺南市安南區本原街1段97155號,3,晴,50,單路部分,路段,無號誌,車與車,橫越道路不慎
11002AC391B3427,20210212,120.147929,23.063447,交通事故,交叉路口,臺南市安南區台江大道段號北汕尾三路,2,晴,70,單路部分,路段,無號誌,車與車,未保持行車安全距離
11002AC391B3432,20210207,120.183537,23.03581,交通事故,交叉路口,臺南市安南區海尾路段號海環街220,1,晴,50,交岔路,交叉路口,行車管制號誌,人與汽(機)車,未注意車前狀態
11002AC391B3435,20210208,120.182829,23.048448,交通事故,一般地址,臺南市安南區海佃路3段72號,1,晴,50,單路部分,路段,無號誌,車與車,未保持行車安全距離
11002AC391B3436,20210210,120.187312,23.041741,交通事故,其他,臺南市安南區段號海佃路二段(近安吉路口),2,晴,50,單路部分,路段,行車管制號誌,車與車,未依規定讓車
11002AC391B3439,20210209,120.209736,23.044012,交通事故,交叉路口,臺南市安南區頂安街段號頂安街339,2,晴,50,交岔路,交叉路口,行車管制號誌,車與車,起步未注意其他車(人)安全
11002AC391B3445,20210213,120.203223,23.04293,交通事故,一般地址,臺南市安南區怡安路2段號,2,晴,40,單路部分,路段,無號誌,車與車,起步未注意其他車(人)安全
11002AC391B3449,20210215,120.204758,23.027286,交通事故,交叉路口,臺南市安南區北安路2段號北安路2123,1,晴,50,交岔路,交叉路口,行車管制號誌,車與車,未依規定讓車
11002AC391B3455,20210212,120.131027,23.068898,交通事故,一般地址,臺南市安南區台江大道5段號,2,晴,70,單路部分,路段,無號誌,汽(機)車本身,尚未發現肇事因素
11002AC391B3457,20210226,120.232553,23.058417,交通事故,交叉路口,臺南市安南區長和路1段號館前一路,1,晴,50,交岔路,交叉路口,行車管制號誌,汽(機)車本身,不明原因肇事
11002AC391B3458,20210226,120.194383,23.043623,交通事故,一般地址,臺南市安南區安中路1段755號,2,晴,50,交岔路,交叉路口,閃光號誌,車與車,未依規定讓車
11002AC391B3459,20210217,120.181712,23.05236,交通事故,交叉路口,臺南市安南區仁安路段號智安四街,2,晴,50,交岔路,交叉路口,閃光號誌,車與車,未依規定讓車
11002AC391B3461,20210206,120.228428,23.047851,交通事故,其他,臺南市安南區段號府安堤頂道路,1,晴,40,單路部分,路段,無號誌,車與車,不明原因肇事
11002AC391B3466,20210220,120.218826,23.029653,交通事故,一般地址,臺南市安南區府安路3段290號,3,晴,40,交岔路,交叉路口,行車管制號誌,車與車,酒醉(後)駕駛失控
11002AC391B3475,20210213,120.176349,23.06764,交通事故,交叉路口,臺南市安南區公學路4段122號十二佃路17,1,晴,50,交岔路,路段,無號誌,車與車,未注意車前狀態
11002AC391B3478,20210215,120.191338,23.070948,交通事故,一般地址,臺南市安南區安吉路3段51號,1,晴,50,單路部分,路段,無號誌,車與車,變換車道或方向不當
11002AC391B3479,20210209,120.176288,23.066295,交通事故,交叉路口,臺南市安南區海佃路4段388號海佃路4388107,1,晴,50,交岔路,交叉路口,行車管制號誌,車與車,違反特定標誌(線)禁制
11002AC391B3480,20210224,120.202174,23.076953,交通事故,交叉路口,臺南市安南區公學路1段號公學路1124,2,晴,30,交岔路,交叉路口,閃光號誌,車與車,未依規定讓車
11002AC391B3481,20210223,120.155016,23.038178,交通事故,交叉路口,臺南市安南區本田路2段號工業二路,1,晴,50,交岔路,交叉路口,行車管制號誌,車與車,未依規定讓車
11002AC391B3482,20210215,120.195489,23.043056,交通事故,交叉路口,臺南市安南區安中路1段號安中路1702,1,晴,50,交岔路,交叉路口,無號誌,車與車,未依規定讓車
11002AC391B3483,20210219,120.137866,23.032383,交通事故,交叉路口,臺南市安南區鹽田路段號工業八路,1,晴,50,交岔路,交叉路口,無號誌,車與車,未依規定讓車
11002AC391B3486,20210219,120.205578,23.043131,交通事故,交叉路口,臺南市安南區頂安街段號頂安街548,1,晴,30,交岔路,交叉路口,無號誌,車與車,左轉彎未依規定
11002AC391B3487,20210219,120.218688,23.063362,交通事故,交叉路口,臺南市安南區安和路段號長和路,1,晴,60,交岔路,交叉路口,行車管制號誌,車與車,左轉彎未依規定
11002AC391B3488,20210219,120.193795,23.044059,交通事故,一般地址,臺南市安南區安中路1段872號,2,晴,50,單路部分,路段,無號誌,車與車,左轉彎未依規定
11002AC391B3489,20210219,120.192536,23.019577,交通事故,一般地址,臺南市安南區安明路觀海橋段號,3,晴,60,單路部分,路段,無號誌,車與車,其他引起事故之違規或不當行為
11002AC391B3490,20210228,120.192031,23.022612,交通事故,一般地址,臺南市安南區海佃路1段108號,2,晴,50,單路部分,路段,無號誌,車與車,未保持行車安全間隔
11002AC391B3493,20210227,120.215147,23.026759,交通事故,一般地址,臺南市安南區安和路1段46號,1,晴,50,單路部分,路段,行車管制號誌,汽(機)車本身,不明原因肇事
11002AC391B3494,20210222,120.209597,23.047157,交通事故,一般地址,臺南市安南區北安路3段號,2,晴,60,單路部分,路段,無號誌,人與汽(機)車,未注意車前狀態
11002AC391B3495,20210222,120.170717,23.026913,交通事故,一般地址,臺南市安南區安明路2段號,1,晴,70,單路部分,路段,無號誌,車與車,未保持行車安全距離
11002AC391B3498,20210224,120.220529,23.07376,交通事故,交叉路口,臺南市安南區安昌街段號安昌街179,1,晴,50,交岔路,交叉路口,無號誌,車與車,未依規定讓車
11002AC391B3499,20210220,120.192624,23.029317,交通事故,交叉路口,臺南市安南區安寧街段號郡安路,2,晴,50,交岔路,交叉路口,閃光號誌,車與車,未依規定讓車
11002AC391B3500,20210207,120.134471,23.067895,交通事故,其他,臺南市安南區段號安明路四段,2,晴,70,單路部分,路段,無號誌,車與車,未保持行車安全距離
11002AC391B3502,20210201,120.191447,23.024703,交通事故,交叉路口,臺南市安南區海佃路一段段號海佃路一段179,2,晴,50,交岔路,交叉路口,無號誌,車與車,未保持行車安全距離
11002AC391B3505,20210222,120.220298,23.069705,交通事故,交叉路口,臺南市安南區安昌街段17479號安昌街174,2,晴,50,交岔路,交叉路口,行車管制號誌,車與車,違反號誌管制或指揮
11002AC391B3506,20210225,120.146911,23.050853,交通事故,其他,臺南市安南區段號安明路二段南向北施工區,3,晴,30,單路部分,路段,無號誌,車與車,其他引起事故之違規或不當行為
11002AC391B3515,20210225,120.218626,23.058042,交通事故,交叉路口,臺南市安南區安和路段號州南六街,2,晴,60,交岔路,交叉路口,行車管制號誌,車與車,未保持行車安全間隔
11002AC391B3517,20210228,120.194797,23.04675,交通事故,一般地址,臺南市安南區怡安路2段51686號,1,晴,50,單路部分,路段,無號誌,車與車,起步未注意其他車(人)安全
11002AC3Q1B1000,20210212,120.134413,23.058111,交通事故,交叉路口,臺南市安南區安明路四段段號安清路1,1,晴,60,單路部分,路段,無號誌,車與車,變換車道或方向不當
11002AC491B0001,20210201,120.186586,22.986979,交通事故,一般地址,臺南市安平區中華西路2段23號0,2,晴,50,單路部分,路段,無號誌,車與車,其他引起事故之違規或不當行為
11002AC491B0051,20210201,120.163645,22.998738,交通事故,其他,臺南市安平區段號安億橋與安平路與運河路與平生路,1,晴,50,交岔路,交叉路口,無號誌,車與車,其他引起事故之違規或不當行為
11002AC491B0135,20210202,120.168518,22.988327,交通事故,其他,臺南市安平區段號健康三街179號對面,2,晴,50,單路部分,路段,無號誌,車與車,未注意車前狀態
11002AC491B0340,20210205,120.171692,22.984076,交通事故,一般地址,臺南市安平區健康路3段308號,1,晴,50,單路部分,路段,無號誌,車與車,右轉彎未依規定
11002AC491B0342,20210205,120.163878,22.993166,交通事故,交叉路口,臺南市安平區平豐路段號育平七街,1,晴,50,單路部分,其他,無號誌,車與車,其他引起事故之違規或不當行為
11002AC491B0376,20210205,120.175934,22.997296,交通事故,交叉路口,臺南市安平區華平路段號建平十七街,1,晴,50,交岔路,交叉路口,行車管制號誌,車與車,右轉彎未依規定
11002AC491B0419,20210205,120.163953,22.992462,交通事故,其他,臺南市安平區段號平豐路與平豐路251巷與育平六街,1,晴,50,交岔路,交叉路口,無號誌,車與車,其他引起事故之違規或不當行為
11002AC491B0545,20210207,120.167869,22.987178,交通事故,一般地址,臺南市安平區府平路段360號,1,晴,50,單路部分,其他,無號誌,車與車,其他引起事故之違規或不當行為
11002AC491B0569,20210205,120.175414,22.99511,交通事故,其他,臺南市安平區段號華平路569號對向車道,1,晴,50,單路部分,路段,無號誌,車與車,未保持行車安全距離
11002AC491B0604,20210203,120.173343,22.998205,交通事故,其他,臺南市安平區段號安平路456之1號前,1,晴,50,單路部分,路段,無號誌,車與車,疲勞(患病)駕駛失控
11002AC491B0687,20210209,120.169152,22.998738,交通事故,交叉路口,臺南市安平區安平路段號安平路606,1,晴,50,交岔路,交叉路口,行車管制號誌,車與車,左轉彎未依規定
11002AC491B0710,20210203,120.157894,22.980682,交通事故,一般地址,臺南市安平區漁光路段134號0,1,晴,50,單路部分,路段,無號誌,車與車,未注意車前狀態
11002AC491B0713,20210208,120.177266,22.995627,交通事故,其他,臺南市安平區段號建平十二街與永華六街口,1,晴,40,交岔路,交叉路口,無號誌,車與車,未依規定讓車
11002AC491B0735,20210208,120.187023,22.9891,交通事故,交叉路口,臺南市安平區中華西路段號永華路,0,晴,50,單路部分,路段,無號誌,汽(機)車本身,不明原因肇事
11002AC491B0750,20210209,120.184649,22.993085,交通事故,交叉路口,臺南市安平區府前路段號府前四街,2,晴,50,交岔路,路段,行車管制號誌,汽(機)車本身,右轉彎未依規定
11002AC491B0777,20210207,120.148252,22.997897,交通事故,其他,臺南市安平區段號安北路與世平路口,1,晴,50,交岔路,交叉路口,行車管制號誌(附設行人專用號誌),車與車,左轉彎未依規定
11002AC491B0789,20210210,120.168384,22.987031,交通事故,交叉路口,臺南市安平區健康三街段號府平路,3,晴,50,單路部分,路段,無號誌,車與車,開啟車門不當而肇事
11002AC491B0802,20210205,120.17597,22.998165,交通事故,交叉路口,臺南市安平區安平路段號華平路,1,晴,50,交岔路,交叉路口,行車管制號誌,車與車,右轉彎未依規定
11002AC491B0823,20210201,120.17508,22.992576,交通事故,其他,臺南市安平區段號華平路望月橋上北向外側車道,1,晴,50,單路部分,路段,行車管制號誌(附設行人專用號誌),車與車,不明原因肇事
11002AC491B0892,20210209,120.18431,22.996786,交通事故,交叉路口,臺南市安平區慶平路段號建平路,1,晴,50,交岔路,交叉路口,行車管制號誌,車與車,左轉彎未依規定
11002AC491B0915,20210208,120.185956,22.997925,交通事故,交叉路口,臺南市安平區安平路段號安平路40,3,晴,50,交岔路,交叉路口,無號誌,車與車,其他引起事故之違規或不當行為
11002AC491B0962,20210205,120.180395,22.993025,交通事故,一般地址,臺南市安平區怡平路段8號,1,晴,50,交岔路,交叉路口,閃光號誌,車與車,左轉彎未依規定
11002AC491B0982,20210211,120.181299,22.986298,交通事故,交叉路口,臺南市安平區建平四街段號建平四街18,1,晴,30,交岔路,交叉路口,無號誌,汽(機)車本身,其他引起事故之違規或不當行為
11002AC491B1013,20210212,120.16903,22.992017,交通事故,交叉路口,臺南市安平區健康三街段號建平八街,2,晴,50,交岔路,交叉路口,閃光號誌,車與車,其他引起事故之違規或不當行為
11002AC491B1042,20210213,120.174897,22.990453,交通事故,其他,臺南市安平區段號永華路二段與華平路口,1,晴,50,交岔路,交叉路口,行車管制號誌(附設行人專用號誌),車與車,未注意車前狀態
11002AC491B1089,20210208,120.161518,22.98497,交通事故,交叉路口,臺南市安平區健康路3段號光州路,1,晴,50,交岔路,交叉路口,行車管制號誌,汽(機)車本身,超速失控
11002AC491B1091,20210204,120.18362,22.994419,交通事故,交叉路口,臺南市安平區建平路段號建平十一街,1,晴,50,交岔路,交叉路口,行車管制號誌,車與車,未依規定讓車
11002AC491B1117,20210214,120.173864,22.999567,交通事故,交叉路口,臺南市安平區民權路4段號安平路446,2,晴,50,交岔路,交叉路口,閃光號誌,車與車,起步未注意其他車(人)安全
11002AC491B1132,20210214,120.170126,22.989936,交通事故,其他,臺南市安平區段號永華九街與建平七街口,1,晴,50,交岔路,交叉路口,無號誌,車與車,未依規定讓車
11002AC491B1144,20210214,120.17651,22.99348,交通事故,一般地址,臺南市安平區怡平路段392號,1,晴,50,單路部分,路段,無號誌,車與車,開啟車門不當而肇事
11002AC491B1151,20210214,120.159352,22.993907,交通事故,交叉路口,臺南市安平區安億路段號光州路,1,晴,50,交岔路,交叉路口,行車管制號誌,車與車,其他引起事故之違規或不當行為
11002AC491B1247,20210215,120.174849,22.989908,交通事故,一般地址,臺南市安平區華平路段269號0,1,晴,50,單路部分,路段,無號誌,汽(機)車本身,起步未注意其他車(人)安全
11002AC491B1280,20210209,120.154432,22.983856,交通事故,一般地址,臺南市安平區漁光路段132-27號,1,晴,50,單路部分,路段,無號誌,車與車,迴轉未依規定
11002AC491B1398,20210206,120.17597,22.998165,交通事故,交叉路口,臺南市安平區安平路段號華平路,1,晴,50,交岔路,交叉路口,行車管制號誌,車與車,未依規定讓車
11002AC491B1404,20210206,120.168946,22.991252,交通事故,交叉路口,臺南市安平區健康三街段號健康三街482,1,晴,50,交岔路,交叉路口,無號誌,車與車,未依規定讓車
11002AC491B1412,20210216,120.178845,22.993038,交通事故,其他,臺南市安平區段號文平路430號前,2,晴,50,單路部分,路段,無號誌,車與車,起步未注意其他車(人)安全
11002AC491B1426,20210217,120.168982,22.991389,交通事故,交叉路口,臺南市安平區永華路2段號健康三街,1,晴,50,交岔路,交叉路口,行車管制號誌,車與車,違反號誌管制或指揮
11002AC491B1527,20210208,120.186469,22.986997,交通事故,交叉路口,臺南市安平區中華西路2段號永華路2,1,晴,50,交岔路,交叉路口,行車管制號誌,車與車,未依規定讓車
11002AC491B1534,20210210,120.183737,22.994853,交通事故,交叉路口,臺南市安平區建平路段號建平十二街,1,晴,50,交岔路,交叉路口,無號誌,車與車,未依規定讓車
11002AC491B1546,20210218,120.185753,22.992885,交通事故,交叉路口,臺南市安平區府前路段號府前三街,1,晴,50,交岔路,交叉路口,行車管制號誌,汽(機)車本身,煞車失靈
11002AC491B1597,20210210,120.169483,22.998636,交通事故,交叉路口,臺南市安平區安平路段號安平路120,1,晴,50,交岔路,交叉路口,行車管制號誌,車與車,未注意車前狀態
11002AC491B1635,20210210,120.184281,22.998152,交通事故,其他,臺南市安平區段號安平路96號前,4,晴,50,交岔路,交叉路口,無號誌,車與車,裝載未盡安全措施
11002AC491B1656,20210215,120.163796,22.996102,交通事故,其他,臺南市安平區段號安億路與育平九街372巷141弄口,1,晴,50,交岔路,交叉路口,無號誌,車與車,未注意車前狀態
11002AC491B1661,20210215,120.160502,22.987896,交通事故,其他,臺南市安平區段號光州路與光州四街口,1,晴,50,交岔路,交叉路口,無號誌,人與汽(機)車,停車操作時，未注意其他車(人)安全
11002AC491B1667,20210219,120.169795,22.998512,交通事故,交叉路口,臺南市安平區安平路段號健康三街,2,晴,50,交岔路,交叉路口,行車管制號誌(附設行人專用號誌),車與車,其他引起事故之違規或不當行為
11002AC491B1679,20210214,120.177317,22.998422,交通事故,一般地址,臺南市安平區安平路段334號0,1,晴,50,交岔路,交叉路口,無號誌,車與車,迴轉未依規定
11002AC491B1692,20210202,120.152671,22.99963,交通事故,其他,臺南市安平區段號安北路與安北路426巷口附近,2,晴,50,單路部分,路段,無號誌,車與車,未注意車前狀態
11002AC491B1711,20210219,120.174004,22.983638,交通事故,其他,臺南市安平區段號健康路三段與華平路,1,晴,50,交岔路,交叉路口,行車管制號誌(附設行人專用號誌),車與車,變換車道或方向不當
11002AC491B1725,20210219,120.174857,22.989353,交通事故,其他,臺南市安平區段號華平路與建平七街口,1,晴,50,交岔路,交叉路口,行車管制號誌(附設行人專用號誌),車與車,未依規定讓車
11002AC491B1750,20210208,120.167175,23.000847,交通事故,交叉路口,臺南市安平區安北路段40號安北路4017,1,晴,50,單路部分,路段,無號誌,汽(機)車本身,不明原因肇事
11002AC491B1757,20210211,120.174617,22.994963,交通事故,其他,臺南市安平區段號育平九街38-7號前,1,晴,50,單路部分,路段,無號誌,車與車,倒車未依規定