案件編號,發生日期,GPS經度,GPS緯度,案件類別名稱,地址類型名稱,發生縣市名稱,受傷人數,天候名稱, 速限-第1當事者,道路型態大類別名稱,事故位置大類別名稱,號誌-號誌種類名稱,事故類型及型態大類別名稱,肇因研判子類別名稱-主要
11002AC491B1778,20210219,120.172713,22.990955,交通事故,其他,臺南市安平區段號永華路二段702號前,1,晴,50,單路部分,路段,無號誌,車與車,未注意車前狀態
11002AC491B1829,20210221,120.178259,22.990223,交通事故,交叉路口,臺南市安平區永華路2段號文平路,3,晴,50,交岔路,交叉路口,行車管制號誌(附設行人專用號誌),車與車,未保持行車安全距離
11002AC491B1872,20210216,120.175073,22.999305,交通事故,交叉路口,臺南市安平區民權路4段號華平路,1,晴,50,交岔路,交叉路口,行車管制號誌,車與車,左轉彎未依規定
11002AC491B1909,20210220,120.176638,22.983382,交通事故,一般地址,臺南市安平區健康路3段148號,2,晴,50,單路部分,路段,無號誌,車與車,未注意車前狀態
11002AC491B2030,20210207,120.177869,22.998326,交通事故,其他,臺南市安平區段號安平路312號前人行道,1,晴,50,交岔路,其他,行車管制號誌(附設行人專用號誌),車與車,疲勞(患病)駕駛失控
11002AC491B2044,20210222,120.182434,22.989586,交通事故,交叉路口,臺南市安平區永華路段號建平路,1,晴,50,交岔路,交叉路口,行車管制號誌,車與車,未注意車前狀態
11002AC491B2100,20210222,120.177787,22.985627,交通事故,交叉路口,臺南市安平區文平路段號建平三街,1,晴,50,交岔路,交叉路口,行車管制號誌,車與車,違反號誌管制或指揮
11002AC491B2144,20210223,120.179878,22.982722,交通事故,交叉路口,臺南市安平區健康路3段號健康一街,1,晴,50,交岔路,交叉路口,行車管制號誌,車與車,未保持行車安全距離
11002AC491B2146,20210212,120.163696,22.998758,交通事故,交叉路口,臺南市安平區運河路段號平生路,2,晴,50,交岔路,交叉路口,行車管制號誌,車與車,未保持行車安全間隔
11002AC491B2151,20210213,120.152399,22.99952,交通事故,交叉路口,臺南市安平區安北路段號同平路,1,晴,50,交岔路,交叉路口,行車管制號誌,車與車,變換車道或方向不當
11002AC491B2196,20210223,120.179094,22.993113,交通事故,一般地址,臺南市安平區怡平路段139號,1,晴,50,交岔路,路段,無號誌,車與車,迴轉未依規定
11002AC491B2244,20210203,120.162371,23.002865,交通事故,一般地址,臺南市安平區安北路段126號,2,晴,50,單路部分,路段,無號誌,汽(機)車本身,尚未發現肇事因素
11002AC491B2270,20210219,120.175376,22.993015,交通事故,交叉路口,臺南市安平區華平路段號平通路,2,晴,50,交岔路,交叉路口,行車管制號誌,車與車,未依規定讓車
11002AC491B2278,20210206,120.183361,22.993391,交通事故,交叉路口,臺南市安平區府前路段號建平路,1,晴,50,交岔路,交叉路口,行車管制號誌(附設行人專用號誌),車與車,右轉彎未依規定
11002AC491B2293,20210215,120.182237,22.987856,交通事故,一般地址,臺南市安平區建平路段232號,1,晴,50,單路部分,路段,無號誌,車與車,變換車道或方向不當
11002AC491B2303,20210224,120.18623,22.995786,交通事故,一般地址,臺南市安平區中華西路段491號,1,晴,50,單路部分,路段,無號誌,車與車,右轉彎未依規定
11002AC491B2326,20210210,120.173803,22.99381,交通事故,一般地址,臺南市安平區怡平路段436號,1,晴,50,單路部分,路段,無號誌,車與車,右轉彎未依規定
11002AC491B2327,20210204,120.182999,22.992122,交通事故,交叉路口,臺南市安平區建平路段號平通路,1,晴,50,交岔路,交叉路口,行車管制號誌,人與汽(機)車,右轉彎未依規定
11002AC491B2328,20210206,120.170751,22.998424,交通事故,交叉路口,臺南市安平區安平路段號安平路550,2,晴,50,交岔路,交叉路口,行車管制號誌,車與車,左轉彎未依規定
11002AC491B2345,20210225,120.166955,22.994397,交通事故,交叉路口,臺南市安平區育平八街段號育平九街372,2,晴,50,交岔路,交叉路口,無號誌,車與車,未依規定讓車
11002AC491B2347,20210225,120.163175,22.98568,交通事故,交叉路口,臺南市安平區光州一街段號健康四街,1,晴,50,交岔路,交叉路口,無號誌,車與車,未依規定讓車
11002AC491B2388,20210225,120.175473,22.985838,交通事故,其他,臺南市安平區段號建平三街與建平一街224巷與建平三街178巷,1,晴,50,交岔路,交叉路口,閃光號誌,車與車,未依規定讓車
11002AC491B2467,20210225,120.179802,22.993078,交通事故,交叉路口,臺南市安平區怡平路段號永華五街,1,晴,50,交岔路,交叉路口,無號誌,車與車,起步未注意其他車(人)安全
11002AC491B2502,20210223,120.187485,22.989929,交通事故,交叉路口,臺南市安平區永華路2段號永華八街,1,晴,50,交岔路,交叉路口,行車管制號誌,車與車,未依規定讓車
11002AC491B2514,20210225,120.174986,22.990525,交通事故,交叉路口,臺南市安平區永華路段號華平路,1,晴,50,交岔路,交叉路口,行車管制號誌,車與車,未依規定讓車
11002AC491B2521,20210225,120.182246,22.992702,交通事故,一般地址,臺南市安平區怡平路段29號,1,晴,50,單路部分,其他,無號誌,車與車,違反特定標誌(線)禁制
11002AC491B2546,20210212,120.136265,23.002871,交通事故,其他,臺南市安平區段號四草大橋南下機慢車道,1,晴,50,單路部分,路段,無號誌,車與車,違規停車或暫停不當而肇事
11002AC491B2547,20210226,120.186824,22.989112,交通事故,其他,臺南市安平區段號中華西路二段與永華路二段口,1,晴,50,交岔路,交叉路口,行車管制號誌(附設行人專用號誌),車與車,未依規定讓車
11002AC491B2599,20210215,120.143035,22.994569,交通事故,其他,臺南市安平區段號安北路與漁港路口,1,晴,50,交岔路,交叉路口,閃光號誌,車與車,右轉彎未依規定
11002AC491B2657,20210227,120.175819,22.996571,交通事故,一般地址,臺南市安平區慶平路段411號,2,晴,50,單路部分,路段,無號誌,車與車,其他引起事故之違規或不當行為
11002AC491B2658,20210227,120.181402,22.990444,交通事故,交叉路口,臺南市安平區永華三街段號建平八街,3,晴,50,單路部分,路段,行車管制號誌,車與車,未依規定讓車
11002AC491B2710,20210227,120.170078,22.984189,交通事故,其他,臺南市安平區段號健康路三段與國平西路口,1,晴,50,交岔路,交叉路口,行車管制號誌,車與車,右轉彎未依規定
11002AC491B2732,20210227,120.174383,22.983495,交通事故,其他,臺南市安平區段號健康路三段與華平路口附近,2,晴,50,單路部分,其他,無號誌,車與車,變換車道或方向不當
11002AC491B2797,20210228,120.178647,22.99323,交通事故,其他,臺南市安平區段號文平路與怡平路口,1,晴,50,交岔路,路段,無號誌,車與車,未注意車前狀態
11002AC491B2852,20210226,120.177448,22.997362,交通事故,交叉路口,臺南市安平區永華六街段號建平十七街,2,晴,50,交岔路,交叉路口,無號誌,車與車,其他引起事故之違規或不當行為
11002AC491B2870,20210226,120.166604,22.987697,交通事故,交叉路口,臺南市安平區育平路段號育平三街,1,晴,50,交岔路,交叉路口,無號誌,車與車,其他引起事故之違規或不當行為
11002AC491B2908,20210204,120.174357,22.985964,交通事故,交叉路口,臺南市安平區華平路段號建平三街,1,晴,50,交岔路,交叉路口,閃光號誌,車與車,左轉彎未依規定
11002AC491B2914,20210224,120.175612,22.994694,交通事故,交叉路口,臺南市安平區華平路段號育平九街,1,晴,50,交岔路,交叉路口,行車管制號誌,車與車,未依規定讓車
11002AC491B2915,20210226,120.172517,22.991121,交通事故,一般地址,臺南市安平區永華路2段704號,1,晴,50,單路部分,路段,無號誌,車與車,起步未注意其他車(人)安全
11002AC491B2958,20210225,120.185046,22.994766,交通事故,交叉路口,臺南市安平區府前四街段號府前四街168,1,晴,50,交岔路,交叉路口,行車管制號誌,車與車,未依規定讓車
11002AC491B3003,20210208,120.177432,22.99685,交通事故,交叉路口,臺南市安平區慶平路段號永華六街,1,晴,50,交岔路,交叉路口,行車管制號誌,人與汽(機)車,違反號誌管制或指揮
11002AC491B3027,20210225,120.184338,22.997268,交通事故,交叉路口,臺南市安平區建平路段號建平十七街,2,晴,50,交岔路,交叉路口,行車管制號誌,車與車,未依規定讓車
11002AC491B3033,20210226,120.178357,22.990209,交通事故,交叉路口,臺南市安平區文平路段號文平路187,1,晴,50,交岔路,交叉路口,行車管制號誌,車與車,未依規定讓車
11002AC491B3040,20210226,120.173906,22.991408,交通事故,交叉路口,臺南市安平區健康二街段號建平八街,1,晴,50,交岔路,交叉路口,行車管制號誌,車與車,違規超車
11002AC491B3055,20210204,120.147019,22.991554,交通事故,其他,臺南市安平區段號安港路燈塔旁,1,晴,50,單路部分,路段,無號誌,汽(機)車本身,不明原因肇事
11002AC491B3060,20210227,120.149165,22.998267,交通事故,交叉路口,臺南市安平區安北路段號州平三街,1,晴,50,交岔路,交叉路口,閃光號誌,車與車,左轉彎未依規定
11002AC491B3061,20210222,120.186054,22.992815,交通事故,其他,臺南市安平區段號府前路二段311號前附近人行道上,1,晴,50,單路部分,其他,無號誌,汽(機)車本身,不明原因肇事
11002AC491B3074,20210202,120.186767,22.992707,交通事故,交叉路口,臺南市安平區中華西路2段號府前路2,1,晴,50,交岔路,交叉路口,行車管制號誌(附設行人專用號誌),車與車,未保持行車安全間隔
11002AC491B3076,20210206,120.166516,23.000795,交通事故,一般地址,臺南市安平區安北路段54號,2,晴,50,單路部分,路段,無號誌,車與車,不明原因肇事
11002AC491B3077,20210207,120.161726,22.994465,交通事故,交叉路口,臺南市安平區安億路段號永華十一街,1,晴,50,交岔路,交叉路口,閃光號誌,車與車,未保持行車安全距離
11002AC491B3078,20210213,120.174974,22.994773,交通事故,交叉路口,臺南市安平區育平九街段號怡平路410,2,晴,50,交岔路,交叉路口,無號誌,車與車,未依規定讓車
11002AC491B3079,20210214,120.162663,22.998854,交通事故,一般地址,臺南市安平區運河路段16號,1,晴,50,單路部分,路段,無號誌,車與車,左轉彎未依規定
11002AC491B3080,20210215,120.154298,23.002359,交通事故,其他,臺南市安平區段號古堡街196號(路燈號：安平區4777號,1,晴,50,單路部分,路段,無號誌,車與車,未注意車前狀態
11002AC491B3081,20210216,120.17549,22.98949,交通事故,交叉路口,臺南市安平區建平七街段號建平六街74,1,晴,50,交岔路,交叉路口,無號誌,車與車,左轉彎未依規定
11002AC491B3082,20210216,120.172975,22.998098,交通事故,一般地址,臺南市安平區安平路段468號,2,晴,50,單路部分,路段,無號誌,車與車,起步未注意其他車(人)安全
11002AC491B3083,20210216,120.186867,22.989153,交通事故,交叉路口,臺南市安平區中華西路2段號永華路2,1,晴,50,交岔路,交叉路口,行車管制號誌(附設行人專用號誌),車與車,未保持行車安全距離
11002AC491B3084,20210219,120.161317,22.999322,交通事故,交叉路口,臺南市安平區國勝路段號國勝路7,2,晴,50,交岔路,交叉路口,無號誌,車與車,未依規定讓車
11002AC491B3085,20210219,120.173098,22.997142,交通事故,交叉路口,臺南市安平區慶平路段號永華八街,2,晴,50,交岔路,交叉路口,行車管制號誌,車與車,左轉彎未依規定
11002AC491B3087,20210225,120.178194,22.990029,交通事故,交叉路口,臺南市安平區永華路2段號文平路,2,晴,50,交岔路,交叉路口,行車管制號誌(附設行人專用號誌),車與車,右轉彎未依規定
11002AC491B3088,20210227,120.150669,22.99509,交通事故,交叉路口,臺南市安平區世平路段號世平一街,2,晴,50,交岔路,交叉路口,無號誌,車與車,未依規定讓車
11002AC491B3089,20210227,120.183525,22.99336,交通事故,交叉路口,臺南市安平區府前路2段號建平路,1,晴,50,交岔路,交叉路口,行車管制號誌(附設行人專用號誌),車與車,右轉彎未依規定
11002AC491B3154,20210216,120.162821,22.998848,交通事故,交叉路口,臺南市安平區運河路段號運河路13,2,晴,50,交岔路,交叉路口,無號誌,車與車,左轉彎未依規定
11002AC491B3172,20210216,120.175486,22.990632,交通事故,一般地址,臺南市安平區永華路2段492號,1,晴,50,單路部分,路段,行車管制號誌,車與車,未保持行車安全距離
11002AC491B3173,20210222,120.16303,22.987103,交通事故,交叉路口,臺南市安平區府平路段號健康四街,2,晴,50,交岔路,交叉路口,閃光號誌,車與車,未依規定讓車
11002AC491B3205,20210217,120.186358,22.996522,交通事故,交叉路口,臺南市安平區中華西路2段號建平十六街,1,晴,60,交岔路,交叉路口,行車管制號誌,車與車,變換車道或方向不當
11002AC491B3230,20210218,120.177454,22.998231,交通事故,一般地址,臺南市安平區安平路段332號,1,晴,50,單路部分,路段,無號誌,車與車,變換車道或方向不當
11002AC491B3231,20210206,120.18362,22.994419,交通事故,交叉路口,臺南市安平區建平十一街段號建平路,3,晴,50,交岔路,交叉路口,行車管制號誌,車與車,左轉彎未依規定
11002AC491B3255,20210228,120.159457,23.002416,交通事故,一般地址,臺南市安平區安北路段207號,1,晴,50,單路部分,路段,無號誌,車與車,橫越道路不慎
11002AC491B3262,20210204,120.170138,22.989949,交通事故,交叉路口,臺南市安平區建平七街段號永華九街,1,晴,50,交岔路,交叉路口,無號誌,車與車,未依規定讓車
11002AC491B3263,20210217,120.149165,22.998267,交通事故,交叉路口,臺南市安平區安北路段號州平三街,1,晴,50,交岔路,交叉路口,閃光號誌,車與車,未依規定讓車
11002AC491B3264,20210218,120.179542,22.990739,交通事故,交叉路口,臺南市安平區永華五街段號建平八街,1,晴,50,交岔路,交叉路口,閃光號誌,車與車,未依規定讓車
11002AC491B3265,20210218,120.182203,22.988534,交通事故,交叉路口,臺南市安平區建平路段號建平七街,1,晴,50,交岔路,交叉路口,行車管制號誌,車與車,左轉彎未依規定
11002AC491B3266,20210222,120.169773,22.998537,交通事故,交叉路口,臺南市安平區安平路段號健康三街,1,晴,50,交岔路,交叉路口,行車管制號誌,車與車,右轉彎未依規定
11002AC491B3277,20210213,120.185848,22.989972,交通事故,交叉路口,臺南市安平區永華路2段號華平路,1,晴,50,交岔路,交叉路口,行車管制號誌,人與汽(機)車,未注意車前狀態
11002AC491B3280,20210226,120.185724,22.993797,交通事故,交叉路口,臺南市安平區建平五街段號建平四街18,2,晴,40,交岔路,交叉路口,無號誌,車與車,未依規定讓車
11002AC491B3357,20210217,120.161328,23.002378,交通事故,一般地址,臺南市安平區古堡街段62號,1,晴,30,單路部分,其他,無號誌,人與汽(機)車,未注意車前狀態
11002AC491B3462,20210204,120.172271,22.991591,交通事故,交叉路口,臺南市安平區永華八街段號建平八街,1,晴,50,交岔路,交叉路口,無號誌,車與車,未依規定讓車
11002AC491B3519,20210218,120.162852,23.001921,交通事故,一般地址,臺南市安平區安北路段121161號0,1,晴,40,單路部分,路段,無號誌,汽(機)車本身,未注意車前狀態
11002AC591A0017,20210220,120.196093,23.001476,交通事故,交叉路口,臺南市北區成功路段號金華路5,0,晴,50,交岔路,交叉路口,行車管制號誌,車與車,違反號誌管制或指揮
11002AC591A0021,20210223,120.21353,23.003935,交通事故,交叉路口,臺南市北區北門路二段段號公園北路,0,晴,50,交岔路,交叉路口,行車管制號誌(附設行人專用號誌),車與車,未依規定讓車
11002AC591B0018,20210201,120.225683,23.0064,交通事故,交叉路口,臺南市北區南園街段號南園街162,2,晴,30,交岔路,交叉路口,無號誌,車與車,未依規定讓車
11002AC591B0022,20210201,120.222718,23.004062,交通事故,一般地址,臺南市北區長榮路四段段52號,1,晴,50,交岔路,交叉路口,行車管制號誌(附設行人專用號誌),車與車,未保持行車安全距離
11002AC591B0024,20210201,120.205086,23.004604,交通事故,一般地址,臺南市北區西門路三段段270號,2,晴,50,交岔路,交叉路口,無號誌,車與車,迴轉未依規定
11002AC591B0038,20210201,120.193868,23.012054,交通事故,交叉路口,臺南市北區文賢路段號文成路,2,晴,50,交岔路,交叉路口,行車管制號誌,車與車,違反號誌管制或指揮
11002AC591B0047,20210201,120.184464,23.006189,交通事故,一般地址,臺南市北區和緯路五段段62號,1,晴,50,交岔路,交叉路口,無號誌,車與車,未依規定讓車
11002AC591B0061,20210201,120.222441,23.00358,交通事故,交叉路口,臺南市北區長榮路四段31段號長榮路四段,1,晴,30,交岔路,交叉路口,無號誌,車與車,未依規定讓車
11002AC591B0065,20210201,120.185029,23.011134,交通事故,交叉路口,臺南市北區中華北路一段段號安明路觀海橋,1,晴,60,交岔路,交叉路口,行車管制號誌,車與車,右轉彎未依規定
11002AC591B0075,20210201,120.183894,23.00967,交通事故,一般地址,臺南市北區大興街段358號,1,晴,50,單路部分,路段,無號誌,車與車,迴轉未依規定
11002AC591B0080,20210202,120.197449,23.000923,交通事故,交叉路口,臺南市北區康樂街段號成功路410,1,晴,50,交岔路,交叉路口,無號誌,車與車,左轉彎未依規定
11002AC591B0094,20210202,120.211359,23.018502,交通事故,交叉路口,臺南市北區北成路段號北成路20,1,晴,50,單路部分,路段,無號誌,汽(機)車本身,其他引起事故之違規或不當行為
11002AC591B0095,20210201,120.207927,23.014157,交通事故,交叉路口,臺南市北區文成一路段號文成一路6,2,晴,50,交岔路,交叉路口,無號誌,車與車,未保持行車安全距離
11002AC591B0097,20210202,120.195894,23.003049,交通事故,一般地址,臺南市北區成功路段60039號,1,晴,30,交岔路,交叉路口,無號誌,車與車,未依規定讓車
11002AC591B0106,20210202,120.220382,23.010999,交通事故,交叉路口,臺南市北區長榮路五段段號長榮路五段76,1,晴,50,交岔路,交叉路口,行車管制號誌,車與車,未保持行車安全間隔
11002AC591B0125,20210201,120.208751,23.001054,交通事故,交叉路口,臺南市北區公園路段號公園南路,1,晴,50,單路部分,路段,無號誌,車與車,違反特定標誌(線)禁制
11002AC591B0128,20210202,120.21249,23.01377,交通事故,一般地址,臺南市北區公園路段858號,1,晴,50,交岔路,交叉路口,無號誌,車與車,其他引起事故之違規或不當行為
11002AC591B0139,20210202,120.199799,23.009393,交通事故,交叉路口,臺南市北區海安路三段段號立賢路二段,1,晴,50,交岔路,路段,行車管制號誌,汽(機)車本身,其他引起事故之違規或不當行為
11002AC591B0168,20210203,120.196972,23.014186,交通事故,交叉路口,臺南市北區文賢二街段號文賢二街431,1,晴,50,交岔路,交叉路口,閃光號誌,車與車,未依規定讓車
11002AC591B0180,20210203,120.195098,23.002086,交通事故,交叉路口,臺南市北區成功路段號臨安路二段,1,晴,50,交岔路,交叉路口,行車管制號誌,車與車,違反號誌管制或指揮
11002AC591B0189,20210203,120.208733,23.000997,交通事故,交叉路口,臺南市北區公園路段號公園南路,1,晴,50,交岔路,交叉路口,行車管制號誌,車與車,左轉彎未依規定
11002AC591B0200,20210202,120.222461,23.003549,交通事故,交叉路口,臺南市北區長榮路4段31號長榮路4,1,晴,50,交岔路,交叉路口,無號誌,車與車,違反特定標誌(線)禁制
11002AC591B0202,20210202,120.184987,23.011266,交通事故,交叉路口,臺南市北區中華北路1段號安明路觀海橋,1,晴,40,交岔路,交叉路口,行車管制號誌(附設行人專用號誌),車與車,違反號誌管制或指揮
11002AC591B0206,20210203,120.209326,23.017109,交通事故,交叉路口,臺南市北區北安路1段號育賢街,2,晴,40,交岔路,交叉路口,行車管制號誌,車與車,違反號誌管制或指揮
11002AC591B0207,20210201,120.215773,23.009664,交通事故,一般地址,臺南市北區北門路二段段503號,1,晴,50,單路部分,路段,無號誌,汽(機)車本身,未保持行車安全距離
11002AC591B0213,20210203,120.185883,23.008317,交通事故,一般地址,臺南市北區中華北路一段段76號,1,晴,40,單路部分,路段,無號誌,車與車,未注意車前狀態
11002AC591B0215,20210203,120.206085,23.001667,交通事故,交叉路口,臺南市北區公園南路段號忠義路,1,晴,50,交岔路,交叉路口,行車管制號誌,車與車,未依規定讓車
11002AC591B0225,20210204,120.213606,23.004054,交通事故,交叉路口,臺南市北區北門路二段段號公園北路,1,晴,50,交岔路,交叉路口,行車管制號誌,車與車,未依規定讓車
11002AC591B0238,20210203,120.193868,23.012054,交通事故,交叉路口,臺南市北區文賢路段號大興街,1,晴,50,交岔路,交叉路口,行車管制號誌(附設行人專用號誌),汽(機)車本身,其他引起事故之違規或不當行為
11002AC591B0239,20210203,120.200081,23.020399,交通事故,一般地址,臺南市北區中華北路二段段139號,1,晴,60,單路部分,路段,無號誌,汽(機)車本身,其他引起事故之違規或不當行為
11002AC591B0240,20210204,120.205399,23.018834,交通事故,一般地址,臺南市北區文成五路段27號,1,晴,50,單路部分,路段,無號誌,車與車,迴轉未依規定
11002AC591B0306,20210202,120.22488,23.006901,交通事故,一般地址,臺南市北區林森路三段段2409號0,2,晴,30,交岔路,交叉路口,無號誌,車與車,未依規定讓車
11002AC591B0308,20210203,120.211072,23.011319,交通事故,一般地址,臺南市北區公園路段778號,1,晴,50,單路部分,路段,無號誌,車與車,未注意車前狀態
11002AC591B0309,20210203,120.227453,23.001388,交通事故,一般地址,臺南市北區東豐路段488號,1,晴,50,交岔路,交叉路口,行車管制號誌,車與車,未依規定讓車
11002AC591B0311,20210204,120.199159,23.005638,交通事故,交叉路口,臺南市北區海安路三段段181號臨安路二段195,1,晴,30,交岔路,交叉路口,無號誌,車與車,未依規定讓車
11002AC591B0318,20210204,120.209299,23.022465,交通事故,其他,臺南市北區段號中華北路二段鄭仔寮橋,1,晴,40,單路部分,路段,行車管制號誌,汽(機)車本身,其他引起事故之違規或不當行為
11002AC591B0344,20210205,120.204095,23.007274,交通事故,一般地址,臺南市北區育德路段70號,2,晴,50,交岔路,交叉路口,無號誌,車與車,未依規定讓車
11002AC591B0388,20210205,120.208149,22.999792,交通事故,一般地址,臺南市北區北忠街段139號,1,晴,50,單路部分,路段,無號誌,車與車,未保持行車安全間隔
11002AC591B0392,20210203,120.227038,23.002029,交通事故,一般地址,臺南市北區東豐路段449號,1,晴,50,交岔路,交叉路口,行車管制號誌,車與車,逆向行駛
11002AC591B0397,20210205,120.20246,23.007905,交通事故,交叉路口,臺南市北區育德二路段號民德路5829,1,晴,50,交岔路,路段,閃光號誌,車與車,開啟車門不當而肇事
11002AC591B0400,20210204,120.200423,23.013818,交通事故,交叉路口,臺南市北區海安路三段段號文成一路,1,晴,50,交岔路,交叉路口,行車管制號誌(附設行人專用號誌),車與車,左轉彎未依規定
11002AC591B0401,20210204,120.193869,23.009658,交通事故,交叉路口,臺南市北區和緯路四段段號文賢路,2,晴,50,交岔路,交叉路口,行車管制號誌(附設行人專用號誌),車與車,起步未注意其他車(人)安全
11002AC591B0402,20210204,120.204384,23.003841,交通事故,交叉路口,臺南市北區西門路三段段號民德路,1,晴,50,交岔路,交叉路口,行車管制號誌(附設行人專用號誌),車與車,未依規定讓車
11002AC591B0404,20210205,120.224417,23.010879,交通事故,一般地址,臺南市北區開元路段485號,2,晴,50,交岔路,交叉路口,行車管制號誌(附設行人專用號誌),車與車,未依規定讓車
11002AC591B0431,20210206,120.211635,23.019674,交通事故,交叉路口,臺南市北區北成路段38號西門路四段507,2,晴,30,交岔路,交叉路口,閃光號誌,車與車,未依規定讓車
11002AC591B0435,20210204,120.208908,23.004977,交通事故,交叉路口,臺南市北區公園北路段號公園北路136,1,晴,50,交岔路,交叉路口,行車管制號誌,車與車,未保持行車安全間隔
11002AC591B0436,20210205,120.204715,23.019889,交通事故,交叉路口,臺南市北區北成路段號育德一街,1,晴,50,交岔路,交叉路口,無號誌,車與車,起步未注意其他車(人)安全
11002AC591B0443,20210204,120.216428,23.011125,交通事故,一般地址,臺南市北區北門路二段段602號,1,晴,50,單路部分,路段,無號誌,車與車,其他引起事故之故障
11002AC591B0506,20210206,120.193526,23.016248,交通事故,一般地址,臺南市北區文賢路段1116號,1,晴,50,交岔路,交叉路口,行車管制號誌,汽(機)車本身,其他引起事故之違規或不當行為
11002AC591B0512,20210206,120.212739,22.999949,交通事故,交叉路口,臺南市北區北門路2段號公園南路,1,晴,50,交岔路,交叉路口,行車管制號誌(附設行人專用號誌),車與車,未依規定讓車
11002AC591B0514,20210206,120.228034,23.010939,交通事故,一般地址,臺南市北區開南街段27524號,1,晴,30,單路部分,路段,無號誌,汽(機)車本身,未注意車前狀態
11002AC591B0527,20210207,120.216967,23.012774,交通事故,交叉路口,臺南市北區北門路二段段號長榮路五段,1,晴,50,交岔路,交叉路口,行車管制號誌(附設行人專用號誌),車與車,違反特定標誌(線)禁制
11002AC591B0551,20210207,120.204949,23.004409,交通事故,一般地址,臺南市北區西門路三段段264號,1,晴,50,單路部分,路段,無號誌,車與車,未注意車前狀態
11002AC591B0590,20210208,120.213023,23.014751,交通事故,交叉路口,臺南市北區公園路段號北安路,1,晴,50,交岔路,交叉路口,行車管制號誌(附設行人專用號誌),車與車,未注意車前狀態
11002AC591B0612,20210208,120.200396,23.010248,交通事故,一般地址,臺南市北區海安路三段段378號,2,晴,40,單路部分,路段,無號誌,汽(機)車本身,其他引起事故之違規或不當行為
11002AC591B0616,20210208,120.20621,23.001741,交通事故,交叉路口,臺南市北區公園南路段號忠義路,2,晴,50,交岔路,交叉路口,行車管制號誌,車與車,違反號誌管制或指揮
11002AC591B0629,20210205,120.206068,23.001635,交通事故,一般地址,臺南市北區公園南路段179號0,1,晴,50,單路部分,路段,行車管制號誌,車與車,未注意車前狀態
11002AC591B0631,20210208,120.201756,23.01273,交通事故,交叉路口,臺南市北區文成路段號育德三街,1,晴,50,交岔路,交叉路口,閃光號誌,車與車,未依規定讓車
11002AC591B0632,20210208,120.214158,23.014825,交通事故,交叉路口,臺南市北區公園路段918號公園路91811,2,晴,30,交岔路,交叉路口,無號誌,車與車,未依規定讓車
11002AC591B0633,20210208,120.193663,23.007174,交通事故,一般地址,臺南市北區文賢路段335號0,1,晴,50,交岔路,交叉路口,無號誌,車與車,未保持行車安全距離
11002AC591B0668,20210207,120.214391,23.009595,交通事故,一般地址,臺南市北區和緯路一段段90號,1,晴,40,交岔路,交叉路口,行車管制號誌,汽(機)車本身,其他引起事故之違規或不當行為
11002AC591B0683,20210209,120.203601,23.00964,交通事故,交叉路口,臺南市北區立賢路一段段號育德二路,1,晴,50,交岔路,交叉路口,行車管制號誌,車與車,未依規定讓車
11002AC591B0722,20210204,120.208185,23.001211,交通事故,一般地址,臺南市北區公園南路段52號,3,晴,50,單路部分,路段,無號誌,車與車,不明原因肇事
11002AC591B0737,20210209,120.205687,23.006029,交通事故,交叉路口,臺南市北區西門路四段段號北安路一段,1,晴,50,交岔路,交叉路口,行車管制號誌(附設行人專用號誌),車與車,未依規定讓車
11002AC591B0763,20210209,120.193187,23.01797,交通事故,交叉路口,臺南市北區中華北路一段段號文賢路,2,晴,50,交岔路,交叉路口,行車管制號誌(附設行人專用號誌),車與車,違反號誌管制或指揮
11002AC591B0768,20210209,120.199898,23.003897,交通事故,交叉路口,臺南市北區海安路三段段號臨安路二段,1,晴,50,交岔路,交叉路口,行車管制號誌,汽(機)車本身,未依規定減速
11002AC591B0778,20210209,120.209364,23.01711,交通事故,交叉路口,臺南市北區北安路一段段號育賢街,1,晴,50,交岔路,交叉路口,行車管制號誌,車與車,違反號誌管制或指揮
11002AC591B0832,20210210,120.212735,22.999953,交通事故,交叉路口,臺南市北區公園南路段號北門路二段,1,晴,50,交岔路,交叉路口,行車管制號誌,車與車,未保持行車安全距離
11002AC591B0839,20210210,120.185691,23.010185,交通事故,交叉路口,臺南市北區大興街段6023號大興街652,1,晴,30,交岔路,路段,無號誌,車與車,未依規定讓車
11002AC591B0864,20210210,120.205208,22.999545,交通事故,交叉路口,臺南市北區忠義路三段段號崇安街,1,陰,50,交岔路,交叉路口,無號誌,車與車,未依規定讓車
11002AC591B0875,20210210,120.185614,23.008597,交通事故,一般地址,臺南市北區中華北路一段段81號,1,晴,40,交岔路,交叉路口,行車管制號誌,車與車,未保持行車安全距離
11002AC591B0878,20210210,120.188563,23.007233,交通事故,一般地址,臺南市北區武聖路段243號,1,晴,50,單路部分,路段,無號誌,車與車,未注意車前狀態
11002AC591B0904,20210210,120.230236,22.99923,交通事故,一般地址,臺南市北區小東路段297-3號,1,晴,50,交岔路,交叉路口,無號誌,車與車,未保持行車安全間隔