案件編號,發生日期,GPS經度,GPS緯度,案件類別名稱,地址類型名稱,發生縣市名稱,受傷人數,天候名稱, 速限-第1當事者,道路型態大類別名稱,事故位置大類別名稱,號誌-號誌種類名稱,事故類型及型態大類別名稱,肇因研判子類別名稱-主要
11002AC591B0914,20210210,120.199282,23.001568,交通事故,一般地址,臺南市北區海安路三段段26號,1,晴,40,交岔路,交叉路口,無號誌,車與車,未保持行車安全距離
11002AC591B0920,20210211,120.20884,23.012109,交通事故,交叉路口,臺南市北區西門路四段段號文成路,2,晴,40,交岔路,交叉路口,無號誌,車與車,未依規定讓車
11002AC591B0939,20210211,120.200755,23.007713,交通事故,交叉路口,臺南市北區民德路段90號育德二路51,2,陰,30,交岔路,交叉路口,無號誌,車與車,未依規定讓車
11002AC591B0961,20210212,120.204978,22.99847,交通事故,交叉路口,臺南市北區成功路段號忠義路三段,1,晴,50,交岔路,交叉路口,行車管制號誌,車與車,未注意車前狀態
11002AC591B0971,20210211,120.202939,23.007643,交通事故,交叉路口,臺南市北區民德路段58號民德路5834,1,晴,30,交岔路,交叉路口,無號誌,車與車,未依規定讓車
11002AC591B0994,20210212,120.210739,23.004581,交通事故,交叉路口,臺南市北區公園路段號公園北路,1,晴,50,交岔路,交叉路口,行車管制號誌,汽(機)車本身,未注意車前狀態
11002AC591B0999,20210212,120.203389,23.002474,交通事故,交叉路口,臺南市北區西門路三段段號公園南路,1,晴,50,交岔路,交叉路口,行車管制號誌(附設行人專用號誌),車與車,未保持行車安全間隔
11002AC591B1029,20210208,120.18541,23.00998,交通事故,交叉路口,臺南市北區中華北路段號大興街,3,晴,40,交岔路,交叉路口,行車管制號誌,車與車,其他引起事故之違規或不當行為
11002AC591B1030,20210208,120.198824,23.000573,交通事故,交叉路口,臺南市北區成功路段號海安路三段,1,晴,50,交岔路,交叉路口,行車管制號誌,車與車,未依規定讓車
11002AC591B1033,20210213,120.220556,23.00089,交通事故,其他,臺南市北區段號小東路成杏校區左側大門,1,晴,40,交岔路,交叉路口,行車管制號誌,汽(機)車本身,未注意車前狀態
11002AC591B1046,20210207,120.226995,23.004689,交通事故,交叉路口,臺南市北區開南街段211號開南街,1,晴,30,交岔路,交叉路口,無號誌,車與車,未依規定讓車
11002AC591B1048,20210207,120.185617,23.008125,交通事故,一般地址,臺南市北區中華北路1段65號,1,晴,60,單路部分,路段,無號誌,汽(機)車本身,未保持行車安全距離
11002AC591B1050,20210213,120.212708,22.999971,交通事故,交叉路口,臺南市北區北門路二段段號公園南路,2,晴,50,交岔路,交叉路口,行車管制號誌(附設行人專用號誌),車與車,未依規定讓車
11002AC591B1051,20210208,120.2176,23.006511,交通事故,一般地址,臺南市北區開元路段103號,1,晴,50,單路部分,路段,無號誌,車與車,變換車道或方向不當
11002AC591B1055,20210206,120.22771,23.000181,交通事故,一般地址,臺南市北區小東路段199號,2,晴,40,單路部分,路段,無號誌,車與車,未保持行車安全間隔
11002AC591B1056,20210208,120.184673,23.008682,交通事故,一般地址,臺南市北區中華北路1段10516號,2,晴,30,單路部分,路段,無號誌,汽(機)車本身,其他引起事故之違規或不當行為
11002AC591B1085,20210207,120.221378,23.006741,交通事故,一般地址,臺南市北區長榮路四段段183號,3,晴,50,交岔路,交叉路口,行車管制號誌,車與車,未保持行車安全間隔
11002AC591B1107,20210213,120.184955,23.011526,交通事故,交叉路口,臺南市北區中華北路一段段號安明路觀海橋,2,晴,50,交岔路,交叉路口,行車管制號誌,車與車,違反特定標誌(線)禁制
11002AC591B1109,20210208,120.216967,23.012774,交通事故,交叉路口,臺南市北區長榮路五段段號北門路二段,1,晴,50,交岔路,交叉路口,行車管制號誌(附設行人專用號誌),車與車,未保持行車安全間隔
11002AC591B1118,20210213,120.1935,23.01625,交通事故,一般地址,臺南市北區文賢路段1122號,1,晴,50,交岔路,交叉路口,行車管制號誌,車與車,未依規定讓車
11002AC591B1126,20210213,120.210242,23.006242,交通事故,交叉路口,臺南市北區公園路段號公園路1032,1,晴,50,交岔路,交叉路口,無號誌,車與車,起步未注意其他車(人)安全
11002AC591B1131,20210206,120.20995,23.00805,交通事故,交叉路口,臺南市北區公園路段號公園路862,2,晴,50,交岔路,交叉路口,無號誌,車與車,起步未注意其他車(人)安全
11002AC591B1143,20210214,120.201539,23.016093,交通事故,交叉路口,臺南市北區文成三路段號育德三街,1,晴,50,交岔路,交叉路口,行車管制號誌(附設行人專用號誌),車與車,違反號誌管制或指揮
11002AC591B1152,20210214,120.185919,23.0069,交通事故,交叉路口,臺南市北區中華北路1段號和緯路5,1,晴,60,交岔路,交叉路口,行車管制號誌(附設行人專用號誌),車與車,未依規定讓車
11002AC591B1156,20210214,120.20037,23.01598,交通事故,交叉路口,臺南市北區文成三路段號海安路三段,1,晴,40,交岔路,交叉路口,行車管制號誌,車與車,違反特定標誌(線)禁制
11002AC591B1239,20210215,120.181949,23.010831,交通事故,交叉路口,臺南市北區賢北街段號中華北路1263,1,晴,30,交岔路,交叉路口,閃光號誌,車與車,未依規定讓車
11002AC591B1241,20210215,120.190037,23.012183,交通事故,交叉路口,臺南市北區大和路段號大興街150,1,晴,30,交岔路,交叉路口,無號誌,車與車,未依規定讓車
11002AC591B1257,20210215,120.193949,23.011126,交通事故,一般地址,臺南市北區文賢路段605號,2,晴,50,單路部分,路段,無號誌,車與車,起步未注意其他車(人)安全
11002AC591B1263,20210215,120.178236,23.007333,交通事故,一般地址,臺南市北區大興街段650號,2,晴,50,交岔路,交叉路口,無號誌,車與車,未依規定讓車
11002AC591B1309,20210216,120.220777,23.003184,交通事故,一般地址,臺南市北區東豐路段229號,2,晴,40,單路部分,路段,行車管制號誌,車與車,未注意車前狀態
11002AC591B1325,20210203,120.216756,23.006017,交通事故,交叉路口,臺南市北區開元路段號前鋒路,2,晴,50,交岔路,交叉路口,行車管制號誌,車與車,未注意車前狀態
11002AC591B1342,20210216,120.224452,23.006399,交通事故,交叉路口,臺南市北區林森路3段號開南街,2,晴,50,交岔路,交叉路口,行車管制號誌(附設行人專用號誌),車與車,其他引起事故之違規或不當行為
11002AC591B1381,20210216,120.19541,23.002194,交通事故,一般地址,臺南市北區成功路段584-2號,1,晴,0,單路部分,路段,無號誌,車與車,起步未注意其他車(人)安全
11002AC591B1401,20210217,120.205108,23.005039,交通事故,一般地址,臺南市北區西門路三段段217號,2,晴,50,單路部分,路段,無號誌,車與車,未保持行車安全距離
11002AC591B1410,20210217,120.209566,23.0047,交通事故,交叉路口,臺南市北區公園北路段號公園北路153,2,晴,50,交岔路,交叉路口,閃光號誌,車與車,起步未注意其他車(人)安全
11002AC591B1415,20210217,120.216967,23.012774,交通事故,交叉路口,臺南市北區北門路二段段號長榮路五段,1,晴,50,交岔路,交叉路口,行車管制號誌(附設行人專用號誌),車與車,未依規定讓車
11002AC591B1428,20210217,120.20494,23.003358,交通事故,交叉路口,臺南市北區長北街段號長賢街,1,晴,30,交岔路,交叉路口,閃光號誌,車與車,未依規定讓車
11002AC591B1434,20210217,120.204726,23.019901,交通事故,一般地址,臺南市北區北成路段300號,1,晴,50,交岔路,交叉路口,無號誌,車與車,未依規定讓車
11002AC591B1437,20210215,120.22457,23.005729,交通事故,交叉路口,臺南市北區林森路三段段號東豐路,2,晴,50,交岔路,交叉路口,行車管制號誌(附設行人專用號誌),車與車,未依規定讓車
11002AC591B1439,20210217,120.218627,23.003493,交通事故,交叉路口,臺南市北區東豐路段號勝利路,3,晴,40,交岔路,交叉路口,行車管制號誌,車與車,變換車道或方向不當
11002AC591B1457,20210216,120.185396,23.01006,交通事故,交叉路口,臺南市北區中華北路一段段號大興街,1,晴,50,交岔路,交叉路口,行車管制號誌,車與車,未注意車前狀態
11002AC591B1479,20210217,120.196197,23.008732,交通事故,交叉路口,臺南市北區文賢一路段號立賢路二段,1,晴,50,交岔路,交叉路口,無號誌,車與車,未保持行車安全間隔
11002AC591B1495,20210217,120.193628,23.006068,交通事故,一般地址,臺南市北區文賢路段476號,1,晴,50,單路部分,路段,無號誌,車與車,未保持行車安全間隔
11002AC591B1517,20210218,120.209825,23.002856,交通事故,交叉路口,臺南市北區公園路段號公園路295,1,晴,30,交岔路,交叉路口,無號誌,車與車,未依規定讓車
11002AC591B1519,20210218,120.220748,23.007643,交通事故,交叉路口,臺南市北區開元路段號長榮路,2,晴,50,交岔路,交叉路口,行車管制號誌,車與車,左轉彎未依規定
11002AC591B1541,20210204,120.193682,23.007061,交通事故,交叉路口,臺南市北區文賢路段號文賢路520,1,晴,50,交岔路,交叉路口,無號誌,車與車,未保持行車安全距離
11002AC591B1542,20210218,120.202722,23.005513,交通事故,交叉路口,臺南市北區民德路段號育德路,1,晴,50,交岔路,交叉路口,行車管制號誌,汽(機)車本身,未注意車前狀態
11002AC591B1545,20210217,120.223159,23.010327,交通事故,交叉路口,臺南市北區北園街段號北園街53,1,晴,50,交岔路,交叉路口,無號誌,車與車,未注意車前狀態
11002AC591B1563,20210218,120.210351,23.009371,交通事故,交叉路口,臺南市北區公園路段號公園路509,2,晴,30,交岔路,交叉路口,閃光號誌,車與車,未依規定讓車
11002AC591B1575,20210218,120.215738,23.009208,交通事故,交叉路口,臺南市北區北門路二段段號和緯路一段,2,晴,50,交岔路,交叉路口,行車管制號誌(附設行人專用號誌),車與車,左轉彎未依規定
11002AC591B1585,20210218,120.219879,23.013399,交通事故,交叉路口,臺南市北區實踐街段號實踐街103,1,晴,30,交岔路,交叉路口,閃光號誌,車與車,未保持行車安全間隔
11002AC591B1602,20210218,120.193832,23.009148,交通事故,一般地址,臺南市北區文賢路段612號,3,晴,30,交岔路,交叉路口,無號誌,車與車,未依規定讓車
11002AC591B1680,20210215,120.199898,23.003897,交通事故,交叉路口,臺南市北區臨安路二段段號海安路三段,3,晴,50,交岔路,交叉路口,行車管制號誌(附設行人專用號誌),車與車,左轉彎未依規定
11002AC591B1696,20210211,120.215884,23.012863,交通事故,交叉路口,臺南市北區長榮路五段段號大武街,1,晴,50,交岔路,交叉路口,行車管制號誌,車與車,未依規定讓車
11002AC591B1701,20210219,120.223314,23.007333,交通事故,一般地址,臺南市北區開南街段75號,1,晴,50,單路部分,路段,無號誌,車與車,迴轉未依規定
11002AC591B1704,20210208,120.206104,22.99825,交通事故,交叉路口,臺南市北區成功路段號觀亭街,2,晴,50,交岔路,交叉路口,閃光號誌,車與車,未依規定讓車
11002AC591B1708,20210220,120.205116,23.012244,交通事故,交叉路口,臺南市北區和緯路二段段號育德一街,1,晴,50,交岔路,其他,無號誌,汽(機)車本身,其他引起事故之違規或不當行為
11002AC591B1727,20210220,120.205897,22.998312,交通事故,交叉路口,臺南市北區成功路段號成功路88,1,晴,50,交岔路,交叉路口,閃光號誌,車與車,變換車道或方向不當
11002AC591B1729,20210220,120.206709,22.999772,交通事故,一般地址,臺南市北區佑民街段83號,1,晴,30,交岔路,交叉路口,無號誌,人與汽(機)車,未注意車前狀態
11002AC591B1743,20210204,120.210387,23.016308,交通事故,一般地址,臺南市北區北安路一段段97號,2,晴,50,單路部分,路段,無號誌,車與車,變換車道或方向不當
11002AC591B1748,20210219,120.204204,22.998736,交通事故,一般地址,臺南市北區成功路段170號,1,晴,50,交岔路,交叉路口,閃光號誌,車與車,未依規定讓車
11002AC591B1776,20210211,120.202502,23.000107,交通事故,交叉路口,臺南市北區西門路三段段24號自強街,2,晴,30,交岔路,交叉路口,無號誌,車與車,未依規定讓車
11002AC591B1795,20210220,120.220229,23.018448,交通事故,交叉路口,臺南市北區大武街段525號大武街5255,2,晴,30,交岔路,交叉路口,無號誌,車與車,未依規定讓車
11002AC591B1838,20210216,120.215788,23.018026,交通事故,一般地址,臺南市北區公園路段1058號,1,晴,50,單路部分,路段,無號誌,車與車,迴轉未依規定
11002AC591B1854,20210220,120.205835,23.012291,交通事故,一般地址,臺南市北區和緯路二段段282號,1,晴,50,單路部分,路段,無號誌,車與車,變換車道或方向不當
11002AC591B1858,20210221,120.193202,23.017684,交通事故,一般地址,臺南市北區文賢路段875號,2,晴,50,單路部分,路段,無號誌,車與車,迴轉未依規定
11002AC591B1873,20210221,120.220894,23.007692,交通事故,交叉路口,臺南市北區開元路段號長榮路,1,晴,50,交岔路,交叉路口,行車管制號誌,車與車,未依規定讓車
11002AC591B1874,20210219,120.204135,22.998784,交通事故,一般地址,臺南市北區成功路段174號,1,晴,40,交岔路,路段,閃光號誌,車與車,未注意車前狀態
11002AC591B1878,20210220,120.189952,23.013131,交通事故,一般地址,臺南市北區大和路段209號,1,晴,50,單路部分,路段,無號誌,汽(機)車本身,未注意車前狀態
11002AC591B1887,20210220,120.21079,23.000534,交通事故,交叉路口,臺南市北區公園南路段號西華街,1,晴,50,單路部分,路段,無號誌,車與車,未保持行車安全距離
11002AC591B1889,20210220,120.200181,23.020506,交通事故,一般地址,臺南市北區中華北路二段段146號,1,晴,60,單路部分,路段,無號誌,車與車,未依規定讓車
11002AC591B1893,20210204,120.210116,23.015405,交通事故,交叉路口,臺南市北區西門路四段段號文成三路,1,晴,50,交岔路,交叉路口,行車管制號誌,車與車,未依規定讓車
11002AC591B1936,20210221,120.216913,23.006117,交通事故,一般地址,臺南市北區開元路段67號,1,晴,50,交岔路,交叉路口,行車管制號誌,車與車,左轉彎未依規定
11002AC591B1956,20210217,120.211217,23.011965,交通事故,一般地址,臺南市北區公園路段591號,2,晴,50,交岔路,交叉路口,行車管制號誌,汽(機)車本身,未注意車前狀態
11002AC591B1959,20210217,120.18341,23.013083,交通事故,交叉路口,臺南市北區中華北路一段段號觀海橋,1,晴,50,交岔路,交叉路口,行車管制號誌,車與車,違反特定標誌(線)禁制
11002AC591B1966,20210221,120.206739,23.007546,交通事故,交叉路口,臺南市北區西門路四段段號西門路四段65,1,晴,50,交岔路,交叉路口,行車管制號誌(附設行人專用號誌),汽(機)車本身,未注意車前狀態
11002AC591B1975,20210222,120.212168,23.013611,交通事故,交叉路口,臺南市北區公園路段號長榮路五段,1,晴,50,單路部分,路段,行車管制號誌,車與車,未保持行車安全距離
11002AC591B2005,20210222,120.201445,23.019331,交通事故,其他,臺南市北區段號育德二路525號對面,1,晴,50,交岔路,交叉路口,行車管制號誌(附設行人專用號誌),車與車,其他引起事故之違規或不當行為
11002AC591B2008,20210222,120.185291,23.007671,交通事故,交叉路口,臺南市北區中華北路1段53號和緯路526,1,晴,30,交岔路,交叉路口,無號誌,車與車,未依規定讓車
11002AC591B2043,20210222,120.220866,23.011655,交通事故,交叉路口,臺南市北區北園街段87號長榮路五段102,1,晴,50,單路部分,路段,無號誌,車與車,未靠右行駛
11002AC591B2086,20210222,120.186321,23.006817,交通事故,交叉路口,臺南市北區和緯路四段段號中華北路一段,1,晴,50,交岔路,交叉路口,行車管制號誌(附設行人專用號誌),車與車,違反特定標誌(線)禁制
11002AC591B2090,20210222,120.203238,23.004983,交通事故,交叉路口,臺南市北區臨安路二段段號民德路,1,晴,50,交岔路,路段,行車管制號誌,車與車,未保持行車安全距離
11002AC591B2115,20210222,120.207164,22.999555,交通事故,一般地址,臺南市北區成功路段6832號,1,晴,30,交岔路,交叉路口,無號誌,車與車,倒車未依規定
11002AC591B2116,20210222,120.185958,23.007969,交通事故,一般地址,臺南市北區中華北路1段72號,1,晴,40,單路部分,路段,無號誌,車與車,未依規定讓車
11002AC591B2120,20210218,120.199745,23.003852,交通事故,一般地址,臺南市北區臨安路段215號,1,晴,50,交岔路,交叉路口,行車管制號誌,車與車,違反特定標誌(線)禁制
11002AC591B2132,20210223,120.185302,23.007676,交通事故,交叉路口,臺南市北區中華北路1段53號大興街373,1,晴,30,交岔路,交叉路口,無號誌,車與車,未依規定讓車
11002AC591B2153,20210217,120.210116,23.015405,交通事故,交叉路口,臺南市北區西門路四段段號文成三路,1,晴,50,交岔路,交叉路口,行車管制號誌,車與車,未注意車前狀態
11002AC591B2161,20210219,120.202829,23.001711,交通事故,交叉路口,臺南市北區西門路三段段號西門路三段45,1,晴,30,交岔路,交叉路口,行車管制號誌,車與車,未注意車前狀態
11002AC591B2163,20210223,120.223954,23.009646,交通事故,一般地址,臺南市北區開元路段342號,1,晴,50,交岔路,路段,行車管制號誌,車與車,變換車道或方向不當
11002AC591B2164,20210217,120.193871,23.009048,交通事故,一般地址,臺南市北區文賢路段610號,1,晴,50,交岔路,路段,無號誌,車與車,未注意車前狀態
11002AC591B2172,20210210,120.212808,23.014312,交通事故,交叉路口,臺南市北區公園路段號公園路892,1,晴,30,交岔路,交叉路口,無號誌,車與車,未依規定讓車
11002AC591B2179,20210217,120.221695,23.018517,交通事故,其他,臺南市北區段號大武街南康橋,2,晴,30,交岔路,交叉路口,行車管制號誌,車與車,違反號誌管制或指揮
11002AC591B2185,20210217,120.2113,23.015998,交通事故,交叉路口,臺南市北區北安路一段段號北安路一段68,1,晴,40,交岔路,交叉路口,無號誌,車與車,未保持行車安全距離
11002AC591B2191,20210223,120.193319,23.017828,交通事故,一般地址,臺南市北區文賢路段1192號,2,晴,50,單路部分,路段,無號誌,車與車,未保持行車安全距離
11002AC591B2192,20210219,120.203817,23.000173,交通事故,交叉路口,臺南市北區長北街段號裕民街51,1,晴,30,交岔路,交叉路口,無號誌,車與車,未依規定讓車
11002AC591B2216,20210223,120.213589,23.004033,交通事故,交叉路口,臺南市北區開元陸橋段號公園北路,1,陰,50,交岔路,交叉路口,行車管制號誌(附設行人專用號誌),車與車,未依規定讓車
11002AC591B2220,20210222,120.224601,23.003308,交通事故,一般地址,臺南市北區林森路3段79號,1,晴,40,單路部分,路段,無號誌,汽(機)車本身,未注意車前狀態
11002AC591B2221,20210223,120.223352,23.009175,交通事故,交叉路口,臺南市北區開元路段號南園街,1,陰,50,交岔路,交叉路口,行車管制號誌(附設行人專用號誌),車與車,違反特定標誌(線)禁制
11002AC591B2224,20210223,120.213524,23.019392,交通事故,交叉路口,臺南市北區西門路4段號正覺街,1,雨,40,單路部分,路段,無號誌,汽(機)車本身,其他引起事故之違規或不當行為
11002AC591B2241,20210223,120.226053,23.005347,交通事故,一般地址,臺南市北區開南街段159號,1,晴,30,交岔路,交叉路口,無號誌,車與車,未保持行車安全距離
11002AC591B2245,20210224,120.216965,23.017887,交通事故,一般地址,臺南市北區大武街段399-6號,1,晴,50,交岔路,交叉路口,閃光號誌,車與車,未依規定讓車
11002AC591B2249,20210224,120.205948,23.006209,交通事故,交叉路口,臺南市北區西門路四段段號小北路,1,晴,50,交岔路,交叉路口,行車管制號誌,汽(機)車本身,不明原因肇事
11002AC591B2252,20210223,120.193512,23.018214,交通事故,交叉路口,臺南市北區中華北路一段段號文賢路,1,晴,40,交岔路,路段,行車管制號誌,車與車,未保持行車安全距離
11002AC591B2261,20210210,120.213152,23.019282,交通事故,交叉路口,臺南市北區西門路四段段號西門路四段533,2,晴,50,交岔路,交叉路口,行車管制號誌,車與車,未保持行車安全距離
11002AC591B2302,20210211,120.193122,23.01808,交通事故,交叉路口,臺南市北區中華北路段號文賢路,1,晴,50,交岔路,交叉路口,行車管制號誌(附設行人專用號誌),車與車,違反號誌管制或指揮
11002AC591B2316,20210221,120.193163,23.017981,交通事故,交叉路口,臺南市北區中華北路一段段號文賢路,1,晴,40,交岔路,交叉路口,行車管制號誌(附設行人專用號誌),車與車,違反號誌管制或指揮
11002AC591B2319,20210220,120.220041,23.007206,交通事故,一般地址,臺南市北區開元路段176號,1,晴,50,單路部分,路段,無號誌,車與車,變換車道或方向不當
11002AC591B2320,20210219,120.204641,23.004022,交通事故,一般地址,臺南市北區西門路三段段248號,1,晴,50,單路部分,路段,無號誌,車與車,起步未注意其他車(人)安全
11002AC591B2323,20210206,120.195076,23.012808,交通事故,一般地址,臺南市北區文成路段78038號,1,晴,30,交岔路,交叉路口,無號誌,汽(機)車本身,未注意車前狀態
11002AC591B2324,20210205,120.193868,23.012054,交通事故,交叉路口,臺南市北區文賢路段號大興街,1,晴,50,交岔路,交叉路口,行車管制號誌,汽(機)車本身,其他引起事故之違規或不當行為
11002AC591B2325,20210224,120.199716,23.00026,交通事故,一般地址,臺南市北區成功路段396號,1,晴,40,單路部分,路段,無號誌,車與車,開啟車門不當而肇事
11002AC591B2361,20210225,120.202513,23.016203,交通事故,交叉路口,臺南市北區文成三路段號育德二路,1,晴,50,交岔路,交叉路口,行車管制號誌(附設行人專用號誌),車與車,未依規定使用燈光
11002AC591B2373,20210221,120.225279,23.000549,交通事故,其他,臺南市北區段號小東路無障礙福利之家向西公車站,1,晴,50,單路部分,路段,無號誌,車與車,變換車道或方向不當
11002AC591B2394,20210222,120.201837,23.000474,交通事故,其他,臺南市北區段號西門路三段立人國小前,1,晴,50,交岔路,交叉路口,行車管制號誌,車與車,未保持行車安全距離
11002AC591B2397,20210224,120.208727,23.011348,交通事故,交叉路口,臺南市北區和緯路二段段號西門路四段,1,晴,50,交岔路,交叉路口,行車管制號誌,車與車,右轉彎未依規定
11002AC591B2400,20210222,120.206512,23.005206,交通事故,交叉路口,臺南市北區長德街段號公園北路,2,晴,30,單路部分,路段,無號誌,車與車,未注意車前狀態
11002AC591B2405,20210225,120.202938,23.007643,交通事故,交叉路口,臺南市北區民德路段58號民德路5834,1,晴,30,交岔路,交叉路口,無號誌,車與車,未依規定讓車
11002AC591B2406,20210222,120.196242,23.002137,交通事故,一般地址,臺南市北區金華路五段段19號,1,晴,50,單路部分,路段,無號誌,車與車,未注意車前狀態
11002AC591B2407,20210225,120.206058,23.020202,交通事故,交叉路口,臺南市北區北安路一段段號北成路,1,晴,40,交岔路,交叉路口,行車管制號誌,車與車,其他引起事故之違規或不當行為
11002AC591B2410,20210225,120.226066,23.006356,交通事故,交叉路口,臺南市北區開南街段143號南園街153,2,晴,30,交岔路,交叉路口,無號誌,車與車,未依規定讓車
11002AC591B2427,20210224,120.193945,23.010895,交通事故,其他,臺南市北區段號文賢路特力屋前,1,晴,50,單路部分,路段,無號誌,車與車,未保持行車安全間隔
11002AC591B2432,20210221,120.197901,23.001932,交通事故,交叉路口,臺南市北區康樂街段號康樂街406,1,晴,50,交岔路,交叉路口,閃光號誌,車與車,未注意車前狀態
11002AC591B2449,20210205,120.209241,22.997842,交通事故,一般地址,臺南市北區成功路段16號,1,晴,50,交岔路,交叉路口,行車管制號誌,車與車,違反特定標誌(線)禁制
11002AC591B2452,20210224,120.207914,23.018111,交通事故,交叉路口,臺南市北區北安路一段段號育德路,1,晴,50,交岔路,交叉路口,行車管制號誌(附設行人專用號誌),車與車,違反號誌管制或指揮
11002AC591B2455,20210210,120.209241,22.997842,交通事故,一般地址,臺南市北區成功路段16號,1,晴,50,交岔路,交叉路口,行車管制號誌,車與車,未保持行車安全距離
11002AC591B2481,20210219,120.220653,23.009176,交通事故,交叉路口,臺南市北區長榮路五段段號長勝路,2,晴,50,交岔路,交叉路口,行車管制號誌,車與車,違反特定標誌(線)禁制
11002AC591B2483,20210216,120.218753,23.003169,交通事故,交叉路口,臺南市北區東豐路段號勝利路,1,晴,40,交岔路,交叉路口,行車管制號誌,汽(機)車本身,其他引起事故之違規或不當行為
11002AC591B2484,20210218,120.199925,23.003669,交通事故,交叉路口,臺南市北區海安路3段號臨安路2,1,晴,40,交岔路,交叉路口,行車管制號誌,車與車,違反特定標誌(線)禁制
11002AC591B2486,20210225,120.216812,23.017309,交通事故,一般地址,臺南市北區大武街段3373號,2,晴,30,交岔路,交叉路口,無號誌,車與車,不明原因肇事
11002AC591B2487,20210216,120.224683,23.002409,交通事故,交叉路口,臺南市北區東豐路段號林森路3,1,晴,50,交岔路,交叉路口,行車管制號誌,車與車,未依規定讓車
11002AC591B2488,20210224,120.219733,23.005835,交通事故,一般地址,臺南市北區開元路段14824號,2,晴,30,交岔路,交叉路口,無號誌,車與車,未依規定讓車
11002AC591B2489,20210225,120.210365,23.020271,交通事故,交叉路口,臺南市北區北成路段80號北成路8040,1,晴,30,交岔路,交叉路口,無號誌,車與車,未依規定讓車
11002AC591B2491,20210213,120.208645,23.011385,交通事故,交叉路口,臺南市北區西門路4段號和緯路2,1,晴,50,交岔路,交叉路口,行車管制號誌,車與車,未依規定讓車
11002AC591B2493,20210220,120.193791,23.012909,交通事故,一般地址,臺南市北區文賢路段613號,1,晴,50,單路部分,路段,無號誌,車與車,違反特定標誌(線)禁制
11002AC591B2495,20210226,120.224786,23.002616,交通事故,交叉路口,臺南市北區東豐路段號林森路三段,1,晴,50,交岔路,交叉路口,行車管制號誌,車與車,未依規定讓車
11002AC591B2509,20210225,120.211217,23.011929,交通事故,一般地址,臺南市北區公園路段589-14號,1,晴,50,交岔路,交叉路口,行車管制號誌,車與車,未注意車前狀態
11002AC591B2520,20210226,120.189968,23.006651,交通事故,一般地址,臺南市北區武聖路段152號,2,晴,50,單路部分,路段,無號誌,車與車,其他引起事故之違規或不當行為
11002AC591B2542,20210226,120.223398,23.009194,交通事故,交叉路口,臺南市北區開元路段號南園街,1,晴,50,交岔路,交叉路口,無號誌,車與車,未依規定讓車
11002AC591B2567,20210226,120.202856,22.999196,交通事故,交叉路口,臺南市北區成功路段號成功路238,1,晴,40,交岔路,交叉路口,行車管制號誌(附設行人專用號誌),車與車,未注意車前狀態
11002AC591B2570,20210202,120.190055,23.015246,交通事故,交叉路口,臺南市北區大和路段360號大港街110,1,晴,30,交岔路,交叉路口,無號誌,車與車,未依規定讓車
11002AC591B2580,20210204,120.180094,23.009586,交通事故,交叉路口,臺南市北區中華北路一段段263號大興街528,1,晴,30,交岔路,交叉路口,無號誌,汽(機)車本身,其他引起事故之違規或不當行為
11002AC591B2581,20210205,120.20514,23.013576,交通事故,一般地址,臺南市北區育德一街段23號,2,晴,50,單路部分,路段,無號誌,車與車,起步未注意其他車(人)安全
11002AC591B2582,20210226,120.193122,23.01808,交通事故,交叉路口,臺南市北區中華北路段號文賢路,2,晴,50,交岔路,交叉路口,行車管制號誌,車與車,違反號誌管制或指揮
11002AC591B2583,20210226,120.213058,23.01471,交通事故,交叉路口,臺南市北區公園路段號北安路一段,1,晴,50,交岔路,交叉路口,行車管制號誌,車與車,未注意車前狀態
11002AC591B2597,20210227,120.223971,23.009609,交通事故,交叉路口,臺南市北區開元路段號開元路342,2,晴,50,交岔路,交叉路口,行車管制號誌,車與車,左轉彎未依規定
11002AC591B2660,20210201,120.212515,23.015004,交通事故,一般地址,臺南市北區北安路一段段17號,2,晴,50,單路部分,路段,無號誌,車與車,違反特定標誌(線)禁制
11002AC591B2661,20210201,120.222536,23.00425,交通事故,交叉路口,臺南市北區長榮路四段段號長榮路四段58,2,晴,30,單路部分,路段,無號誌,車與車,未注意車前狀態
11002AC591B2674,20210226,120.216146,23.005861,交通事故,交叉路口,臺南市北區開元路段號前鋒路,3,晴,40,交岔路,交叉路口,行車管制號誌,車與車,未注意車前狀態
11002AC591B2675,20210227,120.185355,23.009986,交通事故,交叉路口,臺南市北區中華北路一段段號大興街,1,晴,60,交岔路,交叉路口,行車管制號誌,汽(機)車本身,未注意車前狀態
11002AC591B2688,20210227,120.209763,23.007649,交通事故,交叉路口,臺南市北區公園路段號小北路,2,晴,50,交岔路,交叉路口,行車管制號誌,車與車,起步未注意其他車(人)安全
11002AC591B2693,20210227,120.206676,23.011882,交通事故,交叉路口,臺南市北區和緯路二段段號育德二路,1,晴,50,交岔路,交叉路口,行車管制號誌,車與車,迴轉未依規定
11002AC591B2700,20210225,120.193871,23.01021,交通事故,交叉路口,臺南市北區和緯路四段段號文賢路,1,晴,50,交岔路,路段,無號誌,車與車,未注意車前狀態
11002AC591B2702,20210225,120.20096,23.004194,交通事故,交叉路口,臺南市北區臨安路二段段號臨安路二段249,1,晴,50,交岔路,交叉路口,行車管制號誌,車與車,未依規定讓車