案件編號,發生日期,GPS經度,GPS緯度,案件類別名稱,地址類型名稱,發生縣市名稱,受傷人數,天候名稱, 速限-第1當事者,道路型態大類別名稱,事故位置大類別名稱,號誌-號誌種類名稱,事故類型及型態大類別名稱,肇因研判子類別名稱-主要
11002AC591B2703,20210227,120.193869,23.009658,交通事故,交叉路口,臺南市北區和緯路三段段號文賢路,1,晴,50,交岔路,交叉路口,行車管制號誌,車與車,未依規定讓車
11002AC591B2704,20210227,120.19884,23.000534,交通事故,交叉路口,臺南市北區成功路段號海安路三段,2,晴,50,交岔路,交叉路口,行車管制號誌,車與車,未保持行車安全距離
11002AC591B2705,20210201,120.208678,23.011519,交通事故,交叉路口,臺南市北區西門路段號和緯路,1,晴,50,交岔路,交叉路口,行車管制號誌,車與車,左轉彎未依規定
11002AC591B2706,20210201,120.218742,23.00496,交通事故,一般地址,臺南市北區勝利路段435號,1,晴,40,單路部分,路段,無號誌,汽(機)車本身,未注意車前狀態
11002AC591B2708,20210207,120.205617,23.022914,交通事故,其他,臺南市北區段號北安橋上匝道口,3,晴,50,單路部分,路段,無號誌,車與車,未注意車前狀態
11002AC591B2714,20210201,120.201885,23.000617,交通事故,一般地址,臺南市北區西門路三段段號,1,晴,50,單路部分,路段,無號誌,車與車,倒車未依規定
11002AC591B2715,20210205,120.193794,23.013239,交通事故,交叉路口,臺南市北區文賢路段號文賢路627,2,晴,50,交岔路,路段,無號誌,車與車,起步未注意其他車(人)安全
11002AC591B2724,20210228,120.205367,22.999474,交通事故,一般地址,臺南市北區忠義路三段段32號,1,晴,50,單路部分,路段,無號誌,車與車,未保持行車安全間隔
11002AC591B2760,20210207,120.20196,23.012225,交通事故,交叉路口,臺南市北區和緯路二段段號育德三街,1,晴,50,交岔路,路段,行車管制號誌(附設行人專用號誌),車與車,其他引起事故之違規或不當行為
11002AC591B2762,20210209,120.193681,23.006607,交通事故,交叉路口,臺南市北區文賢路段號文賢路502,2,晴,50,交岔路,交叉路口,行車管制號誌(附設行人專用號誌),車與車,違反號誌管制或指揮
11002AC591B2765,20210202,120.199429,23.020358,交通事故,交叉路口,臺南市北區海安路三段段號中華北路二段,1,晴,50,交岔路,交叉路口,行車管制號誌(附設行人專用號誌),車與車,違反號誌管制或指揮
11002AC591B2767,20210209,120.210726,23.016328,交通事故,交叉路口,臺南市北區西門路四段段號北安路一段,1,晴,0,交岔路,交叉路口,行車管制號誌(附設行人專用號誌),車與車,橫越道路不慎
11002AC591B2793,20210208,120.198513,23.003317,交通事故,交叉路口,臺南市北區臨安路段號康樂街,1,晴,50,交岔路,交叉路口,行車管制號誌,車與車,未保持行車安全間隔
11002AC591B2794,20210208,120.210858,23.011334,交通事故,一般地址,臺南市北區公園路段587號,1,晴,50,單路部分,路段,無號誌,車與車,其他引起事故之違規或不當行為
11002AC591B2795,20210228,120.212087,23.013467,交通事故,交叉路口,臺南市北區公園路段號長榮路五段,2,晴,50,交岔路,交叉路口,行車管制號誌(附設行人專用號誌),車與車,未依規定讓車
11002AC591B2801,20210219,120.214964,23.013074,交通事故,一般地址,臺南市北區長榮路五段段378號,1,晴,50,單路部分,路段,行車管制號誌,汽(機)車本身,未注意車前狀態
11002AC591B2803,20210220,120.220733,23.003001,交通事故,一般地址,臺南市北區東豐路段227號,1,晴,50,交岔路,交叉路口,行車管制號誌,車與車,未注意車前狀態
11002AC591B2805,20210221,120.208751,23.001054,交通事故,交叉路口,臺南市北區公園路段號公園南路,1,晴,50,交岔路,交叉路口,行車管制號誌,汽(機)車本身,未注意車前狀態
11002AC591B2806,20210222,120.210849,23.010736,交通事故,交叉路口,臺南市北區公園路段號和緯路,1,晴,50,交岔路,交叉路口,行車管制號誌,車與車,未依規定讓車
11002AC591B2807,20210227,120.196012,23.004014,交通事故,一般地址,臺南市北區文賢一路段21號,1,晴,30,交岔路,交叉路口,無號誌,汽(機)車本身,未注意車前狀態
11002AC591B2812,20210219,120.216352,23.012812,交通事故,一般地址,臺南市北區長榮路五段段317號0,1,晴,50,交岔路,交叉路口,無號誌,車與車,變換車道或方向不當
11002AC591B2815,20210220,120.210507,23.005367,交通事故,一般地址,臺南市北區公園路段444號,2,晴,50,單路部分,路段,無號誌,車與車,未保持行車安全距離
11002AC591B2816,20210221,120.205589,23.022838,交通事故,其他,臺南市北區段號北安路北安橋上匝道口,1,晴,50,單路部分,路段,無號誌,車與車,變換車道或方向不當
11002AC591B2818,20210222,120.185087,23.01049,交通事故,一般地址,臺南市北區中華北路一段段181號,1,晴,50,交岔路,路段,無號誌,車與車,未依規定讓車
11002AC591B2820,20210222,120.216062,23.005844,交通事故,其他,臺南市北區段號開元路路橋上,2,晴,40,單路部分,路段,無號誌,車與車,未保持行車安全距離
11002AC591B2828,20210224,120.216163,23.014825,交通事故,交叉路口,臺南市北區大武街段號實踐街,1,晴,30,交岔路,交叉路口,閃光號誌,車與車,未依規定讓車
11002AC591B2830,20210225,120.194595,23.002774,交通事故,一般地址,臺南市北區成功路段610號,1,晴,50,單路部分,路段,無號誌,車與車,未保持行車安全間隔
11002AC591B2831,20210223,120.201597,23.01498,交通事故,交叉路口,臺南市北區育德三街段號文成二路,1,晴,50,交岔路,交叉路口,閃光號誌,車與車,未依規定讓車
11002AC591B2832,20210225,120.194648,23.007069,交通事故,一般地址,臺南市北區文賢路段52034號,1,晴,30,交岔路,交叉路口,無號誌,車與車,未依規定讓車
11002AC591B2834,20210228,120.20084,23.003213,交通事故,其他,臺南市北區段號公園南路390號停車場前,1,晴,50,單路部分,路段,無號誌,車與車,起步未注意其他車(人)安全
11002AC591B2835,20210220,120.199183,23.002203,交通事故,交叉路口,臺南市北區海安路三段段號北成路,1,晴,50,交岔路,交叉路口,行車管制號誌(附設行人專用號誌),車與車,未依規定讓車
11002AC591B2836,20210220,120.218373,23.013835,交通事故,交叉路口,臺南市北區實踐街段號實踐街100,1,晴,30,交岔路,交叉路口,閃光號誌,車與車,未依規定讓車
11002AC591B2891,20210202,120.209644,22.997779,交通事故,一般地址,臺南市北區成功路段14號,1,晴,50,交岔路,交叉路口,行車管制號誌,車與車,迴轉未依規定
11002AC591B2892,20210202,120.206931,22.99803,交通事故,交叉路口,臺南市北區成功路段號公園路,1,晴,50,交岔路,交叉路口,行車管制號誌(附設行人專用號誌),車與車,未依規定讓車
11002AC591B2893,20210202,120.20024,23.017672,交通事故,一般地址,臺南市北區海安路三段段880號,2,晴,0,單路部分,路段,無號誌,車與車,開啟車門不當而肇事
11002AC591B2896,20210203,120.218229,22.997063,交通事故,交叉路口,臺南市北區勝利路段號勝利路377,1,晴,30,交岔路,交叉路口,無號誌,車與車,未依規定讓車
11002AC591B2897,20210204,120.216352,23.012812,交通事故,交叉路口,臺南市北區長榮路五段段號長榮路五段383,3,晴,50,交岔路,交叉路口,行車管制號誌,車與車,左轉彎未依規定
11002AC591B2898,20210204,120.205687,23.006029,交通事故,交叉路口,臺南市北區西門路四段段號北安路一段,1,晴,50,交岔路,交叉路口,行車管制號誌(附設行人專用號誌),車與車,違反號誌管制或指揮
11002AC591B2907,20210207,120.2233,23.009015,交通事故,一般地址,臺南市北區開元路段306-1號,1,晴,50,單路部分,路段,行車管制號誌,車與車,未保持行車安全距離
11002AC591B2924,20210225,120.223,23.0051,交通事故,一般地址,臺南市北區長榮路四段段8411號,2,晴,30,交岔路,交叉路口,無號誌,車與車,未依規定讓車
11002AC591B2936,20210208,120.205241,23.002024,交通事故,交叉路口,臺南市北區公園南路段號長德街,2,晴,50,交岔路,交叉路口,行車管制號誌,車與車,未保持行車安全距離
11002AC591B2938,20210203,120.203805,23.016537,交通事故,一般地址,臺南市北區文成三路段233號,1,晴,50,單路部分,路段,無號誌,車與車,其他引起事故之違規或不當行為
11002AC591B2941,20210208,120.216878,23.012746,交通事故,交叉路口,臺南市北區北門路段號長榮路,1,晴,50,交岔路,交叉路口,行車管制號誌,車與車,未注意車前狀態
11002AC591B3043,20210210,120.204477,23.009614,交通事故,一般地址,臺南市北區立賢路一段段111號,2,晴,50,單路部分,路段,無號誌,車與車,未注意車前狀態
11002AC591B3044,20210210,120.186653,23.008788,交通事故,一般地址,臺南市北區中華北路一段段78號,1,晴,50,交岔路,交叉路口,無號誌,車與車,未注意車前狀態
11002AC591B3046,20210219,120.226636,23.000174,交通事故,交叉路口,臺南市北區小東路段號小東路147,1,晴,50,交岔路,交叉路口,行車管制號誌(附設行人專用號誌),車與車,未依規定讓車
11002AC591B3047,20210220,120.213488,23.003624,交通事故,交叉路口,臺南市北區東豐路段號北門路二段,3,晴,50,交岔路,交叉路口,行車管制號誌(附設行人專用號誌),車與車,未注意車前狀態
11002AC591B3048,20210225,120.204713,23.019891,交通事故,交叉路口,臺南市北區育德一街段號北成路,2,晴,50,交岔路,交叉路口,無號誌,車與車,未依規定讓車
11002AC591B3049,20210225,120.199643,23.002383,交通事故,交叉路口,臺南市北區海安路三段段號海安路三段74,1,晴,50,交岔路,交叉路口,行車管制號誌(附設行人專用號誌),車與車,未注意車前狀態
11002AC591B3051,20210226,120.216603,23.006015,交通事故,交叉路口,臺南市北區開元路段號開元路63,1,晴,50,交岔路,交叉路口,行車管制號誌,車與車,未依規定讓車
11002AC591B3052,20210225,120.202868,22.999298,交通事故,一般地址,臺南市北區成功路段240號,2,晴,40,交岔路,交叉路口,行車管制號誌(附設行人專用號誌),車與車,違反號誌管制或指揮
11002AC591B3053,20210226,120.204384,23.003841,交通事故,交叉路口,臺南市北區西門路三段段號民德路,1,晴,50,交岔路,交叉路口,行車管制號誌(附設行人專用號誌),車與車,未注意車前狀態
11002AC591B3118,20210221,120.214835,23.008735,交通事故,一般地址,臺南市北區精忠街段28號0,1,晴,30,單路部分,路段,無號誌,汽(機)車本身,不明原因肇事
11002AC591B3135,20210222,120.225871,23.01113,交通事故,一般地址,臺南市北區開元路段545號0,1,晴,50,交岔路,交叉路口,行車管制號誌,車與車,迴轉未依規定
11002AC591B3136,20210223,120.220406,23.009191,交通事故,交叉路口,臺南市北區開元路段號長榮路,1,晴,50,交岔路,交叉路口,行車管制號誌(附設行人專用號誌),車與車,未依規定讓車
11002AC591B3147,20210204,120.212234,23.013433,交通事故,其他,臺南市北區段號長榮路五段近公園路口,1,晴,50,交岔路,交叉路口,無號誌,車與車,未注意車前狀態
11002AC591B3151,20210204,120.200095,23.016249,交通事故,一般地址,臺南市北區海安路三段段823號,2,晴,40,單路部分,路段,無號誌,車與車,未保持行車安全間隔
11002AC591B3155,20210208,120.213589,23.004033,交通事故,交叉路口,臺南市北區北門路段號東豐路,2,晴,50,交岔路,交叉路口,行車管制號誌,車與車,未保持行車安全間隔
11002AC591B3159,20210204,120.216756,23.006017,交通事故,交叉路口,臺南市北區東豐路段號前鋒路,1,晴,50,交岔路,交叉路口,行車管制號誌,車與車,未注意車前狀態
11002AC591B3162,20210209,120.206294,23.011616,交通事故,交叉路口,臺南市北區育德路段號育德路458,1,晴,50,交岔路,交叉路口,行車管制號誌,車與車,起步未注意其他車(人)安全
11002AC591B3170,20210210,120.208751,23.001054,交通事故,交叉路口,臺南市北區公園路段號公園南路,1,晴,50,交岔路,交叉路口,行車管制號誌(附設行人專用號誌),汽(機)車本身,其他引起事故之違規或不當行為
11002AC591B3171,20210221,120.210841,23.004551,交通事故,其他,臺南市北區段號公園北路近公園路口,1,晴,50,交岔路,交叉路口,行車管制號誌(附設行人專用號誌),車與車,未保持行車安全間隔
11002AC591B3176,20210219,120.200043,23.010041,交通事故,交叉路口,臺南市北區海安路三段段號海安路三段781,1,晴,40,交岔路,交叉路口,無號誌,車與車,未依規定讓車
11002AC591B3177,20210217,120.197594,23.012171,交通事故,一般地址,臺南市北區文成路段655號,1,晴,50,單路部分,路段,無號誌,車與車,未依規定讓車
11002AC591B3178,20210217,120.22165,23.008287,交通事故,一般地址,臺南市北區開元路段325號,1,晴,50,單路部分,路段,無號誌,車與車,起步未注意其他車(人)安全
11002AC591B3179,20210218,120.225456,23.011113,交通事故,一般地址,臺南市北區開元路段517號,2,晴,50,交岔路,交叉路口,行車管制號誌,車與車,未保持行車安全距離
11002AC591B3180,20210217,120.205731,23.005486,交通事故,交叉路口,臺南市北區西門路三段段號公園北路,1,晴,50,交岔路,交叉路口,行車管制號誌(附設行人專用號誌),車與車,未依規定讓車
11002AC591B3182,20210210,120.183506,23.007484,交通事故,一般地址,臺南市北區賢北街段23號,1,晴,50,交岔路,交叉路口,無號誌,車與車,未依規定讓車
11002AC591B3192,20210224,120.205923,23.000962,交通事故,一般地址,臺南市北區忠義路三段段88號,4,晴,50,交岔路,交叉路口,閃光號誌,車與車,未依規定讓車
11002AC591B3199,20210225,120.210503,23.003952,交通事故,一般地址,臺南市北區公園路段321號,2,晴,50,交岔路,交叉路口,行車管制號誌,車與車,未注意車前狀態
11002AC591B3202,20210225,120.218443,23.013228,交通事故,一般地址,臺南市北區長榮路五段段24618號,1,晴,30,單路部分,路段,無號誌,車與車,未依規定讓車
11002AC591B3206,20210222,120.222344,23.018055,交通事故,其他,臺南市北區段號柴頭港溪防汛道路11號私人停車格前,1,晴,30,單路部分,路段,無號誌,車與車,起步未注意其他車(人)安全
11002AC591B3217,20210224,120.193122,23.01808,交通事故,交叉路口,臺南市北區中華北路一段段號文賢路,1,晴,60,交岔路,交叉路口,行車管制號誌(附設行人專用號誌),車與車,未依規定讓車
11002AC591B3239,20210212,120.193601,23.005375,交通事故,交叉路口,臺南市北區文賢路段號武聖路,1,晴,50,交岔路,交叉路口,行車管制號誌,車與車,未依規定讓車
11002AC591B3244,20210217,120.185866,23.008752,交通事故,一般地址,臺南市北區中華北路一段段80號,1,晴,40,單路部分,路段,無號誌,車與車,未保持行車安全距離
11002AC591B3251,20210218,120.191721,23.015272,交通事故,交叉路口,臺南市北區大港街段38號大港街3843,1,晴,30,交岔路,交叉路口,無號誌,汽(機)車本身,其他引起事故之違規或不當行為
11002AC591B3283,20210217,120.218263,23.007021,交通事故,交叉路口,臺南市北區開元路段號開元路141,1,晴,50,交岔路,交叉路口,行車管制號誌,車與車,未保持行車安全間隔
11002AC591B3288,20210218,120.205693,23.022003,交通事故,一般地址,臺南市北區北安路一段段號,1,晴,40,單路部分,路段,無號誌,汽(機)車本身,其他引起事故之違規或不當行為
11002AC591B3295,20210228,120.21258,23.014126,交通事故,交叉路口,臺南市北區公園路段號北安路一段513,2,晴,50,交岔路,交叉路口,行車管制號誌,汽(機)車本身,其他引起事故之違規或不當行為
11002AC591B3299,20210206,120.2054,23.02005,交通事故,交叉路口,臺南市北區北成路段號育成路,1,晴,50,交岔路,交叉路口,行車管制號誌,車與車,違反號誌管制或指揮
11002AC591B3301,20210210,120.216865,23.006056,交通事故,交叉路口,臺南市北區開元路段號前鋒路,2,晴,50,交岔路,交叉路口,行車管制號誌,車與車,未保持行車安全距離
11002AC591B3302,20210217,120.224798,23.010256,交通事故,交叉路口,臺南市北區開元路段號開元路485,1,晴,50,交岔路,交叉路口,行車管制號誌(附設行人專用號誌),車與車,未保持行車安全距離
11002AC591B3303,20210219,120.210176,23.003457,交通事故,一般地址,臺南市北區公園路段311號,2,晴,30,單路部分,路段,無號誌,車與車,左轉彎未依規定
11002AC591B3305,20210220,120.222926,23.00889,交通事故,一般地址,臺南市北區開元路段359-1號,1,晴,50,交岔路,交叉路口,行車管制號誌(附設行人專用號誌),車與車,未注意車前狀態
11002AC591B3306,20210224,120.218461,23.0128,交通事故,其他,臺南市北區段號長榮路5段鋼便橋上,1,晴,30,單路部分,路段,行車管制號誌,車與車,未保持行車安全距離
11002AC591B3308,20210226,120.210796,23.004559,交通事故,交叉路口,臺南市北區公園路段號公園北路,1,晴,50,交岔路,交叉路口,行車管制號誌,車與車,起步未注意其他車(人)安全
11002AC591B3309,20210203,120.207834,23.022109,交通事故,交叉路口,臺南市北區中華北路二段段號中華北路二段268,1,晴,50,單路部分,路段,無號誌,車與車,未注意車前狀態
11002AC591B3310,20210203,120.20249,23.000108,交通事故,交叉路口,臺南市北區西門路三段段24號自強街,1,晴,30,交岔路,交叉路口,無號誌,車與車,未依規定讓車
11002AC591B3311,20210204,120.222065,23.005896,交通事故,一般地址,臺南市北區長榮路四段段126號,2,晴,50,交岔路,交叉路口,行車管制號誌(附設行人專用號誌),車與車,未保持行車安全距離
11002AC591B3312,20210204,120.194646,23.009784,交通事故,一般地址,臺南市北區和緯路三段段360號,2,晴,50,單路部分,路段,無號誌,車與車,未保持行車安全距離
11002AC591B3313,20210205,120.220799,23.002803,交通事故,其他,臺南市北區段號東豐路成杏校區前,2,晴,40,單路部分,路段,無號誌,人與汽(機)車,穿越道路未注意左右來車
11002AC591B3314,20210206,120.204218,22.99873,交通事故,交叉路口,臺南市北區成功路段號裕民街,1,晴,50,交岔路,交叉路口,行車管制號誌(附設行人專用號誌),車與車,違反號誌管制或指揮
11002AC591B3319,20210224,120.213589,23.004033,交通事故,交叉路口,臺南市北區北門路段號東豐路,2,晴,50,交岔路,交叉路口,行車管制號誌,車與車,未依規定讓車
11002AC591B3322,20210218,120.200036,23.018541,交通事故,交叉路口,臺南市北區海安路三段段號北成路,1,晴,50,交岔路,交叉路口,行車管制號誌,車與車,違反特定標誌(線)禁制
11002AC591B3337,20210219,120.214835,23.017144,交通事故,一般地址,臺南市北區公園路段721號,1,晴,50,單路部分,路段,無號誌,車與車,未注意車前狀態
11002AC591B3380,20210211,120.193601,23.005375,交通事故,交叉路口,臺南市北區文賢路段號武聖路,1,晴,50,交岔路,交叉路口,行車管制號誌,車與車,未注意車前狀態
11002AC591B3388,20210219,120.223671,23.008222,交通事故,一般地址,臺南市北區林森路三段段308號,2,晴,40,交岔路,交叉路口,無號誌,車與車,未依規定讓車
11002AC591B3389,20210219,120.221371,23.006626,交通事故,交叉路口,臺南市北區長榮路四段段58號東豐路305,1,晴,30,交岔路,交叉路口,無號誌,車與車,未依規定讓車
11002AC591B3404,20210220,120.185691,23.010185,交通事故,交叉路口,臺南市北區大興街段號大興街226,1,晴,30,交岔路,交叉路口,無號誌,汽(機)車本身,未依規定減速
11002AC591B3405,20210220,120.177855,23.00796,交通事故,交叉路口,臺南市北區大興街段652號大興街6023,2,晴,30,交岔路,交叉路口,無號誌,車與車,未依規定讓車
11002AC591B3407,20210220,120.212112,23.014512,交通事故,交叉路口,臺南市北區北安路1段513號公園路597,2,晴,30,交岔路,交叉路口,無號誌,車與車,未依規定讓車
11002AC591B3410,20210226,120.200657,23.012644,交通事故,交叉路口,臺南市北區海安路三段段號文成路,1,晴,50,交岔路,其他,行車管制號誌(附設行人專用號誌),人與汽(機)車,搶越行人穿越道
11002AC691B0025,20210201,120.189324,22.961289,交通事故,交叉路口,臺南市南區金華路1段號中華南路二段,1,晴,50,交岔路,交叉路口,行車管制號誌,車與車,未依規定讓車
11002AC691B0030,20210201,120.208064,22.970894,交通事故,交叉路口,臺南市南區國民路段號國民路270,1,晴,50,交岔路,交叉路口,行車管制號誌(附設行人專用號誌),車與車,違反號誌管制或指揮
11002AC691B0049,20210201,120.177257,22.971963,交通事故,一般地址,臺南市南區新樂路段39號0,1,晴,50,單路部分,路段,無號誌,車與車,變換車道或方向不當
11002AC691B0054,20210201,120.19745,22.975183,交通事故,一般地址,臺南市南區西門路1段205號,1,晴,50,單路部分,路段,無號誌,汽(機)車本身,其他引起事故之違規或不當行為
11002AC691B0081,20210202,120.195088,22.95649,交通事故,交叉路口,臺南市南區永成路2段號永成路2827,1,晴,50,交岔路,交叉路口,行車管制號誌,車與車,逆向行駛
11002AC691B0086,20210202,120.201723,22.981392,交通事故,交叉路口,臺南市南區健康路1段號忠義路,1,晴,50,交岔路,交叉路口,行車管制號誌,車與車,違反號誌管制或指揮
11002AC691B0105,20210202,120.212749,22.979652,交通事故,一般地址,臺南市南區大同路2段116號0,1,晴,50,單路部分,路段,無號誌,車與車,迴轉未依規定
11002AC691B0117,20210202,120.178215,22.969766,交通事故,一般地址,臺南市南區新義路段31號0,1,晴,50,單路部分,路段,無號誌,車與車,迴轉未依規定
11002AC691B0143,20210202,120.194093,22.981361,交通事故,一般地址,臺南市南區健康路2段129號0,1,晴,50,單路部分,路段,無號誌,車與車,未保持行車安全間隔
11002AC691B0174,20210203,120.186116,22.982177,交通事故,交叉路口,臺南市南區中華西路段號健康路,1,晴,50,交岔路,交叉路口,行車管制號誌(附設行人專用號誌),車與車,其他引起事故之違規或不當行為
11002AC691B0183,20210203,120.191493,22.981529,交通事故,交叉路口,臺南市南區健康路2段號金華路2,2,晴,50,交岔路,交叉路口,行車管制號誌,車與車,左轉彎未依規定
11002AC691B0184,20210203,120.194457,22.982384,交通事故,交叉路口,臺南市南區健康路2段116號夏林路104,1,晴,30,交岔路,交叉路口,無號誌,車與車,未依規定讓車
11002AC691B0199,20210203,120.190344,22.96809,交通事故,交叉路口,臺南市南區金華路1段48486號金華路1484,2,晴,40,交岔路,交叉路口,無號誌,車與車,左轉彎未依規定
11002AC691B0229,20210203,120.195494,22.938916,交通事故,交叉路口,臺南市南區永成路2段號萬年路,1,晴,60,交岔路,交叉路口,行車管制號誌,車與車,右轉彎未依規定
11002AC691B0259,20210204,120.189272,22.985763,交通事故,交叉路口,臺南市南區文南二街段號敬南街,2,晴,50,交岔路,交叉路口,無號誌,車與車,未依規定讓車
11002AC691B0280,20210204,120.191498,22.981624,交通事故,交叉路口,臺南市南區金華路2段289號文南路,1,晴,50,交岔路,交叉路口,無號誌,車與車,開啟車門不當而肇事
11002AC691B0290,20210204,120.183857,22.970277,交通事故,交叉路口,臺南市南區中華西路1段號新義路,1,晴,60,交岔路,交叉路口,行車管制號誌,車與車,未依規定讓車
11002AC691B0333,20210204,120.207492,22.973882,交通事故,交叉路口,臺南市南區大林路段號體育路,1,晴,50,單路部分,路段,無號誌,汽(機)車本身,其他引起事故之違規或不當行為
11002AC691B0334,20210204,120.181294,22.98206,交通事故,交叉路口,臺南市南區新樂路段號建平路,1,晴,50,交岔路,交叉路口,行車管制號誌,車與車,左轉彎未依規定
11002AC691B0338,20210204,120.207031,22.981129,交通事故,交叉路口,臺南市南區體育路段號健康路,1,晴,50,交岔路,交叉路口,行車管制號誌,車與車,右轉彎未依規定
11002AC691B0389,20210204,120.195122,22.978147,交通事故,交叉路口,臺南市南區夏林路段號新興路,2,晴,50,交岔路,交叉路口,行車管制號誌,車與車,未保持行車安全距離
11002AC691B0403,20210205,120.189999,22.984942,交通事故,交叉路口,臺南市南區文南路段號建南路,1,晴,50,交岔路,交叉路口,行車管制號誌,車與車,未注意車前狀態
11002AC691B0426,20210205,120.191553,22.982733,交通事故,一般地址,臺南市南區金華路2段221號0,2,晴,50,交岔路,交叉路口,行車管制號誌,車與車,尚未發現肇事因素
11002AC691B0437,20210205,120.191118,22.972811,交通事故,交叉路口,臺南市南區金華路1段484號金華路14847,1,晴,30,單路部分,路段,無號誌,車與車,未保持行車安全間隔
11002AC691B0462,20210206,120.191243,22.984866,交通事故,交叉路口,臺南市南區建南路段號建南路102,2,晴,30,交岔路,交叉路口,無號誌,車與車,未依規定讓車
11002AC691B0465,20210206,120.195122,22.978147,交通事故,交叉路口,臺南市南區夏林路段號新興路,2,晴,50,交岔路,交叉路口,行車管制號誌,車與車,未保持行車安全距離
11002AC691B0499,20210206,120.189324,22.961289,交通事故,交叉路口,臺南市南區金華路1段號中華南路二段,2,晴,50,交岔路,交叉路口,行車管制號誌,車與車,左轉彎未依規定
11002AC691B0504,20210206,120.19204,22.988118,交通事故,交叉路口,臺南市南區金華路段號永華路,1,晴,50,交岔路,交叉路口,行車管制號誌(附設行人專用號誌),車與車,未保持行車安全距離
11002AC691B0565,20210208,120.190214,22.988523,交通事故,交叉路口,臺南市南區永華路段號文南路,2,晴,50,交岔路,交叉路口,行車管制號誌(附設行人專用號誌),人與汽(機)車,未注意車前狀態
11002AC691B0601,20210203,120.175824,22.969901,交通事故,一般地址,臺南市南區新樂路段64號,1,晴,50,單路部分,路段,無號誌,車與車,未注意車前狀態
11002AC691B0620,20210204,120.194166,22.977465,交通事故,交叉路口,臺南市南區新興路段183號新興路,2,晴,50,交岔路,交叉路口,無號誌,車與車,起步未注意其他車(人)安全
11002AC691B0653,20210207,120.193032,22.983739,交通事故,一般地址,臺南市南區福吉三街段49號0福吉四街52,3,晴,30,交岔路,交叉路口,無號誌,車與車,未依規定讓車
11002AC691B0656,20210208,120.177004,22.948848,交通事故,一般地址,臺南市南區濱南路段436號0,1,晴,60,單路部分,路段,無號誌,車與車,未依規定讓車
11002AC691B0725,20210207,120.189999,22.984942,交通事故,交叉路口,臺南市南區建南路段號文南路,2,晴,50,交岔路,交叉路口,行車管制號誌,車與車,未依規定讓車
11002AC691B0784,20210210,120.184194,22.91998,交通事故,一般地址,臺南市南區明興路段號0,1,晴,50,單路部分,路段,無號誌,車與車,變換車道或方向不當
11002AC691B0801,20210207,120.183913,22.982308,交通事故,交叉路口,臺南市南區健康路2段號健康路2489,1,晴,30,交岔路,交叉路口,無號誌,車與車,未依規定讓車
11002AC691B0804,20210210,120.19187,22.974905,交通事故,一般地址,臺南市南區大成路2段219號0,1,晴,50,單路部分,路段,無號誌,車與車,起步未注意其他車(人)安全
11002AC691B0871,20210210,120.195207,22.98153,交通事故,交叉路口,臺南市南區健康路段號夏林路,1,晴,50,交岔路,交叉路口,行車管制號誌,汽(機)車本身,其他引起事故之違規或不當行為
11002AC691B0886,20210210,120.178564,22.938512,交通事故,交叉路口,臺南市南區喜樹路段號喜樹路340,4,晴,50,交岔路,交叉路口,行車管制號誌,車與車,左轉彎未依規定
11002AC691B0903,20210211,120.210283,22.972619,交通事故,交叉路口,臺南市南區中華南路一段段142號國民路270,1,雨,40,交岔路,交叉路口,無號誌,車與車,未依規定讓車
11002AC691B0908,20210211,120.183885,22.964235,交通事故,一般地址,臺南市南區中華西路1段8號0,3,晴,60,單路部分,路段,無號誌,車與車,其他引起事故之違規或不當行為
11002AC691B0917,20210211,120.18831,22.965699,交通事故,交叉路口,臺南市南區鹽埕路段103號鹽埕路103,1,晴,50,交岔路,交叉路口,無號誌,車與車,未依規定讓車
11002AC691B0925,20210211,120.192185,22.965826,交通事故,交叉路口,臺南市南區德興路段號永興一街,1,晴,50,交岔路,交叉路口,無號誌,車與車,未注意車前狀態
11002AC691B0949,20210210,120.183891,22.973144,交通事故,交叉路口,臺南市南區中華西路1段號新興路,1,晴,60,交岔路,交叉路口,行車管制號誌,車與車,右轉彎未依規定
11002AC691B0950,20210206,120.21508,22.967188,交通事故,一般地址,臺南市南區國民路段23號0,1,晴,50,單路部分,路段,無號誌,車與車,未注意車前狀態
11002AC691B0990,20210212,120.197571,22.981492,交通事故,交叉路口,臺南市南區西門路1段號健康路1,1,晴,50,交岔路,交叉路口,行車管制號誌,車與車,未依規定讓車
11002AC691B0992,20210212,120.182249,22.926373,交通事故,一般地址,臺南市南區灣裡路段277-1號0,1,晴,50,單路部分,路段,無號誌,車與車,未注意車前狀態
11002AC691B0996,20210212,120.178521,22.979537,交通事故,交叉路口,臺南市南區新樂路段號新忠路,1,晴,50,交岔路,交叉路口,行車管制號誌,車與車,其他引起事故之違規或不當行為
11002AC691B1004,20210212,120.176386,22.918364,交通事故,交叉路口,臺南市南區濱南路段號興南街,2,晴,70,交岔路,交叉路口,行車管制號誌(附設行人專用號誌),車與車,變換車道或方向不當