案件編號,發生日期,GPS經度,GPS緯度,案件類別名稱,地址類型名稱,發生縣市名稱,受傷人數,天候名稱, 速限-第1當事者,道路型態大類別名稱,事故位置大類別名稱,號誌-號誌種類名稱,事故類型及型態大類別名稱,肇因研判子類別名稱-主要
11002AC691B1020,20210209,120.195629,22.939088,交通事故,交叉路口,臺南市南區永成路2段號萬年路,1,晴,60,交岔路,交叉路口,行車管制號誌,車與車,未依規定讓車
11002AC691B1021,20210212,120.176227,22.937186,交通事故,其他,臺南市南區段號濱南路183公里,1,晴,60,單路部分,其他,無號誌,汽(機)車本身,其他引起事故之違規或不當行為
11002AC691B1028,20210213,120.184621,22.922051,交通事故,一般地址,臺南市南區明興路段1380號0,1,晴,50,單路部分,路段,無號誌,車與車,未注意車前狀態
11002AC691B1058,20210213,120.179832,22.942925,交通事故,交叉路口,臺南市南區喜樹路段222號喜樹路,1,晴,50,交岔路,交叉路口,無號誌,車與車,左轉彎未依規定
11002AC691B1207,20210209,120.182868,22.924998,交通事故,一般地址,臺南市南區灣裡路段341號0,1,晴,50,單路部分,路段,無號誌,車與車,其他引起事故之違規或不當行為
11002AC691B1299,20210215,120.184557,22.976525,交通事故,交叉路口,臺南市南區中華西路1段號新建路3,1,晴,60,交岔路,交叉路口,行車管制號誌,車與車,起步未注意其他車(人)安全
11002AC691B1300,20210210,120.183997,22.974779,交通事故,一般地址,臺南市南區中華西路1段號0,1,晴,60,單路部分,路段,無號誌,車與車,未注意車前狀態
11002AC691B1328,20210216,120.183934,22.973105,交通事故,交叉路口,臺南市南區中華西路1段號新興路,2,晴,60,交岔路,交叉路口,行車管制號誌,汽(機)車本身,未注意車前狀態
11002AC691B1336,20210216,120.207201,22.977618,交通事故,交叉路口,臺南市南區體育路段45號體育路,1,晴,50,交岔路,交叉路口,無號誌,車與車,迴轉未依規定
11002AC691B1395,20210217,120.180886,22.931206,交通事故,交叉路口,臺南市南區灣裡路段號灣裡路88,2,晴,50,單路部分,路段,無號誌,車與車,違反特定標誌(線)禁制
11002AC691B1460,20210217,120.177924,22.967308,交通事故,一般地址,臺南市南區新和路段35號0,1,晴,40,單路部分,路段,無號誌,車與車,未注意車前狀態
11002AC691B1469,20210210,120.195053,22.981438,交通事故,交叉路口,臺南市南區夏林路段號健康路2,1,晴,50,交岔路,交叉路口,行車管制號誌,車與車,未保持行車安全距離
11002AC691B1472,20210211,120.190838,22.984894,交通事故,交叉路口,臺南市南區建南路段號建南路117,3,晴,30,交岔路,交叉路口,無號誌,車與車,未依規定讓車
11002AC691B1487,20210217,120.183865,22.969643,交通事故,交叉路口,臺南市南區中華西路1段號中華西路150,1,晴,30,交岔路,交叉路口,閃光號誌,車與車,倒車未依規定
11002AC691B1572,20210218,120.191327,22.978108,交通事故,一般地址,臺南市南區金華路2段98號0,2,晴,50,單路部分,路段,無號誌,車與車,橫越道路不慎
11002AC691B1576,20210218,120.195233,22.974942,交通事故,一般地址,臺南市南區大成路2段69號,1,晴,50,單路部分,路段,無號誌,汽(機)車本身,其他引起事故之違規或不當行為
11002AC691B1578,20210213,120.186715,22.957864,交通事故,交叉路口,臺南市南區明興路段號明興路119,1,晴,50,交岔路,交叉路口,行車管制號誌(附設行人專用號誌),車與車,其他引起事故之違規或不當行為
11002AC691B1583,20210210,120.195298,22.976134,交通事故,交叉路口,臺南市南區夏林路段號新興路217,2,晴,50,交岔路,交叉路口,行車管制號誌,車與車,左轉彎未依規定
11002AC691B1588,20210218,120.195125,22.98267,交通事故,交叉路口,臺南市南區夏林路段號五妃街,2,晴,40,交岔路,交叉路口,行車管制號誌,車與車,違反號誌管制或指揮
11002AC691B1614,20210219,120.19773,22.980818,交通事故,交叉路口,臺南市南區西門路1段號西門路1380,2,晴,50,交岔路,交叉路口,無號誌,車與車,未依規定讓車
11002AC691B1622,20210201,120.188756,22.967264,交通事故,交叉路口,臺南市南區?埕路段號新都路,1,晴,50,交岔路,交叉路口,行車管制號誌,汽(機)車本身,其他引起事故之違規或不當行為
11002AC691B1623,20210207,120.207106,22.981243,交通事故,交叉路口,臺南市南區健康路段號體育路,2,晴,50,交岔路,交叉路口,行車管制號誌,車與車,未依規定讓車
11002AC691B1628,20210209,120.186277,22.983014,交通事故,交叉路口,臺南市南區中華西路段號永南二街,1,晴,60,交岔路,交叉路口,行車管制號誌,車與車,未依規定讓車
11002AC691B1637,20210219,120.190923,22.937171,交通事故,一般地址,臺南市南區萬年路段371號0,1,晴,50,單路部分,路段,無號誌,車與車,未注意車前狀態
11002AC691B1647,20210208,120.191102,22.976377,交通事故,交叉路口,臺南市南區金華路2段號金華路221,2,晴,50,交岔路,交叉路口,無號誌,車與車,未保持行車安全距離
11002AC691B1705,20210219,120.185302,22.973969,交通事故,交叉路口,臺南市南區新興路段號新建路,1,晴,40,交岔路,交叉路口,行車管制號誌,車與車,未注意車前狀態
11002AC691B1783,20210208,120.197,22.97875,交通事故,交叉路口,臺南市南區新興路段41號新興路91,2,晴,30,交岔路,交叉路口,無號誌,車與車,未依規定讓車
11002AC691B1791,20210214,120.188806,22.977854,交通事故,交叉路口,臺南市南區新孝路段號尊南街,2,晴,50,交岔路,交叉路口,行車管制號誌(附設行人專用號誌),車與車,右轉彎未依規定
11002AC691B1830,20210221,120.189743,22.985919,交通事故,一般地址,臺南市南區文南一街段2號,1,晴,40,單路部分,路段,無號誌,汽(機)車本身,其他引起事故之違規或不當行為
11002AC691B1834,20210212,120.190097,22.971127,交通事故,交叉路口,臺南市南區鹽埕路段號鹽埕路291,1,晴,50,交岔路,交叉路口,無號誌,車與車,未保持行車安全距離
11002AC691B1849,20210220,120.21334,22.969413,交通事故,交叉路口,臺南市南區中華南路一段段77號公英五街,2,晴,30,交岔路,交叉路口,無號誌,車與車,未依規定讓車
11002AC691B1900,20210208,120.19541,22.968624,交通事故,一般地址,臺南市南區永成路3段398號0,2,晴,50,交岔路,交叉路口,無號誌,車與車,左轉彎未依規定
11002AC691B1929,20210221,120.183938,22.967399,交通事故,交叉路口,臺南市南區中華西路1段號新和東路,1,晴,60,交岔路,交叉路口,行車管制號誌,車與車,未依規定讓車
11002AC691B1954,20210221,120.188759,22.975879,交通事故,一般地址,臺南市南區尊南街段55號0,1,晴,50,單路部分,路段,無號誌,汽(機)車本身,未注意車前狀態
11002AC691B1993,20210222,120.208174,22.970881,交通事故,一般地址,臺南市南區國民路段268號,2,晴,50,單路部分,路段,無號誌,車與車,未注意車前狀態
11002AC691B2003,20210222,120.203805,22.981156,交通事故,交叉路口,臺南市南區南門路段號健康路,1,晴,50,交岔路,交叉路口,行車管制號誌,車與車,未依規定讓車
11002AC691B2016,20210209,120.183933,22.958968,交通事故,交叉路口,臺南市南區濱南路段號鯤鯓路,1,晴,60,交岔路,交叉路口,行車管制號誌,車與車,未保持行車安全距離
11002AC691B2112,20210209,120.197272,22.974934,交通事故,一般地址,臺南市南區西門路1段199號0,1,晴,50,單路部分,路段,無號誌,車與車,變換車道或方向不當
11002AC691B2117,20210222,120.190505,22.980779,交通事故,交叉路口,臺南市南區金華路2段147號慶南街,2,晴,40,交岔路,交叉路口,無號誌,車與車,未依規定讓車
11002AC691B2139,20210223,120.210006,22.968964,交通事故,交叉路口,臺南市南區國民路段號中華南路一段,1,晴,50,交岔路,交叉路口,行車管制號誌,車與車,未注意車前狀態
11002AC691B2208,20210217,120.188297,22.971318,交通事故,交叉路口,臺南市南區利南街段號鹽埕路291,1,晴,30,交岔路,交叉路口,無號誌,車與車,未依規定讓車
11002AC691B2240,20210224,120.196046,22.975008,交通事故,交叉路口,臺南市南區大成路2段號大成路256,1,陰,50,交岔路,交叉路口,無號誌,車與車,未保持行車安全間隔
11002AC691B2280,20210224,120.191588,22.982786,交通事故,交叉路口,臺南市南區金華路2段號福吉五街,2,晴,50,交岔路,交叉路口,行車管制號誌,車與車,未注意車前狀態
11002AC691B2289,20210221,120.199665,22.975518,交通事故,一般地址,臺南市南區興昌路段99號0,1,晴,30,交岔路,交叉路口,無號誌,車與車,未注意車前狀態
11002AC691B2291,20210218,120.185273,22.967352,交通事故,交叉路口,臺南市南區新建路段號新和東路,1,晴,40,交岔路,交叉路口,行車管制號誌,車與車,未保持行車安全距離
11002AC691B2295,20210217,120.191493,22.981529,交通事故,交叉路口,臺南市南區金華路段號健康路,2,晴,50,交岔路,交叉路口,行車管制號誌,車與車,未注意車前狀態
11002AC691B2304,20210222,120.195584,22.94898,交通事故,交叉路口,臺南市南區永成路2段號永成路2490,2,晴,60,交岔路,交叉路口,行車管制號誌,車與車,未注意車前狀態
11002AC691B2309,20210208,120.214393,22.967363,交通事故,一般地址,臺南市南區國民路段43號0,2,晴,50,交岔路,交叉路口,行車管制號誌,車與車,未依規定讓車
11002AC691B2322,20210224,120.195661,22.981392,交通事故,交叉路口,臺南市南區健康路2段號健康路273,1,晴,50,交岔路,交叉路口,無號誌,車與車,開啟車門不當而肇事
11002AC691B2334,20210202,120.195306,22.965848,交通事故,交叉路口,臺南市南區永成路3段號永成路3137,1,晴,50,交岔路,交叉路口,行車管制號誌,車與車,左轉彎未依規定
11002AC691B2374,20210224,120.195917,22.97651,交通事故,一般地址,臺南市南區新興路段113103號,1,晴,30,單路部分,路段,無號誌,汽(機)車本身,其他引起事故之違規或不當行為
11002AC691B2376,20210215,120.184718,22.977994,交通事故,交叉路口,臺南市南區中華西路段號新孝路,1,晴,50,交岔路,交叉路口,行車管制號誌,車與車,左轉彎未依規定
11002AC691B2377,20210224,120.191637,22.966941,交通事故,一般地址,臺南市南區新都路段489號0,1,晴,50,單路部分,路段,無號誌,車與車,起步未注意其他車(人)安全
11002AC691B2379,20210203,120.197662,22.974966,交通事故,交叉路口,臺南市南區西門路段號大成路,1,晴,50,交岔路,交叉路口,行車管制號誌,車與車,未依規定讓車
11002AC691B2382,20210207,120.188644,22.986438,交通事故,交叉路口,臺南市南區美南街段號敬南街,2,晴,50,交岔路,交叉路口,無號誌,車與車,未依規定讓車
11002AC691B2386,20210213,120.184735,22.977908,交通事故,交叉路口,臺南市南區中華西路1段號新孝路,1,晴,60,交岔路,交叉路口,行車管制號誌,車與車,左轉彎未依規定
11002AC691B2396,20210201,120.203778,22.981386,交通事故,交叉路口,臺南市南區健康路段號南門路,2,晴,50,交岔路,交叉路口,行車管制號誌,車與車,左轉彎未依規定
11002AC691B2414,20210216,120.207151,22.971719,交通事故,交叉路口,臺南市南區國民路段475號國民路,1,晴,50,交岔路,交叉路口,無號誌,車與車,左轉彎未依規定
11002AC691B2426,20210203,120.195015,22.979256,交通事故,交叉路口,臺南市南區夏林路段號夏林路222,1,晴,30,交岔路,交叉路口,無號誌,車與車,爭(搶)道行駛
11002AC691B2429,20210206,120.188836,22.973035,交通事故,交叉路口,臺南市南區金華路1段503號利南街,1,晴,30,交岔路,交叉路口,無號誌,車與車,未依規定讓車
11002AC691B2519,20210215,120.183883,22.968591,交通事故,一般地址,臺南市南區中華西路1段40號0,1,晴,50,交岔路,交叉路口,無號誌,車與車,未保持行車安全間隔
11002AC691B2529,20210201,120.195182,22.974922,交通事故,交叉路口,臺南市南區大成路段號永成路,3,晴,50,交岔路,交叉路口,無號誌,車與車,未注意車前狀態
11002AC691B2535,20210226,120.191922,22.984805,交通事故,交叉路口,臺南市南區建南路段120號金華路2345,1,晴,40,交岔路,交叉路口,無號誌,車與車,未依規定讓車
11002AC691B2538,20210220,120.191493,22.981529,交通事故,交叉路口,臺南市南區金華路段號健康路,1,晴,50,交岔路,交叉路口,行車管制號誌,車與車,不明原因肇事
11002AC691B2545,20210226,120.180797,22.919784,交通事故,一般地址,臺南市南區興南街段311號0,1,晴,50,交岔路,交叉路口,閃光號誌,車與車,未依規定讓車
11002AC691B2548,20210218,120.190961,22.975192,交通事故,交叉路口,臺南市南區金華路1段號新興路,1,晴,50,交岔路,交叉路口,行車管制號誌,車與車,起步未注意其他車(人)安全
11002AC691B2550,20210210,120.195589,22.95992,交通事故,一般地址,臺南市南區永成路2段940號0,2,晴,60,單路部分,路段,無號誌,車與車,未依規定讓車
11002AC691B2555,20210206,120.183933,22.958968,交通事故,交叉路口,臺南市南區濱南路段號鯤鯓路,1,晴,60,交岔路,交叉路口,行車管制號誌,車與車,未依規定讓車
11002AC691B2598,20210219,120.189263,22.969408,交通事故,交叉路口,臺南市南區?埕路段號利南街,1,晴,50,交岔路,交叉路口,行車管制號誌,車與車,不明原因肇事
11002AC691B2647,20210214,120.190247,22.968046,交通事故,交叉路口,臺南市南區金華路1段48499號金華路148499,1,晴,40,交岔路,交叉路口,無號誌,車與車,未保持行車安全間隔
11002AC691B2651,20210226,120.183915,22.982297,交通事故,交叉路口,臺南市南區健康路2段號健康路2489,1,晴,60,交岔路,交叉路口,無號誌,車與車,未依規定讓車
11002AC691B2653,20210215,120.176183,22.936381,交通事故,一般地址,臺南市南區濱南路段號0,2,晴,60,單路部分,路段,無號誌,車與車,未注意車前狀態
11002AC691B2668,20210219,120.187789,22.962125,交通事故,交叉路口,臺南市南區中華南路二段2段3004號中華南路二段23022,1,晴,50,交岔路,交叉路口,閃光號誌,車與車,未依規定讓車
11002AC691B2670,20210204,120.197571,22.981492,交通事故,交叉路口,臺南市南區健康路段號西門路,1,晴,50,交岔路,交叉路口,行車管制號誌,汽(機)車本身,其他引起事故之違規或不當行為
11002AC691B2684,20210219,120.187363,22.974829,交通事故,一般地址,臺南市南區新興路段470號0,1,晴,50,單路部分,路段,無號誌,車與車,未依規定讓車
11002AC691B2685,20210207,120.18425,22.963347,交通事故,一般地址,臺南市南區中華西路1段28號0,1,晴,50,單路部分,路段,無號誌,車與車,未注意車前狀態
11002AC691B2687,20210208,120.209918,22.971658,交通事故,一般地址,臺南市南區中華南路一段段18668號0,1,晴,50,單路部分,路段,無號誌,車與車,起步未注意其他車(人)安全
11002AC691B2689,20210218,120.184605,22.921514,交通事故,交叉路口,臺南市南區明興路段號明興路1398,1,晴,50,交岔路,交叉路口,行車管制號誌,車與車,其他引起事故之違規或不當行為
11002AC691B2690,20210219,120.197526,22.985104,交通事故,交叉路口,臺南市南區西門路段號南寧街,1,晴,50,交岔路,交叉路口,行車管制號誌,車與車,未依規定讓車
11002AC691B2727,20210227,120.184767,22.92331,交通事故,交叉路口,臺南市南區明興路段號明興路1312,2,晴,50,交岔路,交叉路口,行車管制號誌,車與車,違反號誌管制或指揮
11002AC691B2733,20210225,120.184154,22.976445,交通事故,一般地址,臺南市南區中華西路1段83號0,2,晴,60,單路部分,路段,無號誌,車與車,未保持行車安全距離
11002AC691B2737,20210216,120.186116,22.982177,交通事故,交叉路口,臺南市南區中華西路1段號健康路,1,晴,50,交岔路,交叉路口,行車管制號誌,車與車,未注意車前狀態
11002AC691B2744,20210228,120.197169,22.987218,交通事故,一般地址,臺南市南區永華路1段1號0,1,晴,50,單路部分,路段,無號誌,車與車,未注意車前狀態
11002AC691B2750,20210208,120.187721,22.961637,交通事故,交叉路口,臺南市南區中華南路二段段300號中華南路二段,1,晴,50,交岔路,交叉路口,行車管制號誌(附設行人專用號誌),人與汽(機)車,左轉彎未依規定
11002AC691B2752,20210226,120.186116,22.982177,交通事故,交叉路口,臺南市南區中華西路段號健康路,2,晴,60,交岔路,路段,無號誌,車與車,未注意車前狀態
11002AC691B2756,20210227,120.208482,22.970493,交通事故,其他,臺南市南區段號國民路268號(殯儀館明德門大門前),1,晴,50,交岔路,交叉路口,行車管制號誌,車與車,違反號誌管制或指揮
11002AC691B2771,20210216,120.209983,22.968669,交通事故,一般地址,臺南市南區國民路段255號0,2,晴,50,單路部分,路段,無號誌,車與車,未保持行車安全間隔
11002AC691B2773,20210220,120.186116,22.982177,交通事故,交叉路口,臺南市南區中華西路段號健康路,1,晴,50,交岔路,交叉路口,行車管制號誌,車與車,右轉彎未依規定
11002AC691B2804,20210228,120.198573,22.963618,交通事故,交叉路口,臺南市南區中華南路二段段號西門路,1,晴,50,交岔路,交叉路口,行車管制號誌,汽(機)車本身,酒醉(後)駕駛失控
11002AC691B2821,20210211,120.180684,22.953418,交通事故,其他,臺南市南區段號濱南路(第53號燈桿),2,晴,60,單路部分,路段,無號誌,車與車,未注意車前狀態
11002AC691B2824,20210208,120.18821,22.979493,交通事故,交叉路口,臺南市南區聖南街段號惠南街,2,晴,40,交岔路,交叉路口,無號誌,車與車,未依規定讓車
11002AC691B2839,20210219,120.19382,22.981474,交通事故,交叉路口,臺南市南區三官路段號健康路,1,晴,50,交岔路,交叉路口,行車管制號誌,車與車,未保持行車安全距離
11002AC691B2854,20210226,120.21019,22.965829,交通事故,一般地址,臺南市南區國民路段27158號0,1,晴,40,單路部分,路段,無號誌,車與車,未保持行車安全間隔
11002AC691B2859,20210226,120.188608,22.975001,交通事故,交叉路口,臺南市南區尊南街段號新興路416,1,晴,50,交岔路,交叉路口,無號誌,車與車,未保持行車安全間隔
11002AC691B2864,20210227,120.191515,22.9754,交通事故,一般地址,臺南市南區新興路段361號0,1,晴,50,單路部分,路段,無號誌,車與車,迴轉未依規定
11002AC691B2867,20210228,120.195122,22.978147,交通事故,交叉路口,臺南市南區夏林路段號新興路,1,晴,50,交岔路,交叉路口,行車管制號誌,車與車,其他引起事故之違規或不當行為
11002AC691B2894,20210228,120.179613,22.929531,交通事故,一般地址,臺南市南區灣裡路段8885號0,1,晴,30,單路部分,路段,無號誌,車與車,起步未注意其他車(人)安全
11002AC691B2929,20210219,120.192295,22.982598,交通事故,交叉路口,臺南市南區福吉五街段號健康路2198,1,晴,50,交岔路,交叉路口,無號誌,車與車,其他引起事故之違規或不當行為
11002AC691B2986,20210213,120.197769,22.974941,交通事故,交叉路口,臺南市南區西門路段號大成路,2,晴,50,交岔路,交叉路口,行車管制號誌,車與車,左轉彎未依規定
11002AC691B3010,20210219,120.191038,22.975528,交通事故,交叉路口,臺南市南區金華路2段號金華路23,1,晴,30,交岔路,交叉路口,無號誌,車與車,未依規定讓車
11002AC691B3015,20210218,120.185302,22.973969,交通事故,交叉路口,臺南市南區新興路段號新建路,1,晴,50,交岔路,交叉路口,行車管制號誌,車與車,未保持行車安全間隔
11002AC691B3016,20210218,120.186745,22.957936,交通事故,交叉路口,臺南市南區明興路段號明興路119,2,晴,50,交岔路,交叉路口,行車管制號誌,車與車,違反號誌管制或指揮
11002AC691B3018,20210219,120.208324,22.970425,交通事故,一般地址,臺南市南區國民路段443號0,1,晴,50,交岔路,交叉路口,閃光號誌,車與車,未注意車前狀態
11002AC691B3032,20210220,120.213296,22.975982,交通事故,一般地址,臺南市南區大林路段15號0,2,晴,50,單路部分,路段,無號誌,人與汽(機)車,逆向行駛
11002AC691B3057,20210219,120.207106,22.981243,交通事故,交叉路口,臺南市南區健康路段號體育路,1,晴,50,交岔路,交叉路口,行車管制號誌,車與車,其他引起事故之違規或不當行為
11002AC691B3065,20210222,120.208561,22.970422,交通事故,交叉路口,臺南市南區國民路段583號國民路,2,晴,50,單路部分,路段,行車管制號誌,車與車,變換車道或方向不當
11002AC691B3066,20210220,120.188418,22.926234,交通事故,交叉路口,臺南市南區同興路段號萬年五街,1,晴,50,交岔路,交叉路口,行車管制號誌,車與車,未保持行車安全間隔
11002AC691B3095,20210220,120.212517,22.975917,交通事故,交叉路口,臺南市南區大林路段號大同路2186,2,晴,50,交岔路,交叉路口,行車管制號誌,車與車,未依規定讓車
11002AC691B3096,20210220,120.194038,22.967903,交通事故,一般地址,臺南市南區金華路1段352153號,1,晴,30,交岔路,交叉路口,無號誌,汽(機)車本身,其他引起事故之違規或不當行為
11002AC691B3097,20210220,120.197555,22.979605,交通事故,交叉路口,臺南市南區西門路段號新興路,1,晴,50,交岔路,交叉路口,行車管制號誌,車與車,未依規定讓車
11002AC691B3098,20210221,120.196959,22.975529,交通事故,一般地址,臺南市南區西門路1段22314號0,2,晴,30,單路部分,路段,無號誌,車與車,起步未注意其他車(人)安全
11002AC691B3106,20210202,120.191455,22.977675,交通事故,一般地址,臺南市南區金華路2段80號0,1,晴,50,單路部分,路段,無號誌,汽(機)車本身,其他引起事故之違規或不當行為
11002AC691B3127,20210226,120.19746,22.986979,交通事故,一般地址,臺南市南區西門路1段683號,1,晴,50,單路部分,路段,無號誌,車與車,未注意車前狀態
11002AC691B3128,20210208,120.189569,22.936359,交通事故,一般地址,臺南市南區萬年路段346號0,2,晴,50,單路部分,路段,無號誌,車與車,未注意車前狀態
11002AC691B3132,20210210,120.188644,22.986438,交通事故,交叉路口,臺南市南區敬南街段號美南街,1,晴,50,交岔路,交叉路口,無號誌,車與車,未依規定讓車
11002AC691B3137,20210221,120.185311,22.952648,交通事故,一般地址,臺南市南區明興路段257號0,3,晴,50,單路部分,路段,無號誌,汽(機)車本身,未注意車前狀態
11002AC691B3160,20210221,120.190064,22.970959,交通事故,一般地址,臺南市南區鹽埕路段285號0,1,晴,50,單路部分,路段,無號誌,車與車,未保持行車安全間隔
11002AC691B3185,20210222,120.191493,22.981529,交通事故,交叉路口,臺南市南區金華路段號健康路,1,晴,50,交岔路,其他,行車管制號誌,人與汽(機)車,搶越行人穿越道
11002AC691B3189,20210211,120.195412,22.964701,交通事故,交叉路口,臺南市南區永成路3段號永興三街,3,晴,50,交岔路,交叉路口,行車管制號誌,車與車,違反號誌管制或指揮
11002AC691B3232,20210204,120.203884,22.975174,交通事故,交叉路口,臺南市南區大成路段號國民路,3,晴,50,交岔路,交叉路口,行車管制號誌,車與車,右轉彎未依規定
11002AC691B3241,20210203,120.191463,22.925249,交通事故,交叉路口,臺南市南區同興路段15號同興路,2,晴,50,交岔路,交叉路口,無號誌,車與車,違規超車
11002AC691B3261,20210212,120.213519,22.978089,交通事故,交叉路口,臺南市南區大同路2段號大同路2164,1,晴,50,交岔路,交叉路口,行車管制號誌,車與車,未保持行車安全距離
11002AC691B3294,20210201,120.191524,22.984086,交通事故,一般地址,臺南市南區金華路2段277號,1,晴,50,單路部分,路段,無號誌,車與車,起步未注意其他車(人)安全
11002AC691B3297,20210204,120.190052,22.985749,交通事故,交叉路口,臺南市南區文南路段號文南一街,2,晴,50,交岔路,交叉路口,閃光號誌,車與車,未依規定讓車
11002AC691B3342,20210210,120.190358,22.969107,交通事故,交叉路口,臺南市南區金華路段號利南街,1,晴,50,交岔路,交叉路口,行車管制號誌,車與車,左轉彎未依規定
11002AC691B3346,20210209,120.184294,22.982289,交通事故,交叉路口,臺南市南區健康路段號仁南街,1,晴,50,交岔路,交叉路口,行車管制號誌,車與車,未注意車前狀態
11002AC691B3350,20210226,120.184374,22.950047,交通事故,一般地址,臺南市南區明興路段338號0,1,晴,50,交岔路,交叉路口,無號誌,車與車,未保持行車安全間隔
11002AC691B3364,20210211,120.198633,22.967478,交通事故,一般地址,臺南市南區新都路段號0,1,晴,50,單路部分,路段,無號誌,車與車,變換車道或方向不當
11002AC691B3366,20210206,120.183477,22.981427,交通事故,一般地址,臺南市南區中華西路1段10952號0,1,晴,30,單路部分,路段,無號誌,車與車,未注意車前狀態
11002AC691B3377,20210214,120.189485,22.965962,交通事故,一般地址,臺南市南區鹽埕路段20號0,1,晴,50,單路部分,路段,無號誌,車與車,橫越道路不慎
11002AC691B3379,20210215,120.211852,22.972243,交通事故,一般地址,臺南市南區大同路2段48213339號0,1,晴,30,單路部分,路段,無號誌,車與車,使用手持行動電話失控
11002AC691B3381,20210215,120.212464,22.980422,交通事故,交叉路口,臺南市南區大同路2段號大同路219,2,晴,50,交岔路,交叉路口,無號誌,車與車,逆向行駛
11002AC691B3382,20210216,120.185324,22.981983,交通事故,一般地址,臺南市南區健康路1段435號0,1,晴,50,單路部分,路段,無號誌,車與車,變換車道或方向不當
11002AC691B3386,20210218,120.195974,22.976539,交通事故,交叉路口,臺南市南區西門路1段33331號大成路256,1,晴,30,交岔路,交叉路口,無號誌,汽(機)車本身,動物竄出
11002AC691B3387,20210221,120.2093,22.981122,交通事故,交叉路口,臺南市南區體育路段號健康路1133,2,晴,50,交岔路,交叉路口,無號誌,車與車,橫越道路不慎
11002AC691B3391,20210207,120.183933,22.958968,交通事故,交叉路口,臺南市南區濱南路段號鯤鯓路,1,晴,60,交岔路,交叉路口,行車管制號誌,車與車,右轉彎未依規定
11002AC691B3393,20210208,120.195131,22.983842,交通事故,交叉路口,臺南市南區夏林路段號府緯街,1,晴,50,交岔路,交叉路口,行車管制號誌,車與車,其他引起事故之違規或不當行為
11002AC691B3398,20210211,120.208561,22.970422,交通事故,交叉路口,臺南市南區國民路段號國民路532,1,晴,50,交岔路,交叉路口,行車管制號誌,車與車,未注意車前狀態
11002AC691B3400,20210212,120.212088,22.967284,交通事故,一般地址,臺南市南區國民路段147號0,1,晴,50,單路部分,路段,無號誌,車與車,未注意車前狀態
11002AC691B3401,20210221,120.215097,22.970854,交通事故,交叉路口,臺南市南區大同路2段號大同路2112,1,晴,50,交岔路,交叉路口,閃光號誌,車與車,迴轉未依規定
11002AC691B3406,20210221,120.183744,22.962902,交通事故,其他,臺南市南區段號中華西路二段近中華南路往南路牌,1,晴,60,單路部分,路段,無號誌,車與車,未保持行車安全距離
11002AC691B3408,20210221,120.197389,22.979588,交通事故,一般地址,臺南市南區新興路段17號0,1,晴,50,單路部分,路段,無號誌,車與車,未保持行車安全距離
11002AC691B3409,20210222,120.209819,22.969126,交通事故,交叉路口,臺南市南區中華南路一段段號國民路,1,晴,50,交岔路,交叉路口,行車管制號誌,車與車,未依規定讓車
11002AC691B3425,20210217,120.190586,22.98159,交通事故,交叉路口,臺南市南區健康路段號慶南街,1,晴,50,交岔路,交叉路口,行車管制號誌,車與車,左轉彎未依規定
11002AC691B3429,20210222,120.19099,22.975525,交通事故,交叉路口,臺南市南區金華路2段號金華路23,1,晴,50,交岔路,交叉路口,無號誌,車與車,未保持行車安全間隔
11002AC691B3430,20210222,120.192414,22.976248,交通事故,一般地址,臺南市南區新興路段242號0,2,晴,50,單路部分,路段,無號誌,車與車,橫越道路不慎
11002AC691B3433,20210222,120.190433,22.984918,交通事故,交叉路口,臺南市南區建南路段102號建南路,1,晴,40,交岔路,交叉路口,無號誌,車與車,未依規定讓車
11002AC691B3434,20210223,120.188806,22.977854,交通事故,交叉路口,臺南市南區新孝路段號尊南街,1,晴,50,交岔路,交叉路口,行車管制號誌,車與車,未依規定讓車
11002AC691B3437,20210222,120.211485,22.970672,交通事故,交叉路口,臺南市南區中華南路一段段77號公英一街,1,晴,40,交岔路,交叉路口,無號誌,車與車,未依規定讓車
11002AC691B3438,20210224,120.192185,22.965826,交通事故,交叉路口,臺南市南區德興路段號永興一街,1,晴,50,交岔路,交叉路口,無號誌,車與車,未依規定讓車
11002AC691B3440,20210224,120.214254,22.974858,交通事故,其他,臺南市南區段號大同路二段與立德二路口,2,晴,50,交岔路,交叉路口,行車管制號誌,車與車,未保持行車安全距離
11002AC691B3442,20210228,120.197455,22.974563,交通事故,交叉路口,臺南市南區西門路1段號大成路2,1,晴,50,交岔路,交叉路口,行車管制號誌,車與車,違反號誌管制或指揮
11002AC691B3444,20210213,120.203957,22.975215,交通事故,其他,臺南市南區段號國民路與大成路口南側,1,晴,50,單路部分,路段,無號誌,車與車,未保持行車安全距離
11002AC691B3454,20210228,120.19204,22.988118,交通事故,交叉路口,臺南市南區永華路段號金華路,1,晴,50,交岔路,交叉路口,行車管制號誌,車與車,不明原因肇事
11002AC691B3460,20210228,120.194251,22.987681,交通事故,一般地址,臺南市南區永華路1段102號,1,晴,50,單路部分,路段,無號誌,車與車,不明原因肇事