案件編號,發生日期,GPS經度,GPS緯度,案件類別名稱,地址類型名稱,發生縣市名稱,受傷人數,天候名稱, 速限-第1當事者,道路型態大類別名稱,事故位置大類別名稱,號誌-號誌種類名稱,事故類型及型態大類別名稱,肇因研判子類別名稱-主要
11002AC691B3463,20210218,120.184471,22.976593,交通事故,交叉路口,臺南市南區中華西路1段號新仁路,1,晴,60,交岔路,交叉路口,行車管制號誌,車與車,違反號誌管制或指揮
11002AC691B3464,20210218,120.195387,22.955813,交通事故,一般地址,臺南市南區永成路2段675號,1,晴,60,單路部分,路段,無號誌,車與車,未注意車前狀態
11002AC691B3465,20210219,120.1973,22.987966,交通事故,交叉路口,臺南市南區西門路1段號樹林街2,2,晴,50,交岔路,交叉路口,行車管制號誌,車與車,違反號誌管制或指揮
11002AC691B3472,20210228,120.178712,22.945968,交通事故,一般地址,臺南市南區喜樹路段5625號0,1,晴,30,交岔路,交叉路口,無號誌,車與車,未依規定讓車
11002AC791A0006,20210205,120.210043,23.173928,交通事故,無,臺南市佳里區段號,0,晴,30,單路部分,路段,無號誌,汽(機)車本身,未依規定減速
11002AC791A0022,20210226,120.133111,23.185111,交通事故,交叉路口,臺南市七股區大潭里省道臺17線段號區道南30線,0,晴,70,交岔路,交叉路口,行車管制號誌,車與車,未依規定讓車
11002AC791B0009,20210201,120.131448,23.117274,交通事故,無,臺南市七股區段號,3,晴,70,單路部分,路段,無號誌,車與車,未注意車前狀態
11002AC791B0012,20210201,120.191884,23.181662,交通事故,其他,臺南市佳里區段號民安里新宅50之6號附近四岔路口,1,晴,50,交岔路,交叉路口,無號誌,車與車,左轉彎未依規定
11002AC791B0036,20210201,120.172917,23.192549,交通事故,無,臺南市佳里區段號,1,晴,50,單路部分,路段,無號誌,汽(機)車本身,不明原因肇事
11002AC791B0041,20210201,120.174814,23.155129,交通事故,一般地址,臺南市佳里區建南里復興路段11號,1,晴,50,單路部分,路段,無號誌,車與車,未注意車前狀態
11002AC791B0043,20210201,120.17176,23.16305,交通事故,其他,臺南市佳里區段號文化路佳里國小旁東向車道,2,晴,50,單路部分,路段,無號誌,車與車,起步未注意其他車(人)安全
11002AC791B0056,20210201,120.200481,23.123509,交通事故,交叉路口,臺南市西港區慶安里新興街段107號進學街54,1,晴,30,交岔路,交叉路口,無號誌,汽(機)車本身,未注意車前狀態
11002AC791B0077,20210202,120.149616,23.17317,交通事故,交叉路口,臺南市佳里區頂?里區道南26線段號區道南29線,1,晴,50,交岔路,交叉路口,閃光號誌,車與車,左轉彎未依規定
11002AC791B0107,20210202,120.207925,23.125241,交通事故,一般地址,臺南市西港區西港里文化路段91號,1,晴,60,單路部分,路段,無號誌,車與車,未保持行車安全間隔
11002AC791B0108,20210202,120.22095,23.12189,交通事故,無,臺南市西港區段號,1,晴,30,交岔路,交叉路口,無號誌,車與車,未依規定讓車
11002AC791B0140,20210202,120.202285,23.120976,交通事故,一般地址,臺南市西港區慶安里慶安路段45號0,1,晴,40,交岔路,交叉路口,無號誌,車與車,未注意車前狀態
11002AC791B0150,20210203,120.179392,23.18601,交通事故,一般地址,臺南市佳里區海澄里萊芊寮段12-35號0,3,晴,30,交岔路,路段,無號誌,車與車,左轉彎未依規定
11002AC791B0157,20210203,120.175906,23.162748,交通事故,交叉路口,臺南市佳里區東寧里民生街段號民生街1,2,晴,30,交岔路,交叉路口,無號誌,車與車,未依規定讓車
11002AC791B0212,20210203,120.209535,23.126782,交通事故,無,臺南市西港區段號,1,晴,60,單路部分,路段,無號誌,車與車,未保持行車安全間隔
11002AC791B0230,20210204,120.201714,23.119432,交通事故,一般地址,臺南市西港區慶安里新興街段107號0,1,晴,50,單路部分,路段,無號誌,車與車,左轉彎未依規定
11002AC791B0231,20210201,120.176701,23.162423,交通事故,交叉路口,臺南市佳里區東寧里中山路段號和平街,1,晴,50,交岔路,交叉路口,無號誌,車與車,左轉彎未依規定
11002AC791B0258,20210204,120.145241,23.137736,交通事故,其他,臺南市七股區段號大埕里437之1號,1,晴,30,交岔路,交叉路口,無號誌,車與車,未依規定讓車
11002AC791B0287,20210204,120.179292,23.171559,交通事故,交叉路口,臺南市佳里區六安里延平路段號延平路577,1,晴,50,交岔路,交叉路口,行車管制號誌,車與車,左轉彎未依規定
11002AC791B0298,20210204,120.172914,23.167797,交通事故,交叉路口,臺南市佳里區安西里忠孝路段號安西路,1,晴,50,交岔路,交叉路口,行車管制號誌,車與車,疲勞(患病)駕駛失控
11002AC791B0319,20210204,120.165974,23.12938,交通事故,其他,臺南市佳里區段號南37線公路與南34線公路路口,1,晴,50,交岔路,交叉路口,行車管制號誌,車與車,未依規定讓車
11002AC791B0320,20210204,120.200154,23.134462,交通事故,其他,臺南市西港區段號西港里1之63號(環球飼料公司)南側路口,1,晴,30,交岔路,交叉路口,無號誌,車與車,未依規定讓車
11002AC791B0336,20210205,120.175979,23.164104,交通事故,交叉路口,臺南市佳里區安西里進學路段250號進學路,2,晴,50,交岔路,交叉路口,無號誌,車與車,未依規定讓車
11002AC791B0363,20210205,120.15047,23.169194,交通事故,其他,臺南市佳里區段號嘉福里下?118之6號旁路口,1,晴,30,交岔路,交叉路口,無號誌,車與車,未依規定讓車
11002AC791B0369,20210205,120.203125,23.122306,交通事故,交叉路口,臺南市西港區西港里中山路段號文化路,1,晴,50,交岔路,交叉路口,無號誌,車與車,變換車道或方向不當
11002AC791B0375,20210205,120.172622,23.161291,交通事故,其他,臺南市佳里區段號公園路410號,1,晴,30,交岔路,交叉路口,無號誌,車與車,未依規定讓車
11002AC791B0391,20210205,120.17857,23.160152,交通事故,一般地址,臺南市佳里區忠仁里延平路段272號0,1,晴,50,單路部分,路段,無號誌,車與車,起步未注意其他車(人)安全
11002AC791B0433,20210206,120.192539,23.161953,交通事故,一般地址,臺南市佳里區民安里同安寮段107之2號,2,晴,50,單路部分,路段,無號誌,人與汽(機)車,未依規定行走行人穿越道、地下道、天橋而穿越道路
11002AC791B0451,20210206,120.203914,23.110557,交通事故,無,臺南市西港區段號,1,晴,50,交岔路,交叉路口,無號誌,車與車,未依規定讓車
11002AC791B0491,20210206,120.179986,23.127412,交通事故,交叉路口,臺南市西港區劉厝里區道南34線段號區道南41線,1,晴,50,交岔路,交叉路口,行車管制號誌,車與車,違反號誌管制或指揮
11002AC791B0507,20210207,120.139299,23.140866,交通事故,無,臺南市七股區段號,2,晴,50,單路部分,路段,無號誌,汽(機)車本身,未注意車前狀態
11002AC791B0510,20210206,120.175304,23.151815,交通事故,交叉路口,臺南市佳里區安南路段號四維三街,1,晴,50,交岔路,交叉路口,行車管制號誌,車與車,倒車未依規定
11002AC791B0519,20210207,120.18239,23.163938,交通事故,交叉路口,臺南市佳里區東寧里佳東路段號進學路,1,晴,50,交岔路,交叉路口,行車管制號誌,車與車,右轉彎未依規定
11002AC791B0529,20210207,120.178244,23.154017,交通事故,交叉路口,臺南市佳里區中山路段號仁愛路,1,晴,50,交岔路,交叉路口,行車管制號誌,車與車,未依規定讓車
11002AC791B0535,20210207,120.184066,23.153798,交通事故,交叉路口,臺南市佳里區鎮山里佳東路段號信義一街,1,晴,30,交岔路,交叉路口,行車管制號誌,車與車,違反號誌管制或指揮
11002AC791B0568,20210206,120.178294,23.166242,交通事故,交叉路口,臺南市佳里區六安里延平路段號中山路,2,晴,50,交岔路,交叉路口,無號誌,車與車,未注意車前狀態
11002AC791B0617,20210208,120.135038,23.137079,交通事故,無,臺南市七股區段號,2,晴,50,交岔路,交叉路口,無號誌,車與車,起步未注意其他車(人)安全
11002AC791B0654,20210208,120.202928,23.123845,交通事故,無,臺南市西港區段號,2,晴,50,單路部分,路段,無號誌,汽(機)車本身,未保持行車安全距離
11002AC791B0688,20210209,120.172615,23.159537,交通事故,交叉路口,臺南市佳里區建南里新生路段號公園路,2,晴,50,交岔路,交叉路口,行車管制號誌,車與車,違反號誌管制或指揮
11002AC791B0719,20210209,120.171102,23.163301,交通事故,交叉路口,臺南市佳里區安西里安西路段號安西路330,1,晴,40,交岔路,交叉路口,無號誌,車與車,迴轉未依規定
11002AC791B0729,20210209,120.168058,23.158298,交通事故,其他,臺南市佳里區段號文新里新生路120之8號旁三岔路口,1,晴,50,交岔路,交叉路口,無號誌,車與車,未依規定讓車
11002AC791B0752,20210205,120.181819,23.168338,交通事故,交叉路口,臺南市佳里區六安里佳東路段號安北路,1,晴,50,交岔路,交叉路口,行車管制號誌,汽(機)車本身,未注意車前狀態
11002AC791B0787,20210210,120.177094,23.160016,交通事故,其他,臺南市佳里區段號忠仁里中山路240號前,1,晴,50,單路部分,路段,無號誌,車與車,未注意車前狀態
11002AC791B0791,20210210,120.177081,23.163867,交通事故,一般地址,臺南市佳里區安西里中山路段430號,1,晴,50,單路部分,路段,無號誌,車與車,未保持行車安全距離
11002AC791B0800,20210201,120.172097,23.158591,交通事故,其他,臺南市佳里區段號公園路283巷7號,1,晴,30,單路部分,路段,無號誌,車與車,開啟車門不當而肇事
11002AC791B0809,20210204,120.072663,23.102676,交通事故,其他,臺南市七股區段號三股120號,2,晴,30,單路部分,路段,無號誌,汽(機)車本身,未注意車前狀態
11002AC791B0847,20210203,120.131526,23.095666,交通事故,無,臺南市七股區段號,3,晴,70,交岔路,交叉路口,行車管制號誌,車與車,未保持行車安全距離
11002AC791B0885,20210211,120.167638,23.158193,交通事故,其他,臺南市佳里區段號新生路與佳西路口,1,晴,50,交岔路,交叉路口,行車管制號誌,車與車,右轉彎未依規定
11002AC791B0887,20210204,120.178047,23.163859,交通事故,其他,臺南市佳里區段號進學路202號前車道上,1,晴,50,單路部分,路段,無號誌,車與車,左轉彎未依規定
11002AC791B0890,20210211,120.178283,23.162112,交通事故,交叉路口,臺南市佳里區建南里延平路段號延平路350,1,雨,50,交岔路,交叉路口,無號誌,車與車,未注意車前狀態
11002AC791B0918,20210211,120.19577,23.138565,交通事故,無,臺南市西港區段號,4,晴,50,交岔路,交叉路口,無號誌,車與車,未注意車前狀態
11002AC791B0946,20210202,120.188559,23.190404,交通事故,無,臺南市佳里區段號,2,晴,50,單路部分,路段,無號誌,車與車,橫越道路不慎
11002AC791B0948,20210211,120.178217,23.161053,交通事故,一般地址,臺南市佳里區東寧里延平路段279號0,1,晴,50,單路部分,路段,無號誌,車與車,疲勞(患病)駕駛失控
11002AC791B1007,20210212,120.189087,23.192874,交通事故,無,臺南市佳里區段號,2,晴,50,交岔路,交叉路口,無號誌,車與車,未依規定讓車
11002AC791B1034,20210213,120.179153,23.170432,交通事故,一般地址,臺南市佳里區六安里延平路段521之3號,2,晴,50,單路部分,路段,無號誌,人與汽(機)車,未注意車前狀態
11002AC791B1063,20210213,120.145118,23.177581,交通事故,無,臺南市七股區段號,1,晴,50,單路部分,路段,無號誌,車與車,未保持行車安全距離
11002AC791B1252,20210203,120.174909,23.162494,交通事故,一般地址,臺南市佳里區東寧里光復路段256號0,2,晴,50,單路部分,路段,無號誌,車與車,起步未注意其他車(人)安全
11002AC791B1278,20210215,120.171967,23.107901,交通事故,其他,臺南市西港區段號南海里慶安路與南42線公路口,2,晴,50,交岔路,交叉路口,閃光號誌,車與車,未依規定讓車
11002AC791B1290,20210214,120.169697,23.168484,交通事故,其他,臺南市佳里區段號佳西路525巷口附近,1,晴,50,單路部分,路段,無號誌,車與車,未注意車前狀態
11002AC791B1308,20210213,120.175362,23.155175,交通事故,交叉路口,臺南市佳里區南勢里光復路段號復興路,2,晴,50,交岔路,交叉路口,行車管制號誌,車與車,違反號誌管制或指揮
11002AC791B1322,20210216,120.196861,23.153906,交通事故,無,臺南市西港區段號,2,晴,50,單路部分,路段,無號誌,車與車,未注意車前狀態
11002AC791B1338,20210216,120.192618,23.143094,交通事故,其他,臺南市西港區段號後營3-82號-南44線0公里處,2,晴,50,交岔路,交叉路口,無號誌,車與車,左轉彎未依規定
11002AC791B1382,20210210,120.17204,23.146119,交通事故,其他,臺南市佳里區段號成功路396號,1,晴,50,單路部分,路段,無號誌,汽(機)車本身,未注意車前狀態
11002AC791B1383,20210211,120.173108,23.165261,交通事故,其他,臺南市佳里區段號公園路461號,1,晴,30,單路部分,路段,無號誌,汽(機)車本身,未注意車前狀態
11002AC791B1423,20210211,120.188572,23.199109,交通事故,其他,臺南市佳里區段號營頂29號,2,晴,50,交岔路,交叉路口,行車管制號誌,車與車,右轉彎未依規定
11002AC791B1433,20210216,120.192153,23.161003,交通事故,其他,臺南市佳里區段號民安里同安寮鎮安宮前路口,1,晴,50,交岔路,交叉路口,無號誌,車與車,未依規定讓車
11002AC791B1438,20210217,120.174503,23.150918,交通事故,其他,臺南市佳里區段號祥和三街288號,1,晴,30,交岔路,交叉路口,無號誌,車與車,右轉彎未依規定
11002AC791B1445,20210217,120.18255,23.162302,交通事故,交叉路口,臺南市佳里區東寧里佳東路段號新生東路,1,晴,50,交岔路,交叉路口,無號誌,車與車,起步未注意其他車(人)安全
11002AC791B1489,20210218,120.178787,23.160695,交通事故,一般地址,臺南市佳里區東寧里新生路段108號,1,晴,50,單路部分,路段,無號誌,車與車,未依規定讓車
11002AC791B1491,20210218,120.185144,23.186136,交通事故,其他,臺南市佳里區段號佳興里路燈編號061628號燈桿前,1,晴,30,單路部分,路段,無號誌,汽(機)車本身,未注意車前狀態
11002AC791B1511,20210218,120.211379,23.16961,交通事故,無,臺南市佳里區段號,2,晴,50,交岔路,交叉路口,閃光號誌,車與車,未依規定讓車
11002AC791B1512,20210218,120.171132,23.164004,交通事故,交叉路口,臺南市佳里區安西路段號安西路201,3,晴,25,交岔路,交叉路口,無號誌,車與車,未依規定讓車
11002AC791B1522,20210201,120.203662,23.110471,交通事故,其他,臺南市西港區段號南40線東往西向涵洞下,2,晴,50,單路部分,路段,無號誌,車與車,未注意車前狀態
11002AC791B1529,20210218,120.173985,23.162139,交通事故,交叉路口,臺南市佳里區和平街段號長安街,2,晴,30,交岔路,交叉路口,無號誌,車與車,未依規定讓車
11002AC791B1544,20210218,120.181443,23.164065,交通事故,交叉路口,臺南市佳里區忠孝東路段號進學路,1,晴,50,交岔路,交叉路口,閃光號誌,車與車,變換車道或方向不當
11002AC791B1559,20210218,120.196254,23.174786,交通事故,無,臺南市佳里區段號,2,晴,30,交岔路,交叉路口,無號誌,車與車,未依規定讓車
11002AC791B1620,20210219,120.174742,23.159947,交通事故,交叉路口,臺南市佳里區建南里光復路段號新生路,2,晴,50,交岔路,交叉路口,行車管制號誌(附設行人專用號誌),車與車,左轉彎未依規定
11002AC791B1627,20210201,120.112556,23.184982,交通事故,交叉路口,臺南市七股區區道南25-1線段號區道南30線,1,晴,50,交岔路,交叉路口,閃光號誌,車與車,右轉彎未依規定
11002AC791B1651,20210217,120.184162,23.181928,交通事故,其他,臺南市佳里區段號佳里奇美醫院前路口,1,晴,50,交岔路,交叉路口,行車管制號誌,車與車,違規超車
11002AC791B1693,20210220,120.17706,23.159321,交通事故,交叉路口,臺南市佳里區忠仁里中山路段號興中街,1,晴,40,交岔路,交叉路口,無號誌,車與車,未依規定讓車
11002AC791B1752,20210220,120.176338,23.160255,交通事故,一般地址,臺南市佳里區建南里新生路段280號,2,晴,50,單路部分,路段,無號誌,人與汽(機)車,未注意車前狀態
11002AC791B1777,20210206,120.172385,23.162152,交通事故,交叉路口,臺南市佳里區公園路段號和平街,3,晴,30,交岔路,交叉路口,無號誌,車與車,未依規定讓車
11002AC791B1785,20210220,120.131539,23.103121,交通事故,無,臺南市七股區段號,1,晴,70,交岔路,交叉路口,無號誌,汽(機)車本身,動物竄出
11002AC791B1787,20210219,120.195591,23.181386,交通事故,其他,臺南市佳里區段號佳里興96-1號,2,晴,30,交岔路,交叉路口,無號誌,車與車,未依規定讓車
11002AC791B1842,20210220,120.170378,23.158619,交通事故,其他,臺南市佳里區段號文新里新生路安西118-5號前東向,1,晴,50,單路部分,路段,無號誌,車與車,倒車未依規定
11002AC791B1903,20210221,120.188572,23.199091,交通事故,一般地址,臺南市佳里區營溪里省道臺19線段29號0,2,晴,50,交岔路,交叉路口,行車管制號誌(附設行人專用號誌),車與車,違反號誌管制或指揮
11002AC791B1978,20210220,120.131687,23.101973,交通事故,無,臺南市七股區段號義合108號,5,晴,70,單路部分,路段,無號誌,車與車,未保持行車安全距離
11002AC791B1984,20210222,120.183233,23.15994,交通事故,其他,臺南市佳里區段號忠仁里佳東路信義國小前,1,晴,50,交岔路,交叉路口,行車管制號誌,車與車,違反號誌管制或指揮
11002AC791B1995,20210222,120.18392,23.181385,交通事故,無,臺南市佳里區段號,1,晴,50,交岔路,交叉路口,行車管制號誌,人與汽(機)車,未注意車前狀態
11002AC791B2025,20210222,120.20307,23.122522,交通事故,其他,臺南市西港區段號中山路與文化路口,1,晴,50,交岔路,交叉路口,行車管制號誌,車與車,違反號誌管制或指揮
11002AC791B2033,20210218,120.197548,23.120286,交通事故,其他,臺南市西港區段號慶安路211號,1,晴,40,交岔路,交叉路口,行車管制號誌,車與車,逆向行駛
11002AC791B2054,20210218,120.134148,23.168743,交通事故,其他,臺南市七股區段號篤加里篤厚橋南側路口,1,晴,50,交岔路,路段,無號誌,車與車,未保持行車安全距離
11002AC791B2068,20210211,120.195209,23.139291,交通事故,無,臺南市西港區段號,2,雨,70,單路部分,路段,無號誌,車與車,未保持行車安全距離
11002AC791B2095,20210209,120.201148,23.16902,交通事故,無,臺南市七股區段號,1,晴,60,單路部分,路段,無號誌,車與車,未保持行車安全間隔
11002AC791B2103,20210214,120.168986,23.170488,交通事故,一般地址,臺南市佳里區安西里忠孝路段278號,2,晴,50,單路部分,路段,無號誌,車與車,違規超車
11002AC791B2123,20210223,120.202086,23.122331,交通事故,交叉路口,臺南市西港區慶安里進學街段號進學街49,1,晴,50,交岔路,交叉路口,無號誌,車與車,左轉彎未依規定
11002AC791B2160,20210223,120.175564,23.179169,交通事故,其他,臺南市佳里區段號萊芊寮1-117號,2,晴,30,交岔路,交叉路口,無號誌,車與車,左轉彎未依規定
11002AC791B2207,20210215,120.20214,23.159236,交通事故,其他,臺南市西港區段號金砂里民安高幹30右19右4電桿旁路口,2,晴,30,交岔路,交叉路口,無號誌,車與車,未依規定讓車
11002AC791B2264,20210218,120.169442,23.16299,交通事故,交叉路口,臺南市佳里區文化路段號育善街,1,晴,50,交岔路,交叉路口,行車管制號誌,車與車,未注意車前狀態
11002AC791B2357,20210225,120.203657,23.111911,交通事故,一般地址,臺南市西港區西港里中山路段17號,1,晴,50,交岔路,交叉路口,行車管制號誌,車與車,左轉彎未依規定
11002AC791B2387,20210225,120.218078,23.138045,交通事故,其他,臺南市西港區段號南44公路2.7公里附近四岔路口,2,晴,50,交岔路,交叉路口,閃光號誌,車與車,未保持行車安全間隔
11002AC791B2390,20210225,120.178382,23.163632,交通事故,一般地址,臺南市佳里區延平路段412號,1,晴,50,單路部分,路段,無號誌,車與車,起步未注意其他車(人)安全
11002AC791B2463,20210226,120.178173,23.165377,交通事故,交叉路口,臺南市佳里區六安里忠孝路段號延平路,1,晴,50,交岔路,交叉路口,行車管制號誌,車與車,未依規定讓車
11002AC791B2504,20210226,120.177559,23.161601,交通事故,一般地址,臺南市佳里區東寧里義民街段133號0,1,晴,40,交岔路,交叉路口,無號誌,車與車,未依規定讓車
11002AC791B2532,20210226,120.182876,23.163962,交通事故,一般地址,臺南市佳里區六安里進學路段42號0,1,晴,50,交岔路,交叉路口,行車管制號誌,車與車,未保持行車安全間隔
11002AC791B2589,20210226,120.205078,23.112833,交通事故,其他,臺南市西港區段號西港里西港路燈編號0448號旁路口,2,晴,50,交岔路,交叉路口,行車管制號誌,車與車,違反號誌管制或指揮
11002AC791B2634,20210227,120.170417,23.166333,交通事故,交叉路口,臺南市佳里區安西里光明街段號光華街130,1,晴,40,交岔路,交叉路口,無號誌,車與車,未依規定讓車
11002AC791B2667,20210227,120.194048,23.118534,交通事故,一般地址,臺南市西港區南海里慶安路段242-2號,1,晴,50,單路部分,路段,無號誌,汽(機)車本身,未注意車前狀態
11002AC791B2671,20210207,120.155306,23.173436,交通事故,其他,臺南市佳里區段號頂部10號之2,1,晴,50,交岔路,交叉路口,閃光號誌,汽(機)車本身,未依規定減速
11002AC791B2678,20210227,120.178193,23.163868,交通事故,交叉路口,臺南市佳里區延平路段號進學路,3,晴,50,交岔路,交叉路口,行車管制號誌,車與車,未依規定讓車
11002AC791B2717,20210226,120.173552,23.150161,交通事故,交叉路口,臺南市佳里區南勢里成功路段號成功路202,2,晴,40,交岔路,交叉路口,行車管制號誌,車與車,違反號誌管制或指揮
11002AC791B2769,20210219,120.115843,23.136966,交通事故,其他,臺南市七股區段號龍山里龍山2-2號,1,晴,50,單路部分,路段,無號誌,汽(機)車本身,未注意車前狀態
11002AC791B2782,20210214,120.168895,23.170528,交通事故,其他,臺南市佳里區段號忠孝路284號前,2,晴,50,單路部分,路段,無號誌,車與車,尚未發現肇事因素
11002AC791B2787,20210228,120.132895,23.130133,交通事故,其他,臺南市七股區段號七股里臺17線公路與176線公路路口,3,晴,70,交岔路,交叉路口,行車管制號誌,車與車,未保持行車安全間隔
11002AC791B2791,20210227,120.171088,23.161229,交通事故,交叉路口,臺南市佳里區文新里安西路段號安西路93,3,晴,40,交岔路,交叉路口,無號誌,車與車,未保持行車安全間隔
11002AC791B2825,20210228,120.183877,23.181208,交通事故,無,臺南市佳里區段號,2,晴,50,單路部分,路段,無號誌,車與車,未保持行車安全間隔
11002AC791B2844,20210216,120.134375,23.189659,交通事故,其他,臺南市七股區段號大潭里頂潭47號,1,晴,30,單路部分,路段,無號誌,車與車,起步未注意其他車(人)安全
11002AC791B2877,20210228,120.178518,23.159531,交通事故,其他,臺南市佳里區段號延平路與興中街,2,晴,50,交岔路,交叉路口,閃光號誌,車與車,未依規定讓車
11002AC791B2919,20210210,120.177855,23.165405,交通事故,交叉路口,臺南市佳里區六安里中山路段號忠孝路,1,晴,50,交岔路,交叉路口,閃光號誌,車與車,未依規定讓車
11002AC791B2927,20210201,120.170491,23.131521,交通事故,其他,臺南市佳里區段號外渡頭31-3號,1,晴,50,單路部分,路段,無號誌,車與車,逆向行駛
11002AC791B2930,20210213,120.176445,23.160105,交通事故,一般地址,臺南市佳里區新生路段267號0,1,晴,50,單路部分,路段,無號誌,車與車,迴轉未依規定
11002AC791B3100,20210216,120.182694,23.161831,交通事故,一般地址,臺南市佳里區東寧里佳東路段361號,2,晴,50,單路部分,路段,無號誌,車與車,起步未注意其他車(人)安全
11002AC791B3207,20210226,120.175329,23.155135,交通事故,交叉路口,臺南市佳里區建南里成功路段號復興路,2,晴,50,交岔路,交叉路口,行車管制號誌,車與車,逆向行駛
11002AC791B3208,20210202,120.176726,23.162403,交通事故,交叉路口,臺南市佳里區東寧里中山路段號和平街,1,晴,50,交岔路,交叉路口,無號誌,汽(機)車本身,未注意車前狀態
11002AC791B3209,20210202,120.176775,23.1631,交通事故,交叉路口,臺南市佳里區東寧里中山路段號文化路,1,晴,50,交岔路,交叉路口,行車管制號誌,車與車,未依規定讓車
11002AC791B3210,20210203,120.226472,23.135571,交通事故,其他,臺南市西港區段號檨林里三合寮2之2號前,1,晴,30,交岔路,交叉路口,無號誌,車與車,未依規定讓車
11002AC791B3211,20210203,120.169215,23.164091,交通事故,交叉路口,臺南市佳里區安西里育善街段號育善街233,2,晴,30,交岔路,交叉路口,無號誌,車與車,左轉彎未依規定
11002AC791B3212,20210204,120.176417,23.154688,交通事故,一般地址,臺南市佳里區建南里仁愛路段397-1號0,1,晴,50,單路部分,路段,無號誌,車與車,未注意車前狀態
11002AC791B3214,20210205,120.171043,23.158982,交通事故,交叉路口,臺南市佳里區文新里新生路段號安西路,1,晴,50,交岔路,交叉路口,行車管制號誌,車與車,未依規定讓車
11002AC791B3215,20210208,120.178327,23.162381,交通事故,交叉路口,臺南市佳里區東寧里延平路段號和平街,1,晴,50,單路部分,路段,行車管制號誌,車與車,未注意車前狀態
11002AC791B3216,20210209,120.201297,23.120926,交通事故,交叉路口,臺南市西港區慶安里慶安路段號新興街,1,晴,50,交岔路,交叉路口,行車管制號誌,車與車,未保持行車安全間隔
11002AC791B3218,20210209,120.202904,23.183995,交通事故,其他,臺南市佳里區段號子龍里後庄38之3號前,2,晴,30,交岔路,交叉路口,無號誌,車與車,未依規定讓車
11002AC791B3219,20210209,120.179178,23.17076,交通事故,交叉路口,臺南市佳里區六安里延平路段號佳北路,2,晴,50,交岔路,交叉路口,行車管制號誌,車與車,未保持行車安全距離
11002AC791B3220,20210214,120.171056,23.158911,交通事故,交叉路口,臺南市佳里區文新里新生路段號安南路,2,晴,50,單路部分,路段,無號誌,車與車,左轉彎未依規定
11002AC791B3221,20210216,120.181681,23.149191,交通事故,交叉路口,臺南市佳里區南勢里佳南路段號鎮山街122,1,晴,30,單路部分,路段,無號誌,車與車,起步未注意其他車(人)安全
11002AC791B3222,20210220,120.207127,23.124706,交通事故,交叉路口,臺南市西港區西港里文化路段號文化路69,2,晴,30,交岔路,交叉路口,行車管制號誌,車與車,未依規定讓車
11002AC791B3223,20210221,120.134775,23.136589,交通事故,其他,臺南市七股區段號玉成里玉成24號前,2,晴,50,交岔路,交叉路口,行車管制號誌,車與車,未依規定讓車
11002AC791B3224,20210226,120.131542,23.102453,交通事故,交叉路口,臺南市七股區永吉里省道臺17線段號區道南38線,1,晴,70,單路部分,路段,無號誌,汽(機)車本身,不明原因肇事
11002AC791B3226,20210226,120.187822,23.202646,交通事故,其他,臺南市佳里區段號營溪里營頂台19公路新成橋前,1,晴,50,單路部分,路段,無號誌,汽(機)車本身,不明原因肇事
11002AC791B3227,20210226,120.215323,23.121157,交通事故,其他,臺南市西港區段號港東里烏竹林1之13號前,1,晴,30,交岔路,交叉路口,無號誌,車與車,未依規定讓車
11002AC791B3228,20210227,120.23211,23.136342,交通事故,其他,臺南市西港區段號檨林里檨子林66之7號前,1,晴,30,交岔路,交叉路口,無號誌,車與車,未依規定讓車
11002AC791B3229,20210227,120.156981,23.15097,交通事故,其他,臺南市七股區段號大埕里176公路往南29公路150公尺處,1,晴,30,單路部分,路段,無號誌,汽(機)車本身,超速失控
11002AC791B3426,20210220,120.180461,23.163891,交通事故,交叉路口,臺南市佳里區進學路段號信義二街,2,晴,50,交岔路,交叉路口,行車管制號誌,車與車,違反號誌管制或指揮
11002AC7X1B0467,20210204,120.155012,23.161882,交通事故,一般地址,臺南市佳里區文化西路段573號,1,陰,30,交岔路,交叉路口,無號誌,車與車,未依規定減速
11002AC7X1B0611,20210201,120.176032,23.165787,交通事故,其他,臺南市佳里區段號林園街與林園街174巷口,1,晴,50,交岔路,交叉路口,無號誌,車與車,未依規定讓車
11002AC7X1B0900,20210211,120.174163,23.151816,交通事故,交叉路口,臺南市佳里區成功路段號安南路,1,雨,40,交岔路,交叉路口,無號誌,車與車,未注意車前狀態
11002AC893A0007,20210206,120.155169,23.201761,交通事故,其他,臺南市將軍區段號忠嘉里南21線3.5公里,0,晴,50,交岔路,交叉路口,閃光號誌,車與車,變換車道或方向不當
11002AC893A0013,20210210,120.183495,23.225389,交通事故,一般地址,臺南市學甲區新榮里華宗路段210號0,0,雨,50,交岔路,交叉路口,無號誌,人與汽(機)車,穿越道路未注意左右來車
11002AC893B0011,20210201,120.158115,23.194588,交通事故,其他,臺南市將軍區段號長榮里214號前,1,晴,50,交岔路,交叉路口,無號誌,車與車,左轉彎未依規定
11002AC893B0053,20210201,120.112219,23.24178,交通事故,其他,臺南市北門區段號慈安里永華高幹80號前,4,晴,50,單路部分,路段,無號誌,車與車,未保持行車安全間隔
11002AC893B0126,20210202,120.110079,23.214639,交通事故,一般地址,臺南市將軍區長沙里區道南312線段139號,1,晴,60,交岔路,交叉路口,無號誌,車與車,右轉彎未依規定