案件編號,發生日期,GPS經度,GPS緯度,案件類別名稱,地址類型名稱,發生縣市名稱,受傷人數,天候名稱, 速限-第1當事者,道路型態大類別名稱,事故位置大類別名稱,號誌-號誌種類名稱,事故類型及型態大類別名稱,肇因研判子類別名稱-主要
11002AC893B0129,20210202,120.1805,23.234485,交通事故,交叉路口,臺南市學甲區明宜里中正路段號中山路,1,晴,50,交岔路,交叉路口,行車管制號誌,人與汽(機)車,未注意車前狀態
11002AC893B0265,20210204,120.181781,23.235182,交通事故,一般地址,臺南市學甲區新達里中山路段8811號,1,晴,50,單路部分,路段,無號誌,車與車,起步未注意其他車(人)安全
11002AC893B0356,20210205,120.156826,23.245657,交通事故,其他,臺南市學甲區段號中洲里中洲334號前路口,1,晴,40,交岔路,交叉路口,無號誌,車與車,未依規定讓車
11002AC893B0386,20210205,120.162639,23.213303,交通事故,其他,臺南市將軍區段號苓仔寮里南19線源頭28-3號前路口,1,晴,50,交岔路,交叉路口,無號誌,車與車,未依規定讓車
11002AC893B0423,20210205,120.156038,23.210139,交通事故,其他,臺南市將軍區段號忠嘉里嘉昌37-2號前路口,1,晴,30,交岔路,交叉路口,閃光號誌,車與車,未依規定讓車
11002AC893B0460,20210206,120.218743,23.235457,交通事故,其他,臺南市學甲區段號學甲區新達里174線第023201號路燈桿前,1,晴,50,單路部分,路段,無號誌,汽(機)車本身,未依規定減速
11002AC893B0508,20210207,120.157752,23.244836,交通事故,其他,臺南市學甲區段號中洲里北門高幹7號前,1,晴,50,單路部分,路段,無號誌,汽(機)車本身,酒醉(後)駕駛失控
11002AC893B0622,20210208,120.136256,23.231344,交通事故,無,臺南市學甲區段號,1,晴,30,交岔路,交叉路口,閃光號誌,汽(機)車本身,酒醉(後)駕駛失控
11002AC893B0676,20210209,120.141433,23.214547,交通事故,其他,臺南市將軍區段號忠嘉里嘉玉58左1號電桿前路口,1,晴,30,交岔路,交叉路口,無號誌,車與車,未依規定讓車
11002AC893B0828,20210210,120.189269,23.214496,交通事故,交叉路口,臺南市學甲區大灣里區道南52線段號區道南52-1線,1,晴,30,交岔路,交叉路口,無號誌,車與車,未依規定讓車
11002AC893B0834,20210210,120.13439,23.20569,交通事故,交叉路口,臺南市將軍區將軍里省道臺17線段號區道南20線,2,晴,50,交岔路,交叉路口,行車管制號誌,車與車,未依規定減速
11002AC893B0836,20210210,120.185604,23.23443,交通事故,交叉路口,臺南市學甲區新達里中山路段號民族路,1,陰,50,交岔路,交叉路口,閃光號誌,車與車,未依規定讓車
11002AC893B0840,20210210,120.158485,23.190189,交通事故,其他,臺南市將軍區段號長榮里長榮179號前路口,2,陰,50,交岔路,交叉路口,無號誌,車與車,未依規定讓車
11002AC893B0843,20210207,120.153346,23.238471,交通事故,其他,臺南市學甲區段號中洲里佳學高幹250右17前路口,1,晴,50,交岔路,交叉路口,無號誌,車與車,違規超車
11002AC893B0906,20210211,120.181208,23.234479,交通事故,交叉路口,臺南市學甲區新達里中山路段號成功路,1,雨,50,交岔路,交叉路口,無號誌,車與車,未依規定讓車
11002AC893B0935,20210211,120.178973,23.233196,交通事故,交叉路口,臺南市學甲區明宜里濟生路段號和平路,1,陰,50,交岔路,交叉路口,無號誌,車與車,未依規定讓車
11002AC893B1032,20210212,120.202931,23.215822,交通事故,無,臺南市學甲區段號,1,晴,50,單路部分,路段,無號誌,汽(機)車本身,未注意車前狀態
11002AC893B1153,20210214,120.133055,23.241465,交通事故,交叉路口,臺南市北門區文山里市道174線段號省道臺17線,1,晴,50,交岔路,交叉路口,行車管制號誌,車與車,未依規定讓車
11002AC893B1162,20210212,120.152886,23.313025,交通事故,無,臺南市北門區段號,1,晴,50,單路部分,路段,無號誌,車與車,未注意車前狀態
11002AC893B1256,20210215,120.125087,23.209372,交通事故,其他,臺南市將軍區段號三吉里西玉高幹55號前,1,晴,50,單路部分,路段,無號誌,汽(機)車本身,酒醉(後)駕駛失控
11002AC893B1258,20210215,120.137848,23.298275,交通事故,其他,臺南市北門區段號雙春里雙高幹15號前,1,晴,50,交岔路,交叉路口,無號誌,汽(機)車本身,未依規定減速
11002AC893B1260,20210215,120.129948,23.278282,交通事故,交叉路口,臺南市北門區保吉里省道臺17線段號臺84下東西平面道路,1,晴,50,交岔路,交叉路口,行車管制號誌,車與車,未依規定讓車
11002AC893B1302,20210207,120.118128,23.258245,交通事故,其他,臺南市北門區段號北門里南15線與南10線路口,1,晴,50,交岔路,交叉路口,閃光號誌,車與車,未依規定讓車
11002AC893B1385,20210217,120.18655,23.229419,交通事故,交叉路口,臺南市學甲區新榮里建國東路段號忠孝路,1,晴,50,交岔路,交叉路口,閃光號誌,車與車,未依規定讓車
11002AC893B1400,20210216,120.198684,23.216391,交通事故,其他,臺南市學甲區段號豐和里美豐121-3號,1,晴,30,交岔路,交叉路口,無號誌,車與車,未依規定讓車
11002AC893B1402,20210217,120.163689,23.195104,交通事故,其他,臺南市將軍區段號長榮里南24線4.6公里,2,晴,30,交岔路,交叉路口,閃光號誌,車與車,未依規定讓車
11002AC893B1431,20210213,120.182513,23.238921,交通事故,一般地址,臺南市學甲區秀昌里三民路段煥昌82號,1,晴,50,交岔路,交叉路口,閃光號誌,車與車,未依規定讓車
11002AC893B1443,20210217,120.185583,23.234459,交通事故,其他,臺南市學甲區段號新達里中山路與民族路口,1,晴,50,交岔路,交叉路口,閃光號誌,車與車,左轉彎未依規定
11002AC893B1591,20210211,120.097,23.191364,交通事故,其他,臺南市將軍區段號鯤鯓里南26線1公里,1,晴,50,交岔路,路段,行車管制號誌,車與車,左轉彎未依規定
11002AC893B1633,20210219,120.178961,23.233495,交通事故,一般地址,臺南市學甲區明宜里和平路段267號,1,晴,50,單路部分,路段,無號誌,汽(機)車本身,未注意車前狀態
11002AC893B1682,20210220,120.158126,23.194772,交通事故,一般地址,臺南市將軍區長榮里區道南19線段217號,1,晴,50,交岔路,交叉路口,閃光號誌,車與車,未依規定減速
11002AC893B1986,20210222,120.162622,23.243207,交通事故,其他,臺南市學甲區段號中洲里中洲622號前,2,晴,30,單路部分,路段,無號誌,車與車,右轉彎未依規定
11002AC893B2079,20210222,120.185632,23.238053,交通事故,其他,臺南市學甲區段號新達里中華路學甲國中後門旁,1,晴,50,單路部分,路段,無號誌,車與車,未注意車前狀態
11002AC893B2147,20210223,120.17414,23.225748,交通事故,無,臺南市學甲區段號,1,晴,50,單路部分,路段,閃光號誌,汽(機)車本身,超速失控
11002AC893B2256,20210224,120.197787,23.24864,交通事故,交叉路口,臺南市學甲區新達里省道臺19線段號區道南53線,1,晴,50,交岔路,交叉路口,閃光號誌,車與車,未依規定讓車
11002AC893B2292,20210224,120.148078,23.243323,交通事故,其他,臺南市學甲區段號佳學高幹265號前,1,晴,50,單路部分,路段,無號誌,汽(機)車本身,未依規定減速
11002AC893B2355,20210225,120.112557,23.242128,交通事故,其他,臺南市北門區段號慈安里南15線永華高幹79號電桿前,1,晴,50,單路部分,路段,無號誌,汽(機)車本身,酒醉(後)駕駛失控
11002AC893B2411,20210225,120.185416,23.213605,交通事故,其他,臺南市學甲區段號大灣里154-21號前,1,晴,50,單路部分,路段,無號誌,車與車,右轉彎未依規定
11002AC893B2438,20210225,120.1779,23.237993,交通事故,交叉路口,臺南市學甲區秀昌里新生路段號三民路,2,晴,50,交岔路,交叉路口,行車管制號誌,車與車,違反號誌管制或指揮
11002AC893B2590,20210226,120.177307,23.231868,交通事故,交叉路口,臺南市學甲區仁得里信義路段號民權路,1,晴,50,單路部分,路段,行車管制號誌,車與車,未保持行車安全距離
11002AC893B2681,20210227,120.137611,23.24207,交通事故,一般地址,臺南市北門區仁里里市道174線段178號,2,晴,50,單路部分,路段,無號誌,車與車,未保持行車安全距離
11002AC893B2749,20210228,120.136662,23.283639,交通事故,其他,臺南市北門區段號蚵寮里臺17線蚵寮881號前,1,晴,50,單路部分,路段,無號誌,車與車,未保持行車安全距離
11002AC8R1B0434,20210206,120.124285,23.286603,交通事故,其他,臺南市北門區段號南12線(溪北高幹70左36)電線桿桿,1,晴,40,單路部分,路段,無號誌,車與車,未保持行車安全間隔
11002AC8W1B0825,20210206,120.185229,23.232817,交通事故,交叉路口,臺南市學甲區慈福里民族路段號民族路11,1,晴,50,交岔路,交叉路口,無號誌,車與車,未注意車前狀態
11002AC8W1B1885,20210221,120.179144,23.234014,交通事故,交叉路口,臺南市學甲區和平路段號宮西路,1,晴,30,交岔路,交叉路口,無號誌,車與車,未注意車前狀態
11002AC8W1B2367,20210218,120.179522,23.230388,交通事故,交叉路口,臺南市學甲區仁得里建國路段號中正路,1,晴,50,交岔路,交叉路口,行車管制號誌,汽(機)車本身,不明原因肇事
11002AC991B0020,20210201,120.292655,23.073997,交通事故,交叉路口,臺南市新市區新和里銘傳街段11號銘傳街,1,晴,40,交岔路,交叉路口,無號誌,車與車,倒車未依規定
11002AC991B0028,20210201,120.267556,23.129928,交通事故,交叉路口,臺南市善化區胡厝里烏橋中路段號興農路,1,晴,50,交岔路,交叉路口,行車管制號誌(附設行人專用號誌),車與車,左轉彎未依規定
11002AC991B0055,20210201,120.333912,23.150508,交通事故,交叉路口,臺南市善化區昌隆里區道南122線段號省道臺1線,1,晴,70,交岔路,交叉路口,閃光號誌,車與車,未依規定讓車
11002AC991B0063,20210201,120.231959,23.092691,交通事故,一般地址,臺南市安定區港口里區道南134線段港口353-2號0,2,晴,50,單路部分,路段,無號誌,車與車,橫越道路不慎
11002AC991B0066,20210201,120.255332,23.126366,交通事故,一般地址,臺南市安定區蘇林里蘇厝段7號,1,晴,60,單路部分,路段,無號誌,車與車,未保持行車安全距離
11002AC991B0069,20210201,120.302514,23.064005,交通事故,一般地址,臺南市新市區永就里區道南144線段永就45號0,2,晴,50,交岔路,交叉路口,行車管制號誌,車與車,違反號誌管制或指揮
11002AC991B0084,20210202,120.313143,23.120975,交通事故,一般地址,臺南市善化區小新里小新營段號0小新里產業道路,2,晴,50,交岔路,交叉路口,無號誌,車與車,未依規定讓車
11002AC991B0085,20210202,120.305068,23.0895,交通事故,一般地址,臺南市新市區大營里豐榮段41號,3,晴,50,交岔路,交叉路口,無號誌,車與車,未依規定讓車
11002AC991B0112,20210202,120.2598,23.127591,交通事故,一般地址,臺南市安定區蘇林里市道178線段蘇厝1之45號0蘇林里蘇厝1之45號對面,1,晴,60,單路部分,路段,無號誌,車與車,變換車道或方向不當
11002AC991B0120,20210202,120.300699,23.152831,交通事故,一般地址,臺南市善化區田寮里區道南122線段六分寮20-3號0田寮里六分寮20號之3前,1,晴,50,單路部分,路段,無號誌,車與車,未注意車前狀態
11002AC991B0130,20210202,120.279851,23.06043,交通事故,一般地址,臺南市新市區社內里中山路豐化橋段號0,3,晴,40,單路部分,路段,無號誌,車與車,未保持行車安全距離
11002AC991B0132,20210202,120.313306,23.110821,交通事故,一般地址,臺南市善化區小新里西拉雅大道段號0小新里西拉雅大道機慢車道路段(路燈編號3-50道路編號24),1,晴,40,單路部分,路段,無號誌,汽(機)車本身,未注意車前狀態
11002AC991B0136,20210202,120.286795,23.133371,交通事故,交叉路口,臺南市善化區文正里文正路段29號文正路25,1,晴,50,交岔路,交叉路口,無號誌,車與車,未依規定讓車
11002AC991B0138,20210201,120.305837,23.132332,交通事故,交叉路口,臺南市善化區光文里光文路段號民權路,2,晴,50,交岔路,交叉路口,行車管制號誌,車與車,未注意車前狀態
11002AC991B0145,20210203,120.294157,23.082261,交通事故,交叉路口,臺南市新市區新市里富林路段號自強街34新市里富林路與自強街34巷,2,晴,50,交岔路,交叉路口,無號誌,車與車,左轉彎未依規定
11002AC991B0162,20210203,120.274496,23.08748,交通事故,一般地址,臺南市新市區豐華里區道南134線段豐華63-4號0,1,晴,30,交岔路,路段,無號誌,車與車,未依規定讓車
11002AC991B0167,20210203,120.256602,23.11059,交通事故,一般地址,臺南市安定區安定里直加弄大道段號0安定區直加弄大道台積電18工務廠機車出入口處附近,1,晴,50,單路部分,其他,行車管制號誌,車與車,違反特定標誌(線)禁制
11002AC991B0176,20210203,120.289894,23.128744,交通事故,交叉路口,臺南市善化區文昌里文昌路段號中華路,1,晴,50,交岔路,交叉路口,行車管制號誌,車與車,未注意車前狀態
11002AC991B0211,20210202,120.280744,23.084196,交通事故,交叉路口,臺南市新市區社內里區道南134線段號新港社大道,1,晴,50,交岔路,交叉路口,行車管制號誌,車與車,未依規定讓車
11002AC991B0214,20210203,120.290488,23.127751,交通事故,一般地址,臺南市善化區文昌里光復路段175-1號10,1,晴,50,交岔路,交叉路口,無號誌,車與車,未依規定讓車
11002AC991B0216,20210202,120.293091,23.073967,交通事故,交叉路口,臺南市新市區新和里仁愛街段號銘傳街,1,晴,50,交岔路,交叉路口,無號誌,車與車,右轉彎未依規定
11002AC991B0233,20210204,120.256567,23.110603,交通事故,一般地址,臺南市安定區蘇厝里直加弄大道段號0蘇厝里直加弄大道與台積電18廠路口,2,晴,40,交岔路,交叉路口,行車管制號誌,車與車,未保持行車安全距離
11002AC991B0252,20210204,120.332583,23.149271,交通事故,一般地址,臺南市善化區昌隆里省道臺1線段東勢寮1-8號0,1,晴,40,交岔路,交叉路口,行車管制號誌,車與車,違反號誌管制或指揮
11002AC991B0254,20210204,120.293974,23.130129,交通事故,交叉路口,臺南市善化區文昌里文昌路段號中正路,1,晴,50,交岔路,交叉路口,行車管制號誌,車與車,違反號誌管制或指揮
11002AC991B0304,20210203,120.295206,23.070375,交通事故,一般地址,臺南市新市區永就里中山路段198號0永就里中山路198號前,2,晴,40,單路部分,路段,無號誌,車與車,未保持行車安全距離
11002AC991B0324,20210205,120.291964,23.08345,交通事故,交叉路口,臺南市新市區新和里富安六街段號富安路,1,晴,30,交岔路,交叉路口,閃光號誌,車與車,未注意車前狀態
11002AC991B0332,20210205,120.293999,23.129745,交通事故,一般地址,臺南市善化區坐駕里中正路段402號0,1,晴,50,單路部分,路段,無號誌,車與車,開啟車門不當而肇事
11002AC991B0346,20210205,120.305893,23.087339,交通事故,交叉路口,臺南市新市區大營里區道南136線段160號省道臺1線,1,晴,50,交岔路,交叉路口,行車管制號誌,汽(機)車本身,未注意車前狀態
11002AC991B0364,20210205,120.291333,23.129254,交通事故,交叉路口,臺南市善化區文昌里文昌路段號大同路,3,晴,50,交岔路,交叉路口,行車管制號誌,車與車,未依規定讓車
11002AC991B0371,20210205,120.2996,23.129997,交通事故,交叉路口,臺南市善化區光文里大成路段號信義路,3,晴,50,交岔路,交叉路口,行車管制號誌,車與車,左轉彎未依規定
11002AC991B0407,20210205,120.291455,23.132234,交通事故,交叉路口,臺南市善化區東關里中山路段號中和街,3,晴,50,交岔路,交叉路口,無號誌,車與車,未保持行車安全距離
11002AC991B0412,20210205,120.356816,23.118658,交通事故,交叉路口,臺南市大內區大內里市道178線段號區道南181線,1,晴,50,交岔路,交叉路口,行車管制號誌,車與車,違反號誌管制或指揮
11002AC991B0441,20210206,120.293943,23.131395,交通事故,交叉路口,臺南市善化區坐駕里中正路段號中興路,1,晴,50,交岔路,交叉路口,閃光號誌,車與車,左轉彎未依規定
11002AC991B0448,20210206,120.295489,23.080077,交通事故,交叉路口,臺南市新市區新市里中正路段號復興路,3,晴,50,交岔路,交叉路口,行車管制號誌,車與車,未依規定讓車
11002AC991B0464,20210206,120.313405,23.135717,交通事故,一般地址,臺南市善化區牛庄里牛庄段210號0,1,晴,30,交岔路,交叉路口,無號誌,車與車,未依規定讓車
11002AC991B0466,20210206,120.289714,23.080764,交通事故,交叉路口,臺南市新市區新和里富安三街段號富中街,2,晴,30,交岔路,交叉路口,閃光號誌,車與車,未依規定讓車
11002AC991B0522,20210207,120.235369,23.091707,交通事故,一般地址,臺南市安定區港南里區道南133線段港口244號0,4,晴,50,交岔路,交叉路口,無號誌,車與車,未注意車前狀態
11002AC991B0533,20210201,120.295696,23.077216,交通事故,交叉路口,臺南市新市區新市里光華街段號華興街,3,晴,50,交岔路,交叉路口,行車管制號誌,車與車,未注意車前狀態
11002AC991B0536,20210206,120.232567,23.090666,交通事故,一般地址,臺南市安定區港南里港口段179號0,2,晴,50,單路部分,路段,無號誌,人與汽(機)車,未注意車前狀態
11002AC991B0562,20210207,120.21259,23.07675,交通事故,一般地址,臺南市安定區中沙里中崙段1之8號,1,晴,40,交岔路,交叉路口,行車管制號誌,車與車,未保持行車安全距離
11002AC991B0598,20210207,120.295061,23.091601,交通事故,一般地址,臺南市新市區三舍里省道臺19甲線段三舍151-5號5,1,晴,70,交岔路,交叉路口,閃光號誌,汽(機)車本身,煞車失靈
11002AC991B0608,20210202,120.210418,23.087408,交通事故,一般地址,臺南市安定區新吉里省道臺19線段新吉1-9號0新吉里新吉1之9號前,2,晴,50,交岔路,交叉路口,無號誌,車與車,左轉彎未依規定
11002AC991B0615,20210208,120.303207,23.08008,交通事故,交叉路口,臺南市新市區港墘里中山路段號三民街,3,晴,40,交岔路,交叉路口,行車管制號誌,車與車,違反號誌管制或指揮
11002AC991B0661,20210209,120.308747,23.136115,交通事故,一般地址,臺南市善化區光文里光文路光文陸橋段號0光文里光文陸橋,2,晴,40,單路部分,路段,無號誌,人與汽(機)車,未注意車前狀態
11002AC991B0665,20210209,120.292483,23.123849,交通事故,一般地址,臺南市善化區文昌里中正路段223號0文昌里223巷,2,晴,30,單路部分,路段,無號誌,車與車,其他引起事故之違規或不當行為
11002AC991B0718,20210209,120.253056,23.12376,交通事故,一般地址,臺南市安定區蘇林里蘇厝段44222號0,1,晴,30,交岔路,交叉路口,無號誌,車與車,未依規定讓車
11002AC991B0732,20210204,120.301023,23.074264,交通事故,交叉路口,臺南市新市區港墘里區道南138線段號省道臺1線,1,晴,50,交岔路,交叉路口,行車管制號誌(附設行人專用號誌),車與車,未依規定讓車
11002AC991B0739,20210207,120.291931,23.077428,交通事故,一般地址,臺南市新市區新市里中正路段270號5,1,晴,50,單路部分,路段,無號誌,車與車,起步未注意其他車(人)安全
11002AC991B0744,20210209,120.392856,23.140513,交通事故,一般地址,臺南市大內區頭社里省道臺84線快速公路段號0,5,晴,90,單路部分,路段,無號誌,車與車,未保持行車安全距離
11002AC991B0776,20210210,120.306006,23.088777,交通事故,一般地址,臺南市新市區大營里區道南139線段豐榮73號0,1,晴,50,交岔路,交叉路口,閃光號誌,車與車,未依規定讓車
11002AC991B0788,20210210,120.230623,23.081909,交通事故,一般地址,臺南市安定區嘉同里區道南133線段牛肉寮65-23號0,1,晴,50,交岔路,交叉路口,無號誌,車與車,未依規定讓車
11002AC991B0820,20210210,120.23821,23.120271,交通事故,一般地址,臺南市安定區安定里安定段19968號,1,晴,30,交岔路,交叉路口,無號誌,車與車,未依規定讓車
11002AC991B0822,20210210,120.232669,23.090735,交通事故,一般地址,臺南市安定區港南里港口段168號0,1,晴,50,單路部分,路段,無號誌,人與汽(機)車,未依規定行走行人穿越道、地下道、天橋而穿越道路
11002AC991B0852,20210209,120.28004,23.076288,交通事故,一般地址,臺南市新市區社內里區道南135線段社內147-7號10,3,晴,50,交岔路,交叉路口,閃光號誌,人與汽(機)車,未注意車前狀態
11002AC991B0855,20210210,120.279823,23.136403,交通事故,一般地址,臺南市善化區文正里陽明路段183號0,1,雨,50,單路部分,路段,無號誌,汽(機)車本身,酒醉(後)駕駛失控
11002AC991B0860,20210207,120.306557,23.08958,交通事故,一般地址,臺南市新市區大營里省道臺1線段豐榮17-2號10,1,晴,70,交岔路,交叉路口,無號誌,車與車,逆向行駛
11002AC991B0894,20210208,120.295222,23.131022,交通事故,交叉路口,臺南市善化區坐駕里光明路段號青年路,2,晴,50,交岔路,交叉路口,行車管制號誌,車與車,違反號誌管制或指揮
11002AC991B0912,20210211,120.313754,23.137425,交通事故,一般地址,臺南市善化區光文里區道南124線段北子店46號0,1,晴,30,交岔路,交叉路口,閃光號誌,車與車,未依規定讓車
11002AC991B1073,20210207,120.297352,23.073604,交通事故,交叉路口,臺南市新市區港墘里光華街段號長安街,1,晴,50,交岔路,交叉路口,行車管制號誌,汽(機)車本身,未保持行車安全距離
11002AC991B1087,20210213,120.239858,23.095114,交通事故,一般地址,臺南市安定區中榮里區道南133線段許中營90-21號0,1,晴,50,單路部分,路段,無號誌,車與車,違反特定標誌(線)禁制
11002AC991B1096,20210213,120.302167,23.077375,交通事故,交叉路口,臺南市新市區港墘里中山路段號自由街,1,晴,40,交岔路,交叉路口,無號誌,車與車,左轉彎未依規定
11002AC991B1105,20210208,120.297743,23.079339,交通事故,一般地址,臺南市新市區港墘里國際路段15號10,1,晴,50,單路部分,路段,無號誌,車與車,倒車未依規定
11002AC991B1106,20210213,120.233337,23.093246,交通事故,一般地址,臺南市安定區港口里港口段256-1號0,1,晴,40,交岔路,交叉路口,無號誌,車與車,未依規定讓車
11002AC991B1108,20210205,120.322968,23.149666,交通事故,一般地址,臺南市善化區昌隆里區道南129線段號0昌隆里南129線善化423160路燈旁,2,霧或煙,50,交岔路,路段,無號誌,車與車,未注意車前狀態
11002AC991B1111,20210204,120.293682,23.134494,交通事故,交叉路口,臺南市善化區東關里中正路段號建國路東關里北中正路與建國路口,1,晴,50,交岔路,交叉路口,行車管制號誌,車與車,未依規定讓車
11002AC991B1116,20210207,120.268179,23.165735,交通事故,一般地址,臺南市善化區溪美里省道臺19甲線段號0溪美里臺19甲線與未命名道路口,2,晴,50,交岔路,交叉路口,行車管制號誌,車與車,未依規定讓車
11002AC991B1122,20210214,120.303211,23.080004,交通事故,一般地址,臺南市新市區港墘里中山路段號0,2,晴,70,交岔路,交叉路口,行車管制號誌,車與車,未保持行車安全距離
11002AC991B1137,20210210,120.294171,23.119541,交通事故,一般地址,臺南市善化區文昌里中正路段83號5,2,晴,70,單路部分,路段,無號誌,汽(機)車本身,疲勞(患病)駕駛失控
11002AC991B1146,20210207,120.290427,23.099805,交通事故,一般地址,臺南市新市區三舍里區道南137線段三舍195-65號0三舍里三舍195之65號前,1,晴,50,單路部分,路段,無號誌,車與車,未保持行車安全距離
11002AC991B1203,20210215,120.325923,23.125156,交通事故,交叉路口,臺南市善化區嘉南里市道178線段號區道南129線,3,晴,40,交岔路,交叉路口,行車管制號誌,車與車,未保持行車安全距離
11002AC991B1221,20210215,120.311214,23.155943,交通事故,一般地址,臺南市善化區昌隆里區道南122線段東勢寮207之2號0,1,晴,50,交岔路,交叉路口,無號誌,車與車,未保持行車安全距離
11002AC991B1227,20210215,120.317125,23.156363,交通事故,一般地址,臺南市善化區東昌里區道南122線段東勢寮101-6號0,1,晴,50,交岔路,交叉路口,閃光號誌,車與車,未依規定讓車
11002AC991B1228,20210215,120.208421,23.098957,交通事故,一般地址,臺南市安定區海寮里省道臺19線段海寮134-16號0,1,晴,40,交岔路,交叉路口,行車管制號誌,車與車,未依規定讓車
11002AC991B1235,20210215,120.306813,23.155582,交通事故,一般地址,臺南市善化區田寮里區道南122線段六分寮198號0,1,晴,50,單路部分,路段,無號誌,車與車,未保持行車安全間隔
11002AC991B1281,20210214,120.235761,23.097575,交通事故,交叉路口,臺南市安定區港口里市道178線段號定安路港口里178線與178線外環道口,3,晴,50,交岔路,交叉路口,行車管制號誌,車與車,未依規定讓車
11002AC991B1288,20210215,120.296112,23.080258,交通事故,交叉路口,臺南市新市區新市里復興路段62221號5復興路6,2,晴,50,交岔路,交叉路口,無號誌,車與車,未依規定讓車
11002AC991B1289,20210214,120.210007,23.090256,交通事故,一般地址,臺南市安定區新吉里省道臺19線段海寮5-38號10,1,晴,50,單路部分,路段,無號誌,車與車,變換車道或方向不當
11002AC991B1351,20210213,120.209556,23.095528,交通事故,一般地址,臺南市安定區海寮里省道臺19線段海寮6之7號0永福路海寮里海寮6之7號前,1,晴,50,交岔路,交叉路口,閃光號誌,車與車,未依規定讓車
11002AC991B1360,20210215,120.356488,23.119071,交通事故,一般地址,臺南市大內區石城里區道南181線段石子瀨122之1號0石城里石子瀨122之100號前,1,晴,50,交岔路,交叉路口,行車管制號誌,車與車,未依規定讓車
11002AC991B1413,20210217,120.235443,23.116435,交通事故,一般地址,臺南市安定區安加里安定段260-1號0,1,晴,50,單路部分,路段,無號誌,車與車,變換車道或方向不當
11002AC991B1425,20210217,120.235651,23.104251,交通事故,一般地址,臺南市安定區港尾里市道178線段港子尾35-2號0,1,晴,60,交岔路,交叉路口,行車管制號誌,車與車,未依規定讓車
11002AC991B1429,20210213,120.280016,23.076282,交通事故,一般地址,臺南市新市區社內里區道南135線段社內102-5號0,2,晴,30,交岔路,交叉路口,行車管制號誌,車與車,違反號誌管制或指揮
11002AC991B1448,20210216,120.318611,23.127231,交通事故,交叉路口,臺南市善化區小新里省道臺1線段號成功路,1,晴,70,交岔路,交叉路口,行車管制號誌,車與車,未依規定讓車
11002AC991B1475,20210216,120.252288,23.070306,交通事故,一般地址,臺南市新市區大洲里大洲排水線側車道段號0大洲里堤頂道路(9號水門路段),1,晴,30,單路部分,路段,無號誌,汽(機)車本身,未注意車前狀態
11002AC991B1493,20210218,120.29586,23.070506,交通事故,一般地址,臺南市新市區永就里中山路段182號0,1,晴,40,交岔路,交叉路口,行車管制號誌,車與車,未注意車前狀態
11002AC991B1496,20210218,120.313229,23.089459,交通事故,一般地址,臺南市新市區大社里區道南136線段大社583號0,2,晴,30,交岔路,交叉路口,無號誌,車與車,未依規定讓車
11002AC991B1504,20210215,120.273739,23.140911,交通事故,一般地址,臺南市善化區胡家里區道南128-1線段胡厝寮399-15號0,1,晴,50,單路部分,路段,無號誌,汽(機)車本身,動物竄出
11002AC991B1526,20210218,120.291291,23.07387,交通事故,一般地址,臺南市新市區新和里中正路段95號0,1,晴,50,單路部分,路段,無號誌,車與車,迴轉未依規定
11002AC991B1539,20210218,120.288954,23.126975,交通事故,一般地址,臺南市善化區文昌里文昌路段107號0,1,晴,50,單路部分,路段,無號誌,汽(機)車本身,未注意車前狀態
11002AC991B1574,20210218,120.290161,23.130374,交通事故,一般地址,臺南市善化區文昌里自由路段41號,1,晴,30,交岔路,交叉路口,無號誌,車與車,未依規定讓車
11002AC991B1603,20210218,120.297611,23.124188,交通事故,一般地址,臺南市善化區坐駕里坐駕段16803號0,3,晴,40,交岔路,交叉路口,無號誌,車與車,未依規定讓車
11002AC991B1607,20210219,120.21109,23.079939,交通事故,一般地址,臺南市安定區中沙里省道臺19線段中崙33號0,3,晴,50,單路部分,路段,無號誌,車與車,迴轉未依規定
11002AC991B1618,20210219,120.295073,23.07426,交通事故,交叉路口,臺南市新市區新和里永福街段16號永福街新和里永福街、永福街16巷與忠孝街90巷口,2,晴,30,交岔路,交叉路口,無號誌,車與車,未依規定讓車
11002AC991B1652,20210218,120.215865,23.099055,交通事故,一般地址,臺南市安定區海寮里區道南132線段海寮205-8號0,1,晴,50,單路部分,路段,無號誌,汽(機)車本身,未注意車前狀態
11002AC991B1658,20210219,120.318818,23.12702,交通事故,交叉路口,臺南市善化區小新里省道臺1線段號成功路,1,晴,50,交岔路,交叉路口,行車管制號誌,車與車,未依規定讓車
11002AC991B1664,20210219,120.209966,23.093016,交通事故,一般地址,臺南市安定區海寮里省道臺19線段海寮7-20號0,1,晴,30,交岔路,交叉路口,行車管制號誌,車與車,違反號誌管制或指揮
11002AC991B1669,20210219,120.326783,23.099898,交通事故,一般地址,臺南市新市區大社里區道南140線段大社485號0,1,晴,50,交岔路,交叉路口,無號誌,汽(機)車本身,未注意車前狀態
11002AC991B1697,20210220,120.294603,23.075091,交通事故,交叉路口,臺南市新市區新和里忠孝街段179號忠孝街,2,晴,50,交岔路,交叉路口,無號誌,車與車,起步未注意其他車(人)安全
11002AC991B1716,20210220,120.291636,23.072645,交通事故,交叉路口,臺南市新市區新和里中正路段號中正路92,3,晴,50,交岔路,交叉路口,行車管制號誌,車與車,違反號誌管制或指揮
11002AC991B1762,20210220,120.241588,23.089424,交通事故,一般地址,臺南市安定區港南里區道南134線段號0港南里南134線401625路燈旁,1,晴,50,單路部分,路段,無號誌,汽(機)車本身,疲勞(患病)駕駛失控