案件編號,發生日期,GPS經度,GPS緯度,案件類別名稱,地址類型名稱,發生縣市名稱,受傷人數,天候名稱, 速限-第1當事者,道路型態大類別名稱,事故位置大類別名稱,號誌-號誌種類名稱,事故類型及型態大類別名稱,肇因研判子類別名稱-主要
11002AC991B1895,20210221,120.295518,23.080326,交通事故,一般地址,臺南市新市區新市里復興路段12號0,2,晴,50,單路部分,路段,無號誌,車與車,未注意車前狀態
11002AC991B1934,20210207,120.252082,23.070852,交通事故,一般地址,臺南市新市區大洲里大洲排水線側車道段號0大洲里大洲排水側車道路燈編號54處,1,晴,30,單路部分,路段,無號誌,車與車,逆向行駛
11002AC991B1939,20210219,120.280742,23.084178,交通事故,交叉路口,臺南市新市區社內里區道南134線段號新港社大道,1,晴,50,交岔路,交叉路口,行車管制號誌,車與車,未依規定讓車
11002AC991B1942,20210219,120.330183,23.124153,交通事故,一般地址,臺南市善化區嘉南里市道178線段號0嘉南里國3善化交流道前,1,晴,50,單路部分,路段,無號誌,車與車,未保持行車安全距離
11002AC991B1951,20210220,120.302003,23.131072,交通事故,交叉路口,臺南市善化區光文里民生路段號仁愛路,1,晴,50,交岔路,交叉路口,無號誌,車與車,未依規定讓車
11002AC991B1952,20210204,120.209447,23.096503,交通事故,交叉路口,臺南市安定區海寮里省道臺19線段號區道南132線海寮里海寮2之1號前,1,晴,50,交岔路,交叉路口,行車管制號誌,汽(機)車本身,未注意車前狀態
11002AC991B1988,20210222,120.279513,23.14301,交通事故,一般地址,臺南市善化區什乃里區道南126線段什乃96-5號0,1,晴,30,交岔路,交叉路口,無號誌,車與車,未依規定讓車
11002AC991B1991,20210222,120.269251,23.141656,交通事故,一般地址,臺南市善化區胡厝里胡厝寮段218-20號0,3,晴,50,交岔路,交叉路口,閃光號誌,車與車,未依規定讓車
11002AC991B2031,20210222,120.291753,23.07638,交通事故,一般地址,臺南市新市區新和里中正路段240號0,1,晴,50,單路部分,路段,無號誌,車與車,違反特定標誌(線)禁制
11002AC991B2038,20210222,120.291327,23.068643,交通事故,交叉路口,臺南市新市區新和里延平街段號仁愛街,1,晴,50,交岔路,交叉路口,行車管制號誌,車與車,未依規定讓車
11002AC991B2055,20210222,120.300439,23.13266,交通事故,交叉路口,臺南市善化區光文里中山路段號公園路,1,晴,50,交岔路,交叉路口,行車管制號誌,車與車,未依規定讓車
11002AC991B2058,20210222,120.304586,23.154882,交通事故,一般地址,臺南市善化區六德里六分寮段251號0,1,晴,30,交岔路,交叉路口,無號誌,車與車,未依規定讓車
11002AC991B2066,20210213,120.259019,23.101371,交通事故,一般地址,臺南市新市區豐華里王甲路段1號0豐華里王甲路1號前,2,晴,50,單路部分,路段,無號誌,汽(機)車本身,疲勞(患病)駕駛失控
11002AC991B2073,20210219,120.213057,23.089605,交通事故,一般地址,臺南市安定區新吉里國道8號側車道段新吉19之8號0,1,晴,50,交岔路,交叉路口,無號誌,車與車,未依規定讓車
11002AC991B2076,20210208,120.291103,23.129794,交通事故,交叉路口,臺南市善化區文昌里永福路段號大同路,2,晴,50,交岔路,交叉路口,無號誌,車與車,未依規定讓車
11002AC991B2113,20210205,120.240166,23.105245,交通事故,一般地址,臺南市安定區港尾里港子尾段37-35號0,2,晴,30,交岔路,交叉路口,無號誌,車與車,未依規定讓車
11002AC991B2149,20210223,120.298414,23.072041,交通事故,交叉路口,臺南市新市區永就里光華街段號中山路,1,晴,50,交岔路,交叉路口,行車管制號誌,車與車,未注意車前狀態
11002AC991B2243,20210224,120.243378,23.095151,交通事故,一般地址,臺南市安定區中榮里許中營段36之1號,1,晴,30,交岔路,交叉路口,無號誌,車與車,未依規定讓車
11002AC991B2248,20210224,120.293705,23.091842,交通事故,一般地址,臺南市新市區三舍里區道南137線段三舍168-18號0,1,晴,50,單路部分,路段,無號誌,汽(機)車本身,未注意車前狀態
11002AC991B2263,20210207,120.304625,23.130738,交通事故,一般地址,臺南市善化區光文里大成路大成陸橋段號0,1,晴,40,單路部分,路段,無號誌,汽(機)車本身,車輪脫落或輪胎爆裂
11002AC991B2273,20210224,120.316288,23.12792,交通事故,一般地址,臺南市善化區小新里成功路段2號0,1,晴,50,交岔路,交叉路口,閃光號誌,車與車,未依規定讓車
11002AC991B2310,20210224,120.27993,23.142819,交通事故,一般地址,臺南市善化區什乃里區道南126線段什乃1-28號0,1,晴,50,單路部分,路段,無號誌,車與車,倒車未依規定
11002AC991B2337,20210225,120.296513,23.132096,交通事故,交叉路口,臺南市善化區光文里中山路段號建國路,1,晴,50,交岔路,交叉路口,行車管制號誌,車與車,未依規定讓車
11002AC991B2356,20210222,120.213966,23.073861,交通事故,交叉路口,臺南市安定區中沙里省道臺19線段49號0沙崙,1,晴,50,交岔路,交叉路口,行車管制號誌,車與車,違反號誌管制或指揮
11002AC991B2365,20210225,120.209345,23.09676,交通事故,一般地址,臺南市安定區海寮里省道臺19線段海寮126之28號0,1,晴,50,單路部分,其他,無號誌,車與車,變換車道或方向不當
11002AC991B2381,20210222,120.287002,23.127234,交通事故,交叉路口,臺南市善化區南關里三民路段號文昌路,1,晴,50,交岔路,交叉路口,無號誌,車與車,未注意車前狀態
11002AC991B2392,20210221,120.2872,23.127827,交通事故,交叉路口,臺南市善化區南關里光復路段號三民路,1,晴,50,交岔路,交叉路口,行車管制號誌,車與車,左轉彎未依規定
11002AC991B2401,20210225,120.233592,23.090749,交通事故,交叉路口,臺南市安定區港南里區道南134線段151號10港口,1,晴,40,交岔路,交叉路口,無號誌,車與車,未依規定讓車
11002AC991B2421,20210218,120.268188,23.165747,交通事故,交叉路口,臺南市善化區溪美里省道臺19甲線段號溪尾胡厝里臺19甲線、村里道路口(近麻善大橋),1,晴,50,交岔路,交叉路口,行車管制號誌,車與車,未保持行車安全距離
11002AC991B2425,20210225,120.318785,23.088134,交通事故,一般地址,臺南市新市區大社里大社段135號,1,晴,30,單路部分,路段,無號誌,車與車,迴轉未依規定
11002AC991B2447,20210201,120.287809,23.129522,交通事故,交叉路口,臺南市善化區南關里三民路段號永安路,1,晴,50,交岔路,交叉路口,閃光號誌,車與車,未依規定讓車
11002AC991B2450,20210222,120.314836,23.12812,交通事故,一般地址,臺南市善化區小新里成功路段131號10,1,晴,60,單路部分,路段,無號誌,車與車,未注意車前狀態
11002AC991B2454,20210225,120.294086,23.127908,交通事故,一般地址,臺南市善化區文昌里中正路段356號10,1,晴,50,交岔路,交叉路口,無號誌,車與車,未依規定讓車
11002AC991B2469,20210226,120.30492,23.087315,交通事故,一般地址,臺南市新市區大營里區道南139線段豐榮59之29號0,1,晴,50,交岔路,交叉路口,閃光號誌,車與車,未保持行車安全距離
11002AC991B2485,20210225,120.209355,23.089378,交通事故,一般地址,臺南市安定區新吉里國道8號側車道段新吉146之6號0新吉里新吉146之6號前,2,晴,40,單路部分,路段,無號誌,車與車,起步未注意其他車(人)安全
11002AC991B2496,20210226,120.294075,23.126483,交通事故,一般地址,臺南市善化區文昌里中正路段286號0,1,晴,50,單路部分,路段,無號誌,車與車,迴轉未依規定
11002AC991B2503,20210226,120.246006,23.11881,交通事故,一般地址,臺南市安定區安加里市道178線段安定11-28號5,1,晴,50,交岔路,交叉路口,無號誌,車與車,未依規定讓車
11002AC991B2508,20210226,120.293701,23.126749,交通事故,一般地址,臺南市善化區文昌里大同路段2號0,1,晴,50,單路部分,路段,無號誌,車與車,未保持行車安全間隔
11002AC991B2517,20210226,120.291271,23.077755,交通事故,一般地址,臺南市新市區新和里民權路段27號0新和里民權路27號前,1,晴,50,單路部分,路段,無號誌,車與車,開啟車門不當而肇事
11002AC991B2549,20210226,120.27866,23.071458,交通事故,一般地址,臺南市新市區社內里新港社大道段號0,1,晴,40,單路部分,路段,無號誌,車與車,未保持行車安全距離
11002AC991B2553,20210226,120.25284,23.070586,交通事故,一般地址,臺南市新市區大洲里大洲排水線側車道段水門9號0,1,晴,30,單路部分,路段,無號誌,汽(機)車本身,未注意車前狀態
11002AC991B2573,20210227,120.302863,23.084965,交通事故,一般地址,臺南市新市區港墘里民族路段43號0,2,陰,50,單路部分,路段,無號誌,車與車,酒醉(後)駕駛失控
11002AC991B2611,20210224,120.235359,23.115407,交通事故,交叉路口,臺南市安定區安加里安定段262號0安定,1,晴,50,交岔路,交叉路口,行車管制號誌,車與車,違反號誌管制或指揮
11002AC991B2628,20210224,120.299434,23.130715,交通事故,交叉路口,臺南市善化區光文里民生路段號信義路,1,晴,50,交岔路,交叉路口,閃光號誌,車與車,未注意車前狀態
11002AC991B2642,20210224,120.208221,23.073981,交通事故,交叉路口,臺南市安定區中沙里沙崙段44293號沙崙,1,晴,30,交岔路,交叉路口,無號誌,車與車,未依規定讓車
11002AC991B2680,20210227,120.294156,23.12409,交通事故,交叉路口,臺南市善化區文昌里中正路段號中正路188,1,晴,50,交岔路,交叉路口,行車管制號誌,汽(機)車本身,未注意車前狀態
11002AC991B2696,20210222,120.2685,23.156759,交通事故,一般地址,臺南市善化區胡家里胡厝寮段號0胡家里陽明106電桿旁,2,晴,50,單路部分,路段,無號誌,汽(機)車本身,疲勞(患病)駕駛失控
11002AC991B2699,20210227,120.229405,23.080074,交通事故,一般地址,臺南市安定區嘉同里牛肉寮段65-32號10,4,晴,50,單路部分,路段,無號誌,車與車,未注意車前狀態
11002AC991B2777,20210223,120.29852,23.147843,交通事故,交叉路口,臺南市善化區田寮里區道南125線段號區道南123線,1,晴,50,交岔路,交叉路口,行車管制號誌,汽(機)車本身,其他引起事故之違規或不當行為
11002AC991B2778,20210216,120.296173,23.120505,交通事故,一般地址,臺南市善化區文昌里中正路段6699號0,1,晴,30,交岔路,交叉路口,無號誌,車與車,未依規定讓車
11002AC991B2786,20210217,120.257453,23.088988,交通事故,一般地址,臺南市新市區豐華里區道南134線段號0,1,晴,40,單路部分,路段,無號誌,車與車,未保持行車安全距離
11002AC991B2826,20210228,120.272593,23.144179,交通事故,交叉路口,臺南市善化區胡家里區道南128線段29之6號0區道南122線,1,晴,50,交岔路,交叉路口,行車管制號誌,車與車,酒醉(後)駕駛失控
11002AC991B2833,20210228,120.223016,23.099245,交通事故,一般地址,臺南市安定區文科里區道南132線段油車62-6號10,1,晴,50,單路部分,路段,無號誌,車與車,迴轉未依規定
11002AC991B2882,20210206,120.29394,23.131381,交通事故,交叉路口,臺南市善化區東關里中興路段號中正路,1,晴,50,交岔路,交叉路口,閃光號誌,車與車,未依規定讓車
11002AC991B2901,20210208,120.298462,23.073799,交通事故,交叉路口,臺南市新市區港墘里長安街段號華美街,1,陰,50,交岔路,交叉路口,閃光號誌,人與汽(機)車,左轉彎未依規定
11002AC991B2916,20210217,120.218645,23.084566,交通事故,一般地址,臺南市安定區嘉同里大同段115-5號,2,晴,30,交岔路,交叉路口,無號誌,車與車,未依規定讓車
11002AC991B2972,20210226,120.268179,23.165755,交通事故,一般地址,臺南市善化區溪美里省道臺19甲線段號0溪美里台19甲線往胡厝寮路口(約19.1公里處),1,晴,50,交岔路,交叉路口,行車管制號誌,車與車,右轉彎未依規定
11002AC991B3041,20210212,120.304343,23.074741,交通事故,一般地址,臺南市新市區港墘里崙頂段87號,1,晴,50,交岔路,交叉路口,無號誌,車與車,未依規定讓車
11002AC991B3104,20210206,120.30213,23.077129,交通事故,其他,臺南市新市區段號港墘里中山路(近自由街),1,晴,40,單路部分,路段,無號誌,汽(機)車本身,未注意車前狀態
11002AC991B3110,20210217,120.225889,23.085259,交通事故,其他,臺南市安定區段號港南里市道178線(國八下),1,晴,50,交岔路,交叉路口,行車管制號誌,車與車,未依規定讓車
11002AC991B3113,20210201,120.326614,23.076012,交通事故,一般地址,臺南市新市區潭頂里區道南175線段潭頂150-2號0,1,晴,50,交岔路,交叉路口,無號誌,車與車,左轉彎未依規定
11002AC991B3134,20210227,120.278302,23.085402,交通事故,一般地址,臺南市新市區豐華里區道南134線段豐華60號0,1,晴,40,單路部分,路段,無號誌,汽(機)車本身,未注意車前狀態
11002AC991B3167,20210226,120.296664,23.060026,交通事故,交叉路口,臺南市新市區永就里區道南144線段號中華路,1,晴,50,交岔路,交叉路口,行車管制號誌,車與車,未依規定讓車
11002AC991B3197,20210227,120.307305,23.130368,交通事故,交叉路口,臺南市善化區光文里成功路段號成功路266,1,晴,50,交岔路,交叉路口,無號誌,車與車,未依規定讓車
11002AC991B3233,20210224,120.285379,23.135608,交通事故,交叉路口,臺南市善化區文正里光復路段783號光復路文正里光復路、村里道路口,1,晴,50,交岔路,交叉路口,閃光號誌,車與車,未注意車前狀態
11002AC991B3242,20210222,120.286192,23.077279,交通事故,一般地址,臺南市新市區社內里區道南135線段社內6-7號0,1,晴,50,交岔路,交叉路口,無號誌,汽(機)車本身,其他引起事故之違規或不當行為
11002AC991B3253,20210213,120.243051,23.117234,交通事故,交叉路口,臺南市安定區安加里市道178線段號國1安定交流道北上匝安加里市道178線外環道路(北上閘道口),1,陰,50,交岔路,交叉路口,行車管制號誌,車與車,違反號誌管制或指揮
11002AC991B3343,20210202,120.313811,23.128339,交通事故,交叉路口,臺南市善化區小新里成功路段169173之1號成功路,1,晴,50,交岔路,交叉路口,行車管制號誌,車與車,起步未注意其他車(人)安全
11002AC991B3347,20210225,120.289585,23.153213,交通事故,一般地址,臺南市善化區溪美里區道南122線段溪尾234之4號0,1,晴,50,交岔路,交叉路口,閃光號誌,車與車,未依規定讓車
11002AC991B3384,20210221,120.294043,23.126837,交通事故,交叉路口,臺南市善化區文昌里中正路段號大同路,2,晴,50,交岔路,交叉路口,行車管制號誌,車與車,左轉彎未依規定
11002AC991B3418,20210214,120.283955,23.132939,交通事故,交叉路口,臺南市善化區頂街里興農路段號陽明路,1,陰,50,交岔路,交叉路口,行車管制號誌,車與車,違反號誌管制或指揮
11002AC991B3420,20210219,120.303425,23.054881,交通事故,一般地址,臺南市新市區永就里永就段6-150號,1,晴,30,單路部分,路段,無號誌,車與車,未依規定讓車
11002AC991B3421,20210226,120.227643,23.102582,交通事故,一般地址,臺南市安定區文科里區道南132線段油車33-11號0,1,陰,50,單路部分,路段,無號誌,汽(機)車本身,未注意車前狀態
11002AC991B3428,20210205,120.29274,23.06887,交通事故,交叉路口,臺南市新市區新和里中山路段號中正路,1,晴,50,交岔路,交叉路口,行車管制號誌,車與車,違反號誌管制或指揮
11002AC991B3446,20210221,120.208548,23.098953,交通事故,一般地址,臺南市安定區海寮里省道臺19線段海寮134-20號0,1,晴,50,交岔路,交叉路口,行車管制號誌,車與車,違反號誌管制或指揮
11002AC991B3452,20210206,120.280248,23.0676,交通事故,一般地址,臺南市新市區社內里新港社大道段社內143-88號0,2,晴,50,交岔路,交叉路口,行車管制號誌,車與車,違反號誌管制或指揮
11002AC991B3467,20210218,120.251548,23.124784,交通事故,一般地址,臺南市安定區蘇厝里市道178線段蘇厝293-2號0,1,晴,50,單路部分,路段,無號誌,車與車,未注意車前狀態
11002AC991B3468,20210226,120.295143,23.094468,交通事故,一般地址,臺南市新市區三舍里省道臺19甲線段號0三舍里臺19甲線上,2,陰,40,單路部分,路段,無號誌,汽(機)車本身,不明原因肇事
11002AC991B3470,20210224,120.298046,23.132285,交通事故,一般地址,臺南市善化區光文里中山路段235號,2,晴,50,單路部分,路段,無號誌,車與車,未保持行車安全距離
11002AC991B3477,20210217,120.387777,23.11717,交通事故,交叉路口,臺南市大內區曲溪里市道178線段號區道南184線,1,晴,50,交岔路,交叉路口,行車管制號誌,車與車,違反號誌管制或指揮
11002AC9M1B1828,20210201,120.276932,23.064208,交通事故,一般地址,臺南市新市區社內里南科聯絡道段社內143-60號0,1,晴,50,交岔路,交叉路口,無號誌,車與車,變換車道或方向不當
11002AC9M1B3318,20210221,120.290062,23.068253,交通事故,其他,臺南市新市區段號大洲四號橋上,1,晴,40,交岔路,交叉路口,無號誌,車與車,未依規定讓車
11002AC9N1B0833,20210210,120.316334,23.092866,交通事故,一般地址,臺南市新市區大社里區道南177線段大社418號0大社里418號前,1,晴,50,交岔路,交叉路口,無號誌,車與車,未依規定讓車
11002AC9N1B1358,20210216,120.313675,23.096696,交通事故,一般地址,臺南市新市區大營里省道臺1線段大營97號0大營里大營97號前,1,晴,70,交岔路,路段,行車管制號誌,車與車,變換車道或方向不當
11002AC9Y1A0015,20210215,120.316002,23.148073,交通事故,一般地址,臺南市善化區牛庄里區道南127-1線段號0,0,晴,30,單路部分,路段,無號誌,汽(機)車本身,未注意車前狀態
11002AC9Y1B0141,20210203,120.218662,23.084538,交通事故,一般地址,臺南市安定區嘉同里大同段115-5號0,1,晴,30,交岔路,交叉路口,閃光號誌,車與車,未依規定讓車
11002AC9Y1B0163,20210203,120.283227,23.063607,交通事故,一般地址,臺南市新市區社內里中山路段號0,1,晴,50,單路部分,路段,無號誌,車與車,變換車道或方向不當
11002AC9Y1B0172,20210203,120.248969,23.130717,交通事故,一般地址,臺南市安定區蘇厝里蘇厝段372-16號,1,晴,30,單路部分,路段,無號誌,車與車,酒醉(後)駕駛失控
11002AC9Y1B0232,20210204,120.29468,23.110513,交通事故,一般地址,臺南市善化區文昌里省道臺19甲線段益民寮200號0,1,晴,50,單路部分,路段,無號誌,汽(機)車本身,未注意車前狀態
11002AC9Y1B0247,20210204,120.209429,23.096393,交通事故,一般地址,臺南市安定區海寮里省道臺19線段海寮2-2號0,1,晴,50,單路部分,路段,無號誌,車與車,裝載貨物不穩妥
11002AC9Y1B0343,20210205,120.217085,23.089664,交通事故,一般地址,臺南市安定區新吉里國道8號側車道段新吉19-16號0,1,晴,50,交岔路,交叉路口,無號誌,車與車,未依規定讓車
11002AC9Y1B0447,20210206,120.300605,23.131614,交通事故,交叉路口,臺南市善化區光文里樹人路段號民權路民權路與樹人路口,1,晴,50,交岔路,交叉路口,閃光號誌,車與車,未依規定讓車
11002AC9Y1B0659,20210209,120.259128,23.072146,交通事故,一般地址,臺南市新市區大洲里大洲排水線側車道段大洲45-20號0,2,晴,30,單路部分,路段,無號誌,車與車,未注意車前狀態
11002AC9Y1B0712,20210209,120.288931,23.136388,交通事故,一般地址,臺南市善化區文昌里進學路段150號0,1,晴,50,單路部分,路段,無號誌,車與車,未注意車前狀態
11002AC9Y1B0805,20210210,120.326727,23.144975,交通事故,一般地址,臺南市善化區牛庄里區道南129線段號0,1,晴,50,單路部分,路段,無號誌,汽(機)車本身,其他引起事故之違規或不當行為
11002AC9Y1B0819,20210210,120.253034,23.123771,交通事故,一般地址,臺南市安定區蘇厝里蘇厝段44222號0,1,晴,30,交岔路,交叉路口,無號誌,車與車,未依規定讓車
11002AC9Y1B1220,20210215,120.292239,23.128384,交通事故,交叉路口,臺南市善化區文昌里光復路段號光復二街,1,晴,50,交岔路,交叉路口,無號誌,車與車,未依規定讓車
11002AC9Y1B1232,20210215,120.235621,23.091935,交通事故,一般地址,臺南市安定區港口里區道南133線段港口245-10號0,1,晴,50,單路部分,路段,無號誌,車與車,起步未注意其他車(人)安全
11002AC9Y1B1326,20210216,120.305526,23.155284,交通事故,一般地址,臺南市善化區田寮里區道南122線段六分寮179-3號0,1,晴,50,單路部分,路段,無號誌,車與車,未保持行車安全距離
11002AC9Y1B1462,20210217,120.258801,23.089111,交通事故,一般地址,臺南市新市區豐華里區道南134線段豐華47-7號0,2,晴,50,交岔路,交叉路口,行車管制號誌,車與車,左轉彎未依規定
11002AC9Y1B1565,20210218,120.295061,23.085409,交通事故,一般地址,臺南市新市區新市里富安路段號0富安路,1,晴,50,單路部分,路段,行車管制號誌,汽(機)車本身,未注意車前狀態
11002AC9Y1B1857,20210221,120.308084,23.118332,交通事故,交叉路口,臺南市善化區蓮潭里陽光大道段號蓮潭北三街,2,晴,50,交岔路,交叉路口,行車管制號誌,車與車,違反號誌管制或指揮
11002AC9Y1B2027,20210221,120.303631,23.130394,交通事故,一般地址,臺南市善化區光文里大成路段號0大成陸橋下,2,晴,50,交岔路,交叉路口,行車管制號誌(附設行人專用號誌),人與汽(機)車,未注意車前狀態
11002AC9Y1B2595,20210227,120.292378,23.058721,交通事故,交叉路口,臺南市新市區永就里永華五街段號永華三街,1,晴,30,交岔路,交叉路口,無號誌,車與車,未依規定讓車
11002AC9Y1B2837,20210222,120.28752,23.127529,交通事故,其他,臺南市善化區段號南關里文昌路與光復路路口,1,晴,40,交岔路,交叉路口,行車管制號誌,車與車,未依規定讓車
11002AC9Y1B3496,20210216,120.294206,23.134249,交通事故,其他,臺南市善化區段號建國路329巷口,1,晴,50,單路部分,路段,無號誌,車與車,起步未注意其他車(人)安全
11002ACA91A0001,20210201,120.251336,22.984211,交通事故,一般地址,臺南市仁德區大發路段58號0,0,晴,50,單路部分,路段,無號誌,汽(機)車本身,酒醉(後)駕駛失控
11002ACA91A0008,20210206,120.238128,22.920915,交通事故,一般地址,臺南市仁德區保安里文賢路2段45號,2,晴,40,單路部分,路段,無號誌,汽(機)車本身,未注意車前狀態
11002ACA91A0009,20210207,120.263852,22.909759,交通事故,其他,臺南市仁德區段號中洲路陸橋，國道一號上方,0,晴,50,單路部分,路段,無號誌,車與車,酒醉(後)駕駛失控
11002ACA91A0011,20210209,120.333128,22.945183,交通事故,交叉路口,臺南市關廟區五甲里南雄路1段號南雄路1531,2,晴,60,交岔路,交叉路口,無號誌,車與車,迴轉未依規定
11002ACA91B0010,20210201,120.256582,22.948256,交通事故,一般地址,臺南市仁德區後壁里德善路段217號,1,晴,50,單路部分,路段,無號誌,車與車,起步未注意其他車(人)安全
11002ACA91B0035,20210201,120.280469,22.973971,交通事故,一般地址,臺南市歸仁區七甲里大德路段840號,1,晴,50,交岔路,交叉路口,無號誌,車與車,右轉彎未依規定
11002ACA91B0037,20210201,120.283331,22.970358,交通事故,交叉路口,臺南市歸仁區南保里文化街三段段號保興街,1,晴,50,交岔路,交叉路口,無號誌,車與車,未依規定讓車
11002ACA91B0068,20210201,120.252689,22.96799,交通事故,其他,臺南市仁德區段號中正路二段仁義路口,1,晴,50,單路部分,路段,無號誌,汽(機)車本身,未保持行車安全距離
11002ACA91B0079,20210201,120.295989,22.97403,交通事故,一般地址,臺南市歸仁區八甲里中正北路1段192號,1,晴,50,單路部分,路段,無號誌,車與車,逆向行駛
11002ACA91B0102,20210202,120.290226,22.967149,交通事故,交叉路口,臺南市歸仁區辜厝里中山路二段段號大吉街,1,晴,50,交岔路,交叉路口,行車管制號誌,車與車,左轉彎未依規定
11002ACA91B0109,20210202,120.288814,22.952498,交通事故,其他,臺南市歸仁區段號六甲里台三九、凱旋路,1,晴,50,交岔路,交叉路口,行車管制號誌,汽(機)車本身,不明原因肇事
11002ACA91B0134,20210202,120.250349,22.950835,交通事故,其他,臺南市仁德區段號後壁里德洋路與新開通未命名道路(原德洋路41巷),1,晴,50,交岔路,交叉路口,行車管制號誌,車與車,不明原因肇事
11002ACA91B0144,20210201,120.295909,22.963759,交通事故,交叉路口,臺南市歸仁區公園路段號和平南街,1,晴,50,交岔路,交叉路口,閃光號誌,車與車,左轉彎未依規定
11002ACA91B0148,20210202,120.301025,22.981076,交通事故,一般地址,臺南市關廟區下湖里保東一街段520號,1,晴,30,單路部分,路段,無號誌,汽(機)車本身,不明原因肇事
11002ACA91B0151,20210201,120.328995,22.967766,交通事故,一般地址,臺南市關廟區新埔里忠孝街段260號,1,晴,50,單路部分,路段,無號誌,車與車,未保持行車安全間隔
11002ACA91B0153,20210202,120.25108,22.955397,交通事故,一般地址,臺南市仁德區北保路段29983號,1,晴,50,交岔路,交叉路口,無號誌,車與車,裝載貨物不穩妥
11002ACA91B0158,20210202,120.295662,22.973042,交通事故,交叉路口,臺南市歸仁區八甲里中正北路1段號大德路,1,晴,50,交岔路,交叉路口,行車管制號誌,車與車,違反號誌管制或指揮
11002ACA91B0166,20210203,120.280973,22.969363,交通事故,一般地址,臺南市歸仁區南興里民生北街段37號,1,晴,50,交岔路,交叉路口,無號誌,車與車,迴轉未依規定
11002ACA91B0182,20210202,120.209804,22.919852,交通事故,交叉路口,臺南市仁德區大甲里中正西路段號中正西路1196,1,晴,50,交岔路,交叉路口,行車管制號誌,車與車,違反號誌管制或指揮
11002ACA91B0187,20210203,120.324156,22.958915,交通事故,交叉路口,臺南市關廟區關廟里中山路1段號文化街,1,晴,50,交岔路,交叉路口,行車管制號誌,車與車,右轉彎未依規定
11002ACA91B0203,20210203,120.33165,22.961574,交通事故,交叉路口,臺南市關廟區花園里四維街段號四維街142,1,晴,50,交岔路,交叉路口,無號誌,車與車,不明原因肇事
11002ACA91B0217,20210203,120.253449,22.975594,交通事故,交叉路口,臺南市仁德區一甲里中正路3段號中正路3147,1,晴,50,交岔路,交叉路口,無號誌,車與車,左轉彎未依規定
11002ACA91B0218,20210203,120.243299,22.970596,交通事故,交叉路口,臺南市仁德區仁德里文華路3段號文華路3428,1,晴,50,交岔路,交叉路口,行車管制號誌,車與車,未注意車前狀態
11002ACA91B0221,20210202,120.328037,22.957745,交通事故,交叉路口,臺南市關廟區五甲里南雄路1段號民權街,1,晴,50,交岔路,其他,行車管制號誌,車與車,違反號誌管制或指揮
11002ACA91B0222,20210203,120.253382,22.952519,交通事故,交叉路口,臺南市仁德區新田里民安路2段號德安路31,1,晴,50,交岔路,交叉路口,無號誌,車與車,未依規定讓車
11002ACA91B0272,20210202,120.290016,22.963102,交通事故,其他,臺南市歸仁區段號辜厝里大吉街與中正南路一段218巷口,1,晴,50,交岔路,交叉路口,無號誌,車與車,未依規定讓車
11002ACA91B0315,20210204,120.278429,22.968713,交通事故,一般地址,臺南市歸仁區南興里中山路3段400號0,1,晴,50,單路部分,路段,行車管制號誌,車與車,違反特定標誌(線)禁制
11002ACA91B0323,20210203,120.292431,22.968822,交通事故,其他,臺南市歸仁區段號後市里民族北街與民族一街口,1,晴,50,交岔路,交叉路口,無號誌,車與車,違規超車
11002ACA91B0326,20210205,120.275909,22.927277,交通事故,交叉路口,臺南市歸仁區光明街段號歸仁八路,1,晴,50,單路部分,路段,無號誌,車與車,違規超車
11002ACA91B0352,20210202,120.23157,22.954919,交通事故,一般地址,臺南市仁德區成功里保生東路段90號,1,晴,50,單路部分,路段,無號誌,汽(機)車本身,不明原因肇事
11002ACA91B0360,20210205,120.251638,22.946985,交通事故,交叉路口,臺南市仁德區後壁里德崙路段號德崙路14,1,晴,50,交岔路,交叉路口,無號誌,車與車,未依規定讓車
11002ACA91B0409,20210202,120.225034,22.921148,交通事故,一般地址,臺南市仁德區保安里二仁路1段68號,1,晴,60,單路部分,路段,無號誌,車與車,違規停車或暫停不當而肇事
11002ACA91B0452,20210206,120.251026,22.94706,交通事故,一般地址,臺南市仁德區中正路二段段145號,1,晴,50,交岔路,交叉路口,行車管制號誌,車與車,開啟車門不當而肇事
11002ACA91B0478,20210204,120.247896,22.937794,交通事故,其他,臺南市仁德區段號中正路一段529號,1,晴,50,交岔路,交叉路口,行車管制號誌,車與車,未依規定讓車
11002ACA91B0484,20210205,120.285941,22.967759,交通事故,其他,臺南市歸仁區段號中山路三段90號,1,晴,60,單路部分,路段,無號誌,車與車,迴轉未依規定
11002ACA91B0487,20210205,120.331474,22.950767,交通事故,其他,臺南市關廟區段號南雄路一段與五福路口,1,晴,50,交岔路,交叉路口,無號誌,車與車,左轉彎未依規定
11002ACA91B0490,20210206,120.229503,22.934762,交通事故,一般地址,臺南市仁德區成功里文賢路1段480號,1,晴,50,交岔路,交叉路口,閃光號誌,車與車,右轉彎未依規定
11002ACA91B0503,20210204,120.259594,22.957079,交通事故,一般地址,臺南市仁德區勝利路段115號,1,晴,50,單路部分,路段,無號誌,車與車,未注意車前狀態
11002ACA91B0513,20210204,120.252553,22.955043,交通事故,交叉路口,臺南市仁德區新田里中正路2段號北保路,1,晴,50,交岔路,交叉路口,閃光號誌,車與車,未依規定讓車
11002ACA91B0517,20210206,120.228404,22.939337,交通事故,一般地址,臺南市仁德區成功里文華路2段290號,1,晴,50,交岔路,路段,無號誌,車與車,未依規定讓車
11002ACA91B0584,20210202,120.242893,22.927223,交通事故,一般地址,臺南市仁德區保安里中正路1段293-62號,1,晴,50,單路部分,路段,無號誌,車與車,未注意車前狀態