案件編號,發生日期,GPS經度,GPS緯度,案件類別名稱,地址類型名稱,發生縣市名稱,受傷人數,天候名稱, 速限-第1當事者,道路型態大類別名稱,事故位置大類別名稱,號誌-號誌種類名稱,事故類型及型態大類別名稱,肇因研判子類別名稱-主要
11002ACA91B0588,20210204,120.284538,23.0034,交通事故,其他,臺南市歸仁區段號大埔路一段18號,1,晴,50,單路部分,路段,無號誌,汽(機)車本身,不明原因肇事
11002ACA91B0594,20210208,120.259086,22.989794,交通事故,其他,臺南市仁德區段號太興路25號,1,晴,50,單路部分,路段,無號誌,車與車,未保持行車安全距離
11002ACA91B0602,20210202,120.243082,22.969869,交通事故,交叉路口,臺南市仁德區文華路3段號文南街,1,晴,50,交岔路,交叉路口,行車管制號誌,車與車,違反號誌管制或指揮
11002ACA91B0623,20210208,120.251592,22.971685,交通事故,交叉路口,臺南市仁德區仁德里中山路段號中正路三段,1,晴,50,交岔路,交叉路口,行車管制號誌,車與車,右轉彎未依規定
11002ACA91B0624,20210208,120.291126,22.973435,交通事故,一般地址,臺南市歸仁區文化里大德路段185號,1,晴,50,單路部分,路段,無號誌,車與車,未注意車前狀態
11002ACA91B0660,20210203,120.287568,22.970912,交通事故,一般地址,臺南市歸仁區南保里文化街三段段20號,1,晴,50,交岔路,交叉路口,無號誌,車與車,左轉彎未依規定
11002ACA91B0663,20210204,120.240902,22.95882,交通事故,其他,臺南市仁德區段號民安路一段132號之2,1,晴,50,交岔路,交叉路口,無號誌,車與車,橫越道路不慎
11002ACA91B0670,20210203,120.293033,22.991671,交通事故,交叉路口,臺南市歸仁區中正北路3段號媽廟一街,1,晴,50,交岔路,交叉路口,閃光號誌,車與車,未依規定讓車
11002ACA91B0686,20210203,120.261379,22.953804,交通事故,其他,臺南市仁德區段號義林南路950巷,1,晴,30,單路部分,路段,無號誌,汽(機)車本身,尚未發現肇事因素
11002ACA91B0689,20210205,120.244592,22.973716,交通事故,其他,臺南市仁德區段號中山路814號旁,1,晴,50,單路部分,路段,無號誌,車與車,未保持行車安全距離
11002ACA91B0694,20210205,120.291961,22.965216,交通事故,交叉路口,臺南市歸仁區辜厝里大順街段號民族南街,1,晴,50,交岔路,交叉路口,閃光號誌,車與車,左轉彎未依規定
11002ACA91B0700,20210208,120.242395,22.974338,交通事故,一般地址,臺南市仁德區仁德里中山路段850號,1,晴,50,單路部分,路段,無號誌,車與車,未注意車前狀態
11002ACA91B0707,20210204,120.333603,22.958983,交通事故,交叉路口,臺南市關廟區中山路段號和平路,1,晴,50,交岔路,交叉路口,行車管制號誌,車與車,未保持行車安全距離
11002ACA91B0716,20210209,120.26123,22.988724,交通事故,其他,臺南市仁德區段號土庫路81號前,1,晴,50,交岔路,交叉路口,閃光號誌,車與車,未依規定讓車
11002ACA91B0760,20210208,120.254096,22.976641,交通事故,其他,臺南市仁德區段號中正路三段與忠義路口,1,晴,50,交岔路,交叉路口,行車管制號誌(附設行人專用號誌),車與車,未注意車前狀態
11002ACA91B0766,20210207,120.245448,22.957197,交通事故,交叉路口,臺南市仁德區民安路一段段號德洋路,1,晴,50,單路部分,路段,行車管制號誌,車與車,違反號誌管制或指揮
11002ACA91B0795,20210209,120.251598,22.908052,交通事故,交叉路口,臺南市仁德區中洲里中洲路段號中洲五街,1,晴,30,交岔路,交叉路口,無號誌,車與車,未依規定讓車
11002ACA91B0796,20210210,120.289997,22.970484,交通事故,一般地址,臺南市歸仁區文化街二段段119號,1,晴,50,單路部分,路段,無號誌,車與車,未注意車前狀態
11002ACA91B0812,20210205,120.25789,22.968608,交通事故,一般地址,臺南市仁德區仁義路段205號,1,晴,50,交岔路,路段,無號誌,車與車,未保持行車安全距離
11002ACA91B0824,20210208,120.285555,22.969774,交通事故,其他,臺南市歸仁區段號民權八街、文化七街、民權六街口,1,晴,50,交岔路,交叉路口,無號誌,車與車,未依規定減速
11002ACA91B0858,20210209,120.256149,22.989851,交通事故,其他,臺南市仁德區段號中正路三段與大吉路口,1,晴,50,交岔路,交叉路口,行車管制號誌,車與車,違反特定標誌(線)禁制
11002ACA91B0896,20210201,120.250378,22.950793,交通事故,其他,臺南市仁德區段號德糖路與德洋路口,1,晴,50,交岔路,交叉路口,行車管制號誌,車與車,未注意車前狀態
11002ACA91B0909,20210206,120.262648,22.991286,交通事故,其他,臺南市仁德區段號太子路158號,1,晴,50,單路部分,路段,無號誌,車與車,未依規定讓車
11002ACA91B0922,20210211,120.281004,22.967294,交通事故,一般地址,臺南市歸仁區民生南街一段段33號,1,晴,50,交岔路,交叉路口,無號誌,車與車,違反特定標誌(線)禁制
11002ACA91B0929,20210211,120.295635,22.956211,交通事故,交叉路口,臺南市歸仁區成功路2段號成功十街,1,晴,50,單路部分,路段,閃光號誌,車與車,未注意車前狀態
11002ACA91B0944,20210209,120.245331,22.939014,交通事故,其他,臺南市仁德區段號田厝一街81號旁,1,晴,50,單路部分,路段,無號誌,車與車,開啟車門不當而肇事
11002ACA91B0952,20210209,120.266181,22.991454,交通事故,其他,臺南市仁德區段號太子路與太子一街口,1,晴,50,交岔路,交叉路口,行車管制號誌,車與車,違反號誌管制或指揮
11002ACA91B0954,20210202,120.239123,22.926567,交通事故,其他,臺南市仁德區段號文賢里三甲一街102號,1,晴,30,交岔路,交叉路口,無號誌,車與車,左轉彎未依規定
11002ACA91B0957,20210210,120.251819,22.970487,交通事故,其他,臺南市仁德區段號中正路二段與仁義一街口,1,晴,50,交岔路,交叉路口,行車管制號誌,車與車,未注意車前狀態
11002ACA91B0960,20210211,120.288084,22.970844,交通事故,其他,臺南市歸仁區段號民權北路與文化街三段口,1,晴,50,交岔路,交叉路口,行車管制號誌,汽(機)車本身,不明原因肇事
11002ACA91B0963,20210211,120.296504,22.965351,交通事故,其他,臺南市歸仁區段號復興路64號,1,晴,50,單路部分,路段,無號誌,車與車,未注意車前狀態
11002ACA91B0965,20210208,120.290266,22.97247,交通事故,其他,臺南市歸仁區段號文化北街與文化三街口,1,晴,50,交岔路,交叉路口,無號誌,車與車,未依規定讓車
11002ACA91B0981,20210209,120.261004,22.954754,交通事故,交叉路口,臺南市仁德區新田里義林南路段號義林南路976,1,晴,60,交岔路,交叉路口,行車管制號誌,車與車,未保持行車安全距離
11002ACA91B1084,20210208,120.234034,22.921542,交通事故,其他,臺南市仁德區段號中正路一段與文賢路口,1,晴,60,交岔路,交叉路口,行車管制號誌,車與車,左轉彎未依規定
11002ACA91B1113,20210209,120.271054,22.916317,交通事故,一般地址,臺南市歸仁區武東三街段2112號,1,晴,30,單路部分,路段,無號誌,車與車,煞車失靈
11002ACA91B1114,20210213,120.21799,22.952845,交通事故,交叉路口,臺南市仁德區仁愛里大同路3段號亞航街,1,晴,70,交岔路,交叉路口,行車管制號誌,車與車,未注意車前狀態
11002ACA91B1115,20210209,120.328591,22.96032,交通事故,交叉路口,臺南市關廟區中山路段620號巡府路,1,晴,30,交岔路,交叉路口,無號誌,車與車,未保持行車安全距離
11002ACA91B1119,20210212,120.219881,22.945897,交通事故,一般地址,臺南市仁德區仁愛里大同路3段755號,1,晴,70,單路部分,其他,行車管制號誌,車與車,右轉彎未依規定
11002ACA91B1129,20210213,120.292492,22.993255,交通事故,一般地址,臺南市歸仁區媽廟里和順路1段51號,1,晴,50,單路部分,路段,無號誌,車與車,未依規定讓車
11002ACA91B1130,20210206,120.26115,22.991233,交通事故,交叉路口,臺南市仁德區太子里太子路段號太子路193,1,晴,50,交岔路,交叉路口,無號誌,車與車,未保持行車安全間隔
11002ACA91B1155,20210208,120.334974,22.967205,交通事故,交叉路口,臺南市關廟區香洋里仁愛路段號仁愛路53,1,晴,50,交岔路,交叉路口,無號誌,車與車,橫越道路不慎
11002ACA91B1164,20210213,120.327658,22.966806,交通事故,交叉路口,臺南市關廟區山西里南雄路2段號忠孝街263,1,晴,50,交岔路,交叉路口,閃光號誌,車與車,未依規定讓車
11002ACA91B1165,20210214,120.38177,22.950479,交通事故,其他,臺南市龍崎區段號182縣道東向22K處附近,1,晴,50,交岔路,交叉路口,閃光號誌,車與車,不明原因肇事
11002ACA91B1197,20210215,120.257223,22.991556,交通事故,交叉路口,臺南市仁德區太子里高速一街段號太子路,1,晴,50,單路部分,路段,行車管制號誌,車與車,變換車道或方向不當
11002ACA91B1202,20210211,120.292804,22.96582,交通事故,一般地址,臺南市歸仁區辜厝里中正六街段82號,1,晴,50,單路部分,路段,無號誌,車與車,未注意車前狀態
11002ACA91B1208,20210202,120.295561,22.971806,交通事故,一般地址,臺南市歸仁區歸仁里中正北路1段148號,1,晴,50,單路部分,路段,閃光號誌,汽(機)車本身,不明原因肇事
11002ACA91B1212,20210208,120.333733,22.956436,交通事故,一般地址,臺南市關廟區松腳里和平路段123號,1,晴,50,單路部分,路段,無號誌,車與車,起步未注意其他車(人)安全
11002ACA91B1214,20210207,120.23897,22.955775,交通事故,一般地址,臺南市仁德區後壁里文華路2段11705號,1,晴,50,單路部分,路段,閃光號誌,汽(機)車本身,超速失控
11002ACA91B1219,20210208,120.241343,22.958739,交通事故,交叉路口,臺南市仁德區新田里民安路一段段253號民安路一段,1,晴,50,交岔路,交叉路口,無號誌,汽(機)車本身,未注意車前狀態
11002ACA91B1224,20210208,120.290536,22.967072,交通事故,一般地址,臺南市歸仁區後市里中山路二段段169號,1,晴,50,單路部分,路段,無號誌,車與車,未注意車前狀態
11002ACA91B1231,20210209,120.295662,22.972915,交通事故,交叉路口,臺南市歸仁區文化里中正北路1段113號中正北路1,1,晴,50,交岔路,交叉路口,無號誌,車與車,迴轉未依規定
11002ACA91B1266,20210214,120.330598,22.966579,交通事故,交叉路口,臺南市關廟區北安二街段號北新街,1,晴,50,交岔路,交叉路口,閃光號誌,車與車,未依規定讓車
11002ACA91B1267,20210215,120.328323,22.99513,交通事故,其他,臺南市關廟區段號關新一街內(陸軍彈藥庫附近),1,晴,50,單路部分,路段,無號誌,汽(機)車本身,未注意車前狀態
11002ACA91B1268,20210210,120.251497,22.99129,交通事故,交叉路口,臺南市仁德區太子路段號大發路,1,晴,50,交岔路,交叉路口,行車管制號誌,車與車,左轉彎未依規定
11002ACA91B1269,20210209,120.274274,23.004272,交通事故,其他,臺南市歸仁區段號大灣東路與保吉路口,1,晴,50,交岔路,交叉路口,閃光號誌,車與車,未依規定減速
11002ACA91B1270,20210211,120.315188,22.920381,交通事故,無,臺南市歸仁區段號,1,陰,50,單路部分,路段,無號誌,汽(機)車本身,不明原因肇事
11002ACA91B1271,20210206,120.334204,22.938853,交通事故,交叉路口,臺南市關廟區南雄路1段號深坑二街,1,晴,50,交岔路,交叉路口,無號誌,車與車,左轉彎未依規定
11002ACA91B1292,20210215,120.258193,22.982574,交通事故,交叉路口,臺南市仁德區土庫里中正路三段段號土庫路,1,晴,50,交岔路,交叉路口,行車管制號誌,車與車,不明原因肇事
11002ACA91B1301,20210210,120.25271,22.968,交通事故,其他,臺南市仁德區段號中正路二段與仁義路口,1,晴,50,交岔路,交叉路口,行車管制號誌,車與車,右轉彎未依規定
11002ACA91B1323,20210206,120.295179,22.967867,交通事故,交叉路口,臺南市歸仁區歸仁里中正北路1段號大通路,1,晴,50,交岔路,交叉路口,閃光號誌,車與車,未依規定讓車
11002ACA91B1331,20210211,120.260787,22.93448,交通事故,其他,臺南市仁德區段號台86往東上崙交流道口,1,陰,40,交岔路,路段,行車管制號誌,車與車,未注意車前狀態
11002ACA91B1333,20210207,120.290321,22.968302,交通事故,交叉路口,臺南市歸仁區國光街段號中山八街,1,晴,30,交岔路,交叉路口,無號誌,車與車,不明原因肇事
11002ACA91B1345,20210201,120.263875,22.970135,交通事故,其他,臺南市仁德區段號中山路與義林路口,1,晴,50,交岔路,交叉路口,行車管制號誌,車與車,未注意車前狀態
11002ACA91B1348,20210214,120.29538,22.967504,交通事故,一般地址,臺南市歸仁區和平五街段39號,1,晴,50,單路部分,路段,無號誌,車與車,未依規定讓車
11002ACA91B1352,20210209,120.30282,22.965698,交通事故,交叉路口,臺南市歸仁區看東里中山路一段段號忠孝南路,1,晴,50,交岔路,交叉路口,行車管制號誌,車與車,右轉彎未依規定
11002ACA91B1371,20210216,120.325316,22.960386,交通事故,其他,臺南市關廟區段號中山路與正義街口,1,晴,50,交岔路,交叉路口,閃光號誌,車與車,未注意車前狀態
11002ACA91B1377,20210211,120.251533,22.971628,交通事故,其他,臺南市仁德區段號中山路與中正路二段口,1,晴,60,交岔路,交叉路口,行車管制號誌,汽(機)車本身,未注意車前狀態
11002ACA91B1388,20210217,120.251641,22.950578,交通事故,一般地址,臺南市仁德區中正路2段296號0,1,晴,50,單路部分,路段,無號誌,車與車,未保持行車安全距離
11002ACA91B1394,20210217,120.352253,22.968408,交通事故,一般地址,臺南市關廟區中正路段113號,1,晴,50,單路部分,路段,無號誌,車與車,變換車道或方向不當
11002ACA91B1408,20210214,120.258664,22.970711,交通事故,一般地址,臺南市仁德區中山路段339號,1,晴,50,單路部分,路段,無號誌,車與車,不明原因肇事
11002ACA91B1411,20210207,120.294475,22.965579,交通事故,其他,臺南市歸仁區段號復興路154號,1,晴,50,單路部分,路段,無號誌,人與汽(機)車,未依規定行走行人穿越道、地下道、天橋而穿越道路
11002ACA91B1441,20210217,120.262403,22.962035,交通事故,交叉路口,臺南市仁德區義林路段號新田二路,1,晴,50,交岔路,交叉路口,行車管制號誌,車與車,違反號誌管制或指揮
11002ACA91B1444,20210212,120.321526,22.960964,交通事故,一般地址,臺南市龍崎區市道182線段號,1,晴,50,單路部分,路段,行車管制號誌,車與車,未注意車前狀態
11002ACA91B1452,20210215,120.220935,22.937197,交通事故,交叉路口,臺南市仁德區成功里二仁路二段段號機場路,1,晴,50,交岔路,交叉路口,行車管制號誌,車與車,右轉彎未依規定
11002ACA91B1454,20210215,120.238691,22.960268,交通事故,一般地址,臺南市仁德區仁德里民安路一段段44226號,1,晴,50,單路部分,路段,無號誌,車與車,違規超車
11002ACA91B1461,20210215,120.251519,22.949288,交通事故,一般地址,臺南市仁德區上崙里中正路2段248號,1,晴,50,單路部分,路段,無號誌,車與車,未注意車前狀態
11002ACA91B1468,20210217,120.264105,22.970113,交通事故,一般地址,臺南市仁德區仁義里中山路段155號,1,晴,50,交岔路,交叉路口,行車管制號誌,汽(機)車本身,未注意車前狀態
11002ACA91B1477,20210217,120.222284,22.937501,交通事故,其他,臺南市仁德區段號文華路二段51號旁,1,晴,50,交岔路,交叉路口,閃光號誌,車與車,未依規定讓車
11002ACA91B1501,20210217,120.273639,22.997249,交通事故,其他,臺南市歸仁區段號民族路1巷與產業道路口,1,晴,30,單路部分,路段,無號誌,車與車,未依規定讓車
11002ACA91B1507,20210209,120.25017,22.947043,交通事故,交叉路口,臺南市仁德區後壁里中正路二段段號民安路一段,1,晴,50,交岔路,交叉路口,行車管制號誌,車與車,違反特定標誌(線)禁制
11002ACA91B1508,20210212,120.245448,22.957197,交通事故,交叉路口,臺南市仁德區後壁里民安路一段段號德洋路,1,晴,50,交岔路,交叉路口,行車管制號誌,車與車,違反號誌管制或指揮
11002ACA91B1509,20210212,120.328712,22.962896,交通事故,一般地址,臺南市關廟區北勢里南雄路2段136號,1,晴,50,單路部分,路段,無號誌,車與車,起步未注意其他車(人)安全
11002ACA91B1518,20210207,120.252422,22.970854,交通事故,交叉路口,臺南市仁德區仁義里中正路二段2段1160號中山路591,1,晴,30,交岔路,交叉路口,無號誌,車與車,未靠右行駛
11002ACA91B1520,20210213,120.250393,22.906314,交通事故,其他,臺南市仁德區段號中洲里中洲1-27號,1,晴,50,交岔路,交叉路口,無號誌,車與車,右轉彎未依規定
11002ACA91B1521,20210218,120.326228,22.963123,交通事故,交叉路口,臺南市關廟區文衡路段號中正路,1,晴,50,交岔路,交叉路口,行車管制號誌,車與車,違反號誌管制或指揮
11002ACA91B1523,20210213,120.229092,22.939269,交通事故,一般地址,臺南市仁德區成功里文華路2段290號,1,晴,50,單路部分,路段,無號誌,人與汽(機)車,未注意車前狀態
11002ACA91B1524,20210213,120.327633,22.958531,交通事故,其他,臺南市關廟區段號香洋里南雄路、大仁路、中山路,1,晴,50,交岔路,交叉路口,行車管制號誌,車與車,變換車道或方向不當
11002ACA91B1528,20210207,120.328027,22.965044,交通事故,一般地址,臺南市關廟區成功路段409號0,2,晴,50,單路部分,路段,無號誌,車與車,起步未注意其他車(人)安全
11002ACA91B1548,20210214,120.24414,22.974117,交通事故,一般地址,臺南市仁德區仁德里文華路3段522號,1,晴,50,單路部分,路段,無號誌,車與車,右轉彎未依規定
11002ACA91B1553,20210218,120.251405,22.95087,交通事故,一般地址,臺南市仁德區中正路二段段281號,1,晴,50,單路部分,路段,無號誌,車與車,起步未注意其他車(人)安全
11002ACA91B1558,20210213,120.290819,22.996615,交通事故,一般地址,臺南市歸仁區西埔里保大路2段1號,1,晴,50,單路部分,路段,無號誌,車與車,左轉彎未依規定
11002ACA91B1577,20210211,120.292644,22.994835,交通事故,其他,臺南市歸仁區段號中正北路三段205巷26號前,1,晴,50,交岔路,交叉路口,無號誌,車與車,未依規定讓車
11002ACA91B1589,20210214,120.25037,22.971706,交通事故,一般地址,臺南市仁德區仁德里中正路3段5號0,1,晴,50,交岔路,交叉路口,無號誌,車與車,左轉彎未依規定
11002ACA91B1594,20210214,120.326186,22.963048,交通事故,一般地址,臺南市關廟區山西里文衡路段111號,1,晴,50,交岔路,其他,行車管制號誌,車與車,倒車未依規定
11002ACA91B1616,20210217,120.278694,22.992281,交通事故,其他,臺南市歸仁區段號台39與和順路2段,1,晴,50,交岔路,交叉路口,行車管制號誌,車與車,違反特定標誌(線)禁制
11002ACA91B1617,20210218,120.290297,22.970022,交通事故,一般地址,臺南市歸仁區文化街二段段121719號,1,晴,50,交岔路,交叉路口,無號誌,車與車,未依規定減速
11002ACA91B1621,20210219,120.271618,22.914251,交通事故,其他,臺南市歸仁區段號中正南路三段大潭國小前,1,晴,50,單路部分,路段,無號誌,車與車,迴轉未依規定
11002ACA91B1625,20210219,120.283331,22.970358,交通事故,交叉路口,臺南市歸仁區文化街三段段號保興街,1,晴,50,交岔路,交叉路口,無號誌,車與車,迴轉未依規定
11002ACA91B1649,20210211,120.262269,22.991406,交通事故,其他,臺南市仁德區段號太子路176號前,1,晴,50,單路部分,路段,無號誌,車與車,未依規定讓車
11002ACA91B1670,20210207,120.253009,22.991524,交通事故,其他,臺南市仁德區段號太子路456號,1,晴,50,單路部分,路段,無號誌,車與車,違反特定標誌(線)禁制
11002ACA91B1683,20210218,120.285712,22.997079,交通事故,交叉路口,臺南市歸仁區保大路2段號西埔三街,1,晴,50,交岔路,交叉路口,無號誌,車與車,未保持行車安全距離
11002ACA91B1703,20210220,120.301261,22.981443,交通事故,其他,臺南市關廟區段號保東一街電桿40751157旁,1,晴,50,單路部分,路段,無號誌,車與車,倒車未依規定
11002ACA91B1710,20210220,120.272238,22.991827,交通事故,交叉路口,臺南市仁德區太子路段號太子路8,1,晴,50,交岔路,交叉路口,行車管制號誌,車與車,未保持行車安全距離
11002ACA91B1751,20210216,120.300862,22.981022,交通事故,一般地址,臺南市關廟區埤頭里保東一街段520號,1,晴,30,單路部分,路段,無號誌,車與車,未保持行車安全間隔
11002ACA91B1756,20210220,120.231372,22.955703,交通事故,其他,臺南市仁德區段號保生東路與保生東路138巷口,2,晴,50,交岔路,交叉路口,閃光號誌,車與車,未依規定讓車
11002ACA91B1767,20210211,120.231089,22.959995,交通事故,交叉路口,臺南市仁德區成功里成功三街段號保華路,1,雨,30,交岔路,交叉路口,無號誌,車與車,左轉彎未依規定
11002ACA91B1770,20210218,120.243541,22.937867,交通事故,其他,臺南市仁德區段號田厝二街28之1號前,1,晴,40,單路部分,路段,無號誌,車與車,倒車未依規定
11002ACA91B1771,20210216,120.240601,22.918947,交通事故,一般地址,臺南市仁德區保安里文賢路2段102號,1,晴,50,單路部分,路段,無號誌,車與車,未注意車前狀態
11002ACA91B1772,20210219,120.228064,22.939164,交通事故,其他,臺南市仁德區段號文賢路,1,晴,40,交岔路,交叉路口,無號誌,車與車,違反特定標誌(線)禁制
11002ACA91B1774,20210218,120.274083,23.000367,交通事故,其他,臺南市歸仁區段號保大路三段397號,2,晴,60,交岔路,交叉路口,行車管制號誌,車與車,未注意車前狀態
11002ACA91B1784,20210218,120.231349,22.957258,交通事故,交叉路口,臺南市仁德區成功里保生東路段號成功三街,2,晴,50,交岔路,交叉路口,閃光號誌,車與車,其他引起事故之違規或不當行為
11002ACA91B1792,20210219,120.278424,22.968645,交通事故,一般地址,臺南市歸仁區南興里中山路3段400號,1,晴,50,單路部分,其他,行車管制號誌,車與車,未依規定讓車
11002ACA91B1837,20210215,120.326522,22.9602,交通事故,交叉路口,臺南市關廟區關廟里中山路2段號忠孝街,1,晴,50,交岔路,交叉路口,行車管制號誌,車與車,未保持行車安全間隔
11002ACA91B1840,20210217,120.268862,22.910408,交通事故,一般地址,臺南市歸仁區大潭里長榮路1段178號,1,晴,50,交岔路,交叉路口,無號誌,車與車,不明原因肇事
11002ACA91B1841,20210220,120.291968,22.967117,交通事故,其他,臺南市歸仁區段號中山路二段72號前,1,晴,50,交岔路,交叉路口,行車管制號誌,汽(機)車本身,未依規定減速
11002ACA91B1845,20210217,120.217225,22.952956,交通事故,交叉路口,臺南市仁德區仁愛里大同路三段段456號大同路三段45621,1,晴,30,交岔路,交叉路口,無號誌,車與車,右轉彎未依規定
11002ACA91B1848,20210220,120.420418,22.928655,交通事故,其他,臺南市龍崎區段號182縣道西向28.8K,1,晴,50,交岔路,交叉路口,無號誌,車與車,變換車道或方向不當
11002ACA91B1852,20210220,120.293869,22.966782,交通事故,其他,臺南市歸仁區段號中山路2段2號前(歸仁圓環),1,晴,50,圓環廣場,路段,無號誌,車與車,未依規定讓車
11002ACA91B1855,20210217,120.281,22.968219,交通事故,交叉路口,臺南市歸仁區南興里中山路三段段號民生南街,1,晴,60,交岔路,交叉路口,行車管制號誌,車與車,左轉彎未依規定
11002ACA91B1860,20210205,120.239768,22.959411,交通事故,其他,臺南市仁德區段號民安路一段80號前,1,晴,50,單路部分,路段,無號誌,車與車,未保持行車安全距離
11002ACA91B1863,20210202,120.286617,22.968628,交通事故,其他,臺南市歸仁區段號民權八街42號前,2,晴,50,單路部分,路段,無號誌,車與車,未注意車前狀態
11002ACA91B1867,20210203,120.287804,22.968,交通事故,其他,臺南市歸仁區段號國光街與民權北路口,1,晴,50,交岔路,交叉路口,行車管制號誌,車與車,左轉彎未依規定
11002ACA91B1888,20210220,120.266203,22.906702,交通事故,其他,臺南市仁德區段號仁德里中山路往東國道一號下涵洞,2,晴,60,交岔路,交叉路口,行車管制號誌,車與車,未注意車前狀態
11002ACA91B1894,20210221,120.285974,22.942383,交通事故,其他,臺南市歸仁區段號靈威宮產業道路內,1,晴,50,單路部分,路段,無號誌,汽(機)車本身,不明原因肇事
11002ACA91B1901,20210221,120.281015,22.970522,交通事故,交叉路口,臺南市歸仁區文化街三段段號民生北街,1,晴,50,交岔路,交叉路口,行車管制號誌,人與汽(機)車,左轉彎未依規定
11002ACA91B1931,20210221,120.292122,22.93667,交通事故,其他,臺南市歸仁區段號臺86線快速道路大潭交流道東往西出口匝道,1,晴,40,單路部分,路段,無號誌,汽(機)車本身,不明原因肇事
11002ACA91B1945,20210215,120.272176,22.991812,交通事故,交叉路口,臺南市仁德區太子里太子路段號太子路31,2,晴,50,交岔路,交叉路口,行車管制號誌,車與車,違反號誌管制或指揮
11002ACA91B1950,20210215,120.326689,22.960762,交通事故,交叉路口,臺南市關廟區關廟里忠孝街段號巡府路,1,晴,30,交岔路,交叉路口,無號誌,車與車,未依規定讓車
11002ACA91B1962,20210215,120.293883,22.966454,交通事故,一般地址,臺南市歸仁區辜厝里中山路二段段1號,1,晴,50,圓環廣場,路段,無號誌,車與車,未注意車前狀態
11002ACA91B1963,20210215,120.25341,22.965769,交通事故,一般地址,臺南市仁德區仁德里中正路二段段944號,2,晴,50,單路部分,路段,無號誌,車與車,逆向行駛
11002ACA91B1965,20210218,120.269865,22.991678,交通事故,一般地址,臺南市仁德區太子里太子路段70號,1,晴,50,單路部分,路段,無號誌,車與車,開啟車門不當而肇事
11002ACA91B1970,20210221,120.217502,22.91788,交通事故,交叉路口,臺南市仁德區二行里中正西路段360號中正西路,2,晴,30,交岔路,交叉路口,閃光號誌,車與車,未依規定讓車
11002ACA91B1974,20210219,120.256927,22.991425,交通事故,一般地址,臺南市仁德區太子里太子路段354號,1,晴,50,單路部分,路段,無號誌,汽(機)車本身,未注意車前狀態
11002ACA91B1987,20210219,120.251668,22.971562,交通事故,其他,臺南市歸仁區仁義里中山路段號中正路二段辜厝里中正二街、中正南路一段,2,晴,50,交岔路,交叉路口,閃光號誌,車與車,未依規定讓車
11002ACA91B1989,20210221,120.333246,22.961222,交通事故,其他,臺南市關廟區段號花園一街與和平路口,1,晴,50,交岔路,交叉路口,行車管制號誌,車與車,違規超車
11002ACA91B2011,20210222,120.296772,22.97346,交通事故,交叉路口,臺南市歸仁區忠孝北路段號大仁街,1,晴,50,交岔路,路段,行車管制號誌,車與車,不明原因肇事
11002ACA91B2013,20210218,120.253452,22.964078,交通事故,其他,臺南市仁德區段號中正路二段與中正路二段914巷口,3,晴,50,交岔路,交叉路口,行車管制號誌,車與車,左轉彎未依規定
11002ACA91B2017,20210217,120.281249,22.99256,交通事故,其他,臺南市歸仁區段號和順路二段與大廟三街口,2,晴,50,交岔路,交叉路口,閃光號誌,車與車,未依規定讓車
11002ACA91B2029,20210221,120.243742,22.97273,交通事故,其他,臺南市仁德區段號文華路三段500號前,1,晴,50,單路部分,路段,無號誌,車與車,未依規定讓車
11002ACA91B2041,20210222,120.272263,22.991861,交通事故,其他,臺南市仁德區段號太子路與太子路8巷口,1,晴,50,交岔路,交叉路口,行車管制號誌,車與車,未保持行車安全距離
11002ACA91B2051,20210222,120.255806,22.9683,交通事故,一般地址,臺南市仁德區仁義路段126號,1,晴,50,單路部分,路段,行車管制號誌,車與車,不明原因肇事
11002ACA91B2057,20210222,120.278587,22.992256,交通事故,其他,臺南市歸仁區段號台39與和順路二段口,1,晴,60,交岔路,交叉路口,行車管制號誌,車與車,違反特定標誌(線)禁制
11002ACA91B2074,20210209,120.228689,22.939084,交通事故,其他,臺南市仁德區段號文華路二段(虎山平交道)附近,1,晴,50,交岔路,交叉路口,無號誌,車與車,未依規定讓車
11002ACA91B2080,20210221,120.282635,22.956624,交通事故,交叉路口,臺南市歸仁區六甲里中正南路一段段號中正十五街,2,晴,50,交岔路,交叉路口,閃光號誌,車與車,橫越道路不慎
11002ACA91B2121,20210211,120.223834,22.958747,交通事故,一般地址,臺南市仁德區保華路段130號,2,陰,50,單路部分,路段,無號誌,車與車,起步未注意其他車(人)安全
11002ACA91B2126,20210221,120.34159,22.965818,交通事故,交叉路口,臺南市關廟區花園里中正路段號中正路396,1,晴,50,交岔路,交叉路口,無號誌,車與車,未保持行車安全間隔
11002ACA91B2127,20210222,120.274029,22.970452,交通事故,一般地址,臺南市歸仁區南興里文化街三段段475號,1,晴,50,單路部分,路段,無號誌,車與車,未注意車前狀態
11002ACA91B2140,20210222,120.276191,22.952655,交通事故,其他,臺南市歸仁區段號六甲路與六甲2街口,2,晴,40,交岔路,交叉路口,無號誌,車與車,未保持行車安全間隔
11002ACA91B2142,20210223,120.247439,22.955987,交通事故,其他,臺南市仁德區段號民安路一段363號前,1,晴,50,單路部分,路段,無號誌,車與車,違反特定標誌(線)禁制
11002ACA91B2165,20210223,120.274191,22.99201,交通事故,交叉路口,臺南市歸仁區大廟里和順路2段號大廟一街,1,雨,50,交岔路,交叉路口,行車管制號誌,汽(機)車本身,不明原因肇事
11002ACA91B2175,20210223,120.251685,22.971541,交通事故,其他,臺南市仁德區段號中山路與中正路二段口,2,晴,50,交岔路,交叉路口,行車管制號誌,車與車,違反號誌管制或指揮
11002ACA91B2195,20210223,120.350012,22.967976,交通事故,交叉路口,臺南市關廟區花園里中正路段號新光街,1,晴,50,交岔路,交叉路口,行車管制號誌,車與車,左轉彎未依規定
11002ACA91B2198,20210221,120.274817,22.924813,交通事故,交叉路口,臺南市歸仁區武東里明德路段號光明街,2,晴,50,交岔路,交叉路口,無號誌,車與車,未依規定讓車