案件編號,發生日期,GPS經度,GPS緯度,案件類別名稱,地址類型名稱,發生縣市名稱,受傷人數,天候名稱, 速限-第1當事者,道路型態大類別名稱,事故位置大類別名稱,號誌-號誌種類名稱,事故類型及型態大類別名稱,肇因研判子類別名稱-主要
11002ACA91B2201,20210221,120.246807,22.97543,交通事故,交叉路口,臺南市仁德區仁德里文山路段號裕華三街,1,晴,50,交岔路,交叉路口,無號誌,車與車,未依規定讓車
11002ACA91B2203,20210221,120.329177,22.964651,交通事故,一般地址,臺南市關廟區北勢里成功路段375號,1,晴,50,交岔路,交叉路口,無號誌,車與車,未依規定讓車
11002ACA91B2210,20210209,120.281858,22.970505,交通事故,交叉路口,臺南市歸仁區南保里文化街3段號文化九街,1,晴,50,交岔路,交叉路口,無號誌,車與車,未保持行車安全距離
11002ACA91B2260,20210216,120.243251,22.938324,交通事故,交叉路口,臺南市仁德區田厝二街段號田厝二街64,3,晴,30,交岔路,交叉路口,無號誌,車與車,未依規定讓車
11002ACA91B2265,20210224,120.282689,22.956531,交通事故,交叉路口,臺南市歸仁區六甲里中正南路1段號中正十五街,1,晴,50,交岔路,交叉路口,閃光號誌,車與車,未依規定讓車
11002ACA91B2266,20210221,120.327813,22.960131,交通事故,一般地址,臺南市關廟區南雄路2段7號,1,晴,50,單路部分,路段,無號誌,車與車,未注意車前狀態
11002ACA91B2267,20210224,120.254333,22.971282,交通事故,交叉路口,臺南市仁德區中山路段號中清二街,1,晴,60,交岔路,交叉路口,行車管制號誌,車與車,左轉彎未依規定
11002ACA91B2269,20210221,120.253682,22.961497,交通事故,交叉路口,臺南市仁德區中正路二段段號仁德五街,1,晴,50,交岔路,交叉路口,行車管制號誌,車與車,違反號誌管制或指揮
11002ACA91B2286,20210224,120.251685,22.97243,交通事故,一般地址,臺南市仁德區中正路3段5號,1,晴,50,交岔路,交叉路口,無號誌,車與車,未保持行車安全距離
11002ACA91B2298,20210213,120.249528,22.972188,交通事故,交叉路口,臺南市仁德區中山路段號高速一街,1,晴,50,交岔路,交叉路口,行車管制號誌,車與車,不明原因肇事
11002ACA91B2299,20210224,120.295005,22.96988,交通事故,交叉路口,臺南市歸仁區中正北路1段號文化街二段,2,晴,50,單路部分,路段,行車管制號誌,車與車,未依規定讓車
11002ACA91B2342,20210225,120.253267,22.965307,交通事故,一般地址,臺南市仁德區仁德里中正路2段899號0,1,晴,50,單路部分,路段,無號誌,車與車,起步未注意其他車(人)安全
11002ACA91B2346,20210219,120.251366,22.950514,交通事故,交叉路口,臺南市仁德區新田里中正路二段段號民安路二段,1,晴,50,交岔路,交叉路口,行車管制號誌,車與車,左轉彎未依規定
11002ACA91B2363,20210225,120.24147,22.96359,交通事故,交叉路口,臺南市仁德區文華路3段號文華路3189,1,晴,50,交岔路,交叉路口,行車管制號誌,車與車,違反號誌管制或指揮
11002ACA91B2372,20210225,120.273279,22.954823,交通事故,交叉路口,臺南市歸仁區六甲里省道臺39線段號民生十二街,1,晴,50,交岔路,交叉路口,行車管制號誌,車與車,逆向行駛
11002ACA91B2462,20210226,120.240552,22.979674,交通事故,一般地址,臺南市仁德區仁德里裕忠三街段83號,1,晴,30,單路部分,路段,無號誌,車與車,未靠右行駛
11002ACA91B2477,20210226,120.304134,22.963422,交通事故,其他,臺南市歸仁區段號中山一街100號前,1,晴,50,交岔路,交叉路口,無號誌,車與車,未依規定讓車
11002ACA91B2499,20210211,120.264538,22.973118,交通事故,其他,臺南市仁德區段號義林路與256巷、義林十二街口,1,晴,50,交岔路,交叉路口,行車管制號誌,車與車,違反號誌管制或指揮
11002ACA91B2500,20210226,120.333381,22.953012,交通事故,交叉路口,臺南市關廟區東勢里旺萊路段號旺萊路100,1,晴,50,交岔路,交叉路口,無號誌,車與車,橫越道路不慎
11002ACA91B2516,20210226,120.276532,22.997736,交通事故,一般地址,臺南市歸仁區大廟里保大路3段237號,1,晴,50,單路部分,路段,無號誌,車與車,變換車道或方向不當
11002ACA91B2523,20210226,120.284801,22.969165,交通事故,交叉路口,臺南市歸仁區中山路三段段138號民權一街85,1,晴,50,交岔路,交叉路口,無號誌,車與車,未依規定減速
11002ACA91B2525,20210217,120.350324,22.916836,交通事故,其他,臺南市關廟區段號南雄南路往南(南雄高幹173)附近,1,晴,60,交岔路,交叉路口,無號誌,車與車,未依規定讓車
11002ACA91B2552,20210225,120.243086,22.969865,交通事故,交叉路口,臺南市仁德區仁德里文南街段號文華路3,1,晴,50,交岔路,交叉路口,行車管制號誌,車與車,左轉彎未依規定
11002ACA91B2554,20210226,120.252577,22.954653,交通事故,交叉路口,臺南市仁德區新田里中正路二段段號民安路二段,1,晴,50,交岔路,交叉路口,行車管制號誌,車與車,左轉彎未依規定
11002ACA91B2556,20210222,120.331895,22.966106,交通事故,交叉路口,臺南市關廟區北勢里北安二街段號仁愛路,1,晴,50,交岔路,交叉路口,行車管制號誌,車與車,左轉彎未依規定
11002ACA91B2558,20210224,120.346124,22.923084,交通事故,交叉路口,臺南市關廟區布袋里南雄南路段號南雄南路91,1,晴,50,交岔路,交叉路口,無號誌,車與車,起步未注意其他車(人)安全
11002ACA91B2559,20210225,120.234041,22.919873,交通事故,交叉路口,臺南市仁德區保安里中正路段125899號保學路,1,晴,50,交岔路,交叉路口,行車管制號誌,車與車,左轉彎未依規定
11002ACA91B2562,20210226,120.274832,22.993861,交通事故,交叉路口,臺南市歸仁區大廟里大廟一街段號大廟一街161,1,晴,50,交岔路,交叉路口,行車管制號誌,車與車,違反號誌管制或指揮
11002ACA91B2565,20210225,120.251676,22.971541,交通事故,交叉路口,臺南市仁德區仁德里中山路段號中正路2,1,晴,50,交岔路,交叉路口,行車管制號誌,車與車,違反號誌管制或指揮
11002ACA91B2586,20210226,120.331339,22.956013,交通事故,交叉路口,臺南市關廟區東勢里東安街段號東興路,1,晴,50,交岔路,交叉路口,行車管制號誌,車與車,違反號誌管制或指揮
11002ACA91B2592,20210204,120.294058,22.966902,交通事故,一般地址,臺南市歸仁區歸仁里中山路2段2號,1,晴,50,圓環廣場,路段,無號誌,車與車,未依規定讓車
11002ACA91B2596,20210208,120.334315,22.95344,交通事故,交叉路口,臺南市關廟區五甲里旺萊路段號和平路,1,晴,50,交岔路,交叉路口,閃光號誌,車與車,左轉彎未依規定
11002ACA91B2600,20210209,120.280883,22.968368,交通事故,交叉路口,臺南市歸仁區南保里中山路3段號民生北街1,1,晴,50,交岔路,交叉路口,行車管制號誌,車與車,逆向行駛
11002ACA91B2602,20210211,120.252234,22.954314,交通事故,交叉路口,臺南市仁德區新田里中正路2段號北保一街,2,雨,50,交岔路,交叉路口,無號誌,人與汽(機)車,未依規定行走行人穿越道、地下道、天橋而穿越道路
11002ACA91B2605,20210218,120.231018,22.919253,交通事故,一般地址,臺南市仁德區保安里中正路1段號,2,晴,50,單路部分,路段,無號誌,汽(機)車本身,未注意車前狀態
11002ACA91B2610,20210211,120.298945,22.96107,交通事故,交叉路口,臺南市歸仁區看西里信義南路段號大成路,2,晴,50,交岔路,交叉路口,閃光號誌,車與車,未依規定讓車
11002ACA91B2614,20210211,120.237697,22.923114,交通事故,一般地址,臺南市仁德區保安里中正路1段251號,1,晴,50,交岔路,交叉路口,閃光號誌,車與車,變換車道或方向不當
11002ACA91B2618,20210216,120.228942,22.936374,交通事故,一般地址,臺南市仁德區保安里文賢路1段號,1,晴,50,單路部分,路段,行車管制號誌,車與車,違反號誌管制或指揮
11002ACA91B2645,20210227,120.257601,22.950028,交通事故,其他,臺南市仁德區段號德南路與德崙路77巷25弄口,1,晴,50,交岔路,交叉路口,無號誌,車與車,未依規定讓車
11002ACA91B2683,20210227,120.280127,22.962325,交通事故,一般地址,臺南市歸仁區歸南里民生南街二段段122號,1,晴,50,交岔路,交叉路口,無號誌,車與車,未注意車前狀態
11002ACA91B2722,20210227,120.276083,22.927787,交通事故,交叉路口,臺南市歸仁區武東里光明街段86號中正南路二段50,1,晴,30,交岔路,交叉路口,無號誌,車與車,未依規定讓車
11002ACA91B2728,20210227,120.288997,22.918879,交通事故,其他,臺南市歸仁區段號台39線與大武路二段口,1,晴,60,交岔路,交叉路口,行車管制號誌,車與車,變換車道或方向不當
11002ACA91B2748,20210222,120.245405,22.956905,交通事故,其他,臺南市仁德區段號民安路一段與德洋路口,2,晴,50,交岔路,交叉路口,行車管制號誌,車與車,逆向行駛
11002ACA91B2766,20210228,120.335481,22.959438,交通事故,其他,臺南市關廟區段號中山路一段四維街口,1,晴,50,交岔路,交叉路口,行車管制號誌,車與車,未保持行車安全距離
11002ACA91B2772,20210228,120.309253,22.990103,交通事故,交叉路口,臺南市關廟區關新路段號保順路,1,晴,50,單路部分,路段,行車管制號誌,車與車,未注意車前狀態
11002ACA91B2774,20210207,120.247328,22.937785,交通事故,其他,臺南市仁德區段號保安路二段633號前,2,晴,50,交岔路,交叉路口,無號誌,車與車,未依規定讓車
11002ACA91B2811,20210224,120.29612,22.974297,交通事故,交叉路口,臺南市歸仁區忠孝北路段號大光街,1,晴,50,交岔路,交叉路口,行車管制號誌,車與車,未保持行車安全距離
11002ACA91B2813,20210227,120.280751,22.996533,交通事故,其他,臺南市歸仁區段號大廟里台39線與保大路三段口,1,晴,50,交岔路,交叉路口,行車管制號誌,車與車,未依規定讓車
11002ACA91B2849,20210225,120.255859,22.970218,交通事故,交叉路口,臺南市仁德區中清路段號仁義一街,1,晴,50,交岔路,交叉路口,無號誌,車與車,左轉彎未依規定
11002ACA91B2851,20210228,120.261861,22.991272,交通事故,一般地址,臺南市仁德區太子路段190號0,3,晴,50,單路部分,路段,無號誌,車與車,未依規定讓車
11002ACA91B2855,20210224,120.273289,22.906526,交通事故,其他,臺南市歸仁區段號長大路9號,1,晴,30,單路部分,路段,無號誌,車與車,未依規定讓車
11002ACA91B2861,20210225,120.217409,22.958193,交通事故,其他,臺南市仁德區段號大同路三段125號,1,晴,50,單路部分,路段,行車管制號誌,車與車,未注意車前狀態
11002ACA91B2862,20210228,120.328357,22.962107,交通事故,交叉路口,臺南市關廟區香洋里南雄路2段號農會路,1,晴,50,交岔路,交叉路口,無號誌,車與車,橫越道路不慎
11002ACA91B2865,20210211,120.334784,22.953772,交通事故,其他,臺南市關廟區段號旺萊路135號,1,晴,50,單路部分,路段,無號誌,汽(機)車本身,不明原因肇事
11002ACA91B2868,20210228,120.309205,22.990039,交通事故,其他,臺南市關廟區段號關新路一段與保順路一段路口,1,晴,50,交岔路,交叉路口,行車管制號誌,車與車,右轉彎未依規定
11002ACA91B2890,20210225,120.251608,22.971688,交通事故,交叉路口,臺南市仁德區中山路段號中正路3,1,晴,50,交岔路,交叉路口,行車管制號誌(附設行人專用號誌),車與車,違反特定標誌(線)禁制
11002ACA91B2895,20210204,120.277886,22.949023,交通事故,一般地址,臺南市歸仁區中正南路一段段1165號0,1,晴,50,單路部分,路段,無號誌,車與車,右轉彎未依規定
11002ACA91B2905,20210205,120.235905,22.923147,交通事故,其他,臺南市仁德區段號文賢路一段880號,1,晴,50,單路部分,路段,無號誌,車與車,未依規定減速
11002ACA91B2921,20210204,120.24823,22.91151,交通事故,其他,臺南市仁德區段號中洲路與依仁路口,1,晴,50,交岔路,交叉路口,行車管制號誌,車與車,未依規定讓車
11002ACA91B2922,20210226,120.257137,22.94273,交通事故,交叉路口,臺南市仁德區德崙路段號上崙一街,1,晴,50,交岔路,交叉路口,行車管制號誌,車與車,左轉彎未依規定
11002ACA91B2928,20210210,120.304542,22.992747,交通事故,其他,臺南市關廟區段號保東一街156號旁,1,晴,50,單路部分,路段,無號誌,汽(機)車本身,動物竄出
11002ACA91B2931,20210223,120.272698,22.973369,交通事故,其他,臺南市歸仁區段號台39線與大德路口,1,晴,40,單路部分,路段,行車管制號誌,車與車,未保持行車安全距離
11002ACA91B2988,20210216,120.30282,22.965698,交通事故,其他,臺南市歸仁區段號中山路一段與忠孝南路路口,1,晴,50,交岔路,交叉路口,行車管制號誌,車與車,未依規定讓車
11002ACA91B3005,20210224,120.24503,22.973438,交通事故,一般地址,臺南市仁德區仁德里中山路段799號,2,晴,50,單路部分,其他,無號誌,車與車,不明原因肇事
11002ACA91B3011,20210201,120.289312,22.971181,交通事故,其他,臺南市歸仁區段號文化街二段與文化五街口,1,晴,50,交岔路,交叉路口,無號誌,車與車,不明原因肇事
11002ACA91B3013,20210224,120.325639,22.961511,交通事故,其他,臺南市關廟區段號正義街36號,1,晴,50,交岔路,交叉路口,無號誌,車與車,左轉彎未依規定
11002ACA91B3017,20210209,120.258955,22.988653,交通事故,其他,臺南市仁德區段號土庫五街53號前,1,晴,50,單路部分,路段,無號誌,車與車,橫越道路不慎
11002ACA91B3024,20210218,120.278694,22.992281,交通事故,交叉路口,臺南市歸仁區省道臺39線段號和順路,1,晴,70,交岔路,交叉路口,行車管制號誌,車與車,不明原因肇事
11002ACA91B3026,20210226,120.24928,22.991011,交通事故,其他,臺南市仁德區段號太子路742號前,1,晴,60,單路部分,路段,無號誌,車與車,變換車道或方向不當
11002ACA91B3038,20210204,120.259905,22.992621,交通事故,交叉路口,臺南市仁德區長興路段號太子北路,1,晴,50,交岔路,交叉路口,行車管制號誌,車與車,違規超車
11002ACA91B3056,20210214,120.240322,22.959146,交通事故,交叉路口,臺南市仁德區民安路一段段號文華路3,1,陰,50,交岔路,交叉路口,行車管制號誌,車與車,未依規定讓車
11002ACA91B3062,20210209,120.226525,22.926699,交通事故,其他,臺南市仁德區段號保安路一段84號前,1,晴,50,單路部分,路段,無號誌,車與車,未保持行車安全距離
11002ACA91B3064,20210227,120.300586,22.96597,交通事故,交叉路口,臺南市歸仁區許厝里中山路一段段號仁愛南街,1,晴,50,交岔路,交叉路口,行車管制號誌,車與車,左轉彎未依規定
11002ACA91B3091,20210226,120.240969,22.9747,交通事故,交叉路口,臺南市仁德區中山路段號裕忠路,1,晴,60,交岔路,交叉路口,行車管制號誌(附設行人專用號誌),車與車,未保持行車安全距離
11002ACA91B3117,20210218,120.228847,22.956149,交通事故,一般地址,臺南市仁德區成功里成功二街段125號,1,晴,50,單路部分,路段,無號誌,汽(機)車本身,其他引起事故之違規或不當行為
11002ACA91B3125,20210210,120.320921,22.961035,交通事故,一般地址,臺南市關廟區關廟里中山路2段225號,1,晴,60,單路部分,路段,無號誌,汽(機)車本身,不明原因肇事
11002ACA91B3131,20210227,120.268435,22.99336,交通事故,交叉路口,臺南市仁德區太子路段86號太子路869,1,晴,30,交岔路,交叉路口,無號誌,車與車,未依規定讓車
11002ACA91B3140,20210206,120.245749,22.971442,交通事故,其他,臺南市仁德區段號文華路三段428巷口,1,晴,50,交岔路,交叉路口,行車管制號誌,車與車,違反號誌管制或指揮
11002ACA91B3141,20210206,120.241996,22.958465,交通事故,其他,臺南市仁德區段號民安路一段142之7號前,1,晴,50,單路部分,路段,無號誌,車與車,迴轉未依規定
11002ACA91B3142,20210203,120.281453,22.96802,交通事故,其他,臺南市歸仁區段號中山路三段243號前,1,晴,60,單路部分,路段,無號誌,車與車,開啟車門不當而肇事
11002ACA91B3156,20210211,120.276614,22.919644,交通事故,一般地址,臺南市歸仁區武東一街段4926號0,1,晴,30,單路部分,路段,無號誌,汽(機)車本身,不明原因肇事
11002ACA91B3158,20210201,120.273956,23.000548,交通事故,交叉路口,臺南市歸仁區保大路3段號保大路3401,1,晴,50,交岔路,交叉路口,行車管制號誌,車與車,其他引起事故之違規或不當行為
11002ACA91B3164,20210220,120.223854,22.922924,交通事故,交叉路口,臺南市仁德區保安里二仁路1段號保安路1,1,晴,60,交岔路,交叉路口,行車管制號誌,車與車,左轉彎未依規定
11002ACA91B3183,20210216,120.289377,23.006771,交通事故,一般地址,臺南市歸仁區西埔一街段600號0,1,晴,30,交岔路,交叉路口,無號誌,車與車,不明原因肇事
11002ACA91B3188,20210222,120.330251,22.961949,交通事故,交叉路口,臺南市關廟區仁愛路段號中正路,1,晴,50,交岔路,交叉路口,行車管制號誌,車與車,違反號誌管制或指揮
11002ACA91B3196,20210204,120.254007,22.976684,交通事故,交叉路口,臺南市仁德區中正路三段段號忠義路,1,晴,50,交岔路,交叉路口,行車管制號誌,車與車,未保持行車安全距離
11002ACA91B3200,20210216,120.21715,22.957331,交通事故,一般地址,臺南市仁德區大同路三段段188號0,1,晴,50,單路部分,其他,行車管制號誌,車與車,不明原因肇事
11002ACA91B3204,20210215,120.337971,22.957291,交通事故,交叉路口,臺南市關廟區松腳里旺萊路段號松平街,1,晴,50,交岔路,交叉路口,閃光號誌,車與車,橫越道路不慎
11002ACA91B3213,20210221,120.303865,22.961314,交通事故,一般地址,臺南市歸仁區看東里成功一街段13號,1,晴,30,交岔路,交叉路口,無號誌,車與車,未依規定讓車
11002ACA91B3225,20210220,120.250384,22.991099,交通事故,交叉路口,臺南市仁德區太子里太子路段號太子五街,1,晴,50,交岔路,路段,行車管制號誌,車與車,右轉彎未依規定
11002ACA91B3234,20210201,120.253275,22.970951,交通事故,一般地址,臺南市仁德區中山路段539212號,1,晴,30,交岔路,交叉路口,無號誌,車與車,未靠右行駛
11002ACA91B3235,20210209,120.287365,22.910342,交通事故,其他,臺南市歸仁區段號長榮路二段與長榮路2段75巷口前,2,晴,40,交岔路,交叉路口,無號誌,車與車,起步未注意其他車(人)安全
11002ACA91B3236,20210207,120.33131,22.957712,交通事故,交叉路口,臺南市關廟區東安街段號民權街,1,晴,50,交岔路,交叉路口,閃光號誌,汽(機)車本身,不明原因肇事
11002ACA91B3238,20210225,120.292672,22.972307,交通事故,交叉路口,臺南市歸仁區文化北街段號民族北街,1,晴,50,交岔路,交叉路口,閃光號誌,車與車,未靠右行駛
11002ACA91B3245,20210219,120.321566,22.939084,交通事故,其他,臺南市歸仁區段號沙崙里沙崙378號旁,1,晴,50,交岔路,交叉路口,行車管制號誌,車與車,其他引起事故之違規或不當行為
11002ACA91B3257,20210222,120.24149,22.974445,交通事故,交叉路口,臺南市仁德區中山路段號文心路,1,晴,50,交岔路,交叉路口,行車管制號誌,車與車,未注意車前狀態
11002ACA91B3269,20210218,120.325204,22.960492,交通事故,其他,臺南市關廟區段號中山路二段168號前,1,晴,50,交岔路,交叉路口,閃光號誌,車與車,未注意車前狀態
11002ACA91B3279,20210219,120.294731,22.967049,交通事故,其他,臺南市歸仁區段號中山路一段568號前,1,晴,50,圓環廣場,路段,無號誌,車與車,未依規定讓車
11002ACA91B3317,20210214,120.287594,22.963638,交通事故,一般地址,臺南市歸仁區民權南路段166號,1,晴,50,單路部分,路段,無號誌,車與車,未依規定讓車
11002ACA91B3325,20210227,120.260763,22.9537,交通事故,一般地址,臺南市仁德區新田里義林南路段950號,1,晴,50,交岔路,交叉路口,行車管制號誌,車與車,裝載貨物不穩妥
11002ACA91B3338,20210207,120.228757,22.957413,交通事故,其他,臺南市仁德區段號成功二街與保生東路口,3,晴,50,交岔路,交叉路口,行車管制號誌,車與車,左轉彎未依規定
11002ACA91B3361,20210222,120.296068,22.974358,交通事故,交叉路口,臺南市歸仁區八甲里中正北路1段號大光街,1,晴,50,交岔路,交叉路口,行車管制號誌,車與車,違反號誌管制或指揮
11002ACA91B3376,20210223,120.319924,22.97482,交通事故,一般地址,臺南市關廟區南雄路2段930號0,1,晴,50,單路部分,路段,無號誌,車與車,不明原因肇事
11002ACA91B3415,20210219,120.23976,22.924466,交通事故,交叉路口,臺南市仁德區中正路一段段號永德路,1,晴,50,交岔路,交叉路口,行車管制號誌,車與車,橫越道路不慎
11002ACA91B3416,20210219,120.329762,22.959326,交通事故,一般地址,臺南市關廟區中山路1段281號,1,晴,50,單路部分,路段,無號誌,車與車,起步未注意其他車(人)安全
11002ACA91B3417,20210210,120.289679,22.997762,交通事故,一般地址,臺南市歸仁區西埔一街段36號,1,晴,50,單路部分,路段,無號誌,車與車,起步未注意其他車(人)安全
11002ACA91B3419,20210205,120.250589,22.945137,交通事故,一般地址,臺南市仁德區中正路二段段72號0,1,晴,50,單路部分,路段,無號誌,車與車,未保持行車安全距離
11002ACA91B3441,20210224,120.231033,22.929831,交通事故,其他,臺南市仁德區段號文賢路一段與文賢一街口,1,晴,50,交岔路,路段,無號誌,車與車,迴轉未依規定
11002ACA91B3443,20210211,120.385591,22.950863,交通事故,其他,臺南市龍崎區段號182線22公里附近,1,晴,50,單路部分,路段,無號誌,車與車,違反特定標誌(線)禁制
11002ACA91B3451,20210219,120.243559,22.927794,交通事故,一般地址,臺南市仁德區中正路一段段293-50號,1,晴,50,單路部分,路段,行車管制號誌,車與車,違反號誌管制或指揮
11002ACA91B3456,20210223,120.327814,22.963004,交通事故,交叉路口,臺南市關廟區中山路2段號南雄路1,1,晴,50,交岔路,交叉路口,行車管制號誌,車與車,左轉彎未依規定
11002ACA91B3469,20210224,120.251254,22.947205,交通事故,交叉路口,臺南市仁德區中正路二段段號德崙路,1,晴,50,交岔路,交叉路口,行車管制號誌,車與車,左轉彎未依規定
11002ACA91B3471,20210222,120.300068,22.964839,交通事故,一般地址,臺南市歸仁區公園路段13號0,1,晴,50,單路部分,路段,無號誌,車與車,不明原因肇事
11002ACA91B3485,20210209,120.257741,22.937231,交通事故,其他,臺南市仁德區段號崑崙路與台86線便道路口,1,晴,50,交岔路,交叉路口,閃光號誌,車與車,未依規定讓車
11002ACA91B3491,20210207,120.291935,22.922413,交通事故,交叉路口,臺南市歸仁區高發二路段號歸仁十五路,1,晴,50,交岔路,交叉路口,行車管制號誌,車與車,未依規定減速
11002ACA91B3497,20210210,120.24149,22.974445,交通事故,交叉路口,臺南市仁德區中山路段號文心路,1,晴,50,交岔路,交叉路口,行車管制號誌,車與車,不明原因肇事
11002ACA91B3501,20210213,120.326311,22.961706,交通事故,其他,臺南市關廟區段號巡府路與武聖路19巷口,1,晴,50,交岔路,交叉路口,無號誌,車與車,未依規定讓車
11002ACA91B3507,20210226,120.248416,22.911377,交通事故,其他,臺南市仁德區段號中洲路依仁路口,2,晴,50,單路部分,路段,行車管制號誌,車與車,違反特定標誌(線)禁制
11002ACA91B3512,20210225,120.351511,22.929744,交通事故,其他,臺南市關廟區段號關廟休息站旁便道,1,晴,40,單路部分,路段,無號誌,車與車,不明原因肇事
11002ACA91B3516,20210225,120.22585,22.918583,交通事故,交叉路口,臺南市仁德區中正路段號二仁路,1,晴,50,交岔路,交叉路口,行車管制號誌,車與車,不明原因肇事
11002ACAY1B0224,20210204,120.228272,22.937686,交通事故,其他,臺南市仁德區段號文賢路一段車墘高幹114Q0075AD20,1,晴,60,單路部分,路段,無號誌,汽(機)車本身,酒醉(後)駕駛失控
11002ACAY1B2902,20210202,120.224107,22.922514,交通事故,其他,臺南市仁德區段號二仁路一段與臺86北上機車迴轉道,1,晴,70,交岔路,路段,無號誌,車與車,未注意車前狀態
11002ACAY1B2965,20210226,120.217024,22.939999,交通事故,其他,臺南市仁德區段號機場路旁便道,1,晴,40,單路部分,路段,無號誌,汽(機)車本身,尚未發現肇事因素
11002ACAY1B2975,20210212,120.228743,22.959614,交通事故,其他,臺南市仁德區段號崇德34街與成功二街口,1,晴,40,交岔路,交叉路口,無號誌,車與車,未注意車前狀態
11002ACB91A0010,20210207,120.274093,23.052105,交通事故,一般地址,臺南市永康區王行路段1102-10號,0,晴,50,單路部分,路段,無號誌,人與汽(機)車,未注意車前狀態
11002ACB91A0020,20210222,120.266273,23.054024,交通事故,一般地址,臺南市永康區和平路段189號,0,晴,50,單路部分,路段,無號誌,車與車,起步未注意其他車(人)安全
11002ACB91B0002,20210201,120.215928,23.023361,交通事故,交叉路口,臺南市永康區中華路段號中央路,1,晴,50,交岔路,交叉路口,行車管制號誌(附設行人專用號誌),車與車,違反號誌管制或指揮
11002ACB91B0003,20210201,120.243916,22.998463,交通事故,其他,臺南市永康區段號復興路235號前,1,晴,50,交岔路,交叉路口,行車管制號誌,車與車,違反號誌管制或指揮
11002ACB91B0006,20210201,120.226751,23.031391,交通事故,其他,臺南市永康區段號中正南路318號前,2,晴,50,交岔路,交叉路口,行車管制號誌(附設行人專用號誌),車與車,未保持行車安全間隔
11002ACB91B0007,20210201,120.217921,23.020537,交通事故,一般地址,臺南市永康區中正南路段5251號,1,晴,30,單路部分,路段,無號誌,汽(機)車本身,未注意車前狀態
11002ACB91B0015,20210201,120.21806,23.023566,交通事故,其他,臺南市永康區段號中華路與中正南路口,1,晴,50,交岔路,交叉路口,行車管制號誌(附設行人專用號誌),車與車,不明原因肇事
11002ACB91B0031,20210201,120.247565,23.0188,交通事故,一般地址,臺南市永康區永二街段393161號,1,晴,30,交岔路,交叉路口,無號誌,車與車,未依規定讓車
11002ACB91B0032,20210201,120.241261,23.04969,交通事故,一般地址,臺南市永康區永安路段350號,2,晴,50,單路部分,路段,無號誌,車與車,違反特定標誌(線)禁制
11002ACB91B0034,20210201,120.23992,23.005103,交通事故,其他,臺南市永康區段號忠孝路與忠孝路239巷口,2,晴,50,交岔路,交叉路口,行車管制號誌,車與車,左轉彎未依規定
11002ACB91B0089,20210202,120.238079,22.99945,交通事故,交叉路口,臺南市永康區忠勇街段號忠勇街32,2,晴,50,交岔路,交叉路口,無號誌,車與車,左轉彎未依規定
11002ACB91B0098,20210201,120.233445,23.01892,交通事故,交叉路口,臺南市永康區東橋一路段號東橋六街,2,晴,50,交岔路,交叉路口,行車管制號誌,車與車,未依規定讓車
11002ACB91B0101,20210202,120.245531,23.009723,交通事故,其他,臺南市永康區段號復華三街78號前,2,晴,50,交岔路,交叉路口,行車管制號誌(附設行人專用號誌),車與車,未保持行車安全距離
11002ACB91B0104,20210202,120.238568,23.000725,交通事故,交叉路口,臺南市永康區華興街段號小東路647,2,晴,50,交岔路,交叉路口,無號誌,車與車,未保持行車安全距離
11002ACB91B0110,20210202,120.225454,23.030434,交通事故,其他,臺南市永康區段號中正南路與中正南路381巷口,1,晴,50,交岔路,交叉路口,行車管制號誌(附設行人專用號誌),汽(機)車本身,未注意車前狀態
11002ACB91B0116,20210201,120.242698,23.036263,交通事故,交叉路口,臺南市永康區中正路段號中正三街,2,晴,50,交岔路,交叉路口,行車管制號誌,車與車,未依規定讓車
11002ACB91B0122,20210201,120.218984,23.024138,交通事故,一般地址,臺南市永康區中正南路段198號,1,晴,50,單路部分,路段,無號誌,汽(機)車本身,未注意車前狀態
11002ACB91B0137,20210202,120.216256,23.022086,交通事故,交叉路口,臺南市永康區中正南路段號小北路,2,晴,50,交岔路,交叉路口,行車管制號誌,人與汽(機)車,未依標誌、標線、號誌或手勢指揮穿越道路
11002ACB91B0164,20210203,120.234838,22.998499,交通事故,交叉路口,臺南市永康區小東路段號中華路,1,晴,50,交岔路,路段,行車管制號誌(附設行人專用號誌),車與車,未注意車前狀態
11002ACB91B0165,20210203,120.242674,23.03632,交通事故,一般地址,臺南市永康區?行里中正路段740號0,1,晴,50,交岔路,交叉路口,行車管制號誌,汽(機)車本身,其他引起事故之違規或不當行為
11002ACB91B0173,20210203,120.258045,23.01595,交通事故,交叉路口,臺南市永康區永康里永華路段號文化路,2,晴,50,交岔路,交叉路口,行車管制號誌,車與車,起步未注意其他車(人)安全
11002ACB91B0179,20210203,120.258362,22.997704,交通事故,其他,臺南市永康區段號永大路一段與大灣東路口,1,晴,50,交岔路,交叉路口,行車管制號誌,車與車,未依規定讓車
11002ACB91B0185,20210203,120.237786,23.019705,交通事故,一般地址,臺南市永康區東橋七路段號,1,晴,50,單路部分,路段,無號誌,車與車,迴轉未依規定
11002ACB91B0192,20210203,120.256982,23.027173,交通事故,一般地址,臺南市永康區中山路段42之3號,2,晴,50,單路部分,路段,行車管制號誌,車與車,違反特定標誌(線)禁制
11002ACB91B0195,20210203,120.259127,23.02302,交通事故,其他,臺南市永康區段號永康街與永華路路口,2,晴,50,交岔路,交叉路口,行車管制號誌,汽(機)車本身,其他引起事故之違規或不當行為
11002ACB91B0196,20210203,120.235378,23.021887,交通事故,其他,臺南市永康區段號東橋八街與東橋五路路口,2,晴,50,交岔路,交叉路口,閃光號誌,車與車,未依規定讓車
11002ACB91B0209,20210203,120.226485,23.031163,交通事故,交叉路口,臺南市永康區中正南路段號尚頂路,1,晴,50,交岔路,交叉路口,行車管制號誌,車與車,未注意車前狀態
11002ACB91B0219,20210203,120.228692,23.03339,交通事故,交叉路口,臺南市永康區中正南路段號正南二街,1,晴,50,交岔路,交叉路口,行車管制號誌,車與車,未依規定讓車