案件編號,發生日期,GPS經度,GPS緯度,案件類別名稱,地址類型名稱,發生縣市名稱,受傷人數,天候名稱, 速限-第1當事者,道路型態大類別名稱,事故位置大類別名稱,號誌-號誌種類名稱,事故類型及型態大類別名稱,肇因研判子類別名稱-主要
11002ACB91B0220,20210201,120.241462,23.048728,交通事故,交叉路口,臺南市永康區?行里永安路段號仁愛街,1,晴,50,交岔路,交叉路口,無號誌,車與車,未保持行車安全距離
11002ACB91B0223,20210202,120.249652,23.018231,交通事故,交叉路口,臺南市永康區二王里永二街段號永二街323,2,晴,50,交岔路,交叉路口,閃光號誌,車與車,未依規定讓車
11002ACB91B0226,20210204,120.233685,23.008566,交通事故,一般地址,臺南市永康區中華路段352號,1,晴,50,交岔路,交叉路口,行車管制號誌,汽(機)車本身,未注意車前狀態
11002ACB91B0234,20210204,120.252617,23.028772,交通事故,其他,臺南市永康區段號自強路與高速一路,1,晴,50,交岔路,交叉路口,行車管制號誌,車與車,未保持行車安全距離
11002ACB91B0235,20210204,120.251603,23.030153,交通事故,一般地址,臺南市永康區正強街段257號,2,晴,50,交岔路,交叉路口,無號誌,車與車,左轉彎未依規定
11002ACB91B0236,20210204,120.230752,23.013344,交通事故,一般地址,臺南市永康區六合里中山南路段148號0,2,晴,50,交岔路,交叉路口,行車管制號誌,車與車,未保持行車安全間隔
11002ACB91B0246,20210204,120.239984,23.000789,交通事故,交叉路口,臺南市永康區忠孝路段號華興街,3,晴,50,交岔路,交叉路口,行車管制號誌,車與車,未依規定讓車
11002ACB91B0250,20210204,120.255308,23.033129,交通事故,一般地址,臺南市永康區中山路段310號,1,晴,50,單路部分,路段,無號誌,車與車,未依規定讓車
11002ACB91B0256,20210204,120.235614,23.040442,交通事故,交叉路口,臺南市永康區中正南路段779號中正南路7432,2,晴,50,交岔路,交叉路口,無號誌,車與車,未依規定讓車
11002ACB91B0261,20210203,120.241679,23.008798,交通事故,其他,臺南市永康區段號忠孝路與復華三街,1,晴,50,交岔路,交叉路口,行車管制號誌,車與車,不明原因肇事
11002ACB91B0263,20210204,120.230908,23.013435,交通事故,一般地址,臺南市永康區五王里中華路段600號0,1,晴,50,交岔路,其他,行車管制號誌,人與汽(機)車,未注意車前狀態
11002ACB91B0267,20210204,120.233843,23.038344,交通事故,一般地址,臺南市永康區中正南路段630號,1,晴,50,單路部分,路段,無號誌,人與汽(機)車,尚未發現肇事因素
11002ACB91B0275,20210204,120.236403,22.998502,交通事故,交叉路口,臺南市永康區小東路段591號忠義街60,2,晴,50,交岔路,交叉路口,無號誌,汽(機)車本身,未注意車前狀態
11002ACB91B0279,20210202,120.231518,23.012029,交通事故,交叉路口,臺南市永康區中華路段號中華路505,1,晴,50,交岔路,交叉路口,行車管制號誌,車與車,未注意車前狀態
11002ACB91B0281,20210204,120.225281,23.030072,交通事故,交叉路口,臺南市永康區中正南路段號中正南路453,1,晴,50,交岔路,交叉路口,行車管制號誌(附設行人專用號誌),車與車,未注意車前狀態
11002ACB91B0283,20210204,120.234588,23.008524,交通事故,交叉路口,臺南市永康區中華二路段號成功路,2,晴,50,交岔路,交叉路口,行車管制號誌,車與車,未依規定讓車
11002ACB91B0286,20210204,120.230029,23.004976,交通事故,其他,臺南市永康區段號柴頭港溪河堤道路北上(3K+400),1,晴,30,單路部分,路段,無號誌,汽(機)車本身,逆向行駛
11002ACB91B0288,20210204,120.243135,23.016626,交通事故,一般地址,臺南市永康區忠孝路段352號,1,晴,50,交岔路,交叉路口,無號誌,車與車,未依規定讓車
11002ACB91B0300,20210204,120.251936,23.027449,交通事故,交叉路口,臺南市永康區正強街段號正義街,2,晴,50,交岔路,交叉路口,行車管制號誌,車與車,左轉彎未依規定
11002ACB91B0312,20210204,120.243473,23.017276,交通事故,其他,臺南市永康區段號復國一路612號前,1,晴,50,單路部分,路段,閃光號誌,車與車,未依規定讓車
11002ACB91B0314,20210204,120.259517,23.034027,交通事故,交叉路口,臺南市永康區埔園里永大路段號自強路,2,晴,50,交岔路,交叉路口,行車管制號誌,車與車,違反號誌管制或指揮
11002ACB91B0327,20210201,120.257352,22.99986,交通事故,一般地址,臺南市永康區大灣路段755號,1,晴,50,單路部分,路段,無號誌,汽(機)車本身,未注意車前狀態
11002ACB91B0337,20210205,120.236527,23.022416,交通事故,一般地址,臺南市永康區東橋七路段207號,1,晴,50,單路部分,路段,無號誌,車與車,開啟車門不當而肇事
11002ACB91B0341,20210204,120.259121,23.026498,交通事故,其他,臺南市永康區段號中山北路76號前,2,晴,50,單路部分,路段,無號誌,車與車,變換車道或方向不當
11002ACB91B0347,20210201,120.268467,23.029235,交通事故,其他,臺南市永康區段號中山北路與龍昌街,1,晴,50,交岔路,交叉路口,行車管制號誌,車與車,未保持行車安全間隔
11002ACB91B0348,20210203,120.248023,23.004806,交通事故,其他,臺南市永康區段號高速一街與大灣交流道往北迴轉道口,1,晴,40,交岔路,交叉路口,無號誌,汽(機)車本身,不明原因肇事
11002ACB91B0359,20210205,120.233605,23.009369,交通事故,一般地址,臺南市永康區中華路段384號,2,晴,50,單路部分,路段,無號誌,車與車,未保持行車安全間隔
11002ACB91B0365,20210205,120.252706,23.023759,交通事故,交叉路口,臺南市永康區中山南路段號正強街,1,晴,50,交岔路,交叉路口,行車管制號誌(附設行人專用號誌),車與車,違反號誌管制或指揮
11002ACB91B0368,20210205,120.270051,23.036444,交通事故,一般地址,臺南市永康區育樂街段104號,2,晴,30,單路部分,路段,無號誌,車與車,未靠右行駛
11002ACB91B0378,20210205,120.266677,22.998318,交通事故,其他,臺南市永康區段號大灣東路218巷與南興路48巷,1,晴,30,交岔路,交叉路口,閃光號誌,車與車,未依規定讓車
11002ACB91B0382,20210204,120.244678,23.045361,交通事故,交叉路口,臺南市永康區永安路段號永運路,1,晴,50,交岔路,交叉路口,行車管制號誌,車與車,橫越道路不慎
11002ACB91B0385,20210205,120.245137,23.034052,交通事故,一般地址,臺南市永康區中正路段299號,2,晴,50,交岔路,交叉路口,無號誌,車與車,未注意車前狀態
11002ACB91B0398,20210205,120.254635,23.031418,交通事故,一般地址,臺南市永康區自強路段379號,2,晴,50,交岔路,交叉路口,無號誌,車與車,未依規定讓車
11002ACB91B0406,20210205,120.242176,23.043959,交通事故,交叉路口,臺南市永康區新行街段號仁愛街108,2,晴,50,交岔路,交叉路口,無號誌,車與車,未依規定讓車
11002ACB91B0408,20210205,120.275215,23.02106,交通事故,交叉路口,臺南市永康區西勢里富強路1段1號西勢路621,1,晴,30,交岔路,交叉路口,無號誌,車與車,未依規定讓車
11002ACB91B0411,20210205,120.264171,23.005717,交通事故,交叉路口,臺南市永康區大安街段號大灣三街,1,晴,50,交岔路,交叉路口,閃光號誌,車與車,爭(搶)道行駛
11002ACB91B0413,20210205,120.261304,22.998833,交通事故,其他,臺南市永康區段號大灣東路與南興路路口,1,晴,50,交岔路,交叉路口,行車管制號誌,車與車,未注意車前狀態
11002ACB91B0422,20210205,120.247729,23.009622,交通事故,交叉路口,臺南市永康區復華里復國二路段號復國二路210,1,晴,30,交岔路,交叉路口,無號誌,車與車,未依規定讓車
11002ACB91B0432,20210206,120.256605,23.031817,交通事故,交叉路口,臺南市永康區自強路段號埔東街,2,晴,50,交岔路,交叉路口,行車管制號誌,車與車,未依規定讓車
11002ACB91B0439,20210206,120.216243,23.0236,交通事故,其他,臺南市永康區段號河堤道路(中央路34號後方)往北,2,晴,40,交岔路,交叉路口,無號誌,車與車,違反號誌管制或指揮
11002ACB91B0445,20210206,120.233449,23.009923,交通事故,一般地址,臺南市永康區中華路段4082號,2,晴,30,單路部分,路段,無號誌,車與車,開啟車門不當而肇事
11002ACB91B0446,20210202,120.259196,23.000248,交通事故,其他,臺南市永康區段號永大路與大灣路口,1,晴,50,交岔路,交叉路口,行車管制號誌(附設行人專用號誌),人與汽(機)車,搶越行人穿越道
11002ACB91B0457,20210206,120.26046,23.011979,交通事故,其他,臺南市永康區段號永華路362巷與國光八街90巷,1,晴,30,交岔路,交叉路口,無號誌,車與車,未依規定讓車
11002ACB91B0481,20210206,120.267004,23.033052,交通事故,其他,臺南市永康區段號龍潭街162號前,1,晴,30,單路部分,路段,無號誌,車與車,未注意車前狀態
11002ACB91B0493,20210203,120.221245,23.021616,交通事故,其他,臺南市永康區段號中華路917號前,2,晴,50,交岔路,交叉路口,行車管制號誌,車與車,未依規定使用燈光
11002ACB91B0495,20210204,120.234773,23.012144,交通事故,其他,臺南市永康區段號振興路86號前,1,晴,50,單路部分,路段,無號誌,汽(機)車本身,不明原因肇事
11002ACB91B0497,20210206,120.235241,23.00427,交通事故,交叉路口,臺南市永康區中華路段號中華一路,1,晴,50,交岔路,交叉路口,行車管制號誌,車與車,未注意車前狀態
11002ACB91B0502,20210206,120.24681,22.998542,交通事故,交叉路口,臺南市永康區復興路段號復國路,1,晴,50,交岔路,交叉路口,行車管制號誌,車與車,未依規定使用燈光
11002ACB91B0515,20210201,120.240636,23.006053,交通事故,其他,臺南市永康區段號忠孝路168-1號旁,1,晴,50,單路部分,路段,無號誌,車與車,未注意車前狀態
11002ACB91B0516,20210201,120.258269,23.026125,交通事故,一般地址,臺南市永康區中山北路段40號0,1,晴,50,單路部分,路段,行車管制號誌,車與車,未注意車前狀態
11002ACB91B0525,20210203,120.273924,23.029074,交通事故,一般地址,臺南市永康區富強路段394號,1,晴,50,交岔路,交叉路口,無號誌,汽(機)車本身,未注意車前狀態
11002ACB91B0526,20210205,120.222051,23.027221,交通事故,其他,臺南市永康區段號中正南路315號,1,晴,50,交岔路,其他,行車管制號誌,汽(機)車本身,其他引起事故之違規或不當行為
11002ACB91B0530,20210204,120.269615,23.020906,交通事故,交叉路口,臺南市永康區西勢路段號中山北路344,1,晴,50,交岔路,交叉路口,無號誌,車與車,未依規定讓車
11002ACB91B0538,20210204,120.2343,23.004337,交通事故,交叉路口,臺南市永康區中華一路段號中華一路180,2,晴,50,交岔路,交叉路口,無號誌,汽(機)車本身,未注意車前狀態
11002ACB91B0542,20210207,120.250458,23.017487,交通事故,其他,臺南市永康區段號永二街與高速二街口,1,晴,50,交岔路,交叉路口,行車管制號誌,汽(機)車本身,未注意車前狀態
11002ACB91B0544,20210207,120.241676,23.009126,交通事故,交叉路口,臺南市永康區忠孝路段號忠孝路195,1,晴,50,交岔路,交叉路口,閃光號誌,車與車,未依規定讓車
11002ACB91B0547,20210207,120.23992,23.003815,交通事故,交叉路口,臺南市永康區忠孝路段號忠孝路76,2,晴,50,交岔路,交叉路口,行車管制號誌,車與車,未注意車前狀態
11002ACB91B0563,20210207,120.265464,23.015743,交通事故,交叉路口,臺南市永康區大同街段號大同街740,2,晴,50,交岔路,交叉路口,行車管制號誌,車與車,違反號誌管制或指揮
11002ACB91B0577,20210208,120.23145,23.012217,交通事故,其他,臺南市永康區段號中華路515號前,1,霧或煙,50,單路部分,路段,行車管制號誌(附設行人專用號誌),車與車,未注意車前狀態
11002ACB91B0578,20210204,120.273408,23.052393,交通事故,其他,臺南市永康區段號王行路1152號前,1,晴,50,單路部分,路段,無號誌,車與車,未保持行車安全間隔
11002ACB91B0582,20210205,120.239978,23.003934,交通事故,一般地址,臺南市永康區忠孝路段78號,1,晴,50,單路部分,路段,無號誌,車與車,未保持行車安全間隔
11002ACB91B0585,20210207,120.222197,23.027193,交通事故,交叉路口,臺南市永康區中正南路段號中正南路242,1,晴,50,交岔路,交叉路口,行車管制號誌,車與車,未依規定讓車
11002ACB91B0589,20210204,120.227169,23.011896,交通事故,一般地址,臺南市永康區中山南路段44535號,1,晴,50,交岔路,交叉路口,行車管制號誌,車與車,右轉彎未依規定
11002ACB91B0595,20210201,120.228903,23.020051,交通事故,其他,臺南市永康區段號大橋二街171號前,1,晴,50,單路部分,路段,無號誌,車與車,未保持行車安全距離
11002ACB91B0596,20210207,120.221713,23.021907,交通事故,一般地址,臺南市永康區南台街段7513號,3,晴,50,單路部分,路段,無號誌,車與車,未保持行車安全間隔
11002ACB91B0599,20210208,120.256608,23.028449,交通事故,交叉路口,臺南市永康區中山路段號中正路,2,晴,50,交岔路,交叉路口,行車管制號誌,車與車,違反號誌管制或指揮
11002ACB91B0639,20210207,120.249779,23.022163,交通事故,其他,臺南市永康區段號中山南路與高速二街口,2,晴,50,交岔路,交叉路口,行車管制號誌,車與車,違反號誌管制或指揮
11002ACB91B0640,20210208,120.25594,23.038921,交通事故,一般地址,臺南市永康區永大路3段46993號,1,晴,30,單路部分,路段,無號誌,汽(機)車本身,未注意車前狀態
11002ACB91B0645,20210208,120.236342,23.028759,交通事故,其他,臺南市永康區段號正南三路117號,1,晴,50,單路部分,路段,無號誌,汽(機)車本身,其他引起事故之違規或不當行為
11002ACB91B0655,20210205,120.243451,23.017261,交通事故,交叉路口,臺南市永康區忠孝路段號復國一路,1,晴,50,交岔路,交叉路口,行車管制號誌,車與車,未保持行車安全間隔
11002ACB91B0662,20210209,120.255825,22.998271,交通事故,其他,臺南市永康區段號崑大路152號旁,1,晴,50,單路部分,路段,無號誌,車與車,未依規定讓車
11002ACB91B0664,20210205,120.259397,23.007774,交通事故,其他,臺南市永康區段號永華路71號旁,1,晴,50,單路部分,路段,無號誌,車與車,起步未注意其他車(人)安全
11002ACB91B0667,20210209,120.253771,23.024391,交通事故,交叉路口,臺南市永康區中山南路段號永平街,1,晴,50,交岔路,交叉路口,行車管制號誌,車與車,未注意車前狀態
11002ACB91B0677,20210206,120.24352,23.018311,交通事故,一般地址,臺南市永康區忠孝路段429156號,1,晴,50,單路部分,路段,行車管制號誌,車與車,其他引起事故之違規或不當行為
11002ACB91B0680,20210209,120.229655,23.001235,交通事故,交叉路口,臺南市永康區勝利街段1號勝利街248,1,晴,30,交岔路,路段,無號誌,車與車,不明原因肇事
11002ACB91B0685,20210204,120.23335,22.9986,交通事故,其他,臺南市永康區段號小東路與莊敬路口,1,晴,50,交岔路,路段,行車管制號誌,車與車,未保持行車安全距離
11002ACB91B0693,20210209,120.2375,23.006411,交通事故,其他,臺南市永康區段號中華路216巷35弄2號前,3,晴,30,交岔路,交叉路口,無號誌,車與車,未依規定讓車
11002ACB91B0698,20210209,120.247364,23.005002,交通事故,其他,臺南市永康區段號高速公路便道與復國二路16巷口,2,晴,50,交岔路,交叉路口,行車管制號誌,車與車,未保持行車安全距離
11002ACB91B0699,20210203,120.24076,23.006199,交通事故,其他,臺南市永康區段號忠孝路168號,1,晴,50,單路部分,路段,無號誌,車與車,未保持行車安全間隔
11002ACB91B0701,20210209,120.25093,23.030589,交通事故,一般地址,臺南市永康區中正路段1552號,2,晴,50,交岔路,交叉路口,無號誌,車與車,未依規定讓車
11002ACB91B0706,20210209,120.261521,23.021429,交通事故,交叉路口,臺南市永康區永大路2段號永平街,1,晴,50,交岔路,交叉路口,行車管制號誌,車與車,違反號誌管制或指揮
11002ACB91B0709,20210201,120.26639,23.053976,交通事故,交叉路口,臺南市永康區和平路段261號和平路,1,晴,30,交岔路,交叉路口,無號誌,車與車,未靠右行駛
11002ACB91B0711,20210209,120.266,23.004132,交通事故,交叉路口,臺南市永康區大灣路段942271號大灣路942,1,晴,50,交岔路,交叉路口,無號誌,車與車,未依規定讓車
11002ACB91B0751,20210209,120.216151,23.020549,交通事故,一般地址,臺南市永康區中正南路段41號,1,晴,50,單路部分,路段,無號誌,車與車,未保持行車安全距離
11002ACB91B0756,20210209,120.236705,23.040954,交通事故,一般地址,臺南市永康區中正南路段839號,1,晴,40,單路部分,路段,無號誌,車與車,未注意車前狀態
11002ACB91B0769,20210210,120.261263,22.998792,交通事故,交叉路口,臺南市永康區大灣東路段號南興路,1,晴,50,交岔路,交叉路口,行車管制號誌,車與車,逆向行駛
11002ACB91B0772,20210209,120.241546,22.998832,交通事故,其他,臺南市永康區段號復興路342號,2,晴,50,單路部分,路段,無號誌,車與車,未保持行車安全距離
11002ACB91B0775,20210209,120.247979,23.041679,交通事故,交叉路口,臺南市永康區中正北路段號中正北路318,2,晴,50,交岔路,交叉路口,行車管制號誌,車與車,違反特定標誌(線)禁制
11002ACB91B0799,20210210,120.271859,23.013537,交通事故,其他,臺南市永康區段號大灣路1號前,1,晴,50,單路部分,路段,無號誌,車與車,開啟車門不當而肇事
11002ACB91B0808,20210204,120.23564,23.004668,交通事故,其他,臺南市永康區段號中華路198號,1,晴,50,單路部分,路段,無號誌,車與車,未保持行車安全間隔
11002ACB91B0813,20210210,120.226527,23.011413,交通事故,其他,臺南市永康區段號中山南路與新興街口,1,晴,50,交岔路,交叉路口,行車管制號誌,車與車,違反號誌管制或指揮
11002ACB91B0827,20210210,120.261313,23.030506,交通事故,其他,臺南市永康區段號聖龍街183號前,1,晴,30,單路部分,路段,無號誌,汽(機)車本身,未注意車前狀態
11002ACB91B0829,20210210,120.262081,23.020051,交通事故,交叉路口,臺南市永康區永大路2段號西勢路,2,晴,50,交岔路,交叉路口,行車管制號誌,車與車,未注意車前狀態
11002ACB91B0830,20210210,120.245361,23.01709,交通事故,一般地址,臺南市永康區復華十街段68號,2,陰,30,交岔路,交叉路口,無號誌,車與車,未依規定讓車
11002ACB91B0844,20210201,120.259235,23.033672,交通事故,其他,臺南市永康區段號自強路616號,1,晴,50,單路部分,路段,無號誌,車與車,其他引起事故之違規或不當行為
11002ACB91B0851,20210207,120.247195,23.013488,交通事故,其他,臺南市永康區段號國華街與未知名到路口,2,晴,50,交岔路,交叉路口,無號誌,車與車,未依規定讓車
11002ACB91B0866,20210210,120.257946,23.04293,交通事故,一般地址,臺南市永康區?行里中正北路段539號,1,晴,50,單路部分,路段,無號誌,車與車,倒車未依規定
11002ACB91B0874,20210208,120.247289,23.006498,交通事故,其他,臺南市永康區段號復國一路210巷、復國二路,1,晴,30,交岔路,交叉路口,無號誌,車與車,未依規定讓車
11002ACB91B0880,20210210,120.220743,23.025742,交通事故,其他,臺南市永康區段號中正南路、中正南路220巷口,1,陰,50,交岔路,交叉路口,行車管制號誌,車與車,左轉彎未依規定
11002ACB91B0888,20210207,120.275288,23.01917,交通事故,其他,臺南市永康區段號富強路一段與廣興街,1,晴,50,交岔路,交叉路口,行車管制號誌,車與車,違反號誌管制或指揮
11002ACB91B0889,20210209,120.242267,23.041678,交通事故,交叉路口,臺南市永康區中正北路段號新行街,2,晴,50,交岔路,交叉路口,行車管制號誌,車與車,未注意車前狀態
11002ACB91B0927,20210209,120.237411,23.01726,交通事故,其他,臺南市永康區段號中山南路319巷內,1,晴,30,單路部分,路段,無號誌,汽(機)車本身,未注意車前狀態
11002ACB91B0930,20210211,120.27325,23.015706,交通事故,其他,臺南市永康區段號富強路一段108號前,1,晴,50,單路部分,路段,無號誌,車與車,未注意車前狀態
11002ACB91B0945,20210211,120.263962,23.037386,交通事故,交叉路口,臺南市永康區自強路段號自強路802,1,晴,50,交岔路,交叉路口,無號誌,人與汽(機)車,尚未發現肇事因素
11002ACB91B0947,20210211,120.23781,23.007935,交通事故,其他,臺南市永康區段號中山東路338號前,2,晴,50,交岔路,交叉路口,行車管制號誌,車與車,未保持行車安全距離
11002ACB91B0972,20210211,120.229617,23.018145,交通事故,一般地址,臺南市永康區大橋一街段131號,1,晴,30,單路部分,路段,無號誌,汽(機)車本身,未注意車前狀態
11002ACB91B0974,20210205,120.237797,23.008504,交通事故,交叉路口,臺南市永康區中華二路段號中山東路,2,晴,50,交岔路,交叉路口,行車管制號誌,車與車,未依規定讓車
11002ACB91B0975,20210205,120.257309,23.025988,交通事故,交叉路口,臺南市永康區中山路段號中山北路,1,晴,50,交岔路,交叉路口,行車管制號誌,車與車,未注意車前狀態
11002ACB91B0976,20210206,120.239335,23.039427,交通事故,交叉路口,臺南市永康區中正路段號中正七街,2,晴,50,交岔路,交叉路口,行車管制號誌,車與車,迴轉未依規定
11002ACB91B0977,20210207,120.2577,23.017208,交通事故,交叉路口,臺南市永康區永大一路段號永華路,1,晴,50,交岔路,交叉路口,行車管制號誌,車與車,違反號誌管制或指揮
11002ACB91B0978,20210212,120.247092,23.021093,交通事故,交叉路口,臺南市永康區中山南路段號中山南路814,1,晴,50,交岔路,交叉路口,無號誌,汽(機)車本身,未注意車前狀態
11002ACB91B0980,20210212,120.273549,23.043086,交通事故,交叉路口,臺南市永康區王行路段號王行路539,1,陰,50,交岔路,交叉路口,無號誌,汽(機)車本身,未注意車前狀態
11002ACB91B0983,20210208,120.258204,22.99774,交通事故,其他,臺南市永康區段號永大路與崑大路,1,晴,50,交岔路,交叉路口,行車管制號誌,車與車,右轉彎未依規定
11002ACB91B1009,20210212,120.237686,23.031804,交通事故,交叉路口,臺南市永康區中正二街段號?和街,1,晴,50,交岔路,交叉路口,行車管制號誌,汽(機)車本身,不明原因肇事
11002ACB91B1014,20210212,120.238026,23.015723,交通事故,其他,臺南市永康區段號中山南路316巷4-1號前,1,晴,30,單路部分,路段,無號誌,汽(機)車本身,其他引起事故之違規或不當行為
11002ACB91B1031,20210209,120.244166,23.017026,交通事故,交叉路口,臺南市永康區復國一路段586號國華街,2,晴,30,交岔路,交叉路口,無號誌,車與車,未依規定讓車
11002ACB91B1037,20210213,120.26232,23.034291,交通事故,交叉路口,臺南市永康區龍中街段號龍埔街,2,晴,50,交岔路,交叉路口,閃光號誌,車與車,不明原因肇事
11002ACB91B1045,20210213,120.246348,23.000168,交通事故,交叉路口,臺南市永康區復國路段號復國路53,1,晴,50,交岔路,交叉路口,行車管制號誌,車與車,未依規定讓車
11002ACB91B1053,20210213,120.262991,23.003634,交通事故,一般地址,臺南市永康區大安街段51號,2,晴,50,單路部分,路段,無號誌,人與汽(機)車,未注意車前狀態
11002ACB91B1057,20210213,120.252771,22.998846,交通事故,一般地址,臺南市永康區大灣路段955號,1,晴,50,單路部分,路段,無號誌,車與車,未保持行車安全距離
11002ACB91B1059,20210213,120.251571,23.035375,交通事故,交叉路口,臺南市永康區四維街段號龍埔街,1,晴,50,交岔路,交叉路口,行車管制號誌,車與車,違反號誌管制或指揮
11002ACB91B1062,20210210,120.251916,22.998451,交通事故,其他,臺南市永康區段號崑大路與崑大路201巷口,1,晴,50,交岔路,交叉路口,行車管制號誌(附設行人專用號誌),車與車,變換車道或方向不當
11002ACB91B1066,20210209,120.250163,23.00444,交通事故,一般地址,臺南市永康區復興路段2674號,2,晴,50,交岔路,交叉路口,無號誌,車與車,未依規定讓車
11002ACB91B1070,20210213,120.260463,23.028711,交通事故,交叉路口,臺南市永康區永大路3段號埔聖街,1,晴,50,交岔路,交叉路口,行車管制號誌,車與車,右轉彎未依規定
11002ACB91B1094,20210201,120.254699,23.035157,交通事故,交叉路口,臺南市永康區中山路段號龍埔街,1,晴,50,交岔路,交叉路口,行車管制號誌,車與車,未依規定讓車
11002ACB91B1098,20210202,120.263447,23.021977,交通事故,交叉路口,臺南市永康區永平街段號西勢路738,2,晴,50,交岔路,交叉路口,無號誌,車與車,未依規定讓車
11002ACB91B1100,20210205,120.216095,23.022834,交通事故,一般地址,臺南市永康區中央路段22號,1,晴,50,交岔路,交叉路口,無號誌,車與車,起步未注意其他車(人)安全
11002ACB91B1101,20210206,120.216973,23.023479,交通事故,一般地址,臺南市永康區中央路段34號,2,晴,50,單路部分,路段,無號誌,車與車,橫越道路不慎
11002ACB91B1102,20210206,120.223601,23.020071,交通事故,一般地址,臺南市永康區永康(奇美)陸橋段號,1,晴,50,單路部分,路段,無號誌,車與車,未保持行車安全距離
11002ACB91B1121,20210214,120.227996,23.032652,交通事故,一般地址,臺南市永康區中正南路段477號,1,晴,50,單路部分,路段,無號誌,車與車,未注意車前狀態
11002ACB91B1136,20210214,120.277066,23.058237,交通事故,其他,臺南市永康區段號中正北路豐化橋上,1,晴,70,交岔路,交叉路口,無號誌,車與車,未依規定讓車
11002ACB91B1185,20210214,120.255809,23.031418,交通事故,其他,臺南市永康區段號中山路222號,1,晴,50,交岔路,路段,無號誌,車與車,未注意車前狀態
11002ACB91B1186,20210214,120.246486,23.011721,交通事故,其他,臺南市永康區段號復國一路與復國一路341巷口,1,晴,30,交岔路,交叉路口,無號誌,車與車,未依規定讓車
11002ACB91B1187,20210215,120.249083,23.026548,交通事故,交叉路口,臺南市永康區自強路段號高速二街,1,晴,40,交岔路,交叉路口,行車管制號誌,車與車,違反號誌管制或指揮
11002ACB91B1192,20210203,120.234779,22.998467,交通事故,交叉路口,臺南市永康區中華路段10號小東路477,2,晴,30,交岔路,交叉路口,無號誌,車與車,未依規定讓車
11002ACB91B1205,20210203,120.229951,23.014629,交通事故,交叉路口,臺南市永康區中華路段21612號中華路21640,1,晴,30,交岔路,交叉路口,無號誌,車與車,未依規定讓車
11002ACB91B1210,20210215,120.261997,23.00077,交通事故,一般地址,臺南市永康區大灣路段581號,1,晴,50,單路部分,路段,無號誌,車與車,違反特定標誌(線)禁制
11002ACB91B1211,20210215,120.260139,23.034596,交通事故,交叉路口,臺南市永康區自強路段號龍埔街,1,晴,50,交岔路,交叉路口,行車管制號誌,車與車,左轉彎未依規定
11002ACB91B1213,20210203,120.254745,23.024833,交通事故,其他,臺南市永康區段號中山南路1006號前,1,晴,50,交岔路,交叉路口,無號誌,車與車,違反特定標誌(線)禁制
11002ACB91B1215,20210215,120.242607,23.037892,交通事故,其他,臺南市永康區段號新中街138號附近,1,晴,50,單路部分,路段,無號誌,車與車,迴轉未依規定
11002ACB91B1216,20210203,120.235625,23.005078,交通事故,其他,臺南市永康區段號中華路206號前,2,晴,50,單路部分,路段,無號誌,車與車,變換車道或方向不當
11002ACB91B1218,20210215,120.264967,23.028838,交通事故,其他,臺南市永康區段號中山北路319號前,1,晴,50,交岔路,路段,無號誌,車與車,未依規定讓車
11002ACB91B1223,20210215,120.243623,23.017597,交通事故,其他,臺南市永康區段號忠孝路316巷靠忠孝路,1,晴,50,單路部分,路段,無號誌,汽(機)車本身,其他引起事故之違規或不當行為
11002ACB91B1229,20210215,120.26307,23.005219,交通事故,一般地址,臺南市永康區大安街段9737號0,1,晴,30,單路部分,路段,無號誌,人與汽(機)車,穿越道路未注意左右來車
11002ACB91B1236,20210215,120.239963,23.006343,交通事故,一般地址,臺南市永康區中興街段35號,1,晴,30,單路部分,路段,無號誌,車與車,變換車道或方向不當
11002ACB91B1237,20210209,120.22537,23.017265,交通事故,一般地址,臺南市永康區西橋里大橋一街段3153號0,1,晴,30,交岔路,交叉路口,無號誌,車與車,未依規定讓車
11002ACB91B1238,20210215,120.242274,23.041685,交通事故,其他,臺南市永康區段號中正北路與新行街口,1,晴,50,交岔路,交叉路口,行車管制號誌,車與車,右轉彎未依規定
11002ACB91B1240,20210215,120.245333,23.041805,交通事故,一般地址,臺南市永康區中正北路段253號,1,晴,40,單路部分,路段,無號誌,車與車,未注意車前狀態
11002ACB91B1244,20210215,120.229108,23.015567,交通事故,一般地址,臺南市永康區中華路段6611號,1,晴,30,單路部分,路段,無號誌,車與車,起步未注意其他車(人)安全
11002ACB91B1250,20210208,120.23175,23.012128,交通事故,其他,臺南市永康區段號中華路與五福街口,1,晴,50,交岔路,交叉路口,行車管制號誌,車與車,未注意車前狀態
11002ACB91B1251,20210215,120.233865,23.00879,交通事故,一般地址,臺南市永康區中華路段354號,1,晴,50,交岔路,交叉路口,行車管制號誌(附設行人專用號誌),車與車,違反號誌管制或指揮
11002ACB91B1259,20210210,120.264754,23.024609,交通事故,其他,臺南市永康區段號永明街273巷口,1,晴,50,交岔路,交叉路口,無號誌,車與車,未依規定讓車
11002ACB91B1273,20210208,120.251886,23.028451,交通事故,其他,臺南市永康區段號自強路288號前,2,晴,50,交岔路,路段,行車管制號誌,車與車,未保持行車安全間隔