案件編號,發生日期,GPS經度,GPS緯度,案件類別名稱,地址類型名稱,發生縣市名稱,受傷人數,天候名稱, 速限-第1當事者,道路型態大類別名稱,事故位置大類別名稱,號誌-號誌種類名稱,事故類型及型態大類別名稱,肇因研判子類別名稱-主要
11002ACB91B1279,20210208,120.268596,23.034948,交通事故,其他,臺南市永康區段號育樂街157號前,2,晴,50,單路部分,路段,無號誌,車與車,未注意車前狀態
11002ACB91B1282,20210209,120.259477,23.000313,交通事故,其他,臺南市永康區段號大灣路與永大路二段口,2,晴,50,交岔路,路段,行車管制號誌(附設行人專用號誌),車與車,未注意車前狀態
11002ACB91B1286,20210210,120.266514,23.01289,交通事故,其他,臺南市永康區段號文賢街360巷50弄與文賢街360巷56弄口,1,晴,30,交岔路,交叉路口,無號誌,車與車,未注意車前狀態
11002ACB91B1293,20210216,120.265165,23.009898,交通事故,交叉路口,臺南市永康區大安街段號大安街293,2,晴,50,交岔路,交叉路口,無號誌,汽(機)車本身,酒醉(後)駕駛失控
11002ACB91B1294,20210216,120.255221,23.029522,交通事故,交叉路口,臺南市永康區中正路段號正義街,3,晴,50,交岔路,交叉路口,行車管制號誌,車與車,右轉彎未依規定
11002ACB91B1295,20210216,120.225447,23.030458,交通事故,一般地址,臺南市永康區尚頂里中正南路段379號0,1,晴,50,交岔路,交叉路口,行車管制號誌,汽(機)車本身,其他引起事故之違規或不當行為
11002ACB91B1297,20210216,120.231443,23.021479,交通事故,交叉路口,臺南市永康區東橋一路段號東橋十街,2,晴,50,交岔路,交叉路口,行車管制號誌,車與車,未依規定讓車
11002ACB91B1304,20210216,120.260235,23.01952,交通事故,其他,臺南市永康區段號永大三路與永忠路,1,晴,50,交岔路,交叉路口,無號誌,車與車,左轉彎未依規定
11002ACB91B1311,20210210,120.231575,23.012076,交通事故,交叉路口,臺南市永康區中華路段號五福街,1,晴,50,交岔路,交叉路口,行車管制號誌(附設行人專用號誌),車與車,未依規定讓車
11002ACB91B1319,20210210,120.227193,23.013375,交通事故,其他,臺南市永康區段號中華西街與中華路619巷口,1,晴,50,交岔路,交叉路口,閃光號誌,車與車,違反特定標誌(線)禁制
11002ACB91B1339,20210216,120.260974,22.997504,交通事故,一般地址,臺南市永康區南興路段58號,1,晴,50,單路部分,路段,無號誌,車與車,橫越道路不慎
11002ACB91B1341,20210216,120.261932,23.035748,交通事故,其他,臺南市永康區段號自強路與高速二街,1,晴,50,交岔路,交叉路口,行車管制號誌,車與車,違反號誌管制或指揮
11002ACB91B1343,20210216,120.254364,23.030171,交通事故,交叉路口,臺南市永康區中正路段號自強路,1,晴,50,交岔路,其他,行車管制號誌,人與汽(機)車,搶越行人穿越道
11002ACB91B1347,20210215,120.251259,23.036282,交通事故,交叉路口,臺南市永康區四維街段號八德街,1,晴,50,交岔路,交叉路口,閃光號誌,車與車,未依規定讓車
11002ACB91B1379,20210216,120.258795,23.040293,交通事故,其他,臺南市永康區段號永大路三段622巷資源回收場前,2,晴,30,單路部分,路段,無號誌,汽(機)車本身,其他引起事故之違規或不當行為
11002ACB91B1399,20210217,120.272698,23.008298,交通事故,一般地址,臺南市永康區文賢街段781943號0,1,晴,30,單路部分,路段,無號誌,汽(機)車本身,其他引起事故之違規或不當行為
11002ACB91B1409,20210217,120.225803,23.032231,交通事故,交叉路口,臺南市永康區洲工街段號洲工街9,1,晴,50,交岔路,路段,無號誌,汽(機)車本身,其他引起事故之違規或不當行為
11002ACB91B1430,20210208,120.264075,23.024622,交通事故,其他,臺南市永康區段號永明街與永明街231巷,2,晴,50,交岔路,交叉路口,行車管制號誌,車與車,逆向行駛
11002ACB91B1447,20210217,120.25156,23.017836,交通事故,交叉路口,臺南市永康區永二街段244號永勝街155,2,晴,50,交岔路,交叉路口,無號誌,車與車,未靠右行駛
11002ACB91B1465,20210216,120.260406,23.024967,交通事故,一般地址,臺南市永康區永明街段83號,2,晴,50,單路部分,路段,無號誌,車與車,未保持行車安全距離
11002ACB91B1466,20210217,120.243604,23.016582,交通事故,其他,臺南市永康區段號復國一路582號對面,1,晴,50,單路部分,路段,無號誌,汽(機)車本身,未注意車前狀態
11002ACB91B1478,20210212,120.240066,23.01829,交通事故,一般地址,臺南市永康區中山南路段518號,2,晴,50,交岔路,交叉路口,無號誌,車與車,起步未注意其他車(人)安全
11002ACB91B1482,20210215,120.239858,23.005137,交通事故,交叉路口,臺南市永康區忠孝路段207號中華一路39,2,晴,30,交岔路,交叉路口,無號誌,車與車,未依規定讓車
11002ACB91B1497,20210217,120.251928,22.998608,交通事故,其他,臺南市永康區段號崑大路與大灣路,1,晴,50,交岔路,交叉路口,行車管制號誌,車與車,違反號誌管制或指揮
11002ACB91B1500,20210217,120.262101,23.036018,交通事故,其他,臺南市永康區段號自強路與龍中街,2,晴,50,交岔路,交叉路口,行車管制號誌,車與車,違反特定標誌(線)禁制
11002ACB91B1502,20210217,120.267927,23.006882,交通事故,其他,臺南市永康區段號大灣路與民族路口,1,晴,50,交岔路,交叉路口,行車管制號誌(附設行人專用號誌),車與車,未保持行車安全間隔
11002ACB91B1503,20210218,120.237107,23.002477,交通事故,交叉路口,臺南市永康區中華路段58號中華路13458,3,晴,30,交岔路,交叉路口,無號誌,車與車,未依規定讓車
11002ACB91B1514,20210218,120.233858,23.008473,交通事故,其他,臺南市永康區段號中華路與中華二路,1,晴,50,交岔路,交叉路口,行車管制號誌,車與車,未保持行車安全間隔
11002ACB91B1515,20210205,120.234859,23.000784,交通事故,交叉路口,臺南市永康區中華路段號華興街,1,晴,50,交岔路,路段,無號誌,車與車,左轉彎未依規定
11002ACB91B1525,20210218,120.226411,23.03129,交通事故,交叉路口,臺南市永康區中正南路段號洲工街,2,晴,50,交岔路,交叉路口,行車管制號誌,車與車,未保持行車安全距離
11002ACB91B1531,20210218,120.246184,23.018684,交通事故,其他,臺南市永康區段號忠孝路410巷108弄口,1,晴,50,交岔路,交叉路口,無號誌,汽(機)車本身,未依規定讓車
11002ACB91B1567,20210218,120.262081,23.020051,交通事故,交叉路口,臺南市永康區永大路2段號西勢路,3,晴,50,交岔路,其他,行車管制號誌,人與汽(機)車,未注意車前狀態
11002ACB91B1579,20210216,120.226738,23.018261,交通事故,交叉路口,臺南市永康區中華路段號大橋二街,1,晴,50,交岔路,其他,行車管制號誌(附設行人專用號誌),人與汽(機)車,未注意車前狀態
11002ACB91B1612,20210219,120.25111,23.036786,交通事故,交叉路口,臺南市永康區蔦松二街段號四維街,1,晴,50,單路部分,其他,閃光號誌,車與車,未保持行車安全距離
11002ACB91B1615,20210219,120.242205,23.044489,交通事故,一般地址,臺南市永康區新行街段253號0,1,晴,50,交岔路,交叉路口,行車管制號誌,人與汽(機)車,未注意車前狀態
11002ACB91B1619,20210219,120.238778,23.000779,交通事故,一般地址,臺南市永康區中華里華興街段53號,1,晴,50,單路部分,路段,無號誌,汽(機)車本身,未注意車前狀態
11002ACB91B1624,20210219,120.256319,23.015518,交通事故,一般地址,臺南市永康區永康里文化路段186號,1,晴,50,單路部分,路段,無號誌,車與車,開啟車門不當而肇事
11002ACB91B1630,20210219,120.27268,23.052706,交通事故,交叉路口,臺南市永康區王行路段號王行東路,1,晴,50,交岔路,交叉路口,行車管制號誌,車與車,未保持行車安全距離
11002ACB91B1631,20210217,120.231542,23.036502,交通事故,其他,臺南市永康區段號中正南路、洲尾街口,1,晴,50,交岔路,交叉路口,行車管制號誌,車與車,未注意車前狀態
11002ACB91B1634,20210219,120.265342,23.028898,交通事故,交叉路口,臺南市永康區中山北路段號中山北路264,1,晴,50,交岔路,交叉路口,行車管制號誌,車與車,未依規定讓車
11002ACB91B1636,20210219,120.242644,23.034375,交通事故,其他,臺南市永康區段號中正二街600號,1,晴,50,單路部分,路段,無號誌,車與車,倒車未依規定
11002ACB91B1643,20210219,120.263974,23.036043,交通事故,交叉路口,臺南市永康區自強路段750號自強路75069,3,晴,30,交岔路,交叉路口,無號誌,車與車,未依規定讓車
11002ACB91B1668,20210219,120.264171,23.005717,交通事故,交叉路口,臺南市永康區大灣三街段號大安街,1,晴,50,交岔路,交叉路口,閃光號誌,汽(機)車本身,未依規定減速
11002ACB91B1673,20210218,120.231052,23.000617,交通事故,交叉路口,臺南市永康區勝利街段號勝學路,1,晴,50,交岔路,交叉路口,無號誌,車與車,未依規定讓車
11002ACB91B1674,20210205,120.241227,23.019015,交通事故,其他,臺南市永康區段號中山南路與中山南路568巷,1,晴,50,單路部分,其他,行車管制號誌,車與車,起步未注意其他車(人)安全
11002ACB91B1677,20210219,120.254699,23.035157,交通事故,交叉路口,臺南市永康區中山路段號龍埔街,3,晴,50,交岔路,交叉路口,行車管制號誌,車與車,左轉彎未依規定
11002ACB91B1681,20210219,120.240051,23.012068,交通事故,其他,臺南市永康區段號南工街與南工街146巷口,1,晴,30,交岔路,交叉路口,無號誌,車與車,其他引起事故之違規或不當行為
11002ACB91B1702,20210210,120.259339,23.019156,交通事故,一般地址,臺南市永康區永大五路段153號0,1,雨,50,單路部分,路段,無號誌,車與車,迴轉未依規定
11002ACB91B1707,20210219,120.27327,23.04221,交通事故,其他,臺南市永康區段號王行路340681號路燈對面,2,晴,50,單路部分,路段,無號誌,汽(機)車本身,未保持行車安全距離
11002ACB91B1712,20210201,120.234363,23.004925,交通事故,其他,臺南市永康區段號中華一路182巷與中華一路182巷3弄口,1,晴,30,交岔路,交叉路口,無號誌,車與車,未依規定讓車
11002ACB91B1715,20210220,120.255927,23.029114,交通事故,其他,臺南市永康區段號中正路8之2號,1,晴,50,單路部分,路段,無號誌,汽(機)車本身,未注意車前狀態
11002ACB91B1722,20210219,120.275215,23.02106,交通事故,交叉路口,臺南市永康區富強路1段號西勢路,1,晴,50,交岔路,交叉路口,行車管制號誌,車與車,迴轉未依規定
11002ACB91B1726,20210216,120.229688,23.004044,交通事故,其他,臺南市永康區段號柴頭港溪防汛道路,1,晴,30,單路部分,路段,無號誌,汽(機)車本身,未注意車前狀態
11002ACB91B1728,20210219,120.2522,23.015703,交通事故,交叉路口,臺南市永康區永二街段號文化路,2,晴,50,交岔路,交叉路口,行車管制號誌,汽(機)車本身,未注意車前狀態
11002ACB91B1733,20210219,120.23792,22.99879,交通事故,一般地址,臺南市永康區小東路段623號,1,晴,50,單路部分,路段,無號誌,車與車,未保持行車安全距離
11002ACB91B1734,20210220,120.239992,22.998167,交通事故,一般地址,臺南市永康區復興路段417號,1,晴,50,單路部分,路段,無號誌,汽(機)車本身,未注意車前狀態
11002ACB91B1736,20210219,120.234257,23.017755,交通事故,一般地址,臺南市永康區東橋一路段111號,2,晴,50,單路部分,路段,無號誌,車與車,未保持行車安全距離
11002ACB91B1744,20210220,120.265739,23.014296,交通事故,交叉路口,臺南市永康區大同街段413號北興路,1,晴,50,交岔路,交叉路口,行車管制號誌,汽(機)車本身,未注意車前狀態
11002ACB91B1747,20210219,120.249182,23.021766,交通事故,其他,臺南市永康區段號中山南路914號前,1,晴,50,單路部分,路段,無號誌,車與車,開啟車門不當而肇事
11002ACB91B1759,20210220,120.223309,23.031164,交通事故,其他,臺南市永康區段號國聖街與國聖街65巷口,2,晴,30,交岔路,交叉路口,無號誌,車與車,未依規定讓車
11002ACB91B1768,20210220,120.231042,23.009298,交通事故,交叉路口,臺南市永康區中華二路段340號中華二路34015,3,晴,50,交岔路,交叉路口,閃光號誌,車與車,未依規定讓車
11002ACB91B1793,20210220,120.266825,23.013898,交通事故,交叉路口,臺南市永康區北興路段88號大同街320,2,晴,30,交岔路,交叉路口,無號誌,車與車,未依規定讓車
11002ACB91B1794,20210220,120.264045,23.020564,交通事故,一般地址,臺南市永康區西勢路段730號,1,晴,50,交岔路,路段,閃光號誌,車與車,未注意車前狀態
11002ACB91B1827,20210220,120.23012,23.037785,交通事故,交叉路口,臺南市永康區國聖街段號洲尾街,2,晴,50,交岔路,交叉路口,閃光號誌,車與車,未依規定讓車
11002ACB91B1833,20210218,120.239936,23.008539,交通事故,其他,臺南市永康區段號中華二路88巷與中興街,2,晴,50,交岔路,交叉路口,閃光號誌,車與車,未依規定讓車
11002ACB91B1839,20210210,120.231592,23.004038,交通事故,一般地址,臺南市永康區勝利街段10746號,1,晴,30,單路部分,路段,無號誌,車與車,倒車未依規定
11002ACB91B1843,20210201,120.251259,23.036282,交通事故,交叉路口,臺南市永康區四維街段號八德街,2,晴,50,交岔路,交叉路口,閃光號誌,車與車,未依規定讓車
11002ACB91B1846,20210220,120.225549,23.020933,交通事故,一般地址,臺南市永康區中華路段912107號,1,晴,50,單路部分,路段,無號誌,車與車,使用手持行動電話失控
11002ACB91B1847,20210209,120.227052,23.03067,交通事故,一般地址,臺南市永康區尚頂路段192號,1,晴,50,單路部分,路段,無號誌,汽(機)車本身,不明原因肇事
11002ACB91B1851,20210220,120.231428,23.021399,交通事故,交叉路口,臺南市永康區大橋二街段號東橋一路,1,晴,50,交岔路,交叉路口,行車管制號誌,車與車,違反號誌管制或指揮
11002ACB91B1856,20210202,120.233499,23.002418,交通事故,一般地址,臺南市永康區勝利街段9027號,1,晴,40,單路部分,其他,無號誌,人與汽(機)車,未注意車前狀態
11002ACB91B1862,20210220,120.226652,23.018169,交通事故,交叉路口,臺南市永康區中華路段號中華西街,2,晴,50,交岔路,交叉路口,行車管制號誌,車與車,未保持行車安全距離
11002ACB91B1866,20210219,120.228697,23.017477,交通事故,交叉路口,臺南市永康區大橋一街段號大橋一街103,2,晴,30,交岔路,交叉路口,無號誌,車與車,未依規定讓車
11002ACB91B1869,20210219,120.220762,23.024017,交通事故,一般地址,臺南市永康區中正南路段21044378號,1,晴,30,交岔路,交叉路口,無號誌,車與車,未注意車前狀態
11002ACB91B1876,20210221,120.240198,23.033093,交通事故,交叉路口,臺南市永康區中正二街段號正南五街,2,晴,50,交岔路,交叉路口,行車管制號誌,車與車,未保持行車安全距離
11002ACB91B1877,20210206,120.280924,23.031892,交通事故,其他,臺南市永康區段號中山北路與永科王田大道,1,晴,50,交岔路,交叉路口,行車管制號誌,車與車,未依規定讓車
11002ACB91B1880,20210221,120.249064,23.026496,交通事故,交叉路口,臺南市永康區自強路段號高速二街,1,晴,30,交岔路,交叉路口,行車管制號誌,車與車,違反號誌管制或指揮
11002ACB91B1884,20210221,120.232696,23.019852,交通事故,其他,臺南市永康區段號東橋一路與大橋一街口,1,晴,50,交岔路,交叉路口,行車管制號誌,車與車,未注意車前狀態
11002ACB91B1891,20210221,120.259213,23.036674,交通事故,交叉路口,臺南市永康區永大路3段號八德街,2,晴,50,交岔路,交叉路口,行車管制號誌,車與車,違反號誌管制或指揮
11002ACB91B1892,20210220,120.243879,23.040476,交通事故,一般地址,臺南市永康區新中街段313號,2,晴,50,單路部分,路段,無號誌,車與車,未保持行車安全間隔
11002ACB91B1899,20210221,120.24427,23.04542,交通事故,其他,臺南市永康區段號永安路與永運路口旁,1,晴,30,單路部分,路段,無號誌,車與車,橫越道路不慎
11002ACB91B1905,20210203,120.268748,23.002365,交通事故,一般地址,臺南市永康區大灣一街段320號,2,晴,50,單路部分,路段,無號誌,人與汽(機)車,未注意車前狀態
11002ACB91B1906,20210218,120.271948,23.013731,交通事故,其他,臺南市永康區段號富強路一段2巷口,1,晴,50,交岔路,交叉路口,行車管制號誌,車與車,違反號誌管制或指揮
11002ACB91B1915,20210221,120.235366,23.041832,交通事故,其他,臺南市永康區段號鹽洲一街63巷口,1,晴,50,交岔路,交叉路口,無號誌,車與車,未依規定讓車
11002ACB91B1918,20210207,120.242172,22.998668,交通事故,一般地址,臺南市永康區復興路段310號,1,晴,50,單路部分,路段,無號誌,車與車,未保持行車安全距離
11002ACB91B1933,20210220,120.251936,23.027449,交通事故,交叉路口,臺南市永康區正強街段號正義街,3,晴,50,交岔路,交叉路口,行車管制號誌,車與車,不明原因肇事
11002ACB91B1938,20210221,120.258666,23.022041,交通事故,其他,臺南市永康區段號永華路與永平街口,1,晴,50,交岔路,交叉路口,行車管制號誌(附設行人專用號誌),車與車,違反號誌管制或指揮
11002ACB91B1944,20210208,120.223339,23.03386,交通事故,其他,臺南市永康區段號河堤道路內,1,晴,50,單路部分,路段,無號誌,汽(機)車本身,未注意車前狀態
11002ACB91B1946,20210221,120.231755,23.012027,交通事故,一般地址,臺南市永康區中華路段502號,1,陰,50,交岔路,交叉路口,行車管制號誌,車與車,未注意車前狀態
11002ACB91B1949,20210210,120.267379,23.03991,交通事故,其他,臺南市永康區段號自強路953號對面,1,晴,50,單路部分,路段,無號誌,車與車,未注意車前狀態
11002ACB91B1957,20210210,120.266932,23.029953,交通事故,其他,臺南市永康區段號龍潭街26巷與龍潭街26巷51弄口,2,晴,30,交岔路,路段,無號誌,車與車,起步未注意其他車(人)安全
11002ACB91B1964,20210220,120.221741,23.021459,交通事故,其他,臺南市永康區段號中山南路226號前,1,晴,50,單路部分,其他,行車管制號誌,車與車,未保持行車安全距離
11002ACB91B1968,20210221,120.235387,22.999843,交通事故,交叉路口,臺南市永康區中華路段10號小東路477,2,晴,50,交岔路,交叉路口,無號誌,車與車,未依規定讓車
11002ACB91B1971,20210221,120.221755,23.02147,交通事故,其他,臺南市永康區段號中華路與南台街75巷口,1,晴,50,交岔路,交叉路口,行車管制號誌(附設行人專用號誌),車與車,變換車道或方向不當
11002ACB91B1977,20210222,120.271436,23.053604,交通事故,交叉路口,臺南市永康區中正北路段號王行路,2,晴,70,交岔路,交叉路口,行車管制號誌,車與車,違反號誌管制或指揮
11002ACB91B1979,20210221,120.228502,23.033373,交通事故,交叉路口,臺南市永康區中正南路段號正南二街,1,晴,50,交岔路,交叉路口,行車管制號誌,車與車,變換車道或方向不當
11002ACB91B1981,20210207,120.255493,23.029345,交通事故,一般地址,臺南市永康區中正路段16號,1,晴,50,單路部分,路段,無號誌,汽(機)車本身,未注意車前狀態
11002ACB91B1992,20210222,120.251304,23.019737,交通事故,一般地址,臺南市永康區永二街段24452號,1,晴,30,交岔路,交叉路口,無號誌,車與車,左轉彎未依規定
11002ACB91B1997,20210222,120.225281,23.030072,交通事故,交叉路口,臺南市永康區中正南路段號中正南路743,2,晴,50,交岔路,交叉路口,行車管制號誌,車與車,未注意車前狀態
11002ACB91B1998,20210222,120.246458,23.009628,交通事故,一般地址,臺南市永康區復國一路段300號,1,晴,50,交岔路,交叉路口,行車管制號誌,人與汽(機)車,未注意車前狀態
11002ACB91B2001,20210222,120.226635,23.018171,交通事故,其他,臺南市永康區段號中華路與中華西街口,1,晴,50,交岔路,交叉路口,行車管制號誌,車與車,未注意車前狀態
11002ACB91B2002,20210216,120.257087,23.025792,交通事故,其他,臺南市永康區段號中山南路與永正路口,1,晴,50,交岔路,交叉路口,行車管制號誌,車與車,未依規定讓車
11002ACB91B2012,20210222,120.241261,23.04969,交通事故,其他,臺南市永康區段號永安路350號,1,晴,50,單路部分,路段,無號誌,車與車,左轉彎未依規定
11002ACB91B2020,20210222,120.234694,22.999703,交通事故,一般地址,臺南市永康區中華路段21號,1,晴,50,交岔路,交叉路口,行車管制號誌,車與車,迴轉未依規定
11002ACB91B2024,20210222,120.222416,23.020851,交通事故,其他,臺南市永康區段號中華路永康陸橋上北向南第二根燈桿附近,1,晴,50,單路部分,路段,無號誌,汽(機)車本身,未注意車前狀態
11002ACB91B2028,20210222,120.252166,23.025682,交通事故,一般地址,臺南市永康區正強街段71號,1,晴,50,交岔路,交叉路口,無號誌,車與車,起步未注意其他車(人)安全
11002ACB91B2035,20210221,120.237654,23.039486,交通事故,一般地址,臺南市永康區中正六街段173號,3,晴,50,單路部分,路段,無號誌,車與車,迴轉未依規定
11002ACB91B2039,20210222,120.233895,23.001668,交通事故,一般地址,臺南市永康區勝利街段5827號,2,晴,30,交岔路,交叉路口,無號誌,車與車,未依規定讓車
11002ACB91B2042,20210222,120.238279,23.007058,交通事故,一般地址,臺南市永康區中山東路段345號,1,晴,50,單路部分,路段,無號誌,車與車,變換車道或方向不當
11002ACB91B2048,20210222,120.239229,22.998552,交通事故,一般地址,臺南市永康區小東路段671號,1,晴,40,單路部分,路段,無號誌,汽(機)車本身,未注意車前狀態
11002ACB91B2119,20210223,120.262113,23.007941,交通事故,交叉路口,臺南市永康區永大路2段號大灣五街,2,晴,50,交岔路,交叉路口,無號誌,車與車,酒醉(後)駕駛失控
11002ACB91B2124,20210222,120.258916,23.04351,交通事故,一般地址,臺南市永康區中正北路段號,3,晴,70,單路部分,路段,無號誌,車與車,逆向行駛
11002ACB91B2136,20210223,120.263296,23.060512,交通事故,一般地址,臺南市永康區和平路段283號,1,晴,40,單路部分,路段,無號誌,車與車,未依規定讓車
11002ACB91B2138,20210203,120.236593,23.041568,交通事故,其他,臺南市永康區段號鹽行路與鹽忠街口,2,晴,50,交岔路,交叉路口,行車管制號誌,車與車,未依規定讓車
11002ACB91B2141,20210223,120.268115,23.006903,交通事故,一般地址,臺南市永康區民族路段373號,1,晴,50,單路部分,路段,無號誌,車與車,橫越道路不慎
11002ACB91B2143,20210222,120.223076,23.020601,交通事故,交叉路口,臺南市永康區中華路段號大武街,1,晴,50,交岔路,交叉路口,行車管制號誌,車與車,左轉彎未依規定
11002ACB91B2158,20210223,120.253094,22.997759,交通事故,一般地址,臺南市永康區崑大路段195號,2,晴,40,交岔路,交叉路口,行車管制號誌,車與車,未注意車前狀態
11002ACB91B2159,20210217,120.255807,23.038975,交通事故,一般地址,臺南市永康區永大路3段469150號0,1,晴,30,單路部分,路段,無號誌,車與車,未靠右行駛
11002ACB91B2166,20210218,120.266846,23.005717,交通事故,一般地址,臺南市永康區大灣路段362號0,1,晴,50,交岔路,交叉路口,閃光號誌,車與車,迴轉未依規定
11002ACB91B2171,20210217,120.258212,23.015351,交通事故,交叉路口,臺南市永康區西灣里永華路段號永榮三街,2,晴,50,交岔路,交叉路口,閃光號誌,車與車,未依規定讓車
11002ACB91B2176,20210223,120.249645,23.026873,交通事故,交叉路口,臺南市永康區高速一街2段號自強路,1,陰,50,交岔路,交叉路口,行車管制號誌(附設行人專用號誌),車與車,右轉彎未依規定
11002ACB91B2178,20210211,120.236614,23.015193,交通事故,其他,臺南市永康區段號中山南路316巷電桿二村高幹22左4,1,陰,30,單路部分,路段,無號誌,車與車,未注意車前狀態
11002ACB91B2181,20210222,120.241845,23.049863,交通事故,一般地址,臺南市永康區仁愛街段301號,1,晴,50,單路部分,路段,無號誌,車與車,未依規定讓車
11002ACB91B2212,20210223,120.23972,22.994602,交通事故,其他,臺南市永康區段號裕永路與復興路429巷口,1,晴,50,交岔路,交叉路口,行車管制號誌,車與車,左轉彎未依規定
11002ACB91B2223,20210223,120.235047,23.006997,交通事故,其他,臺南市永康區段號中華路282-1號旁,2,雨,50,交岔路,交叉路口,無號誌,車與車,未依規定讓車
11002ACB91B2225,20210223,120.241802,23.010082,交通事故,其他,臺南市永康區段號忠孝路二王公墓(永康區路燈1173)前,1,晴,50,單路部分,路段,無號誌,車與車,未保持行車安全間隔
11002ACB91B2226,20210223,120.230912,23.01329,交通事故,其他,臺南市永康區段號中華路與中山南路路口,1,雨,50,單路部分,路段,無號誌,汽(機)車本身,未注意車前狀態
11002ACB91B2231,20210219,120.271436,23.053604,交通事故,交叉路口,臺南市永康區王行路段號中正北路,1,晴,50,單路部分,路段,無號誌,車與車,不明原因肇事
11002ACB91B2232,20210223,120.266695,23.005481,交通事故,一般地址,臺南市永康區大灣路段376號,2,晴,50,單路部分,路段,行車管制號誌,車與車,未保持行車安全距離
11002ACB91B2233,20210223,120.270915,23.011995,交通事故,交叉路口,臺南市永康區大灣路段號文賢街,1,晴,50,交岔路,交叉路口,行車管制號誌,車與車,未依規定讓車
11002ACB91B2250,20210224,120.230625,23.012038,交通事故,一般地址,臺南市永康區六合里新興街段74號0,1,晴,30,交岔路,交叉路口,無號誌,車與車,未依規定讓車
11002ACB91B2254,20210218,120.236237,23.030979,交通事故,交叉路口,臺南市永康區?行里中正二街段號中正二街336,1,晴,50,交岔路,交叉路口,行車管制號誌,車與車,右轉彎未依規定
11002ACB91B2255,20210224,120.251231,23.022927,交通事故,一般地址,臺南市永康區中山南路段515號,1,晴,50,單路部分,路段,無號誌,汽(機)車本身,尚未發現肇事因素
11002ACB91B2268,20210224,120.222242,23.020964,交通事故,交叉路口,臺南市永康區中華路段號南台街13,1,晴,30,交岔路,交叉路口,行車管制號誌,車與車,未注意車前狀態
11002ACB91B2274,20210216,120.234626,23.006656,交通事故,其他,臺南市永康區段號中華路279號,1,晴,50,單路部分,路段,無號誌,車與車,未依規定讓車
11002ACB91B2277,20210224,120.240745,23.041629,交通事故,一般地址,臺南市永康區中正北路段123-1號,2,晴,50,單路部分,路段,無號誌,車與車,變換車道或方向不當
11002ACB91B2281,20210224,120.227724,23.019184,交通事故,一般地址,臺南市永康區大橋二街段99號,1,晴,50,單路部分,路段,無號誌,車與車,未依規定讓車
11002ACB91B2284,20210224,120.228022,23.019307,交通事故,交叉路口,臺南市永康區大橋二街段號大橋一街73,1,晴,50,交岔路,交叉路口,閃光號誌,汽(機)車本身,不明原因肇事
11002ACB91B2297,20210223,120.23615,23.038837,交通事故,交叉路口,臺南市永康區正南五街段520號正南五街52056,2,晴,30,交岔路,路段,無號誌,車與車,未依規定讓車
11002ACB91B2300,20210224,120.256605,23.031817,交通事故,其他,臺南市永康區段號自強路與埔東街,1,晴,50,交岔路,交叉路口,行車管制號誌,車與車,左轉彎未依規定
11002ACB91B2313,20210224,120.252617,23.028772,交通事故,其他,臺南市永康區段號自強路與高速一街,2,晴,50,交岔路,交叉路口,行車管制號誌,車與車,左轉彎未依規定
11002ACB91B2314,20210222,120.246045,23.015748,交通事故,交叉路口,臺南市永康區復華八街段號復華八街48,2,晴,30,交岔路,交叉路口,無號誌,車與車,未依規定讓車
11002ACB91B2315,20210224,120.246247,23.007054,交通事故,其他,臺南市永康區段號復國一路234號前,2,晴,50,單路部分,路段,無號誌,人與汽(機)車,未注意車前狀態
11002ACB91B2317,20210224,120.254641,23.024839,交通事故,一般地址,臺南市永康區中山南路段998號,1,晴,50,交岔路,交叉路口,行車管制號誌(附設行人專用號誌),車與車,未依規定讓車
11002ACB91B2318,20210224,120.259013,23.003811,交通事故,其他,臺南市永康區段號崑山街與國光三街,1,晴,30,交岔路,交叉路口,閃光號誌,車與車,未依規定讓車
11002ACB91B2331,20210223,120.235334,23.00544,交通事故,其他,臺南市永康區段號中華路233號前,1,晴,50,單路部分,路段,無號誌,車與車,未保持行車安全間隔
11002ACB91B2338,20210222,120.218932,23.02072,交通事故,一般地址,臺南市永康區中正南路段168號,2,晴,50,交岔路,交叉路口,無號誌,車與車,右轉彎未依規定
11002ACB91B2340,20210225,120.256931,23.022928,交通事故,交叉路口,臺南市永康區永平街段號永中街,1,晴,50,交岔路,交叉路口,行車管制號誌,車與車,左轉彎未依規定
11002ACB91B2348,20210225,120.215632,23.02149,交通事故,一般地址,臺南市永康區小北路段56號,1,晴,50,交岔路,交叉路口,無號誌,車與車,未依規定讓車
11002ACB91B2350,20210225,120.271938,23.008899,交通事故,交叉路口,臺南市永康區文賢街段號文賢街108,1,晴,50,交岔路,交叉路口,無號誌,車與車,未依規定讓車
11002ACB91B2353,20210225,120.251928,22.998608,交通事故,交叉路口,臺南市永康區崑大路段號大灣路,1,晴,50,交岔路,交叉路口,行車管制號誌,車與車,左轉彎未依規定
11002ACB91B2354,20210225,120.248994,23.027976,交通事故,其他,臺南市永康區段號高速一街二段819號前,1,晴,50,單路部分,路段,無號誌,汽(機)車本身,其他引起事故之違規或不當行為
11002ACB91B2358,20210202,120.238167,23.019185,交通事故,交叉路口,臺南市永康區東橋二街段號東橋七路,2,晴,50,交岔路,交叉路口,行車管制號誌(附設行人專用號誌),車與車,未依規定讓車