案件編號,發生日期,GPS經度,GPS緯度,案件類別名稱,地址類型名稱,發生縣市名稱,受傷人數,天候名稱, 速限-第1當事者,道路型態大類別名稱,事故位置大類別名稱,號誌-號誌種類名稱,事故類型及型態大類別名稱,肇因研判子類別名稱-主要
11002ACB91B2359,20210223,120.23606,23.014385,交通事故,其他,臺南市永康區段號中山東路42號前,1,晴,50,交岔路,交叉路口,無號誌,汽(機)車本身,未注意車前狀態
11002ACB91B2364,20210212,120.235594,23.015338,交通事故,交叉路口,臺南市永康區中山南路段號中山東路,1,晴,50,單路部分,路段,無號誌,車與車,未保持行車安全間隔
11002ACB91B2368,20210222,120.273422,23.052362,交通事故,其他,臺南市永康區段號王行路1152號前,1,晴,50,單路部分,路段,行車管制號誌,車與車,未注意車前狀態
11002ACB91B2369,20210222,120.238616,23.04309,交通事故,交叉路口,臺南市永康區仁愛街段號三村一街,1,晴,50,交岔路,交叉路口,行車管制號誌,車與車,未依規定讓車
11002ACB91B2370,20210225,120.247521,23.032263,交通事故,一般地址,臺南市永康區中正路段255號0,2,晴,30,交岔路,交叉路口,行車管制號誌,車與車,左轉彎未依規定
11002ACB91B2375,20210225,120.256201,23.025651,交通事故,其他,臺南市永康區段號中山南路1064號前,1,晴,50,交岔路,交叉路口,行車管制號誌,車與車,不明原因肇事
11002ACB91B2378,20210202,120.237797,23.008504,交通事故,交叉路口,臺南市永康區中華二路段號中山東路,2,晴,50,交岔路,交叉路口,行車管制號誌,車與車,未依規定讓車
11002ACB91B2404,20210225,120.246059,23.005385,交通事故,交叉路口,臺南市永康區復國一路段173號復華一街28,3,晴,30,交岔路,交叉路口,無號誌,車與車,未依規定讓車
11002ACB91B2434,20210215,120.233013,23.009825,交通事故,其他,臺南市永康區段號中華路與中華路413巷口,1,晴,40,交岔路,交叉路口,行車管制號誌,汽(機)車本身,其他引起事故之違規或不當行為
11002ACB91B2435,20210220,120.271897,23.002797,交通事故,交叉路口,臺南市永康區大灣東路段號民族路,1,晴,50,交岔路,交叉路口,行車管制號誌,車與車,未注意車前狀態
11002ACB91B2436,20210224,120.239072,23.034604,交通事故,其他,臺南市永康區段號正南五街與鹽平街口,1,晴,50,交岔路,路段,閃光號誌,車與車,未依規定讓車
11002ACB91B2437,20210218,120.21807,23.02352,交通事故,交叉路口,臺南市永康區甲頂里中華路段號中正南路,1,晴,50,交岔路,交叉路口,行車管制號誌,車與車,未依規定讓車
11002ACB91B2441,20210225,120.22198,23.027128,交通事故,其他,臺南市永康區段號中正南路與中正南路313巷口,1,晴,50,交岔路,交叉路口,行車管制號誌,車與車,未保持行車安全間隔
11002ACB91B2442,20210207,120.22301,23.020384,交通事故,一般地址,臺南市永康區永康(奇美)陸橋段號,2,晴,40,單路部分,路段,無號誌,車與車,未保持行車安全距離
11002ACB91B2443,20210224,120.243807,23.035284,交通事故,交叉路口,臺南市永康區中正路段號中正二街,1,晴,50,交岔路,交叉路口,行車管制號誌,車與車,未保持行車安全間隔
11002ACB91B2446,20210219,120.220093,23.025411,交通事故,交叉路口,臺南市永康區尚頂里中正南路段號中正南路235,1,晴,50,交岔路,交叉路口,行車管制號誌,車與車,右轉彎未依規定
11002ACB91B2451,20210225,120.255945,22.9996,交通事故,交叉路口,臺南市永康區大灣路段號大灣路896,1,晴,50,交岔路,交叉路口,無號誌,汽(機)車本身,未注意車前狀態
11002ACB91B2453,20210225,120.22185,23.024002,交通事故,其他,臺南市永康區段號中正南路210巷，南台街54巷口,1,晴,30,交岔路,交叉路口,無號誌,車與車,未依規定讓車
11002ACB91B2458,20210225,120.235364,23.040595,交通事故,其他,臺南市永康區段號中正南路779巷12號前,1,晴,30,交岔路,交叉路口,無號誌,車與車,右轉彎未依規定
11002ACB91B2460,20210226,120.238194,23.019161,交通事故,其他,臺南市永康區段號東橋七路與東橋二街口,2,晴,50,交岔路,交叉路口,行車管制號誌(附設行人專用號誌),車與車,未注意車前狀態
11002ACB91B2468,20210225,120.239264,23.041334,交通事故,其他,臺南市永康區段號中正北路56號前,1,晴,50,單路部分,路段,無號誌,車與車,變換車道或方向不當
11002ACB91B2476,20210224,120.230248,23.006194,交通事故,其他,臺南市永康區段號勝華街與柴頭港溪往北便道,3,晴,30,交岔路,交叉路口,無號誌,車與車,未依規定讓車
11002ACB91B2478,20210225,120.246337,23.009636,交通事故,交叉路口,臺南市永康區復國一路段號復華三街,2,晴,50,交岔路,交叉路口,行車管制號誌,車與車,起步未注意其他車(人)安全
11002ACB91B2479,20210225,120.229928,23.034847,交通事故,其他,臺南市永康區段號中正南路533號前分隔島,1,晴,50,單路部分,路段,行車管制號誌,汽(機)車本身,疲勞(患病)駕駛失控
11002ACB91B2490,20210226,120.27359,23.000817,交通事故,一般地址,臺南市永康區民族路段7號,2,晴,50,單路部分,路段,無號誌,車與車,橫越道路不慎
11002ACB91B2501,20210226,120.236388,22.999846,交通事故,交叉路口,臺南市永康區忠義街段號忠義街10,2,晴,50,交岔路,交叉路口,無號誌,車與車,左轉彎未依規定
11002ACB91B2507,20210226,120.246283,23.007842,交通事故,交叉路口,臺南市永康區復國一路段44號復國一路,1,晴,50,交岔路,交叉路口,無號誌,汽(機)車本身,未依規定減速
11002ACB91B2518,20210210,120.24386,23.020126,交通事故,交叉路口,臺南市永康區中山南路段號忠孝路,1,晴,50,單路部分,路段,行車管制號誌(附設行人專用號誌),車與車,未注意車前狀態
11002ACB91B2527,20210226,120.248926,23.018831,交通事故,交叉路口,臺南市永康區二王路段號永二街,1,晴,50,交岔路,交叉路口,行車管制號誌,車與車,左轉彎未依規定
11002ACB91B2531,20210225,120.215908,23.023346,交通事故,交叉路口,臺南市永康區中華路段號中央路,1,晴,50,交岔路,交叉路口,行車管制號誌(附設行人專用號誌),車與車,未依規定讓車
11002ACB91B2551,20210226,120.265116,23.001357,交通事故,交叉路口,臺南市永康區大灣一街段號大灣一街147,2,晴,50,交岔路,交叉路口,無號誌,車與車,違反特定標誌(線)禁制
11002ACB91B2563,20210214,120.219156,23.024476,交通事故,一般地址,臺南市永康區中正南路段197號,1,晴,50,單路部分,路段,行車管制號誌,車與車,變換車道或方向不當
11002ACB91B2566,20210220,120.269215,23.005884,交通事故,一般地址,臺南市永康區民族路段218號,1,晴,50,單路部分,路段,無號誌,車與車,起步未注意其他車(人)安全
11002ACB91B2569,20210223,120.236329,23.005153,交通事故,交叉路口,臺南市永康區中華路段214號中華路21440,2,晴,30,交岔路,交叉路口,無號誌,車與車,未依規定讓車
11002ACB91B2571,20210220,120.265282,23.043359,交通事故,一般地址,臺南市永康區龍橋街段350111號,1,晴,30,單路部分,路段,無號誌,車與車,倒車未依規定
11002ACB91B2572,20210201,120.275888,23.048731,交通事故,一般地址,臺南市永康區王行路段741號,1,晴,50,單路部分,路段,無號誌,車與車,未保持行車安全距離
11002ACB91B2574,20210220,120.24375,23.035293,交通事故,交叉路口,臺南市永康區?行里中正路段號中正二街,1,晴,50,交岔路,交叉路口,行車管制號誌,車與車,未注意車前狀態
11002ACB91B2577,20210202,120.257018,22.999815,交通事故,交叉路口,臺南市永康區大灣路段號大仁街,2,晴,50,交岔路,交叉路口,行車管制號誌,車與車,其他引起事故之違規或不當行為
11002ACB91B2578,20210215,120.251866,23.028402,交通事故,交叉路口,臺南市永康區自強路段號正強街,1,晴,50,交岔路,交叉路口,行車管制號誌,汽(機)車本身,其他引起事故之違規或不當行為
11002ACB91B2579,20210217,120.262004,23.021528,交通事故,交叉路口,臺南市永康區永平街段號永平街56,1,晴,30,交岔路,交叉路口,無號誌,車與車,未依規定讓車
11002ACB91B2587,20210209,120.226663,23.011507,交通事故,其他,臺南市永康區段號中山南路2號,1,晴,50,交岔路,交叉路口,行車管制號誌,車與車,未保持行車安全距離
11002ACB91B2591,20210224,120.235385,22.999838,交通事故,交叉路口,臺南市永康區中華路段10號小東路477,1,晴,30,交岔路,交叉路口,無號誌,車與車,未依規定讓車
11002ACB91B2607,20210222,120.226816,23.025261,交通事故,其他,臺南市永康區段號中正二街與正南一街口,1,晴,50,交岔路,交叉路口,行車管制號誌,汽(機)車本身,違反號誌管制或指揮
11002ACB91B2609,20210227,120.251373,23.031554,交通事故,其他,臺南市永康區段號正強街與中正路256巷口,1,晴,50,交岔路,交叉路口,無號誌,汽(機)車本身,未保持行車安全距離
11002ACB91B2612,20210227,120.254995,23.02028,交通事故,交叉路口,臺南市永康區永康里永二街段號永興路,2,晴,50,交岔路,交叉路口,行車管制號誌,車與車,違反特定標誌(線)禁制
11002ACB91B2619,20210227,120.249599,23.028101,交通事故,一般地址,臺南市永康區高速一街2段376號,1,晴,50,單路部分,路段,無號誌,汽(機)車本身,未注意車前狀態
11002ACB91B2621,20210227,120.266,23.004132,交通事故,交叉路口,臺南市永康區大灣路段號大灣路798,2,晴,30,交岔路,交叉路口,無號誌,車與車,左轉彎未依規定
11002ACB91B2624,20210227,120.269308,23.005562,交通事故,其他,臺南市永康區段號大灣派出所前,2,晴,50,單路部分,路段,無號誌,車與車,起步未注意其他車(人)安全
11002ACB91B2626,20210227,120.213256,23.023157,交通事故,一般地址,臺南市永康區中華路段1076號,1,晴,50,單路部分,路段,無號誌,汽(機)車本身,未注意車前狀態
11002ACB91B2633,20210225,120.260152,23.030611,交通事故,其他,臺南市永康區段號永大路三段與聖龍街口,1,晴,50,交岔路,交叉路口,行車管制號誌,車與車,未注意車前狀態
11002ACB91B2637,20210226,120.263218,23.055107,交通事故,其他,臺南市永康區段號和平東路170號前,1,晴,50,單路部分,路段,無號誌,車與車,未注意車前狀態
11002ACB91B2639,20210227,120.256308,23.031564,交通事故,其他,臺南市永康區段號自強路與自強路417巷口,2,晴,50,交岔路,交叉路口,無號誌,車與車,違反特定標誌(線)禁制
11002ACB91B2640,20210227,120.247413,23.043408,交通事故,一般地址,臺南市永康區蔦松里中正北路段31716號0,2,晴,30,交岔路,交叉路口,行車管制號誌,汽(機)車本身,其他引起事故之違規或不當行為
11002ACB91B2646,20210227,120.244119,23.053887,交通事故,交叉路口,臺南市永康區仁愛街段號三民街,1,晴,50,交岔路,交叉路口,閃光號誌,車與車,左轉彎未依規定
11002ACB91B2648,20210227,120.235594,23.015338,交通事故,交叉路口,臺南市永康區中山南路段號中山東路,1,晴,50,交岔路,交叉路口,行車管制號誌,車與車,違反號誌管制或指揮
11002ACB91B2659,20210227,120.246677,23.015502,交通事故,交叉路口,臺南市永康區復華七街段117號國華街132,1,晴,30,交岔路,交叉路口,無號誌,車與車,未保持行車安全距離
11002ACB91B2669,20210226,120.241487,23.01863,交通事故,其他,臺南市永康區段號中山南路568巷與中山南路568巷1弄口,1,晴,30,交岔路,交叉路口,無號誌,車與車,未依規定讓車
11002ACB91B2672,20210226,120.244161,23.041735,交通事故,交叉路口,臺南市永康區中正北路段號新中街,1,晴,50,交岔路,交叉路口,行車管制號誌,車與車,未注意車前狀態
11002ACB91B2673,20210210,120.259108,23.001764,交通事故,交叉路口,臺南市永康區大灣路段798號國光二街,2,晴,50,交岔路,交叉路口,無號誌,車與車,未依規定讓車
11002ACB91B2707,20210228,120.262439,23.018995,交通事故,其他,臺南市永康區段號永大路二段與永大二路口南側15公尺處,1,晴,50,單路部分,路段,無號誌,車與車,未注意車前狀態
11002ACB91B2711,20210212,120.260247,23.03462,交通事故,其他,臺南市永康區段號自強路與龍埔街口,1,晴,50,交岔路,交叉路口,閃光號誌,車與車,未依規定讓車
11002ACB91B2712,20210223,120.28794,23.012846,交通事故,其他,臺南市永康區段號台39線與西埔一街821巷口,1,晴,50,交岔路,交叉路口,行車管制號誌,車與車,未注意車前狀態
11002ACB91B2718,20210223,120.261839,23.02649,交通事故,一般地址,臺南市永康區中山北路段186號,1,晴,50,單路部分,路段,無號誌,車與車,未依規定讓車
11002ACB91B2719,20210227,120.228614,23.002073,交通事故,一般地址,臺南市永康區勝利街段259號,1,晴,50,交岔路,交叉路口,無號誌,車與車,未注意車前狀態
11002ACB91B2721,20210218,120.235594,23.015338,交通事故,其他,臺南市永康區段號中山南路與中山東路口,1,晴,50,交岔路,交叉路口,行車管制號誌,車與車,未依規定讓車
11002ACB91B2725,20210228,120.227579,23.012234,交通事故,交叉路口,臺南市永康區中山南路段號中山南路30,1,晴,50,交岔路,交叉路口,無號誌,汽(機)車本身,尚未發現肇事因素
11002ACB91B2726,20210221,120.216256,23.022086,交通事故,交叉路口,臺南市永康區中正南路段號小北路,1,晴,50,交岔路,交叉路口,行車管制號誌,車與車,未保持行車安全間隔
11002ACB91B2739,20210228,120.26089,23.000476,交通事故,一般地址,臺南市永康區大灣路段607號,1,晴,50,單路部分,路段,無號誌,車與車,疲勞(患病)駕駛失控
11002ACB91B2742,20210223,120.226001,23.018763,交通事故,其他,臺南市永康區段號中華路846號前,3,陰,50,單路部分,路段,無號誌,車與車,未保持行車安全距離
11002ACB91B2747,20210227,120.225427,23.013963,交通事故,交叉路口,臺南市永康區中華西街段85號中華西街12727,1,晴,30,交岔路,交叉路口,無號誌,車與車,左轉彎未依規定
11002ACB91B2761,20210228,120.248555,23.026158,交通事故,一般地址,臺南市永康區東橋里自強路段137號0,2,晴,30,交岔路,交叉路口,無號誌,車與車,未依規定讓車
11002ACB91B2764,20210228,120.250579,23.031094,交通事故,其他,臺南市永康區段號中正路與中正路256巷口,1,晴,50,交岔路,交叉路口,行車管制號誌,車與車,未依規定讓車
11002ACB91B2768,20210221,120.247623,23.000105,交通事故,其他,臺南市永康區段號復興路54巷11號,1,晴,50,單路部分,路段,行車管制號誌,車與車,未保持行車安全間隔
11002ACB91B2779,20210223,120.234277,22.998828,交通事故,其他,臺南市永康區段號中華路與中央路口,1,晴,50,交岔路,交叉路口,行車管制號誌,車與車,違反特定標誌(線)禁制
11002ACB91B2799,20210227,120.236217,23.03991,交通事故,一般地址,臺南市永康區中正路段63512號,2,晴,30,交岔路,交叉路口,無號誌,車與車,未依規定讓車
11002ACB91B2819,20210213,120.228181,23.017178,交通事故,交叉路口,臺南市永康區中華路段號大橋一街,2,晴,50,交岔路,交叉路口,行車管制號誌(附設行人專用號誌),車與車,違反號誌管制或指揮
11002ACB91B2838,20210221,120.257985,23.002115,交通事故,一般地址,臺南市永康區崑山里國光二街段52號,2,晴,50,單路部分,路段,無號誌,車與車,起步未注意其他車(人)安全
11002ACB91B2856,20210226,120.243474,23.017413,交通事故,一般地址,臺南市永康區復國一路段616號,1,晴,50,單路部分,路段,無號誌,車與車,違反特定標誌(線)禁制
11002ACB91B2857,20210226,120.235417,23.004084,交通事故,一般地址,臺南市永康區中華路段166號,1,晴,50,單路部分,路段,行車管制號誌,車與車,未保持行車安全距離
11002ACB91B2858,20210226,120.248475,22.998577,交通事故,交叉路口,臺南市永康區復興路段號高速一街,1,晴,50,交岔路,交叉路口,行車管制號誌,車與車,左轉彎未依規定
11002ACB91B2860,20210226,120.221898,23.023031,交通事故,交叉路口,臺南市永康區南台街段54號中正南路21012,2,晴,30,交岔路,交叉路口,無號誌,車與車,未依規定讓車
11002ACB91B2873,20210217,120.2606,23.020309,交通事故,一般地址,臺南市永康區永大五路段35號,2,晴,50,單路部分,路段,無號誌,車與車,逆向行駛
11002ACB91B2876,20210223,120.23027,23.034599,交通事故,其他,臺南市永康區段號中正南路422號,2,雨,50,交岔路,交叉路口,行車管制號誌(附設行人專用號誌),車與車,未注意車前狀態
11002ACB91B2878,20210218,120.224198,23.019858,交通事故,其他,臺南市永康區段號中華路奇美陸橋北上車道下橋處前20公尺,1,晴,50,單路部分,路段,無號誌,車與車,變換車道或方向不當
11002ACB91B2883,20210218,120.226142,23.01564,交通事故,一般地址,臺南市永康區中華西街段152號,2,晴,50,單路部分,路段,無號誌,車與車,未依規定讓車
11002ACB91B2885,20210207,120.257693,23.003189,交通事故,其他,臺南市永康區段號大仁街114巷與國光二街70巷,2,晴,30,交岔路,交叉路口,無號誌,車與車,未依規定讓車
11002ACB91B2886,20210206,120.235027,23.017059,交通事故,交叉路口,臺南市永康區東橋一路段號東橋二街,1,晴,50,交岔路,交叉路口,行車管制號誌,車與車,未依規定讓車
11002ACB91B2889,20210224,120.249852,23.024083,交通事故,交叉路口,臺南市永康區正強里高速一街2段號中山南路471,4,晴,30,交岔路,交叉路口,行車管制號誌,車與車,違反號誌管制或指揮
11002ACB91B2918,20210223,120.234723,23.007449,交通事故,交叉路口,臺南市永康區中華路段號中華路286,1,晴,30,交岔路,交叉路口,行車管制號誌,車與車,倒車未依規定
11002ACB91B2920,20210218,120.226984,23.025195,交通事故,交叉路口,臺南市永康區中正二街段號正南一街,1,晴,50,交岔路,交叉路口,行車管制號誌,車與車,違規超車
11002ACB91B2932,20210225,120.225859,23.030831,交通事故,一般地址,臺南市永康區中正南路段377號,1,晴,50,單路部分,路段,無號誌,車與車,未保持行車安全距離
11002ACB91B2934,20210222,120.257583,23.015863,交通事故,一般地址,臺南市永康區文化路段128號,1,晴,50,交岔路,交叉路口,無號誌,人與汽(機)車,穿越道路未注意左右來車
11002ACB91B2937,20210218,120.230901,23.01355,交通事故,交叉路口,臺南市永康區中華路段號中山南路,1,晴,50,交岔路,交叉路口,行車管制號誌,車與車,未保持行車安全距離
11002ACB91B2942,20210207,120.253515,23.014833,交通事故,交叉路口,臺南市永康區文化路段號永大一路,2,晴,50,交岔路,交叉路口,行車管制號誌,汽(機)車本身,未注意車前狀態
11002ACB91B2943,20210207,120.222146,23.020925,交通事故,一般地址,臺南市永康區中華路段901號,1,晴,40,單路部分,路段,無號誌,車與車,未保持行車安全間隔
11002ACB91B2944,20210225,120.26424,23.019554,交通事故,交叉路口,臺南市永康區大同街段740號西勢路669,1,晴,30,交岔路,交叉路口,無號誌,車與車,未依規定讓車
11002ACB91B2945,20210225,120.273969,23.052402,交通事故,一般地址,臺南市永康區王行路段1130號,2,晴,50,單路部分,路段,無號誌,車與車,逆向行駛
11002ACB91B2946,20210225,120.262101,23.036018,交通事故,交叉路口,臺南市永康區自強路段號龍中街,1,晴,50,單路部分,路段,行車管制號誌,車與車,違反特定標誌(線)禁制
11002ACB91B2947,20210226,120.275061,23.046686,交通事故,交叉路口,臺南市永康區王行路段號永科王田大道,1,晴,50,交岔路,交叉路口,行車管制號誌,車與車,未依規定讓車
11002ACB91B2948,20210226,120.261658,23.000721,交通事故,交叉路口,臺南市永康區大灣路段號南興路,1,晴,50,交岔路,交叉路口,行車管制號誌,車與車,未依規定讓車
11002ACB91B2987,20210219,120.216074,23.019692,交通事故,其他,臺南市永康區段號中正南路與甲頂路口,1,晴,50,交岔路,交叉路口,行車管制號誌,車與車,左轉彎未依規定
11002ACB91B2989,20210220,120.235815,23.024048,交通事故,其他,臺南市永康區段號東橋七路與東橋十街口,1,晴,50,交岔路,交叉路口,行車管制號誌,車與車,未注意車前狀態
11002ACB91B2990,20210208,120.247877,22.999474,交通事故,交叉路口,臺南市永康區復興路段號高速二街,1,晴,50,單路部分,路段,無號誌,車與車,未依規定讓車
11002ACB91B2991,20210226,120.235263,23.006519,交通事故,交叉路口,臺南市永康區中華路段號勝華街,2,晴,50,交岔路,交叉路口,行車管制號誌,車與車,違反號誌管制或指揮
11002ACB91B2993,20210227,120.249345,23.0315,交通事故,其他,臺南市永康區段號中正路與高速二街口,2,晴,50,交岔路,交叉路口,行車管制號誌,車與車,未注意車前狀態
11002ACB91B2995,20210216,120.237797,23.008504,交通事故,交叉路口,臺南市永康區中華二路段號中山東路,1,晴,50,交岔路,交叉路口,行車管制號誌,車與車,左轉彎未依規定
11002ACB91B2997,20210222,120.269226,23.022867,交通事故,其他,臺南市永康區段號中山北路264巷191弄85號前,1,晴,30,單路部分,路段,無號誌,人與汽(機)車,未保持行車安全間隔
11002ACB91B3004,20210201,120.221279,23.023065,交通事故,一般地址,臺南市永康區南台街段70號,1,晴,40,單路部分,路段,無號誌,車與車,起步未注意其他車(人)安全
11002ACB91B3006,20210225,120.223737,23.028848,交通事故,一般地址,臺南市永康區尚頂里中正南路段333號,1,晴,50,單路部分,路段,無號誌,車與車,未依規定讓車
11002ACB91B3008,20210219,120.240799,23.047776,交通事故,其他,臺南市永康區段號仁愛街電線桿號三和高幹66N0100FA95前,2,晴,50,單路部分,路段,無號誌,車與車,迴轉未依規定
11002ACB91B3009,20210202,120.256719,23.036936,交通事故,交叉路口,臺南市永康區八德街段230號八德街93,1,晴,30,交岔路,交叉路口,無號誌,人與汽(機)車,未注意車前狀態
11002ACB91B3012,20210225,120.258327,23.018063,交通事故,其他,臺南市永康區段號永大二路與永吉路口,2,晴,50,交岔路,交叉路口,無號誌,車與車,未依規定讓車
11002ACB91B3014,20210207,120.235629,23.030026,交通事故,一般地址,臺南市永康區正南三路段153號,1,晴,50,單路部分,路段,無號誌,汽(機)車本身,其他引起事故之違規或不當行為
11002ACB91B3019,20210227,120.251667,23.030376,交通事故,一般地址,臺南市永康區正強街段278號,1,晴,50,單路部分,路段,無號誌,車與車,變換車道或方向不當
11002ACB91B3020,20210219,120.216017,23.019433,交通事故,一般地址,臺南市永康區中正南路段11號,1,晴,50,單路部分,路段,無號誌,車與車,未保持行車安全距離
11002ACB91B3021,20210228,120.24612,23.001888,交通事故,交叉路口,臺南市永康區復國一路段號興國街,2,晴,50,交岔路,交叉路口,行車管制號誌,車與車,違反號誌管制或指揮
11002ACB91B3022,20210202,120.216385,23.020377,交通事故,一般地址,臺南市永康區中正南路段56號,1,晴,50,交岔路,交叉路口,無號誌,車與車,未依規定讓車
11002ACB91B3023,20210226,120.247461,23.041827,交通事故,其他,臺南市永康區段號中正北路317巷口,2,晴,50,交岔路,交叉路口,行車管制號誌,車與車,變換車道或方向不當
11002ACB91B3025,20210220,120.236757,23.033099,交通事故,交叉路口,臺南市永康區?和街段號?平街,1,晴,50,交岔路,交叉路口,行車管制號誌,車與車,違反號誌管制或指揮
11002ACB91B3028,20210227,120.257836,23.023606,交通事故,其他,臺南市永康區段號永康街136巷口,1,晴,50,交岔路,交叉路口,無號誌,車與車,起步未注意其他車(人)安全
11002ACB91B3029,20210207,120.234415,23.007323,交通事故,一般地址,臺南市永康區中華路段297號,1,晴,50,交岔路,交叉路口,行車管制號誌,汽(機)車本身,其他引起事故之違規或不當行為
11002ACB91B3031,20210201,120.25914,23.001744,交通事故,交叉路口,臺南市永康區國光二街段號大灣路798,2,晴,30,交岔路,交叉路口,無號誌,車與車,未依規定讓車
11002ACB91B3045,20210220,120.259912,23.006087,交通事故,交叉路口,臺南市永康區崑山街段號崑山街258,1,晴,30,交岔路,交叉路口,無號誌,車與車,未依規定讓車
11002ACB91B3050,20210220,120.262058,23.035929,交通事故,交叉路口,臺南市永康區自強路段號龍中街,1,晴,50,交岔路,交叉路口,行車管制號誌,車與車,未依規定讓車
11002ACB91B3054,20210220,120.269511,23.024731,交通事故,交叉路口,臺南市永康區中山北路段344號富強路2189,1,晴,30,交岔路,交叉路口,無號誌,車與車,未依規定讓車
11002ACB91B3058,20210207,120.249678,22.99283,交通事故,一般地址,臺南市永康區復興路段130155號,1,晴,40,單路部分,路段,無號誌,汽(機)車本身,未注意車前狀態
11002ACB91B3063,20210228,120.264492,23.006081,交通事故,其他,臺南市永康區段號大灣一街與大灣三街口,1,晴,50,交岔路,交叉路口,行車管制號誌,車與車,未注意車前狀態
11002ACB91B3067,20210226,120.239914,22.999907,交通事故,一般地址,臺南市永康區中華里忠孝路段51號,1,晴,50,單路部分,路段,無號誌,車與車,未保持行車安全距離
11002ACB91B3068,20210226,120.226354,23.031304,交通事故,交叉路口,臺南市永康區?洲里中正南路段號洲工街,1,晴,50,交岔路,交叉路口,行車管制號誌,車與車,未依規定讓車
11002ACB91B3069,20210227,120.274582,23.049144,交通事故,一般地址,臺南市永康區王行里環工路段44211號,1,晴,50,單路部分,路段,無號誌,車與車,未注意車前狀態
11002ACB91B3070,20210208,120.262518,23.024606,交通事故,交叉路口,臺南市永康區永明街段號國民路,1,晴,50,交岔路,交叉路口,行車管制號誌,車與車,違反號誌管制或指揮
11002ACB91B3071,20210218,120.219758,23.023022,交通事故,交叉路口,臺南市永康區中華路段號南台街,2,晴,50,交岔路,交叉路口,閃光號誌,車與車,未依規定讓車
11002ACB91B3072,20210227,120.227458,23.01902,交通事故,一般地址,臺南市永康區大橋里大橋二街段99號,2,晴,50,單路部分,路段,無號誌,車與車,起步未注意其他車(人)安全
11002ACB91B3073,20210227,120.254777,22.998384,交通事故,交叉路口,臺南市永康區崑大路段號崑大路155,1,晴,50,交岔路,交叉路口,行車管制號誌(附設行人專用號誌),車與車,左轉彎未依規定
11002ACB91B3075,20210228,120.242367,23.012489,交通事故,其他,臺南市永康區段號忠孝路永康區路燈1165號前,1,晴,50,單路部分,路段,無號誌,汽(機)車本身,未注意車前狀態
11002ACB91B3090,20210224,120.235661,22.999743,交通事故,一般地址,臺南市永康區中華路段1044531號,2,晴,50,單路部分,路段,無號誌,車與車,起步未注意其他車(人)安全
11002ACB91B3093,20210208,120.258289,23.001983,交通事故,交叉路口,臺南市永康區國光二街段號崑山街,1,晴,50,交岔路,交叉路口,閃光號誌,車與車,未依規定讓車
11002ACB91B3111,20210217,120.224937,23.015403,交通事故,一般地址,臺南市永康區西橋里大橋一街段26號0,1,晴,30,單路部分,路段,無號誌,車與車,未靠右行駛
11002ACB91B3112,20210223,120.268383,23.051158,交通事故,交叉路口,臺南市永康區三民里中正北路段號和平路,2,晴,50,交岔路,交叉路口,行車管制號誌,車與車,未注意車前狀態
11002ACB91B3114,20210227,120.241384,22.999055,交通事故,其他,臺南市永康區段號復興路與高速一街口,1,晴,50,交岔路,交叉路口,行車管制號誌,汽(機)車本身,不明原因肇事
11002ACB91B3116,20210225,120.249487,23.041972,交通事故,其他,臺南市永康區段號永康交流道南下匝道口,1,晴,50,單路部分,路段,無號誌,汽(機)車本身,疲勞(患病)駕駛失控
11002ACB91B3120,20210228,120.237211,23.041425,交通事故,交叉路口,臺南市永康區仁愛街段號鹽行路,1,晴,50,交岔路,交叉路口,行車管制號誌,車與車,未依規定讓車
11002ACB91B3122,20210204,120.259924,23.003504,交通事故,交叉路口,臺南市永康區國光三街段號國光三街10,1,晴,40,交岔路,交叉路口,無號誌,車與車,未依規定讓車
11002ACB91B3123,20210224,120.249728,23.041415,交通事故,其他,臺南市永康區段號中正北路與中正北路318巷口,2,晴,50,交岔路,交叉路口,行車管制號誌,車與車,未依規定讓車
11002ACB91B3124,20210226,120.228776,23.039159,交通事故,交叉路口,臺南市永康區洲尾街段號洲尾街335,1,晴,30,交岔路,交叉路口,無號誌,車與車,未依規定讓車
11002ACB91B3126,20210226,120.228194,23.033026,交通事故,其他,臺南市永康區段號中正南路與中正南路491巷口,2,晴,50,交岔路,交叉路口,無號誌,車與車,其他引起事故之違規或不當行為
11002ACB91B3129,20210217,120.247219,23.020971,交通事故,交叉路口,臺南市永康區高速一街2段號中山南路471,1,晴,50,交岔路,交叉路口,行車管制號誌,車與車,不明原因肇事
11002ACB91B3130,20210228,120.262564,23.01794,交通事故,其他,臺南市永康區段號永大路二段641號前,1,晴,50,單路部分,路段,無號誌,車與車,變換車道或方向不當
11002ACB91B3133,20210220,120.225779,23.017023,交通事故,交叉路口,臺南市永康區中華西街段號中華西街231,2,晴,50,交岔路,交叉路口,閃光號誌,車與車,未依規定讓車
11002ACB91B3150,20210226,120.238865,23.01745,交通事故,其他,臺南市永康區段號中山南路與中山南路436巷口,1,晴,50,交岔路,交叉路口,行車管制號誌,車與車,左轉彎未依規定
11002ACB91B3157,20210222,120.26532,23.02894,交通事故,交叉路口,臺南市永康區中山北路段號龍潭街,1,晴,50,交岔路,交叉路口,行車管制號誌,車與車,左轉彎未依規定
11002ACB91B3163,20210222,120.274522,23.045259,交通事故,交叉路口,臺南市永康區王行路段號永科北路,1,晴,50,交岔路,交叉路口,行車管制號誌(附設行人專用號誌),車與車,未保持行車安全距離