案件編號,發生日期,GPS經度,GPS緯度,案件類別名稱,地址類型名稱,發生縣市名稱,受傷人數,天候名稱, 速限-第1當事者,道路型態大類別名稱,事故位置大類別名稱,號誌-號誌種類名稱,事故類型及型態大類別名稱,肇因研判子類別名稱-主要
11002ACB91B3175,20210220,120.225054,23.013787,交通事故,其他,臺南市永康區段號中華西街85巷與柴頭港溪堤岸道路口,2,晴,30,交岔路,交叉路口,閃光號誌,車與車,未依規定讓車
11002ACB91B3186,20210211,120.232936,23.002599,交通事故,一般地址,臺南市永康區勝利街段92之5號,1,晴,30,單路部分,路段,無號誌,汽(機)車本身,不明原因肇事
11002ACB91B3187,20210226,120.247746,23.032241,交通事故,一般地址,臺南市永康區正強里中正路段255號,2,晴,50,交岔路,交叉路口,行車管制號誌,車與車,違反號誌管制或指揮
11002ACB91B3190,20210212,120.248805,23.020254,交通事故,一般地址,臺南市永康區二王路段62號,1,晴,50,單路部分,路段,無號誌,車與車,其他引起事故之違規或不當行為
11002ACB91B3191,20210213,120.265739,23.014296,交通事故,交叉路口,臺南市永康區北興路段號大同街,2,晴,50,交岔路,交叉路口,行車管制號誌,車與車,違反號誌管制或指揮
11002ACB91B3195,20210213,120.268593,23.029387,交通事故,一般地址,臺南市永康區中山北路段433號,1,晴,50,單路部分,路段,行車管制號誌,車與車,其他引起事故之違規或不當行為
11002ACB91B3198,20210217,120.259682,23.034114,交通事故,交叉路口,臺南市永康區永大路3段號自強路,1,晴,50,交岔路,交叉路口,行車管制號誌,車與車,其他引起事故之違規或不當行為
11002ACB91B3201,20210214,120.274995,23.018642,交通事故,一般地址,臺南市永康區富強路1段251號,1,晴,50,交岔路,交叉路口,無號誌,車與車,未依規定讓車
11002ACB91B3247,20210218,120.258816,23.033346,交通事故,一般地址,臺南市永康區自強路段592號,3,晴,50,單路部分,路段,無號誌,車與車,其他引起事故之違規或不當行為
11002ACB91B3250,20210205,120.245643,23.033766,交通事故,交叉路口,臺南市永康區中正路段號中正路101,2,晴,50,交岔路,交叉路口,無號誌,車與車,未依規定讓車
11002ACB91B3254,20210213,120.24014,22.998019,交通事故,交叉路口,臺南市永康區復興路段號高速一街,2,晴,50,交岔路,交叉路口,行車管制號誌,車與車,未保持行車安全距離
11002ACB91B3256,20210223,120.248627,23.021601,交通事故,交叉路口,臺南市永康區中山南路段號二王路,2,晴,50,交岔路,交叉路口,行車管制號誌,車與車,違反號誌管制或指揮
11002ACB91B3270,20210225,120.2262,23.011288,交通事故,交叉路口,臺南市永康區中山南路段號新興街,1,晴,50,交岔路,交叉路口,行車管制號誌,車與車,違反號誌管制或指揮
11002ACB91B3274,20210223,120.256946,23.016902,交通事故,一般地址,臺南市永康區永大一路段185號,1,晴,50,單路部分,路段,無號誌,車與車,未依規定讓車
11002ACB91B3284,20210201,120.274125,23.02896,交通事故,交叉路口,臺南市永康區中山北路段764號富強路1184,3,晴,30,交岔路,交叉路口,無號誌,車與車,未依規定讓車
11002ACB91B3286,20210226,120.231059,23.004556,交通事故,交叉路口,臺南市永康區勝學路段號勝學路89,2,晴,30,交岔路,交叉路口,無號誌,車與車,未依規定讓車
11002ACB91B3290,20210224,120.232109,23.021839,交通事故,一般地址,臺南市永康區東橋十街段50號,1,晴,50,單路部分,路段,無號誌,車與車,未保持行車安全間隔
11002ACB91B3298,20210225,120.244347,23.005397,交通事故,交叉路口,臺南市永康區復華一街段號復華一街66,2,晴,50,交岔路,交叉路口,無號誌,車與車,未依規定讓車
11002ACB91B3300,20210205,120.225781,23.019163,交通事故,一般地址,臺南市永康區中華路段860號,2,晴,50,單路部分,路段,無號誌,車與車,未保持行車安全距離
11002ACB91B3304,20210225,120.215908,23.023346,交通事故,交叉路口,臺南市永康區中華路段號中央路,1,晴,50,交岔路,交叉路口,行車管制號誌(附設行人專用號誌),車與車,違反特定標誌(線)禁制
11002ACB91B3307,20210207,120.262719,23.001145,交通事故,一般地址,臺南市永康區大灣路段670號,2,晴,50,單路部分,路段,無號誌,車與車,未依規定讓車
11002ACB91B3320,20210224,120.230348,23.012506,交通事故,交叉路口,臺南市永康區中山南路段118號新興街35,2,陰,50,交岔路,交叉路口,無號誌,車與車,未保持行車安全距離
11002ACB91B3323,20210224,120.229209,23.013189,交通事故,一般地址,臺南市永康區中山南路段1196號,1,晴,30,交岔路,交叉路口,閃光號誌,車與車,未依規定讓車
11002ACB91B3326,20210207,120.263824,23.013845,交通事故,交叉路口,臺南市永康區永大路2段號公園路,1,晴,50,交岔路,交叉路口,行車管制號誌,車與車,未依規定讓車
11002ACB91B3330,20210227,120.234129,23.00848,交通事故,交叉路口,臺南市永康區中華路段號中華二路,1,晴,50,交岔路,交叉路口,行車管制號誌,車與車,起步未注意其他車(人)安全
11002ACB91B3331,20210207,120.261658,23.000721,交通事故,交叉路口,臺南市永康區大灣路段號南興路,1,晴,50,交岔路,交叉路口,行車管制號誌,車與車,違反特定標誌(線)禁制
11002ACB91B3332,20210214,120.262788,23.02118,交通事故,其他,臺南市永康區段號高速二街322K+780與涵洞口,1,晴,40,交岔路,交叉路口,行車管制號誌,汽(機)車本身,未注意車前狀態
11002ACB91B3333,20210214,120.232098,23.024544,交通事故,交叉路口,臺南市永康區東橋一路段號東橋三路,1,晴,50,交岔路,交叉路口,行車管制號誌,車與車,違規超車
11002ACB91B3334,20210226,120.230965,23.009995,交通事故,一般地址,臺南市永康區六合路段482號,1,晴,40,交岔路,交叉路口,無號誌,車與車,未依規定讓車
11002ACB91B3335,20210215,120.227008,23.019778,交通事故,其他,臺南市永康區段號大橋三街124巷2號,1,晴,30,單路部分,路段,無號誌,車與車,開啟車門不當而肇事
11002ACB91B3336,20210228,120.23102,23.010968,交通事故,其他,臺南市永康區段號六合路與六合路68巷口,2,晴,30,交岔路,交叉路口,閃光號誌,車與車,未依規定讓車
11002ACB91B3360,20210217,120.219206,23.024567,交通事故,一般地址,臺南市永康區中正南路段191號,1,晴,40,單路部分,路段,行車管制號誌,車與車,未注意車前狀態
11002ACB91B3362,20210219,120.244476,23.020272,交通事故,一般地址,臺南市永康區中山南路段696號,1,晴,50,單路部分,路段,無號誌,車與車,未注意車前狀態
11002ACB91B3363,20210220,120.229221,23.013217,交通事故,交叉路口,臺南市永康區中山南路段119號中山南路123,2,晴,30,交岔路,交叉路口,閃光號誌,車與車,未依規定讓車
11002ACB91B3367,20210225,120.274552,23.049066,交通事故,一般地址,臺南市永康區環工路段15號,2,晴,50,單路部分,路段,無號誌,車與車,未依規定讓車
11002ACB91B3368,20210225,120.266966,23.039632,交通事故,一般地址,臺南市永康區自強路段932號,2,晴,50,單路部分,路段,無號誌,車與車,未依規定讓車
11002ACB91B3369,20210226,120.268808,23.008808,交通事故,一般地址,臺南市永康區大灣路段190號,1,晴,50,交岔路,交叉路口,行車管制號誌,車與車,未依規定讓車
11002ACB91B3371,20210227,120.236088,23.014248,交通事故,交叉路口,臺南市永康區中山東路段號五福街,1,晴,50,交岔路,交叉路口,無號誌,汽(機)車本身,其他引起事故之違規或不當行為
11002ACB91B3373,20210226,120.261274,23.005011,交通事故,交叉路口,臺南市永康區永大路2段號南灣街,2,晴,50,交岔路,交叉路口,行車管制號誌,車與車,未依規定讓車
11002ACB91B3374,20210223,120.234676,23.042914,交通事故,交叉路口,臺南市永康區鹽行路段號鹽洲二街,1,晴,50,交岔路,交叉路口,行車管制號誌,車與車,未依規定讓車
11002ACB91B3396,20210225,120.218616,23.023817,交通事故,交叉路口,臺南市永康區中正南路段號中華路,1,晴,50,交岔路,交叉路口,行車管制號誌,車與車,不明原因肇事
11002ACB91B3473,20210222,120.258943,22.99967,交通事故,其他,臺南市永康區段號永大路一段285之2號前,1,晴,50,交岔路,交叉路口,無號誌,車與車,未依規定讓車
11002ACB91B3476,20210224,120.222216,23.02094,交通事故,交叉路口,臺南市永康區中華路段號南台街13,2,晴,50,交岔路,交叉路口,行車管制號誌,車與車,未保持行車安全距離
11002ACB91B3508,20210218,120.274855,23.018657,交通事故,其他,臺南市永康區段號富強路一段249號,1,晴,50,交岔路,交叉路口,無號誌,車與車,未注意車前狀態
11002ACC91B0026,20210201,120.30679,23.039433,交通事故,交叉路口,臺南市新化區太平里中正路段號太平街,2,晴,50,交岔路,交叉路口,行車管制號誌,車與車,未依規定讓車
11002ACC91B0027,20210201,120.303014,23.03764,交通事故,交叉路口,臺南市新化區協興里忠孝路段號正新路,1,晴,50,交岔路,交叉路口,行車管制號誌,車與車,未依規定讓車
11002ACC91B0076,20210202,120.313348,23.024777,交通事故,其他,臺南市新化區段號知義里知母義1-10號,2,晴,40,交岔路,交叉路口,行車管制號誌,車與車,未注意車前狀態
11002ACC91B0100,20210202,120.30674,23.038343,交通事故,一般地址,臺南市新化區太平里忠孝路段62號,1,晴,50,單路部分,路段,無號誌,車與車,違反特定標誌(線)禁制
11002ACC91B0118,20210202,120.411198,23.060445,交通事故,其他,臺南市左鎮區段號中正里73號附近,1,晴,50,單路部分,路段,無號誌,車與車,未注意車前狀態
11002ACC91B0124,20210202,120.307818,23.023356,交通事故,其他,臺南市新化區段號全興里,1,晴,50,單路部分,其他,無號誌,汽(機)車本身,未注意車前狀態
11002ACC91B0188,20210203,120.415182,23.053457,交通事故,交叉路口,臺南市左鎮區睦光里省道臺20線段號省道臺20乙線,2,晴,60,交岔路,交叉路口,行車管制號誌,車與車,未依規定讓車
11002ACC91B0208,20210202,120.301139,23.035874,交通事故,一般地址,臺南市新化區豐榮里大智路段17號0,1,晴,50,單路部分,路段,無號誌,車與車,左轉彎未依規定
11002ACC91B0266,20210204,120.311547,23.036132,交通事故,交叉路口,臺南市新化區信義路段號民生路,1,晴,50,交岔路,交叉路口,行車管制號誌,車與車,未注意車前狀態
11002ACC91B0291,20210204,120.289243,23.03477,交通事故,交叉路口,臺南市新化區全興里省道臺39線段號省道臺20線,1,晴,60,交岔路,交叉路口,行車管制號誌,車與車,未保持行車安全距離
11002ACC91B0293,20210204,120.28935,23.024046,交通事故,無,臺南市新化區段號,2,晴,50,單路部分,路段,行車管制號誌,車與車,尚未發現肇事因素
11002ACC91B0325,20210203,120.350947,23.067038,交通事故,其他,臺南市新化區段號那拔里那拔林275號前,1,晴,30,單路部分,路段,無號誌,車與車,未靠右行駛
11002ACC91B0329,20210203,120.353561,23.099316,交通事故,其他,臺南市山上區段號南洲里南州27之2號前,1,晴,50,單路部分,路段,無號誌,車與車,未依規定讓車
11002ACC91B0387,20210205,120.355831,23.100684,交通事故,其他,臺南市山上區段號山上區南洲里南州43號,1,晴,50,單路部分,路段,無號誌,汽(機)車本身,未注意車前狀態
11002ACC91B0420,20210205,120.297009,23.034765,交通事故,其他,臺南市新化區段號豐榮里洋子74號旁路口,3,晴,30,交岔路,交叉路口,無號誌,車與車,未靠右行駛
11002ACC91B0444,20210206,120.301688,23.036045,交通事故,一般地址,臺南市新化區豐榮里中山路段549號0,1,晴,50,單路部分,路段,無號誌,車與車,其他引起事故之違規或不當行為
11002ACC91B0474,20210206,120.302667,23.047552,交通事故,一般地址,臺南市新化區太平里中正路段708號0,1,晴,50,單路部分,路段,無號誌,車與車,起步未注意其他車(人)安全
11002ACC91B0483,20210206,120.308685,23.032964,交通事故,其他,臺南市新化區段號東榮里中正路324號前,2,晴,50,單路部分,路段,無號誌,車與車,未保持行車安全距離
11002ACC91B0485,20210206,120.323991,23.054818,交通事故,其他,臺南市新化區段號護國里中山路1號之55前,1,晴,50,單路部分,路段,無號誌,汽(機)車本身,疲勞(患病)駕駛失控
11002ACC91B0509,20210206,120.308059,23.035931,交通事故,交叉路口,臺南市新化區武安里中山路段號中正路,1,晴,50,交岔路,交叉路口,閃光號誌,車與車,未依規定讓車
11002ACC91B0520,20210205,120.31407,23.051217,交通事故,其他,臺南市新化區段號護國里,1,霧或煙,50,單路部分,路段,無號誌,汽(機)車本身,未注意車前狀態
11002ACC91B0532,20210207,120.304691,23.03592,交通事故,一般地址,臺南市新化區武安里中山路段426號0,2,晴,50,單路部分,路段,無號誌,車與車,未依規定讓車
11002ACC91B0550,20210206,120.308618,23.025042,交通事故,其他,臺南市新化區段號知義里中正路48號,1,晴,50,單路部分,路段,無號誌,車與車,未注意車前狀態
11002ACC91B0592,20210208,120.296927,23.036203,交通事故,一般地址,臺南市新化區協興里中山路段732號0,1,晴,50,單路部分,路段,無號誌,車與車,倒車未依規定
11002ACC91B0597,20210208,120.400249,23.056076,交通事故,無,臺南市左鎮區段號,2,晴,60,交岔路,交叉路口,行車管制號誌,車與車,違反號誌管制或指揮
11002ACC91B0625,20210208,120.300728,23.03555,交通事故,一般地址,臺南市新化區豐榮里大智路段33號,2,晴,50,單路部分,路段,無號誌,車與車,違反特定標誌(線)禁制
11002ACC91B0672,20210209,120.309276,23.037643,交通事故,交叉路口,臺南市新化區仁愛街段號建國街,2,晴,50,交岔路,交叉路口,無號誌,車與車,未依規定讓車
11002ACC91B0705,20210209,120.308059,23.035931,交通事故,交叉路口,臺南市新化區護國里中山路段號中正路,1,晴,50,交岔路,交叉路口,行車管制號誌,車與車,違反號誌管制或指揮
11002ACC91B0730,20210208,120.29764,23.038992,交通事故,一般地址,臺南市新化區協興里大新路段119號0,2,晴,50,單路部分,路段,無號誌,車與車,逆向行駛
11002ACC91B0758,20210209,120.303068,23.035869,交通事故,交叉路口,臺南市新化區中山路段號中山路506,2,晴,50,交岔路,交叉路口,行車管制號誌,車與車,未依規定讓車
11002ACC91B0774,20210209,120.289082,23.03935,交通事故,其他,臺南市新化區段號協興里臺39線北勢段往北500公尺處路口,3,晴,70,交岔路,交叉路口,行車管制號誌,車與車,右轉彎未依規定
11002ACC91B0798,20210209,120.396798,23.058639,交通事故,無,臺南市左鎮區段號,2,晴,60,單路部分,路段,無號誌,汽(機)車本身,未依規定減速
11002ACC91B0857,20210210,120.30122,23.034532,交通事故,一般地址,臺南市新化區豐榮里信義路段488號,1,晴,30,交岔路,交叉路口,無號誌,車與車,迴轉未依規定
11002ACC91B0911,20210211,120.334433,23.038361,交通事故,無,臺南市新化區段號,1,晴,60,單路部分,路段,無號誌,汽(機)車本身,未注意車前狀態
11002ACC91B0941,20210211,120.289238,23.019641,交通事故,其他,臺南市新化區段號崙頂里台39線1.6公里處,1,晴,50,交岔路,路段,行車管制號誌,汽(機)車本身,未注意車前狀態
11002ACC91B0985,20210212,120.339836,23.121199,交通事故,無,臺南市山上區段號,2,晴,50,交岔路,交叉路口,行車管制號誌,車與車,變換車道或方向不當
11002ACC91B0988,20210212,120.308231,23.035299,交通事故,其他,臺南市新化區段號東榮里中正路374號前,1,晴,50,單路部分,路段,無號誌,車與車,橫越道路不慎
11002ACC91B0995,20210212,120.295613,23.035763,交通事故,一般地址,臺南市新化區唪口里中山路段747號0,1,晴,60,交岔路,交叉路口,行車管制號誌,車與車,左轉彎未依規定
11002ACC91B1067,20210213,120.355679,23.101562,交通事故,其他,臺南市山上區段號山上里238號,1,晴,50,交岔路,交叉路口,行車管制號誌,車與車,未注意車前狀態
11002ACC91B1068,20210213,120.35716,23.095153,交通事故,其他,臺南市山上區段號新庄里大庄1-39號,1,晴,30,交岔路,交叉路口,無號誌,車與車,未依規定讓車
11002ACC91B1076,20210213,120.296641,23.060032,交通事故,交叉路口,臺南市新化區北勢里中正路段號永新路,1,晴,50,交岔路,交叉路口,行車管制號誌,車與車,未依規定讓車
11002ACC91B1081,20210213,120.350926,23.104638,交通事故,無,臺南市山上區段號,1,晴,20,單路部分,路段,無號誌,車與車,變換車道或方向不當
11002ACC91B1141,20210214,120.306812,23.039175,交通事故,一般地址,臺南市新化區太平里中正路段603號,1,晴,50,單路部分,路段,無號誌,車與車,變換車道或方向不當
11002ACC91B1148,20210214,120.310533,23.037412,交通事故,交叉路口,臺南市新化區太平里中山路段號民生路,1,晴,50,交岔路,交叉路口,行車管制號誌,車與車,違反號誌管制或指揮
11002ACC91B1149,20210214,120.289218,23.027806,交通事故,其他,臺南市新化區段號全興里竹子腳166之20號旁路口,1,晴,50,交岔路,交叉路口,行車管制號誌,車與車,未依規定讓車
11002ACC91B1200,20210215,120.289199,23.034803,交通事故,交叉路口,臺南市新化區唪口里省道臺20線段號省道臺39線,1,晴,60,交岔路,交叉路口,行車管制號誌(附設行人專用號誌),車與車,違反號誌管制或指揮
11002ACC91B1298,20210215,120.309348,23.014808,交通事故,無,臺南市新化區段號,3,晴,50,交岔路,交叉路口,行車管制號誌,車與車,違反號誌管制或指揮
11002ACC91B1305,20210216,120.359813,23.016731,交通事故,無,臺南市新化區段號,1,晴,50,交岔路,交叉路口,閃光號誌,汽(機)車本身,未注意車前狀態
11002ACC91B1363,20210216,120.302345,23.037494,交通事故,交叉路口,臺南市新化區協興里忠孝路段號忠孝路166,1,晴,50,交岔路,交叉路口,無號誌,車與車,不明原因肇事
11002ACC91B1440,20210217,120.310976,23.033939,交通事故,其他,臺南市新化區段號東榮里中興路與復興路口,1,晴,50,交岔路,交叉路口,行車管制號誌,車與車,違反號誌管制或指揮
11002ACC91B1486,20210217,120.335177,23.06325,交通事故,其他,臺南市新化區段號那拔里牧場70號前路口,2,晴,60,交岔路,路段,行車管制號誌,車與車,未保持行車安全距離
11002ACC91B1498,20210218,120.289141,23.03475,交通事故,其他,臺南市新化區段號全興里台39線0公里處,1,晴,70,單路部分,路段,行車管制號誌,車與車,未注意車前狀態
11002ACC91B1499,20210218,120.339104,23.113389,交通事故,其他,臺南市山上區段號明和里北勢洲22-2號,1,晴,50,單路部分,路段,無號誌,車與車,未注意車前狀態
11002ACC91B1554,20210218,120.319127,23.048426,交通事故,一般地址,臺南市新化區護國里中山路段27號0,1,晴,60,單路部分,路段,無號誌,車與車,未依規定讓車
11002ACC91B1584,20210218,120.350352,23.067984,交通事故,其他,臺南市新化區段號那拔里那拔林62號前,1,晴,50,單路部分,路段,無號誌,車與車,未保持行車安全間隔
11002ACC91B1641,20210219,120.352368,23.103422,交通事故,一般地址,臺南市山上區南洲里南洲路段325號0,2,晴,50,單路部分,路段,無號誌,車與車,起步未注意其他車(人)安全
11002ACC91B1685,20210219,120.298931,23.036655,交通事故,交叉路口,臺南市新化區協興里中山路段號中山路660,1,晴,50,交岔路,交叉路口,閃光號誌,車與車,迴轉未依規定
11002ACC91B1700,20210220,120.310431,23.036123,交通事故,一般地址,臺南市新化區護國里復興路段294號0,1,晴,50,單路部分,路段,無號誌,車與車,起步未注意其他車(人)安全
11002ACC91B1713,20210220,120.308293,23.028453,交通事故,一般地址,臺南市新化區全興里中正路段20011號0,1,晴,40,交岔路,路段,無號誌,車與車,未依規定讓車
11002ACC91B1737,20210220,120.289257,23.019602,交通事故,無,臺南市新化區段號,1,晴,50,交岔路,交叉路口,行車管制號誌,車與車,右轉彎未依規定
11002ACC91B1755,20210220,120.30965,23.038498,交通事故,交叉路口,臺南市新化區東榮里民生路段號忠孝路,1,晴,50,單路部分,路段,行車管制號誌,車與車,未依規定讓車
11002ACC91B1775,20210220,120.302887,23.038676,交通事故,其他,臺南市新化區段號正新路305號前,1,晴,50,交岔路,路段,行車管制號誌,車與車,起步未注意其他車(人)安全
11002ACC91B1875,20210221,120.308803,23.023583,交通事故,無,臺南市新化區段號,1,晴,60,交岔路,交叉路口,行車管制號誌,車與車,未依規定讓車
11002ACC91B1882,20210218,120.328912,23.0235,交通事故,其他,臺南市新化區段號知義里新和庄8-10號,1,晴,50,單路部分,路段,無號誌,汽(機)車本身,未注意車前狀態
11002ACC91B1948,20210221,120.308059,23.035931,交通事故,交叉路口,臺南市新化區武安里中正路段號中山路,1,晴,50,交岔路,交叉路口,行車管制號誌,車與車,未依規定讓車
11002ACC91B2009,20210221,120.288899,23.034854,交通事故,交叉路口,臺南市新化區協興里省道臺39線段號省道臺20線,1,晴,70,交岔路,交叉路口,行車管制號誌,車與車,右轉彎未依規定
11002ACC91B2022,20210222,120.304297,23.040237,交通事故,交叉路口,臺南市新化區太平里民權街段號中正路633,1,晴,30,交岔路,交叉路口,無號誌,車與車,未依規定讓車
11002ACC91B2040,20210221,120.332191,23.061683,交通事故,無,臺南市新化區段號,1,晴,60,交岔路,交叉路口,無號誌,車與車,變換車道或方向不當
11002ACC91B2052,20210221,120.311549,23.034949,交通事故,其他,臺南市新化區段號東榮里民生路29號對面,1,晴,50,單路部分,路段,無號誌,車與車,起步未注意其他車(人)安全
11002ACC91B2059,20210222,120.308373,23.028396,交通事故,一般地址,臺南市新化區知義里中正路段2005號,1,晴,40,單路部分,路段,無號誌,汽(機)車本身,尚未發現肇事因素
11002ACC91B2067,20210222,120.342868,23.066511,交通事故,其他,臺南市新化區段號那拔里那拔林1之10號前路口,1,晴,40,交岔路,交叉路口,閃光號誌,車與車,未依規定讓車
11002ACC91B2133,20210223,120.339831,23.121244,交通事故,其他,臺南市山上區段號明和里178線,2,晴,50,交岔路,交叉路口,閃光號誌,車與車,未注意車前狀態
11002ACC91B2184,20210223,120.308498,23.026287,交通事故,一般地址,臺南市新化區知義里省道臺19甲線段號0,1,晴,20,單路部分,路段,無號誌,車與車,未依規定讓車
11002ACC91B2190,20210221,120.362868,23.075977,交通事故,其他,臺南市山上區段號豐德里隙子口24號前,2,晴,60,交岔路,路段,行車管制號誌,車與車,未依規定減速
11002ACC91B2229,20210221,120.293152,23.027938,交通事故,交叉路口,臺南市新化區全興里市道180甲線段號區道南170線,1,晴,50,交岔路,交叉路口,行車管制號誌,車與車,未依規定讓車
11002ACC91B2239,20210223,120.334938,23.063109,交通事故,其他,臺南市新化區段號那拔里台20線16.2K處,1,晴,60,交岔路,路段,行車管制號誌,車與車,未注意車前狀態
11002ACC91B2271,20210224,120.354172,23.096693,交通事故,交叉路口,臺南市山上區南洲里區道南175線段號南洲路,1,晴,20,交岔路,交叉路口,閃光號誌,車與車,未依規定讓車
11002ACC91B2275,20210224,120.36802,23.078813,交通事故,其他,臺南市新化區段號豐德里隙子口1號前,1,晴,60,交岔路,交叉路口,行車管制號誌,汽(機)車本身,煞車失靈
11002ACC91B2287,20210224,120.419688,23.062642,交通事故,其他,臺南市左鎮區段號睦光里電桿山玉高幹205之6前,1,晴,50,單路部分,路段,無號誌,汽(機)車本身,疲勞(患病)駕駛失控
11002ACC91B2288,20210224,120.340172,23.099551,交通事故,其他,臺南市山上區段號明和里電桿山潭12旁路口,2,晴,30,交岔路,交叉路口,無號誌,車與車,未依規定讓車
11002ACC91B2290,20210221,120.400286,23.062372,交通事故,其他,臺南市左鎮區段號榮和里菜寮99號旁,1,晴,30,單路部分,路段,無號誌,汽(機)車本身,未注意車前狀態
11002ACC91B2296,20210221,120.350755,23.094034,交通事故,其他,臺南市山上區段號南洲里南洲363-1號前,1,晴,50,單路部分,路段,無號誌,汽(機)車本身,未注意車前狀態
11002ACC91B2330,20210221,120.306938,23.035317,交通事故,交叉路口,臺南市新化區武安里大同街段號中正路427,1,晴,30,交岔路,交叉路口,無號誌,車與車,未依規定讓車
11002ACC91B2343,20210225,120.311422,23.033721,交通事故,一般地址,臺南市新化區東榮里中興路段737號0,1,晴,50,交岔路,交叉路口,無號誌,車與車,未依規定讓車
11002ACC91B2344,20210223,120.309421,23.015115,交通事故,無,臺南市新化區段號,1,雨,50,交岔路,交叉路口,閃光號誌,車與車,未注意車前狀態
11002ACC91B2415,20210225,120.304968,23.042816,交通事故,交叉路口,臺南市新化區太平里中正路段590號中正路,1,晴,50,交岔路,交叉路口,行車管制號誌,車與車,未依規定讓車
11002ACC91B2423,20210225,120.30679,23.039433,交通事故,交叉路口,臺南市新化區太平里中正路段號太平街,3,晴,50,交岔路,交叉路口,行車管制號誌,車與車,未注意車前狀態
11002ACC91B2470,20210226,120.347396,23.068153,交通事故,其他,臺南市新化區段號那拔里那拔林36之10號前,2,晴,50,交岔路,交叉路口,無號誌,車與車,未依規定讓車
11002ACC91B2474,20210225,120.36759,23.078495,交通事故,無,臺南市山上區段號,1,晴,60,單路部分,路段,無號誌,汽(機)車本身,未注意車前狀態
11002ACC91B2475,20210226,120.308948,23.02154,交通事故,無,臺南市新化區段號,2,晴,60,交岔路,交叉路口,行車管制號誌,車與車,未依規定讓車
11002ACC91B2494,20210226,120.304027,23.036423,交通事故,交叉路口,臺南市新化區武安里民治路段號長青街,1,晴,50,交岔路,交叉路口,閃光號誌,車與車,未依規定讓車
11002ACC91B2528,20210226,120.310944,23.035841,交通事故,一般地址,臺南市新化區護國里信義路段141號,1,晴,50,單路部分,路段,無號誌,車與車,起步未注意其他車(人)安全
11002ACC91B2537,20210226,120.296382,23.043939,交通事故,交叉路口,臺南市新化區唪口里大德路段號大德路161,1,晴,50,交岔路,交叉路口,無號誌,車與車,起步未注意其他車(人)安全
11002ACC91B2613,20210225,120.300986,23.050813,交通事故,一般地址,臺南市新化區中正路段990號,1,晴,50,交岔路,交叉路口,閃光號誌,車與車,未依規定讓車
11002ACC91B2627,20210227,120.301297,23.036181,交通事故,交叉路口,臺南市新化區豐榮里中山路段號大智路,1,晴,50,交岔路,交叉路口,行車管制號誌,汽(機)車本身,未依規定減速
11002ACC91B2636,20210227,120.376107,23.072048,交通事故,無,臺南市左鎮區段號,1,晴,60,單路部分,路段,無號誌,車與車,未注意車前狀態
11002ACC91B2638,20210223,120.311525,23.036062,交通事故,交叉路口,臺南市新化區民生路段號信義路,1,晴,50,交岔路,其他,行車管制號誌,人與汽(機)車,其他引起事故之違規或不當行為
11002ACC91B2741,20210228,120.292131,23.046653,交通事故,其他,臺南市新化區段號北勢里北勢60之1號旁路口,2,晴,30,交岔路,交叉路口,無號誌,車與車,未依規定讓車
11002ACC91B2754,20210228,120.288242,23.054707,交通事故,無,臺南市新化區段號,1,晴,40,交岔路,交叉路口,行車管制號誌,車與車,未依規定讓車
11002ACC91B2917,20210228,120.371698,23.02053,交通事故,其他,臺南市新化區段號礁坑里九層幹92右支21右分5號電桿旁,1,晴,30,單路部分,路段,無號誌,汽(機)車本身,酒醉(後)駕駛失控
11002ACC91B2992,20210227,120.350449,23.067994,交通事故,無,臺南市新化區段號,1,晴,50,單路部分,路段,無號誌,車與車,未注意車前狀態
11002ACCN1B3492,20210228,120.349862,23.067895,交通事故,其他,臺南市新化區段號那拔里23-16號前,1,晴,50,交岔路,交叉路口,行車管制號誌,車與車,未保持行車安全距離
11002ACCS1B1016,20210212,120.306154,23.034824,交通事故,交叉路口,臺南市新化區武安里和平街段號信義路,1,晴,50,交岔路,交叉路口,閃光號誌,車與車,未注意車前狀態
11002ACD91A0014,20210212,120.285313,23.309081,交通事故,交叉路口,臺南市新營區嘉芳里復興路段號嘉芳街,1,雨,50,交岔路,交叉路口,行車管制號誌,車與車,違反號誌管制或指揮
11002ACD91B0014,20210201,120.259147,23.30408,交通事故,其他,臺南市鹽水區段號三明里舊營1-29號前,1,晴,30,交岔路,路段,無號誌,汽(機)車本身,未注意車前狀態
11002ACD91B0021,20210201,120.317138,23.310892,交通事故,一般地址,臺南市新營區民治路段44344號,3,晴,50,單路部分,路段,無號誌,車與車,未保持行車安全間隔
11002ACD91B0033,20210201,120.314726,23.311547,交通事故,一般地址,臺南市新營區民治路段36號,1,晴,50,單路部分,路段,無號誌,車與車,其他引起事故之違規或不當行為
11002ACD91B0039,20210201,120.293878,23.307293,交通事故,交叉路口,臺南市新營區新南里長榮路2段號復興路62039,2,晴,25,交岔路,交叉路口,無號誌,車與車,未依規定讓車
11002ACD91B0046,20210201,120.323008,23.304532,交通事故,其他,臺南市新營區段號台1縣路燈610082,1,晴,50,單路部分,路段,無號誌,汽(機)車本身,其他引起事故之違規或不當行為
11002ACD91B0060,20210201,120.315045,23.319686,交通事故,交叉路口,臺南市新營區忠政里長榮路2段號長榮路43,1,晴,50,交岔路,交叉路口,閃光號誌,車與車,未依規定讓車