案件編號,發生日期,GPS經度,GPS緯度,案件類別名稱,地址類型名稱,發生縣市名稱,受傷人數,天候名稱, 速限-第1當事者,道路型態大類別名稱,事故位置大類別名稱,號誌-號誌種類名稱,事故類型及型態大類別名稱,肇因研判子類別名稱-主要
11002ACD91B0067,20210201,120.307935,23.304239,交通事故,交叉路口,臺南市新營區民生里三民路段號中華路,1,晴,50,交岔路,交叉路口,行車管制號誌,車與車,未依規定讓車
11002ACD91B0073,20210202,120.265867,23.314196,交通事故,交叉路口,臺南市鹽水區橋南里月津路段號月津路75,2,陰,30,交岔路,交叉路口,無號誌,車與車,未依規定讓車
11002ACD91B0074,20210202,120.276394,23.302057,交通事故,交叉路口,臺南市新營區新中路段號忠孝路,1,晴,50,交岔路,交叉路口,行車管制號誌,車與車,違規超車
11002ACD91B0078,20210202,120.263487,23.325784,交通事故,其他,臺南市鹽水區段號和平路650號前,1,晴,50,單路部分,路段,無號誌,汽(機)車本身,未注意車前狀態
11002ACD91B0083,20210201,120.320138,23.308021,交通事故,一般地址,臺南市新營區同濟街段112號,2,晴,50,交岔路,交叉路口,無號誌,車與車,未依規定讓車
11002ACD91B0088,20210201,120.367688,23.286702,交通事故,其他,臺南市柳營區段號重溪里義士路一段832巷電桿:副產高幹131右6N1852AD98,2,晴,30,交岔路,交叉路口,無號誌,車與車,未依規定讓車
11002ACD91B0093,20210202,120.30879,23.329346,交通事故,其他,臺南市新營區段號護鎮里後鎮85之7號前,2,晴,50,單路部分,路段,無號誌,車與車,起步未注意其他車(人)安全
11002ACD91B0146,20210203,120.286662,23.299861,交通事故,一般地址,臺南市新營區嘉芳里嘉芳街段號,1,晴,50,單路部分,路段,無號誌,汽(機)車本身,未注意車前狀態
11002ACD91B0147,20210202,120.286975,23.328808,交通事故,其他,臺南市鹽水區段號南74線(土庫2-31號),1,晴,50,單路部分,路段,無號誌,車與車,未注意車前狀態
11002ACD91B0160,20210203,120.314787,23.307086,交通事故,交叉路口,臺南市新營區民權里三民路段號信義街,1,晴,50,交岔路,路段,行車管制號誌,車與車,未保持行車安全間隔
11002ACD91B0175,20210203,120.294376,23.301155,交通事故,交叉路口,臺南市新營區南紙里太子路段號南紙街,1,晴,50,交岔路,交叉路口,行車管制號誌,車與車,未依規定讓車
11002ACD91B0177,20210203,120.308792,23.319394,交通事故,交叉路口,臺南市新營區三仙里長榮路2段號三興街,1,晴,50,交岔路,交叉路口,行車管制號誌,汽(機)車本身,未注意車前狀態
11002ACD91B0194,20210203,120.316709,23.305011,交通事故,其他,臺南市新營區段號中山路148號前,1,晴,50,圓環廣場,路段,無號誌,車與車,未注意車前狀態
11002ACD91B0198,20210203,120.312428,23.299306,交通事故,一般地址,臺南市新營區南興里建業路段44234號,1,晴,50,單路部分,路段,無號誌,車與車,迴轉未依規定
11002ACD91B0201,20210203,120.312304,23.30788,交通事故,交叉路口,臺南市新營區三仙里民權路段號民權路94,2,晴,50,單路部分,路段,無號誌,車與車,未保持行車安全距離
11002ACD91B0228,20210204,120.312314,23.303107,交通事故,交叉路口,臺南市新營區三仙里復興路段號正義街,1,晴,50,交岔路,交叉路口,無號誌,車與車,未保持行車安全間隔
11002ACD91B0241,20210204,120.298981,23.301116,交通事故,一般地址,臺南市新營區民榮里公園路段182號,1,晴,50,交岔路,交叉路口,無號誌,車與車,未依規定讓車
11002ACD91B0299,20210204,120.324907,23.279182,交通事故,一般地址,臺南市柳營區東昇里中山西路1段2號0,1,晴,50,單路部分,路段,無號誌,車與車,違反特定標誌(線)禁制
11002ACD91B0307,20210204,120.315482,23.307085,交通事故,一般地址,臺南市新營區三民路段69號,2,晴,40,單路部分,路段,無號誌,車與車,未保持行車安全距離
11002ACD91B0321,20210205,120.262892,23.284348,交通事故,其他,臺南市新營區段號新營區姑爺里南72線4K附近，南72線道上,1,霧或煙,50,交岔路,交叉路口,無號誌,汽(機)車本身,未注意車前狀態
11002ACD91B0345,20210204,120.239852,23.290403,交通事故,無,臺南市鹽水區段號,1,晴,50,交岔路,交叉路口,行車管制號誌,車與車,違反號誌管制或指揮
11002ACD91B0373,20210205,120.272252,23.323532,交通事故,交叉路口,臺南市鹽水區水秀里蔦松路段號朝琴路,2,晴,50,交岔路,交叉路口,無號誌,車與車,左轉彎未依規定
11002ACD91B0377,20210205,120.313051,23.264097,交通事故,無,臺南市柳營區段號,2,晴,70,交岔路,交叉路口,閃光號誌,車與車,迴轉未依規定
11002ACD91B0379,20210205,120.304311,23.30061,交通事故,一般地址,臺南市新營區民榮里新進路2段294號0,2,晴,40,單路部分,路段,無號誌,車與車,未保持行車安全距離
11002ACD91B0384,20210205,120.316214,23.306202,交通事故,一般地址,臺南市新營區民權里中正路段4號0,2,晴,40,交岔路,交叉路口,無號誌,人與汽(機)車,未依規定減速
11002ACD91B0395,20210205,120.307005,23.309293,交通事故,一般地址,臺南市新營區民生里民治路段69號0,1,晴,50,單路部分,路段,無號誌,汽(機)車本身,未注意車前狀態
11002ACD91B0468,20210206,120.315052,23.319708,交通事故,交叉路口,臺南市新營區忠政里長榮路2段號長榮路243,1,晴,30,交岔路,交叉路口,閃光號誌,車與車,未依規定讓車
11002ACD91B0479,20210206,120.263053,23.32564,交通事故,交叉路口,臺南市鹽水區和平路段號和平路678,1,晴,50,交岔路,交叉路口,無號誌,汽(機)車本身,疲勞(患病)駕駛失控
11002ACD91B0489,20210206,120.309905,23.303828,交通事故,交叉路口,臺南市新營區民生里博愛街段號民生路,1,晴,30,單路部分,路段,無號誌,車與車,未注意車前狀態
11002ACD91B0501,20210206,120.313917,23.3107,交通事故,交叉路口,臺南市新營區忠政里民治路段號府西路,2,晴,50,交岔路,交叉路口,行車管制號誌,車與車,未依規定讓車
11002ACD91B0511,20210207,120.277239,23.294367,交通事故,一般地址,臺南市新營區太南里太子路段198號,2,晴,50,交岔路,交叉路口,閃光號誌,車與車,未依規定讓車
11002ACD91B0521,20210207,120.402962,23.318514,交通事故,其他,臺南市柳營區段號165縣道路燈571954,1,晴,50,單路部分,路段,無號誌,汽(機)車本身,未注意車前狀態
11002ACD91B0539,20210207,120.312408,23.31468,交通事故,交叉路口,臺南市新營區健康路段號府西路213,1,晴,50,交岔路,路段,閃光號誌,車與車,未保持行車安全距離
11002ACD91B0540,20210207,120.252392,23.250662,交通事故,其他,臺南市鹽水區段號?頭港200-66號旁路口,1,晴,50,交岔路,交叉路口,無號誌,車與車,未依規定讓車
11002ACD91B0548,20210207,120.316902,23.300644,交通事故,交叉路口,臺南市新營區興業里中興路段號中興路13,1,晴,30,交岔路,交叉路口,無號誌,車與車,未依規定讓車
11002ACD91B0567,20210208,120.308659,23.330001,交通事故,其他,臺南市新營區段號護鎮里後鎮85-51號前,1,霧或煙,50,單路部分,路段,無號誌,人與汽(機)車,未注意車前狀態
11002ACD91B0575,20210208,120.294351,23.300197,交通事故,一般地址,臺南市新營區南紙里南紙街段35號0,2,霧或煙,50,單路部分,路段,無號誌,車與車,逆向行駛
11002ACD91B0605,20210208,120.315186,23.304337,交通事故,交叉路口,臺南市新營區民權里博愛街段號信義街,4,晴,30,交岔路,交叉路口,無號誌,車與車,未依規定讓車
11002ACD91B0607,20210201,120.311807,23.279766,交通事故,交叉路口,臺南市柳營區光福里柳營路2段號十美街,1,晴,50,交岔路,交叉路口,行車管制號誌,車與車,右轉彎未依規定
11002ACD91B0613,20210208,120.338903,23.278899,交通事故,其他,臺南市柳營區段號太康里南316線4.5公里處,1,晴,50,交岔路,交叉路口,閃光號誌,車與車,未依規定讓車
11002ACD91B0626,20210208,120.311741,23.310517,交通事故,交叉路口,臺南市新營區民權里民治路段號民權路,1,晴,50,交岔路,交叉路口,行車管制號誌,車與車,未保持行車安全間隔
11002ACD91B0671,20210201,120.313712,23.271917,交通事故,一般地址,臺南市柳營區中埕里柳營路1段720號,1,晴,50,單路部分,路段,無號誌,車與車,未注意車前狀態
11002ACD91B0681,20210209,120.26259,23.311878,交通事故,交叉路口,臺南市鹽水區橋南里仁愛路段號區道南3線,1,晴,50,交岔路,交叉路口,行車管制號誌,車與車,未依規定讓車
11002ACD91B0684,20210209,120.278176,23.317953,交通事故,其他,臺南市新營區段號護鎮里後鎮113號之20前,2,晴,30,單路部分,路段,無號誌,汽(機)車本身,未注意車前狀態
11002ACD91B0691,20210209,120.31303,23.296883,交通事故,一般地址,臺南市新營區興業里延平路段160號,2,晴,50,交岔路,路段,無號誌,車與車,未依規定讓車
11002ACD91B0692,20210209,120.316703,23.310143,交通事故,其他,臺南市新營區段號中正路、未命名道路,1,晴,50,交岔路,交叉路口,無號誌,車與車,未依規定讓車
11002ACD91B0715,20210209,120.31633,23.327295,交通事故,一般地址,臺南市新營區中正路段478號,1,晴,50,單路部分,路段,無號誌,車與車,倒車未依規定
11002ACD91B0721,20210209,120.30251,23.304166,交通事故,交叉路口,臺南市新營區民榮里復興路段號新進路2289,1,晴,50,交岔路,交叉路口,無號誌,車與車,未依規定讓車
11002ACD91B0724,20210209,120.31559,23.301553,交通事故,一般地址,臺南市新營區永平里新進路段312號,1,晴,50,單路部分,路段,無號誌,車與車,迴轉未依規定
11002ACD91B0740,20210209,120.25136,23.26613,交通事故,其他,臺南市鹽水區段號竹林里下林44-3號前,1,晴,30,單路部分,路段,無號誌,汽(機)車本身,酒醉(後)駕駛失控
11002ACD91B0779,20210210,120.313238,23.284649,交通事故,交叉路口,臺南市柳營區光福里建業路段號光福七街,1,晴,30,交岔路,路段,無號誌,車與車,未依規定讓車
11002ACD91B0780,20210210,120.299332,23.310125,交通事故,交叉路口,臺南市新營區新南里明清街段號明清三街,1,晴,30,交岔路,路段,無號誌,車與車,未依規定讓車
11002ACD91B0781,20210210,120.302293,23.304203,交通事故,一般地址,臺南市新營區民榮里復興路段299號,3,晴,40,單路部分,路段,無號誌,車與車,違反特定標誌(線)禁制
11002ACD91B0792,20210210,120.306378,23.305444,交通事故,一般地址,臺南市新營區民生里公園路1段136號,1,陰,50,單路部分,路段,無號誌,車與車,變換車道或方向不當
11002ACD91B0793,20210210,120.267246,23.32089,交通事故,交叉路口,臺南市鹽水區津城里三福路段號三福路24,1,晴,50,交岔路,交叉路口,無號誌,車與車,未依規定讓車
11002ACD91B0817,20210210,120.301998,23.304392,交通事故,一般地址,臺南市新營區新南里復興路段354之6號,1,晴,40,單路部分,路段,無號誌,車與車,倒車未依規定
11002ACD91B0826,20210210,120.2699,23.320415,交通事故,其他,臺南市鹽水區段號津城里後厝4-6號前,1,晴,50,單路部分,路段,無號誌,車與車,倒車未依規定
11002ACD91B0841,20210210,120.256783,23.325424,交通事故,其他,臺南市鹽水區段號義中里義稠75號之7,1,晴,50,單路部分,路段,無號誌,汽(機)車本身,疲勞(患病)駕駛失控
11002ACD91B0897,20210211,120.369206,23.258438,交通事故,其他,臺南市柳營區段號神農里果毅後351-1號前,1,雨,50,單路部分,路段,無號誌,汽(機)車本身,未注意車前狀態
11002ACD91B0942,20210211,120.300792,23.304642,交通事故,交叉路口,臺南市新營區南紙里復興路段號太子路,1,晴,50,交岔路,路段,行車管制號誌,車與車,違反號誌管制或指揮
11002ACD91B1001,20210212,120.281473,23.299922,交通事故,交叉路口,臺南市新營區太北里新圳路段號新工路,3,晴,40,交岔路,交叉路口,閃光號誌,車與車,未依規定讓車
11002ACD91B1011,20210212,120.313015,23.296687,交通事故,其他,臺南市新營區段號興業里延平路(急水溪橋上),2,晴,40,單路部分,路段,無號誌,車與車,未保持行車安全距離
11002ACD91B1036,20210213,120.330012,23.323893,交通事故,其他,臺南市新營區段號土庫里無名道路(電桿平安高幹24左1N1361CA63),1,晴,30,單路部分,路段,無號誌,汽(機)車本身,未保持行車安全距離
11002ACD91B1061,20210206,120.310207,23.306292,交通事故,交叉路口,臺南市新營區民生里三民路段號三興街,2,晴,50,交岔路,交叉路口,行車管制號誌,車與車,左轉彎未依規定
11002ACD91B1064,20210206,120.317851,23.278935,交通事故,交叉路口,臺南市柳營區東昇里中山西路1段號成功街,2,晴,50,交岔路,交叉路口,閃光號誌,車與車,未依規定讓車
11002ACD91B1078,20210213,120.300185,23.308107,交通事故,交叉路口,臺南市新營區金華路段號隋唐街,1,晴,50,交岔路,交叉路口,行車管制號誌,車與車,未依規定讓車
11002ACD91B1082,20210207,120.309063,23.30237,交通事故,交叉路口,臺南市新營區民榮里復興路段135號濟安街,2,晴,40,交岔路,交叉路口,無號誌,車與車,未依規定讓車
11002ACD91B1083,20210213,120.302088,23.313789,交通事故,交叉路口,臺南市新營區新北八街段號新北街,1,晴,30,交岔路,交叉路口,無號誌,車與車,未依規定讓車
11002ACD91B1138,20210214,120.322467,23.311678,交通事故,一般地址,臺南市新營區新東里大同路段55號0,1,晴,30,交岔路,交叉路口,無號誌,車與車,未依規定讓車
11002ACD91B1154,20210210,120.312906,23.308747,交通事故,其他,臺南市新營區段號南77鄉道路燈:新營市0504,1,晴,50,單路部分,路段,無號誌,汽(機)車本身,未注意車前狀態
11002ACD91B1179,20210214,120.273728,23.297298,交通事故,其他,臺南市新營區段號太北里臺19甲線太鐵高幹5號,2,晴,40,單路部分,路段,無號誌,人與汽(機)車,未注意車前狀態
11002ACD91B1188,20210203,120.315363,23.310785,交通事故,一般地址,臺南市新營區忠政里民治路段38號,1,晴,50,單路部分,路段,閃光號誌,人與汽(機)車,未依規定行走行人穿越道、地下道、天橋而穿越道路
11002ACD91B1189,20210204,120.297044,23.331077,交通事故,其他,臺南市新營區段號護鎮里建國路鹽後高幹78前,1,霧或煙,50,單路部分,路段,無號誌,汽(機)車本身,未注意車前狀態
11002ACD91B1190,20210207,120.313337,23.307174,交通事故,一般地址,臺南市新營區民權里三民路段126-2號,1,晴,50,單路部分,路段,無號誌,車與車,未保持行車安全間隔
11002ACD91B1253,20210215,120.306546,23.309131,交通事故,一般地址,臺南市新營區民治路段83號,2,晴,50,單路部分,路段,無號誌,汽(機)車本身,未注意車前狀態
11002ACD91B1272,20210209,120.325653,23.291471,交通事故,一般地址,臺南市柳營區太康里太康段200號,1,晴,70,單路部分,路段,行車管制號誌,車與車,變換車道或方向不當
11002ACD91B1277,20210215,120.295284,23.306137,交通事故,交叉路口,臺南市新營區復興路段號復興路620,2,晴,50,交岔路,交叉路口,閃光號誌,車與車,迴轉未依規定
11002ACD91B1303,20210216,120.262953,23.317816,交通事故,一般地址,臺南市鹽水區橋南里治水路段號,1,晴,50,單路部分,路段,無號誌,汽(機)車本身,未注意車前狀態
11002ACD91B1306,20210216,120.294826,23.306366,交通事故,其他,臺南市新營區段號復興路676號,2,晴,50,交岔路,交叉路口,閃光號誌,車與車,未依規定讓車
11002ACD91B1374,20210216,120.312476,23.306952,交通事故,交叉路口,臺南市新營區三仙里三民路段號民權路,1,晴,50,交岔路,交叉路口,行車管制號誌,車與車,違反號誌管制或指揮
11002ACD91B1403,20210217,120.318495,23.3031,交通事故,交叉路口,臺南市新營區興業里公誠街段9號公誠街6,2,晴,30,交岔路,交叉路口,無號誌,車與車,未靠右行駛
11002ACD91B1420,20210217,120.31611,23.307202,交通事故,交叉路口,臺南市新營區民權里中正路段號三民路,1,晴,40,交岔路,交叉路口,行車管制號誌,車與車,違反特定標誌(線)禁制
11002ACD91B1424,20210217,120.287062,23.297817,交通事故,其他,臺南市新營區段號太子路(近嘉芳街口),2,晴,50,單路部分,路段,無號誌,車與車,未保持行車安全距離
11002ACD91B1458,20210217,120.316159,23.306443,交通事故,一般地址,臺南市新營區民權里中正路段7之1號0,2,晴,50,交岔路,路段,無號誌,車與車,未依規定讓車
11002ACD91B1463,20210217,120.268783,23.323819,交通事故,一般地址,臺南市鹽水區岸內里北門路段44321號,1,晴,50,單路部分,路段,無號誌,車與車,未注意車前狀態
11002ACD91B1513,20210215,120.322995,23.316767,交通事故,交叉路口,臺南市新營區新東里東興路段號東興五街,1,晴,50,交岔路,交叉路口,無號誌,車與車,未依規定讓車
11002ACD91B1516,20210216,120.313911,23.302534,交通事故,交叉路口,臺南市新營區民權里中山路段號復興路,1,晴,50,交岔路,交叉路口,行車管制號誌,車與車,左轉彎未依規定
11002ACD91B1530,20210218,120.243496,23.28978,交通事故,其他,臺南市鹽水區段號歡雅里無名巷道洪雅高幹47號,1,晴,30,交岔路,交叉路口,無號誌,車與車,未依規定讓車
11002ACD91B1536,20210218,120.313538,23.301315,交通事故,交叉路口,臺南市新營區永平里延平路段號康樂街,2,晴,50,交岔路,交叉路口,閃光號誌,車與車,未保持行車安全距離
11002ACD91B1538,20210218,120.265792,23.322537,交通事故,交叉路口,臺南市鹽水區津城里武廟路段號文武街,1,晴,50,交岔路,交叉路口,閃光號誌,車與車,未依規定讓車
11002ACD91B1586,20210218,120.256843,23.325456,交通事故,一般地址,臺南市鹽水區義中里金和路段220號,4,晴,50,交岔路,交叉路口,無號誌,車與車,未依規定讓車
11002ACD91B1590,20210219,120.336216,23.320611,交通事故,一般地址,臺南市新營區開元路段168號,1,晴,50,單路部分,路段,無號誌,車與車,未注意車前狀態
11002ACD91B1593,20210218,120.267818,23.320818,交通事故,一般地址,臺南市鹽水區津城里朝琴路段1號,1,晴,50,交岔路,交叉路口,無號誌,車與車,未依規定讓車
11002ACD91B1596,20210218,120.307204,23.298308,交通事故,交叉路口,臺南市新營區南興里建業路段號裕民路,2,陰,50,交岔路,交叉路口,閃光號誌,車與車,未依規定讓車
11002ACD91B1598,20210217,120.369504,23.260013,交通事故,一般地址,臺南市柳營區神農里果毅後段356之11號,1,陰,50,單路部分,路段,無號誌,汽(機)車本身,未保持行車安全間隔
11002ACD91B1600,20210217,120.325087,23.312126,交通事故,一般地址,臺南市新營區新東里開元路段10324號0,1,晴,50,交岔路,交叉路口,無號誌,汽(機)車本身,未保持行車安全間隔
11002ACD91B1601,20210219,120.301343,23.314501,交通事故,交叉路口,臺南市新營區新南里長榮路2段號新北街,1,晴,60,交岔路,交叉路口,行車管制號誌,車與車,未依規定讓車
11002ACD91B1604,20210217,120.277306,23.29435,交通事故,交叉路口,臺南市新營區太北里太子路段號區道南72線,2,晴,50,交岔路,交叉路口,無號誌,車與車,未依規定讓車
11002ACD91B1605,20210217,120.286837,23.29785,交通事故,交叉路口,臺南市新營區南紙里太子路段號嘉芳街,2,晴,40,交岔路,交叉路口,行車管制號誌,車與車,起步未注意其他車(人)安全
11002ACD91B1626,20210219,120.316831,23.313276,交通事故,一般地址,臺南市新營區中正路段68號,1,晴,50,交岔路,交叉路口,閃光號誌,汽(機)車本身,未注意車前狀態
11002ACD91B1639,20210211,120.316115,23.308142,交通事故,交叉路口,臺南市新營區民權里中正路段號綠川北街,3,晴,40,交岔路,交叉路口,行車管制號誌,車與車,未保持行車安全距離
11002ACD91B1663,20210219,120.272681,23.290928,交通事故,無,臺南市新營區段號,3,晴,30,交岔路,交叉路口,閃光號誌,車與車,未依規定讓車
11002ACD91B1688,20210220,120.301954,23.330623,交通事故,其他,臺南市新營區段號護鎮里建國路(南74線道)路橋上,1,晴,50,單路部分,路段,無號誌,汽(機)車本身,未注意車前狀態
11002ACD91B1717,20210220,120.312862,23.302839,交通事故,一般地址,臺南市新營區三仙里復興路段12號0,2,晴,30,交岔路,交叉路口,無號誌,車與車,未依規定讓車
11002ACD91B1721,20210220,120.272439,23.306057,交通事故,交叉路口,臺南市鹽水區新太路段號五福路,1,晴,40,交岔路,路段,無號誌,汽(機)車本身,其他引起事故之違規或不當行為
11002ACD91B1732,20210219,120.318675,23.291452,交通事故,其他,臺南市柳營區段號義士路五段路燈83區2-23,1,晴,50,單路部分,路段,無號誌,車與車,變換車道或方向不當
11002ACD91B1742,20210220,120.312882,23.26531,交通事故,其他,臺南市柳營區段號柳營路一段281號前,1,晴,50,交岔路,交叉路口,行車管制號誌,汽(機)車本身,未注意車前狀態
11002ACD91B1763,20210220,120.26919,23.323521,交通事故,交叉路口,臺南市鹽水區北門路段號北門路9,1,晴,50,交岔路,路段,無號誌,車與車,逆向行駛
11002ACD91B1832,20210221,120.358824,23.276119,交通事故,交叉路口,臺南市柳營區大農里腳腿仔大道段號德元埤大道2,1,晴,50,單路部分,路段,無號誌,汽(機)車本身,未注意車前狀態
11002ACD91B1865,20210221,120.318292,23.310931,交通事故,交叉路口,臺南市新營區大宏里民治路段號民族路,2,晴,50,交岔路,路段,行車管制號誌,車與車,未依規定讓車
11002ACD91B1883,20210221,120.266097,23.320027,交通事故,其他,臺南市鹽水區段號信義路、未命名道路,3,晴,50,單路部分,路段,無號誌,車與車,未保持行車安全距離
11002ACD91B1923,20210221,120.312624,23.260851,交通事故,一般地址,臺南市柳營區士林里柳營路1段35號,1,晴,70,單路部分,路段,閃光號誌,車與車,未依規定讓車
11002ACD91B1928,20210221,120.356764,23.247958,交通事故,無,臺南市柳營區段號,2,晴,50,單路部分,路段,無號誌,汽(機)車本身,未注意車前狀態
11002ACD91B1976,20210220,120.257896,23.325128,交通事故,其他,臺南市鹽水區段號岸內里路燈:義稠里016,2,晴,50,單路部分,路段,無號誌,人與汽(機)車,穿越道路未注意左右來車
11002ACD91B2007,20210222,120.268241,23.318695,交通事故,一般地址,臺南市鹽水區津城里康樂路段44215號,1,晴,50,交岔路,路段,閃光號誌,車與車,迴轉未依規定
11002ACD91B2010,20210222,120.315858,23.313217,交通事故,交叉路口,臺南市新營區忠政里中正路段37號安和街25,1,晴,30,交岔路,交叉路口,無號誌,車與車,未依規定讓車
11002ACD91B2015,20210222,120.325702,23.291185,交通事故,其他,臺南市柳營區段號太康里台一線與義士路三段口,2,晴,50,交岔路,路段,行車管制號誌,車與車,未依規定讓車
11002ACD91B2023,20210222,120.316368,23.317709,交通事故,交叉路口,臺南市新營區中正路段號中正路39,2,晴,50,交岔路,路段,無號誌,車與車,迴轉未依規定
11002ACD91B2064,20210222,120.315102,23.304961,交通事故,一般地址,臺南市新營區民權里信義街段24號0,1,晴,30,交岔路,交叉路口,無號誌,車與車,未靠右行駛
11002ACD91B2069,20210222,120.271978,23.327689,交通事故,其他,臺南市鹽水區段號岸內里蔦松路與無名道路口,1,晴,50,交岔路,交叉路口,閃光號誌,車與車,未依規定讓車
11002ACD91B2122,20210223,120.312532,23.310592,交通事故,交叉路口,臺南市新營區忠政里民治路段號健康路,2,晴,40,交岔路,交叉路口,行車管制號誌,車與車,違反號誌管制或指揮
11002ACD91B2130,20210223,120.316935,23.303192,交通事故,一般地址,臺南市新營區永平里中興路段44251號0,1,晴,50,交岔路,交叉路口,無號誌,車與車,未依規定讓車
11002ACD91B2135,20210223,120.31223,23.307711,交通事故,一般地址,臺南市新營區民權里民權路段36161號,1,晴,50,交岔路,路段,無號誌,車與車,未依規定讓車
11002ACD91B2177,20210221,120.313565,23.301301,交通事故,一般地址,臺南市新營區永平里延平路段42之1號,2,晴,50,交岔路,交叉路口,閃光號誌,汽(機)車本身,未注意車前狀態
11002ACD91B2180,20210223,120.328873,23.279303,交通事故,一般地址,臺南市柳營區東昇里中山東路2段1116號,1,陰,50,單路部分,路段,無號誌,車與車,起步未注意其他車(人)安全
11002ACD91B2206,20210223,120.311055,23.300591,交通事故,一般地址,臺南市新營區永平里新進路2段88號,1,晴,50,單路部分,路段,無號誌,汽(機)車本身,未注意車前狀態
11002ACD91B2234,20210224,120.294747,23.309011,交通事故,一般地址,臺南市新營區新南里長榮路2段1125號,1,晴,50,單路部分,路段,無號誌,車與車,未注意車前狀態
11002ACD91B2235,20210224,120.312867,23.304654,交通事故,一般地址,臺南市新營區三仙里民權路段47150號0,1,晴,50,單路部分,路段,無號誌,車與車,違反特定標誌(線)禁制
11002ACD91B2236,20210224,120.317493,23.3123,交通事故,一般地址,臺南市新營區王公里義和街段3之12號,1,陰,50,交岔路,交叉路口,無號誌,車與車,未依規定讓車
11002ACD91B2237,20210224,120.383266,23.28655,交通事故,交叉路口,臺南市柳營區區道南81-2線段號市道165線,1,晴,50,交岔路,交叉路口,閃光號誌,車與車,未依規定讓車
11002ACD91B2251,20210224,120.296511,23.307158,交通事故,交叉路口,臺南市新營區新南里復興路段620號復興路62039,1,晴,50,交岔路,交叉路口,無號誌,車與車,左轉彎未依規定
11002ACD91B2282,20210224,120.307273,23.299902,交通事故,交叉路口,臺南市新營區南興里裕民路段號南昌街,2,晴,50,交岔路,交叉路口,無號誌,車與車,未依規定讓車
11002ACD91B2341,20210225,120.293414,23.300703,交通事故,交叉路口,臺南市新營區南紙里長榮路段號太子路,1,晴,50,交岔路,交叉路口,行車管制號誌,車與車,違反號誌管制或指揮
11002ACD91B2371,20210225,120.313562,23.302239,交通事故,交叉路口,臺南市新營區延平路段號長春街,1,晴,50,交岔路,路段,行車管制號誌,車與車,未依規定讓車
11002ACD91B2380,20210225,120.289668,23.299373,交通事故,一般地址,臺南市新營區太子路段360-2號,1,晴,30,交岔路,交叉路口,無號誌,車與車,起步未注意其他車(人)安全
11002ACD91B2383,20210225,120.310224,23.311007,交通事故,其他,臺南市新營區段號三興街路燈護鎮里025,1,晴,50,單路部分,路段,無號誌,汽(機)車本身,其他引起事故之違規或不當行為
11002ACD91B2385,20210222,120.312001,23.310075,交通事故,一般地址,臺南市新營區民權路段120-1號,1,晴,50,單路部分,路段,無號誌,車與車,起步未注意其他車(人)安全
11002ACD91B2389,20210225,120.272056,23.334153,交通事故,其他,臺南市鹽水區段號鹽水鎮路燈:岸內里012,1,晴,50,單路部分,路段,無號誌,汽(機)車本身,酒醉(後)駕駛失控
11002ACD91B2413,20210225,120.346751,23.289586,交通事故,交叉路口,臺南市柳營區重溪里義士路2段號區道南108-1線,1,晴,50,交岔路,交叉路口,行車管制號誌,汽(機)車本身,未注意車前狀態
11002ACD91B2464,20210226,120.278794,23.294514,交通事故,一般地址,臺南市新營區太北里太子路段44444號,2,晴,50,單路部分,路段,無號誌,車與車,未保持行車安全距離
11002ACD91B2465,20210226,120.313667,23.310681,交通事故,交叉路口,臺南市新營區新北里民治路段號民治路156,1,晴,50,交岔路,交叉路口,無號誌,車與車,未注意車前狀態
11002ACD91B2492,20210226,120.332121,23.316818,交通事故,交叉路口,臺南市新營區省道臺1線段號東山五路,1,晴,70,交岔路,交叉路口,行車管制號誌,車與車,違反號誌管制或指揮
11002ACD91B2497,20210226,120.276071,23.274232,交通事故,無,臺南市新營區段號,1,晴,60,交岔路,交叉路口,行車管制號誌,汽(機)車本身,未注意車前狀態
11002ACD91B2498,20210226,120.316052,23.270484,交通事故,其他,臺南市柳營區段號台一線新榮中學前,1,晴,70,單路部分,路段,無號誌,汽(機)車本身,車輪脫落或輪胎爆裂
11002ACD91B2513,20210226,120.28626,23.305802,交通事故,其他,臺南市新營區段號嘉芳街119號前,2,晴,50,交岔路,交叉路口,無號誌,車與車,未依規定讓車
11002ACD91B2526,20210226,120.251178,23.297368,交通事故,其他,臺南市鹽水區段號三明里舊營無名道路,2,晴,30,交岔路,交叉路口,無號誌,車與車,未依規定讓車
11002ACD91B2533,20210226,120.315952,23.314371,交通事故,一般地址,臺南市新營區忠政里安和街段15號,1,晴,30,單路部分,路段,無號誌,車與車,起步未注意其他車(人)安全
11002ACD91B2539,20210226,120.266097,23.320027,交通事故,其他,臺南市鹽水區段號仁愛路591150路燈,2,晴,60,單路部分,路段,無號誌,車與車,違反特定標誌(線)禁制
11002ACD91B2540,20210226,120.317904,23.301786,交通事故,一般地址,臺南市新營區新進路段236-1號,1,晴,50,單路部分,路段,無號誌,車與車,起步未注意其他車(人)安全
11002ACD91B2564,20210226,120.266208,23.322604,交通事故,一般地址,臺南市鹽水區津城里文武街段108號,1,陰,50,單路部分,路段,無號誌,汽(機)車本身,未注意車前狀態
11002ACD91B2584,20210225,120.316365,23.305218,交通事故,交叉路口,臺南市新營區民權里中正路段號中華路,1,晴,50,交岔路,交叉路口,行車管制號誌,車與車,貨物超長、寬、高而肇事
11002ACD91B2585,20210226,120.305498,23.308695,交通事故,一般地址,臺南市新營區民生里民治路段109號,1,晴,50,單路部分,路段,無號誌,車與車,未依規定讓車
11002ACD91B2593,20210227,120.312796,23.292113,交通事故,其他,臺南市柳營區段號柳營路三段300號前,1,晴,50,交岔路,交叉路口,閃光號誌,車與車,未依規定讓車