案件編號,發生日期,GPS經度,GPS緯度,案件類別名稱,地址類型名稱,發生縣市名稱,受傷人數,天候名稱, 速限-第1當事者,道路型態大類別名稱,事故位置大類別名稱,號誌-號誌種類名稱,事故類型及型態大類別名稱,肇因研判子類別名稱-主要
11002ACD91B2622,20210227,120.313546,23.301131,交通事故,一般地址,臺南市新營區永平里延平路段46之36號0,1,晴,50,單路部分,路段,無號誌,車與車,開啟車門不當而肇事
11002ACD91B2625,20210227,120.32337,23.307845,交通事故,交叉路口,臺南市新營區大宏里開元路段號三民路8,1,晴,50,交岔路,交叉路口,閃光號誌,車與車,未依規定讓車
11002ACD91B2630,20210227,120.326446,23.320023,交通事故,交叉路口,臺南市新營區新東里長榮路1段號東泰路,1,晴,50,交岔路,交叉路口,行車管制號誌,車與車,未依規定讓車
11002ACD91B2631,20210227,120.310068,23.306971,交通事故,一般地址,臺南市新營區三仙里三興街段36號,2,晴,50,單路部分,路段,無號誌,車與車,倒車未依規定
11002ACD91B2649,20210227,120.302515,23.304168,交通事故,交叉路口,臺南市新營區民生里新進路2段號復興路,1,晴,50,交岔路,交叉路口,行車管制號誌,車與車,違反號誌管制或指揮
11002ACD91B2652,20210227,120.321192,23.31521,交通事故,交叉路口,臺南市新營區新東里民族路段150號義和街,2,晴,30,交岔路,交叉路口,無號誌,車與車,未依規定讓車
11002ACD91B2692,20210227,120.313633,23.302353,交通事故,交叉路口,臺南市新營區永平里延平路段號長春街,1,晴,50,交岔路,交叉路口,行車管制號誌,車與車,未保持行車安全間隔
11002ACD91B2695,20210227,120.272813,23.304491,交通事故,其他,臺南市新營區段號台19甲太鐵高幹43A1電桿,1,晴,50,單路部分,路段,無號誌,汽(機)車本身,未注意車前狀態
11002ACD91B2697,20210227,120.281119,23.309828,交通事故,一般地址,臺南市新營區嘉芳里復興路段1089號,2,晴,50,單路部分,路段,行車管制號誌,車與車,逆向行駛
11002ACD91B2709,20210225,120.301286,23.308781,交通事故,交叉路口,臺南市新營區金華路2段號秦漢街,2,晴,40,單路部分,路段,無號誌,汽(機)車本身,其他引起事故之違規或不當行為
11002ACD91B2736,20210228,120.330364,23.291052,交通事故,交叉路口,臺南市柳營區太康里義士路3段號無名道路,1,晴,50,交岔路,交叉路口,閃光號誌,車與車,未依規定讓車
11002ACD91B2751,20210228,120.293441,23.30083,交通事故,交叉路口,臺南市新營區南紙里太子路段號長榮路3,1,晴,50,交岔路,交叉路口,行車管制號誌,車與車,違反號誌管制或指揮
11002ACD91B2789,20210228,120.304078,23.307417,交通事故,一般地址,臺南市新營區民生里民治路段171號,1,晴,50,單路部分,路段,無號誌,車與車,違規超車
11002ACD91B2840,20210227,120.298175,23.312023,交通事故,交叉路口,臺南市新營區長榮路段號秦漢街,1,晴,60,交岔路,交叉路口,行車管制號誌,車與車,左轉彎未依規定
11002ACDR1B1264,20210215,120.373904,23.28547,交通事故,其他,臺南市柳營區段號義士路1段710巷100弄85號往東210公尺處,1,晴,40,單路部分,路段,無號誌,汽(機)車本身,酒醉(後)駕駛失控
11002ACE91A0005,20210204,120.477655,23.135629,交通事故,無,臺南市玉井區段號,0,晴,40,交岔路,交叉路口,行車管制號誌,人與汽(機)車,未注意車前狀態
11002ACE91B0082,20210202,120.489113,23.174739,交通事故,一般地址,臺南市楠西區東勢里水庫路段111號0,1,晴,40,單路部分,路段,無號誌,車與車,起步未注意其他車(人)安全
11002ACE91B0092,20210201,120.461003,23.122763,交通事故,交叉路口,臺南市玉井區玉田里太子街段號神農街,1,晴,30,交岔路,交叉路口,無號誌,車與車,未保持行車安全距離
11002ACE91B0783,20210210,120.465501,23.12076,交通事故,交叉路口,臺南市玉井區玉田里中山路段號中華路,1,晴,50,交岔路,交叉路口,行車管制號誌,車與車,左轉彎未依規定
11002ACE91B0806,20210210,120.510358,23.191801,交通事故,無,臺南市楠西區段號,2,晴,40,單路部分,路段,無號誌,汽(機)車本身,未依規定減速
11002ACE91B1140,20210214,120.459058,23.119415,交通事故,交叉路口,臺南市玉井區玉田里中山路段號後旦街,1,晴,70,交岔路,交叉路口,無號誌,車與車,左轉彎未依規定
11002ACE91B1157,20210214,120.490219,23.155554,交通事故,一般地址,臺南市楠西區鹿田里鹿陶洋路段29號,1,晴,70,單路部分,路段,無號誌,車與車,右轉彎未依規定
11002ACE91B1653,20210219,120.484716,23.141512,交通事故,無,臺南市楠西區段號,1,晴,50,單路部分,路段,無號誌,車與車,未注意車前狀態
11002ACE91B1719,20210208,120.467816,23.128598,交通事故,交叉路口,臺南市玉井區中正里中正路段號大成路,2,晴,70,交岔路,交叉路口,行車管制號誌,車與車,右轉彎未依規定
11002ACE91B2046,20210222,120.489278,23.166601,交通事故,交叉路口,臺南市楠西區鹿田里區道南190線段號水庫路,1,晴,60,交岔路,交叉路口,行車管制號誌,車與車,左轉彎未依規定
11002ACE91B2131,20210219,120.459977,23.123286,交通事故,一般地址,臺南市玉井區玉田里中正路段24號,2,晴,50,單路部分,路段,無號誌,車與車,逆向行駛
11002ACE91B2167,20210222,120.489677,23.17523,交通事故,一般地址,臺南市楠西區東勢里水庫路段109-6號,1,晴,70,單路部分,路段,無號誌,車與車,違反特定標誌(線)禁制
11002ACE91B2956,20210225,120.456466,23.034707,交通事故,無,臺南市南化區段號,1,晴,50,單路部分,路段,無號誌,汽(機)車本身,未注意車前狀態
11002ACEO1B0317,20210204,120.547209,23.22221,交通事故,無,臺南市楠西區段號,1,晴,40,單路部分,路段,無號誌,汽(機)車本身,酒醉(後)駕駛失控
11002ACEU1B2308,20210218,120.443794,23.154829,交通事故,其他,臺南市玉井區段號豐里里豐里151號前,1,晴,40,單路部分,路段,無號誌,車與車,未靠右行駛
11002ACF91A0018,20210220,120.387849,23.314019,交通事故,其他,臺南市東山區段號三榮里南314線6.7K,0,晴,60,交岔路,交叉路口,無號誌,車與車,迴轉未依規定
11002ACF91B0048,20210201,120.415128,23.373402,交通事故,無,臺南市白河區段號,1,晴,50,交岔路,交叉路口,無號誌,車與車,未依規定讓車
11002ACF91B0050,20210201,120.336621,23.380126,交通事故,交叉路口,臺南市後壁區菁寮里區道南84線段號區道南85線,2,晴,40,交岔路,交叉路口,閃光號誌,車與車,未依規定讓車
11002ACF91B0123,20210202,120.416064,23.34182,交通事故,無,臺南市白河區段號,2,晴,40,單路部分,路段,無號誌,人與汽(機)車,未注意車前狀態
11002ACF91B0268,20210204,120.357259,23.309718,交通事故,其他,臺南市東山區段號聖賢里南314線、南102線路口,1,霧或煙,60,交岔路,交叉路口,行車管制號誌,車與車,未注意車前狀態
11002ACF91B0270,20210204,120.412855,23.355529,交通事故,其他,臺南市白河區段號永安里大德街150號旁,1,晴,50,單路部分,路段,無號誌,車與車,其他引起事故之違規或不當行為
11002ACF91B0271,20210204,120.412543,23.352518,交通事故,其他,臺南市白河區段號永安里三民路、大德街口,1,晴,50,交岔路,交叉路口,行車管制號誌,車與車,起步未注意其他車(人)安全
11002ACF91B0273,20210204,120.490479,23.269043,交通事故,其他,臺南市東山區段號南勢里格埔高幹46電桿前附近,1,晴,30,單路部分,路段,無號誌,車與車,未靠右行駛
11002ACF91B0554,20210203,120.404645,23.34502,交通事故,其他,臺南市白河區段號永安里新厝71-58號北側路口,1,晴,40,交岔路,交叉路口,無號誌,車與車,違規超車
11002ACF91B0555,20210203,120.502181,23.328643,交通事故,其他,臺南市白河區段號關嶺里175線3公里南向,1,晴,50,單路部分,路段,無號誌,車與車,未靠右行駛
11002ACF91B0556,20210203,120.439503,23.361026,交通事故,交叉路口,臺南市白河區昇安里區道南92線段號區道南94線,1,晴,50,交岔路,交叉路口,閃光號誌,車與車,左轉彎未依規定
11002ACF91B0558,20210203,120.414369,23.347628,交通事故,一般地址,臺南市白河區永安里中山路段8號,1,晴,50,單路部分,路段,無號誌,車與車,起步未注意其他車(人)安全
11002ACF91B0603,20210208,120.423364,23.346115,交通事故,無,臺南市白河區段號,1,晴,50,交岔路,交叉路口,閃光號誌,車與車,未注意車前狀態
11002ACF91B0606,20210208,120.423397,23.346125,交通事故,無,臺南市白河區段號,1,晴,50,交岔路,交叉路口,閃光號誌,車與車,未保持行車安全距離
11002ACF91B0609,20210208,120.449445,23.231102,交通事故,無,臺南市東山區段號,1,晴,40,單路部分,路段,無號誌,汽(機)車本身,未注意車前狀態
11002ACF91B0757,20210209,120.403308,23.325984,交通事故,其他,臺南市東山區段號東山里219-2號前,1,晴,40,交岔路,交叉路口,閃光號誌,車與車,未依規定讓車
11002ACF91B0764,20210209,120.4151,23.348845,交通事故,一般地址,臺南市白河區白河里文明街段41號,1,晴,30,單路部分,路段,無號誌,車與車,未注意車前狀態
11002ACF91B0765,20210209,120.387414,23.313385,交通事故,其他,臺南市東山區段號南314線6.6公里處,1,晴,60,交岔路,交叉路口,閃光號誌,車與車,未依規定讓車
11002ACF91B0767,20210209,120.443034,23.409178,交通事故,其他,臺南市白河區段號內角里內角127-1號,1,晴,30,單路部分,路段,無號誌,車與車,倒車未依規定
11002ACF91B0770,20210209,120.36361,23.366761,交通事故,其他,臺南市後壁區段號後壁里後壁157號前,2,晴,40,交岔路,交叉路口,無號誌,人與汽(機)車,未注意車前狀態
11002ACF91B0937,20210211,120.386827,23.314045,交通事故,其他,臺南市東山區段號三榮里許秀才32號旁,1,陰,30,交岔路,交叉路口,無號誌,車與車,未靠右行駛
11002ACF91B1019,20210212,120.472164,23.348025,交通事故,其他,臺南市白河區段號仙草里6-24號前,1,晴,50,單路部分,路段,無號誌,車與車,變換車道或方向不當
11002ACF91B1071,20210205,120.346725,23.309241,交通事故,其他,臺南市東山區段號頂窩24-1號,2,晴,50,單路部分,路段,無號誌,車與車,起步未注意其他車(人)安全
11002ACF91B1172,20210214,120.356242,23.350223,交通事故,無,臺南市後壁區段號,1,晴,70,交岔路,交叉路口,行車管制號誌,車與車,未依規定讓車
11002ACF91B1183,20210214,120.364307,23.363779,交通事故,其他,臺南市後壁區段號後壁里振興街與復興街口,1,晴,50,交岔路,交叉路口,無號誌,車與車,未依規定讓車
11002ACF91B1195,20210215,120.346942,23.308694,交通事故,其他,臺南市東山區段號聖賢里頂窩50之3號前,2,晴,50,單路部分,路段,無號誌,汽(機)車本身,未注意車前狀態
11002ACF91B1230,20210215,120.326297,23.378227,交通事故,無,臺南市後壁區段號,2,晴,50,單路部分,路段,無號誌,車與車,未保持行車安全間隔
11002ACF91B1283,20210215,120.361319,23.366169,交通事故,其他,臺南市後壁區段號後壁里113-5號,1,晴,50,交岔路,交叉路口,無號誌,車與車,起步未注意其他車(人)安全
11002ACF91B1365,20210205,120.463807,23.249835,交通事故,無,臺南市東山區段號,1,晴,50,單路部分,路段,無號誌,汽(機)車本身,未注意車前狀態
11002ACF91B1373,20210212,120.396568,23.296727,交通事故,無,臺南市東山區段號,6,晴,50,交岔路,交叉路口,閃光號誌,車與車,未依規定讓車
11002ACF91B1456,20210213,120.36236,23.367024,交通事故,其他,臺南市後壁區段號後壁里99號前,1,晴,50,單路部分,路段,無號誌,車與車,違反特定標誌(線)禁制
11002ACF91B1464,20210214,120.474748,23.343435,交通事故,其他,臺南市白河區段號仙草里54號前,1,晴,50,單路部分,路段,無號誌,車與車,未依規定讓車
11002ACF91B1505,20210218,120.382298,23.348753,交通事故,其他,臺南市後壁區段號嘉苳里本協路與蘭科22路口,1,晴,60,交岔路,交叉路口,無號誌,車與車,未依規定讓車
11002ACF91B1562,20210215,120.499488,23.297739,交通事故,無,臺南市東山區段號,1,晴,40,單路部分,路段,無號誌,汽(機)車本身,未注意車前狀態
11002ACF91B1714,20210212,120.421297,23.346633,交通事故,無,臺南市白河區段號,2,晴,50,單路部分,路段,無號誌,汽(機)車本身,未注意車前狀態
11002ACF91B1766,20210205,120.37735,23.301442,交通事故,無,臺南市東山區段號,1,晴,50,交岔路,交叉路口,無號誌,車與車,未依規定讓車
11002ACF91B1835,20210210,120.417768,23.353327,交通事故,一般地址,臺南市白河區白河里中山路段183號,1,晴,50,單路部分,路段,無號誌,車與車,未注意車前狀態
11002ACF91B1836,20210210,120.379401,23.383498,交通事故,一般地址,臺南市後壁區上茄苳里區道南87線段112-3號,2,晴,40,交岔路,交叉路口,無號誌,車與車,未依規定讓車
11002ACF91B1910,20210207,120.414757,23.348487,交通事故,交叉路口,臺南市白河區白河里中山路段號康樂路,1,晴,50,交岔路,交叉路口,行車管制號誌,車與車,未依規定讓車
11002ACF91B1912,20210207,120.335961,23.378264,交通事故,一般地址,臺南市後壁區菁豐里區道南85線段14977號,1,晴,50,單路部分,路段,無號誌,車與車,迴轉未依規定
11002ACF91B1916,20210214,120.439974,23.282052,交通事故,無,臺南市東山區段號,1,晴,40,交岔路,交叉路口,無號誌,車與車,未依規定讓車
11002ACF91B1917,20210214,120.362874,23.366569,交通事故,一般地址,臺南市後壁區後壁里後壁路段41號,1,晴,50,交岔路,交叉路口,閃光號誌,車與車,未依規定讓車
11002ACF91B1919,20210218,120.426795,23.345092,交通事故,無,臺南市白河區段號,1,晴,50,交岔路,交叉路口,行車管制號誌,車與車,違反號誌管制或指揮
11002ACF91B1920,20210218,120.362882,23.366564,交通事故,一般地址,臺南市後壁區後壁里後壁路段41號,1,晴,50,交岔路,交叉路口,閃光號誌,車與車,未依規定讓車
11002ACF91B1921,20210221,120.466251,23.256537,交通事故,其他,臺南市東山區段號南勢里活動中心前,1,晴,40,交岔路,交叉路口,無號誌,汽(機)車本身,未注意車前狀態
11002ACF91B1922,20210221,120.403399,23.326877,交通事故,交叉路口,臺南市東山區東山里中興北街段號北興街,1,晴,50,交岔路,交叉路口,無號誌,車與車,未依規定讓車
11002ACF91B1926,20210221,120.374737,23.362403,交通事故,無,臺南市後壁區段號,1,晴,50,單路部分,路段,無號誌,汽(機)車本身,未注意車前狀態
11002ACF91B1927,20210221,120.420131,23.35333,交通事故,交叉路口,臺南市白河區庄內里光華路段號長安路,1,晴,50,交岔路,交叉路口,閃光號誌,車與車,未依規定讓車
11002ACF91B1999,20210222,120.357635,23.330741,交通事故,無,臺南市後壁區段號,1,晴,40,交岔路,交叉路口,無號誌,車與車,左轉彎未依規定
11002ACF91B2065,20210208,120.409798,23.394856,交通事故,其他,臺南市白河區段號詔安厝74-2號,1,晴,30,單路部分,路段,無號誌,汽(機)車本身,未注意車前狀態
11002ACF91B2169,20210223,120.37728,23.391322,交通事故,無,臺南市後壁區段號,1,晴,70,單路部分,路段,無號誌,車與車,未依規定讓車
11002ACF91B2204,20210220,120.337879,23.379301,交通事故,其他,臺南市後壁區段號菁寮里252號旁,1,晴,40,單路部分,路段,無號誌,車與車,未依規定讓車
11002ACF91B2335,20210224,120.397028,23.304962,交通事故,無,臺南市東山區段號,1,晴,50,單路部分,路段,無號誌,車與車,未保持行車安全距離
11002ACF91B2336,20210224,120.416265,23.355328,交通事故,交叉路口,臺南市白河區永安里裕農路段號國泰路,3,晴,50,單路部分,路段,無號誌,車與車,違規超車
11002ACF91B2349,20210224,120.392341,23.31845,交通事故,其他,臺南市東山區段號南314線7.3公里,2,晴,60,交岔路,路段,無號誌,車與車,起步未注意其他車(人)安全
11002ACF91B2351,20210224,120.344557,23.329236,交通事故,交叉路口,臺南市後壁區頂安里省道臺1線段號市道172線,1,晴,70,交岔路,交叉路口,行車管制號誌,車與車,未保持行車安全間隔
11002ACF91B2588,20210223,120.412762,23.348179,交通事故,交叉路口,臺南市白河區國泰路段號民安路,1,晴,50,交岔路,交叉路口,行車管制號誌,車與車,未依規定讓車
11002ACF91B2730,20210227,120.41049,23.353196,交通事故,交叉路口,臺南市白河區永安里富民路段號三民路,4,晴,50,交岔路,交叉路口,行車管制號誌,車與車,未依規定讓車
11002ACF91B2738,20210227,120.415436,23.349439,交通事故,其他,臺南市白河區段號白河里中正路40號前,1,晴,50,單路部分,路段,無號誌,車與車,倒車未依規定
11002ACF91B2745,20210227,120.404891,23.320609,交通事故,交叉路口,臺南市東山區東正里達雲路2段號青葉路2,1,晴,50,交岔路,交叉路口,行車管制號誌,車與車,右轉彎未依規定
11002ACF91B2790,20210205,120.291839,23.343876,交通事故,其他,臺南市後壁區段號新東里道路,1,晴,30,交岔路,交叉路口,無號誌,車與車,違反特定標誌(線)禁制
11002ACF91B2911,20210215,120.417682,23.345255,交通事故,交叉路口,臺南市白河區富民路段號康樂路,2,晴,50,交岔路,交叉路口,閃光號誌,人與汽(機)車,未依規定行走行人穿越道、地下道、天橋而穿越道路
11002ACF91B2959,20210228,120.393573,23.373523,交通事故,一般地址,臺南市後壁區土溝里區道南91線段36192號,1,晴,40,交岔路,交叉路口,無號誌,車與車,未依規定讓車
11002ACF91B2960,20210228,120.416939,23.344927,交通事故,一般地址,臺南市白河區白河里康樂路段1-89號,1,晴,50,交岔路,交叉路口,無號誌,車與車,違反特定標誌(線)禁制
11002ACF91B2961,20210228,120.435118,23.342987,交通事故,一般地址,臺南市白河區河東里市道172線段50號,1,晴,50,單路部分,路段,無號誌,車與車,未依規定讓車
11002ACF91B2962,20210228,120.445314,23.265026,交通事故,一般地址,臺南市東山區東原里區道南99線段174-1號,1,晴,40,單路部分,路段,無號誌,車與車,起步未注意其他車(人)安全
11002ACF91B3144,20210217,120.412726,23.352482,交通事故,交叉路口,臺南市白河區白河里國泰路段號三民路,1,晴,50,交岔路,交叉路口,行車管制號誌,車與車,起步未注意其他車(人)安全
11002ACF91B3145,20210217,120.413628,23.353501,交通事故,一般地址,臺南市白河區永安里國泰路段361-2號,1,晴,50,單路部分,路段,無號誌,車與車,未保持行車安全間隔
11002ACF91B3146,20210222,120.353978,23.330787,交通事故,其他,臺南市後壁區段號福安里172線上安溪市場前路口,1,晴,50,交岔路,交叉路口,無號誌,車與車,未依規定讓車
11002ACF91B3166,20210212,120.374445,23.349857,交通事故,其他,臺南市後壁區段號嘉苳里道路,1,晴,30,單路部分,路段,無號誌,汽(機)車本身,其他引起事故之違規或不當行為
11002ACFN2B2925,20210224,120.405195,23.348956,交通事故,其他,臺南市白河區段號中正路與武聖路口,1,晴,40,交岔路,交叉路口,行車管制號誌,車與車,未依規定讓車
11002ACFV1B1384,20210216,120.354821,23.309366,交通事故,其他,臺南市東山區段號南314線3公里處,2,晴,50,單路部分,路段,無號誌,車與車,逆向行駛
11002ACFX1B0749,20210204,120.403088,23.325245,交通事故,一般地址,臺南市東山區東山里中興路段151號0,3,晴,20,單路部分,路段,無號誌,車與車,不明原因肇事
11002ACFZ1B3248,20210224,120.35994,23.351097,交通事故,其他,臺南市後壁區段號下茄苳125號之1附3,1,陰,50,單路部分,路段,無號誌,車與車,不明原因肇事
11002ACG91A0003,20210203,120.272123,23.189311,交通事故,一般地址,臺南市麻豆區南勢里南勢段87之2號,0,晴,50,單路部分,路段,無號誌,汽(機)車本身,未注意車前狀態
11002ACG91B0004,20210201,120.24982,23.183008,交通事故,一般地址,臺南市麻豆區巷口里興南路段46號0,1,晴,50,單路部分,路段,無號誌,車與車,起步未注意其他車(人)安全
11002ACG91B0017,20210201,120.245523,23.190209,交通事故,其他,臺南市麻豆區段號176線與南57線口,1,晴,50,交岔路,交叉路口,行車管制號誌,車與車,左轉彎未依規定
11002ACG91B0029,20210201,120.3466,23.231908,交通事故,其他,臺南市六甲區段號水林里中山路與自強街,2,晴,50,交岔路,交叉路口,無號誌,車與車,未依規定讓車
11002ACG91B0040,20210201,120.366789,23.227164,交通事故,其他,臺南市六甲區段號工研路甲東里路燈9-471前,1,晴,50,單路部分,路段,無號誌,汽(機)車本身,未注意車前狀態
11002ACG91B0042,20210201,120.248725,23.182129,交通事故,一般地址,臺南市麻豆區巷口里信義路段1號0,1,晴,50,單路部分,路段,無號誌,車與車,未保持行車安全間隔
11002ACG91B0044,20210201,120.275629,23.244205,交通事故,交叉路口,臺南市下營區新興里省道臺19甲線段號區道南66線,1,晴,60,交岔路,路段,行車管制號誌,車與車,未注意車前狀態
11002ACG91B0057,20210201,120.343394,23.223343,交通事故,一般地址,臺南市六甲區龍湖里中華路段303號,1,晴,50,單路部分,路段,無號誌,車與車,倒車未依規定
11002ACG91B0058,20210201,120.317738,23.195985,交通事故,一般地址,臺南市官田區隆田里勝利路段150號,1,晴,50,單路部分,路段,無號誌,汽(機)車本身,其他引起事故之違規或不當行為
11002ACG91B0059,20210201,120.22154,23.167897,交通事故,其他,臺南市麻豆區段號麻口里番子寮20之1號前,1,晴,50,單路部分,路段,無號誌,車與車,其他引起事故之違規或不當行為
11002ACG91B0087,20210202,120.312854,23.193138,交通事故,其他,臺南市官田區段號隆本里中山路1段135號對面,1,晴,50,單路部分,路段,無號誌,汽(機)車本身,未注意車前狀態
11002ACG91B0099,20210202,120.247886,23.181039,交通事故,交叉路口,臺南市麻豆區興國路段號興國路38,1,晴,30,交岔路,交叉路口,無號誌,車與車,未依規定讓車
11002ACG91B0115,20210202,120.316581,23.181368,交通事故,其他,臺南市官田區段號隆田里南65線2公里處,3,晴,50,單路部分,路段,無號誌,汽(機)車本身,未注意車前狀態
11002ACG91B0119,20210202,120.307331,23.213891,交通事故,其他,臺南市官田區段號南?里南?32之1號前,1,晴,70,單路部分,路段,無號誌,汽(機)車本身,未注意車前狀態
11002ACG91B0149,20210203,120.269259,23.222344,交通事故,其他,臺南市下營區段號營前里台19甲線與健康路200巷口,2,晴,60,交岔路,交叉路口,閃光號誌,車與車,未注意車前狀態
11002ACG91B0154,20210203,120.278837,23.254381,交通事故,其他,臺南市下營區段號賀建里產業道路(燒珠高幹30-1)附近,1,晴,30,交岔路,交叉路口,無號誌,車與車,未保持行車安全距離
11002ACG91B0155,20210203,120.210144,23.189042,交通事故,其他,臺南市麻豆區段號莊禮里南24線9公里處,1,晴,50,單路部分,路段,無號誌,車與車,未保持行車安全距離
11002ACG91B0171,20210203,120.336402,23.190868,交通事故,其他,臺南市官田區段號官田里165線與福田路,1,晴,50,交岔路,交叉路口,閃光號誌,車與車,未依規定讓車
11002ACG91B0193,20210203,120.26517,23.236128,交通事故,其他,臺南市下營區段號新興里中山路與自由街口,1,晴,50,交岔路,交叉路口,閃光號誌,汽(機)車本身,未依規定減速
11002ACG91B0205,20210203,120.351286,23.229079,交通事故,一般地址,臺南市六甲區六甲里中正路段464號0,1,晴,50,交岔路,路段,無號誌,車與車,未注意車前狀態
11002ACG91B0210,20210203,120.351214,23.229034,交通事故,其他,臺南市六甲區段號中正路459巷口南側,2,晴,50,單路部分,路段,無號誌,車與車,逆向行駛
11002ACG91B0243,20210204,120.338342,23.173515,交通事故,交叉路口,臺南市官田區渡拔里省道臺1線段號市道171線,1,晴,50,交岔路,交叉路口,行車管制號誌,車與車,未依規定讓車
11002ACG91B0245,20210202,120.318198,23.19672,交通事故,一般地址,臺南市官田區隆田里勝利路段173號,1,晴,50,單路部分,路段,無號誌,車與車,起步未注意其他車(人)安全
11002ACG91B0248,20210203,120.329945,23.214657,交通事故,一般地址,臺南市官田區二鎮里二鎮段111-72號,1,晴,50,單路部分,路段,無號誌,汽(機)車本身,未注意車前狀態
11002ACG91B0274,20210204,120.284943,23.254783,交通事故,其他,臺南市下營區段號賀建里火燒珠41號之18旁路口,1,晴,50,交岔路,交叉路口,無號誌,車與車,違規超車
11002ACG91B0277,20210204,120.241004,23.185294,交通事故,交叉路口,臺南市麻豆區新建里新生北路段號麻佳路,2,晴,50,交岔路,交叉路口,行車管制號誌,車與車,右轉彎未依規定
11002ACG91B0294,20210204,120.243577,23.160678,交通事故,其他,臺南市麻豆區段號安業里146之1號前,1,霧或煙,30,單路部分,路段,無號誌,汽(機)車本身,未注意車前狀態
11002ACG91B0305,20210204,120.253649,23.177031,交通事故,其他,臺南市麻豆區段號巷口里新生南路與民權路口,1,晴,40,交岔路,交叉路口,行車管制號誌,汽(機)車本身,未注意車前狀態
11002ACG91B0335,20210205,120.312292,23.253944,交通事故,其他,臺南市六甲區段號龜港里台一線與嘉南大圳林鳳營支線旁道路口,1,晴,70,交岔路,交叉路口,無號誌,車與車,逆向行駛
11002ACG91B0339,20210205,120.249406,23.182067,交通事故,一般地址,臺南市麻豆區巷口里信義路段44257號,1,晴,50,單路部分,路段,無號誌,人與汽(機)車,未保持行車安全間隔
11002ACG91B0361,20210205,120.257459,23.182089,交通事故,交叉路口,臺南市麻豆區東角里信義路段號國中街,1,晴,50,交岔路,交叉路口,閃光號誌,車與車,未依規定讓車
11002ACG91B0366,20210205,120.258355,23.235766,交通事故,交叉路口,臺南市下營區宅內里博愛街段號永安街,2,晴,30,交岔路,交叉路口,無號誌,車與車,未依規定讓車
11002ACG91B0372,20210205,120.244538,23.176521,交通事故,交叉路口,臺南市麻豆區中興里新生南路段號自由路,1,晴,50,交岔路,交叉路口,行車管制號誌,車與車,未注意車前狀態
11002ACG91B0449,20210206,120.271603,23.186695,交通事故,無,臺南市麻豆區段號,1,晴,50,單路部分,路段,無號誌,車與車,違規超車
11002ACG91B0453,20210206,120.311018,23.229739,交通事故,交叉路口,臺南市六甲區菁埔里省道臺1線段號區道南60-1線,3,晴,70,交岔路,交叉路口,行車管制號誌,車與車,煞車失靈
11002ACG91B0486,20210206,120.235705,23.168035,交通事故,一般地址,臺南市麻豆區安正里區道南48線段前班37號,1,晴,50,交岔路,交叉路口,無號誌,汽(機)車本身,其他引起事故之違規或不當行為
11002ACG91B0518,20210207,120.26928,23.236796,交通事故,其他,臺南市下營區段號新興里中華街202巷新興街口,1,晴,30,交岔路,交叉路口,無號誌,車與車,未依規定讓車
11002ACG91B0543,20210206,120.304303,23.195307,交通事故,一般地址,臺南市官田區隆本里中山路2段180號,1,晴,50,單路部分,路段,無號誌,汽(機)車本身,其他引起事故之違規或不當行為
11002ACG91B0564,20210208,120.32059,23.24407,交通事故,其他,臺南市六甲區段號六甲區台一線299.8公里處,3,霧或煙,70,單路部分,路段,無號誌,人與汽(機)車,未注意車前狀態
11002ACG91B0572,20210208,120.318542,23.174762,交通事故,無,臺南市官田區段號,1,霧或煙,50,交岔路,交叉路口,行車管制號誌,車與車,未保持行車安全間隔
11002ACG91B0583,20210208,120.320779,23.240219,交通事故,其他,臺南市六甲區段號中社里林鳳營270號前,1,晴,15,單路部分,路段,無號誌,車與車,違反特定標誌(線)禁制
11002ACG91B0593,20210208,120.247886,23.181117,交通事故,一般地址,臺南市麻豆區中興里興國路段36之2號0,2,晴,30,交岔路,路段,無號誌,車與車,未依規定讓車
11002ACG91B0614,20210208,120.351482,23.22692,交通事故,其他,臺南市六甲區段號中正路民生街口,1,晴,50,交岔路,交叉路口,行車管制號誌,車與車,違反號誌管制或指揮
11002ACG91B0630,20210208,120.247383,23.183132,交通事故,一般地址,臺南市麻豆區中興里仁愛路段6號0,1,晴,50,單路部分,路段,無號誌,人與汽(機)車,未依規定行走行人穿越道、地下道、天橋而穿越道路
11002ACG91B0651,20210208,120.339474,23.222536,交通事故,其他,臺南市六甲區段號七甲里南318線6.2K處,1,陰,50,交岔路,交叉路口,無號誌,車與車,違規超車
11002ACG91B0666,20210209,120.350801,23.212255,交通事故,交叉路口,臺南市官田區烏山頭里市道165線段號市道171線,1,晴,50,交岔路,交叉路口,行車管制號誌,車與車,迴轉未依規定
11002ACG91B0675,20210209,120.31614,23.200117,交通事故,其他,臺南市官田區段號隆本里中華路2段132巷口,2,晴,50,交岔路,交叉路口,行車管制號誌,車與車,違反號誌管制或指揮
11002ACG91B0679,20210209,120.27323,23.244204,交通事故,其他,臺南市下營區段號紅甲里南66線與中山路1段413巷口,1,晴,30,交岔路,交叉路口,無號誌,車與車,未依規定讓車
11002ACG91B0695,20210209,120.242634,23.184381,交通事故,交叉路口,臺南市麻豆區油車里中山路段號興民街,1,晴,50,交岔路,交叉路口,無號誌,車與車,未依規定讓車
11002ACG91B0702,20210209,120.27387,23.20984,交通事故,其他,臺南市下營區開化里中營段290-10號開化里中營290號之10旁路口(附近),1,晴,50,交岔路,交叉路口,無號誌,車與車,未依規定讓車