案件編號,發生日期,GPS經度,GPS緯度,案件類別名稱,地址類型名稱,發生縣市名稱,受傷人數,天候名稱, 速限-第1當事者,道路型態大類別名稱,事故位置大類別名稱,號誌-號誌種類名稱,事故類型及型態大類別名稱,肇因研判子類別名稱-主要
11002ACG91B0720,20210209,120.252845,23.189373,交通事故,一般地址,臺南市麻豆區大埕里中正路段289號,1,晴,50,單路部分,路段,無號誌,車與車,起步未注意其他車(人)安全
11002ACG91B0786,20210210,120.266752,23.237558,交通事故,交叉路口,臺南市下營區後街里中正北路段號人和三街,2,晴,50,交岔路,交叉路口,閃光號誌,車與車,未依規定讓車
11002ACG91B0797,20210210,120.351142,23.229319,交通事故,一般地址,臺南市六甲區六甲里中正路段465號,1,晴,50,單路部分,路段,無號誌,車與車,未保持行車安全間隔
11002ACG91B0863,20210210,120.273333,23.254713,交通事故,無,臺南市下營區段號,1,雨,60,交岔路,交叉路口,行車管制號誌,汽(機)車本身,未注意車前狀態
11002ACG91B0883,20210211,120.2499,23.186447,交通事故,一般地址,臺南市麻豆區大埕里中正路段75號,2,雨,50,單路部分,路段,無號誌,人與汽(機)車,未注意車前狀態
11002ACG91B0910,20210211,120.247176,23.183683,交通事故,交叉路口,臺南市麻豆區新興里中山路段號中華街,2,晴,50,交岔路,交叉路口,行車管制號誌,汽(機)車本身,未注意車前狀態
11002ACG91B0916,20210211,120.225323,23.199055,交通事故,其他,臺南市麻豆區段號埤頭里埤頭高幹26右5旁路口,1,晴,30,交岔路,交叉路口,無號誌,車與車,未依規定讓車
11002ACG91B0919,20210211,120.265165,23.233818,交通事故,交叉路口,臺南市下營區營前里文化街段號文明街,2,晴,50,交岔路,交叉路口,行車管制號誌,車與車,未依規定讓車
11002ACG91B0921,20210211,120.239734,23.17634,交通事故,其他,臺南市麻豆區段號埤頭里麻豆交流道麻豆往佳里機車引道涵洞303K+380處,1,晴,30,單路部分,路段,無號誌,車與車,逆向行駛
11002ACG91B0964,20210212,120.259427,23.192707,交通事故,交叉路口,臺南市麻豆區南勢里省道臺19甲線段號市道176線,2,晴,50,交岔路,交叉路口,閃光號誌,車與車,未依規定讓車
11002ACG91B0989,20210212,120.226899,23.201429,交通事故,其他,臺南市麻豆區段號埤頭里埤頭129-8號前路口處,1,晴,30,交岔路,交叉路口,無號誌,車與車,未注意車前狀態
11002ACG91B0991,20210207,120.364069,23.214966,交通事故,其他,臺南市官田區段號烏山頭里官田區公所038號路燈桿前,1,晴,50,交岔路,路段,無號誌,汽(機)車本身,不明原因肇事
11002ACG91B0993,20210212,120.30718,23.214326,交通事故,交叉路口,臺南市官田區南?里省道臺1線段號區道南318線,1,晴,50,交岔路,交叉路口,行車管制號誌,車與車,未依規定讓車
11002ACG91B1006,20210212,120.265022,23.19941,交通事故,無,臺南市麻豆區段號,3,晴,100,單路部分,路段,無號誌,車與車,未注意車前狀態
11002ACG91B1010,20210212,120.254003,23.185178,交通事故,交叉路口,臺南市麻豆區東角里興中路段175號忠孝路,1,晴,50,交岔路,交叉路口,無號誌,車與車,未依規定讓車
11002ACG91B1043,20210213,120.255734,23.184294,交通事故,一般地址,臺南市麻豆區巷口里忠孝路段39號0,1,晴,50,交岔路,交叉路口,閃光號誌,車與車,右轉彎未依規定
11002ACG91B1052,20210213,120.355037,23.229379,交通事故,一般地址,臺南市六甲區甲南里忠孝街段131號0,1,晴,50,單路部分,路段,無號誌,人與汽(機)車,未注意車前狀態
11002ACG91B1054,20210213,120.249765,23.186323,交通事故,交叉路口,臺南市麻豆區大埕里中正路段號博愛路,1,晴,50,交岔路,交叉路口,行車管制號誌,車與車,未依規定讓車
11002ACG91B1060,20210213,120.25423,23.181773,交通事故,交叉路口,臺南市麻豆區?江里民生路段號信義路,1,晴,50,交岔路,交叉路口,行車管制號誌,車與車,迴轉未依規定
11002ACG91B1077,20210213,120.252235,23.178796,交通事故,交叉路口,臺南市麻豆區巷口里民權路段196號建南街,1,晴,50,交岔路,路段,行車管制號誌,車與車,未依規定讓車
11002ACG91B1079,20210213,120.258405,23.232872,交通事故,交叉路口,臺南市下營區仁里里公園路段號永安街,3,晴,50,交岔路,交叉路口,無號誌,車與車,未注意車前狀態
11002ACG91B1080,20210213,120.249439,23.185561,交通事故,一般地址,臺南市麻豆區大埕里中正路段29434號,1,晴,50,單路部分,路段,無號誌,車與車,起步未注意其他車(人)安全
11002ACG91B1124,20210214,120.251464,23.183033,交通事故,其他,臺南市麻豆區段號晉江里民權路興南路口,1,晴,50,交岔路,交叉路口,行車管制號誌,車與車,違規超車
11002ACG91B1139,20210214,120.249822,23.156535,交通事故,其他,臺南市麻豆區段號安業里堤防道路南幹35電桿旁,1,晴,50,單路部分,路段,無號誌,車與車,未保持行車安全間隔
11002ACG91B1147,20210214,120.257459,23.182089,交通事故,其他,臺南市麻豆區段號東角里信義路國中街口,1,晴,50,交岔路,交叉路口,閃光號誌,車與車,未依規定讓車
11002ACG91B1150,20210214,120.276794,23.188919,交通事故,一般地址,臺南市麻豆區寮?里寮子?段170之3號,1,晴,50,交岔路,路段,無號誌,車與車,倒車未依規定
11002ACG91B1159,20210214,120.241728,23.18459,交通事故,一般地址,臺南市麻豆區新興里中山路段179-12號,1,晴,50,單路部分,路段,無號誌,車與車,違反特定標誌(線)禁制
11002ACG91B1160,20210214,120.340702,23.165181,交通事故,無,臺南市官田區段號,2,晴,70,交岔路,交叉路口,行車管制號誌,車與車,未依規定讓車
11002ACG91B1161,20210214,120.26507,23.237447,交通事故,交叉路口,臺南市下營區新興里自由街段號人和一街,1,晴,30,交岔路,交叉路口,閃光號誌,車與車,未依規定讓車
11002ACG91B1166,20210202,120.353861,23.230284,交通事故,交叉路口,臺南市六甲區六甲里復興街段號仁愛街,2,晴,50,交岔路,交叉路口,閃光號誌,車與車,未依規定讓車
11002ACG91B1167,20210207,120.350802,23.225313,交通事故,交叉路口,臺南市六甲區甲南里中山路段號中華路,1,晴,50,交岔路,交叉路口,行車管制號誌,車與車,違規超車
11002ACG91B1169,20210206,120.324918,23.191949,交通事故,交叉路口,臺南市官田區隆本里省道臺1線段號市道165線,1,晴,70,交岔路,交叉路口,行車管制號誌,車與車,未注意車前狀態
11002ACG91B1171,20210214,120.244258,23.183678,交通事故,交叉路口,臺南市麻豆區中興里中山路段號自由路,1,晴,50,交岔路,交叉路口,行車管制號誌,車與車,未依規定讓車
11002ACG91B1173,20210212,120.343556,23.229569,交通事故,一般地址,臺南市六甲區水林里和平街段366號,1,晴,50,單路部分,路段,無號誌,汽(機)車本身,未注意車前狀態
11002ACG91B1174,20210212,120.270469,23.215395,交通事故,其他,臺南市下營區段號開化里中營7之1號前,3,晴,60,交岔路,交叉路口,行車管制號誌,車與車,未保持行車安全間隔
11002ACG91B1175,20210214,120.226238,23.191143,交通事故,其他,臺南市麻豆區段號埤頭里埤頭20號前,3,晴,50,單路部分,路段,無號誌,車與車,未保持行車安全距離
11002ACG91B1176,20210212,120.271672,23.250055,交通事故,其他,臺南市下營區段號甲中里60-1號前,1,晴,50,單路部分,路段,無號誌,汽(機)車本身,未注意車前狀態
11002ACG91B1177,20210203,120.314426,23.202542,交通事故,交叉路口,臺南市官田區隆本里省道臺1線段號區道南114線,1,晴,70,交岔路,路段,行車管制號誌,車與車,未注意車前狀態
11002ACG91B1180,20210213,120.353924,23.233075,交通事故,交叉路口,臺南市六甲區六甲里中正路段號仁愛街,1,晴,50,交岔路,交叉路口,行車管制號誌,車與車,未依規定讓車
11002ACG91B1181,20210213,120.228975,23.144814,交通事故,無,臺南市麻豆區段號,1,晴,50,單路部分,路段,無號誌,汽(機)車本身,未注意車前狀態
11002ACG91B1193,20210215,120.25568,23.182032,交通事故,交叉路口,臺南市麻豆區東角里信義路段號同仁街,1,晴,50,交岔路,交叉路口,行車管制號誌,車與車,違反號誌管制或指揮
11002ACG91B1196,20210215,120.25312,23.186588,交通事故,其他,臺南市麻豆區段號大埕里文昌路31之5號前路口,1,晴,50,單路部分,路段,無號誌,車與車,未保持行車安全距離
11002ACG91B1206,20210215,120.249964,23.186386,交通事故,一般地址,臺南市麻豆區大埕里中正路段86號,2,晴,50,交岔路,交叉路口,行車管制號誌,車與車,違反特定標誌(線)禁制
11002ACG91B1243,20210215,120.253097,23.1837,交通事故,一般地址,臺南市麻豆區東角里興中路段168號0,1,晴,50,單路部分,路段,無號誌,車與車,變換車道或方向不當
11002ACG91B1261,20210215,120.379617,23.234083,交通事故,其他,臺南市六甲區段號王爺里174線33K處,1,晴,40,單路部分,路段,無號誌,汽(機)車本身,未依規定減速
11002ACG91B1334,20210216,120.240988,23.185186,交通事故,交叉路口,臺南市麻豆區新建里麻學路段號新生南路,1,晴,50,交岔路,交叉路口,行車管制號誌,人與汽(機)車,未依規定行走行人穿越道、地下道、天橋而穿越道路
11002ACG91B1355,20210216,120.313845,23.203391,交通事故,其他,臺南市官田區段號南?里南?1號前,2,晴,40,單路部分,路段,無號誌,車與車,未保持行車安全距離
11002ACG91B1362,20210216,120.239989,23.201407,交通事故,其他,臺南市麻豆區段號北勢里北勢高幹60旁,1,晴,50,單路部分,路段,無號誌,汽(機)車本身,未注意車前狀態
11002ACG91B1367,20210216,120.307445,23.214087,交通事故,無,臺南市官田區段號,2,晴,50,單路部分,路段,無號誌,人與汽(機)車,其他引起事故之疏失或行為
11002ACG91B1380,20210217,120.314661,23.202351,交通事故,一般地址,臺南市官田區隆本里中華路2段186號,1,晴,50,單路部分,路段,無號誌,車與車,未注意車前狀態
11002ACG91B1387,20210217,120.364575,23.235305,交通事故,交叉路口,臺南市六甲區甲東里曾文街段號曾文街110,1,晴,30,交岔路,交叉路口,無號誌,車與車,未依規定讓車
11002ACG91B1392,20210217,120.251326,23.182019,交通事故,一般地址,臺南市麻豆區?江里民權路段44488號,1,晴,40,單路部分,路段,無號誌,車與車,變換車道或方向不當
11002ACG91B1405,20210217,120.262174,23.231617,交通事故,其他,臺南市下營區段號中山路2段與健康路口,2,晴,50,交岔路,交叉路口,行車管制號誌,汽(機)車本身,未注意車前狀態
11002ACG91B1417,20210217,120.244297,23.181187,交通事故,交叉路口,臺南市麻豆區中興里自由路段號中興街,2,晴,50,交岔路,交叉路口,閃光號誌,車與車,未依規定讓車
11002ACG91B1451,20210217,120.239734,23.17634,交通事故,其他,臺南市麻豆區段號謝厝寮里堤防道路燈桿510608號,2,晴,50,單路部分,路段,無號誌,車與車,未保持行車安全距離
11002ACG91B1459,20210217,120.338342,23.173515,交通事故,交叉路口,臺南市官田區渡拔里市道171線段號省道臺1線,2,晴,50,交岔路,交叉路口,無號誌,車與車,未保持行車安全距離
11002ACG91B1484,20210217,120.248475,23.183688,交通事故,交叉路口,臺南市麻豆區新興里中山路段號中正路,1,晴,50,交岔路,交叉路口,行車管制號誌,車與車,左轉彎未依規定
11002ACG91B1490,20210218,120.345125,23.192007,交通事故,其他,臺南市官田區段號官田里403之5號旁,1,晴,60,交岔路,交叉路口,無號誌,車與車,未依規定讓車
11002ACG91B1506,20210218,120.349388,23.209424,交通事故,交叉路口,臺南市官田區烏山頭里市道165線段號區道南114線,1,晴,50,交岔路,交叉路口,行車管制號誌,車與車,違反號誌管制或指揮
11002ACG91B1540,20210218,120.253099,23.177741,交通事故,其他,臺南市麻豆區段號晉江里民權路66-68號對面,1,晴,40,單路部分,路段,無號誌,車與車,未注意車前狀態
11002ACG91B1552,20210218,120.249656,23.183075,交通事故,交叉路口,臺南市麻豆區巷口里興南路段號民族路,1,晴,50,交岔路,交叉路口,閃光號誌,車與車,未依規定讓車
11002ACG91B1555,20210218,120.276804,23.188869,交通事故,其他,臺南市麻豆區段號寮?里171線510074號路燈前,2,晴,50,單路部分,路段,無號誌,汽(機)車本身,不明原因肇事
11002ACG91B1556,20210218,120.237005,23.183036,交通事故,一般地址,臺南市麻豆區埤頭里苓子林段1之18號,1,晴,50,交岔路,路段,無號誌,車與車,未依規定讓車
11002ACG91B1599,20210219,120.32561,23.170645,交通事故,其他,臺南市官田區段號渡拔里77之1號前,1,晴,50,單路部分,路段,無號誌,汽(機)車本身,未依規定減速
11002ACG91B1611,20210219,120.261794,23.233205,交通事故,交叉路口,臺南市下營區營前里民生街段號文明街,1,晴,30,交岔路,交叉路口,無號誌,車與車,未依規定讓車
11002ACG91B1632,20210219,120.21589,23.166419,交通事故,其他,臺南市麻豆區段號井東里?地80號前路口,1,晴,30,交岔路,交叉路口,無號誌,車與車,未依規定讓車
11002ACG91B1642,20210219,120.247588,23.179747,交通事故,一般地址,臺南市麻豆區中興里和平路段12號,2,晴,50,單路部分,路段,無號誌,車與車,未注意車前狀態
11002ACG91B1646,20210219,120.22012,23.191909,交通事故,其他,臺南市麻豆區段號大山里南49線大山國小前,1,晴,50,單路部分,路段,無號誌,車與車,違規超車
11002ACG91B1676,20210220,120.25332,23.184172,交通事故,一般地址,臺南市麻豆區東角里民生路段4之9號,2,晴,50,單路部分,路段,無號誌,車與車,倒車未依規定
11002ACG91B1678,20210220,120.244258,23.183678,交通事故,交叉路口,臺南市麻豆區中山路段號自由路,2,晴,50,交岔路,交叉路口,行車管制號誌,車與車,違反號誌管制或指揮
11002ACG91B1687,20210220,120.220816,23.214408,交通事故,無,臺南市麻豆區段號,1,晴,50,單路部分,路段,無號誌,車與車,未注意車前狀態
11002ACG91B1689,20210220,120.219603,23.176951,交通事故,交叉路口,臺南市麻豆區麻口里市道176線段號區道南49線,1,晴,60,交岔路,交叉路口,行車管制號誌,車與車,違反號誌管制或指揮
11002ACG91B1724,20210220,120.35902,23.234867,交通事故,其他,臺南市六甲區段號甲東里曾文街110巷口,1,晴,30,交岔路,交叉路口,無號誌,車與車,未依規定讓車
11002ACG91B1758,20210220,120.241103,23.185214,交通事故,交叉路口,臺南市麻豆區油車里中山路段號新生北路,4,晴,50,交岔路,交叉路口,行車管制號誌,車與車,違規超車
11002ACG91B1761,20210220,120.250041,23.193938,交通事故,其他,臺南市麻豆區段號北勢里太子宅5號之2旁路口,1,晴,50,交岔路,交叉路口,無號誌,車與車,迴轉未依規定
11002ACG91B1764,20210220,120.330133,23.218744,交通事故,交叉路口,臺南市官田區二鎮里工業北路段號區道南113線,1,晴,50,交岔路,交叉路口,閃光號誌,車與車,未依規定讓車
11002ACG91B1765,20210220,120.26031,23.211342,交通事故,其他,臺南市下營區段號西連里西連高幹22旁路口,1,晴,30,交岔路,交叉路口,無號誌,車與車,未依規定讓車
11002ACG91B1781,20210220,120.317071,23.198589,交通事故,交叉路口,臺南市官田區隆本里省道臺1線段號勝利路,1,晴,70,交岔路,交叉路口,行車管制號誌,車與車,右轉彎未依規定
11002ACG91B1788,20210217,120.317794,23.202856,交通事故,一般地址,臺南市官田區隆本里中華路2段16230號,1,晴,30,單路部分,路段,無號誌,車與車,未依規定減速
11002ACG91B1831,20210220,120.365884,23.236182,交通事故,無,臺南市六甲區段號,1,晴,40,交岔路,交叉路口,無號誌,車與車,未依規定讓車
11002ACG91B1924,20210221,120.252557,23.189036,交通事故,一般地址,臺南市麻豆區大埕里中正路段115號,1,晴,50,單路部分,路段,無號誌,車與車,起步未注意其他車(人)安全
11002ACG91B1925,20210221,120.326789,23.169182,交通事故,一般地址,臺南市官田區渡拔里渡子頭段92號0,1,晴,30,交岔路,交叉路口,無號誌,車與車,起步未注意其他車(人)安全
11002ACG91B1980,20210221,120.278115,23.189687,交通事故,其他,臺南市麻豆區段號寮部里寮子部166之17號前路口,1,晴,50,交岔路,交叉路口,閃光號誌,車與車,未依規定讓車
11002ACG91B1982,20210222,120.2489,23.185214,交通事故,交叉路口,臺南市麻豆區大埕里中正路段號忠孝路,1,晴,50,交岔路,交叉路口,閃光號誌,車與車,未依規定讓車
11002ACG91B2004,20210222,120.352785,23.190994,交通事故,其他,臺南市官田區段號官田里南117線與南119線路口,1,晴,50,交岔路,交叉路口,閃光號誌,車與車,未依規定讓車
11002ACG91B2034,20210222,120.243947,23.1837,交通事故,其他,臺南市麻豆區段號新興里中山路157之6號,1,晴,50,單路部分,路段,無號誌,車與車,開啟車門不當而肇事
11002ACG91B2036,20210222,120.312013,23.20647,交通事故,其他,臺南市官田區段號南?里台一線303公里處,1,晴,70,交岔路,交叉路口,無號誌,車與車,未保持行車安全距離
11002ACG91B2053,20210222,120.271982,23.186914,交通事故,交叉路口,臺南市麻豆區南勢里市道171線段號區道南61線,2,晴,50,交岔路,交叉路口,行車管制號誌,車與車,變換車道或方向不當
11002ACG91B2056,20210222,120.247275,23.176825,交通事故,其他,臺南市麻豆區段號巷口里新生南路與興國路口,1,晴,50,交岔路,交叉路口,行車管制號誌,車與車,未依規定讓車
11002ACG91B2063,20210222,120.260807,23.23707,交通事故,交叉路口,臺南市下營區下營里玄德街段號人和三街,1,晴,30,交岔路,交叉路口,閃光號誌,車與車,未依規定讓車
11002ACG91B2128,20210223,120.26731,23.183638,交通事故,交叉路口,臺南市麻豆區清水里區道南48線段號市道171線,1,晴,40,單路部分,路段,無號誌,人與汽(機)車,穿越道路未注意左右來車
11002ACG91B2137,20210223,120.241355,23.178646,交通事故,一般地址,臺南市麻豆區興農里新生南路段21862號0,1,晴,30,單路部分,路段,無號誌,汽(機)車本身,未注意車前狀態
11002ACG91B2154,20210223,120.277303,23.249403,交通事故,交叉路口,臺南市下營區紅甲里省道臺19甲線段號區道南68線,1,晴,60,交岔路,交叉路口,行車管制號誌,車與車,違反號誌管制或指揮
11002ACG91B2162,20210223,120.341206,23.161297,交通事故,其他,臺南市官田區段號渡拔里三塊厝11號前,1,晴,50,單路部分,路段,無號誌,車與車,變換車道或方向不當
11002ACG91B2194,20210223,120.327023,23.203086,交通事故,一般地址,臺南市官田區二鎮里工業南路段15號,2,晴,40,單路部分,路段,無號誌,車與車,未依規定讓車
11002ACG91B2294,20210224,120.212353,23.197967,交通事故,其他,臺南市麻豆區段號海埔里莊禮寮2號前,1,晴,60,單路部分,路段,無號誌,車與車,未保持行車安全距離
11002ACG91B2311,20210224,120.244538,23.176521,交通事故,交叉路口,臺南市麻豆區興農里新生南路段號自由路,3,晴,50,交岔路,交叉路口,行車管制號誌,車與車,違反號誌管制或指揮
11002ACG91B2333,20210225,120.247948,23.181883,交通事故,交叉路口,臺南市麻豆區中興里興國路段號信義路,2,晴,50,交岔路,交叉路口,行車管制號誌,車與車,違反特定標誌(線)禁制
11002ACG91B2384,20210225,120.271377,23.189342,交通事故,交叉路口,臺南市麻豆區南勢里市道176線段號區道南61線,1,晴,50,交岔路,交叉路口,行車管制號誌,車與車,未依規定讓車
11002ACG91B2395,20210225,120.3511,23.154043,交通事故,其他,臺南市官田區段號渡拔里三塊厝195號前,1,晴,50,交岔路,交叉路口,無號誌,汽(機)車本身,未注意車前狀態
11002ACG91B2418,20210225,120.252921,23.185915,交通事故,其他,臺南市麻豆區段號176線與工業路口,1,晴,50,交岔路,交叉路口,行車管制號誌,車與車,未保持行車安全間隔
11002ACG91B2439,20210225,120.244276,23.182981,交通事故,交叉路口,臺南市麻豆區新興里仁愛路段號自由路,1,晴,50,交岔路,交叉路口,閃光號誌,車與車,未依規定讓車
11002ACG91B2440,20210226,120.249672,23.182637,交通事故,一般地址,臺南市麻豆區巷口里民族路段12號,1,晴,50,交岔路,交叉路口,無號誌,汽(機)車本身,酒醉(後)駕駛失控
11002ACG91B2461,20210225,120.313769,23.198056,交通事故,一般地址,臺南市官田區隆本里信義街2段158號,2,晴,50,單路部分,路段,無號誌,車與車,違反特定標誌(線)禁制
11002ACG91B2511,20210226,120.286485,23.198495,交通事故,交叉路口,臺南市麻豆區寮?里區道南318線段號市道176線,1,晴,60,單路部分,路段,行車管制號誌,汽(機)車本身,未注意車前狀態
11002ACG91B2512,20210226,120.267302,23.183808,交通事故,其他,臺南市麻豆區段號171線與南48線路口,1,晴,50,交岔路,交叉路口,行車管制號誌,車與車,左轉彎未依規定
11002ACG91B2617,20210227,120.307214,23.214291,交通事故,其他,臺南市官田區段號南?里臺一線與南318線路口,1,晴,50,交岔路,交叉路口,行車管制號誌,車與車,未依規定讓車
11002ACG91B2643,20210227,120.272057,23.206623,交通事故,交叉路口,臺南市下營區開化里省道臺19甲線段號區道南58線,1,晴,60,交岔路,交叉路口,無號誌,車與車,未依規定讓車
11002ACG91B2666,20210227,120.253222,23.185203,交通事故,交叉路口,臺南市麻豆區東角里忠孝路段號民生路,1,陰,50,交岔路,交叉路口,無號誌,汽(機)車本身,未注意車前狀態
11002ACG91B2686,20210227,120.266232,23.198607,交通事故,交叉路口,臺南市麻豆區南勢里省道臺19甲線段號市道171甲線,3,晴,50,交岔路,交叉路口,閃光號誌,車與車,未依規定讓車
11002ACG91B2729,20210228,120.278481,23.215242,交通事故,一般地址,臺南市下營區開化里中營段426號,2,晴,50,單路部分,路段,無號誌,車與車,未保持行車安全間隔
11002ACG91B2746,20210228,120.253647,23.177082,交通事故,交叉路口,臺南市麻豆區?江里省道臺19甲線段號新生南路,1,晴,50,交岔路,交叉路口,行車管制號誌,車與車,違反號誌管制或指揮
11002ACG91B2770,20210228,120.359563,23.179458,交通事故,其他,臺南市官田區段號社子里社子66號前,1,晴,30,單路部分,路段,無號誌,車與車,倒車未依規定
11002ACG91B2802,20210228,120.25108,23.181877,交通事故,一般地址,臺南市麻豆區巷口里信義路段11之8號,3,晴,50,交岔路,交叉路口,無號誌,車與車,未依規定讓車
11002ACG91B2810,20210228,120.216378,23.232958,交通事故,其他,臺南市麻豆區段號北勢里台84線快速道路12.3公里,1,晴,100,單路部分,路段,無號誌,車與車,未注意車前狀態
11002ACG91B2841,20210228,120.349217,23.23117,交通事故,其他,臺南市六甲區段號二甲里中山路與信義路口,1,晴,50,交岔路,交叉路口,行車管制號誌,車與車,未依規定讓車
11002ACGM2B1645,20210206,120.249009,23.18549,交通事故,其他,臺南市麻豆區段號忠孝路與中正路口,1,晴,50,交岔路,交叉路口,閃光號誌,車與車,未依規定讓車
11002ACGX1B1378,20210208,120.34928,23.227516,交通事故,其他,臺南市六甲區段號民權街43號前,2,晴,50,單路部分,路段,閃光號誌,人與汽(機)車,未注意車前狀態
11002ACGY1B0418,20210202,120.268142,23.235893,交通事故,交叉路口,臺南市下營區中華街段號慈惠街,1,晴,30,交岔路,交叉路口,閃光號誌,車與車,未依規定讓車
11002ACGY1B2110,20210216,120.245484,23.233455,交通事故,其他,臺南市下營區段號燈桿530234號處,1,晴,50,單路部分,路段,無號誌,汽(機)車本身,疲勞(患病)駕駛失控
11002ACGY1B2111,20210222,120.296339,23.254607,交通事故,其他,臺南市下營區段號賀建里麻豆寮56號前,1,晴,50,交岔路,交叉路口,閃光號誌,車與車,未注意車前狀態
11003AC191B0005,20210301,120.220682,22.975503,交通事故,交叉路口,臺南市東區崇明十街段號中華東路3336,2,晴,30,交岔路,交叉路口,無號誌,車與車,未依規定讓車
11003AC191B0014,20210301,120.23633,22.988663,交通事故,一般地址,臺南市東區裕農路段655號,1,晴,0,單路部分,路段,無號誌,車與車,開啟車門不當而肇事
11003AC191B0020,20210301,120.241165,22.99001,交通事故,交叉路口,臺南市東區裕永路段號裕永一街,1,晴,50,交岔路,交叉路口,行車管制號誌,車與車,未依規定讓車
11003AC191B0034,20210301,120.234166,22.997432,交通事故,一般地址,臺南市東區中華東路1段22號,3,晴,40,單路部分,路段,無號誌,車與車,未注意車前狀態
11003AC191B0038,20210301,120.213358,22.978925,交通事故,一般地址,臺南市東區大同路2段89號,1,晴,40,單路部分,路段,無號誌,車與車,變換車道或方向不當
11003AC191B0040,20210302,120.237106,22.989898,交通事故,交叉路口,臺南市東區建東街段號建東街22,2,晴,30,交岔路,交叉路口,無號誌,車與車,未依規定讓車
11003AC191B0041,20210302,120.234586,22.996769,交通事故,交叉路口,臺南市東區中華東路段號平實一街,1,晴,60,交岔路,交叉路口,行車管制號誌(附設行人專用號誌),車與車,未依規定讓車
11003AC191B0044,20210302,120.219458,22.988403,交通事故,一般地址,臺南市東區長榮路2段80號,1,晴,50,單路部分,路段,無號誌,車與車,其他引起事故之違規或不當行為
11003AC191B0046,20210302,120.22719,22.977612,交通事故,交叉路口,臺南市東區崇善路段號崇善路232,2,晴,40,交岔路,交叉路口,行車管制號誌,車與車,未注意車前狀態
11003AC191B0066,20210302,120.221469,22.992044,交通事故,交叉路口,臺南市東區長榮路段號東寧路,1,晴,40,交岔路,交叉路口,行車管制號誌(附設行人專用號誌),車與車,酒醉(後)駕駛失控
11003AC191B0067,20210302,120.213042,22.983418,交通事故,其他,臺南市東區段號大同路一段197巷83號前,1,晴,30,單路部分,路段,無號誌,車與車,未注意車前狀態
11003AC191B0073,20210302,120.23288,22.964432,交通事故,交叉路口,臺南市東區崇善十五街段號崇善十五街42,2,晴,30,交岔路,交叉路口,無號誌,車與車,未依規定讓車
11003AC191B0074,20210302,120.247764,22.990612,交通事故,交叉路口,臺南市東區裕農路段號裕義路,1,晴,50,交岔路,交叉路口,行車管制號誌,車與車,違反號誌管制或指揮
11003AC191B0077,20210302,120.225731,22.983769,交通事故,其他,臺南市東區段號東門路、東門路二段312巷口,2,晴,40,交岔路,交叉路口,無號誌,車與車,右轉彎未依規定
11003AC191B0091,20210302,120.218362,22.998426,交通事故,其他,臺南市東區段號勝利路與成功校區路口,2,晴,40,交岔路,交叉路口,行車管制號誌(附設行人專用號誌),車與車,未依規定讓車
11003AC191B0095,20210302,120.237269,22.988735,交通事故,交叉路口,臺南市東區裕農路段號建東街,2,晴,50,交岔路,交叉路口,行車管制號誌,車與車,未保持行車安全距離
11003AC191B0111,20210302,120.226103,22.974251,交通事故,交叉路口,臺南市東區崇明十四街段號崇明十四街60,2,晴,50,交岔路,交叉路口,無號誌,車與車,左轉彎未依規定
11003AC191B0113,20210302,120.21793,22.986693,交通事故,一般地址,臺南市東區東門城圓環段號,1,晴,40,圓環廣場,路段,無號誌,車與車,未注意車前狀態
11003AC191B0128,20210303,120.216214,22.97965,交通事故,交叉路口,臺南市東區崇明五街段號崇明五街18,2,陰,30,交岔路,交叉路口,無號誌,車與車,未依規定讓車
11003AC191B0138,20210303,120.232619,22.97877,交通事故,一般地址,臺南市東區東門路3段121號0,1,晴,60,單路部分,路段,無號誌,車與車,未注意車前狀態
11003AC191B0141,20210303,120.229787,22.961683,交通事故,交叉路口,臺南市東區長東街段號德東街,2,晴,50,交岔路,交叉路口,行車管制號誌,車與車,違反號誌管制或指揮
11003AC191B0145,20210303,120.231953,22.992892,交通事故,一般地址,臺南市東區凱旋路段48號,2,晴,50,單路部分,路段,無號誌,車與車,變換車道或方向不當
11003AC191B0149,20210302,120.212082,22.996704,交通事故,一般地址,臺南市東區北門路1段314號,1,晴,50,單路部分,路段,行車管制號誌,車與車,違反特定標誌(線)禁制
11003AC191B0164,20210303,120.217098,22.996147,交通事故,一般地址,臺南市東區勝利路段17744531號,1,晴,50,單路部分,路段,無號誌,車與車,倒車未依規定
11003AC191B0174,20210303,120.227676,22.986004,交通事故,一般地址,臺南市東區裕農路段28810號,2,晴,30,單路部分,路段,無號誌,車與車,未注意車前狀態
11003AC191B0179,20210301,120.230264,22.982877,交通事故,交叉路口,臺南市東區中華東路段226號富強二街,1,晴,10,交岔路,交叉路口,閃光號誌,車與車,起步未注意其他車(人)安全
11003AC191B0195,20210302,120.225225,22.983964,交通事故,交叉路口,臺南市東區富德街段號德光街,1,晴,10,交岔路,交叉路口,閃光號誌,車與車,未依規定讓車
11003AC191B0198,20210302,120.247485,22.990499,交通事故,交叉路口,臺南市東區裕農路段號裕義路,1,晴,30,單路部分,路段,行車管制號誌,汽(機)車本身,裝載貨物不穩妥
11003AC191B0204,20210304,120.224833,22.975804,交通事故,交叉路口,臺南市東區中華東路段號崇德路,2,晴,40,單路部分,路段,行車管制號誌,車與車,其他引起事故之違規或不當行為
11003AC191B0206,20210302,120.214567,22.992675,交通事故,交叉路口,臺南市東區東寧路西段段號育樂街,1,晴,50,交岔路,交叉路口,行車管制號誌(附設行人專用號誌),車與車,未依規定讓車
11003AC191B0209,20210303,120.222902,22.974582,交通事故,一般地址,臺南市東區崇明路段385號,1,晴,5,單路部分,路段,無號誌,車與車,起步未注意其他車(人)安全