案件編號,發生日期,GPS經度,GPS緯度,案件類別名稱,地址類型名稱,發生縣市名稱,受傷人數,天候名稱, 速限-第1當事者,道路型態大類別名稱,事故位置大類別名稱,號誌-號誌種類名稱,事故類型及型態大類別名稱,肇因研判子類別名稱-主要
11003AC191B0217,20210304,120.21597,22.982043,交通事故,交叉路口,臺南市東區林森路1段號崇明路,1,晴,50,交岔路,交叉路口,行車管制號誌,車與車,未保持行車安全距離
11003AC191B0219,20210304,120.233989,22.992677,交通事故,其他,臺南市東區段號中華東路、凱旋路路口,1,晴,40,交岔路,交叉路口,行車管制號誌,車與車,左轉彎未依規定
11003AC191B0223,20210303,120.230729,22.988976,交通事故,交叉路口,臺南市東區東寧路段510號東寧路512,1,晴,30,交岔路,交叉路口,無號誌,車與車,未依規定讓車
11003AC191B0229,20210304,120.223865,22.993526,交通事故,交叉路口,臺南市東區林森路2段號長榮路366,2,晴,40,交岔路,交叉路口,行車管制號誌,車與車,違反號誌管制或指揮
11003AC191B0232,20210304,120.227038,22.985953,交通事故,其他,臺南市東區段號裕農路與裕豐街口,1,晴,50,交岔路,交叉路口,行車管制號誌,車與車,左轉彎未依規定
11003AC191B0242,20210304,120.2237,22.980235,交通事故,交叉路口,臺南市東區崇學路段號崇善路,3,晴,40,交岔路,交叉路口,行車管制號誌,車與車,其他引起事故之違規或不當行為
11003AC191B0245,20210304,120.236778,22.98884,交通事故,一般地址,臺南市東區裕農路段665-3號,1,晴,50,單路部分,路段,無號誌,車與車,未保持行車安全間隔
11003AC191B0248,20210304,120.229808,22.972399,交通事故,交叉路口,臺南市東區崇善路段號崇善七街,1,晴,50,交岔路,交叉路口,行車管制號誌,車與車,左轉彎未依規定
11003AC191B0259,20210305,120.214482,22.981915,交通事故,其他,臺南市東區段號林森路一段大同地下道機車專用道(往西方向),2,晴,40,單路部分,路段,無號誌,車與車,未保持行車安全間隔
11003AC191B0260,20210305,120.235819,22.993805,交通事故,交叉路口,臺南市東區後甲一路段號平實七街,1,晴,1,交岔路,交叉路口,閃光號誌,車與車,未依規定讓車
11003AC191B0266,20210305,120.212858,22.994391,交通事故,其他,臺南市東區段號四維地下道與前鋒路口,1,晴,50,交岔路,交叉路口,行車管制號誌,人與汽(機)車,穿越道路未注意左右來車
11003AC191B0275,20210305,120.234457,22.967314,交通事故,一般地址,臺南市東區自由路1段78號,1,晴,40,單路部分,路段,無號誌,車與車,未保持行車安全距離
11003AC191B0291,20210305,120.218112,22.980476,交通事故,一般地址,臺南市東區崇德路段78號,1,晴,40,單路部分,路段,無號誌,車與車,未保持行車安全間隔
11003AC191B0294,20210305,120.213101,22.97934,交通事故,一般地址,臺南市東區大同路2段85號,2,晴,40,單路部分,路段,無號誌,車與車,變換車道或方向不當
11003AC191B0304,20210305,120.226766,22.97792,交通事故,交叉路口,臺南市東區中華東路段號崇善路,1,晴,40,交岔路,交叉路口,行車管制號誌,車與車,未保持行車安全距離
11003AC191B0307,20210305,120.22675,22.977918,交通事故,交叉路口,臺南市東區中華東路段號崇善路,1,陰,50,交岔路,交叉路口,行車管制號誌(附設行人專用號誌),車與車,未注意車前狀態
11003AC191B0311,20210305,120.219022,22.992176,交通事故,交叉路口,臺南市東區東寧路段號勝利路52,2,晴,40,交岔路,交叉路口,無號誌,車與車,起步未注意其他車(人)安全
11003AC191B0315,20210305,120.211526,22.982296,交通事故,一般地址,臺南市東區大同路1段279號0,1,晴,40,交岔路,路段,行車管制號誌,車與車,未保持行車安全距離
11003AC191B0323,20210305,120.225331,22.984107,交通事故,其他,臺南市東區段號東門路二段與富德路路口,1,晴,50,交岔路,交叉路口,閃光號誌,車與車,未依規定讓車
11003AC191B0324,20210305,120.214566,22.985307,交通事故,其他,臺南市東區段號府連地下道往東方向轉彎處,1,晴,30,單路部分,路段,無號誌,車與車,未保持行車安全間隔
11003AC191B0326,20210305,120.224644,23.000446,交通事故,交叉路口,臺南市東區小東路段號林森路2,1,晴,50,交岔路,交叉路口,行車管制號誌,車與車,右轉彎未依規定
11003AC191B0328,20210305,120.211836,22.994483,交通事故,交叉路口,臺南市東區北門路1段號民族路1,1,晴,50,交岔路,交叉路口,行車管制號誌,車與車,未依規定讓車
11003AC191B0330,20210305,120.215047,22.975009,交通事故,一般地址,臺南市東區立德二路段28號,1,晴,30,交岔路,交叉路口,無號誌,車與車,未依規定讓車
11003AC191B0344,20210306,120.230342,22.970877,交通事故,交叉路口,臺南市東區崇善路段號崇善十街,1,晴,50,交岔路,交叉路口,無號誌,車與車,起步未注意其他車(人)安全
11003AC191B0345,20210306,120.231481,22.974012,交通事故,一般地址,臺南市東區仁和路段71號,1,晴,30,交岔路,交叉路口,無號誌,車與車,未依規定讓車
11003AC191B0347,20210306,120.235783,22.991595,交通事故,交叉路口,臺南市東區後甲一路段號瑞祥街,1,晴,50,交岔路,交叉路口,閃光號誌,車與車,未依規定讓車
11003AC191B0353,20210306,120.237967,22.972306,交通事故,一般地址,臺南市東區東門路3段33851號0,3,晴,50,交岔路,交叉路口,無號誌,車與車,左轉彎未依規定
11003AC191B0370,20210306,120.23092,22.971904,交通事故,一般地址,臺南市東區崇善八街段30號,1,晴,50,單路部分,路段,無號誌,車與車,未保持行車安全距離
11003AC191B0373,20210304,120.2419,22.985031,交通事故,交叉路口,臺南市東區裕忠路段號裕平路,1,晴,50,交岔路,交叉路口,行車管制號誌,車與車,迴轉未依規定
11003AC191B0387,20210305,120.21816,22.996254,交通事故,交叉路口,臺南市東區勝利路段號大學路,1,晴,30,交岔路,交叉路口,行車管制號誌,車與車,爭(搶)道行駛
11003AC191B0388,20210305,120.21467,22.987969,交通事故,一般地址,臺南市東區東門路1段143號,2,晴,40,單路部分,路段,無號誌,車與車,未注意車前狀態
11003AC191B0405,20210306,120.227549,22.98465,交通事故,交叉路口,臺南市東區裕豐街段68號東門路230143,1,晴,30,交岔路,交叉路口,行車管制號誌,車與車,未依規定讓車
11003AC191B0407,20210306,120.233389,22.988121,交通事故,其他,臺南市東區段號中華東路二段2號旁(後甲圓環),1,晴,50,圓環廣場,路段,行車管制號誌,車與車,未保持行車安全距離
11003AC191B0408,20210303,120.23557,22.988626,交通事故,交叉路口,臺南市東區裕農路段號裕農路621,2,晴,50,交岔路,交叉路口,行車管制號誌,車與車,未依規定讓車
11003AC191B0437,20210307,120.215263,22.98963,交通事故,交叉路口,臺南市東區東榮街段號新樓街,1,晴,30,交岔路,交叉路口,閃光號誌,車與車,未依規定讓車
11003AC191B0446,20210301,120.233177,22.988374,交通事故,其他,臺南市東區段號中華東路一段與裕農路口,2,晴,50,圓環廣場,路段,行車管制號誌,車與車,未保持行車安全間隔
11003AC191B0453,20210302,120.217879,22.987033,交通事故,一般地址,臺南市東區東門路1段253號0,1,晴,40,圓環廣場,路段,無號誌,車與車,未保持行車安全間隔
11003AC191B0457,20210306,120.243103,22.989757,交通事故,交叉路口,臺南市東區裕農路段號裕農五街,1,陰,50,交岔路,交叉路口,行車管制號誌,車與車,未注意車前狀態
11003AC191B0464,20210307,120.23704,22.992694,交通事故,其他,臺南市東區段號平實路與後甲二路路口,1,晴,50,交岔路,交叉路口,行車管制號誌(附設行人專用號誌),車與車,違反特定標誌(線)禁制
11003AC191B0469,20210308,120.223554,22.986327,交通事故,交叉路口,臺南市東區東門路2段161號衛國街106,2,晴,30,交岔路,交叉路口,無號誌,車與車,未依規定讓車
11003AC191B0471,20210302,120.21595,22.967418,交通事故,交叉路口,臺南市東區大同路2段號國民路,1,陰,60,交岔路,交叉路口,行車管制號誌(附設行人專用號誌),車與車,違反號誌管制或指揮
11003AC191B0473,20210308,120.235688,22.997813,交通事故,其他,臺南市東區段號後甲一路往小東路轉彎處,1,陰,50,單路部分,路段,無號誌,汽(機)車本身,酒醉(後)駕駛失控
11003AC191B0478,20210308,120.235585,22.988653,交通事故,其他,臺南市東區段號裕農路與裕農路621巷路口,2,晴,50,交岔路,交叉路口,行車管制號誌,車與車,蛇行、方向不定
11003AC191B0498,20210308,120.217659,22.981606,交通事故,交叉路口,臺南市東區崇德路段號崇明二街,3,晴,50,交岔路,交叉路口,閃光號誌,車與車,未依規定讓車
11003AC191B0501,20210308,120.222669,22.979117,交通事故,交叉路口,臺南市東區崇學路段號崇學路96,1,晴,50,交岔路,其他,行車管制號誌,人與汽(機)車,未注意車前狀態
11003AC191B0502,20210302,120.224456,23.000447,交通事故,其他,臺南市東區小東路段號小東路與林森路二段路口,3,晴,60,交岔路,交叉路口,行車管制號誌(附設行人專用號誌),車與車,未注意車前狀態
11003AC191B0505,20210308,120.213441,22.985229,交通事故,交叉路口,臺南市東區府連路段號府連路344,1,晴,50,交岔路,交叉路口,無號誌,車與車,未依規定讓車
11003AC191B0509,20210307,120.219969,22.989594,交通事故,一般地址,臺南市東區長榮路2段43號,1,晴,40,單路部分,路段,無號誌,車與車,開啟車門不當而肇事
11003AC191B0521,20210308,120.228728,22.995469,交通事故,交叉路口,臺南市東區光明街段號東平路,2,晴,50,交岔路,交叉路口,行車管制號誌,車與車,未依規定讓車
11003AC191B0523,20210308,120.22415,22.980398,交通事故,一般地址,臺南市東區崇學路段108號,1,晴,50,單路部分,路段,無號誌,車與車,未保持行車安全距離
11003AC191B0538,20210307,120.215804,22.984903,交通事故,一般地址,臺南市東區府連路段336號,1,晴,20,單路部分,路段,無號誌,車與車,違反特定標誌(線)禁制
11003AC191B0540,20210308,120.213128,23.00168,交通事故,其他,臺南市東區段號北門路二段與小東路路口,1,晴,50,交岔路,交叉路口,行車管制號誌(附設行人專用號誌),車與車,未保持行車安全間隔
11003AC191B0541,20210301,120.215922,22.982072,交通事故,交叉路口,臺南市東區林森路1段號崇明路,1,陰,50,交岔路,交叉路口,行車管制號誌(附設行人專用號誌),車與車,違反號誌管制或指揮
11003AC191B0546,20210309,120.224352,22.991023,交通事故,交叉路口,臺南市東區東寧路段號林森路2,1,晴,30,交岔路,交叉路口,行車管制號誌(附設行人專用號誌),車與車,違反特定標誌(線)禁制
11003AC191B0547,20210306,120.239756,22.989135,交通事故,其他,臺南市東區段號裕農路801號慈幼高工前,1,晴,50,交岔路,路段,行車管制號誌,車與車,變換車道或方向不當
11003AC191B0572,20210306,120.229406,22.967715,交通事故,一般地址,臺南市東區崇德二十街段62號,1,晴,30,交岔路,交叉路口,無號誌,車與車,未依規定讓車
11003AC191B0576,20210309,120.227346,22.996925,交通事故,一般地址,臺南市東區東安路段268號,2,晴,50,單路部分,路段,無號誌,車與車,迴轉未依規定
11003AC191B0583,20210309,120.216135,22.987424,交通事故,交叉路口,臺南市東區東門路1段號慶東街,1,晴,50,交岔路,交叉路口,行車管制號誌,車與車,未依規定讓車
11003AC191B0588,20210301,120.237456,22.973296,交通事故,交叉路口,臺南市東區自由路2段號仁和路139,2,晴,50,交岔路,交叉路口,行車管制號誌,車與車,違反號誌管制或指揮
11003AC191B0611,20210309,120.235879,22.962761,交通事故,一般地址,臺南市東區崇善路段1155號,1,晴,40,交岔路,交叉路口,閃光號誌,汽(機)車本身,未注意車前狀態
11003AC191B0612,20210309,120.234624,22.98161,交通事故,一般地址,臺南市東區富農街1段172號0,2,晴,30,單路部分,路段,無號誌,車與車,違反特定標誌(線)禁制
11003AC191B0619,20210309,120.21816,22.996254,交通事故,交叉路口,臺南市東區大學路段號勝利路,1,晴,40,交岔路,交叉路口,行車管制號誌,車與車,左轉彎未依規定
11003AC191B0624,20210309,120.227511,22.980782,交通事故,一般地址,臺南市東區崇善一街段109號,1,晴,40,交岔路,交叉路口,無號誌,車與車,未保持行車安全距離
11003AC191B0635,20210309,120.221888,22.995126,交通事故,其他,臺南市東區段號長榮路三段127號對面,2,晴,25,單路部分,路段,閃光號誌,人與汽(機)車,未注意車前狀態
11003AC191B0647,20210310,120.212215,22.997034,交通事故,一般地址,臺南市東區北門路2段4號,1,晴,50,圓環廣場,其他,行車管制號誌,車與車,未依規定讓車
11003AC191B0654,20210310,120.236949,22.964626,交通事故,交叉路口,臺南市東區仁和路段號德昌路,1,晴,50,交岔路,交叉路口,行車管制號誌,車與車,右轉彎未依規定
11003AC191B0657,20210303,120.228486,22.983096,交通事故,一般地址,臺南市東區東門路2段3653219號,1,晴,40,單路部分,路段,無號誌,車與車,未注意車前狀態
11003AC191B0671,20210310,120.212488,22.986664,交通事故,交叉路口,臺南市東區樹林街1段號樹林街1183,2,晴,30,交岔路,交叉路口,無號誌,車與車,未依規定讓車
11003AC191B0677,20210310,120.225728,22.998466,交通事故,一般地址,臺南市東區東和路段146號0,1,晴,30,交岔路,交叉路口,無號誌,車與車,未依規定讓車
11003AC191B0684,20210310,120.221632,22.984841,交通事故,交叉路口,臺南市東區林森路段號崇仁街,1,晴,50,交岔路,交叉路口,無號誌,車與車,未依規定讓車
11003AC191B0689,20210310,120.220665,22.974272,交通事故,一般地址,臺南市東區中華東路3段3361號,1,晴,30,單路部分,路段,無號誌,車與車,未靠右行駛
11003AC191B0696,20210311,120.211936,22.988887,交通事故,其他,臺南市東區段號東區東門圓環地下道(機慢車專用道),1,晴,30,單路部分,路段,無號誌,車與車,未保持行車安全間隔
11003AC191B0703,20210311,120.23337,22.978106,交通事故,一般地址,臺南市東區東門路3段168號,1,晴,60,交岔路,交叉路口,行車管制號誌,車與車,右轉彎未依規定
11003AC191B0706,20210310,120.235872,22.968081,交通事故,一般地址,臺南市東區自由路1段130號,1,晴,40,交岔路,交叉路口,無號誌,汽(機)車本身,動物竄出
11003AC191B0709,20210310,120.227492,22.969649,交通事故,交叉路口,臺南市東區崇德路段號崇德十六街,1,晴,40,交岔路,交叉路口,無號誌,車與車,左轉彎未依規定
11003AC191B0727,20210311,120.22,22.983294,交通事故,交叉路口,臺南市東區林森路1段號崇善路,1,晴,40,單路部分,路段,行車管制號誌,車與車,未保持行車安全距離
11003AC191B0730,20210311,120.243447,22.98124,交通事故,交叉路口,臺南市東區裕孝路段號裕忠一街,1,晴,50,交岔路,交叉路口,閃光號誌,車與車,未依規定讓車
11003AC191B0733,20210311,120.231907,22.986491,交通事故,其他,臺南市東區段號裕農路446巷與裕農路446巷52弄路口,1,晴,30,交岔路,交叉路口,無號誌,車與車,未依規定讓車
11003AC191B0734,20210311,120.221503,22.973697,交通事故,其他,臺南市東區段號中華東路三段與中華東路三段377巷路口,1,晴,60,交岔路,交叉路口,行車管制號誌(附設行人專用號誌),車與車,未依規定讓車
11003AC191B0741,20210311,120.226454,22.998393,交通事故,一般地址,臺南市東區東和路段161號,1,晴,40,單路部分,路段,無號誌,車與車,其他引起事故之違規或不當行為
11003AC191B0753,20210311,120.227953,22.985962,交通事故,交叉路口,臺南市東區裕農路段288號裕農路28820,1,晴,30,交岔路,交叉路口,無號誌,車與車,未保持行車安全距離
11003AC191B0760,20210311,120.22371,22.99136,交通事故,一般地址,臺南市東區東寧路段168號,2,晴,40,單路部分,路段,無號誌,車與車,未注意車前狀態
11003AC191B0765,20210305,120.222347,22.986214,交通事故,一般地址,臺南市東區林森路2段35號6,1,晴,50,交岔路,交叉路口,無號誌,車與車,未依規定讓車
11003AC191B0768,20210306,120.2118,22.994489,交通事故,交叉路口,臺南市東區北門路段號民族路,1,晴,50,交岔路,交叉路口,行車管制號誌,車與車,違反號誌管制或指揮
11003AC191B0769,20210305,120.212928,23.000651,交通事故,其他,臺南市東區段號北門路二段24號前公車停靠站,2,晴,50,單路部分,其他,無號誌,車與車,變換車道或方向不當
11003AC191B0770,20210311,120.219976,22.992152,交通事故,交叉路口,臺南市東區東寧路段號東寧路15,1,晴,50,交岔路,交叉路口,行車管制號誌,車與車,右轉彎未依規定
11003AC191B0801,20210312,120.230743,22.988958,交通事故,交叉路口,臺南市東區東寧路段512號東寧路510,1,晴,30,交岔路,交叉路口,無號誌,車與車,未依規定讓車
11003AC191B0820,20210312,120.234417,22.996794,交通事故,交叉路口,臺南市東區中華東路段號平實一街,1,晴,50,交岔路,交叉路口,行車管制號誌(附設行人專用號誌),車與車,違反號誌管制或指揮
11003AC191B0825,20210311,120.213177,22.994366,交通事故,其他,臺南市東區段號民族路一段與東寧路西段地下道口,1,晴,40,交岔路,交叉路口,行車管制號誌,車與車,未依規定讓車
11003AC191B0829,20210308,120.216181,22.980152,交通事故,交叉路口,臺南市東區崇明四街段號崇明四街26,1,晴,30,交岔路,交叉路口,無號誌,車與車,未注意車前狀態
11003AC191B0831,20210312,120.225685,22.967721,交通事故,交叉路口,臺南市東區崇明路段號崇明二十二街,1,晴,30,交岔路,交叉路口,無號誌,車與車,未依規定讓車
11003AC191B0832,20210312,120.227495,22.969243,交通事故,一般地址,臺南市東區崇德路段664號,1,晴,50,交岔路,交叉路口,行車管制號誌,車與車,起步未注意其他車(人)安全
11003AC191B0833,20210311,120.218868,22.98659,交通事故,交叉路口,臺南市東區東門路1段號慶東街,1,晴,50,交岔路,交叉路口,行車管制號誌,車與車,違反號誌管制或指揮
11003AC191B0836,20210312,120.227628,22.96218,交通事故,一般地址,臺南市東區崇德路段941號,1,晴,50,單路部分,路段,無號誌,車與車,未注意車前狀態
11003AC191B0849,20210312,120.24133,22.989469,交通事故,交叉路口,臺南市東區裕農路段號裕忠路,1,晴,40,交岔路,交叉路口,行車管制號誌,車與車,未注意車前狀態
11003AC191B0861,20210312,120.246578,22.990467,交通事故,一般地址,臺南市東區裕農路段975之8號,1,晴,50,單路部分,路段,行車管制號誌,車與車,違規停車或暫停不當而肇事
11003AC191B0879,20210312,120.231585,22.961737,交通事故,交叉路口,臺南市東區德東街段號德東街151,2,晴,50,交岔路,交叉路口,閃光號誌,車與車,未依規定讓車
11003AC191B0886,20210313,120.237181,22.982295,交通事故,其他,臺南市東區段號自由路三段376號前,2,晴,50,單路部分,路段,無號誌,人與汽(機)車,未依規定行走行人穿越道、地下道、天橋而穿越道路
11003AC191B0904,20210313,120.227405,22.990207,交通事故,交叉路口,臺南市東區東寧路段號怡東路,1,晴,50,交岔路,交叉路口,行車管制號誌(附設行人專用號誌),車與車,右轉彎未依規定
11003AC191B0927,20210313,120.223776,22.98057,交通事故,一般地址,臺南市東區崇學路段197號,1,晴,50,單路部分,路段,行車管制號誌(附設行人專用號誌),車與車,違反特定標誌(線)禁制
11003AC191B0938,20210313,120.225968,22.990644,交通事故,交叉路口,臺南市東區東安路段號東寧路,2,晴,40,交岔路,交叉路口,行車管制號誌,車與車,其他引起事故之違規或不當行為
11003AC191B0939,20210313,120.234667,22.981865,交通事故,其他,臺南市東區段號富農街一段與富農街一段188巷路口,1,晴,50,交岔路,交叉路口,行車管制號誌,車與車,違反特定標誌(線)禁制
11003AC191B0984,20210312,120.248139,22.97804,交通事故,一般地址,臺南市東區裕義路段638對面號,1,晴,50,單路部分,路段,無號誌,車與車,變換車道或方向不當
11003AC191B1018,20210314,120.237573,22.971853,交通事故,其他,臺南市東區段號自由路二段與自由路二段69巷路口附近,1,晴,50,交岔路,交叉路口,行車管制號誌,車與車,違反特定標誌(線)禁制
11003AC191B1025,20210314,120.234607,22.99685,交通事故,交叉路口,臺南市東區中華東路1段號平實一街,1,晴,60,交岔路,交叉路口,行車管制號誌(附設行人專用號誌),車與車,未依規定讓車
11003AC191B1032,20210308,120.238148,22.975575,交通事故,其他,臺南市東區段號東門路三段與東門路三段338巷口,1,晴,50,交岔路,交叉路口,行車管制號誌,車與車,左轉彎未依規定
11003AC191B1033,20210314,120.235181,22.984917,交通事故,一般地址,臺南市東區中華東路2段13372號,1,晴,40,交岔路,交叉路口,無號誌,車與車,未依規定讓車
11003AC191B1050,20210315,120.228075,22.998455,交通事故,一般地址,臺南市東區東和路段56號0,1,晴,50,單路部分,路段,無號誌,車與車,違反特定標誌(線)禁制
11003AC191B1052,20210315,120.230778,22.982537,交通事故,交叉路口,臺南市東區中華東路2段號中華東路2295,1,晴,60,交岔路,交叉路口,行車管制號誌,車與車,未保持行車安全距離
11003AC191B1059,20210310,120.229835,22.972323,交通事故,交叉路口,臺南市東區崇善路段號崇道路,1,晴,50,交岔路,交叉路口,行車管制號誌,車與車,未依規定讓車
11003AC191B1061,20210315,120.211257,22.984866,交通事故,其他,臺南市東區段號府連路近大同路一段路口,1,晴,50,單路部分,路段,行車管制號誌(附設行人專用號誌),車與車,未保持行車安全間隔
11003AC191B1063,20210315,120.228377,22.974028,交通事故,交叉路口,臺南市東區崇德八街段號崇德八街46,1,晴,50,交岔路,交叉路口,無號誌,車與車,未依規定讓車
11003AC191B1067,20210315,120.212088,22.981167,交通事故,交叉路口,臺南市東區林森路1段號大同路1,2,晴,50,交岔路,路段,行車管制號誌(附設行人專用號誌),車與車,煞車失靈
11003AC191B1072,20210310,120.226148,22.985559,交通事故,一般地址,臺南市東區裕農路段41號0,2,晴,50,交岔路,交叉路口,行車管制號誌,車與車,未依規定讓車
11003AC191B1078,20210311,120.22857,22.970626,交通事故,一般地址,臺南市東區崇德十四街段34號0,2,晴,30,交岔路,交叉路口,無號誌,車與車,未依規定讓車
11003AC191B1084,20210315,120.212729,22.999815,交通事故,其他,臺南市東區段號北門路二段與公園南路口南側,1,晴,50,單路部分,路段,行車管制號誌(附設行人專用號誌),車與車,未注意車前狀態
11003AC191B1092,20210315,120.233983,22.992735,交通事故,交叉路口,臺南市東區中華東路1段號凱旋路,1,晴,40,交岔路,交叉路口,行車管制號誌,車與車,未保持行車安全距離
11003AC191B1095,20210313,120.231656,22.985092,交通事故,交叉路口,臺南市東區中華東路2段96號東門路2301,1,晴,30,交岔路,交叉路口,無號誌,車與車,未依規定讓車
11003AC191B1098,20210315,120.221426,22.976082,交通事故,交叉路口,臺南市東區崇明路段號崇明十街,2,晴,50,交岔路,交叉路口,行車管制號誌,車與車,未依規定讓車
11003AC191B1118,20210315,120.230387,22.969289,交通事故,交叉路口,臺南市東區崇德十七街段號崇德十五街92,1,晴,30,交岔路,交叉路口,無號誌,車與車,未依規定讓車
11003AC191B1123,20210315,120.222438,22.973901,交通事故,其他,臺南市東區段號中華東路三段與中華東路三段357巷口,1,晴,60,交岔路,交叉路口,無號誌,車與車,未依規定讓車
11003AC191B1128,20210301,120.224257,22.98067,交通事故,一般地址,臺南市東區崇學路段112號,3,晴,50,單路部分,路段,無號誌,車與車,起步未注意其他車(人)安全
11003AC191B1139,20210316,120.234274,22.977443,交通事故,交叉路口,臺南市東區東門路3段號富農街1,1,晴,50,交岔路,交叉路口,行車管制號誌,車與車,未保持行車安全距離
11003AC191B1140,20210316,120.220128,22.979103,交通事故,交叉路口,臺南市東區崇德路段號崇明路187,1,晴,50,交岔路,交叉路口,無號誌,車與車,未依規定讓車
11003AC191B1153,20210308,120.216148,22.987458,交通事故,交叉路口,臺南市東區東門路段號慶東街,1,晴,50,交岔路,交叉路口,行車管制號誌,車與車,未注意車前狀態
11003AC191B1155,20210316,120.223844,22.992928,交通事故,交叉路口,臺南市東區林森路2段號林森路291,2,晴,50,交岔路,交叉路口,行車管制號誌,車與車,未依規定讓車
11003AC191B1158,20210316,120.225968,22.990644,交通事故,交叉路口,臺南市東區東寧路段號東安路,1,晴,50,交岔路,交叉路口,行車管制號誌,車與車,左轉彎未依規定
11003AC191B1163,20210315,120.22406,22.979936,交通事故,一般地址,臺南市東區崇善路段195之1號,1,晴,50,單路部分,路段,無號誌,車與車,未保持行車安全距離
11003AC191B1167,20210316,120.232465,22.972298,交通事故,交叉路口,臺南市東區仁和路段號崇善九街,1,晴,10,交岔路,交叉路口,無號誌,車與車,未依規定讓車
11003AC191B1170,20210316,120.228452,22.983083,交通事故,交叉路口,臺南市東區東門路2段36532號東門路2351,1,晴,30,交岔路,交叉路口,無號誌,車與車,未保持行車安全間隔
11003AC191B1201,20210315,120.222743,22.985393,交通事故,交叉路口,臺南市東區東門路2段號崇仁街,1,晴,40,交岔路,交叉路口,無號誌,車與車,未依規定讓車
11003AC191B1204,20210316,120.233964,22.992731,交通事故,交叉路口,臺南市東區中華東路1段號凱旋路,1,晴,40,交岔路,交叉路口,行車管制號誌,車與車,其他引起事故之違規或不當行為
11003AC191B1207,20210313,120.231494,22.968008,交通事故,一般地址,臺南市東區崇善路段761號,1,晴,50,單路部分,路段,無號誌,車與車,起步未注意其他車(人)安全
11003AC191B1209,20210302,120.231765,22.977791,交通事故,交叉路口,臺南市東區文化一街段號文化二街,1,晴,50,交岔路,交叉路口,無號誌,車與車,未依規定讓車
11003AC191B1211,20210302,120.226116,22.983385,交通事故,一般地址,臺南市東區東門路2段326號,1,晴,50,單路部分,路段,無號誌,車與車,開啟車門不當而肇事
11003AC191B1216,20210303,120.220884,22.974474,交通事故,交叉路口,臺南市東區榮譽街段號中華東路3380,2,晴,50,交岔路,交叉路口,無號誌,車與車,未依規定讓車
11003AC191B1218,20210311,120.221859,22.995988,交通事故,交叉路口,臺南市東區長榮路3段號長榮路386,1,晴,50,交岔路,交叉路口,無號誌,車與車,未依規定讓車
11003AC191B1219,20210317,120.22748,22.971619,交通事故,交叉路口,臺南市東區崇德路段號崇明十五街,1,晴,40,交岔路,交叉路口,行車管制號誌,車與車,不明原因肇事
11003AC191B1220,20210310,120.239556,22.984973,交通事故,其他,臺南市東區段號裕平路與裕農三街路口,2,晴,40,交岔路,交叉路口,行車管制號誌,車與車,其他引起事故之違規或不當行為
11003AC191B1223,20210316,120.221457,22.976074,交通事故,其他,臺南市東區段號崇明路與崇明十街口,1,晴,40,交岔路,交叉路口,行車管制號誌,車與車,左轉彎未依規定
11003AC191B1229,20210316,120.233051,22.972125,交通事故,交叉路口,臺南市東區文化二街段號文化一街,1,晴,50,交岔路,交叉路口,無號誌,車與車,未依規定讓車
11003AC191B1235,20210316,120.223697,22.980229,交通事故,交叉路口,臺南市東區崇善路段號崇學路,1,晴,50,交岔路,交叉路口,行車管制號誌,車與車,左轉彎未依規定
11003AC191B1260,20210317,120.231375,22.96813,交通事故,交叉路口,臺南市東區崇善路段號崇善十三街,2,晴,50,交岔路,交叉路口,無號誌,車與車,未注意車前狀態
11003AC191B1266,20210317,120.226187,22.978439,交通事故,交叉路口,臺南市東區崇善路段號崇善一街,2,晴,40,交岔路,交叉路口,行車管制號誌,車與車,違反號誌管制或指揮
11003AC191B1267,20210317,120.230051,22.971746,交通事故,交叉路口,臺南市東區崇善路段號崇德十二街,1,晴,50,交岔路,交叉路口,行車管制號誌,車與車,未依規定讓車
11003AC191B1272,20210315,120.247986,22.979839,交通事故,交叉路口,臺南市東區裕義路段號裕敬路,1,晴,50,交岔路,交叉路口,行車管制號誌,車與車,未注意車前狀態
11003AC191B1284,20210317,120.231083,22.960005,交通事故,一般地址,臺南市東區長東街段14549號0,1,晴,30,交岔路,交叉路口,無號誌,車與車,左轉彎未依規定
11003AC191B1291,20210317,120.223283,22.97964,交通事故,一般地址,臺南市東區崇學路段98號,1,晴,50,交岔路,交叉路口,行車管制號誌,車與車,違反號誌管制或指揮
11003AC191B1297,20210317,120.241718,22.987831,交通事故,交叉路口,臺南市東區裕和路段號裕忠路,1,晴,40,交岔路,交叉路口,行車管制號誌,車與車,未依規定讓車
11003AC191B1299,20210317,120.236356,22.961908,交通事故,交叉路口,臺南市東區崇善路段號德東街,1,晴,50,交岔路,交叉路口,行車管制號誌,車與車,左轉彎未依規定
11003AC191B1303,20210317,120.215212,22.984685,交通事故,交叉路口,臺南市東區府連路段312號府連路3264,2,晴,30,交岔路,交叉路口,無號誌,車與車,未依規定讓車
11003AC191B1313,20210317,120.212247,22.997135,交通事故,一般地址,臺南市東區北門路2段號0,2,晴,40,圓環廣場,路段,行車管制號誌,車與車,左轉彎未依規定
11003AC191B1327,20210317,120.21233,22.985012,交通事故,交叉路口,臺南市東區府連路段號府連路182,2,晴,50,交岔路,交叉路口,行車管制號誌,車與車,未注意車前狀態