案件編號,發生日期,GPS經度,GPS緯度,案件類別名稱,地址類型名稱,發生縣市名稱,受傷人數,天候名稱, 速限-第1當事者,道路型態大類別名稱,事故位置大類別名稱,號誌-號誌種類名稱,事故類型及型態大類別名稱,肇因研判子類別名稱-主要
11003AC191B1348,20210317,120.21802,22.984172,交通事故,交叉路口,臺南市東區長榮路1段號府連東路,1,晴,50,交岔路,交叉路口,行車管制號誌,車與車,左轉彎未依規定
11003AC191B1363,20210316,120.234927,22.977245,交通事故,一般地址,臺南市東區東門路3段205號,1,晴,50,單路部分,路段,無號誌,車與車,未保持行車安全距離
11003AC191B1366,20210318,120.223269,22.985251,交通事故,一般地址,臺南市東區東門路2段163號0,2,晴,40,交岔路,交叉路口,閃光號誌,車與車,尚未發現肇事因素
11003AC191B1368,20210317,120.229232,22.998567,交通事故,交叉路口,臺南市東區東和路段號東和路57,1,晴,50,交岔路,交叉路口,無號誌,車與車,左轉彎未依規定
11003AC191B1374,20210318,120.227395,22.970269,交通事故,一般地址,臺南市東區崇德路段654號0,1,晴,40,單路部分,路段,無號誌,車與車,起步未注意其他車(人)安全
11003AC191B1375,20210318,120.21133,22.987015,交通事故,交叉路口,臺南市東區大同路1段號大同路173,2,晴,30,交岔路,交叉路口,無號誌,車與車,未依規定讓車
11003AC191B1379,20210317,120.230849,22.969272,交通事故,一般地址,臺南市東區崇善路段612號,2,晴,50,單路部分,路段,無號誌,車與車,橫越道路不慎
11003AC191B1388,20210318,120.23755,22.966248,交通事故,交叉路口,臺南市東區德昌路段號德昌一街,2,晴,50,交岔路,交叉路口,閃光號誌,車與車,未依規定讓車
11003AC191B1395,20210316,120.238157,22.994589,交通事故,交叉路口,臺南市東區後甲三街段號平實六路,2,晴,50,交岔路,交叉路口,閃光號誌,車與車,未依規定減速
11003AC191B1407,20210317,120.246891,22.990915,交通事故,一般地址,臺南市東區裕農路段9795號,1,晴,50,交岔路,交叉路口,無號誌,車與車,未依規定讓車
11003AC191B1409,20210318,120.22844,22.976545,交通事故,交叉路口,臺南市東區崇善路段號崇德六街,1,晴,50,交岔路,交叉路口,行車管制號誌,車與車,未注意車前狀態
11003AC191B1410,20210318,120.225041,22.976021,交通事故,一般地址,臺南市東區中華東路3段221號0,1,晴,40,單路部分,路段,無號誌,汽(機)車本身,未保持行車安全距離
11003AC191B1424,20210318,120.22517,22.989453,交通事故,交叉路口,臺南市東區林森路2段192號林森路219224,2,晴,30,交岔路,交叉路口,閃光號誌,車與車,未依規定讓車
11003AC191B1425,20210318,120.237725,22.969771,交通事故,一般地址,臺南市東區自由路1段270號,3,晴,40,交岔路,交叉路口,無號誌,車與車,起步未注意其他車(人)安全
11003AC191B1434,20210318,120.229441,22.98121,交通事故,交叉路口,臺南市東區中華東路2段號東門路2,1,晴,50,交岔路,交叉路口,行車管制號誌(附設行人專用號誌),車與車,左轉彎未依規定
11003AC191B1454,20210319,120.212086,22.981298,交通事故,交叉路口,臺南市東區林森路段號大同路,1,晴,50,交岔路,交叉路口,行車管制號誌,車與車,其他引起事故之違規或不當行為
11003AC191B1458,20210319,120.245029,22.990134,交通事故,交叉路口,臺南市東區裕農路段號裕農六街,1,晴,50,交岔路,交叉路口,行車管制號誌,車與車,未依規定讓車
11003AC191B1463,20210318,120.230735,22.989149,交通事故,交叉路口,臺南市東區東寧路段號東光路,2,晴,30,交岔路,交叉路口,行車管制號誌,車與車,其他引起事故之違規或不當行為
11003AC191B1465,20210319,120.236214,22.980794,交通事故,交叉路口,臺南市東區東成街段13112號東成街11112,1,晴,30,交岔路,交叉路口,無號誌,車與車,未依規定讓車
11003AC191B1468,20210319,120.238189,22.992734,交通事故,交叉路口,臺南市東區平實路段號後甲三街,1,晴,30,交岔路,交叉路口,行車管制號誌,汽(機)車本身,未注意車前狀態
11003AC191B1469,20210315,120.215877,22.984932,交通事故,一般地址,臺南市東區府連路段339號,1,晴,40,單路部分,路段,無號誌,車與車,變換車道或方向不當
11003AC191B1474,20210319,120.218014,22.984547,交通事故,一般地址,臺南市東區長榮路1段203號,1,晴,50,單路部分,路段,無號誌,車與車,未保持行車安全間隔
11003AC191B1475,20210312,120.220176,22.974149,交通事故,交叉路口,臺南市東區中華東路3段380號中華東路34528,2,晴,30,交岔路,交叉路口,無號誌,車與車,未依規定讓車
11003AC191B1503,20210319,120.223232,22.991466,交通事故,一般地址,臺南市東區東寧路段101號,1,晴,50,單路部分,路段,無號誌,車與車,未依規定讓車
11003AC191B1514,20210319,120.229763,22.980933,交通事故,一般地址,臺南市東區東門路3段7號,1,晴,50,單路部分,路段,行車管制號誌,車與車,未注意車前狀態
11003AC191B1519,20210319,120.219972,22.972134,交通事故,一般地址,臺南市東區中華東路3段3992422號,1,晴,30,單路部分,路段,無號誌,車與車,起步未注意其他車(人)安全
11003AC191B1520,20210319,120.235023,22.988416,交通事故,一般地址,臺南市東區裕農路段596號,2,晴,50,單路部分,路段,無號誌,車與車,未保持行車安全距離
11003AC191B1526,20210315,120.23357,22.987634,交通事故,其他,臺南市東區段號中華東路二段31號前,1,晴,60,單路部分,路段,無號誌,車與車,變換車道或方向不當
11003AC191B1527,20210319,120.224198,22.99,交通事故,其他,臺南市東區段號林森路二段208號前,1,晴,0,單路部分,路段,無號誌,車與車,起步未注意其他車(人)安全
11003AC191B1528,20210319,120.219272,22.978437,交通事故,其他,臺南市東區段號崇明路與崇明路266巷路口附近,1,晴,40,交岔路,交叉路口,行車管制號誌,車與車,未注意車前狀態
11003AC191B1536,20210319,120.224437,22.998448,交通事故,交叉路口,臺南市東區林森路2段號東和路,3,陰,40,交岔路,交叉路口,行車管制號誌(附設行人專用號誌),車與車,未依規定讓車
11003AC191B1543,20210304,120.2197,22.974897,交通事故,交叉路口,臺南市東區崇明十街段號中華東路3380,1,晴,30,交岔路,交叉路口,無號誌,車與車,左轉彎未依規定
11003AC191B1551,20210319,120.225524,22.972076,交通事故,其他,臺南市東區段號崇明路與崇道路口,1,晴,50,交岔路,交叉路口,行車管制號誌(附設行人專用號誌),車與車,其他引起事故之違規或不當行為
11003AC191B1554,20210320,120.224287,22.976245,交通事故,交叉路口,臺南市東區崇德路段號崇明十二街,3,晴,50,交岔路,交叉路口,行車管制號誌,車與車,未依規定讓車
11003AC191B1555,20210313,120.224519,22.987261,交通事故,一般地址,臺南市東區衛國街段11214號5,1,晴,30,單路部分,路段,無號誌,車與車,倒車未依規定
11003AC191B1578,20210319,120.239378,22.989034,交通事故,交叉路口,臺南市東區裕農路段號裕農三街,1,晴,40,交岔路,交叉路口,行車管制號誌,車與車,未依規定讓車
11003AC191B1586,20210320,120.216567,22.964543,交通事故,交叉路口,臺南市東區大同路2段號生產路,2,晴,40,交岔路,交叉路口,行車管制號誌,車與車,未注意車前狀態
11003AC191B1587,20210320,120.226628,22.984338,交通事故,其他,臺南市東區段號裕豐街與裕豐街61巷口,1,晴,40,交岔路,交叉路口,無號誌,車與車,未注意車前狀態
11003AC191B1589,20210320,120.223109,22.985274,交通事故,交叉路口,臺南市東區東門路2段號富德街,1,晴,50,交岔路,交叉路口,行車管制號誌,車與車,左轉彎未依規定
11003AC191B1598,20210307,120.237607,22.978478,交通事故,一般地址,臺南市東區自由路3段145號,1,陰,50,單路部分,路段,無號誌,汽(機)車本身,未注意車前狀態
11003AC191B1616,20210320,120.218944,22.986561,交通事故,一般地址,臺南市東區東門路2段2號,2,晴,50,單路部分,路段,行車管制號誌(附設行人專用號誌),車與車,未注意車前狀態
11003AC191B1619,20210308,120.23559,22.988625,交通事故,交叉路口,臺南市東區裕農路段號裕農路621,3,陰,50,交岔路,交叉路口,行車管制號誌,車與車,未依規定讓車
11003AC191B1629,20210321,120.224668,23.000579,交通事故,交叉路口,臺南市東區小東路段號林森路,2,晴,50,交岔路,交叉路口,行車管制號誌,車與車,未依規定讓車
11003AC191B1633,20210307,120.228725,22.983112,交通事故,一般地址,臺南市東區東門路2段3653215號,1,晴,30,單路部分,路段,無號誌,車與車,其他引起事故之違規或不當行為
11003AC191B1656,20210321,120.227505,22.966737,交通事故,交叉路口,臺南市東區崇德路段號崇德二十三街,1,晴,40,交岔路,交叉路口,無號誌,車與車,左轉彎未依規定
11003AC191B1657,20210321,120.215946,22.972563,交通事故,其他,臺南市東區段號中華東路三段(中華路橋上東向外側車道),1,晴,60,單路部分,路段,無號誌,車與車,未保持行車安全間隔
11003AC191B1665,20210321,120.226405,22.988181,交通事故,交叉路口,臺南市東區林森路2段19224號裕豐街185,1,晴,30,交岔路,交叉路口,無號誌,車與車,未依規定讓車
11003AC191B1677,20210321,120.229244,22.993209,交通事故,其他,臺南市東區段號東興路與凱旋路路口,1,晴,40,交岔路,交叉路口,行車管制號誌(附設行人專用號誌),車與車,未依規定讓車
11003AC191B1678,20210320,120.227493,22.973053,交通事故,交叉路口,臺南市東區崇德路段號崇德十街,1,晴,30,交岔路,交叉路口,無號誌,車與車,未依規定讓車
11003AC191B1683,20210321,120.24133,22.989469,交通事故,交叉路口,臺南市東區裕農路段號裕永路,1,晴,50,交岔路,交叉路口,行車管制號誌,車與車,未保持行車安全間隔
11003AC191B1696,20210321,120.232808,22.988537,交通事故,交叉路口,臺南市東區東寧路段號裕農路,1,晴,50,交岔路,交叉路口,行車管制號誌,車與車,左轉彎未依規定
11003AC191B1702,20210321,120.2284,22.980056,交通事故,其他,臺南市東區段號中華東路三段48號前,2,晴,40,單路部分,路段,無號誌,車與車,未保持行車安全距離
11003AC191B1708,20210309,120.212902,22.994389,交通事故,交叉路口,臺南市東區民族路1段號前鋒路,1,晴,50,交岔路,交叉路口,行車管制號誌(附設行人專用號誌),車與車,起步未注意其他車(人)安全
11003AC191B1712,20210321,120.213125,22.993971,交通事故,交叉路口,臺南市東區民族路1段號前鋒路,2,晴,50,交岔路,交叉路口,無號誌,車與車,未依規定讓車
11003AC191B1748,20210322,120.235788,22.994639,交通事故,交叉路口,臺南市東區後甲一路段號平實五路,2,陰,50,交岔路,交叉路口,無號誌,車與車,未保持行車安全距離
11003AC191B1758,20210322,120.214762,22.995053,交通事故,其他,臺南市東區段號育樂街129號前,2,晴,50,單路部分,路段,無號誌,車與車,違反特定標誌(線)禁制
11003AC191B1761,20210321,120.221465,22.976059,交通事故,其他,臺南市東區段號崇明路與崇明十街路口,1,晴,50,交岔路,路段,行車管制號誌,車與車,其他引起事故之違規或不當行為
11003AC191B1786,20210316,120.212603,22.988678,交通事故,一般地址,臺南市東區東門路1段57號,0,晴,40,交岔路,交叉路口,無號誌,汽(機)車本身,不明原因肇事
11003AC191B1803,20210322,120.215341,22.976892,交通事故,一般地址,臺南市東區立德八路段53號0,1,晴,30,交岔路,交叉路口,無號誌,車與車,未依規定讓車
11003AC191B1804,20210317,120.223419,22.985014,交通事故,一般地址,臺南市東區東門路2段200號,1,晴,50,單路部分,路段,行車管制號誌,汽(機)車本身,未注意車前狀態
11003AC191B1813,20210318,120.231391,22.979533,交通事故,交叉路口,臺南市東區東門路段號東成街,2,晴,60,交岔路,交叉路口,行車管制號誌,車與車,變換車道或方向不當
11003AC191B1823,20210322,120.239724,22.995592,交通事故,交叉路口,臺南市東區裕永路段號平實四街,2,晴,50,交岔路,交叉路口,行車管制號誌,車與車,違反號誌管制或指揮
11003AC191B1834,20210323,120.218908,22.986508,交通事故,交叉路口,臺南市東區長榮路1段號東門路2,1,晴,50,交岔路,交叉路口,行車管制號誌,車與車,未保持行車安全距離
11003AC191B1835,20210323,120.215341,22.985091,交通事故,交叉路口,臺南市東區府連路段號慶東街,3,晴,50,交岔路,交叉路口,行車管制號誌,車與車,未依規定讓車
11003AC191B1844,20210323,120.234439,22.997072,交通事故,一般地址,臺南市東區中華東路1段26號,1,晴,40,單路部分,路段,無號誌,汽(機)車本身,未注意車前狀態
11003AC191B1854,20210321,120.217692,22.986689,交通事故,一般地址,臺南市東區東門路1段342號,1,晴,40,圓環廣場,其他,無號誌,車與車,未保持行車安全間隔
11003AC191B1855,20210323,120.224073,22.976544,交通事故,一般地址,臺南市東區崇德路段373號,1,陰,50,單路部分,路段,無號誌,車與車,未保持行車安全間隔
11003AC191B1864,20210323,120.23146,22.974029,交通事故,交叉路口,臺南市東區仁和路段號仁和路69,2,晴,50,交岔路,交叉路口,無號誌,車與車,未依規定讓車
11003AC191B1876,20210323,120.217429,22.982548,交通事故,交叉路口,臺南市東區林森路1段號長榮路1,1,晴,40,交岔路,交叉路口,行車管制號誌,車與車,未保持行車安全距離
11003AC191B1894,20210323,120.233843,22.981845,交通事故,交叉路口,臺南市東區中華東路2段24357號富農街1131,1,晴,30,交岔路,交叉路口,無號誌,車與車,未依規定讓車
11003AC191B1899,20210323,120.212276,22.997163,交通事故,一般地址,臺南市東區北門路2段4號,2,晴,50,圓環廣場,其他,無號誌,車與車,變換車道或方向不當
11003AC191B1907,20210323,120.216659,22.984653,交通事故,交叉路口,臺南市東區府連東路段號府連路,1,晴,40,交岔路,交叉路口,行車管制號誌,車與車,右轉彎未依規定
11003AC191B1946,20210324,120.223834,22.980119,交通事故,交叉路口,臺南市東區崇善路段號崇學路,1,陰,50,單路部分,路段,無號誌,車與車,迴轉未依規定
11003AC191B1958,20210324,120.220663,22.996057,交通事故,一般地址,臺南市東區大學路段44212號,1,陰,30,單路部分,路段,無號誌,車與車,未依規定讓車
11003AC191B1967,20210322,120.22813,22.984028,交通事故,交叉路口,臺南市東區東門路2段301號東門路230153,2,晴,40,交岔路,交叉路口,無號誌,車與車,未依規定讓車
11003AC191B1968,20210323,120.225556,22.990776,交通事故,交叉路口,臺南市東區東寧路段號東寧路201,1,晴,50,交岔路,交叉路口,行車管制號誌,車與車,左轉彎未依規定
11003AC191B1975,20210322,120.218212,22.984815,交通事故,交叉路口,臺南市東區長榮路1段號光華街,2,晴,50,交岔路,交叉路口,閃光號誌,車與車,未依規定讓車
11003AC191B1981,20210324,120.215961,22.982021,交通事故,交叉路口,臺南市東區林森路1段號崇明路,2,陰,50,交岔路,交叉路口,行車管制號誌,車與車,違反號誌管制或指揮
11003AC191B1996,20210323,120.228653,22.985072,交通事故,交叉路口,臺南市東區裕農路段28860號裕豐街84,2,晴,40,交岔路,交叉路口,無號誌,車與車,未依規定讓車
11003AC191B2016,20210323,120.221492,22.985715,交通事故,交叉路口,臺南市東區東門路2段號東門路2158,1,晴,50,交岔路,交叉路口,閃光號誌,車與車,未依規定讓車
11003AC191B2017,20210324,120.229244,22.993209,交通事故,交叉路口,臺南市東區東興路段號凱旋路,1,晴,50,交岔路,交叉路口,行車管制號誌,車與車,未依規定讓車
11003AC191B2019,20210324,120.239796,22.99368,交通事故,交叉路口,臺南市東區裕永路段號平實八街,1,晴,50,交岔路,交叉路口,行車管制號誌,車與車,右轉彎未依規定
11003AC191B2026,20210324,120.23427,22.969584,交通事故,一般地址,臺南市東區仁和路段131號,1,晴,40,單路部分,路段,行車管制號誌,車與車,未注意車前狀態
11003AC191B2030,20210324,120.21742,22.987192,交通事故,交叉路口,臺南市東區東門路1段號勝利路,2,晴,50,圓環廣場,其他,無號誌,車與車,違反特定標誌(線)禁制
11003AC191B2032,20210319,120.217429,22.982548,交通事故,交叉路口,臺南市東區林森路段號長榮路,1,晴,50,交岔路,交叉路口,行車管制號誌,車與車,右轉彎未依規定
11003AC191B2035,20210323,120.225584,22.982217,交通事故,一般地址,臺南市東區崇學路段204號,2,晴,40,單路部分,路段,無號誌,車與車,橫越道路不慎
11003AC191B2039,20210323,120.239595,22.987652,交通事故,交叉路口,臺南市東區裕和路段號裕農三街,2,晴,50,交岔路,交叉路口,行車管制號誌,車與車,左轉彎未依規定
11003AC191B2042,20210320,120.221639,22.981762,交通事故,交叉路口,臺南市東區崇善路段號崇德二街,1,晴,30,交岔路,交叉路口,行車管制號誌,人與汽(機)車,搶越行人穿越道
11003AC191B2048,20210323,120.2118,22.994489,交通事故,交叉路口,臺南市東區北門路段號民族路,1,晴,30,單路部分,路段,行車管制號誌,汽(機)車本身,未注意車前狀態
11003AC191B2055,20210309,120.240069,22.992928,交通事故,交叉路口,臺南市東區平實路段號裕永路,1,晴,30,交岔路,交叉路口,行車管制號誌,車與車,右轉彎未依規定
11003AC191B2063,20210323,120.213589,22.996873,交通事故,交叉路口,臺南市東區前鋒路段號大學路西段,1,晴,50,單路部分,路段,無號誌,車與車,變換車道或方向不當
11003AC191B2070,20210323,120.214033,22.988276,交通事故,一般地址,臺南市東區東門路1段119號,1,晴,40,單路部分,路段,無號誌,汽(機)車本身,不明原因肇事
11003AC191B2085,20210325,120.224405,22.99112,交通事故,交叉路口,臺南市東區東寧路段號林森路2,1,晴,50,交岔路,交叉路口,行車管制號誌,車與車,未依規定讓車
11003AC191B2098,20210325,120.218549,23.000891,交通事故,交叉路口,臺南市東區小東路段號勝利路,1,晴,40,交岔路,交叉路口,行車管制號誌,車與車,未保持行車安全距離
11003AC191B2111,20210325,120.237031,22.96741,交通事故,其他,臺南市東區段號德昌二街與德祥街口,1,晴,30,交岔路,路段,無號誌,車與車,未依規定讓車
11003AC191B2115,20210318,120.235539,22.988601,交通事故,交叉路口,臺南市東區裕農路段號富農街2,1,晴,40,交岔路,交叉路口,行車管制號誌,汽(機)車本身,未注意車前狀態
11003AC191B2117,20210325,120.215242,22.981874,交通事故,其他,臺南市東區段號林森地下道,1,晴,60,單路部分,路段,無號誌,車與車,未注意車前狀態
11003AC191B2120,20210325,120.246847,22.990457,交通事故,交叉路口,臺南市東區裕農路段號裕農路979,1,晴,40,交岔路,交叉路口,行車管制號誌,車與車,違反號誌管制或指揮
11003AC191B2126,20210325,120.229434,22.981217,交通事故,交叉路口,臺南市東區中華東路2段號東門路2,2,晴,40,交岔路,交叉路口,行車管制號誌,車與車,起步未注意其他車(人)安全
11003AC191B2127,20210325,120.217232,22.986259,交通事故,交叉路口,臺南市東區府連路段號府東街,2,晴,50,交岔路,其他,行車管制號誌,人與汽(機)車,搶越行人穿越道
11003AC191B2138,20210325,120.213459,22.996004,交通事故,一般地址,臺南市東區前鋒路段192號,2,晴,50,單路部分,路段,無號誌,車與車,變換車道或方向不當
11003AC191B2142,20210325,120.233252,22.98827,交通事故,一般地址,臺南市東區後甲圓環段號,2,晴,50,圓環廣場,路段,無號誌,車與車,未保持行車安全距離
11003AC191B2148,20210325,120.232842,22.963087,交通事故,交叉路口,臺南市東區崇善十六街段號崇善十五街33,3,晴,30,交岔路,交叉路口,無號誌,車與車,未依規定讓車
11003AC191B2153,20210320,120.229559,22.99864,交通事故,交叉路口,臺南市東區東和路段號東興路,1,晴,50,交岔路,交叉路口,行車管制號誌,汽(機)車本身,未注意車前狀態
11003AC191B2156,20210312,120.22455,22.991083,交通事故,交叉路口,臺南市東區林森路2段號東寧路,1,晴,40,交岔路,交叉路口,行車管制號誌,汽(機)車本身,其他引起事故之違規或不當行為
11003AC191B2181,20210326,120.221599,22.985743,交通事故,一般地址,臺南市東區東門路2段113號0,1,晴,50,單路部分,路段,無號誌,車與車,開啟車門不當而肇事
11003AC191B2182,20210326,120.222065,22.986342,交通事故,交叉路口,臺南市東區衛國街段號衛國街13,3,晴,30,交岔路,交叉路口,無號誌,車與車,違反特定標誌(線)禁制
11003AC191B2194,20210326,120.227976,22.990026,交通事故,交叉路口,臺南市東區東寧路段號裕豐街,2,晴,50,交岔路,交叉路口,行車管制號誌,車與車,違反號誌管制或指揮
11003AC191B2218,20210320,120.218178,22.982942,交通事故,其他,臺南市東區段號林森路一段43號停車格前,1,晴,50,單路部分,路段,無號誌,車與車,其他引起事故之違規或不當行為
11003AC191B2220,20210317,120.248403,22.976814,交通事故,交叉路口,臺南市東區裕義路段號裕信六街,2,晴,50,單路部分,路段,無號誌,車與車,未保持行車安全距離
11003AC191B2226,20210326,120.242302,22.982537,交通事故,一般地址,臺南市東區裕文路段100號,1,晴,40,單路部分,路段,無號誌,車與車,未依規定讓車
11003AC191B2236,20210326,120.221518,22.973705,交通事故,交叉路口,臺南市東區中華東路3段號中華東路3377,1,晴,60,交岔路,交叉路口,行車管制號誌,車與車,未依規定讓車
11003AC191B2241,20210307,120.236405,22.998409,交通事故,交叉路口,臺南市東區小東路段號忠義街,1,陰,50,交岔路,交叉路口,行車管制號誌(附設行人專用號誌),車與車,違反號誌管制或指揮
11003AC191B2249,20210322,120.23848,22.983566,交通事故,其他,臺南市東區裕農一街段號裕農一街與裕興路口,1,晴,50,交岔路,交叉路口,行車管制號誌,車與車,未依規定讓車
11003AC191B2252,20210320,120.227504,22.966999,交通事故,一般地址,臺南市東區崇德路段775號,2,晴,50,單路部分,路段,無號誌,車與車,違反特定標誌(線)禁制
11003AC191B2254,20210322,120.226847,22.97213,交通事故,一般地址,臺南市東區崇道路段57號,2,晴,50,單路部分,路段,無號誌,車與車,起步未注意其他車(人)安全
11003AC191B2256,20210326,120.217418,22.982522,交通事故,交叉路口,臺南市東區林森路1段號崇德路,2,陰,40,交岔路,交叉路口,行車管制號誌(附設行人專用號誌),車與車,違反特定標誌(線)禁制
11003AC191B2257,20210326,120.226702,22.984745,交通事故,一般地址,臺南市東區裕豐街段49號,1,陰,50,交岔路,路段,無號誌,車與車,未保持行車安全距離
11003AC191B2258,20210323,120.228815,22.980288,交通事故,一般地址,臺南市東區中華東路3段44209號0,1,晴,40,單路部分,路段,無號誌,車與車,未依規定讓車
11003AC191B2283,20210327,120.211349,22.987353,交通事故,交叉路口,臺南市東區府東街段號大同路,1,晴,50,交岔路,交叉路口,閃光號誌,車與車,起步未注意其他車(人)安全
11003AC191B2289,20210327,120.225536,22.972085,交通事故,交叉路口,臺南市東區崇明路段號崇道路,2,晴,50,交岔路,交叉路口,行車管制號誌,車與車,未保持行車安全間隔
11003AC191B2301,20210318,120.229373,22.962623,交通事故,一般地址,臺南市東區崇德二十六街段63號2,1,晴,30,單路部分,路段,無號誌,車與車,未依規定讓車
11003AC191B2306,20210327,120.233883,22.996337,交通事故,交叉路口,臺南市東區莊敬路段158號東平路12,1,晴,30,交岔路,交叉路口,無號誌,車與車,未依規定讓車
11003AC191B2326,20210326,120.217202,22.971829,交通事故,一般地址,臺南市東區大同路2段44932之1號,1,晴,30,單路部分,路段,無號誌,車與車,起步未注意其他車(人)安全
11003AC191B2347,20210326,120.223837,22.98911,交通事故,一般地址,臺南市東區林森路2段184號,1,晴,0,單路部分,其他,無號誌,車與車,其他引起事故之違規或不當行為
11003AC191B2352,20210327,120.238966,22.986576,交通事故,一般地址,臺南市東區裕農二街段77號,1,晴,50,單路部分,路段,無號誌,車與車,其他引起事故之違規或不當行為
11003AC191B2358,20210320,120.218108,22.991575,交通事故,一般地址,臺南市東區勝利路段5244198號,1,晴,30,單路部分,路段,無號誌,車與車,裝載未盡安全措施
11003AC191B2363,20210328,120.236097,22.966598,交通事故,交叉路口,臺南市東區仁和路段號城東街,2,晴,50,交岔路,交叉路口,行車管制號誌,車與車,違反號誌管制或指揮
11003AC191B2366,20210328,120.226499,22.990505,交通事故,一般地址,臺南市東區東寧路段233號,1,陰,40,單路部分,路段,無號誌,車與車,未注意車前狀態
11003AC191B2369,20210327,120.221553,22.985003,交通事故,一般地址,臺南市東區林森路1段377號,2,晴,40,單路部分,路段,無號誌,車與車,未保持行車安全間隔
11003AC191B2374,20210327,120.230026,22.986098,交通事故,交叉路口,臺南市東區裕農路段350號裕農路288,4,晴,30,交岔路,交叉路口,無號誌,車與車,未依規定讓車
11003AC191B2393,20210328,120.224803,22.972756,交通事故,交叉路口,臺南市東區崇明路段號崇明十四街,2,晴,40,交岔路,交叉路口,行車管制號誌,車與車,未注意車前狀態
11003AC191B2407,20210328,120.229895,22.960291,交通事故,交叉路口,臺南市東區崇德三十二街段號長東街,1,晴,30,交岔路,交叉路口,無號誌,車與車,未依規定讓車
11003AC191B2423,20210323,120.223656,22.974562,交通事故,一般地址,臺南市東區中華東路3段285號,2,晴,40,單路部分,路段,無號誌,車與車,未依規定讓車
11003AC191B2424,20210328,120.21816,22.996254,交通事故,交叉路口,臺南市東區大學路段號勝利路,2,晴,30,交岔路,交叉路口,行車管制號誌(附設行人專用號誌),車與車,未依規定讓車
11003AC191B2446,20210327,120.213656,22.997206,交通事故,一般地址,臺南市東區前鋒路段210號0,1,晴,50,單路部分,路段,無號誌,車與車,未注意車前狀態
11003AC191B2456,20210323,120.213551,22.978031,交通事故,交叉路口,臺南市東區大同路2段號立德十一路,2,晴,50,交岔路,交叉路口,行車管制號誌,車與車,橫越道路不慎
11003AC191B2458,20210328,120.230633,22.975737,交通事故,交叉路口,臺南市東區文化三街段號仁和路,2,晴,50,交岔路,交叉路口,行車管制號誌,車與車,未注意車前狀態
11003AC191B2460,20210328,120.213441,22.985229,交通事故,交叉路口,臺南市東區府連路段號府連路175,1,晴,30,交岔路,交叉路口,行車管制號誌,車與車,未依規定讓車
11003AC191B2461,20210323,120.236403,22.998502,交通事故,交叉路口,臺南市東區小東路段號忠義街,1,晴,50,交岔路,交叉路口,行車管制號誌,人與汽(機)車,搶越行人穿越道
11003AC191B2467,20210324,120.222329,23.000635,交通事故,交叉路口,臺南市東區長榮路3段號小東路,1,雨,50,交岔路,交叉路口,行車管制號誌,車與車,未注意車前狀態
11003AC191B2472,20210325,120.22456,22.991091,交通事故,交叉路口,臺南市東區林森路2段號東寧路,1,晴,50,交岔路,交叉路口,行車管制號誌,車與車,右轉彎未依規定
11003AC191B2473,20210329,120.230777,22.982537,交通事故,交叉路口,臺南市東區中華東路2段號中華東路2295,1,陰,40,交岔路,交叉路口,行車管制號誌,汽(機)車本身,酒醉(後)駕駛失控
11003AC191B2474,20210324,120.225659,22.971524,交通事故,一般地址,臺南市東區崇明路段688號,1,晴,50,交岔路,交叉路口,無號誌,車與車,未依規定讓車
11003AC191B2479,20210326,120.215965,22.982018,交通事故,交叉路口,臺南市東區林森路1段號崇明路,2,晴,50,交岔路,交叉路口,行車管制號誌,車與車,不明原因肇事
11003AC191B2495,20210329,120.224127,22.985198,交通事故,一般地址,臺南市東區東門路2段189號,1,晴,50,單路部分,路段,無號誌,車與車,起步未注意其他車(人)安全
11003AC191B2511,20210329,120.211819,22.982076,交通事故,一般地址,臺南市東區大同路1段295號,1,晴,50,交岔路,交叉路口,無號誌,車與車,未依規定讓車
11003AC191B2512,20210329,120.226364,22.983089,交通事故,交叉路口,臺南市東區崇學路段號崇信街,2,晴,50,交岔路,交叉路口,無號誌,車與車,未依規定讓車
11003AC191B2531,20210329,120.234337,22.977531,交通事故,交叉路口,臺南市東區東門路3段號富農街1,1,晴,60,交岔路,交叉路口,行車管制號誌,車與車,未依規定讓車
11003AC191B2541,20210329,120.21598,22.967351,交通事故,一般地址,臺南市東區大同路2段637號,1,晴,40,交岔路,交叉路口,行車管制號誌,車與車,未保持行車安全距離
11003AC191B2544,20210326,120.232747,22.965159,交通事故,交叉路口,臺南市東區崇善十四街段號崇善十五街42,2,晴,30,交岔路,交叉路口,無號誌,車與車,未依規定讓車
11003AC191B2578,20210329,120.219045,22.983211,交通事故,其他,臺南市東區段號林森路一段276號對面,1,晴,40,單路部分,路段,無號誌,車與車,變換車道或方向不當
11003AC191B2582,20210329,120.23094,22.990532,交通事故,一般地址,臺南市東區東光路1段14246號,2,陰,40,單路部分,路段,行車管制號誌(附設行人專用號誌),車與車,未保持行車安全距離
11003AC191B2587,20210322,120.211696,22.992247,交通事故,一般地址,臺南市東區北門路1段124號,1,晴,50,單路部分,路段,無號誌,車與車,未依規定讓車