案件編號,發生日期,GPS經度,GPS緯度,案件類別名稱,地址類型名稱,發生縣市名稱,受傷人數,天候名稱, 速限-第1當事者,道路型態大類別名稱,事故位置大類別名稱,號誌-號誌種類名稱,事故類型及型態大類別名稱,肇因研判子類別名稱-主要
11003AC191B2588,20210327,120.212739,22.999949,交通事故,交叉路口,臺南市東區北門路2段號公園南路,2,陰,50,交岔路,交叉路口,行車管制號誌(附設行人專用號誌),車與車,其他引起事故之違規或不當行為
11003AC191B2613,20210329,120.212674,22.989244,交通事故,其他,臺南市東區段號新樓醫院前,3,晴,50,單路部分,其他,無號誌,車與車,未依規定讓車
11003AC191B2621,20210313,120.214304,22.996791,交通事故,一般地址,臺南市東區大學路西段段89號,1,晴,30,單路部分,路段,無號誌,車與車,起步未注意其他車(人)安全
11003AC191B2658,20210330,120.22948,22.986962,交通事故,一般地址,臺南市東區裕農路段348-2號0,1,晴,50,交岔路,交叉路口,行車管制號誌,車與車,迴轉未依規定
11003AC191B2667,20210330,120.230615,22.98261,交通事故,交叉路口,臺南市東區中華東路2段號中華東路2226,1,晴,50,交岔路,交叉路口,行車管制號誌,車與車,未依規定讓車
11003AC191B2670,20210329,120.23318,22.997501,交通事故,一般地址,臺南市東區莊敬路段282號,2,晴,50,交岔路,交叉路口,無號誌,車與車,未保持行車安全距離
11003AC191B2672,20210329,120.233372,22.9867,交通事故,交叉路口,臺南市東區中華東路2段號中華東路248,1,晴,60,交岔路,交叉路口,行車管制號誌,車與車,未依規定讓車
11003AC191B2688,20210330,120.228254,22.982052,交通事故,一般地址,臺南市東區東門路2段385號0,1,晴,40,單路部分,路段,無號誌,車與車,其他引起事故之違規或不當行為
11003AC191B2693,20210319,120.229366,22.981168,交通事故,交叉路口,臺南市東區東門路2段號中華東路2,1,晴,60,交岔路,交叉路口,行車管制號誌,車與車,未保持行車安全間隔
11003AC191B2694,20210330,120.232808,22.988537,交通事故,交叉路口,臺南市東區東寧路段號裕農路,1,晴,50,交岔路,交叉路口,行車管制號誌,車與車,未注意車前狀態
11003AC191B2702,20210330,120.229441,22.967246,交通事故,一般地址,臺南市東區崇德二十一街段66號,1,晴,30,交岔路,交叉路口,無號誌,車與車,未靠右行駛
11003AC191B2703,20210330,120.214693,22.993711,交通事故,一般地址,臺南市東區育樂街段193號,2,晴,50,單路部分,路段,無號誌,車與車,起步未注意其他車(人)安全
11003AC191B2705,20210325,120.22405,22.996375,交通事故,其他,臺南市東區段號林森路二段與大學路口北側40公尺處,1,晴,40,單路部分,路段,無號誌,汽(機)車本身,不明原因肇事
11003AC191B2708,20210330,120.227495,22.967703,交通事故,交叉路口,臺南市東區崇德路段號崇明二十二街,1,晴,50,交岔路,交叉路口,無號誌,車與車,未依規定讓車
11003AC191B2716,20210322,120.228458,22.976381,交通事故,一般地址,臺南市東區崇善路段320號0,1,晴,50,交岔路,交叉路口,行車管制號誌,車與車,未保持行車安全距離
11003AC191B2727,20210330,120.221469,22.992044,交通事故,交叉路口,臺南市東區東寧路段號長榮路,1,晴,50,交岔路,交叉路口,行車管制號誌,車與車,變換車道或方向不當
11003AC191B2729,20210331,120.217538,22.988768,交通事故,其他,臺南市東區段號勝利路41號前,2,晴,50,單路部分,其他,行車管制號誌(附設行人專用號誌),車與車,未依規定讓車
11003AC191B2735,20210330,120.217936,22.984201,交通事故,交叉路口,臺南市東區長榮路1段號府連東路,1,晴,50,交岔路,交叉路口,行車管制號誌,車與車,未依規定讓車
11003AC191B2736,20210331,120.212895,23.000582,交通事故,一般地址,臺南市東區北門路2段20號,2,晴,50,單路部分,路段,無號誌,車與車,未依規定讓車
11003AC191B2745,20210331,120.24736,22.979274,交通事故,交叉路口,臺南市東區裕華一街段號裕敬五街,2,晴,50,交岔路,交叉路口,無號誌,車與車,未依規定讓車
11003AC191B2747,20210331,120.223111,22.987194,交通事故,一般地址,臺南市東區林森路2段90號,1,晴,40,單路部分,路段,行車管制號誌,車與車,變換車道或方向不當
11003AC191B2758,20210331,120.221497,22.973652,交通事故,交叉路口,臺南市東區中華東路3段號中華東路3377,2,晴,60,交岔路,交叉路口,行車管制號誌,車與車,未依規定讓車
11003AC191B2766,20210331,120.218227,22.997071,交通事故,其他,臺南市東區段號勝利路(光復校區中正堂旁側門),1,晴,30,交岔路,交叉路口,無號誌,車與車,未保持行車安全距離
11003AC191B2768,20210331,120.246865,22.990498,交通事故,交叉路口,臺南市東區裕農路段979號裕農路,1,晴,50,交岔路,交叉路口,行車管制號誌,車與車,右轉彎未依規定
11003AC191B2773,20210330,120.229956,22.959789,交通事故,交叉路口,臺南市東區崇德三十四街段號長東街,2,晴,50,交岔路,交叉路口,無號誌,車與車,未依規定讓車
11003AC191B2780,20210331,120.216188,22.980136,交通事故,交叉路口,臺南市東區崇明四街段26號崇明四街,1,晴,30,交岔路,路段,無號誌,車與車,未依規定讓車
11003AC191B2784,20210331,120.230928,22.995145,交通事故,交叉路口,臺南市東區東平路段號東平路99,1,晴,50,交岔路,交叉路口,無號誌,車與車,未注意車前狀態
11003AC191B2785,20210331,120.225056,23.000397,交通事故,其他,臺南市東區段號林森路二段500號旁(小東路面),2,晴,40,單路部分,路段,無號誌,人與汽(機)車,未依規定行走行人穿越道、地下道、天橋而穿越道路
11003AC191B2786,20210330,120.223407,22.977435,交通事故,交叉路口,臺南市東區崇學路段56號崇德路333,1,晴,50,交岔路,交叉路口,無號誌,車與車,未依規定讓車
11003AC191B2800,20210331,120.222393,22.981241,交通事故,交叉路口,臺南市東區崇善路段號德光街,1,晴,50,交岔路,交叉路口,行車管制號誌,車與車,其他引起事故之違規或不當行為
11003AC191B2801,20210331,120.226832,22.977925,交通事故,交叉路口,臺南市東區中華東路3段號崇善路,1,晴,50,交岔路,交叉路口,行車管制號誌,車與車,迴轉未依規定
11003AC191B2804,20210320,120.24133,22.989469,交通事故,交叉路口,臺南市東區裕農路段號裕忠路,2,晴,50,交岔路,交叉路口,行車管制號誌,車與車,未保持行車安全距離
11003AC191B2823,20210301,120.233983,22.991598,交通事故,交叉路口,臺南市東區中華東路段號瑞祥街,1,晴,50,交岔路,交叉路口,無號誌,車與車,未依規定讓車
11003AC191B2825,20210324,120.229506,22.971663,交通事故,交叉路口,臺南市東區崇德十二街段號崇道路,1,晴,50,交岔路,交叉路口,無號誌,汽(機)車本身,其他引起事故之違規或不當行為
11003AC191B2826,20210326,120.230628,22.975727,交通事故,交叉路口,臺南市東區仁和路段號仁和路70,1,晴,50,交岔路,交叉路口,行車管制號誌,車與車,未依規定讓車
11003AC191B2831,20210331,120.211616,22.991521,交通事故,交叉路口,臺南市東區北門路段號青年路,2,晴,50,交岔路,交叉路口,行車管制號誌,車與車,右轉彎未依規定
11003AC191B2844,20210331,120.226111,22.989643,交通事故,一般地址,臺南市東區林森路2段19256號,1,晴,30,單路部分,路段,無號誌,車與車,起步未注意其他車(人)安全
11003AC191B2855,20210331,120.215922,22.982054,交通事故,其他,臺南市東區段號林森路一段與崇明路口,2,晴,40,單路部分,路段,行車管制號誌,車與車,未注意車前狀態
11003AC191B2858,20210331,120.225497,22.975405,交通事故,一般地址,臺南市東區崇德路段425號,1,晴,40,單路部分,路段,無號誌,車與車,橫越道路不慎
11003AC191B2876,20210331,120.228993,22.980472,交通事故,一般地址,臺南市東區中華東路3段44209號,1,晴,40,單路部分,路段,無號誌,車與車,停車操作時，未注意其他車(人)安全
11003AC191B2877,20210331,120.237664,22.988464,交通事故,一般地址,臺南市東區裕農路段726內彎道處號,2,晴,30,單路部分,路段,無號誌,車與車,未依規定減速
11003AC191B2884,20210331,120.217012,22.973118,交通事故,一般地址,臺南市東區中華東路3段518號,2,晴,30,交岔路,交叉路口,無號誌,車與車,未依規定讓車
11003AC191B2886,20210331,120.242444,22.989792,交通事故,一般地址,臺南市東區裕農路段855號,1,晴,50,單路部分,路段,無號誌,車與車,未依規定讓車
11003AC191B2890,20210305,120.227325,22.996538,交通事故,交叉路口,臺南市東區東安路段號東安路251,1,晴,30,交岔路,交叉路口,無號誌,車與車,未注意車前狀態
11003AC191B2892,20210306,120.236112,22.967665,交通事故,一般地址,臺南市東區仁和路段199912號,2,晴,30,單路部分,路段,無號誌,車與車,左轉彎未依規定
11003AC191B2893,20210313,120.229317,22.972184,交通事故,交叉路口,臺南市東區崇道路段號崇德八街46,4,晴,50,交岔路,交叉路口,無號誌,車與車,未依規定讓車
11003AC191B2894,20210327,120.23072,22.960029,交通事故,交叉路口,臺南市東區長東街段145號德東街143,2,晴,30,交岔路,交叉路口,無號誌,車與車,未依規定讓車
11003AC191B2896,20210326,120.221238,22.982043,交通事故,交叉路口,臺南市東區崇善路段號崇德一街,1,晴,50,交岔路,交叉路口,行車管制號誌,汽(機)車本身,未保持行車安全距離
11003AC191B2908,20210331,120.219978,22.98332,交通事故,交叉路口,臺南市東區崇善路段號林森路1,2,晴,50,交岔路,交叉路口,行車管制號誌,車與車,未依規定讓車
11003AC191B2974,20210331,120.222447,22.97393,交通事故,交叉路口,臺南市東區中華東路3段號中華東路3357,3,晴,40,交岔路,交叉路口,無號誌,車與車,未保持行車安全距離
11003AC191B2989,20210323,120.235294,22.988394,交通事故,一般地址,臺南市東區裕農路段608號,1,晴,50,單路部分,路段,無號誌,人與汽(機)車,未注意車前狀態
11003AC191B2990,20210331,120.216361,22.989612,交通事故,交叉路口,臺南市東區慶東街段號新樓街,2,晴,50,交岔路,交叉路口,無號誌,車與車,未依規定讓車
11003AC191B2994,20210327,120.221603,22.977526,交通事故,交叉路口,臺南市東區榮譽街段號榮譽街290,1,晴,50,交岔路,交叉路口,無號誌,車與車,未依規定讓車
11003AC191B2998,20210329,120.236629,22.971006,交通事故,一般地址,臺南市東區仁和路段1395145號,2,晴,30,交岔路,交叉路口,無號誌,車與車,未依規定讓車
11003AC191B3013,20210315,120.213813,22.977458,交通事故,一般地址,臺南市東區大同路2段143號,1,晴,50,單路部分,路段,無號誌,汽(機)車本身,未注意車前狀態
11003AC191B3053,20210327,120.216947,22.987167,交通事故,其他,臺南市東區段號東門路一段圓環內,1,晴,50,圓環廣場,路段,無號誌,車與車,未依規定讓車
11003AC191B3054,20210328,120.247582,22.99055,交通事故,其他,臺南市東區段號裕農路與裕義路口,1,晴,50,交岔路,交叉路口,行車管制號誌,車與車,未依規定讓車
11003AC191B3082,20210331,120.239801,22.997061,交通事故,交叉路口,臺南市東區裕永路段號平實二街,2,晴,50,單路部分,路段,無號誌,車與車,左轉彎未依規定
11003AC191B3100,20210324,120.213644,22.988381,交通事故,一般地址,臺南市東區東門路1段97號,2,陰,30,交岔路,交叉路口,無號誌,車與車,未靠右行駛
11003AC191B3123,20210324,120.222033,22.984662,交通事故,一般地址,臺南市東區崇仁街段6號,2,雨,30,單路部分,路段,無號誌,車與車,其他引起事故之違規或不當行為
11003AC191B3149,20210330,120.217603,22.989447,交通事故,其他,臺南市東區段號勝利路與懷恩街口,2,晴,50,交岔路,交叉路口,行車管制號誌(附設行人專用號誌),車與車,未依規定讓車
11003AC191B3224,20210314,120.235618,22.984882,交通事故,交叉路口,臺南市東區富農街2段號裕學路,2,晴,50,交岔路,交叉路口,行車管制號誌,汽(機)車本身,其他引起事故之違規或不當行為
11003AC191B3244,20210309,120.22384,22.993385,交通事故,其他,臺南市東區段號東寧路93巷54號旁(林森路二段路面),2,晴,40,單路部分,路段,無號誌,車與車,未保持行車安全距離
11003AC191B3303,20210325,120.239706,22.995004,交通事故,其他,臺南市東區段號裕永路與復興路429巷口,2,晴,50,交岔路,交叉路口,無號誌,車與車,未保持行車安全間隔
11003AC191B3416,20210318,120.229425,22.968688,交通事故,一般地址,臺南市東區崇德十八街段68號,1,晴,30,交岔路,交叉路口,無號誌,車與車,未依規定讓車
11003AC191B3417,20210331,120.224801,22.972748,交通事故,交叉路口,臺南市東區崇明路段號崇明十四街,2,晴,40,交岔路,交叉路口,行車管制號誌,車與車,違反號誌管制或指揮
11003AC191B3420,20210331,120.233962,22.992724,交通事故,交叉路口,臺南市東區中華東路1段號凱旋路,2,晴,40,交岔路,交叉路口,行車管制號誌,車與車,違反特定標誌(線)禁制
11003AC191B3459,20210320,120.241627,22.987819,交通事故,交叉路口,臺南市東區裕忠路段號裕和路,1,晴,50,交岔路,交叉路口,行車管制號誌,汽(機)車本身,未注意車前狀態
11003AC191B3460,20210331,120.225693,22.969185,交通事故,交叉路口,臺南市東區崇明路段號崇明二十街,1,晴,50,交岔路,交叉路口,閃光號誌,車與車,未保持行車安全距離
11003AC191B3469,20210303,120.233471,22.988872,交通事故,其他,臺南市東區段號後甲圓環機慢車道(西北角),1,晴,40,圓環廣場,路段,無號誌,車與車,未依規定讓車
11003AC191B3476,20210329,120.223091,22.987122,交通事故,交叉路口,臺南市東區林森路2段號衛國街,3,晴,40,交岔路,交叉路口,行車管制號誌,車與車,違反號誌管制或指揮
11003AC191B3485,20210326,120.215153,22.972495,交通事故,其他,臺南市東區段號中華東路橋西向車道(大同路往東11公尺處),1,晴,60,單路部分,路段,行車管制號誌,車與車,未保持行車安全間隔
11003AC191B3494,20210306,120.216598,22.992467,交通事故,交叉路口,臺南市東區東寧路西段段號慶東街,2,晴,50,交岔路,交叉路口,無號誌,車與車,未依規定讓車
11003AC191B3498,20210304,120.219938,22.983477,交通事故,交叉路口,臺南市東區林森路段號府連東路,1,晴,40,交岔路,交叉路口,行車管制號誌,汽(機)車本身,未注意車前狀態
11003AC191B3522,20210317,120.2396,22.987607,交通事故,交叉路口,臺南市東區裕和路段號裕農三街,1,晴,50,交岔路,其他,行車管制號誌,人與汽(機)車,未注意車前狀態
11003AC191B3523,20210324,120.216303,22.978633,交通事故,交叉路口,臺南市東區崇明七街段號榮譽街123,1,晴,30,交岔路,交叉路口,無號誌,車與車,未依規定讓車
11003AC1O1B0552,20210304,120.241279,22.989449,交通事故,其他,臺南市東區段號裕農路與裕忠路口,1,晴,50,交岔路,交叉路口,行車管制號誌,車與車,左轉彎未依規定
11003AC1O1B1452,20210310,120.229441,22.993965,交通事故,其他,臺南市東區段號東興路185號前,2,晴,50,單路部分,路段,無號誌,車與車,未保持行車安全間隔
11003AC1O1B1473,20210306,120.219724,22.97945,交通事故,其他,臺南市東區段號崇德路136號前,2,晴,50,交岔路,交叉路口,無號誌,車與車,未依規定讓車
11003AC1O1B1487,20210312,120.229876,22.995628,交通事故,其他,臺南市東區段號東興路280號前,2,晴,50,單路部分,路段,無號誌,車與車,未注意車前狀態
11003AC1O1B1652,20210313,120.228083,22.990019,交通事故,其他,臺南市東區段號東寧路345號前,2,晴,50,單路部分,路段,行車管制號誌,車與車,未注意車前狀態
11003AC1O1B2316,20210313,120.225778,22.993553,交通事故,一般地址,臺南市東區後甲國中旁便道段號,2,晴,30,單路部分,路段,無號誌,車與車,未注意車前狀態
11003AC1O1B2751,20210320,120.225325,22.984114,交通事故,其他,臺南市東區段號東門路二段與東門路二段239巷口,1,晴,50,交岔路,交叉路口,閃光號誌,車與車,未依規定讓車
11003AC1O1B2859,20210326,120.230067,22.97176,交通事故,其他,臺南市東區段號崇善路與崇善八街口,2,晴,50,交岔路,交叉路口,行車管制號誌,車與車,未依規定讓車
11003AC1O1B2911,20210310,120.226885,22.974451,交通事故,其他,臺南市東區段號崇德路與崇德七街口,1,晴,50,交岔路,交叉路口,無號誌,車與車,尚未發現肇事因素
11003AC1O1B2961,20210320,120.226069,22.972099,交通事故,其他,臺南市東區段號崇道路25號前,1,晴,50,交岔路,交叉路口,無號誌,車與車,未依規定讓車
11003AC1O1B3148,20210321,120.227536,22.990658,交通事故,其他,臺南市東區段號怡東路22號前,1,晴,50,單路部分,路段,無號誌,車與車,起步未注意其他車(人)安全
11003AC1O1B3163,20210326,120.219828,22.989362,交通事故,其他,臺南市東區段號長榮路二段與懷恩街口,1,晴,50,交岔路,交叉路口,行車管制號誌,車與車,迴轉未依規定
11003AC1O1B3197,20210327,120.245119,22.980295,交通事故,一般地址,臺南市東區裕信路段309號,2,晴,50,單路部分,路段,無號誌,車與車,尚未發現肇事因素
11003AC1O1B3226,20210327,120.222682,22.974761,交通事故,其他,臺南市東區段號崇明路379號前,1,晴,50,交岔路,交叉路口,無號誌,車與車,左轉彎未依規定
11003AC1O1B3231,20210331,120.230411,22.965488,交通事故,其他,臺南市東區段號生產路335號前,1,晴,40,交岔路,交叉路口,無號誌,車與車,未依規定讓車
11003AC1O1B3234,20210326,120.23761,22.979984,交通事故,一般地址,臺南市東區自由路3段238號,2,晴,40,交岔路,交叉路口,閃光號誌,車與車,未依規定讓車
11003AC1R1B0193,20210302,120.232798,22.988506,交通事故,交叉路口,臺南市東區東寧路段號裕農路,2,晴,40,交岔路,交叉路口,行車管制號誌,車與車,橫越道路不慎
11003AC1R1B1000,20210304,120.215334,22.976902,交通事故,交叉路口,臺南市東區立德八路段號立德十路46,1,晴,30,交岔路,交叉路口,無號誌,車與車,未依規定讓車
11003AC1R1B1076,20210306,120.211352,22.987026,交通事故,交叉路口,臺南市東區大同路1段號大同路173,1,晴,30,交岔路,交叉路口,無號誌,車與車,未依規定讓車
11003AC1R1B1082,20210308,120.216556,22.964538,交通事故,交叉路口,臺南市東區生產路段號大同路,3,晴,50,交岔路,交叉路口,行車管制號誌,車與車,右轉彎未依規定
11003AC1R1B1928,20210308,120.246391,22.984378,交通事故,交叉路口,臺南市東區裕文一街段號裕信二街,2,晴,40,交岔路,交叉路口,無號誌,車與車,未依規定讓車
11003AC1R1B1930,20210309,120.225702,22.977023,交通事故,交叉路口,臺南市東區中華東路3段號崇德四街7,1,晴,40,交岔路,交叉路口,無號誌,車與車,未依規定讓車
11003AC1R1B1932,20210314,120.219343,22.979708,交通事故,交叉路口,臺南市東區崇德路段號崇明七街,1,晴,40,交岔路,交叉路口,行車管制號誌,車與車,逆向行駛
11003AC1R1B1934,20210320,120.213433,22.993541,交通事故,交叉路口,臺南市東區東寧路西段段號前鋒路,1,晴,40,單路部分,路段,無號誌,車與車,未注意車前狀態
11003AC1R1B1939,20210320,120.219744,22.979461,交通事故,交叉路口,臺南市東區崇德路段號崇德二街,2,晴,40,交岔路,交叉路口,無號誌,車與車,未依規定讓車
11003AC1R1B2629,20210321,120.233983,22.991598,交通事故,交叉路口,臺南市東區中華東路1段號瑞祥街,1,晴,50,交岔路,交叉路口,無號誌,車與車,未依規定讓車
11003AC1R1B3221,20210329,120.222363,22.984599,交通事故,一般地址,臺南市東區崇仁街段1號2,2,晴,30,交岔路,交叉路口,無號誌,車與車,左轉彎未依規定
11003AC1R1B3222,20210328,120.232332,22.997103,交通事故,交叉路口,臺南市東區莊敬路段205號莊敬路219,1,晴,30,交岔路,交叉路口,無號誌,車與車,未依規定讓車
11003AC1R1B3223,20210321,120.212287,22.997395,交通事故,其他,臺南市東區段號台南火車站前,1,晴,40,圓環廣場,路段,無號誌,車與車,左轉彎未依規定
11003AC1R1B3236,20210330,120.230865,22.969455,交通事故,交叉路口,臺南市東區崇善路段號崇德十七街,3,晴,40,交岔路,交叉路口,無號誌,車與車,未依規定讓車
11003AC1R1B3241,20210327,120.216659,22.984653,交通事故,交叉路口,臺南市東區府連東路段號府連路,1,晴,50,交岔路,交叉路口,行車管制號誌,車與車,未依規定讓車
11003AC1R1B3242,20210323,120.237319,22.975564,交通事故,一般地址,臺南市東區自由路2段225號2,1,晴,50,單路部分,路段,無號誌,車與車,未保持行車安全間隔
11003AC1R1B3269,20210329,120.229559,22.99864,交通事故,交叉路口,臺南市東區東和路段號東興路,2,晴,50,交岔路,交叉路口,行車管制號誌,車與車,未依規定讓車
11003AC1R1B3270,20210322,120.231574,22.961779,交通事故,交叉路口,臺南市東區德東街段號德東街151,1,晴,30,交岔路,交叉路口,閃光號誌,汽(機)車本身,未注意車前狀態
11003AC1R1B3534,20210326,120.215809,22.982054,交通事故,交叉路口,臺南市東區崇明路1段號大同地下道,1,晴,50,交岔路,交叉路口,行車管制號誌,車與車,右轉彎未依規定
11003AC1R1B3535,20210322,120.219035,22.982998,交通事故,其他,臺南市東區段號林森路一段大東夜市前,1,晴,40,單路部分,路段,無號誌,車與車,倒車未依規定
11003AC291B0037,20210301,120.193913,22.996098,交通事故,交叉路口,臺南市中西區民生路段號金華路,2,晴,50,交岔路,交叉路口,行車管制號誌(附設行人專用號誌),車與車,未注意車前狀態
11003AC291B0048,20210301,120.20754,22.987128,交通事故,交叉路口,臺南市中西區大埔街段號大埔街89,2,晴,40,交岔路,交叉路口,閃光號誌,車與車,未依規定讓車
11003AC291B0068,20210302,120.196345,22.991495,交通事故,一般地址,臺南市中西區尊王路段53號,1,晴,40,單路部分,路段,無號誌,車與車,起步未注意其他車(人)安全
11003AC291B0116,20210302,120.199384,22.986291,交通事故,其他,臺南市中西區段號樹林街上新光三越百貨旁,2,晴,50,單路部分,路段,無號誌,車與車,未保持行車安全距離
11003AC291B0122,20210301,120.187386,23.006601,交通事故,一般地址,臺南市中西區武聖路段2392832號,1,晴,30,單路部分,路段,無號誌,車與車,其他裝載不當肇事
11003AC291B0163,20210303,120.206526,22.990514,交通事故,一般地址,臺南市中西區開山路段51號,2,晴,50,單路部分,路段,無號誌,車與車,未依規定讓車
11003AC291B0183,20210301,120.191213,22.996911,交通事故,一般地址,臺南市中西區民生路2段305號,1,晴,50,單路部分,路段,無號誌,車與車,未依規定讓車
11003AC291B0186,20210302,120.204385,22.986259,交通事故,一般地址,臺南市中西區南門路段159號0,2,晴,50,交岔路,交叉路口,無號誌,車與車,其他引起事故之違規或不當行為
11003AC291B0208,20210303,120.193253,22.990465,交通事故,交叉路口,臺南市中西區大智街段號大仁街,1,晴,50,交岔路,交叉路口,閃光號誌,車與車,未依規定讓車
11003AC291B0212,20210304,120.198047,22.991205,交通事故,交叉路口,臺南市中西區西門路2段號尊王路,1,晴,50,交岔路,交叉路口,無號誌,車與車,未保持行車安全距離
11003AC291B0218,20210303,120.196651,22.995229,交通事故,交叉路口,臺南市中西區海安路段號民生路,3,晴,50,交岔路,交叉路口,行車管制號誌,車與車,未依規定讓車
11003AC291B0253,20210302,120.206687,22.990206,交通事故,交叉路口,臺南市中西區開山路段號府中街,2,晴,50,交岔路,交叉路口,行車管制號誌,車與車,左轉彎未依規定
11003AC291B0254,20210305,120.193563,23.005334,交通事故,交叉路口,臺南市中西區文賢路段號武聖路,2,晴,50,交岔路,交叉路口,行車管制號誌,車與車,違反號誌管制或指揮
11003AC291B0277,20210305,120.197264,22.997276,交通事故,交叉路口,臺南市中西區海安路段號神農街,1,晴,40,交岔路,交叉路口,行車管制號誌,車與車,違反號誌管制或指揮
11003AC291B0279,20210305,120.2118,22.994489,交通事故,交叉路口,臺南市中西區北門路段號民族路,1,晴,50,交岔路,交叉路口,行車管制號誌,車與車,未保持行車安全距離
11003AC291B0293,20210305,120.20931,22.998399,交通事故,交叉路口,臺南市中西區民族路2段號廣慈街,2,晴,50,交岔路,交叉路口,無號誌,車與車,未依規定讓車
11003AC291B0309,20210305,120.199188,22.994461,交通事故,交叉路口,臺南市中西區西門路段號民生路,1,晴,50,交岔路,交叉路口,行車管制號誌,車與車,未依規定讓車
11003AC291B0317,20210304,120.192828,22.991479,交通事故,交叉路口,臺南市中西區府前路2段號金華路3,1,晴,50,交岔路,交叉路口,行車管制號誌(附設行人專用號誌),車與車,未依規定讓車
11003AC291B0318,20210305,120.194469,22.999544,交通事故,一般地址,臺南市中西區民族路3段198號,1,晴,50,單路部分,路段,無號誌,汽(機)車本身,未注意車前狀態
11003AC291B0329,20210305,120.19749,22.988555,交通事故,交叉路口,臺南市中西區西門路1段號和意路,1,晴,50,交岔路,交叉路口,行車管制號誌(附設行人專用號誌),車與車,違反特定標誌(線)禁制
11003AC291B0348,20210306,120.187439,22.996075,交通事故,交叉路口,臺南市中西區中華西路2段200號府前一街,1,晴,50,交岔路,交叉路口,無號誌,車與車,未依規定讓車
11003AC291B0354,20210306,120.19198,23.005559,交通事故,一般地址,臺南市中西區武聖路段63號,1,晴,50,交岔路,路段,無號誌,車與車,未依規定讓車
11003AC291B0355,20210306,120.204076,22.984697,交通事故,交叉路口,臺南市中西區南門路段號南寧街,1,晴,40,交岔路,交叉路口,行車管制號誌,車與車,未保持行車安全距離
11003AC291B0375,20210306,120.19079,23.006174,交通事故,交叉路口,臺南市中西區武聖路段號武聖路151,2,晴,40,交岔路,交叉路口,行車管制號誌,車與車,左轉彎未依規定
11003AC291B0382,20210306,120.208121,22.992059,交通事故,一般地址,臺南市中西區青年路段80號,3,晴,50,單路部分,路段,無號誌,車與車,起步未注意其他車(人)安全
11003AC291B0391,20210306,120.186557,22.997939,交通事故,交叉路口,臺南市中西區中華西路段號民生路,1,晴,50,交岔路,交叉路口,行車管制號誌(附設行人專用號誌),車與車,右轉彎未依規定
11003AC291B0397,20210303,120.19531,22.995767,交通事故,交叉路口,臺南市中西區民生路段號康樂街,1,晴,50,交岔路,交叉路口,行車管制號誌(附設行人專用號誌),車與車,違反特定標誌(線)禁制
11003AC291B0404,20210303,120.204349,22.996315,交通事故,一般地址,臺南市中西區民族路2段144號,1,晴,50,單路部分,路段,無號誌,車與車,未保持行車安全間隔
11003AC291B0406,20210303,120.186557,22.997939,交通事故,交叉路口,臺南市中西區中華西路段號民生路,1,晴,50,交岔路,交叉路口,行車管制號誌(附設行人專用號誌),車與車,右轉彎未依規定
11003AC291B0425,20210305,120.208554,22.99772,交通事故,交叉路口,臺南市中西區成功路段號成功路22,2,雨,50,交岔路,交叉路口,行車管制號誌,車與車,未注意車前狀態
11003AC291B0426,20210307,120.208884,22.981456,交通事故,一般地址,臺南市中西區健康路1段112號,1,晴,50,交岔路,交叉路口,行車管制號誌,車與車,未保持行車安全距離
11003AC291B0439,20210301,120.197123,22.991972,交通事故,交叉路口,臺南市中西區國華街段號友愛街,3,晴,50,交岔路,交叉路口,行車管制號誌,車與車,違反號誌管制或指揮
11003AC291B0452,20210307,120.193214,22.995355,交通事故,交叉路口,臺南市中西區河中街段號河中街30,2,晴,40,交岔路,交叉路口,無號誌,車與車,右轉彎未依規定
11003AC291B0460,20210307,120.192415,23.000048,交通事故,交叉路口,臺南市中西區民族路3段號大新街,1,晴,50,交岔路,交叉路口,無號誌,車與車,左轉彎未依規定
11003AC291B0467,20210302,120.186634,23.004766,交通事故,交叉路口,臺南市中西區中華西路段號中華西路2791,1,晴,60,交岔路,路段,無號誌,汽(機)車本身,未注意車前狀態
11003AC291B0468,20210307,120.201952,22.993572,交通事故,一般地址,臺南市中西區民生路1段193號,1,晴,50,單路部分,路段,無號誌,汽(機)車本身,未注意車前狀態
11003AC291B0479,20210307,120.200003,23.000057,交通事故,交叉路口,臺南市中西區成功路段號國華街,2,晴,50,交岔路,交叉路口,行車管制號誌(附設行人專用號誌),車與車,變換車道或方向不當
11003AC291B0499,20210307,120.202995,22.994942,交通事故,一般地址,臺南市中西區民權路2段161號,1,晴,50,單路部分,路段,無號誌,車與車,起步未注意其他車(人)安全
11003AC291B0504,20210308,120.210137,22.989768,交通事故,交叉路口,臺南市中西區民權路1段號萬昌街,1,晴,50,交岔路,交叉路口,行車管制號誌,車與車,左轉彎未依規定
11003AC291B0530,20210308,120.197708,22.984392,交通事故,一般地址,臺南市中西區西門路1段502號,2,晴,50,單路部分,路段,無號誌,車與車,未保持行車安全距離
11003AC291B0535,20210308,120.201261,22.993796,交通事故,交叉路口,臺南市中西區民生路段號永福路,1,晴,40,交岔路,交叉路口,行車管制號誌,車與車,未注意車前狀態
11003AC291B0544,20210305,120.203923,22.983607,交通事故,交叉路口,臺南市中西區南門路段號南門路231,1,晴,50,單路部分,路段,無號誌,車與車,違反特定標誌(線)禁制
11003AC291B0573,20210309,120.188978,22.989322,交通事故,交叉路口,臺南市中西區中華西路2段號永華一街28,1,晴,50,交岔路,交叉路口,無號誌,車與車,未注意車前狀態