案件編號,發生日期,GPS經度,GPS緯度,案件類別名稱,地址類型名稱,發生縣市名稱,受傷人數,天候名稱, 速限-第1當事者,道路型態大類別名稱,事故位置大類別名稱,號誌-號誌種類名稱,事故類型及型態大類別名稱,肇因研判子類別名稱-主要
11003AC291B0615,20210308,120.202712,22.995026,交通事故,一般地址,臺南市中西區民權路2段177號,1,晴,50,單路部分,路段,無號誌,車與車,迴轉未依規定
11003AC291B0633,20210309,120.197622,22.987385,交通事故,交叉路口,臺南市中西區西門路1段號永華路1,3,晴,50,交岔路,交叉路口,行車管制號誌(附設行人專用號誌),車與車,未保持行車安全距離
11003AC291B0653,20210309,120.20466,22.987728,交通事故,一般地址,臺南市中西區建業街段47號,1,晴,50,單路部分,路段,無號誌,車與車,未依規定讓車
11003AC291B0669,20210310,120.209043,22.98719,交通事故,交叉路口,臺南市中西區開山路段號大埔街,2,晴,50,交岔路,交叉路口,行車管制號誌(附設行人專用號誌),車與車,未注意車前狀態
11003AC291B0674,20210310,120.204582,22.989062,交通事故,交叉路口,臺南市中西區府前路1段號南門路,1,晴,50,交岔路,交叉路口,行車管制號誌(附設行人專用號誌),車與車,未注意車前狀態
11003AC291B0681,20210307,120.204337,22.996817,交通事故,一般地址,臺南市中西區忠義路2段188號,2,晴,50,單路部分,路段,無號誌,車與車,左轉彎未依規定
11003AC291B0685,20210308,120.207482,22.995158,交通事故,一般地址,臺南市中西區民族路2段78號,1,晴,50,單路部分,路段,行車管制號誌,車與車,未依規定讓車
11003AC291B0686,20210301,120.208702,22.994694,交通事故,交叉路口,臺南市中西區中山路段號民族路,3,晴,50,交岔路,交叉路口,行車管制號誌,車與車,左轉彎未依規定
11003AC291B0687,20210308,120.208656,22.988598,交通事故,交叉路口,臺南市中西區開山路段151號開山路127,2,晴,30,交岔路,交叉路口,無號誌,車與車,未依規定讓車
11003AC291B0688,20210310,120.209696,22.995514,交通事故,交叉路口,臺南市中西區中山路段號西華南街,1,晴,50,單路部分,路段,無號誌,車與車,未保持行車安全距離
11003AC291B0701,20210311,120.19839,22.994614,交通事故,一般地址,臺南市中西區民生路2段27號,1,晴,50,交岔路,交叉路口,行車管制號誌,車與車,變換車道或方向不當
11003AC291B0717,20210311,120.200138,22.98555,交通事故,一般地址,臺南市中西區永福路1段18號,2,晴,50,單路部分,路段,無號誌,車與車,起步未注意其他車(人)安全
11003AC291B0720,20210311,120.201589,22.982604,交通事故,交叉路口,臺南市中西區忠義路段號五妃街,1,晴,50,單路部分,路段,無號誌,車與車,未注意車前狀態
11003AC291B0724,20210311,120.19873,23.000492,交通事故,交叉路口,臺南市中西區成功路段號海安路,1,晴,50,交岔路,交叉路口,行車管制號誌,車與車,左轉彎未依規定
11003AC291B0737,20210311,120.210417,22.986177,交通事故,一般地址,臺南市中西區樹林街2段21號,1,晴,50,交岔路,交叉路口,無號誌,車與車,迴轉未依規定
11003AC291B0742,20210311,120.201063,22.993181,交通事故,一般地址,臺南市中西區永福路2段100號,2,晴,50,單路部分,路段,無號誌,車與車,起步未注意其他車(人)安全
11003AC291B0755,20210311,120.210156,22.989895,交通事故,交叉路口,臺南市中西區民權路段號萬昌街,1,晴,50,單路部分,路段,行車管制號誌,車與車,未注意車前狀態
11003AC291B0786,20210312,120.196145,23.001171,交通事故,交叉路口,臺南市中西區金華路段號成功路,1,晴,50,交岔路,交叉路口,行車管制號誌,車與車,其他引起事故之違規或不當行為
11003AC291B0805,20210312,120.187423,22.992588,交通事故,一般地址,臺南市中西區府前路二段段372號,2,晴,50,交岔路,交叉路口,閃光號誌,車與車,未注意車前狀態
11003AC291B0807,20210312,120.193259,22.996511,交通事故,一般地址,臺南市中西區民生路2段204號,1,晴,50,單路部分,路段,無號誌,車與車,未注意車前狀態
11003AC291B0809,20210310,120.203103,22.993318,交通事故,交叉路口,臺南市中西區忠義路2段號民生路1,2,晴,50,交岔路,交叉路口,行車管制號誌(附設行人專用號誌),車與車,未依規定讓車
11003AC291B0811,20210312,120.197375,22.997136,交通事故,交叉路口,臺南市中西區海安路段號神農街,1,晴,50,交岔路,交叉路口,行車管制號誌(附設行人專用號誌),車與車,違反號誌管制或指揮
11003AC291B0846,20210312,120.20122,22.997647,交通事故,一般地址,臺南市中西區新美街段147號,1,晴,30,單路部分,路段,無號誌,人與汽(機)車,其他引起事故之違規或不當行為
11003AC291B0854,20210311,120.193108,22.989907,交通事故,交叉路口,臺南市中西區大智街段號大勇街,1,晴,50,交岔路,交叉路口,閃光號誌,車與車,未依規定讓車
11003AC291B0858,20210310,120.210032,22.994398,交通事故,交叉路口,臺南市中西區民族路段號民族路257,2,晴,30,交岔路,交叉路口,無號誌,車與車,未依規定讓車
11003AC291B0862,20210310,120.197489,22.987399,交通事故,交叉路口,臺南市中西區西門路段號永華路,1,晴,50,交岔路,交叉路口,行車管制號誌(附設行人專用號誌),車與車,未保持行車安全距離
11003AC291B0865,20210310,120.2032,22.989186,交通事故,一般地址,臺南市中西區府前路1段239號,2,晴,50,交岔路,交叉路口,行車管制號誌(附設行人專用號誌),車與車,起步未注意其他車(人)安全
11003AC291B0866,20210309,120.206365,22.993205,交通事故,一般地址,臺南市中西區中山路段36號,3,晴,50,單路部分,路段,無號誌,車與車,變換車道或方向不當
11003AC291B0868,20210309,120.197705,22.994266,交通事故,交叉路口,臺南市中西區國華街段號正興街,1,晴,30,交岔路,交叉路口,無號誌,車與車,未依規定讓車
11003AC291B0871,20210310,120.19911,22.993996,交通事故,一般地址,臺南市中西區西門路2段164號,1,晴,50,單路部分,路段,無號誌,車與車,其他引起事故之違規或不當行為
11003AC291B0895,20210302,120.20459,22.997639,交通事故,一般地址,臺南市中西區忠義路2段223號,1,晴,50,單路部分,路段,無號誌,車與車,起步未注意其他車(人)安全
11003AC291B0896,20210302,120.175626,23.002871,交通事故,一般地址,臺南市中西區華平路段980號,1,晴,50,單路部分,路段,無號誌,車與車,違反特定標誌(線)禁制
11003AC291B0909,20210307,120.196746,22.995297,交通事故,交叉路口,臺南市中西區民生路段號海安路,1,晴,50,交岔路,交叉路口,行車管制號誌,汽(機)車本身,其他引起事故之違規或不當行為
11003AC291B0924,20210307,120.206829,22.997855,交通事故,交叉路口,臺南市中西區成功路段號公園路,1,晴,50,單路部分,路段,無號誌,車與車,起步未注意其他車(人)安全
11003AC291B0926,20210313,120.19419,22.991261,交通事故,交叉路口,臺南市中西區府前路段號康樂街,1,晴,50,交岔路,交叉路口,行車管制號誌,車與車,未注意車前狀態
11003AC291B0933,20210308,120.211362,22.988495,交通事故,交叉路口,臺南市中西區東門圓環段號大同路,1,晴,50,交岔路,交叉路口,行車管制號誌,車與車,違反號誌管制或指揮
11003AC291B0944,20210312,120.198436,22.990913,交通事故,交叉路口,臺南市中西區府前路1段342號府前路134215,1,晴,30,交岔路,交叉路口,無號誌,車與車,未依規定讓車
11003AC291B0955,20210313,120.194942,22.989352,交通事故,一般地址,臺南市中西區海安路1段69號,1,晴,50,單路部分,路段,無號誌,車與車,未注意車前狀態
11003AC291B0956,20210313,120.186222,23.001834,交通事故,交叉路口,臺南市中西區頂美三街段號頂美三街81,1,晴,50,交岔路,交叉路口,無號誌,車與車,未依規定讓車
11003AC291B0967,20210301,120.210673,22.985409,交通事故,交叉路口,臺南市中西區開山路段號大同路141,2,晴,50,交岔路,交叉路口,無號誌,車與車,逆向行駛
11003AC291B0973,20210303,120.202313,22.981427,交通事故,交叉路口,臺南市中西區建康路1段號建康路1328,1,晴,50,交岔路,交叉路口,閃光號誌,車與車,未依規定讓車
11003AC291B0974,20210314,120.201332,22.999692,交通事故,交叉路口,臺南市中西區成功路段號西門路2,3,晴,50,交岔路,交叉路口,行車管制號誌,車與車,未注意車前狀態
11003AC291B0975,20210313,120.209537,22.991838,交通事故,交叉路口,臺南市中西區青年路段號武德街,1,晴,50,交岔路,交叉路口,無號誌,車與車,違反特定標誌(線)禁制
11003AC291B0977,20210308,120.197864,22.994834,交通事故,交叉路口,臺南市中西區民生路2段號國華街三段,2,晴,50,交岔路,交叉路口,行車管制號誌,車與車,未保持行車安全間隔
11003AC291B0998,20210308,120.199918,23.000087,交通事故,交叉路口,臺南市中西區成功路段號國華街,1,晴,50,交岔路,交叉路口,行車管制號誌,車與車,未注意車前狀態
11003AC291B1038,20210314,120.19541,22.99098,交通事故,交叉路口,臺南市中西區海安路段號府前路,2,晴,50,交岔路,交叉路口,行車管制號誌(附設行人專用號誌),車與車,未依規定讓車
11003AC291B1044,20210307,120.195609,22.990951,交通事故,交叉路口,臺南市中西區府前路段號海安路,2,晴,50,交岔路,交叉路口,行車管制號誌(附設行人專用號誌),車與車,未依規定讓車
11003AC291B1057,20210315,120.193596,23.005298,交通事故,一般地址,臺南市中西區文賢路段241-3號,1,晴,50,單路部分,路段,無號誌,車與車,未保持行車安全距離
11003AC291B1089,20210303,120.210847,22.989379,交通事故,交叉路口,臺南市中西區民權路1段16號民權路1,2,晴,50,交岔路,交叉路口,無號誌,車與車,起步未注意其他車(人)安全
11003AC291B1102,20210308,120.194273,22.997055,交通事故,交叉路口,臺南市中西區金華路四段段號和平街118,2,晴,50,交岔路,交叉路口,無號誌,車與車,未依規定讓車
11003AC291B1109,20210315,120.200118,22.98655,交通事故,其他,臺南市中西區段號永福路1段60號對面,1,晴,50,單路部分,路段,無號誌,車與車,違反特定標誌(線)禁制
11003AC291B1112,20210314,120.199664,22.996096,交通事故,交叉路口,臺南市中西區西門路段號民權路,1,晴,50,交岔路,交叉路口,行車管制號誌,車與車,違反號誌管制或指揮
11003AC291B1114,20210310,120.208155,22.988947,交通事故,一般地址,臺南市中西區府前路1段131號0,2,晴,50,單路部分,路段,無號誌,車與車,未注意車前狀態
11003AC291B1138,20210314,120.196651,22.995229,交通事故,交叉路口,臺南市中西區海安路二段段號民生路2,2,晴,50,交岔路,交叉路口,行車管制號誌(附設行人專用號誌),車與車,違反特定標誌(線)禁制
11003AC291B1142,20210309,120.196492,22.998621,交通事故,交叉路口,臺南市中西區民族路段號康樂街,1,晴,50,交岔路,交叉路口,行車管制號誌,車與車,未依規定讓車
11003AC291B1144,20210314,120.210141,22.997479,交通事故,交叉路口,臺南市中西區成功路段號西華南街,2,晴,50,交岔路,交叉路口,行車管制號誌(附設行人專用號誌),車與車,未依規定讓車
11003AC291B1147,20210309,120.192711,22.990771,交通事故,一般地址,臺南市中西區金華路三段段90號,1,晴,50,單路部分,路段,無號誌,車與車,未注意車前狀態
11003AC291B1150,20210315,120.205773,22.989041,交通事故,一般地址,臺南市中西區府前路一段段180號,1,晴,50,單路部分,路段,無號誌,車與車,開啟車門不當而肇事
11003AC291B1154,20210311,120.206255,22.996774,交通事故,一般地址,臺南市中西區公園路段121號,2,晴,50,單路部分,路段,無號誌,車與車,其他引起事故之違規或不當行為
11003AC291B1182,20210316,120.209525,22.99184,交通事故,交叉路口,臺南市中西區青年路段號武德街,2,晴,50,交岔路,交叉路口,無號誌,車與車,未依規定讓車
11003AC291B1189,20210310,120.202535,22.990802,交通事故,交叉路口,臺南市中西區友愛街段號忠義路,1,晴,50,交岔路,交叉路口,行車管制號誌,車與車,未依規定讓車
11003AC291B1196,20210310,120.197908,22.998189,交通事故,交叉路口,臺南市中西區海安路段號民族路,1,晴,50,交岔路,交叉路口,行車管制號誌,汽(機)車本身,其他引起事故之違規或不當行為
11003AC291B1198,20210315,120.211167,22.984865,交通事故,交叉路口,臺南市中西區大同路段號開山路,1,晴,50,交岔路,交叉路口,行車管制號誌,車與車,未注意車前狀態
11003AC291B1200,20210316,120.201501,22.998218,交通事故,交叉路口,臺南市中西區新美街段號郡緯街,1,晴,30,交岔路,交叉路口,閃光號誌,車與車,未依規定讓車
11003AC291B1206,20210314,120.198751,22.993379,交通事故,一般地址,臺南市中西區西門路2段149號,2,晴,50,單路部分,路段,無號誌,車與車,尚未發現肇事因素
11003AC291B1215,20210313,120.200251,22.988344,交通事故,交叉路口,臺南市中西區永福路段號和意路,2,晴,50,交岔路,其他,行車管制號誌,人與汽(機)車,搶越行人穿越道
11003AC291B1249,20210317,120.193748,23.003521,交通事故,交叉路口,臺南市中西區文賢路段號西和路,2,晴,50,交岔路,交叉路口,行車管制號誌(附設行人專用號誌),車與車,未注意車前狀態
11003AC291B1269,20210317,120.211721,22.994025,交通事故,其他,臺南市中西區段號北門路一段077號停車格,1,晴,50,單路部分,路段,無號誌,車與車,其他引起事故之違規或不當行為
11003AC291B1288,20210317,120.19788,22.994907,交通事故,交叉路口,臺南市中西區民生路段號國華街,1,晴,50,交岔路,交叉路口,行車管制號誌,車與車,違反號誌管制或指揮
11003AC291B1300,20210317,120.200069,22.981348,交通事故,交叉路口,臺南市中西區健康路段號永福路,1,晴,50,交岔路,交叉路口,行車管制號誌,車與車,未依規定讓車
11003AC291B1319,20210316,120.206599,22.988966,交通事故,一般地址,臺南市中西區府前路1段155號,1,晴,50,單路部分,路段,無號誌,人與汽(機)車,未依規定行走行人穿越道、地下道、天橋而穿越道路
11003AC291B1323,20210316,120.20661,22.988956,交通事故,一般地址,臺南市中西區府前路1段155號,1,晴,50,單路部分,路段,無號誌,車與車,違反特定標誌(線)禁制
11003AC291B1339,20210317,120.209705,22.982511,交通事故,交叉路口,臺南市中西區府連路段號五妃街,2,晴,50,交岔路,交叉路口,行車管制號誌,車與車,違反號誌管制或指揮
11003AC291B1393,20210318,120.199245,22.981638,交通事故,交叉路口,臺南市中西區慶中街段號健康路12001,2,晴,50,交岔路,交叉路口,無號誌,車與車,未依規定讓車
11003AC291B1417,20210318,120.200017,22.997018,交通事故,交叉路口,臺南市中西區西門路段號民族路,2,晴,50,交岔路,交叉路口,行車管制號誌(附設行人專用號誌),車與車,右轉彎未依規定
11003AC291B1419,20210318,120.210154,22.989808,交通事故,交叉路口,臺南市中西區民權路段號萬昌街,2,晴,50,交岔路,交叉路口,行車管制號誌,車與車,未依規定讓車
11003AC291B1442,20210306,120.193933,22.996112,交通事故,交叉路口,臺南市中西區民生路段號金華路,1,晴,50,交岔路,交叉路口,行車管制號誌,車與車,未依規定讓車
11003AC291B1479,20210316,120.20175,22.982604,交通事故,交叉路口,臺南市中西區五妃街段號忠義路,2,晴,50,交岔路,交叉路口,行車管制號誌,車與車,未保持行車安全距離
11003AC291B1482,20210316,120.201728,22.981481,交通事故,交叉路口,臺南市中西區健康路1段號忠義路1,1,晴,50,交岔路,交叉路口,行車管制號誌,汽(機)車本身,未注意車前狀態
11003AC291B1483,20210314,120.203839,22.982603,交通事故,交叉路口,臺南市中西區南門路段號五妃街,1,晴,50,交岔路,交叉路口,行車管制號誌,人與汽(機)車,未注意車前狀態
11003AC291B1484,20210319,120.204944,22.99848,交通事故,交叉路口,臺南市中西區成功路段號忠義路,1,晴,50,交岔路,交叉路口,行車管制號誌(附設行人專用號誌),車與車,未依規定讓車
11003AC291B1507,20210319,120.199028,22.985065,交通事故,其他,臺南市中西區段號南寧街天主堂前,2,晴,50,單路部分,路段,無號誌,車與車,未注意車前狀態
11003AC291B1522,20210319,120.201198,22.999603,交通事故,交叉路口,臺南市中西區西門路段號成功路,1,晴,50,交岔路,交叉路口,行車管制號誌(附設行人專用號誌),車與車,未依規定讓車
11003AC291B1568,20210319,120.206704,22.987785,交通事故,交叉路口,臺南市中西區建業街段號大埔街,1,晴,40,交岔路,交叉路口,行車管制號誌,車與車,左轉彎未依規定
11003AC291B1572,20210319,120.209043,22.98719,交通事故,交叉路口,臺南市中西區開山路段號大埔街,2,晴,50,交岔路,交叉路口,行車管制號誌,車與車,未依規定讓車
11003AC291B1576,20210315,120.200115,22.985053,交通事故,交叉路口,臺南市中西區永福路段號南寧街,1,晴,50,交岔路,交叉路口,行車管制號誌,車與車,違反特定標誌(線)禁制
11003AC291B1604,20210320,120.199023,22.981586,交通事故,一般地址,臺南市中西區健康路1段380號,1,晴,50,單路部分,路段,無號誌,車與車,起步未注意其他車(人)安全
11003AC291B1618,20210320,120.195117,22.999112,交通事故,交叉路口,臺南市中西區金華路段號民族路,1,晴,50,交岔路,交叉路口,行車管制號誌,車與車,未依規定讓車
11003AC291B1632,20210320,120.197892,22.98833,交通事故,一般地址,臺南市中西區和意路段99號,1,晴,50,單路部分,路段,無號誌,車與車,起步未注意其他車(人)安全
11003AC291B1635,20210321,120.211471,22.989207,交通事故,交叉路口,臺南市中西區東門圓環段號北門路,1,晴,50,交岔路,交叉路口,行車管制號誌,車與車,違反號誌管制或指揮
11003AC291B1641,20210320,120.211648,22.981256,交通事故,一般地址,臺南市中西區健康路1段10號,1,晴,50,單路部分,路段,無號誌,汽(機)車本身,未注意車前狀態
11003AC291B1660,20210318,120.206952,22.995252,交通事故,交叉路口,臺南市中西區民族路2段號廣慈街32,1,晴,50,交岔路,交叉路口,無號誌,車與車,未依規定讓車
11003AC291B1662,20210316,120.190314,22.997443,交通事故,一般地址,臺南市中西區民生路2段328號,1,晴,30,交岔路,交叉路口,無號誌,車與車,未依規定讓車
11003AC291B1666,20210310,120.206347,22.995464,交通事故,交叉路口,臺南市中西區民族路段號廣慈街,1,晴,50,交岔路,交叉路口,無號誌,車與車,左轉彎未依規定
11003AC291B1706,20210319,120.202392,22.981132,交通事故,其他,臺南市中西區段號健康路1段台南高商學校對面,1,晴,50,交岔路,交叉路口,閃光號誌,車與車,未注意車前狀態
11003AC291B1715,20210316,120.194554,22.997787,交通事故,交叉路口,臺南市中西區金華路三段段號民權路3,2,晴,50,交岔路,交叉路口,行車管制號誌,車與車,違反號誌管制或指揮
11003AC291B1734,20210316,120.205724,22.995661,交通事故,交叉路口,臺南市中西區公園路段號民族路2,1,晴,50,交岔路,交叉路口,行車管制號誌(附設行人專用號誌),車與車,未依規定讓車
11003AC291B1756,20210322,120.168222,23.001666,交通事故,一般地址,臺南市中西區民權路4段757號,1,陰,50,單路部分,路段,無號誌,車與車,未依規定讓車
11003AC291B1772,20210322,120.200573,22.997434,交通事故,交叉路口,臺南市中西區西門圓環段號民族路2,2,陰,50,交岔路,交叉路口,行車管制號誌(附設行人專用號誌),車與車,違反號誌管制或指揮
11003AC291B1798,20210322,120.204839,22.990782,交通事故,交叉路口,臺南市中西區南門路段號友愛街,1,陰,50,交岔路,交叉路口,行車管制號誌(附設行人專用號誌),車與車,未依規定讓車
11003AC291B1800,20210322,120.186301,23.006798,交通事故,交叉路口,臺南市中西區中華西路段號和緯路,1,晴,50,交岔路,交叉路口,行車管制號誌,車與車,未保持行車安全距離
11003AC291B1809,20210319,120.207645,22.992136,交通事故,交叉路口,臺南市中西區青年路段號民權路,1,晴,50,交岔路,交叉路口,行車管制號誌,汽(機)車本身,未注意車前狀態
11003AC291B1811,20210319,120.186812,23.000432,交通事故,交叉路口,臺南市中西區中華西路2段號中華西路2629,1,晴,60,交岔路,交叉路口,行車管制號誌,車與車,違反號誌管制或指揮
11003AC291B1814,20210319,120.202806,22.982053,交通事故,交叉路口,臺南市中西區南門路段68號健康路1310,3,晴,30,交岔路,交叉路口,無號誌,車與車,未依規定讓車
11003AC291B1866,20210323,120.201509,22.985063,交通事故,一般地址,臺南市中西區南寧街段106號,1,晴,50,單路部分,路段,無號誌,車與車,其他引起事故之違規或不當行為
11003AC291B1903,20210323,120.201343,22.981496,交通事故,其他,臺南市中西區段號健康路一段家齊女中前,1,晴,50,單路部分,路段,無號誌,車與車,未注意車前狀態
11003AC291B1904,20210323,120.192012,23.000252,交通事故,交叉路口,臺南市中西區臨安路段號民族路,3,晴,50,交岔路,交叉路口,行車管制號誌,車與車,左轉彎未依規定
11003AC291B1906,20210321,120.19788,22.994907,交通事故,交叉路口,臺南市中西區民生路段號國華街,2,晴,50,交岔路,交叉路口,行車管制號誌,車與車,不明原因肇事
11003AC291B1908,20210315,120.195086,22.988621,交通事故,交叉路口,臺南市中西區海安路段號建安街,1,晴,50,交岔路,交叉路口,行車管制號誌(附設行人專用號誌),車與車,未保持行車安全間隔
11003AC291B1971,20210324,120.197718,22.982926,交通事故,一般地址,臺南市中西區西門路1段456號,1,陰,50,單路部分,路段,無號誌,汽(機)車本身,未注意車前狀態
11003AC291B1978,20210324,120.191253,22.989338,交通事故,交叉路口,臺南市中西區武英街段號南華街,1,陰,50,交岔路,交叉路口,無號誌,汽(機)車本身,未注意車前狀態
11003AC291B1986,20210324,120.202099,22.995851,交通事故,交叉路口,臺南市中西區民生路2段號永福路2,1,陰,50,交岔路,交叉路口,行車管制號誌,車與車,右轉彎未依規定
11003AC291B2015,20210324,120.195606,22.990946,交通事故,交叉路口,臺南市中西區海安路一段段號府前路二段,1,晴,50,交岔路,交叉路口,行車管制號誌(附設行人專用號誌),車與車,左轉彎未依規定
11003AC291B2020,20210324,120.207271,22.989438,交通事故,交叉路口,臺南市中西區開山路段122號開山路,3,晴,50,交岔路,交叉路口,無號誌,車與車,未依規定讓車
11003AC291B2021,20210315,120.198175,22.999357,交通事故,交叉路口,臺南市中西區海安路段號郡緯街,2,晴,50,交岔路,交叉路口,行車管制號誌(附設行人專用號誌),人與汽(機)車,未注意車前狀態
11003AC291B2024,20210321,120.211471,22.989207,交通事故,交叉路口,臺南市中西區東門圓環段號北門路,1,晴,50,交岔路,交叉路口,行車管制號誌(附設行人專用號誌),車與車,其他引起事故之違規或不當行為
11003AC291B2027,20210324,120.177019,23.001885,交通事故,一般地址,臺南市中西區西賢一街段10917號,1,晴,50,單路部分,路段,無號誌,車與車,右轉彎未依規定
11003AC291B2028,20210322,120.200108,22.983843,交通事故,交叉路口,臺南市中西區永福路段號府緯街,2,晴,50,交岔路,交叉路口,閃光號誌,車與車,未依規定讓車
11003AC291B2031,20210322,120.197855,22.990405,交通事故,交叉路口,臺南市中西區西門路段號府前路,1,晴,50,交岔路,交叉路口,行車管制號誌(附設行人專用號誌),車與車,未依規定讓車
11003AC291B2057,20210325,120.205502,22.982589,交通事故,交叉路口,臺南市中西區慶中街段號五妃街,2,晴,50,交岔路,交叉路口,行車管制號誌(附設行人專用號誌),車與車,違反號誌管制或指揮
11003AC291B2067,20210323,120.170862,23.000746,交通事故,一般地址,臺南市中西區民權路4段572號,1,晴,50,單路部分,路段,無號誌,車與車,變換車道或方向不當
11003AC291B2079,20210320,120.2065,22.998048,交通事故,一般地址,臺南市中西區成功路段149號,1,晴,50,單路部分,路段,無號誌,汽(機)車本身,未注意車前狀態
11003AC291B2083,20210322,120.200031,22.982544,交通事故,交叉路口,臺南市中西區永福路1段號五妃街,2,晴,50,交岔路,交叉路口,行車管制號誌,車與車,左轉彎未依規定
11003AC291B2088,20210320,120.179961,23.003735,交通事故,交叉路口,臺南市中西區西湖街段號湖美街,1,晴,50,交岔路,交叉路口,閃光號誌,車與車,未依規定讓車
11003AC291B2100,20210320,120.18684,22.999049,交通事故,交叉路口,臺南市中西區中華西路段號民權路,1,晴,50,交岔路,交叉路口,行車管制號誌,車與車,起步未注意其他車(人)安全
11003AC291B2104,20210317,120.200837,22.992298,交通事故,交叉路口,臺南市中西區中正路段號永福路,2,晴,50,交岔路,交叉路口,行車管制號誌,車與車,違反號誌管制或指揮
11003AC291B2112,20210319,120.202765,22.991974,交通事故,交叉路口,臺南市中西區中正路段號忠義路,1,晴,50,交岔路,交叉路口,行車管制號誌,車與車,未注意車前狀態
11003AC291B2154,20210324,120.21137,22.98795,交通事故,交叉路口,臺南市中西區大同路1段號大同路122,1,晴,50,交岔路,路段,無號誌,汽(機)車本身,未注意車前狀態
11003AC291B2157,20210325,120.195505,23.001644,交通事故,一般地址,臺南市中西區成功路段481號,1,晴,50,交岔路,路段,無號誌,車與車,未保持行車安全間隔
11003AC291B2178,20210325,120.202469,22.99685,交通事故,交叉路口,臺南市中西區民族路2段號永福路2,4,晴,50,交岔路,交叉路口,行車管制號誌,車與車,違反號誌管制或指揮
11003AC291B2188,20210320,120.200594,22.991228,交通事故,交叉路口,臺南市中西區永福路段號友愛街,1,晴,50,交岔路,交叉路口,行車管制號誌,車與車,未依規定讓車
11003AC291B2190,20210320,120.195502,22.991419,交通事故,一般地址,臺南市中西區海安路1段151號,2,晴,40,單路部分,路段,無號誌,汽(機)車本身,未注意車前狀態
11003AC291B2213,20210322,120.199113,22.993994,交通事故,一般地址,臺南市中西區西門路2段164號,1,晴,50,單路部分,路段,無號誌,汽(機)車本身,未注意車前狀態
11003AC291B2219,20210320,120.202535,22.990802,交通事故,交叉路口,臺南市中西區忠義路段號友愛街,1,晴,50,交岔路,交叉路口,行車管制號誌,人與汽(機)車,未注意車前狀態
11003AC291B2232,20210320,120.205742,22.989019,交通事故,交叉路口,臺南市中西區府前路1段號府前路1175,2,晴,50,交岔路,交叉路口,無號誌,車與車,未依規定讓車
11003AC291B2244,20210326,120.202216,22.989623,交通事故,交叉路口,臺南市中西區府前路一段段號忠義路1,1,晴,50,交岔路,交叉路口,行車管制號誌(附設行人專用號誌),汽(機)車本身,未注意車前狀態
11003AC291B2250,20210324,120.18975,23.006693,交通事故,交叉路口,臺南市中西區武聖路段號武聖路157,2,晴,50,交岔路,交叉路口,行車管制號誌,車與車,違反號誌管制或指揮
11003AC291B2263,20210326,120.199046,22.997727,交通事故,交叉路口,臺南市中西區民族路段號國華街,1,晴,50,交岔路,交叉路口,閃光號誌,車與車,未依規定讓車
11003AC291B2265,20210309,120.209473,22.986852,交通事故,其他,臺南市中西區段號開山路185號對面,2,晴,50,單路部分,路段,無號誌,車與車,違反特定標誌(線)禁制
11003AC291B2273,20210327,120.19204,22.988118,交通事故,交叉路口,臺南市中西區金華路段號永華路,1,晴,50,交岔路,交叉路口,行車管制號誌,車與車,違反號誌管制或指揮
11003AC291B2318,20210327,120.197647,22.987516,交通事故,一般地址,臺南市中西區西門路1段660號,1,晴,50,單路部分,路段,無號誌,車與車,未依規定讓車
11003AC291B2331,20210327,120.19786,22.994818,交通事故,交叉路口,臺南市中西區民生路2段號國華街2,1,晴,50,交岔路,交叉路口,行車管制號誌(附設行人專用號誌),車與車,未保持行車安全距離
11003AC291B2341,20210316,120.204292,22.992962,交通事故,一般地址,臺南市中西區民生路1段12號,1,晴,50,單路部分,路段,無號誌,車與車,未保持行車安全間隔
11003AC291B2376,20210327,120.207168,22.993817,交通事故,一般地址,臺南市中西區中山路段70號,1,晴,50,單路部分,路段,無號誌,車與車,未保持行車安全距離
11003AC291B2378,20210323,120.200258,22.988367,交通事故,交叉路口,臺南市中西區永福路段號和意路,3,晴,50,交岔路,交叉路口,行車管制號誌(附設行人專用號誌),人與汽(機)車,搶越行人穿越道
11003AC291B2391,20210328,120.199274,22.99442,交通事故,交叉路口,臺南市中西區西門路2段號民生路1,1,晴,50,交岔路,交叉路口,行車管制號誌(附設行人專用號誌),人與汽(機)車,搶越行人穿越道
11003AC291B2421,20210310,120.20969,22.981296,交通事故,交叉路口,臺南市中西區健康路段號府連路,1,晴,50,交岔路,交叉路口,行車管制號誌,車與車,左轉彎未依規定
11003AC291B2440,20210328,120.200547,22.991001,交通事故,交叉路口,臺南市中西區永福路2段號永福路2,1,晴,50,交岔路,交叉路口,無號誌,車與車,未注意車前狀態
11003AC291B2448,20210322,120.190289,22.991991,交通事故,一般地址,臺南市中西區府前路2段257號,1,晴,50,單路部分,路段,無號誌,車與車,違反特定標誌(線)禁制
11003AC291B2452,20210325,120.206135,22.991107,交通事故,交叉路口,臺南市中西區開山路段號友愛東街,1,晴,50,交岔路,交叉路口,行車管制號誌,汽(機)車本身,未注意車前狀態
11003AC291B2463,20210326,120.205674,22.99522,交通事故,一般地址,臺南市中西區公園路段58號,1,晴,50,單路部分,路段,無號誌,車與車,迴轉未依規定