案件編號,發生日期,GPS經度,GPS緯度,案件類別名稱,地址類型名稱,發生縣市名稱,受傷人數,天候名稱, 速限-第1當事者,道路型態大類別名稱,事故位置大類別名稱,號誌-號誌種類名稱,事故類型及型態大類別名稱,肇因研判子類別名稱-主要
11003AC291B2466,20210322,120.195301,22.990561,交通事故,交叉路口,臺南市中西區海安路一段段號保安路,1,晴,50,交岔路,交叉路口,行車管制號誌,車與車,其他引起事故之違規或不當行為
11003AC291B2468,20210325,120.197997,22.996273,交通事故,交叉路口,臺南市中西區仁愛街段號和平街,1,晴,30,交岔路,交叉路口,無號誌,車與車,未依規定讓車
11003AC291B2508,20210329,120.19758,22.988496,交通事故,交叉路口,臺南市中西區和意路段號西門路一段,2,晴,50,交岔路,交叉路口,行車管制號誌(附設行人專用號誌),車與車,未注意車前狀態
11003AC291B2510,20210329,120.19513,22.989486,交通事故,交叉路口,臺南市中西區海安路段號大勇街,2,晴,50,交岔路,交叉路口,無號誌,車與車,左轉彎未依規定
11003AC291B2535,20210329,120.194492,22.99774,交通事故,交叉路口,臺南市中西區金華路三段段號民權路3,2,晴,50,交岔路,交叉路口,行車管制號誌(附設行人專用號誌),車與車,變換車道或方向不當
11003AC291B2548,20210329,120.208449,22.994773,交通事故,交叉路口,臺南市中西區中山路段號民族路,2,晴,50,交岔路,交叉路口,行車管制號誌(附設行人專用號誌),車與車,未注意車前狀態
11003AC291B2554,20210328,120.208304,22.989169,交通事故,一般地址,臺南市中西區府前路1段112號,1,晴,50,單路部分,路段,無號誌,車與車,其他引起事故之違規或不當行為
11003AC291B2555,20210329,120.196763,22.990213,交通事故,交叉路口,臺南市中西區國華街段號保安路,1,晴,50,交岔路,交叉路口,行車管制號誌,車與車,違反號誌管制或指揮
11003AC291B2561,20210328,120.186118,23.00672,交通事故,交叉路口,臺南市中西區中華西路段號和緯路,1,晴,50,交岔路,交叉路口,行車管制號誌(附設行人專用號誌),車與車,右轉彎未依規定
11003AC291B2565,20210328,120.202466,22.985178,交通事故,一般地址,臺南市中西區南寧街段84號,1,晴,50,單路部分,路段,無號誌,汽(機)車本身,未注意車前狀態
11003AC291B2571,20210327,120.199245,22.981638,交通事故,交叉路口,臺南市中西區慶中街段號健康路11701,1,晴,30,交岔路,交叉路口,無號誌,車與車,違反特定標誌(線)禁制
11003AC291B2573,20210327,120.192025,23.004788,交通事故,交叉路口,臺南市中西區武聖路段45號武聖路4524,2,晴,30,交岔路,交叉路口,無號誌,車與車,未依規定讓車
11003AC291B2583,20210327,120.189047,23.001045,交通事故,交叉路口,臺南市中西區和真街段號文和街,2,晴,30,交岔路,交叉路口,無號誌,車與車,未依規定讓車
11003AC291B2603,20210329,120.209602,22.994373,交通事故,交叉路口,臺南市中西區民族路段號西華南街,1,晴,50,單路部分,路段,無號誌,車與車,未保持行車安全間隔
11003AC291B2604,20210330,120.190724,22.99927,交通事故,交叉路口,臺南市中西區臨安路段號和真街,1,晴,50,交岔路,交叉路口,行車管制號誌,汽(機)車本身,未注意車前狀態
11003AC291B2606,20210302,120.195668,23.001561,交通事故,一般地址,臺南市中西區成功路段481號,2,晴,50,單路部分,路段,無號誌,車與車,未保持行車安全間隔
11003AC291B2617,20210322,120.196054,22.99803,交通事故,交叉路口,臺南市中西區忠孝街段93號忠孝街97,2,晴,50,交岔路,交叉路口,無號誌,車與車,未依規定讓車
11003AC291B2627,20210330,120.197449,23.000923,交通事故,交叉路口,臺南市中西區成功路段號康樂街,1,晴,50,交岔路,交叉路口,行車管制號誌(附設行人專用號誌),車與車,左轉彎未依規定
11003AC291B2631,20210330,120.197855,22.990405,交通事故,交叉路口,臺南市中西區府前路段號西門路,1,晴,50,交岔路,交叉路口,行車管制號誌,車與車,右轉彎未依規定
11003AC291B2634,20210330,120.191772,22.998555,交通事故,交叉路口,臺南市中西區大新街段號大新街21,2,晴,30,交岔路,交叉路口,閃光號誌,車與車,未依規定讓車
11003AC291B2636,20210330,120.211794,22.994485,交通事故,交叉路口,臺南市中西區北門路段號民族路,1,晴,50,交岔路,交叉路口,行車管制號誌(附設行人專用號誌),車與車,變換車道或方向不當
11003AC291B2639,20210325,120.202256,22.989541,交通事故,交叉路口,臺南市中西區府前路段號忠義路,2,晴,50,交岔路,交叉路口,行車管制號誌,車與車,未依規定讓車
11003AC291B2668,20210330,120.203941,22.985365,交通事故,一般地址,臺南市中西區南門路段16893號,1,晴,50,單路部分,路段,無號誌,車與車,起步未注意其他車(人)安全
11003AC291B2673,20210330,120.203238,22.984923,交通事故,一般地址,臺南市中西區南寧街段50號,1,晴,50,單路部分,路段,無號誌,車與車,未注意車前狀態
11003AC291B2674,20210301,120.202778,22.981433,交通事故,一般地址,臺南市中西區健康路1段312號,2,晴,50,交岔路,交叉路口,無號誌,汽(機)車本身,其他引起事故之違規或不當行為
11003AC291B2682,20210328,120.19591,22.997296,交通事故,交叉路口,臺南市中西區民權路段號康樂街,1,晴,50,交岔路,交叉路口,行車管制號誌,車與車,違反號誌管制或指揮
11003AC291B2686,20210330,120.197546,22.990576,交通事故,其他,臺南市中西區段號西門路與府前路口(西側),1,晴,50,交岔路,路段,無號誌,車與車,未依規定讓車
11003AC291B2689,20210328,120.204059,22.989139,交通事故,交叉路口,臺南市中西區府前路1段號府前路1359,1,晴,50,交岔路,交叉路口,無號誌,車與車,未保持行車安全距離
11003AC291B2746,20210331,120.206637,22.993644,交通事故,交叉路口,臺南市中西區中山路段號民權路,2,晴,50,交岔路,交叉路口,行車管制號誌,車與車,左轉彎未依規定
11003AC291B2748,20210331,120.207126,22.981379,交通事故,交叉路口,臺南市中西區健康路1段號健康路1170,2,晴,50,交岔路,交叉路口,行車管制號誌,車與車,未保持行車安全間隔
11003AC291B2754,20210327,120.191757,22.991668,交通事故,交叉路口,臺南市中西區府前路段號南華街,1,晴,50,交岔路,交叉路口,行車管制號誌,車與車,迴轉未依規定
11003AC291B2761,20210331,120.199204,22.982633,交通事故,交叉路口,臺南市中西區五妃街段號五妃街280,1,晴,50,交岔路,交叉路口,無號誌,車與車,起步未注意其他車(人)安全
11003AC291B2770,20210331,120.194994,22.998874,交通事故,交叉路口,臺南市中西區金華路4段號民權路3234,2,晴,50,交岔路,交叉路口,無號誌,車與車,未依規定讓車
11003AC291B2799,20210329,120.195871,23.0009,交通事故,交叉路口,臺南市中西區金華路段號忠孝街93,1,晴,50,交岔路,交叉路口,行車管制號誌,車與車,違反號誌管制或指揮
11003AC291B2820,20210331,120.2104,22.988945,交通事故,其他,臺南市中西區段號府前路一段20巷口附近,1,晴,50,單路部分,路段,無號誌,車與車,未注意車前狀態
11003AC291B2838,20210331,120.194089,23.003007,交通事故,一般地址,臺南市中西區成功路段557號,1,晴,50,單路部分,路段,無號誌,車與車,起步未注意其他車(人)安全
11003AC291B2866,20210307,120.20828,22.986077,交通事故,其他,臺南市中西區段號樹林街二段與大埔街89巷旁30公尺處,1,晴,50,單路部分,路段,無號誌,車與車,未注意車前狀態
11003AC291B2869,20210310,120.202262,22.989535,交通事故,交叉路口,臺南市中西區府前路段號忠義路,2,晴,50,交岔路,交叉路口,行車管制號誌(附設行人專用號誌),車與車,其他引起事故之違規或不當行為
11003AC291B2870,20210320,120.197731,22.989963,交通事故,一般地址,臺南市中西區西門路一段段716號,1,晴,50,交岔路,交叉路口,無號誌,車與車,右轉彎未依規定
11003AC291B2891,20210324,120.198114,22.988576,交通事故,一般地址,臺南市中西區和意路段68號,1,晴,50,交岔路,交叉路口,無號誌,車與車,未依規定讓車
11003AC291B2901,20210303,120.193108,22.989907,交通事故,交叉路口,臺南市中西區大智街段號大勇街,1,晴,50,交岔路,交叉路口,閃光號誌,車與車,蛇行、方向不定
11003AC291B2907,20210304,120.199355,22.994348,交通事故,交叉路口,臺南市中西區民生路段號西門路,1,晴,50,交岔路,交叉路口,行車管制號誌,車與車,未注意車前狀態
11003AC291B2912,20210305,120.208999,22.994607,交通事故,一般地址,臺南市中西區民族路2段76之6號,1,晴,50,單路部分,路段,無號誌,車與車,起步未注意其他車(人)安全
11003AC291B2925,20210309,120.20956,22.994496,交通事故,交叉路口,臺南市中西區民族路段號西華南街,1,晴,50,交岔路,交叉路口,行車管制號誌,車與車,未保持行車安全距離
11003AC291B2971,20210310,120.208449,22.994773,交通事故,交叉路口,臺南市中西區中山路段號民族路,1,晴,50,交岔路,交叉路口,行車管制號誌,車與車,左轉彎未依規定
11003AC291B2999,20210319,120.197091,22.996911,交通事故,交叉路口,臺南市中西區海安路二段段號民權路3,2,晴,50,交岔路,交叉路口,行車管制號誌(附設行人專用號誌),車與車,左轉彎未依規定
11003AC291B3001,20210320,120.191988,23.000319,交通事故,一般地址,臺南市中西區臨安路1段153號,1,晴,50,交岔路,交叉路口,行車管制號誌,車與車,其他引起事故之違規或不當行為
11003AC291B3003,20210319,120.210136,22.989816,交通事故,交叉路口,臺南市中西區民權路段號萬昌街,2,晴,50,交岔路,交叉路口,行車管制號誌,車與車,未依規定讓車
11003AC291B3004,20210321,120.187312,22.997827,交通事故,一般地址,臺南市中西區民生路2段416號,2,晴,50,交岔路,交叉路口,無號誌,車與車,未依規定讓車
11003AC291B3042,20210316,120.210309,22.991037,交通事故,一般地址,臺南市中西區萬昌街段73號,1,晴,30,交岔路,交叉路口,無號誌,車與車,左轉彎未依規定
11003AC291B3087,20210310,120.190458,23.00155,交通事故,交叉路口,臺南市中西區西和路段號和善街,1,晴,50,交岔路,交叉路口,行車管制號誌,車與車,左轉彎未依規定
11003AC291B3092,20210303,120.187935,23.007442,交通事故,交叉路口,臺南市中西區和緯路段號武聖路,3,晴,50,交岔路,交叉路口,行車管制號誌,車與車,右轉彎未依規定
11003AC291B3094,20210311,120.195606,22.990946,交通事故,交叉路口,臺南市中西區海安路段號府前路,1,晴,50,交岔路,交叉路口,行車管制號誌,車與車,未依規定讓車
11003AC291B3097,20210312,120.202543,22.997478,交通事故,交叉路口,臺南市中西區民權路段號民族路2173,2,晴,50,交岔路,交叉路口,無號誌,車與車,未依規定讓車
11003AC291B3152,20210315,120.210445,22.981306,交通事故,交叉路口,臺南市中西區健康路段號健康路150,2,晴,50,交岔路,交叉路口,行車管制號誌,車與車,未注意車前狀態
11003AC291B3167,20210320,120.209176,22.995128,交通事故,一般地址,臺南市中西區中山路段120號,2,晴,50,單路部分,路段,無號誌,車與車,違反特定標誌(線)禁制
11003AC291B3170,20210320,120.186978,23.000417,交通事故,交叉路口,臺南市中西區中華西路二段段418號中華西路二段,2,晴,50,交岔路,交叉路口,行車管制號誌,車與車,未依規定讓車
11003AC291B3217,20210327,120.199058,22.997734,交通事故,交叉路口,臺南市中西區民族路3段號國華街三段,3,晴,50,交岔路,交叉路口,行車管制號誌,車與車,未注意車前狀態
11003AC291B3218,20210331,120.210487,22.981324,交通事故,一般地址,臺南市中西區建康路1段50號,1,晴,50,交岔路,交叉路口,行車管制號誌,車與車,其他引起事故之違規或不當行為
11003AC291B3219,20210331,120.197791,22.995771,交通事故,交叉路口,臺南市中西區仁愛街段號忠明街,2,晴,50,交岔路,交叉路口,無號誌,車與車,未依規定讓車
11003AC291B3240,20210316,120.206174,22.992233,交通事故,一般地址,臺南市中西區青年路段20號,1,晴,50,單路部分,路段,無號誌,車與車,迴轉未依規定
11003AC291B3258,20210316,120.206856,22.993551,交通事故,交叉路口,臺南市中西區中山路段號民權路,2,晴,50,交岔路,其他,行車管制號誌,人與汽(機)車,搶越行人穿越道
11003AC291B3293,20210327,120.191981,22.999113,交通事故,交叉路口,臺南市中西區大新街段號大新街47,1,晴,30,交岔路,交叉路口,無號誌,車與車,未依規定讓車
11003AC291B3302,20210318,120.208975,22.994615,交通事故,一般地址,臺南市中西區民族路2段76之5號,2,晴,50,單路部分,路段,無號誌,車與車,迴轉未依規定
11003AC291B3310,20210321,120.197563,22.987323,交通事故,一般地址,臺南市中西區西門路1段658號,1,晴,50,單路部分,路段,無號誌,車與車,變換車道或方向不當
11003AC291B3314,20210322,120.19763,22.984517,交通事故,一般地址,臺南市中西區西門路1段506號,1,晴,50,交岔路,路段,無號誌,車與車,未保持行車安全距離
11003AC291B3315,20210322,120.211589,22.99333,交通事故,一般地址,臺南市中西區北門路1段109號,1,晴,50,單路部分,路段,無號誌,車與車,倒車未依規定
11003AC291B3330,20210322,120.210617,22.985479,交通事故,一般地址,臺南市中西區開山路段287號,2,晴,50,交岔路,交叉路口,無號誌,車與車,未依規定讓車
11003AC291B3331,20210327,120.201724,22.982606,交通事故,交叉路口,臺南市中西區五妃街段號忠義路,2,晴,50,交岔路,交叉路口,行車管制號誌,車與車,未依規定讓車
11003AC291B3334,20210327,120.203789,22.989136,交通事故,一般地址,臺南市中西區府前路1段215號,1,晴,50,單路部分,路段,無號誌,人與汽(機)車,未注意車前狀態
11003AC291B3351,20210327,120.195063,22.989511,交通事故,交叉路口,臺南市中西區海安路段號大勇街,2,晴,50,交岔路,交叉路口,行車管制號誌,車與車,左轉彎未依規定
11003AC291B3355,20210330,120.193748,23.003521,交通事故,交叉路口,臺南市中西區文賢路段號西和路,1,晴,50,交岔路,交叉路口,行車管制號誌,車與車,違反號誌管制或指揮
11003AC291B3514,20210327,120.207317,22.993913,交通事故,交叉路口,臺南市中西區中山路段號中山路82,1,晴,50,交岔路,交叉路口,無號誌,車與車,未依規定讓車
11003AC291B3515,20210327,120.200274,22.987515,交通事故,一般地址,臺南市中西區永福路1段88號,2,晴,50,單路部分,路段,無號誌,車與車,起步未注意其他車(人)安全
11003AC291B3518,20210327,120.211167,22.984865,交通事故,交叉路口,臺南市中西區大同路段號開山路,1,晴,50,交岔路,交叉路口,行車管制號誌,車與車,左轉彎未依規定
11003AC291B3520,20210322,120.186557,22.997939,交通事故,交叉路口,臺南市中西區中華西路段號民生路,1,晴,50,交岔路,交叉路口,行車管制號誌,車與車,未依規定讓車
11003AC391A0012,20210320,120.203844,23.05839,交通事故,其他,臺南市安南區段號台江大道二段(近工明五路口),0,晴,50,單路部分,路段,無號誌,汽(機)車本身,未注意車前狀態
11003AC391A0013,20210323,120.238379,23.052107,交通事故,其他,臺南市安南區段號長和路1段1巷(台電大豐高幹108-1電桿)前,0,陰,30,單路部分,路段,無號誌,車與車,未注意車前狀態
11003AC391A0015,20210328,120.159562,23.03887,交通事故,一般地址,臺南市安南區安明路2段路燈117號0,1,晴,70,單路部分,路段,無號誌,汽(機)車本身,疲勞(患病)駕駛失控
11003AC391B0012,20210301,120.186128,23.023343,交通事故,其他,臺南市安南區段號國安街210巷與國安街156巷51弄口,1,晴,30,交岔路,交叉路口,無號誌,車與車,未依規定讓車
11003AC391B0028,20210301,120.196828,23.027483,交通事故,其他,臺南市安南區段號郡安路五段164巷與郡安路五段164巷11弄口,2,晴,30,交岔路,交叉路口,無號誌,車與車,未依規定讓車
11003AC391B0032,20210301,120.215264,23.025676,交通事故,交叉路口,臺南市安南區安和路溪頂寮橋段號府安路3,1,晴,50,交岔路,交叉路口,行車管制號誌(附設行人專用號誌),車與車,右轉彎未依規定
11003AC391B0050,20210301,120.138555,23.052296,交通事故,其他,臺南市安南區段號北汕尾三路(顯宮幹33),2,晴,50,單路部分,路段,無號誌,汽(機)車本身,未注意車前狀態
11003AC391B0053,20210302,120.212888,23.03445,交通事故,交叉路口,臺南市安南區安和路1段號安和路1381,1,晴,60,交岔路,交叉路口,無號誌,車與車,未依規定讓車
11003AC391B0088,20210302,120.201413,23.027693,交通事故,一般地址,臺南市安南區安富街段1號,1,晴,40,交岔路,交叉路口,無號誌,汽(機)車本身,未注意車前狀態
11003AC391B0098,20210302,120.134347,23.065982,交通事故,交叉路口,臺南市安南區安明路4段號台江大道5,2,晴,70,單路部分,路段,無號誌,車與車,未注意車前狀態
11003AC391B0132,20210303,120.202882,23.040785,交通事故,一般地址,臺南市安南區北安路3段145號,1,晴,60,交岔路,交叉路口,行車管制號誌,車與車,左轉彎未依規定
11003AC391B0166,20210302,120.194878,23.04346,交通事故,交叉路口,臺南市安南區安中路1段號怡安路2545,2,晴,50,交岔路,交叉路口,無號誌,車與車,橫越道路不慎
11003AC391B0169,20210303,120.199483,23.06699,交通事故,一般地址,臺南市安南區長和路3段377號,1,晴,50,單路部分,路段,無號誌,車與車,起步未注意其他車(人)安全
11003AC391B0216,20210304,120.22865,23.046766,交通事故,其他,臺南市安南區段號府安堤頂道路,1,晴,40,單路部分,路段,無號誌,車與車,未保持行車安全距離
11003AC391B0249,20210304,120.190565,23.028792,交通事故,交叉路口,臺南市安南區海佃路段號郡安路,1,晴,50,交岔路,交叉路口,行車管制號誌,車與車,左轉彎未依規定
11003AC391B0250,20210304,120.18556,23.046718,交通事故,其他,臺南市安南區段號安中路二段與海佃路二段766巷口,1,晴,50,交岔路,交叉路口,行車管制號誌,車與車,左轉彎未依規定
11003AC391B0276,20210303,120.215092,23.03919,交通事故,一般地址,臺南市安南區安和路2段128號,2,晴,60,單路部分,路段,無號誌,車與車,疲勞(患病)駕駛失控
11003AC391B0282,20210305,120.170873,23.048641,交通事故,一般地址,臺南市安南區本田路三段段740號,1,晴,50,單路部分,路段,無號誌,汽(機)車本身,尚未發現肇事因素
11003AC391B0297,20210305,120.203966,23.042721,交通事故,交叉路口,臺南市安南區長溪路1段號怡安路1,1,晴,50,交岔路,交叉路口,行車管制號誌,車與車,未依規定讓車
11003AC391B0321,20210305,120.216516,23.046103,交通事故,交叉路口,臺南市安南區安豐六街段號育安四街,1,晴,50,交岔路,交叉路口,無號誌,車與車,未依規定讓車
11003AC391B0327,20210305,120.19041,23.045883,交通事故,其他,臺南市安南區段號安中路二段12號,1,晴,50,交岔路,交叉路口,行車管制號誌,車與車,未保持行車安全間隔
11003AC391B0363,20210303,120.203544,23.04411,交通事故,一般地址,臺南市安南區長溪路2段23774號,1,晴,50,交岔路,交叉路口,無號誌,車與車,未依規定讓車
11003AC391B0378,20210305,120.195375,23.047532,交通事故,一般地址,臺南市安南區怡安路2段516120號,2,陰,50,單路部分,路段,無號誌,車與車,未注意車前狀態
11003AC391B0402,20210306,120.218583,23.054513,交通事故,其他,臺南市安南區段號安和路四段與台江大道一段口,1,晴,60,交岔路,交叉路口,行車管制號誌,車與車,右轉彎未依規定
11003AC391B0420,20210306,120.212774,23.029388,交通事故,交叉路口,臺南市安南區安通路4段號安通一街,3,陰,50,交岔路,交叉路口,閃光號誌,車與車,未依規定讓車
11003AC391B0427,20210306,120.181526,23.049819,交通事故,一般地址,臺南市安南區海佃路3段137號,2,晴,50,單路部分,路段,無號誌,車與車,橫越道路不慎
11003AC391B0461,20210307,120.187546,23.040603,交通事故,交叉路口,臺南市安南區海佃路2段號海佃路2417,2,晴,50,交岔路,交叉路口,無號誌,車與車,未注意車前狀態
11003AC391B0463,20210302,120.224295,23.049304,交通事故,交叉路口,臺南市安南區開安路段號開安四街,1,晴,50,交岔路,交叉路口,無號誌,汽(機)車本身,未注意車前狀態
11003AC391B0476,20210304,120.20463,23.027606,交通事故,交叉路口,臺南市安南區北安路段號郡安路,1,晴,50,交岔路,交叉路口,行車管制號誌,汽(機)車本身,其他引起事故之違規或不當行為
11003AC391B0514,20210301,120.204882,23.028476,交通事故,交叉路口,臺南市安南區北安路段號郡安路,1,晴,50,交岔路,交叉路口,行車管制號誌,汽(機)車本身,未注意車前狀態
11003AC391B0517,20210305,120.20463,23.027606,交通事故,交叉路口,臺南市安南區北安路段號長溪路,2,晴,50,交岔路,交叉路口,行車管制號誌,車與車,酒醉(後)駕駛失控
11003AC391B0526,20210306,120.207162,23.045755,交通事故,一般地址,臺南市安南區北安路3段299-9號,1,晴,60,單路部分,路段,無號誌,車與車,未保持行車安全距離
11003AC391B0536,20210306,120.186385,23.021862,交通事故,一般地址,臺南市安南區國安街段210號,2,晴,50,交岔路,交叉路口,閃光號誌,車與車,未依規定讓車
11003AC391B0542,20210301,120.203891,23.04345,交通事故,一般地址,臺南市安南區長溪路2段長溪高幹53號,2,晴,50,單路部分,路段,無號誌,車與車,起步未注意其他車(人)安全
11003AC391B0563,20210303,120.216634,23.043316,交通事故,一般地址,臺南市安南區安和路2段314號,3,晴,50,單路部分,路段,無號誌,車與車,未保持行車安全距離
11003AC391B0568,20210306,120.211146,23.034076,交通事故,一般地址,臺南市安南區安中路1段36號,1,晴,50,單路部分,路段,無號誌,車與車,變換車道或方向不當
11003AC391B0586,20210309,120.183169,23.061778,交通事故,一般地址,臺南市安南區海佃路4段3882288號0,1,晴,50,單路部分,路段,無號誌,車與車,未靠右行駛
11003AC391B0609,20210309,120.217865,23.046314,交通事故,一般地址,臺南市安南區安和路3段115號,2,晴,60,單路部分,路段,無號誌,車與車,變換車道或方向不當
11003AC391B0614,20210305,120.202119,23.055804,交通事故,一般地址,臺南市安南區長溪路2段596號,1,晴,50,交岔路,交叉路口,行車管制號誌,車與車,不明原因肇事
11003AC391B0641,20210310,120.192362,23.042607,交通事故,其他,臺南市安南區段號同安路與同安路237巷(宅南高幹36右11右1號電桿),1,晴,40,交岔路,交叉路口,無號誌,人與汽(機)車,未注意車前狀態
11003AC391B0659,20210310,120.192008,23.022943,交通事故,其他,臺南市安南區段號海佃路一段120號,1,晴,50,交岔路,交叉路口,行車管制號誌,車與車,未保持行車安全距離
11003AC391B0682,20210308,120.231667,23.048409,交通事故,交叉路口,臺南市安南區台江大道1段號府安路堤頂大道,1,晴,50,交岔路,交叉路口,行車管制號誌,汽(機)車本身,未注意車前狀態
11003AC391B0695,20210309,120.181274,23.026158,交通事故,一般地址,臺南市安南區郡安路6段1號,1,晴,50,單路部分,路段,無號誌,車與車,未保持行車安全距離
11003AC391B0700,20210311,120.175574,23.048883,交通事故,一般地址,臺南市安南區安中路3段373號,3,晴,50,交岔路,交叉路口,閃光號誌,車與車,未依規定讓車
11003AC391B0739,20210311,120.202554,23.077765,交通事故,一般地址,臺南市安南區公學路1段12415號,2,晴,50,交岔路,路段,無號誌,車與車,未注意車前狀態
11003AC391B0743,20210311,120.205537,23.024546,交通事故,其他,臺南市安南區段號府安路四段與北安路二段口(TK55之87號電桿),2,晴,50,交岔路,交叉路口,行車管制號誌,車與車,疲勞(患病)駕駛失控
11003AC391B0759,20210310,120.188075,23.044711,交通事故,交叉路口,臺南市安南區安吉路1段號海佃路2636,1,晴,50,交岔路,交叉路口,無號誌,汽(機)車本身,動物竄出
11003AC391B0797,20210312,120.215859,23.046296,交通事故,交叉路口,臺南市安南區安豐六街段號育安街,2,晴,50,交岔路,交叉路口,行車管制號誌,車與車,違反號誌管制或指揮
11003AC391B0802,20210312,120.221311,23.06363,交通事故,一般地址,臺南市安南區長和路2段121號,2,晴,50,單路部分,路段,無號誌,車與車,起步未注意其他車(人)安全
11003AC391B0824,20210312,120.18637,23.061125,交通事故,其他,臺南市安南區段號安吉路二段511巷與本原街二段106巷97弄口,1,晴,30,交岔路,交叉路口,無號誌,車與車,未依規定讓車
11003AC391B0827,20210306,120.196683,23.043316,交通事故,一般地址,臺南市安南區安中路1段7022號,1,晴,30,交岔路,交叉路口,無號誌,車與車,未注意車前狀態
11003AC391B0850,20210312,120.233573,23.049353,交通事故,一般地址,臺南市安南區府安路堤頂大道段號,1,晴,40,單路部分,路段,無號誌,車與車,違規超車
11003AC391B0863,20210312,120.188822,23.022284,交通事故,一般地址,臺南市安南區國安街段113號,1,晴,50,單路部分,路段,無號誌,車與車,酒醉(後)駕駛失控
11003AC391B0873,20210311,120.165787,23.051334,交通事故,交叉路口,臺南市安南區安中路4段320號安中路4320129,2,陰,50,交岔路,交叉路口,無號誌,車與車,未靠右行駛
11003AC391B0883,20210312,120.192647,23.075218,交通事故,交叉路口,臺南市安南區安吉路段號安順庄大道,1,晴,50,單路部分,路段,行車管制號誌,車與車,未保持行車安全距離
11003AC391B0888,20210312,120.190236,23.030678,交通事故,其他,臺南市安南區段號海佃路二段與海東二街口,1,晴,50,交岔路,交叉路口,無號誌,車與車,右轉彎未依規定
11003AC391B0905,20210313,120.130799,23.066782,交通事故,交叉路口,臺南市安南區城安路段號城北路,1,晴,50,交岔路,交叉路口,行車管制號誌,車與車,左轉彎未依規定
11003AC391B0907,20210310,120.182236,23.054869,交通事故,一般地址,臺南市安南區本原街2段385號,1,晴,50,單路部分,路段,無號誌,汽(機)車本身,未注意車前狀態
11003AC391B0913,20210312,120.158314,23.040163,交通事故,交叉路口,臺南市安南區安明路段號本田路,1,晴,50,交岔路,交叉路口,行車管制號誌,車與車,左轉彎未依規定
11003AC391B0920,20210301,120.220165,23.067917,交通事故,一般地址,臺南市安南區安昌街段10653號,1,晴,30,單路部分,路段,無號誌,車與車,未注意車前狀態
11003AC391B0922,20210302,120.210976,23.024886,交通事故,一般地址,臺南市安南區府安路4段91號,2,晴,50,交岔路,交叉路口,行車管制號誌,車與車,左轉彎未依規定
11003AC391B0934,20210313,120.148719,23.035245,交通事故,其他,臺南市安南區段號工業五路與鹽田路口,1,晴,50,交岔路,交叉路口,無號誌,車與車,右轉彎未依規定
11003AC391B0943,20210306,120.154235,23.037671,交通事故,一般地址,臺南市安南區本田路2段391號,1,晴,50,單路部分,路段,無號誌,汽(機)車本身,未注意車前狀態
11003AC391B0948,20210306,120.189958,23.032481,交通事故,交叉路口,臺南市安南區海佃路二段段號海德路,1,晴,60,交岔路,交叉路口,無號誌,汽(機)車本身,未注意車前狀態
11003AC391B0949,20210313,120.147071,23.036576,交通事故,交叉路口,臺南市安南區工業五路段號科技一路,3,陰,50,交岔路,交叉路口,行車管制號誌,車與車,未注意車前狀態
11003AC391B0962,20210313,120.2038,23.043926,交通事故,交叉路口,臺南市安南區長溪路2段號長溪路2289,1,晴,30,交岔路,交叉路口,無號誌,車與車,未依規定讓車
11003AC391B0988,20210313,120.238705,23.052327,交通事故,一般地址,臺南市安南區長和路1段號,1,晴,50,交岔路,交叉路口,行車管制號誌,車與車,左轉彎未依規定
11003AC391B0991,20210302,120.218602,23.054507,交通事故,交叉路口,臺南市安南區安和路4段號台江大道,2,晴,60,交岔路,交叉路口,行車管制號誌,車與車,其他引起事故之違規或不當行為
11003AC391B0994,20210303,120.149073,23.047392,交通事故,交叉路口,臺南市安南區安明路3段號科技公園大道,2,晴,70,交岔路,交叉路口,行車管制號誌,車與車,未保持行車安全距離
11003AC391B0995,20210304,120.213349,23.030039,交通事故,一般地址,臺南市安南區安和路1段159號,1,晴,50,單路部分,路段,無號誌,車與車,迴轉未依規定
11003AC391B0997,20210304,120.196125,23.042755,交通事故,一般地址,臺南市安南區安中路1段703號,2,晴,50,交岔路,交叉路口,行車管制號誌,車與車,變換車道或方向不當
11003AC391B1003,20210308,120.239816,23.053282,交通事故,一般地址,臺南市安南區長和路1段2162號,1,晴,30,單路部分,路段,無號誌,車與車,未保持行車安全距離
11003AC391B1004,20210303,120.235311,23.055551,交通事故,一般地址,臺南市安南區長和路1段217號,1,晴,30,交岔路,交叉路口,行車管制號誌,車與車,左轉彎未依規定
11003AC391B1005,20210310,120.200845,23.059071,交通事故,交叉路口,臺南市安南區台江大道段號本原街2106,2,晴,50,交岔路,交叉路口,行車管制號誌,車與車,違反號誌管制或指揮
11003AC391B1007,20210310,120.178268,23.05258,交通事故,一般地址,臺南市安南區智安三街段116號,1,晴,30,交岔路,交叉路口,無號誌,車與車,未注意車前狀態
11003AC391B1009,20210313,120.214883,23.027602,交通事故,一般地址,臺南市安南區安和路1段82號,2,晴,50,單路部分,路段,無號誌,車與車,未保持行車安全距離
11003AC391B1010,20210313,120.203831,23.043822,交通事故,一般地址,臺南市安南區長溪路2段44216號,1,晴,50,單路部分,路段,無號誌,車與車,左轉彎未依規定