案件編號,發生日期,GPS經度,GPS緯度,案件類別名稱,地址類型名稱,發生縣市名稱,受傷人數,天候名稱, 速限-第1當事者,道路型態大類別名稱,事故位置大類別名稱,號誌-號誌種類名稱,事故類型及型態大類別名稱,肇因研判子類別名稱-主要
11003AC391B1011,20210314,120.13563,23.0813,交通事故,交叉路口,臺南市安南區安明路4段號公學路7,1,晴,60,交岔路,交叉路口,行車管制號誌,車與車,右轉彎未依規定
11003AC391B1019,20210306,120.187848,23.026427,交通事故,交叉路口,臺南市安南區國安街段56141號郡安路655,1,晴,50,交岔路,交叉路口,無號誌,車與車,未依規定讓車
11003AC391B1024,20210308,120.193251,23.022979,交通事故,其他,臺南市安南區段號安寧街79巷與未命名道路,1,晴,30,交岔路,交叉路口,無號誌,汽(機)車本身,未注意車前狀態
11003AC391B1065,20210315,120.187857,23.030526,交通事故,交叉路口,臺南市安南區海東一街段號海東二街,2,晴,50,交岔路,交叉路口,無號誌,車與車,未依規定讓車
11003AC391B1069,20210314,120.193076,23.066532,交通事故,一般地址,臺南市安南區長溪路3段40540號,1,晴,30,交岔路,交叉路口,無號誌,車與車,未依規定讓車
11003AC391B1073,20210315,120.198359,23.067202,交通事故,一般地址,臺南市安南區長和路4段417號,1,晴,50,單路部分,路段,無號誌,車與車,未依規定讓車
11003AC391B1074,20210310,120.142036,23.05233,交通事故,一般地址,臺南市安南區安明路3段801號,1,晴,70,單路部分,路段,無號誌,汽(機)車本身,未注意車前狀態
11003AC391B1094,20210315,120.159624,23.041112,交通事故,一般地址,臺南市安南區本田路3段71號,1,晴,50,單路部分,路段,閃光號誌,車與車,未保持行車安全間隔
11003AC391B1106,20210310,120.212429,23.040698,交通事故,交叉路口,臺南市安南區培安路段號怡安路,1,晴,50,交岔路,交叉路口,行車管制號誌,車與車,未依規定讓車
11003AC391B1169,20210306,120.21864,23.058144,交通事故,交叉路口,臺南市安南區安和路段號州南六街,1,晴,60,交岔路,交叉路口,行車管制號誌,車與車,違反特定標誌(線)禁制
11003AC391B1188,20210315,120.18557,23.046744,交通事故,交叉路口,臺南市安南區安中路2段號海佃路2766,3,晴,50,單路部分,路段,無號誌,車與車,未保持行車安全距離
11003AC391B1190,20210311,120.220336,23.032501,交通事故,一般地址,臺南市安南區府安路堤頂大道段號,1,晴,40,單路部分,路段,無號誌,車與車,未保持行車安全間隔
11003AC391B1191,20210315,120.194225,23.022623,交通事故,一般地址,臺南市安南區安寧街段56號,1,晴,50,單路部分,路段,無號誌,車與車,倒車未依規定
11003AC391B1192,20210315,120.153194,23.060579,交通事故,一般地址,臺南市安南區育英街段720-1號,1,晴,50,交岔路,交叉路口,無號誌,汽(機)車本身,未注意車前狀態
11003AC391B1193,20210316,120.213349,23.030039,交通事故,一般地址,臺南市安南區安和路1段159號,1,晴,50,單路部分,路段,無號誌,車與車,其他引起事故之違規或不當行為
11003AC391B1194,20210316,120.179099,23.05263,交通事故,交叉路口,臺南市安南區海佃路3段號仁安一街,1,晴,50,交岔路,交叉路口,行車管制號誌,車與車,未保持行車安全距離
11003AC391B1197,20210310,120.202406,23.039032,交通事故,交叉路口,臺南市安南區安中路1段號安中路1557,2,晴,50,交岔路,交叉路口,行車管制號誌,車與車,未依規定讓車
11003AC391B1240,20210316,120.211182,23.048282,交通事故,交叉路口,臺南市安南區北安路3段號培安路,1,晴,60,交岔路,交叉路口,行車管制號誌,車與車,未依規定讓車
11003AC391B1252,20210314,120.223051,23.069763,交通事故,交叉路口,臺南市安南區長和路2段12號長和路212277,1,晴,50,交岔路,交叉路口,行車管制號誌,車與車,不明原因肇事
11003AC391B1287,20210317,120.165502,23.045144,交通事故,其他,臺南市安南區段號本田路三段,1,晴,50,單路部分,路段,無號誌,汽(機)車本身,未注意車前狀態
11003AC391B1292,20210311,120.215004,23.026447,交通事故,一般地址,臺南市安南區安和路1段40號0,1,晴,60,單路部分,路段,無號誌,車與車,變換車道或方向不當
11003AC391B1302,20210317,120.161644,23.073225,交通事故,交叉路口,臺南市安南區公學路5段號公學路5527,1,晴,50,交岔路,交叉路口,行車管制號誌,車與車,未依規定讓車
11003AC391B1306,20210316,120.203929,23.042367,交通事故,交叉路口,臺南市安南區長溪路段號安和路,2,晴,50,交岔路,交叉路口,行車管制號誌,車與車,未依規定讓車
11003AC391B1333,20210317,120.174564,23.06864,交通事故,其他,臺南市安南區段號十二佃路與十二佃路81巷口,1,晴,50,交岔路,交叉路口,閃光號誌,車與車,未依規定讓車
11003AC391B1359,20210308,120.177685,23.054398,交通事故,一般地址,臺南市安南區海佃路4段44218號,2,晴,50,單路部分,路段,無號誌,車與車,未注意車前狀態
11003AC391B1362,20210315,120.176286,23.065511,交通事故,一般地址,臺南市安南區海佃路4段38877號,1,晴,50,單路部分,路段,無號誌,汽(機)車本身,其他引起事故之違規或不當行為
11003AC391B1369,20210309,120.20679,23.039138,交通事故,交叉路口,臺南市安南區長溪路1段號長溪路1341,1,晴,50,交岔路,交叉路口,行車管制號誌,車與車,違反號誌管制或指揮
11003AC391B1380,20210318,120.191938,23.081703,交通事故,其他,臺南市安南區段號新吉3路與安新路2路口,1,晴,40,交岔路,交叉路口,行車管制號誌,車與車,右轉彎未依規定
11003AC391B1433,20210317,120.16528,23.070528,交通事故,交叉路口,臺南市安南區公學路5段號安興街,1,晴,50,交岔路,交叉路口,行車管制號誌,人與汽(機)車,違反號誌管制或指揮
11003AC391B1441,20210318,120.191265,23.060298,交通事故,其他,臺南市安南區段號安吉路與台江大道口,2,晴,50,交岔路,交叉路口,行車管制號誌,車與車,違反號誌管制或指揮
11003AC391B1445,20210317,120.18774,23.042376,交通事故,交叉路口,臺南市安南區安吉路1段號大安街,1,晴,50,交岔路,交叉路口,閃光號誌,車與車,未依規定讓車
11003AC391B1456,20210312,120.217937,23.066131,交通事故,一般地址,臺南市安南區安和路5段115號,2,晴,50,單路部分,路段,無號誌,車與車,橫越道路不慎
11003AC391B1492,20210318,120.203152,23.040923,交通事故,一般地址,臺南市安南區北安路3段96號,1,晴,50,交岔路,交叉路口,行車管制號誌,車與車,倒車未依規定
11003AC391B1524,20210319,120.180497,23.052988,交通事故,交叉路口,臺南市安南區功安四街段號智安四街105,1,晴,30,交岔路,交叉路口,無號誌,車與車,未依規定讓車
11003AC391B1557,20210319,120.215201,23.049468,交通事故,交叉路口,臺南市安南區安吉路2段號本原街2106,2,陰,60,交岔路,路段,行車管制號誌(附設行人專用號誌),車與車,未注意車前狀態
11003AC391B1561,20210316,120.188713,23.046652,交通事故,一般地址,臺南市安南區安吉路1段226-1號,2,晴,60,單路部分,路段,無號誌,車與車,未注意車前狀態
11003AC391B1563,20210320,120.187099,23.042036,交通事故,一般地址,臺南市安南區海佃路2段489號,1,晴,50,單路部分,路段,無號誌,人與汽(機)車,未注意車前狀態
11003AC391B1582,20210320,120.221832,23.06917,交通事故,交叉路口,臺南市安南區長和路2段12277號長和路212261,4,晴,30,交岔路,交叉路口,無號誌,車與車,未依規定讓車
11003AC391B1593,20210312,120.193204,23.034433,交通事故,交叉路口,臺南市安南區海佃路二段段150112號大安街187,2,晴,30,交岔路,交叉路口,無號誌,車與車,未依規定讓車
11003AC391B1596,20210320,120.134471,23.067895,交通事故,交叉路口,臺南市安南區安明路四段段號公學路7,2,晴,60,交岔路,交叉路口,行車管制號誌(附設行人專用號誌),車與車,右轉彎未依規定
11003AC391B1605,20210319,120.216973,23.067791,交通事故,一般地址,臺南市安南區安和路5段260號,2,晴,60,交岔路,交叉路口,無號誌,車與車,橫越道路不慎
11003AC391B1613,20210320,120.176416,23.067201,交通事故,交叉路口,臺南市安南區公學路4段號海佃路4388,3,晴,50,交岔路,交叉路口,行車管制號誌,車與車,未依規定讓車
11003AC391B1614,20210320,120.23614,23.054761,交通事故,其他,臺南市安南區段號長和路一段,2,晴,50,單路部分,路段,無號誌,車與車,未保持行車安全間隔
11003AC391B1645,20210320,120.216509,23.068952,交通事故,一般地址,臺南市安南區安和路5段318號,1,陰,60,交岔路,路段,行車管制號誌,車與車,起步未注意其他車(人)安全
11003AC391B1648,20210312,120.184925,23.038107,交通事故,交叉路口,臺南市安南區海環街段號海環街135,4,晴,50,交岔路,交叉路口,無號誌,車與車,左轉彎未依規定
11003AC391B1655,20210315,120.222512,23.063993,交通事故,一般地址,臺南市安南區長和路2段66號,2,晴,50,交岔路,交叉路口,行車管制號誌,車與車,違反號誌管制或指揮
11003AC391B1685,20210321,120.134471,23.067895,交通事故,其他,臺南市安南區段號安明路4段(安西幹1左之4號)前,1,晴,70,單路部分,路段,無號誌,車與車,右轉彎未依規定
11003AC391B1689,20210316,120.193494,23.045039,交通事故,交叉路口,臺南市安南區怡安路段號怡安路2516,1,晴,50,交岔路,交叉路口,行車管制號誌,車與車,不明原因肇事
11003AC391B1741,20210316,120.193346,23.02296,交通事故,一般地址,臺南市安南區安寧街段7923號,2,晴,30,交岔路,交叉路口,無號誌,車與車,未依規定讓車
11003AC391B1771,20210322,120.214179,23.028831,交通事故,一般地址,臺南市安南區安和路1段150號,1,晴,50,交岔路,交叉路口,行車管制號誌,車與車,未保持行車安全距離
11003AC391B1783,20210315,120.192236,23.031577,交通事故,一般地址,臺南市安南區大安街段74號,2,晴,50,交岔路,交叉路口,閃光號誌,車與車,起步未注意其他車(人)安全
11003AC391B1802,20210321,120.171047,23.050805,交通事故,一般地址,臺南市安南區安中路4段154572號,1,晴,30,交岔路,交叉路口,無號誌,車與車,未依規定讓車
11003AC391B1807,20210320,120.222697,23.087609,交通事故,一般地址,臺南市安南區安吉路3段151號,1,晴,50,交岔路,交叉路口,行車管制號誌,車與車,其他引起事故之違規或不當行為
11003AC391B1817,20210322,120.211743,23.034553,交通事故,一般地址,臺南市安南區長溪路1段52號,1,晴,50,單路部分,路段,無號誌,車與車,起步未注意其他車(人)安全
11003AC391B1838,20210321,120.184117,23.025673,交通事故,一般地址,臺南市安南區宜居路段580號,2,晴,50,單路部分,路段,無號誌,車與車,未依規定讓車
11003AC391B1839,20210320,120.219003,23.05109,交通事故,交叉路口,臺南市安南區安和路4段號安和路436,1,晴,50,交岔路,交叉路口,行車管制號誌,車與車,左轉彎未依規定
11003AC391B1846,20210321,120.129069,23.03759,交通事故,其他,臺南市安南區段號北汕尾二路(103路燈),1,晴,50,單路部分,路段,無號誌,汽(機)車本身,未注意車前狀態
11003AC391B1850,20210323,120.202816,23.039093,交通事故,其他,臺南市安南區段號北安路三段10號(北安#30號電桿),2,晴,50,單路部分,路段,無號誌,人與汽(機)車,未注意車前狀態
11003AC391B1877,20210323,120.203604,23.042884,交通事故,交叉路口,臺南市安南區北安路3段號怡安路1,1,晴,60,交岔路,交叉路口,行車管制號誌,車與車,其他引起事故之違規或不當行為
11003AC391B1915,20210316,120.204725,23.058151,交通事故,交叉路口,臺南市安南區台江大道2段號工明三路,2,晴,50,交岔路,交叉路口,行車管制號誌,車與車,違反號誌管制或指揮
11003AC391B1917,20210323,120.187448,23.038284,交通事故,交叉路口,臺南市安南區海尾路段號海佃路2307,1,陰,50,交岔路,交叉路口,行車管制號誌,車與車,其他引起事故之違規或不當行為
11003AC391B1920,20210323,120.208725,23.035267,交通事故,交叉路口,臺南市安南區安中路1段號安中路1130,1,晴,50,交岔路,交叉路口,行車管制號誌,車與車,未依規定讓車
11003AC391B1947,20210323,120.23885,23.052066,交通事故,其他,臺南市安南區段號長和路一段一巷永安橋,1,晴,50,單路部分,路段,無號誌,車與車,未保持行車安全間隔
11003AC391B1950,20210301,120.218107,23.065555,交通事故,一般地址,臺南市安南區安和路5段123號,2,晴,40,單路部分,路段,無號誌,車與車,違反特定標誌(線)禁制
11003AC391B1962,20210301,120.1938,23.045059,交通事故,交叉路口,臺南市安南區怡安路段號同安路,1,晴,50,交岔路,交叉路口,行車管制號誌,車與車,未依規定讓車
11003AC391B1969,20210318,120.214354,23.042022,交通事故,交叉路口,臺南市安南區慶安路段號景安街,2,晴,50,交岔路,交叉路口,無號誌,車與車,未依規定讓車
11003AC391B1982,20210315,120.203882,23.043238,交通事故,交叉路口,臺南市安南區北安路段號長溪路,2,晴,60,交岔路,交叉路口,行車管制號誌,車與車,違反號誌管制或指揮
11003AC391B1987,20210318,120.205562,23.026246,交通事故,一般地址,臺南市安南區賢安街段63號,1,晴,50,單路部分,路段,無號誌,汽(機)車本身,未注意車前狀態
11003AC391B2000,20210315,120.199704,23.069678,交通事故,一般地址,臺南市安南區長溪路3段380120號,1,晴,30,單路部分,路段,無號誌,車與車,未保持行車安全間隔
11003AC391B2051,20210304,120.218718,23.059995,交通事故,一般地址,臺南市安南區安和路4段450號,1,晴,60,單路部分,路段,無號誌,車與車,變換車道或方向不當
11003AC391B2081,20210325,120.215649,23.040892,交通事故,一般地址,臺南市安南區安和路2段196號,1,晴,50,交岔路,交叉路口,無號誌,汽(機)車本身,未注意車前狀態
11003AC391B2086,20210318,120.192357,23.042596,交通事故,一般地址,臺南市安南區同安路段237號,2,晴,50,交岔路,交叉路口,無號誌,車與車,起步未注意其他車(人)安全
11003AC391B2089,20210324,120.205433,23.023659,交通事故,其他,臺南市安南區段號北安橋(51-10號路燈),3,晴,50,單路部分,路段,無號誌,車與車,未注意車前狀態
11003AC391B2137,20210319,120.192787,23.030386,交通事故,交叉路口,臺南市安南區安通路段號理安街,1,晴,50,交岔路,交叉路口,行車管制號誌,車與車,右轉彎未依規定
11003AC391B2139,20210316,120.213768,23.028461,交通事故,交叉路口,臺南市安南區安和路1段號安通路3,2,晴,50,交岔路,交叉路口,行車管制號誌,車與車,不明原因肇事
11003AC391B2145,20210325,120.179229,23.045637,交通事故,一般地址,臺南市安南區海中街段757-15號,2,陰,50,單路部分,路段,無號誌,車與車,起步未注意其他車(人)安全
11003AC391B2168,20210302,120.164946,23.04379,交通事故,一般地址,臺南市安南區本田路3段266號,2,晴,50,單路部分,路段,無號誌,車與車,迴轉未依規定
11003AC391B2169,20210323,120.198098,23.044508,交通事故,一般地址,臺南市安南區怡安路2段102號,2,晴,50,單路部分,其他,行車管制號誌,車與車,未注意車前狀態
11003AC391B2183,20210326,120.243241,23.062977,交通事故,其他,臺南市安南區段號慶和路一段(和鼎橋),1,晴,30,交岔路,交叉路口,無號誌,車與車,違反特定標誌(線)禁制
11003AC391B2187,20210316,120.191265,23.060298,交通事故,交叉路口,臺南市安南區安吉路2段號台江大道2,1,晴,50,交岔路,交叉路口,行車管制號誌,車與車,違反特定標誌(線)禁制
11003AC391B2193,20210326,120.188232,23.037854,交通事故,交叉路口,臺南市安南區海佃路二段段417號海環街6,2,晴,30,交岔路,交叉路口,無號誌,車與車,未依規定讓車
11003AC391B2229,20210326,120.212363,23.033057,交通事故,交叉路口,臺南市安南區安和路1段號安和路1340,1,晴,50,交岔路,交叉路口,行車管制號誌,車與車,橫越道路不慎
11003AC391B2235,20210320,120.218647,23.064253,交通事故,一般地址,臺南市安南區安和路5段50號,2,晴,50,單路部分,路段,無號誌,人與汽(機)車,未注意車前狀態
11003AC391B2305,20210327,120.216729,23.046658,交通事故,一般地址,臺南市安南區育安四街段87號,1,晴,30,交岔路,交叉路口,無號誌,車與車,未依規定讓車
11003AC391B2337,20210326,120.188236,23.0388,交通事故,交叉路口,臺南市安南區海佃路段號同安路,1,晴,50,交岔路,交叉路口,行車管制號誌,車與車,未保持行車安全間隔
11003AC391B2343,20210320,120.209741,23.036597,交通事故,交叉路口,臺南市安南區長溪路1段168號長溪路1,3,晴,50,交岔路,交叉路口,行車管制號誌,車與車,違反號誌管制或指揮
11003AC391B2380,20210325,120.218493,23.060946,交通事故,其他,臺南市安南區段號安和路四段503號,3,晴,50,單路部分,路段,無號誌,車與車,未保持行車安全間隔
11003AC391B2436,20210328,120.202802,23.04084,交通事故,交叉路口,臺南市安南區北安路3段號北安路3145,1,晴,60,交岔路,交叉路口,行車管制號誌,車與車,未依規定讓車
11003AC391B2464,20210328,120.218493,23.07225,交通事故,交叉路口,臺南市安南區安昌街段85號安昌街219,1,晴,30,交岔路,交叉路口,無號誌,車與車,未依規定讓車
11003AC391B2505,20210329,120.204798,23.029445,交通事故,交叉路口,臺南市安南區北安路2段號安通路4,1,晴,50,交岔路,交叉路口,行車管制號誌,車與車,未注意車前狀態
11003AC391B2521,20210327,120.213127,23.041728,交通事故,交叉路口,臺南市安南區興安路段號修安街,1,晴,30,交岔路,交叉路口,無號誌,車與車,未依規定讓車
11003AC391B2525,20210329,120.218612,23.044296,交通事故,一般地址,臺南市安南區永安二街段53號,1,晴,40,交岔路,交叉路口,無號誌,車與車,其他引起事故之違規或不當行為
11003AC391B2529,20210329,120.194178,23.043941,交通事故,其他,臺南市安南區段號安中路1段(安中高幹40號)電桿前,1,晴,50,單路部分,路段,無號誌,車與車,橫越道路不慎
11003AC391B2539,20210326,120.21307,23.030527,交通事故,一般地址,臺南市安南區安和路1段189號0,1,晴,50,單路部分,路段,無號誌,汽(機)車本身,不明原因肇事
11003AC391B2546,20210321,120.191382,23.02571,交通事故,交叉路口,臺南市安南區海佃路段號安富街,2,晴,50,交岔路,交叉路口,行車管制號誌,車與車,未依規定讓車
11003AC391B2550,20210302,120.223112,23.064047,交通事故,一般地址,臺南市安南區長和路2段61號,1,晴,50,單路部分,路段,無號誌,車與車,違反特定標誌(線)禁制
11003AC391B2564,20210328,120.133233,23.036895,交通事故,其他,臺南市安南區段號鹿耳門大道一段與工業七路口,1,晴,50,交岔路,交叉路口,行車管制號誌,車與車,未保持行車安全距離
11003AC391B2567,20210323,120.192983,23.044321,交通事故,一般地址,臺南市安南區安中路1段811號,1,晴,50,單路部分,路段,無號誌,車與車,起步未注意其他車(人)安全
11003AC391B2569,20210323,120.215859,23.046296,交通事故,交叉路口,臺南市安南區育安街段號安豐六街,1,晴,50,交岔路,交叉路口,行車管制號誌,車與車,左轉彎未依規定
11003AC391B2572,20210325,120.200308,23.060365,交通事故,一般地址,臺南市安南區長溪路3段42號,2,晴,50,單路部分,路段,無號誌,汽(機)車本身,未注意車前狀態
11003AC391B2574,20210325,120.21889,23.063253,交通事故,一般地址,臺南市安南區長和路2段217號,1,晴,50,交岔路,交叉路口,行車管制號誌,車與車,左轉彎未依規定
11003AC391B2575,20210327,120.096892,23.046745,交通事故,交叉路口,臺南市安南區安清路段號城西街3501,3,晴,30,交岔路,交叉路口,行車管制號誌,車與車,其他引起事故之違規或不當行為
11003AC391B2577,20210326,120.18545,23.045001,交通事故,一般地址,臺南市安南區海佃路2段623號,1,晴,50,交岔路,交叉路口,無號誌,車與車,迴轉未依規定
11003AC391B2579,20210327,120.207056,23.063777,交通事故,交叉路口,臺南市安南區長和路4段23160號長和路4243,2,晴,30,交岔路,交叉路口,無號誌,車與車,未注意車前狀態
11003AC391B2581,20210327,120.213644,23.057563,交通事故,交叉路口,臺南市安南區北安路4段號州南路,1,晴,50,交岔路,交叉路口,行車管制號誌,車與車,右轉彎未依規定
11003AC391B2584,20210324,120.18614,23.023348,交通事故,交叉路口,臺南市安南區國安街段210號國安街15651,2,晴,30,交岔路,交叉路口,無號誌,車與車,未依規定讓車
11003AC391B2609,20210330,120.176985,23.052906,交通事故,一般地址,臺南市安南區本原街3段56號,2,晴,50,單路部分,路段,無號誌,車與車,未依規定讓車
11003AC391B2611,20210327,120.21462,23.067113,交通事故,一般地址,臺南市安南區北安路4段533號0,2,晴,60,交岔路,交叉路口,行車管制號誌,車與車,未保持行車安全距離
11003AC391B2614,20210304,120.21867,23.059162,交通事故,交叉路口,臺南市安南區安和路4段號安和路4406,1,晴,60,交岔路,交叉路口,無號誌,車與車,未依規定讓車
11003AC391B2663,20210325,120.204024,23.03815,交通事故,一般地址,臺南市安南區安中路1段360號,1,晴,50,單路部分,路段,無號誌,車與車,倒車未依規定
11003AC391B2669,20210305,120.197969,23.026996,交通事故,交叉路口,臺南市安南區富東路段號安富街,1,晴,50,交岔路,交叉路口,行車管制號誌,車與車,未依規定讓車
11003AC391B2675,20210330,120.166953,23.046509,交通事故,交叉路口,臺南市安南區安中路4段號本田路三段,1,晴,50,交岔路,路段,行車管制號誌,車與車,迴轉未依規定
11003AC391B2680,20210320,120.21698,23.030054,交通事故,交叉路口,臺南市安南區郡安路3段236號郡安路323617,1,晴,30,交岔路,交叉路口,無號誌,車與車,未依規定讓車
11003AC391B2687,20210327,120.221215,23.071879,交通事故,一般地址,臺南市安南區環福街段35號,2,晴,50,交岔路,交叉路口,無號誌,車與車,變換車道或方向不當
11003AC391B2690,20210316,120.133866,23.058992,交通事故,交叉路口,臺南市安南區安明路段號安中路6429,2,晴,60,交岔路,交叉路口,無號誌,車與車,逆向行駛
11003AC391B2722,20210331,120.21802,23.066088,交通事故,一般地址,臺南市安南區安和路5段162號,2,晴,40,單路部分,路段,無號誌,車與車,迴轉未依規定
11003AC391B2755,20210331,120.235186,23.055747,交通事故,交叉路口,臺南市安南區長和路段號慶和路,3,晴,50,交岔路,路段,行車管制號誌(附設行人專用號誌),車與車,未注意車前狀態
11003AC391B2762,20210321,120.218674,23.062855,交通事故,一般地址,臺南市安南區安和路4段602號,1,晴,50,單路部分,路段,無號誌,車與車,迴轉未依規定
11003AC391B2769,20210311,120.190175,23.031058,交通事故,交叉路口,臺南市安南區海佃路二段段342號大安街416,2,晴,30,交岔路,交叉路口,無號誌,車與車,未依規定讓車
11003AC391B2771,20210321,120.181938,23.049482,交通事故,交叉路口,臺南市安南區海佃路3段號仁安四街,1,晴,50,交岔路,交叉路口,行車管制號誌,車與車,右轉彎未依規定
11003AC391B2803,20210331,120.205537,23.024546,交通事故,其他,臺南市安南區段號府安路四段與北安路二段口,1,晴,50,交岔路,交叉路口,行車管制號誌,車與車,未注意車前狀態
11003AC391B2808,20210329,120.19388,23.026204,交通事故,一般地址,臺南市安南區安富街段319號,3,晴,50,單路部分,路段,無號誌,車與車,不明原因肇事
11003AC391B2810,20210326,120.190537,23.029816,交通事故,交叉路口,臺南市安南區海佃路段號安通路,1,晴,50,交岔路,交叉路口,行車管制號誌,車與車,右轉彎未依規定
11003AC391B2812,20210331,120.199631,23.029788,交通事故,其他,臺南市安南區段號安通路五段(安西高幹38),2,晴,50,單路部分,路段,無號誌,車與車,其他引起事故之違規或不當行為
11003AC391B2843,20210324,120.201806,23.059096,交通事故,其他,臺南市安南區段號工明五路1巷(州南高幹45-5右8),2,晴,30,單路部分,路段,無號誌,人與汽(機)車,未注意車前狀態
11003AC391B2851,20210302,120.200845,23.059071,交通事故,交叉路口,臺南市安南區台江大道段號本原街2132,2,晴,30,交岔路,交叉路口,行車管制號誌,車與車,其他引起事故之違規或不當行為
11003AC391B2854,20210324,120.194808,23.029201,交通事故,交叉路口,臺南市安南區郡安路5段號郡安路5184,2,晴,50,交岔路,交叉路口,無號誌,車與車,未依規定讓車
11003AC391B2879,20210309,120.218643,23.053397,交通事故,交叉路口,臺南市安南區安和路4段號安和路4131,2,晴,50,交岔路,交叉路口,閃光號誌,車與車,未依規定讓車
11003AC391B2881,20210330,120.238748,23.052317,交通事故,交叉路口,臺南市安南區長和路段號長和路12,1,晴,30,交岔路,交叉路口,行車管制號誌,車與車,未保持行車安全距離
11003AC391B2903,20210303,120.213559,23.029782,交通事故,交叉路口,臺南市安南區安和路1段號安通路4,1,陰,50,交岔路,交叉路口,行車管制號誌,車與車,未注意車前狀態
11003AC391B2905,20210326,120.18736,23.041623,交通事故,一般地址,臺南市安南區海佃路2段475號,1,晴,50,交岔路,交叉路口,行車管制號誌,人與汽(機)車,其他引起事故之疏失或行為
11003AC391B2922,20210303,120.23428,23.049861,交通事故,交叉路口,臺南市安南區長和路1段1號長和路121725,1,晴,40,交岔路,交叉路口,無號誌,汽(機)車本身,未注意車前狀態
11003AC391B2927,20210304,120.191822,23.037755,交通事故,一般地址,臺南市安南區大安街段46149號,1,晴,30,單路部分,路段,無號誌,車與車,未注意車前狀態
11003AC391B2929,20210308,120.189408,23.060453,交通事故,交叉路口,臺南市安南區台江大道3段號安吉路2,1,晴,70,單路部分,路段,無號誌,車與車,未依規定讓車
11003AC391B2963,20210301,120.195956,23.042795,交通事故,交叉路口,臺南市安南區安中路1段號安中路1703,1,晴,50,交岔路,交叉路口,行車管制號誌,車與車,未注意車前狀態
11003AC391B2965,20210313,120.218559,23.055392,交通事故,交叉路口,臺南市安南區安和路4段號大聖路,2,晴,50,交岔路,交叉路口,行車管制號誌,車與車,違反號誌管制或指揮
11003AC391B2978,20210303,120.218296,23.065535,交通事故,一般地址,臺南市安南區安和路5段119號,1,晴,40,單路部分,路段,無號誌,人與汽(機)車,其他引起事故之疏失或行為
11003AC391B2987,20210310,120.190802,23.019444,交通事故,交叉路口,臺南市安南區府安路6段號府安路627,1,晴,50,交岔路,交叉路口,行車管制號誌,車與車,未注意車前狀態
11003AC391B2991,20210308,120.187932,23.03881,交通事故,交叉路口,臺南市安南區海佃路2段號同安路,1,晴,50,交岔路,交叉路口,行車管制號誌,車與車,未依規定讓車
11003AC391B3021,20210331,120.222249,23.053196,交通事故,交叉路口,臺南市安南區台江大道段號安和路,1,晴,50,交岔路,交叉路口,行車管制號誌(附設行人專用號誌),車與車,違反號誌管制或指揮
11003AC391B3024,20210321,120.202323,23.039083,交通事故,交叉路口,臺南市安南區北安路3段號安中路1,1,晴,50,交岔路,交叉路口,行車管制號誌,車與車,違反特定標誌(線)禁制
11003AC391B3033,20210314,120.191414,23.024853,交通事故,交叉路口,臺南市安南區海佃路1段號海佃路1213,1,晴,50,交岔路,路段,行車管制號誌,車與車,未注意車前狀態
11003AC391B3041,20210304,120.188,23.039048,交通事故,一般地址,臺南市安南區海佃路2段438號,1,晴,50,單路部分,路段,無號誌,車與車,未保持行車安全間隔
11003AC391B3049,20210304,120.215679,23.047016,交通事故,交叉路口,臺南市安南區育安街段號育安四街87,2,晴,50,交岔路,交叉路口,無號誌,車與車,未依規定讓車
11003AC391B3058,20210323,120.188894,23.048605,交通事故,一般地址,臺南市安南區安吉路1段465-11號,1,晴,60,單路部分,路段,無號誌,車與車,未注意車前狀態
11003AC391B3061,20210330,120.218715,23.063349,交通事故,交叉路口,臺南市安南區安和路段5號長和路2,1,晴,50,交岔路,交叉路口,行車管制號誌,車與車,未保持行車安全間隔
11003AC391B3081,20210330,120.194291,23.026259,交通事故,交叉路口,臺南市安南區安富街段號府安路5223,1,晴,50,交岔路,交叉路口,無號誌,車與車,未依規定讓車
11003AC391B3084,20210310,120.238657,23.052324,交通事故,其他,臺南市安南區段號長和路一段(永安橋北上車道),1,晴,50,交岔路,交叉路口,行車管制號誌,車與車,未保持行車安全距離
11003AC391B3088,20210305,120.205472,23.025352,交通事故,交叉路口,臺南市安南區北安路2段號北安路232,1,晴,50,交岔路,交叉路口,無號誌,車與車,未依規定讓車
11003AC391B3089,20210313,120.197113,23.042133,交通事故,一般地址,臺南市安南區安中路1段683號,2,晴,50,單路部分,路段,無號誌,車與車,未保持行車安全距離
11003AC391B3091,20210316,120.167497,23.052271,交通事故,一般地址,臺南市安南區安中路4段30691號,1,晴,30,單路部分,路段,無號誌,車與車,未依規定讓車
11003AC391B3105,20210324,120.20894,23.046886,交通事故,一般地址,臺南市安南區北安路3段363號,1,晴,60,單路部分,路段,無號誌,汽(機)車本身,其他引起事故之違規或不當行為