案件編號,發生日期,GPS經度,GPS緯度,案件類別名稱,地址類型名稱,發生縣市名稱,受傷人數,天候名稱, 速限-第1當事者,道路型態大類別名稱,事故位置大類別名稱,號誌-號誌種類名稱,事故類型及型態大類別名稱,肇因研判子類別名稱-主要
11003AC391B3110,20210318,120.201185,23.077198,交通事故,一般地址,臺南市安南區公學路1段157號,1,晴,30,單路部分,路段,無號誌,車與車,起步未注意其他車(人)安全
11003AC391B3124,20210317,120.18402,23.047053,交通事故,交叉路口,臺南市安南區海佃路2段號安中路3,1,晴,50,交岔路,交叉路口,行車管制號誌,車與車,左轉彎未依規定
11003AC391B3137,20210304,120.204526,23.035878,交通事故,一般地址,臺南市安南區安中二街段88號,1,晴,50,單路部分,路段,無號誌,車與車,起步未注意其他車(人)安全
11003AC391B3141,20210331,120.205036,23.028218,交通事故,一般地址,臺南市安南區北安路2段116號,1,晴,50,單路部分,路段,無號誌,車與車,未保持行車安全距離
11003AC391B3143,20210310,120.155079,23.038021,交通事故,交叉路口,臺南市安南區本田路2段號工業二路,1,晴,50,交岔路,交叉路口,行車管制號誌,車與車,未注意車前狀態
11003AC391B3150,20210315,120.207256,23.045519,交通事故,交叉路口,臺南市安南區北安路3段號北安路3394,1,晴,50,交岔路,交叉路口,無號誌,車與車,未注意車前狀態
11003AC391B3155,20210318,120.160606,23.053484,交通事故,一般地址,臺南市安南區安中路4段號,1,晴,50,單路部分,路段,無號誌,汽(機)車本身,未注意車前狀態
11003AC391B3161,20210322,120.210192,23.031408,交通事故,交叉路口,臺南市安南區北安路段號州南二街,1,晴,60,交岔路,交叉路口,無號誌,車與車,未依規定讓車
11003AC391B3174,20210310,120.138182,23.030268,交通事故,交叉路口,臺南市安南區本田路2段號大眾路,1,晴,50,交岔路,交叉路口,行車管制號誌,車與車,未依規定讓車
11003AC391B3181,20210319,120.168175,23.029559,交通事故,其他,臺南市安南區段號安明路二段北上車道(近76號路燈),2,晴,70,單路部分,路段,無號誌,車與車,變換車道或方向不當
11003AC391B3184,20210321,120.193001,23.032899,交通事故,交叉路口,臺南市安南區大安街段號大安街138,1,晴,30,交岔路,交叉路口,無號誌,車與車,未注意車前狀態
11003AC391B3233,20210315,120.17403,23.063897,交通事故,交叉路口,臺南市安南區海佃路4段號海佃路4475,3,晴,50,交岔路,交叉路口,無號誌,車與車,未依規定讓車
11003AC391B3239,20210322,120.19273,23.030323,交通事故,交叉路口,臺南市安南區安通路段號理安街,1,晴,50,交岔路,交叉路口,行車管制號誌,車與車,左轉彎未依規定
11003AC391B3262,20210330,120.204297,23.0266,交通事故,交叉路口,臺南市安南區北安路2段93號府安路511,1,晴,30,交岔路,交叉路口,無號誌,車與車,未依規定讓車
11003AC391B3265,20210318,120.206986,23.058908,交通事故,交叉路口,臺南市安南區工明二路段號工明南二路,1,晴,50,交岔路,交叉路口,閃光號誌,車與車,未依規定讓車
11003AC391B3282,20210329,120.203228,23.042623,交通事故,一般地址,臺南市安南區北安路3段217號,1,晴,50,單路部分,路段,無號誌,車與車,不明原因肇事
11003AC391B3283,20210306,120.238661,23.052365,交通事故,交叉路口,臺南市安南區長和路1段號長和路11,3,晴,50,交岔路,交叉路口,行車管制號誌,車與車,違反號誌管制或指揮
11003AC391B3285,20210320,120.160344,23.074332,交通事故,交叉路口,臺南市安南區公學路5段號公學路5656,2,晴,50,交岔路,交叉路口,無號誌,車與車,未依規定讓車
11003AC391B3288,20210316,120.202027,23.039253,交通事故,一般地址,臺南市安南區安中路1段361之58號,2,晴,50,單路部分,路段,無號誌,車與車,逆向行駛
11003AC391B3290,20210307,120.191535,23.04537,交通事故,交叉路口,臺南市安南區安中路2段號怡安路2,1,晴,50,交岔路,交叉路口,行車管制號誌,車與車,未依規定讓車
11003AC391B3294,20210310,120.178695,23.048218,交通事故,交叉路口,臺南市安南區安中路3段號海中街,1,晴,50,交岔路,交叉路口,行車管制號誌,車與車,左轉彎未依規定
11003AC391B3300,20210321,120.196475,23.0699,交通事故,一般地址,臺南市安南區公學路2段137號,2,晴,50,交岔路,交叉路口,閃光號誌,車與車,未注意車前狀態
11003AC391B3301,20210331,120.206863,23.041734,交通事故,交叉路口,臺南市安南區怡安路1段385號怡安路1343,1,晴,30,單路部分,路段,無號誌,人與汽(機)車,未靠右行駛
11003AC391B3317,20210309,120.202217,23.028687,交通事故,一般地址,臺南市安南區郡安路5段39號0,1,晴,50,單路部分,路段,無號誌,車與車,未保持行車安全距離
11003AC391B3320,20210309,120.203291,23.035552,交通事故,一般地址,臺南市安南區北安路2段363號,2,晴,60,單路部分,路段,無號誌,車與車,未保持行車安全間隔
11003AC391B3322,20210317,120.204334,23.02852,交通事故,一般地址,臺南市安南區郡安路5段1號,1,晴,50,單路部分,路段,無號誌,車與車,起步未注意其他車(人)安全
11003AC391B3325,20210319,120.221638,23.063735,交通事故,一般地址,臺南市安南區長和路2段74號,1,晴,50,單路部分,路段,無號誌,車與車,未注意車前狀態
11003AC391B3328,20210317,120.191568,23.020939,交通事故,一般地址,臺南市安南區府安路6段7號,2,晴,50,交岔路,交叉路口,閃光號誌,人與汽(機)車,未注意車前狀態
11003AC391B3333,20210311,120.192828,23.0544,交通事故,一般地址,臺南市安南區本原街1段482-2號,1,晴,50,單路部分,路段,無號誌,汽(機)車本身,未注意車前狀態
11003AC391B3335,20210318,120.190565,23.028792,交通事故,交叉路口,臺南市安南區海佃路2段號郡安路6,1,晴,50,交岔路,交叉路口,無號誌,車與車,左轉彎未依規定
11003AC391B3344,20210319,120.193674,23.03787,交通事故,交叉路口,臺南市安南區大安街段號大安街415,2,晴,50,交岔路,交叉路口,無號誌,車與車,未依規定讓車
11003AC391B3345,20210329,120.215116,23.026914,交通事故,交叉路口,臺南市安南區安和路1段號安和路152,1,晴,50,交岔路,交叉路口,行車管制號誌,車與車,未依規定讓車
11003AC391B3353,20210312,120.193378,23.020682,交通事故,交叉路口,臺南市安南區府安路5段號府安路5267,1,晴,50,交岔路,交叉路口,無號誌,車與車,未依規定讓車
11003AC391B3412,20210313,120.232102,23.058901,交通事故,一般地址,臺南市安南區長和路1段250號,2,晴,50,單路部分,路段,無號誌,車與車,未保持行車安全間隔
11003AC391B3419,20210330,120.151049,23.04117,交通事故,交叉路口,臺南市安南區工業二路段號科技一路,2,晴,50,交岔路,交叉路口,行車管制號誌,車與車,未保持行車安全間隔
11003AC391B3423,20210327,120.197397,23.044101,交通事故,一般地址,臺南市安南區怡安路2段462號,1,晴,50,交岔路,交叉路口,行車管制號誌,車與車,迴轉未依規定
11003AC391B3424,20210315,120.229517,23.049443,交通事故,交叉路口,臺南市安南區台江大道段號長和路1217,2,晴,30,交岔路,交叉路口,行車管制號誌,車與車,未注意車前狀態
11003AC391B3426,20210331,120.215995,23.041838,交通事故,交叉路口,臺南市安南區安和路2段號景安街,2,晴,50,交岔路,交叉路口,行車管制號誌,車與車,變換車道或方向不當
11003AC391B3428,20210331,120.216517,23.046097,交通事故,一般地址,臺南市安南區安豐六街段220號,2,晴,50,交岔路,交叉路口,無號誌,車與車,未依規定讓車
11003AC391B3429,20210320,120.180539,23.06417,交通事故,其他,臺南市安南區段號海佃路四段388巷6弄100之30號旁,1,晴,30,單路部分,路段,無號誌,汽(機)車本身,不明原因肇事
11003AC391B3432,20210319,120.235114,23.055639,交通事故,交叉路口,臺南市安南區長和路1段號慶和路2,1,晴,50,交岔路,交叉路口,行車管制號誌,車與車,未依規定讓車
11003AC391B3435,20210315,120.21343,23.030052,交通事故,交叉路口,臺南市安南區安和路1段號安和路1159,2,晴,50,交岔路,交叉路口,行車管制號誌,車與車,違反號誌管制或指揮
11003AC391B3443,20210319,120.132956,23.028927,交通事故,交叉路口,臺南市安南區四草大道段號本田路2,1,晴,70,交岔路,交叉路口,行車管制號誌,車與車,未依規定讓車
11003AC391B3444,20210319,120.133001,23.028939,交通事故,交叉路口,臺南市安南區四草大道段號本田路2,1,晴,70,交岔路,交叉路口,行車管制號誌,車與車,未依規定讓車
11003AC391B3445,20210325,120.17666,23.020361,交通事故,其他,臺南市安南區段號安明路一段與九份子大道北向200公尺,2,晴,70,單路部分,路段,無號誌,車與車,未依規定讓車
11003AC391B3448,20210327,120.134092,23.060541,交通事故,一般地址,臺南市安南區安明路4段315-1號,1,晴,70,單路部分,路段,無號誌,人與汽(機)車,未保持行車安全間隔
11003AC391B3449,20210331,120.196491,23.029075,交通事故,一般地址,臺南市安南區郡安路5段164號,2,晴,50,交岔路,交叉路口,無號誌,車與車,未依規定讓車
11003AC391B3456,20210331,120.155654,23.038608,交通事故,一般地址,臺南市安南區本田路2段393號,1,晴,50,單路部分,路段,無號誌,車與車,未依規定讓車
11003AC391B3457,20210330,120.213883,23.029297,交通事故,其他,臺南市安南區段號安順橋(北上車道),1,晴,50,單路部分,路段,無號誌,車與車,其他引起事故之違規或不當行為
11003AC391B3488,20210315,120.202775,23.051149,交通事故,交叉路口,臺南市安南區長溪路段號本原街,1,晴,50,交岔路,交叉路口,行車管制號誌,車與車,未注意車前狀態
11003AC391B3489,20210328,120.193447,23.04425,交通事故,交叉路口,臺南市安南區安中路段號同安路,2,晴,50,交岔路,交叉路口,行車管制號誌,車與車,未依規定讓車
11003AC391B3490,20210327,120.17367,23.023398,交通事故,其他,臺南市安南區段號安明路濱海橋,1,晴,70,單路部分,路段,無號誌,汽(機)車本身,未注意車前狀態
11003AC391B3493,20210317,120.21241,23.032787,交通事故,一般地址,臺南市安南區安和路1段326號,1,晴,50,單路部分,路段,無號誌,車與車,逆向行駛
11003AC391B3496,20210316,120.210069,23.024899,交通事故,交叉路口,臺南市安南區府安路4段號府安路4109,2,晴,30,交岔路,交叉路口,無號誌,車與車,未依規定讓車
11003AC391B3499,20210316,120.216944,23.067617,交通事故,一般地址,臺南市安南區安和路5段249號,1,晴,50,單路部分,路段,無號誌,車與車,迴轉未依規定
11003AC391B3502,20210317,120.177525,23.023494,交通事故,其他,臺南市安南區段號永續二十街與永續二十二街往東20公尺處,2,晴,50,單路部分,路段,無號誌,車與車,未保持行車安全距離
11003AC391B3504,20210317,120.187391,23.038483,交通事故,交叉路口,臺南市安南區海尾路段號海環街31,1,晴,50,交岔路,交叉路口,行車管制號誌,車與車,未保持行車安全距離
11003AC391B3506,20210318,120.207825,23.031089,交通事故,交叉路口,臺南市安南區安西一街段號安通一街,1,晴,50,交岔路,交叉路口,無號誌,車與車,未依規定讓車
11003AC391B3516,20210322,120.176261,23.068369,交通事故,交叉路口,臺南市安南區公學路4段122號十二佃路,1,晴,50,交岔路,交叉路口,行車管制號誌,車與車,違反號誌管制或指揮
11003AC391B3517,20210322,120.133848,23.061038,交通事故,交叉路口,臺南市安南區安明路4段號安中路6,1,晴,70,交岔路,交叉路口,行車管制號誌,人與汽(機)車,未依規定讓車
11003AC391B3519,20210323,120.238744,23.052436,交通事故,交叉路口,臺南市安南區長和路1段號長和路11,1,晴,40,交岔路,交叉路口,行車管制號誌,車與車,右轉彎未依規定
11003AC391B3521,20210330,120.18403,23.047031,交通事故,交叉路口,臺南市安南區海佃路段號安中路,1,晴,50,交岔路,交叉路口,行車管制號誌,車與車,違反號誌管制或指揮
11003AC391B3524,20210330,120.202191,23.076965,交通事故,交叉路口,臺南市安南區公學路1段號公學路1124,1,晴,50,交岔路,交叉路口,閃光號誌,車與車,未依規定讓車
11003AC491B0021,20210301,120.178259,22.990223,交通事故,交叉路口,臺南市安平區永華路2段號文平路,1,晴,50,交岔路,交叉路口,行車管制號誌(附設行人專用號誌),車與車,其他引起事故之違規或不當行為
11003AC491B0083,20210302,120.163679,22.999237,交通事故,一般地址,臺南市安平區平生路段11號,2,晴,50,單路部分,其他,無號誌,車與車,其他引起事故之違規或不當行為
11003AC491B0152,20210303,120.171033,22.984266,交通事故,其他,臺南市安平區段號健康路三段法院門口前,1,晴,50,單路部分,其他,無號誌,車與車,其他引起事故之違規或不當行為
11003AC491B0153,20210303,120.18518,22.996613,交通事故,其他,臺南市安平區段號府前四街與建平十六街口,1,晴,50,交岔路,交叉路口,行車管制號誌(附設行人專用號誌),車與車,未注意車前狀態
11003AC491B0160,20210303,120.175934,22.997296,交通事故,交叉路口,臺南市安平區華平路段號建平十七街,1,晴,50,交岔路,交叉路口,行車管制號誌(附設行人專用號誌),車與車,其他引起事故之違規或不當行為
11003AC491B0161,20210303,120.169965,22.991122,交通事故,其他,臺南市安平區段號永華路二段791號前,1,晴,50,單路部分,路段,無號誌,車與車,未注意車前狀態
11003AC491B0181,20210301,120.175856,22.996727,交通事故,交叉路口,臺南市安平區慶平路段號華平路,2,晴,50,交岔路,交叉路口,行車管制號誌,車與車,左轉彎未依規定
11003AC491B0185,20210302,120.169554,22.983445,交通事故,其他,臺南市安平區段號國平西路國平北路口,1,晴,50,交岔路,交叉路口,行車管制號誌,車與車,起步未注意其他車(人)安全
11003AC491B0203,20210303,120.170911,22.999092,交通事故,交叉路口,臺南市安平區安平路段550號安平路55017,1,晴,30,交岔路,交叉路口,無號誌,車與車,未依規定讓車
11003AC491B0222,20210304,120.182119,22.995908,交通事故,其他,臺南市安平區段號永華三街與建平十四街口,1,晴,50,交岔路,交叉路口,無號誌,車與車,未依規定讓車
11003AC491B0357,20210306,120.182252,22.988546,交通事故,交叉路口,臺南市安平區建平路段號建平七街,1,晴,50,交岔路,交叉路口,行車管制號誌,車與車,左轉彎未依規定
11003AC491B0429,20210303,120.185089,22.989109,交通事故,一般地址,臺南市安平區永華路2段47號,1,晴,50,單路部分,路段,無號誌,車與車,起步未注意其他車(人)安全
11003AC491B0432,20210307,120.177728,22.998257,交通事故,交叉路口,臺南市安平區安平路段號安平路314,2,晴,50,單路部分,路段,行車管制號誌,車與車,變換車道或方向不當
11003AC491B0438,20210304,120.16757,22.989051,交通事故,一般地址,臺南市安平區郡平路段181號,2,晴,50,單路部分,其他,無號誌,車與車,逆向行駛
11003AC491B0456,20210307,120.177715,22.982484,交通事故,一般地址,臺南市安平區健康路3段15號,1,晴,50,單路部分,其他,無號誌,汽(機)車本身,其他引起事故之違規或不當行為
11003AC491B0543,20210305,120.165699,22.999451,交通事故,一般地址,臺南市安平區安平路段77號,0,晴,50,單路部分,路段,無號誌,人與汽(機)車,未依規定行走行人穿越道、地下道、天橋而穿越道路
11003AC491B0606,20210309,120.179986,22.997454,交通事故,一般地址,臺南市安平區建平十七街段117號,1,晴,50,單路部分,其他,無號誌,車與車,其他引起事故之違規或不當行為
11003AC491B0638,20210310,120.168665,23.000788,交通事故,交叉路口,臺南市安平區安北路段16號安北路1645,1,晴,50,交岔路,交叉路口,無號誌,車與車,未依規定讓車
11003AC491B0639,20210309,120.178117,22.984199,交通事故,其他,臺南市安平區段號建平一街166號前,1,晴,50,交岔路,交叉路口,無號誌,車與車,未依規定讓車
11003AC491B0666,20210309,120.185249,22.996618,交通事故,交叉路口,臺南市安平區建平十六街段號府前四街,1,晴,50,交岔路,交叉路口,行車管制號誌,車與車,其他引起事故之違規或不當行為
11003AC491B0675,20210305,120.173228,22.991117,交通事故,一般地址,臺南市安平區永華路2段670號,1,晴,50,單路部分,路段,無號誌,車與車,起步未注意其他車(人)安全
11003AC491B0722,20210311,120.168591,22.989056,交通事故,其他,臺南市安平區段號郡平路與健康三街口,1,晴,50,交岔路,交叉路口,行車管制號誌,車與車,違反號誌管制或指揮
11003AC491B0834,20210312,120.174227,22.985732,交通事故,其他,臺南市安平區段號華平路與華平路67巷口,1,晴,50,交岔路,交叉路口,無號誌,車與車,違反特定標誌(線)禁制
11003AC491B0848,20210312,120.174177,22.990784,交通事故,一般地址,臺南市安平區永華路2段520號0,1,晴,50,單路部分,路段,無號誌,車與車,違反特定標誌(線)禁制
11003AC491B0857,20210311,120.168848,22.990635,交通事故,交叉路口,臺南市安平區健康三街段號育平五街,1,晴,50,交岔路,交叉路口,無號誌,車與車,違規超車
11003AC491B0887,20210307,120.164711,22.993418,交通事故,交叉路口,臺南市安平區健康路3段號建平路,1,晴,50,交岔路,交叉路口,行車管制號誌,車與車,未保持行車安全距離
11003AC491B0901,20210308,120.179929,22.997469,交通事故,一般地址,臺南市安平區建平十七街段119號,1,晴,50,單路部分,路段,無號誌,車與車,未保持行車安全距離
11003AC491B0910,20210313,120.18428,22.987208,交通事故,交叉路口,臺南市安平區永華二街段號建平六街,1,晴,50,交岔路,交叉路口,無號誌,車與車,未依規定讓車
11003AC491B0912,20210313,120.185189,22.996589,交通事故,交叉路口,臺南市安平區府前四街段號建平十六街,1,晴,50,交岔路,交叉路口,行車管制號誌,車與車,未注意車前狀態
11003AC491B0919,20210303,120.18262,22.990714,交通事故,一般地址,臺南市安平區建平路段321號,1,晴,50,單路部分,路段,無號誌,車與車,爭(搶)道行駛
11003AC491B1026,20210314,120.148666,22.98921,交通事故,其他,臺南市安平區段號觀夕平台漁濱路南向北方向,1,晴,50,單路部分,其他,無號誌,車與車,其他引起事故之違規或不當行為
11003AC491B1037,20210310,120.161611,23.000209,交通事故,交叉路口,臺南市安平區安平路段號古堡街,1,晴,50,單路部分,路段,無號誌,車與車,違反特定標誌(線)禁制
11003AC491B1045,20210312,120.181302,22.98986,交通事故,交叉路口,臺南市安平區永華路段號永華三街,1,晴,50,交岔路,交叉路口,行車管制號誌,車與車,逆向行駛
11003AC491B1090,20210306,120.186469,22.986997,交通事故,交叉路口,臺南市安平區中華西路2段號永華路2,1,晴,60,交岔路,交叉路口,行車管制號誌(附設行人專用號誌),車與車,違反號誌管制或指揮
11003AC491B1091,20210302,120.164711,22.993418,交通事故,交叉路口,臺南市安平區華平路段號怡平路,1,晴,50,交岔路,交叉路口,行車管制號誌,車與車,右轉彎未依規定
11003AC491B1145,20210315,120.182611,22.992898,交通事故,一般地址,臺南市安平區怡平路段6號,2,晴,50,單路部分,路段,無號誌,車與車,未依規定讓車
11003AC491B1151,20210313,120.183983,22.984964,交通事故,交叉路口,臺南市安平區永華二街段號建平三街,1,晴,50,交岔路,交叉路口,無號誌,車與車,左轉彎未依規定
11003AC491B1168,20210316,120.182986,22.991481,交通事故,交叉路口,臺南市安平區建平路段號南島路,1,晴,50,交岔路,路段,無號誌,車與車,右轉彎未依規定
11003AC491B1351,20210316,120.178669,22.984235,交通事故,一般地址,臺南市安平區建平一街段134號,1,晴,50,單路部分,路段,無號誌,車與車,其他引起事故之違規或不當行為
11003AC491B1358,20210318,120.175715,22.984426,交通事故,交叉路口,臺南市安平區建平一街段206號建平一街,2,晴,30,交岔路,交叉路口,無號誌,車與車,未依規定讓車
11003AC491B1384,20210307,120.164652,22.993157,交通事故,交叉路口,臺南市安平區育平八街段號育平七街60,1,晴,50,交岔路,交叉路口,閃光號誌,車與車,未依規定讓車
11003AC491B1461,20210313,120.170138,22.989949,交通事故,交叉路口,臺南市安平區建平七街段號永華九街,1,晴,50,交岔路,交叉路口,無號誌,車與車,未依規定讓車
11003AC491B1501,20210313,120.156619,22.98138,交通事故,其他,臺南市安平區段號健康路三段漁光橋下西側(漁光路118-7號前),1,晴,40,單路部分,路段,無號誌,車與車,迴轉未依規定
11003AC491B1558,20210312,120.159255,22.987883,交通事故,其他,臺南市安平區段號安億路東向路段(億載金城後側左後方),1,晴,50,單路部分,路段,無號誌,汽(機)車本身,不明原因肇事
11003AC491B1607,20210310,120.175501,22.994025,交通事故,交叉路口,臺南市安平區華平路段號華平路672,1,晴,50,交岔路,交叉路口,無號誌,車與車,未依規定讓車
11003AC491B1611,20210313,120.186469,22.986997,交通事故,交叉路口,臺南市安平區中華西路2段號永華路2,1,晴,50,交岔路,交叉路口,行車管制號誌,車與車,違反特定標誌(線)禁制
11003AC491B1646,20210309,120.17412,22.984615,交通事故,交叉路口,臺南市安平區華平路段號建平一街,1,晴,50,交岔路,交叉路口,閃光號誌,車與車,不明原因肇事
11003AC491B1680,20210319,120.181194,22.991723,交通事故,交叉路口,臺南市安平區平通路段號建平九街22,1,晴,50,交岔路,交叉路口,無號誌,車與車,其他引起事故之違規或不當行為
11003AC491B1740,20210318,120.175376,22.993015,交通事故,交叉路口,臺南市安平區華平路段號平通路,2,晴,50,交岔路,交叉路口,行車管制號誌,車與車,未依規定讓車
11003AC491B1799,20210317,120.181954,22.987046,交通事故,其他,臺南市安平區段號建平路與建平五街口(南側),1,晴,50,交岔路,交叉路口,行車管制號誌(附設行人專用號誌),車與車,未依規定讓車
11003AC491B1830,20210316,120.167119,22.9883,交通事故,一般地址,臺南市安平區府平路段38647號,1,晴,30,交岔路,交叉路口,無號誌,車與車,起步未注意其他車(人)安全
11003AC491B1869,20210323,120.174172,22.983793,交通事故,交叉路口,臺南市安平區健康路3段號華平路,1,晴,50,交岔路,交叉路口,行車管制號誌,車與車,違反特定標誌(線)禁制
11003AC491B1910,20210316,120.17596,22.998017,交通事故,其他,臺南市安平區段號安平路與華平路口,1,晴,50,交岔路,交叉路口,行車管制號誌(附設行人專用號誌),車與車,未依規定讓車
11003AC491B1919,20210323,120.183584,22.993333,交通事故,其他,臺南市安平區段號府前路二段與建平路口,1,晴,50,交岔路,交叉路口,行車管制號誌(附設行人專用號誌),車與車,迴轉未依規定
11003AC491B1951,20210324,120.18694,22.991007,交通事故,交叉路口,臺南市安平區中華西路段號南島路,1,晴,50,交岔路,交叉路口,行車管制號誌,車與車,左轉彎未依規定
11003AC491B1955,20210323,120.167853,22.984938,交通事故,交叉路口,臺南市安平區健康路3段號健康三街,1,晴,50,單路部分,其他,行車管制號誌,車與車,未保持行車安全距離
11003AC491B1963,20210306,120.172082,22.998126,交通事故,交叉路口,臺南市安平區安平路段號安平路500,1,晴,50,單路部分,路段,行車管制號誌,車與車,未保持行車安全距離
11003AC491B1974,20210323,120.153727,23.000065,交通事故,其他,臺南市安平區段號安北路417號前,1,晴,50,單路部分,路段,無號誌,車與車,左轉彎未依規定
11003AC491B1992,20210324,120.175885,22.99817,交通事故,交叉路口,臺南市安平區安平路段號華平路,1,晴,50,交岔路,交叉路口,行車管制號誌,車與車,右轉彎未依規定
11003AC491B2011,20210324,120.175376,22.993015,交通事故,交叉路口,臺南市安平區華平路段號平通路,2,陰,50,交岔路,交叉路口,行車管制號誌,車與車,左轉彎未依規定
11003AC491B2033,20210315,120.178252,22.989021,交通事故,其他,臺南市安平區段號文平路與建平七街口,1,晴,50,交岔路,交叉路口,行車管制號誌,汽(機)車本身,動物竄出
11003AC491B2036,20210318,120.18166,22.992375,交通事故,其他,臺南市安平區段號平通路與永華三街口,1,晴,50,交岔路,交叉路口,行車管制號誌,車與車,迴轉未依規定
11003AC491B2045,20210321,120.175343,22.998236,交通事故,一般地址,臺南市安平區安平路段386號,1,晴,50,單路部分,路段,無號誌,車與車,迴轉未依規定
11003AC491B2061,20210325,120.169753,22.998407,交通事故,其他,臺南市安平區段號安平路與健康三街口,1,晴,50,交岔路,交叉路口,行車管制號誌(附設行人專用號誌),汽(機)車本身,酒醉(後)駕駛失控
11003AC491B2082,20210324,120.171203,22.991719,交通事故,交叉路口,臺南市安平區國平路段號建平八街,1,晴,50,交岔路,交叉路口,無號誌,車與車,未依規定讓車
11003AC491B2097,20210324,120.181353,22.997387,交通事故,其他,臺南市安平區段號建平十七街67號對向車道,1,陰,50,單路部分,路段,無號誌,車與車,未保持行車安全距離
11003AC491B2125,20210308,120.174997,22.990426,交通事故,交叉路口,臺南市安平區永華路段號華平路,2,晴,50,交岔路,交叉路口,行車管制號誌,車與車,未注意車前狀態
11003AC491B2166,20210326,120.170042,22.98448,交通事故,交叉路口,臺南市安平區健康路3段號國平路,2,晴,50,交岔路,交叉路口,行車管制號誌,車與車,違反號誌管制或指揮
11003AC491B2203,20210326,120.169683,22.998565,交通事故,交叉路口,臺南市安平區安平路段號健康三街,1,晴,50,單路部分,路段,無號誌,汽(機)車本身,不明原因肇事
11003AC491B2204,20210320,120.186744,22.992713,交通事故,交叉路口,臺南市安平區中華西路段號府前路,2,晴,50,交岔路,交叉路口,行車管制號誌,車與車,其他引起事故之違規或不當行為
11003AC491B2205,20210314,120.180134,22.999132,交通事故,交叉路口,臺南市安平區民權路段號湖美街,1,晴,50,交岔路,交叉路口,行車管制號誌,車與車,違反號誌管制或指揮
11003AC491B2223,20210326,120.177745,22.990924,交通事故,交叉路口,臺南市安平區平通路段333號建平八街,1,晴,50,交岔路,交叉路口,無號誌,車與車,左轉彎未依規定
11003AC491B2239,20210321,120.158756,22.999767,交通事故,交叉路口,臺南市安平區安平路段號湖內二街,1,晴,50,交岔路,交叉路口,閃光號誌,車與車,不明原因肇事
11003AC491B2286,20210323,120.17655,22.99046,交通事故,交叉路口,臺南市安平區永華路段號永華六街,1,晴,50,交岔路,交叉路口,無號誌,車與車,未依規定讓車
11003AC491B2428,20210322,120.171578,22.990838,交通事故,一般地址,臺南市安平區永華路2段713號,1,晴,50,單路部分,路段,無號誌,車與車,起步未注意其他車(人)安全
11003AC491B2489,20210325,120.174529,22.990488,交通事故,其他,臺南市安平區段號永華路二段567號前,1,晴,50,單路部分,路段,行車管制號誌,車與車,違規停車或暫停不當而肇事
11003AC491B2557,20210306,120.158765,23.000817,交通事故,一般地址,臺南市安平區安平路段850號,1,晴,30,單路部分,路段,無號誌,汽(機)車本身,不明原因肇事
11003AC491B2590,20210307,120.177609,22.984239,交通事故,交叉路口,臺南市安平區建平一街段號文平路,1,晴,50,交岔路,交叉路口,行車管制號誌,車與車,違反號誌管制或指揮
11003AC491B2592,20210317,120.167373,22.991019,交通事故,一般地址,臺南市安平區育平路段240號,1,晴,50,單路部分,路段,閃光號誌,車與車,開啟車門不當而肇事
11003AC491B2641,20210328,120.16369,22.985191,交通事故,其他,臺南市安平區段號健康路三段750號前附近,1,晴,50,單路部分,路段,無號誌,車與車,變換車道或方向不當
11003AC491B2660,20210330,120.186154,22.992848,交通事故,其他,臺南市安平區段號府前路二段與府前三街口,1,晴,50,交岔路,交叉路口,行車管制號誌(附設行人專用號誌),車與車,右轉彎未依規定
11003AC491B2676,20210329,120.186527,22.997955,交通事故,交叉路口,臺南市安平區中華西路段號安平路,1,晴,50,交岔路,交叉路口,行車管制號誌,車與車,右轉彎未依規定
11003AC491B2739,20210330,120.163975,23.00244,交通事故,交叉路口,臺南市安平區安北路段號民權路4,1,晴,50,交岔路,交叉路口,行車管制號誌,車與車,左轉彎未依規定
11003AC491B2741,20210326,120.185848,22.989972,交通事故,交叉路口,臺南市安平區永華路2段號華平路,1,晴,50,單路部分,路段,行車管制號誌,車與車,其他引起事故之違規或不當行為
11003AC491B2756,20210331,120.169215,22.998633,交通事故,其他,臺南市安平區段號安平路與安平路606巷口,1,晴,50,交岔路,交叉路口,行車管制號誌,車與車,違反號誌管制或指揮
11003AC491B2757,20210327,120.176085,22.998588,交通事故,一般地址,臺南市安平區華平路段722號,1,晴,50,單路部分,其他,無號誌,車與車,其他引起事故之違規或不當行為
11003AC491B2811,20210320,120.175689,22.994981,交通事故,其他,臺南市安平區段號華平路565號前對向車道,1,晴,50,單路部分,路段,無號誌,車與車,起步未注意其他車(人)安全
11003AC491B2816,20210319,120.150493,22.998702,交通事故,交叉路口,臺南市安平區安北路段號州平二街,1,晴,50,交岔路,交叉路口,行車管制號誌,車與車,右轉彎未依規定
11003AC491B2829,20210325,120.169483,22.998636,交通事故,交叉路口,臺南市安平區安平路段號安平路40,1,晴,50,交岔路,交叉路口,無號誌,車與車,未注意車前狀態