案件編號,發生日期,GPS經度,GPS緯度,案件類別名稱,地址類型名稱,發生縣市名稱,受傷人數,天候名稱, 速限-第1當事者,道路型態大類別名稱,事故位置大類別名稱,號誌-號誌種類名稱,事故類型及型態大類別名稱,肇因研判子類別名稱-主要
11003AC491B2845,20210326,120.168669,22.987936,交通事故,交叉路口,臺南市安平區健康路3段號健康三街,1,晴,50,交岔路,交叉路口,行車管制號誌,車與車,違反號誌管制或指揮
11003AC491B2861,20210327,120.176657,22.991049,交通事故,交叉路口,臺南市安平區永華六街段號建平八街,1,晴,50,交岔路,交叉路口,閃光號誌,車與車,未依規定讓車
11003AC491B2900,20210328,120.185837,22.997925,交通事故,一般地址,臺南市安平區安平路段42號,2,晴,50,單路部分,路段,無號誌,車與車,未保持行車安全距離
11003AC491B2919,20210331,120.165894,22.998615,交通事故,一般地址,臺南市安平區安平路段512018號,1,晴,30,單路部分,路段,無號誌,人與汽(機)車,逆向行駛
11003AC491B2921,20210328,120.186557,22.997939,交通事故,交叉路口,臺南市安平區中華西路2段號安平路,1,晴,50,交岔路,交叉路口,行車管制號誌,車與車,未依規定讓車
11003AC491B2964,20210310,120.186333,22.996539,交通事故,交叉路口,臺南市安平區中華西路2段號建平十六街,1,晴,50,交岔路,交叉路口,行車管制號誌(附設行人專用號誌),車與車,右轉彎未依規定
11003AC491B2966,20210314,120.169655,22.997662,交通事故,交叉路口,臺南市安平區慶平路段號健康三街,2,晴,50,交岔路,交叉路口,行車管制號誌(附設行人專用號誌),車與車,左轉彎未依規定
11003AC491B2969,20210321,120.163703,22.999031,交通事故,一般地址,臺南市安平區平生路段5號,1,晴,50,單路部分,路段,無號誌,車與車,未保持行車安全間隔
11003AC491B2970,20210323,120.17869,22.997441,交通事故,一般地址,臺南市安平區建平十七街段153號0,2,晴,50,單路部分,路段,無號誌,車與車,起步未注意其他車(人)安全
11003AC491B2979,20210328,120.181404,22.982638,交通事故,交叉路口,臺南市安平區健康路3段號建平路,1,晴,50,交岔路,交叉路口,行車管制號誌,車與車,違反號誌管制或指揮
11003AC491B3028,20210323,120.182008,22.999064,交通事故,一般地址,臺南市安平區民權路4段155號0,1,晴,50,交岔路,交叉路口,行車管制號誌,車與車,逆向行駛
11003AC491B3029,20210328,120.16303,22.987103,交通事故,交叉路口,臺南市安平區府平路段號健康四街,1,晴,50,交岔路,交叉路口,閃光號誌,車與車,未依規定讓車
11003AC491B3035,20210329,120.177182,22.995151,交通事故,交叉路口,臺南市安平區建平十一街段號永華六街,1,晴,50,交岔路,交叉路口,行車管制號誌,車與車,左轉彎未依規定
11003AC491B3063,20210329,120.18661,22.987192,交通事故,一般地址,臺南市安平區中華西路2段25號,1,晴,60,單路部分,路段,無號誌,車與車,右轉彎未依規定
11003AC491B3086,20210328,120.183564,22.988347,交通事故,一般地址,臺南市安平區建平七街段59號,1,晴,50,單路部分,路段,無號誌,車與車,未注意車前狀態
11003AC491B3106,20210306,120.164405,22.987263,交通事故,交叉路口,臺南市安平區府平路段號平豐路,2,晴,50,交岔路,交叉路口,行車管制號誌,車與車,違反號誌管制或指揮
11003AC491B3114,20210323,120.163997,22.999684,交通事故,交叉路口,臺南市安平區安平路段號平生路,2,晴,50,交岔路,交叉路口,行車管制號誌,車與車,左轉彎未依規定
11003AC491B3128,20210327,120.161812,22.993632,交通事故,一般地址,臺南市安平區永華十一街段166號,1,晴,50,單路部分,路段,無號誌,汽(機)車本身,未注意車前狀態
11003AC491B3171,20210329,120.176405,22.988555,交通事故,交叉路口,臺南市安平區建平七街段號建平六街80,1,晴,50,交岔路,交叉路口,無號誌,車與車,左轉彎未依規定
11003AC491B3176,20210327,120.163898,22.992979,交通事故,交叉路口,臺南市安平區光州七街段號平豐路,1,晴,50,交岔路,交叉路口,無號誌,汽(機)車本身,其他引起事故之違規或不當行為
11003AC491B3243,20210318,120.172264,22.991607,交通事故,交叉路口,臺南市安平區建平八街段號永華八街,1,晴,50,交岔路,交叉路口,無號誌,車與車,未依規定讓車
11003AC491B3266,20210323,120.160816,23.000157,交通事故,其他,臺南市安平區段號安平路183號前對向車道,1,晴,50,交岔路,路段,無號誌,汽(機)車本身,疲勞(患病)駕駛失控
11003AC491B3268,20210326,120.17597,22.998165,交通事故,交叉路口,臺南市安平區華平路段號安平路,1,晴,50,交岔路,交叉路口,行車管制號誌(附設行人專用號誌),車與車,左轉彎未依規定
11003AC491B3298,20210316,120.17062,22.986776,交通事故,交叉路口,臺南市安平區國平路段號府平路,1,晴,50,交岔路,交叉路口,行車管制號誌,車與車,未依規定讓車
11003AC491B3349,20210325,120.174903,22.989331,交通事故,交叉路口,臺南市安平區華平路段號建平七街,2,晴,50,交岔路,交叉路口,行車管制號誌,車與車,左轉彎未依規定
11003AC491B3368,20210326,120.175671,22.99533,交通事故,交叉路口,臺南市安平區華平路段號建平十一街,1,晴,50,交岔路,交叉路口,行車管制號誌,車與車,未保持行車安全距離
11003AC491B3410,20210320,120.158809,22.996819,交通事故,交叉路口,臺南市安平區運河路段號湖內一街,1,晴,50,交岔路,交叉路口,無號誌,車與車,左轉彎未依規定
11003AC491B3510,20210313,120.159152,22.986256,交通事故,其他,臺南市安平區段號安億路與無名巷口,1,晴,50,交岔路,交叉路口,無號誌,車與車,右轉彎未依規定
11003AC491B3530,20210324,120.169839,23.000657,交通事故,交叉路口,臺南市安平區安平路段606號民權路46792,1,晴,30,交岔路,交叉路口,無號誌,車與車,未依規定讓車
11003AC591B0010,20210301,120.19923,23.00366,交通事故,交叉路口,臺南市北區臨安路二段段號臨安路二段195,1,晴,50,交岔路,交叉路口,無號誌,車與車,未依規定讓車
11003AC591B0056,20210302,120.216443,23.016221,交通事故,交叉路口,臺南市北區公園路段號公園路994,1,晴,30,交岔路,交叉路口,無號誌,車與車,未依規定讓車
11003AC591B0090,20210301,120.193122,23.01808,交通事故,交叉路口,臺南市北區中華北路一段段號文賢路,1,晴,50,交岔路,交叉路口,行車管制號誌(附設行人專用號誌),汽(機)車本身,其他引起事故之違規或不當行為
11003AC591B0092,20210302,120.211758,23.011056,交通事故,一般地址,臺南市北區公園路段772號,1,晴,50,交岔路,交叉路口,行車管制號誌,車與車,未保持行車安全距離
11003AC591B0093,20210302,120.201756,23.01273,交通事故,交叉路口,臺南市北區文成路段號育德三街,1,晴,50,交岔路,交叉路口,閃光號誌,車與車,未依規定讓車
11003AC591B0103,20210302,120.214627,23.013952,交通事故,交叉路口,臺南市北區長榮路五段段406號長榮路五段45214,1,晴,30,交岔路,交叉路口,無號誌,車與車,未保持行車安全距離
11003AC591B0118,20210301,120.216756,23.006017,交通事故,交叉路口,臺南市北區開元路段號前鋒路,2,晴,50,交岔路,交叉路口,行車管制號誌,車與車,左轉彎未依規定
11003AC591B0119,20210301,120.205628,23.005548,交通事故,交叉路口,臺南市北區西門路段號公園北路,2,晴,40,交岔路,交叉路口,行車管制號誌,車與車,違反號誌管制或指揮
11003AC591B0120,20210302,120.221671,23.018299,交通事故,一般地址,臺南市北區大武街段59733號,2,晴,30,交岔路,交叉路口,行車管制號誌,車與車,違反號誌管制或指揮
11003AC591B0121,20210302,120.195252,23.018722,交通事故,交叉路口,臺南市北區中華北路二段段號中華北路二段41,1,晴,50,交岔路,路段,行車管制號誌,車與車,未注意車前狀態
11003AC591B0124,20210302,120.210516,23.003964,交通事故,一般地址,臺南市北區公園北路段5號,1,晴,50,交岔路,交叉路口,行車管制號誌,車與車,倒車未依規定
11003AC591B0125,20210302,120.206131,23.01059,交通事故,一般地址,臺南市北區西門路四段段17119號,2,晴,30,交岔路,交叉路口,無號誌,車與車,未依規定讓車
11003AC591B0146,20210303,120.218478,23.006652,交通事故,交叉路口,臺南市北區開元路段號勝利路,1,晴,50,交岔路,交叉路口,行車管制號誌(附設行人專用號誌),人與汽(機)車,未注意車前狀態
11003AC591B0148,20210303,120.19384,23.012067,交通事故,交叉路口,臺南市北區文賢路段號大興街,2,晴,50,交岔路,交叉路口,行車管制號誌,車與車,未依規定讓車
11003AC591B0154,20210303,120.204246,23.003679,交通事故,一般地址,臺南市北區西門路三段段159號,1,晴,50,交岔路,交叉路口,行車管制號誌(附設行人專用號誌),車與車,未注意車前狀態
11003AC591B0155,20210303,120.193157,23.017923,交通事故,交叉路口,臺南市北區文賢路段號中華北路二段,1,晴,40,交岔路,交叉路口,行車管制號誌,車與車,未注意車前狀態
11003AC591B0156,20210303,120.209491,23.013428,交通事故,交叉路口,臺南市北區西門路四段段號文成一路,1,晴,40,交岔路,交叉路口,行車管制號誌(附設行人專用號誌),車與車,未保持行車安全距離
11003AC591B0189,20210303,120.221833,23.018957,交通事故,一般地址,臺南市北區大武街段59750號,1,晴,50,交岔路,交叉路口,無號誌,車與車,未依規定讓車
11003AC591B0191,20210303,120.186128,23.006843,交通事故,交叉路口,臺南市北區和緯路四段段號中華北路一段,1,晴,60,交岔路,交叉路口,行車管制號誌,車與車,右轉彎未依規定
11003AC591B0192,20210303,120.213569,23.013169,交通事故,一般地址,臺南市北區長榮路五段段452號,1,晴,50,交岔路,交叉路口,行車管制號誌,車與車,違反號誌管制或指揮
11003AC591B0210,20210304,120.225402,23.004198,交通事故,其他,臺南市北區段號林三路三段140巷果貿二村國宅社區旁,1,晴,30,交岔路,交叉路口,無號誌,車與車,未注意車前狀態
11003AC591B0225,20210301,120.193868,23.012054,交通事故,交叉路口,臺南市北區文賢路段號大興街,1,晴,50,交岔路,交叉路口,行車管制號誌(附設行人專用號誌),車與車,未依規定讓車
11003AC591B0228,20210304,120.220294,23.011974,交通事故,一般地址,臺南市北區長榮路五段段110號,1,晴,30,交岔路,交叉路口,無號誌,車與車,未注意車前狀態
11003AC591B0234,20210304,120.207995,23.008515,交通事故,交叉路口,臺南市北區育德路段號文成路,1,晴,50,交岔路,路段,行車管制號誌,車與車,未保持行車安全距離
11003AC591B0236,20210304,120.200011,23.009569,交通事故,交叉路口,臺南市北區海安路三段段號立賢路一段,1,陰,40,交岔路,交叉路口,行車管制號誌(附設行人專用號誌),汽(機)車本身,未注意車前狀態
11003AC591B0252,20210304,120.210251,23.00623,交通事故,一般地址,臺南市北區公園路段468-5號,1,晴,50,交岔路,交叉路口,行車管制號誌,車與車,未注意車前狀態
11003AC591B0261,20210305,120.208716,23.01776,交通事故,交叉路口,臺南市北區北安路一段段號北安路一段176,1,晴,50,交岔路,交叉路口,行車管制號誌(附設行人專用號誌),車與車,未依規定讓車
11003AC591B0285,20210304,120.205631,23.02281,交通事故,一般地址,臺南市北區北安路1段號,3,晴,50,單路部分,路段,無號誌,車與車,未保持行車安全距離
11003AC591B0287,20210304,120.210116,23.015405,交通事故,交叉路口,臺南市北區西門路4段號文成三路,1,晴,40,交岔路,交叉路口,行車管制號誌,車與車,左轉彎未依規定
11003AC591B0290,20210305,120.217593,23.003674,交通事故,交叉路口,臺南市北區東豐路段133號東豐路,2,晴,40,交岔路,交叉路口,行車管制號誌(附設行人專用號誌),車與車,左轉彎未依規定
11003AC591B0300,20210301,120.206072,23.006037,交通事故,交叉路口,臺南市北區西門路四段段號西門路四段16,2,晴,50,交岔路,交叉路口,行車管制號誌(附設行人專用號誌),人與汽(機)車,違反號誌管制或指揮
11003AC591B0335,20210305,120.220223,23.010559,交通事故,一般地址,臺南市北區長榮路五段段129號,1,晴,50,交岔路,交叉路口,行車管制號誌(附設行人專用號誌),車與車,未依規定讓車
11003AC591B0342,20210304,120.211261,23.012107,交通事故,交叉路口,臺南市北區公園路段號公園路820,2,晴,50,交岔路,交叉路口,行車管制號誌,車與車,未注意車前狀態
11003AC591B0364,20210306,120.20163,23.014984,交通事故,交叉路口,臺南市北區育德三街段號文成二街,1,晴,50,交岔路,交叉路口,閃光號誌,車與車,未依規定讓車
11003AC591B0365,20210306,120.223725,23.000877,交通事故,一般地址,臺南市北區小東路段61號,1,晴,50,單路部分,其他,無號誌,車與車,逆向行駛
11003AC591B0366,20210306,120.210723,23.004636,交通事故,交叉路口,臺南市北區公園路段號公園北路,1,晴,50,交岔路,交叉路口,行車管制號誌,車與車,未保持行車安全距離
11003AC591B0368,20210306,120.20569,23.007794,交通事故,一般地址,臺南市北區西門路4段6551號,2,晴,50,交岔路,交叉路口,無號誌,車與車,未依規定使用燈光
11003AC591B0399,20210306,120.222659,23.00224,交通事故,一般地址,臺南市北區東豐路段350號,1,晴,50,交岔路,交叉路口,閃光號誌,車與車,起步未注意其他車(人)安全
11003AC591B0403,20210306,120.201756,23.01273,交通事故,交叉路口,臺南市北區文成路段號育德三街,1,晴,50,交岔路,交叉路口,閃光號誌,車與車,未依規定讓車
11003AC591B0417,20210306,120.193903,23.003449,交通事故,交叉路口,臺南市北區成功路段號臨安路二段91,2,晴,50,交岔路,交叉路口,行車管制號誌,車與車,未保持行車安全間隔
11003AC591B0418,20210306,120.215745,23.018068,交通事故,一般地址,臺南市北區公園路段1058號,2,晴,50,單路部分,路段,無號誌,人與汽(機)車,未依標誌、標線、號誌或手勢指揮穿越道路
11003AC591B0431,20210305,120.206173,23.010914,交通事故,交叉路口,臺南市北區育德路段號西門路四段171,1,晴,50,交岔路,交叉路口,無號誌,車與車,未依規定讓車
11003AC591B0436,20210307,120.220709,23.014559,交通事故,交叉路口,臺南市北區實踐街段103號實踐街10319,1,晴,30,交岔路,交叉路口,無號誌,車與車,起步未注意其他車(人)安全
11003AC591B0447,20210307,120.213746,23.010459,交通事故,交叉路口,臺南市北區旭日街段143號旭日街,1,晴,30,交岔路,交叉路口,無號誌,車與車,未依規定讓車
11003AC591B0465,20210307,120.180458,23.00972,交通事故,一般地址,臺南市北區大興街段50259號,1,晴,30,單路部分,路段,無號誌,汽(機)車本身,其他引起事故之違規或不當行為
11003AC591B0489,20210308,120.181273,23.008604,交通事故,交叉路口,臺南市北區大興街段號大興街502,1,晴,50,交岔路,交叉路口,無號誌,車與車,左轉彎未依規定
11003AC591B0490,20210307,120.205516,23.012206,交通事故,一般地址,臺南市北區和緯路二段段223號,2,晴,50,單路部分,路段,無號誌,車與車,未注意車前狀態
11003AC591B0503,20210308,120.212163,23.013613,交通事故,交叉路口,臺南市北區公園路段號長榮路五段,1,晴,50,交岔路,路段,行車管制號誌,車與車,起步未注意其他車(人)安全
11003AC591B0511,20210308,120.219421,23.007064,交通事故,交叉路口,臺南市北區開元路段183號開元路,4,晴,50,交岔路,交叉路口,行車管制號誌,車與車,左轉彎未依規定
11003AC591B0525,20210308,120.191718,23.015247,交通事故,交叉路口,臺南市北區大和路段330號大港街38,1,晴,50,交岔路,交叉路口,無號誌,車與車,未依規定讓車
11003AC591B0527,20210308,120.227448,23.001504,交通事故,交叉路口,臺南市北區東豐路段號小東路147,1,晴,50,交岔路,交叉路口,行車管制號誌,車與車,未保持行車安全間隔
11003AC591B0565,20210309,120.22075,23.00763,交通事故,交叉路口,臺南市北區長榮路五段段號開元路,2,晴,50,交岔路,交叉路口,行車管制號誌,車與車,未保持行車安全距離
11003AC591B0596,20210309,120.215738,23.009208,交通事故,交叉路口,臺南市北區和緯路一段段號北門路二段,2,晴,50,交岔路,交叉路口,行車管制號誌,車與車,違反號誌管制或指揮
11003AC591B0620,20210309,120.218373,23.013835,交通事故,一般地址,臺南市北區長榮路五段段246號,1,晴,50,交岔路,交叉路口,行車管制號誌,車與車,違反特定標誌(線)禁制
11003AC591B0623,20210309,120.203306,23.002118,交通事故,一般地址,臺南市北區西門路三段段142號,1,晴,50,單路部分,路段,無號誌,車與車,變換車道或方向不當
11003AC591B0625,20210305,120.203493,23.002534,交通事故,交叉路口,臺南市北區公園南路段號西門路三段,2,晴,40,交岔路,交叉路口,行車管制號誌,車與車,迴轉未依規定
11003AC591B0627,20210309,120.220345,23.01118,交通事故,一般地址,臺南市北區長榮路五段段86號,2,晴,50,單路部分,路段,無號誌,車與車,未依規定讓車
11003AC591B0650,20210309,120.208818,23.000984,交通事故,交叉路口,臺南市北區公園南路段號公園路,2,晴,50,交岔路,交叉路口,行車管制號誌,車與車,未保持行車安全間隔
11003AC591B0656,20210310,120.207096,23.016312,交通事故,交叉路口,臺南市北區育德路段號育德路599,2,晴,50,交岔路,交叉路口,無號誌,車與車,未保持行車安全距離
11003AC591B0690,20210310,120.1992,23.006599,交通事故,一般地址,臺南市北區海安路三段段21921號,1,晴,50,交岔路,交叉路口,無號誌,車與車,未依規定讓車
11003AC591B0693,20210307,120.209116,23.012442,交通事故,交叉路口,臺南市北區西門路四段段號西門路四段140,1,晴,40,交岔路,路段,行車管制號誌,車與車,未注意車前狀態
11003AC591B0731,20210311,120.229553,22.999461,交通事故,交叉路口,臺南市北區小東路段號東興路二段,1,晴,40,單路部分,路段,無號誌,車與車,未保持行車安全距離
11003AC591B0732,20210311,120.198666,23.000517,交通事故,交叉路口,臺南市北區成功路段號海安路,1,晴,50,交岔路,交叉路口,行車管制號誌,車與車,違反號誌管制或指揮
11003AC591B0757,20210311,120.221371,23.006626,交通事故,交叉路口,臺南市北區長榮路四段段號東豐路22724,2,晴,30,交岔路,交叉路口,行車管制號誌(附設行人專用號誌),車與車,違反號誌管制或指揮
11003AC591B0772,20210312,120.217744,23.003563,交通事故,一般地址,臺南市北區東豐路段137號,1,晴,40,單路部分,路段,行車管制號誌,汽(機)車本身,不明原因肇事
11003AC591B0804,20210312,120.209816,23.007863,交通事故,交叉路口,臺南市北區公園路段號小北路,2,晴,50,交岔路,路段,行車管制號誌,車與車,逆向行駛
11003AC591B0810,20210311,120.203562,23.013095,交通事故,交叉路口,臺南市北區文成路段號育德二路,2,晴,50,交岔路,交叉路口,行車管制號誌,車與車,未保持行車安全間隔
11003AC591B0830,20210312,120.220572,23.003781,交通事故,一般地址,臺南市北區東豐路段227號,3,晴,40,交岔路,交叉路口,行車管制號誌(附設行人專用號誌),車與車,未注意車前狀態
11003AC591B0837,20210312,120.193759,23.003959,交通事故,一般地址,臺南市北區文賢路段220號,1,晴,50,交岔路,交叉路口,無號誌,車與車,開啟車門不當而肇事
11003AC591B0851,20210312,120.210843,23.00044,交通事故,交叉路口,臺南市北區公園南路段號西華街,1,晴,50,交岔路,交叉路口,行車管制號誌,車與車,未依規定讓車
11003AC591B0869,20210312,120.210796,23.004559,交通事故,交叉路口,臺南市北區公園路段號公園北路,1,晴,50,交岔路,交叉路口,行車管制號誌(附設行人專用號誌),車與車,未保持行車安全距離
11003AC591B0872,20210312,120.21776,23.003784,交通事故,一般地址,臺南市北區東豐路段137號,1,晴,40,單路部分,路段,行車管制號誌(附設行人專用號誌),汽(機)車本身,未注意車前狀態
11003AC591B0875,20210312,120.205375,23.012369,交通事故,一般地址,臺南市北區和緯路2段300號,1,晴,40,單路部分,路段,無號誌,車與車,酒醉(後)駕駛失控
11003AC591B0877,20210312,120.203371,22.998884,交通事故,交叉路口,臺南市北區成功路段號長北街,1,晴,50,交岔路,交叉路口,行車管制號誌(附設行人專用號誌),車與車,未依規定讓車
11003AC591B0880,20210313,120.208719,23.011397,交通事故,交叉路口,臺南市北區西門路四段段號和緯路二段,2,晴,40,交岔路,交叉路口,行車管制號誌,車與車,未保持行車安全間隔
11003AC591B0881,20210310,120.218492,23.012832,交通事故,其他,臺南市北區段號長榮鋼便橋前,1,晴,30,交岔路,交叉路口,行車管制號誌,車與車,未依規定讓車
11003AC591B0894,20210302,120.211893,23.013178,交通事故,一般地址,臺南市北區公園路段836號,1,晴,50,交岔路,交叉路口,閃光號誌,車與車,其他引起事故之違規或不當行為
11003AC591B0900,20210302,120.193596,23.00546,交通事故,一般地址,臺南市北區文賢路段460號,1,晴,50,單路部分,路段,無號誌,車與車,違反特定標誌(線)禁制
11003AC591B0918,20210313,120.204218,22.99873,交通事故,交叉路口,臺南市北區成功路段號裕民街,3,晴,50,交岔路,交叉路口,行車管制號誌,車與車,未保持行車安全間隔
11003AC591B0928,20210313,120.215396,23.008182,交通事故,一般地址,臺南市北區北門路二段段287號,1,晴,30,交岔路,路段,無號誌,車與車,未保持行車安全距離
11003AC591B0930,20210311,120.210242,23.006242,交通事故,交叉路口,臺南市北區公園路段號公園路321,1,晴,50,交岔路,交叉路口,行車管制號誌,車與車,未注意車前狀態
11003AC591B0937,20210313,120.205191,23.004213,交通事故,一般地址,臺南市北區長北街段200號,1,晴,30,交岔路,交叉路口,無號誌,車與車,倒車未依規定
11003AC591B0953,20210313,120.200043,23.010041,交通事故,交叉路口,臺南市北區海安路三段段號文成一路,1,晴,40,單路部分,路段,無號誌,車與車,停車操作時，未注意其他車(人)安全
11003AC591B0960,20210312,120.228002,23.000497,交通事故,一般地址,臺南市北區東豐路段542號,1,晴,40,單路部分,路段,無號誌,車與車,未注意車前狀態
11003AC591B0963,20210312,120.220865,23.007686,交通事故,交叉路口,臺南市北區開元路段號長榮路五段,1,晴,50,交岔路,交叉路口,行車管制號誌(附設行人專用號誌),汽(機)車本身,其他引起事故之違規或不當行為
11003AC591B0968,20210313,120.211912,23.020022,交通事故,交叉路口,臺南市北區北成路段38號北成路8060,1,晴,50,交岔路,交叉路口,無號誌,車與車,未依規定讓車
11003AC591B0969,20210312,120.218737,23.003251,交通事故,交叉路口,臺南市北區東豐路段號勝利路,2,晴,50,交岔路,交叉路口,行車管制號誌(附設行人專用號誌),車與車,違反號誌管制或指揮
11003AC591B0972,20210313,120.206931,22.99803,交通事故,交叉路口,臺南市北區成功路段號公園路,1,晴,50,交岔路,交叉路口,行車管制號誌(附設行人專用號誌),車與車,未依規定讓車
11003AC591B0990,20210314,120.221287,23.007134,交通事故,一般地址,臺南市北區長榮路四段段199號,1,晴,50,單路部分,路段,無號誌,車與車,起步未注意其他車(人)安全
11003AC591B1012,20210310,120.221352,23.006737,交通事故,交叉路口,臺南市北區長榮路四段段號長榮路四段183,2,晴,50,交岔路,交叉路口,行車管制號誌,車與車,未依規定讓車
11003AC591B1015,20210311,120.219305,23.017236,交通事故,一般地址,臺南市北區大武街段45662號,2,晴,30,單路部分,路段,無號誌,車與車,未注意車前狀態
11003AC591B1017,20210309,120.180111,23.009542,交通事故,交叉路口,臺南市北區大興街段528號中華北路一段263,2,晴,30,交岔路,交叉路口,無號誌,車與車,未依規定讓車
11003AC591B1021,20210308,120.221281,23.015328,交通事故,交叉路口,臺南市北區實踐街段103號實踐街10325,2,晴,30,交岔路,交叉路口,無號誌,汽(機)車本身,未注意車前狀態
11003AC591B1029,20210314,120.214523,23.016517,交通事故,一般地址,臺南市北區公園路段695號,1,晴,50,單路部分,路段,無號誌,車與車,未保持行車安全距離
11003AC591B1031,20210307,120.223244,23.009054,交通事故,一般地址,臺南市北區開元路段306號,3,晴,50,交岔路,交叉路口,行車管制號誌(附設行人專用號誌),車與車,未保持行車安全距離
11003AC591B1048,20210315,120.211029,23.011166,交通事故,交叉路口,臺南市北區公園路段號公園路772,1,晴,50,交岔路,交叉路口,行車管制號誌,車與車,違反號誌管制或指揮
11003AC591B1085,20210312,120.204742,23.019914,交通事故,一般地址,臺南市北區北成路段310號,1,晴,50,交岔路,交叉路口,無號誌,車與車,未保持行車安全間隔
11003AC591B1087,20210304,120.212008,23.014512,交通事故,一般地址,臺南市北區公園路段59728號,2,晴,30,交岔路,交叉路口,無號誌,車與車,未依規定讓車
11003AC591B1116,20210312,120.210485,23.003987,交通事故,交叉路口,臺南市北區公園路段號公園路321,1,晴,50,交岔路,交叉路口,行車管制號誌,車與車,未注意車前狀態
11003AC591B1148,20210316,120.210635,23.016191,交通事故,交叉路口,臺南市北區西門路四段段號北安路,1,晴,40,交岔路,交叉路口,行車管制號誌,車與車,左轉彎未依規定
11003AC591B1161,20210316,120.212934,23.018791,交通事故,交叉路口,臺南市北區西門路四段段號正覺街,2,晴,40,交岔路,交叉路口,行車管制號誌,車與車,未保持行車安全距離
11003AC591B1217,20210311,120.197551,23.000963,交通事故,交叉路口,臺南市北區成功路段號康樂街,2,晴,50,交岔路,交叉路口,行車管制號誌(附設行人專用號誌),車與車,未依規定讓車
11003AC591B1222,20210302,120.208751,23.001054,交通事故,交叉路口,臺南市北區公園路段號公園南路,1,晴,50,交岔路,交叉路口,行車管制號誌,車與車,未保持行車安全距離
11003AC591B1224,20210302,120.198692,23.009628,交通事故,一般地址,臺南市北區立賢路二段段72號,1,晴,50,單路部分,路段,無號誌,車與車,逆向行駛
11003AC591B1225,20210303,120.194326,23.018398,交通事故,一般地址,臺南市北區中華北路二段段21號,1,晴,60,單路部分,路段,無號誌,車與車,其他引起事故之違規或不當行為
11003AC591B1227,20210316,120.205658,23.007943,交通事故,交叉路口,臺南市北區西門路四段段65號西門路四段1938,1,晴,50,交岔路,交叉路口,無號誌,車與車,未依規定讓車
11003AC591B1231,20210308,120.200752,23.008954,交通事故,交叉路口,臺南市北區海安路三段段338號民德路90,2,晴,30,交岔路,交叉路口,無號誌,車與車,未依規定讓車
11003AC591B1233,20210308,120.220859,23.007628,交通事故,交叉路口,臺南市北區開元路段號長榮路,2,晴,50,交岔路,交叉路口,行車管制號誌,車與車,未保持行車安全距離
11003AC591B1244,20210309,120.20501,23.011329,交通事故,交叉路口,臺南市北區育德一街段號育德路221,1,晴,30,交岔路,交叉路口,無號誌,車與車,未依規定讓車
11003AC591B1245,20210317,120.223857,23.004718,交通事故,一般地址,臺南市北區長榮路四段段58號,1,晴,50,交岔路,交叉路口,行車管制號誌(附設行人專用號誌),車與車,違反號誌管制或指揮
11003AC591B1246,20210309,120.216756,23.006017,交通事故,交叉路口,臺南市北區開元路段號前鋒路,1,晴,50,交岔路,交叉路口,行車管制號誌,車與車,違反號誌管制或指揮
11003AC591B1251,20210310,120.228936,22.999802,交通事故,一般地址,臺南市北區小東路段275號,1,晴,40,單路部分,路段,無號誌,車與車,未保持行車安全距離
11003AC591B1280,20210316,120.220305,23.010845,交通事故,一般地址,臺南市北區長榮路五段段141號,1,晴,50,交岔路,交叉路口,行車管制號誌,車與車,其他引起事故之違規或不當行為
11003AC591B1290,20210317,120.206144,23.010982,交通事故,交叉路口,臺南市北區育德路段號育德路215,1,晴,50,交岔路,交叉路口,無號誌,汽(機)車本身,其他引起事故之違規或不當行為
11003AC591B1340,20210314,120.202543,23.006191,交通事故,交叉路口,臺南市北區育德路段17號民德路586,1,晴,30,交岔路,交叉路口,無號誌,車與車,未依規定讓車
11003AC591B1346,20210317,120.210763,23.004999,交通事故,一般地址,臺南市北區公園路段416號,1,晴,50,單路部分,路段,無號誌,車與車,未保持行車安全距離
11003AC591B1371,20210318,120.212153,23.010278,交通事故,一般地址,臺南市北區公園路段75847號,1,晴,50,單路部分,路段,無號誌,車與車,未注意車前狀態
11003AC591B1373,20210302,120.185304,23.006719,交通事故,一般地址,臺南市北區和緯路五段段30號,1,晴,0,單路部分,路段,無號誌,車與車,其他引起事故之違規或不當行為
11003AC591B1402,20210318,120.21836,23.013853,交通事故,一般地址,臺南市北區實踐街段50號,1,晴,30,交岔路,交叉路口,閃光號誌,車與車,未靠右行駛
11003AC591B1416,20210318,120.216756,23.006017,交通事故,交叉路口,臺南市北區開元路段號前鋒路,3,晴,50,交岔路,交叉路口,行車管制號誌(附設行人專用號誌),車與車,左轉彎未依規定
11003AC591B1427,20210318,120.206269,23.001738,交通事故,交叉路口,臺南市北區公園南路段號忠義路3,2,晴,50,交岔路,交叉路口,行車管制號誌(附設行人專用號誌),車與車,左轉彎未依規定
11003AC591B1446,20210319,120.219783,23.003369,交通事故,交叉路口,臺南市北區東豐路段號東豐路191,1,晴,40,單路部分,路段,無號誌,車與車,起步未注意其他車(人)安全
11003AC591B1464,20210301,120.190037,23.008397,交通事故,交叉路口,臺南市北區和緯路四段段號和緯路四段205,2,晴,30,交岔路,交叉路口,行車管制號誌,車與車,未依規定讓車