案件編號,發生日期,GPS經度,GPS緯度,案件類別名稱,地址類型名稱,發生縣市名稱,受傷人數,天候名稱, 速限-第1當事者,道路型態大類別名稱,事故位置大類別名稱,號誌-號誌種類名稱,事故類型及型態大類別名稱,肇因研判子類別名稱-主要
11003AC591B1486,20210319,120.190855,23.013697,交通事故,交叉路口,臺南市北區大港街段號大興街114,1,晴,30,交岔路,交叉路口,無號誌,車與車,未依規定讓車
11003AC591B1499,20210319,120.19359,23.00535,交通事故,交叉路口,臺南市北區文賢路段號武聖路,1,晴,50,交岔路,交叉路口,行車管制號誌,車與車,未保持行車安全間隔
11003AC591B1511,20210318,120.209909,23.014354,交通事故,一般地址,臺南市北區西門路四段段374號,2,晴,40,單路部分,路段,無號誌,汽(機)車本身,不明原因肇事
11003AC591B1513,20210319,120.208719,23.011397,交通事故,交叉路口,臺南市北區西門路4段號和緯路2,2,晴,40,交岔路,交叉路口,行車管制號誌(附設行人專用號誌),汽(機)車本身,其他引起事故之違規或不當行為
11003AC591B1535,20210319,120.203177,23.002015,交通事故,一般地址,臺南市北區西門路三段段138號,1,晴,50,單路部分,路段,無號誌,車與車,未保持行車安全距離
11003AC591B1541,20210305,120.203846,23.003458,交通事故,一般地址,臺南市北區西門路三段段155號,2,晴,50,單路部分,路段,無號誌,車與車,未保持行車安全距離
11003AC591B1544,20210317,120.198066,23.016417,交通事故,一般地址,臺南市北區文賢三街段337號,1,晴,50,交岔路,交叉路口,無號誌,汽(機)車本身,未依規定減速
11003AC591B1545,20210311,120.200522,23.015854,交通事故,一般地址,臺南市北區海安路三段段800號,1,晴,40,單路部分,路段,無號誌,車與車,開啟車門不當而肇事
11003AC591B1546,20210312,120.215653,23.017922,交通事故,一般地址,臺南市北區公園路段753號,1,晴,50,單路部分,路段,無號誌,車與車,開啟車門不當而肇事
11003AC591B1547,20210313,120.199654,23.003927,交通事故,交叉路口,臺南市北區海安路段號臨安路,1,晴,50,交岔路,交叉路口,行車管制號誌,車與車,右轉彎未依規定
11003AC591B1548,20210316,120.223352,23.009175,交通事故,交叉路口,臺南市北區開元路段號北園街,1,晴,50,交岔路,交叉路口,行車管制號誌,車與車,左轉彎未依規定
11003AC591B1575,20210320,120.209215,23.020253,交通事故,交叉路口,臺南市北區北成路段128號北成路8023,1,晴,30,交岔路,交叉路口,無號誌,車與車,未依規定讓車
11003AC591B1608,20210314,120.208751,23.001054,交通事故,交叉路口,臺南市北區公園路段號公園南路,2,晴,50,交岔路,交叉路口,行車管制號誌,車與車,未注意車前狀態
11003AC591B1620,20210315,120.205758,23.001768,交通事故,一般地址,臺南市北區公園南路段211號,1,晴,50,單路部分,路段,無號誌,汽(機)車本身,未保持行車安全距離
11003AC591B1630,20210321,120.200032,23.000161,交通事故,交叉路口,臺南市北區成功路段號國華街,1,晴,50,交岔路,交叉路口,行車管制號誌,車與車,未依規定讓車
11003AC591B1643,20210317,120.210864,23.015353,交通事故,一般地址,臺南市北區西門路四段段430號,1,晴,50,交岔路,交叉路口,無號誌,車與車,未依規定讓車
11003AC591B1647,20210318,120.208552,23.010045,交通事故,交叉路口,臺南市北區西門路四段段533號北成路128,4,晴,50,交岔路,交叉路口,閃光號誌,車與車,未依規定讓車
11003AC591B1723,20210322,120.220865,23.007686,交通事故,交叉路口,臺南市北區長榮路段號開元路,2,晴,50,交岔路,交叉路口,行車管制號誌,車與車,未保持行車安全間隔
11003AC591B1729,20210321,120.204533,22.998633,交通事故,一般地址,臺南市北區成功路段150號,2,晴,30,單路部分,其他,無號誌,人與汽(機)車,其他引起事故之違規或不當行為
11003AC591B1735,20210321,120.222517,23.002942,交通事故,交叉路口,臺南市北區東豐路段號長榮路四段,3,晴,40,交岔路,交叉路口,行車管制號誌(附設行人專用號誌),車與車,未注意車前狀態
11003AC591B1736,20210321,120.21575,23.009126,交通事故,交叉路口,臺南市北區和緯路一段段號北門路二段,1,晴,50,單路部分,路段,行車管制號誌,車與車,未保持行車安全間隔
11003AC591B1749,20210322,120.200921,23.01603,交通事故,一般地址,臺南市北區文成三路段393號,2,晴,50,單路部分,路段,無號誌,車與車,未依規定讓車
11003AC591B1750,20210322,120.224824,23.002606,交通事故,交叉路口,臺南市北區東豐路段號林森路,1,陰,50,交岔路,交叉路口,行車管制號誌(附設行人專用號誌),車與車,右轉彎未依規定
11003AC591B1752,20210321,120.216897,23.01275,交通事故,交叉路口,臺南市北區長榮路五段段號北門路二段,1,晴,50,單路部分,路段,無號誌,車與車,左轉彎未依規定
11003AC591B1792,20210320,120.195006,23.010457,交通事故,一般地址,臺南市北區文賢路段680號,1,晴,50,交岔路,交叉路口,行車管制號誌(附設行人專用號誌),車與車,違反號誌管制或指揮
11003AC591B1795,20210320,120.204384,23.003841,交通事故,交叉路口,臺南市北區西門路三段段號民德路,2,晴,50,交岔路,交叉路口,行車管制號誌(附設行人專用號誌),車與車,未注意車前狀態
11003AC591B1805,20210304,120.200615,23.011732,交通事故,交叉路口,臺南市北區海安路三段段號和緯路三段,1,晴,50,交岔路,交叉路口,行車管制號誌(附設行人專用號誌),車與車,右轉彎未依規定
11003AC591B1821,20210322,120.186291,23.006913,交通事故,交叉路口,臺南市北區中華北路一段段號和緯路四段,1,晴,50,交岔路,交叉路口,行車管制號誌,車與車,未依規定讓車
11003AC591B1822,20210316,120.188712,23.015595,交通事故,交叉路口,臺南市北區中華北路一段段號大和路,2,晴,40,交岔路,交叉路口,行車管制號誌(附設行人專用號誌),車與車,未注意車前狀態
11003AC591B1840,20210306,120.211608,23.00247,交通事故,其他,臺南市北區公園路段321號0海安路三段71公園路321巷對面人行道,2,晴,0,單路部分,其他,無號誌,汽(機)車本身,其他引起事故之違規或不當行為
11003AC591B1843,20210305,120.220799,23.002803,交通事故,交叉路口,臺南市北區東豐路段67號東豐路851,1,晴,30,交岔路,交叉路口,無號誌,車與車,未依規定讓車
11003AC591B1849,20210323,120.202933,23.007638,交通事故,交叉路口,臺南市北區民德路段58號民德路5827,2,晴,30,交岔路,交叉路口,無號誌,車與車,未依規定讓車
11003AC591B1851,20210323,120.195255,23.012246,交通事故,交叉路口,臺南市北區文成路段號文賢一路,1,陰,50,交岔路,交叉路口,行車管制號誌(附設行人專用號誌),車與車,未保持行車安全間隔
11003AC591B1871,20210323,120.220197,23.009478,交通事故,一般地址,臺南市北區長勝路段7號,1,晴,50,單路部分,路段,無號誌,汽(機)車本身,不明原因肇事
11003AC591B1888,20210323,120.193887,23.00964,交通事故,交叉路口,臺南市北區和緯路三段段號文賢路,1,晴,50,交岔路,交叉路口,行車管制號誌,車與車,未保持行車安全距離
11003AC591B1891,20210323,120.211393,23.014132,交通事故,一般地址,臺南市北區公園路段59762號,1,晴,30,單路部分,路段,無號誌,車與車,起步未注意其他車(人)安全
11003AC591B1913,20210319,120.211382,22.998817,交通事故,交叉路口,臺南市北區北忠街段號富北街,2,晴,50,交岔路,交叉路口,閃光號誌,車與車,未保持行車安全距離
11003AC591B1918,20210315,120.214151,23.005551,交通事故,一般地址,臺南市北區北門路二段段141號,1,晴,30,單路部分,路段,無號誌,車與車,疲勞(患病)駕駛失控
11003AC591B1923,20210323,120.206963,23.007881,交通事故,一般地址,臺南市北區西門路四段段88號,3,晴,40,單路部分,路段,無號誌,車與車,未保持行車安全距離
11003AC591B1929,20210301,120.201333,23.003045,交通事故,一般地址,臺南市北區公園南路段385號,1,晴,40,單路部分,路段,無號誌,車與車,變換車道或方向不當
11003AC591B1935,20210302,120.20441,23.006714,交通事故,一般地址,臺南市北區西門路四段段162號,1,晴,50,單路部分,路段,無號誌,車與車,未依規定讓車
11003AC591B1985,20210324,120.216352,23.012812,交通事故,交叉路口,臺南市北區長榮路五段段號長榮路五段102,1,陰,50,交岔路,交叉路口,無號誌,汽(機)車本身,其他引起事故之違規或不當行為
11003AC591B1998,20210324,120.207132,23.016619,交通事故,一般地址,臺南市北區育德路段605號0,1,晴,50,交岔路,交叉路口,無號誌,車與車,其他引起事故之違規或不當行為
11003AC591B1999,20210324,120.212087,23.013467,交通事故,交叉路口,臺南市北區長榮路五段段號公園路,1,陰,50,交岔路,交叉路口,行車管制號誌(附設行人專用號誌),車與車,未保持行車安全間隔
11003AC591B2012,20210324,120.197659,23.019606,交通事故,一般地址,臺南市北區中華北路2段88號,1,陰,50,交岔路,交叉路口,無號誌,車與車,未依規定讓車
11003AC591B2014,20210324,120.217361,23.014433,交通事故,交叉路口,臺南市北區北門路3段號實踐街,1,晴,30,交岔路,交叉路口,行車管制號誌,車與車,違反號誌管制或指揮
11003AC591B2025,20210305,120.195098,23.002086,交通事故,交叉路口,臺南市北區成功路段號臨安路二段,3,晴,50,交岔路,交叉路口,行車管制號誌(附設行人專用號誌),車與車,左轉彎未依規定
11003AC591B2041,20210324,120.205109,22.998864,交通事故,交叉路口,臺南市北區忠義路段號中成路,2,晴,40,交岔路,交叉路口,閃光號誌,車與車,迴轉未依規定
11003AC591B2043,20210324,120.201782,22.999647,交通事故,一般地址,臺南市北區成功路段290號,1,晴,50,單路部分,路段,無號誌,車與車,未注意車前狀態
11003AC591B2095,20210325,120.2113,23.012055,交通事故,交叉路口,臺南市北區公園路段號公園路820,1,晴,50,交岔路,交叉路口,行車管制號誌,車與車,迴轉未依規定
11003AC591B2103,20210303,120.207671,23.009524,交通事故,一般地址,臺南市北區西門路四段段155號,2,晴,40,單路部分,路段,無號誌,車與車,未依規定讓車
11003AC591B2121,20210325,120.208756,23.011482,交通事故,交叉路口,臺南市北區和緯路段號西門路,1,晴,50,交岔路,交叉路口,行車管制號誌,車與車,未注意車前狀態
11003AC591B2134,20210325,120.223778,23.007963,交通事故,交叉路口,臺南市北區林森路三段段號南園街42,2,晴,50,交岔路,交叉路口,無號誌,車與車,逆向行駛
11003AC591B2159,20210302,120.208158,23.014937,交通事故,交叉路口,臺南市北區文成二路段號育賢街,1,晴,50,交岔路,交叉路口,無號誌,車與車,左轉彎未依規定
11003AC591B2162,20210318,120.198813,23.000551,交通事故,交叉路口,臺南市北區海安路三段段號成功路,1,晴,50,交岔路,交叉路口,行車管制號誌,車與車,未依規定讓車
11003AC591B2164,20210323,120.194653,23.00666,交通事故,一般地址,臺南市北區文賢路段50231號,1,晴,50,交岔路,交叉路口,無號誌,車與車,未依規定讓車
11003AC591B2176,20210325,120.200406,23.015959,交通事故,交叉路口,臺南市北區海安路段號文成三路,1,晴,40,單路部分,路段,行車管制號誌,汽(機)車本身,未注意車前狀態
11003AC591B2186,20210325,120.219165,23.006836,交通事故,一般地址,臺南市北區開元路段134號0,1,晴,50,單路部分,路段,無號誌,車與車,開啟車門不當而肇事
11003AC591B2195,20210325,120.224261,23.009694,交通事故,一般地址,臺南市北區開元路段352號,1,晴,50,單路部分,路段,無號誌,車與車,起步未注意其他車(人)安全
11003AC591B2199,20210326,120.193868,23.012054,交通事故,交叉路口,臺南市北區文賢路段號文成路,1,晴,50,交岔路,交叉路口,行車管制號誌(附設行人專用號誌),車與車,未依規定讓車
11003AC591B2202,20210326,120.218549,23.000891,交通事故,交叉路口,臺南市北區小東路段號勝利路,1,晴,40,交岔路,交叉路口,行車管制號誌(附設行人專用號誌),車與車,未保持行車安全距離
11003AC591B2209,20210326,120.226721,23.008225,交通事故,一般地址,臺南市北區南園街段10549號,1,晴,30,交岔路,交叉路口,無號誌,車與車,未依規定讓車
11003AC591B2224,20210326,120.212464,23.013935,交通事故,交叉路口,臺南市北區公園路段號公園路862,1,晴,50,交岔路,交叉路口,無號誌,車與車,迴轉未依規定
11003AC591B2237,20210311,120.19156,23.017502,交通事故,其他,臺南市北區段號中華北路一段508號對面,3,晴,60,單路部分,路段,無號誌,車與車,未保持行車安全距離
11003AC591B2259,20210317,120.206127,23.00167,交通事故,交叉路口,臺南市北區公園南路段號忠義路三段,2,晴,50,交岔路,交叉路口,行車管制號誌,車與車,違反號誌管制或指揮
11003AC591B2264,20210325,120.191251,23.017316,交通事故,其他,臺南市北區段號中華北路一段508號對面,2,晴,60,單路部分,路段,無號誌,車與車,起步未注意其他車(人)安全
11003AC591B2266,20210326,120.218667,23.000977,交通事故,交叉路口,臺南市北區小東路段號勝利路,1,晴,40,交岔路,交叉路口,行車管制號誌(附設行人專用號誌),車與車,未注意車前狀態
11003AC591B2271,20210307,120.200003,23.000057,交通事故,交叉路口,臺南市北區成功路段號國華街,1,晴,50,交岔路,交叉路口,行車管制號誌,車與車,迴轉未依規定
11003AC591B2275,20210325,120.218787,23.005813,交通事故,交叉路口,臺南市北區勝利路段號勝利路276,1,晴,30,交岔路,交叉路口,無號誌,車與車,未依規定讓車
11003AC591B2294,20210326,120.193573,23.005789,交通事故,一般地址,臺南市北區文賢路段277號,1,晴,50,單路部分,路段,無號誌,車與車,違反特定標誌(線)禁制
11003AC591B2303,20210326,120.185044,23.011206,交通事故,一般地址,臺南市北區中華北路一段段162-6號,1,晴,60,交岔路,交叉路口,行車管制號誌,車與車,右轉彎未依規定
11003AC591B2338,20210310,120.220799,23.002803,交通事故,交叉路口,臺南市北區東豐路段號東豐路85,1,晴,30,交岔路,交叉路口,閃光號誌,車與車,未注意車前狀態
11003AC591B2339,20210311,120.210683,23.020806,交通事故,交叉路口,臺南市北區北成路段38號北成路8040,1,晴,30,交岔路,交叉路口,無號誌,車與車,未依規定讓車
11003AC591B2356,20210324,120.205087,23.004644,交通事故,一般地址,臺南市北區西門路三段段274號,1,晴,50,單路部分,路段,無號誌,車與車,未保持行車安全間隔
11003AC591B2360,20210321,120.224497,23.007452,交通事故,交叉路口,臺南市北區林森路三段段號開南街,1,晴,50,交岔路,交叉路口,行車管制號誌(附設行人專用號誌),車與車,違反號誌管制或指揮
11003AC591B2361,20210327,120.208949,23.022354,交通事故,其他,臺南市北區段號鄭仔寮橋,1,晴,50,交岔路,交叉路口,行車管制號誌,車與車,未依規定讓車
11003AC591B2364,20210326,120.195006,23.010457,交通事故,一般地址,臺南市北區文賢路段680號,2,晴,50,交岔路,交叉路口,行車管制號誌(附設行人專用號誌),車與車,未注意車前狀態
11003AC591B2370,20210308,120.211442,23.014008,交通事故,一般地址,臺南市北區公園路段597號,1,晴,50,交岔路,交叉路口,閃光號誌,車與車,未依規定讓車
11003AC591B2373,20210326,120.202778,23.005457,交通事故,交叉路口,臺南市北區民德路段號民德路85,2,晴,50,交岔路,交叉路口,行車管制號誌,車與車,左轉彎未依規定
11003AC591B2396,20210314,120.209296,23.002045,交通事故,一般地址,臺南市北區公園路段號,1,晴,50,交岔路,交叉路口,行車管制號誌(附設行人專用號誌),汽(機)車本身,尚未發現肇事因素
11003AC591B2397,20210317,120.218987,23.00218,交通事故,一般地址,臺南市北區勝利路段138號,2,晴,50,單路部分,路段,無號誌,車與車,起步未注意其他車(人)安全
11003AC591B2399,20210327,120.200101,23.000121,交通事故,一般地址,臺南市北區成功路段380號0,1,晴,40,交岔路,交叉路口,行車管制號誌(附設行人專用號誌),汽(機)車本身,未保持行車安全距離
11003AC591B2402,20210316,120.193302,23.016184,交通事故,一般地址,臺南市北區文賢路段799號,1,晴,30,單路部分,路段,無號誌,車與車,未保持行車安全間隔
11003AC591B2404,20210318,120.209548,23.013603,交通事故,交叉路口,臺南市北區西門路四段段號西門路四段330,1,晴,50,單路部分,路段,無號誌,車與車,起步未注意其他車(人)安全
11003AC591B2418,20210328,120.207112,23.000116,交通事故,一般地址,臺南市北區北忠街段161號,1,晴,50,單路部分,路段,無號誌,車與車,未靠右行駛
11003AC591B2426,20210322,120.210796,23.004559,交通事故,交叉路口,臺南市北區公園北路段號公園路,1,晴,50,交岔路,交叉路口,行車管制號誌(附設行人專用號誌),車與車,右轉彎未依規定
11003AC591B2427,20210323,120.209082,23.012133,交通事故,一般地址,臺南市北區西門路四段段268號,3,晴,40,單路部分,路段,無號誌,車與車,未保持行車安全距離
11003AC591B2430,20210327,120.209005,23.022099,交通事故,交叉路口,臺南市北區北成路段號中華北路二段194,1,晴,50,單路部分,路段,無號誌,車與車,未保持行車安全間隔
11003AC591B2433,20210323,120.199898,23.003897,交通事故,交叉路口,臺南市北區海安路三段段號公園南路,1,晴,40,單路部分,其他,無號誌,汽(機)車本身,未注意車前狀態
11003AC591B2434,20210324,120.206327,23.020271,交通事故,交叉路口,臺南市北區北成路段號北安路,2,晴,50,交岔路,交叉路口,行車管制號誌,車與車,左轉彎未依規定
11003AC591B2437,20210325,120.193262,23.018015,交通事故,交叉路口,臺南市北區中華北路二段段號文賢路,1,晴,50,交岔路,交叉路口,行車管制號誌,車與車,未依規定讓車
11003AC591B2439,20210325,120.212865,23.014869,交通事故,交叉路口,臺南市北區北安路段號正覺街,1,晴,50,交岔路,交叉路口,行車管制號誌,車與車,未注意車前狀態
11003AC591B2444,20210325,120.206931,22.99803,交通事故,交叉路口,臺南市北區成功路段號公園路,1,晴,50,交岔路,交叉路口,行車管制號誌,車與車,未依規定讓車
11003AC591B2470,20210328,120.208411,23.010359,交通事故,一般地址,臺南市北區西門路四段段192號,3,晴,40,交岔路,交叉路口,行車管制號誌,車與車,未注意車前狀態
11003AC591B2500,20210326,120.202975,22.999984,交通事故,一般地址,臺南市北區成功路段2387號,1,晴,30,交岔路,交叉路口,無號誌,車與車,未靠右行駛
11003AC591B2503,20210329,120.21504,23.017046,交通事故,一般地址,臺南市北區公園路段1006號,1,晴,50,單路部分,路段,無號誌,車與車,逆向行駛
11003AC591B2506,20210329,120.198315,23.002839,交通事故,交叉路口,臺南市北區臨安路二段段90號康樂街,2,晴,50,交岔路,交叉路口,閃光號誌,車與車,未依規定讓車
11003AC591B2507,20210328,120.193115,23.018079,交通事故,交叉路口,臺南市北區文賢路段號中華北路一段,2,晴,40,交岔路,交叉路口,行車管制號誌,車與車,未注意車前狀態
11003AC591B2543,20210329,120.199992,23.003808,交通事故,交叉路口,臺南市北區海安路三段段號臨安路二段,1,晴,50,交岔路,交叉路口,行車管制號誌,車與車,未依規定讓車
11003AC591B2566,20210324,120.211567,23.015793,交通事故,交叉路口,臺南市北區北安路一段段號北安路一段56,2,晴,50,交岔路,交叉路口,無號誌,車與車,未依規定讓車
11003AC591B2597,20210315,120.218579,23.003466,交通事故,一般地址,臺南市北區東豐路段161號,1,晴,40,交岔路,交叉路口,行車管制號誌,汽(機)車本身,未注意車前狀態
11003AC591B2624,20210317,120.197332,23.001027,交通事故,一般地址,臺南市北區成功路段466號,1,晴,50,單路部分,路段,無號誌,車與車,未注意車前狀態
11003AC591B2640,20210316,120.191566,23.011583,交通事故,一般地址,臺南市北區大興街段963號,1,晴,30,單路部分,路段,無號誌,車與車,倒車未依規定
11003AC591B2646,20210319,120.18652,23.010356,交通事故,交叉路口,臺南市北區大興街段號大興街325,1,晴,50,交岔路,交叉路口,無號誌,車與車,未依規定讓車
11003AC591B2651,20210329,120.200205,23.010285,交通事故,其他,臺南市北區段號海安路三段花園夜市旁,1,晴,50,單路部分,路段,無號誌,汽(機)車本身,不明原因肇事
11003AC591B2652,20210316,120.21052,23.009763,交通事故,一般地址,臺南市北區公園路段531號,1,晴,50,單路部分,路段,無號誌,車與車,迴轉未依規定
11003AC591B2653,20210322,120.222612,23.004269,交通事故,一般地址,臺南市北區長榮路四段段58號,1,晴,50,交岔路,交叉路口,行車管制號誌,車與車,違規超車
11003AC591B2654,20210322,120.218651,23.001987,交通事故,其他,臺南市北區段號勝利路成大醫院前,2,晴,40,單路部分,路段,無號誌,車與車,迴轉未依規定
11003AC591B2656,20210330,120.207353,23.005279,交通事故,一般地址,臺南市北區公園北路段156號,2,晴,50,交岔路,交叉路口,行車管制號誌,車與車,違反號誌管制或指揮
11003AC591B2657,20210324,120.227475,23.002499,交通事故,交叉路口,臺南市北區東豐路段451號林森路三段140,1,晴,30,交岔路,交叉路口,無號誌,車與車,左轉彎未依規定
11003AC591B2659,20210324,120.204085,23.007354,交通事故,交叉路口,臺南市北區育德路段號西門路四段7,1,晴,50,單路部分,路段,無號誌,車與車,未保持行車安全間隔
11003AC591B2707,20210330,120.195446,23.009625,交通事故,一般地址,臺南市北區和緯路3段335號,2,晴,50,單路部分,路段,無號誌,車與車,違反特定標誌(線)禁制
11003AC591B2718,20210328,120.213076,23.0017,交通事故,交叉路口,臺南市北區北門路二段段號小東路,1,晴,50,交岔路,交叉路口,行車管制號誌,車與車,未注意車前狀態
11003AC591B2721,20210316,120.203233,23.005011,交通事故,交叉路口,臺南市北區民德路段號臨安路二段,1,晴,50,交岔路,交叉路口,行車管制號誌,車與車,違反號誌管制或指揮
11003AC591B2749,20210325,120.20295,23.007646,交通事故,交叉路口,臺南市北區民德路段58號民德路5834,2,晴,30,交岔路,交叉路口,無號誌,車與車,未依規定讓車
11003AC591B2794,20210331,120.222489,23.002466,交通事故,交叉路口,臺南市北區長榮路4段號東豐路,1,晴,50,單路部分,路段,行車管制號誌(附設行人專用號誌),車與車,違反特定標誌(線)禁制
11003AC591B2809,20210331,120.198232,23.013333,交通事故,交叉路口,臺南市北區文賢三街段號海安路3781,1,晴,50,交岔路,交叉路口,閃光號誌,車與車,未依規定讓車
11003AC591B2814,20210331,120.208838,23.019577,交通事故,交叉路口,臺南市北區北成路段號北安路一段212,1,晴,50,交岔路,交叉路口,行車管制號誌,車與車,違反號誌管制或指揮
11003AC591B2821,20210324,120.220799,23.002803,交通事故,交叉路口,臺南市北區東豐路段號東豐路85,2,陰,40,交岔路,交叉路口,閃光號誌,車與車,其他引起事故之違規或不當行為
11003AC591B2822,20210324,120.182804,23.009215,交通事故,交叉路口,臺南市北區大興街段號賢北街,2,晴,50,交岔路,交叉路口,行車管制號誌,車與車,未依規定讓車
11003AC591B2824,20210325,120.21135,23.014994,交通事故,交叉路口,臺南市北區西門路四段段430號北安路一段51,1,晴,30,交岔路,交叉路口,無號誌,車與車,未依規定讓車
11003AC591B2830,20210325,120.207987,22.997949,交通事故,一般地址,臺南市北區成功路段46號,2,晴,50,交岔路,路段,無號誌,車與車,未依規定讓車
11003AC591B2847,20210310,120.203554,23.012495,交通事故,交叉路口,臺南市北區和緯路2段號育德二路,1,晴,50,交岔路,交叉路口,行車管制號誌,車與車,未注意車前狀態
11003AC591B2848,20210321,120.221413,23.006736,交通事故,交叉路口,臺南市北區長榮路4段號長榮路4183,2,晴,30,交岔路,交叉路口,行車管制號誌,車與車,未依規定讓車
11003AC591B2849,20210321,120.208266,23.015105,交通事故,一般地址,臺南市北區育賢街段280號,2,晴,50,單路部分,路段,無號誌,車與車,違反特定標誌(線)禁制
11003AC591B2852,20210322,120.218169,23.001048,交通事故,其他,臺南市北區段號小東路往西方向29號停車格旁,1,晴,40,單路部分,路段,無號誌,車與車,起步未注意其他車(人)安全
11003AC591B2853,20210314,120.190513,23.007637,交通事故,一般地址,臺南市北區和緯路4段13936號,1,晴,30,單路部分,路段,無號誌,車與車,起步未注意其他車(人)安全
11003AC591B2856,20210325,120.204495,23.006634,交通事故,一般地址,臺南市北區西門路四段段156號,1,晴,50,單路部分,路段,無號誌,車與車,起步未注意其他車(人)安全
11003AC591B2868,20210331,120.217841,23.017224,交通事故,其他,臺南市北區段號大武街南康橋頭,1,晴,50,交岔路,交叉路口,行車管制號誌,車與車,未依規定讓車
11003AC591B2873,20210331,120.193799,23.014171,交通事故,一般地址,臺南市北區文賢路段1036號,1,晴,50,交岔路,路段,無號誌,汽(機)車本身,疲勞(患病)駕駛失控
11003AC591B2874,20210330,120.206938,23.019242,交通事故,一般地址,臺南市北區北安路段號,2,晴,50,單路部分,路段,無號誌,車與車,未注意車前狀態
11003AC591B2883,20210307,120.204377,23.019352,交通事故,一般地址,臺南市北區北成路段271號,1,晴,50,單路部分,路段,無號誌,車與車,起步未注意其他車(人)安全
11003AC591B2895,20210328,120.22935,22.999525,交通事故,交叉路口,臺南市北區小東路段號東興路二段,3,晴,40,交岔路,交叉路口,行車管制號誌(附設行人專用號誌),車與車,未保持行車安全距離
11003AC591B2913,20210330,120.215009,23.016973,交通事故,一般地址,臺南市北區公園路段1000號,1,晴,50,單路部分,路段,無號誌,車與車,起步未注意其他車(人)安全
11003AC591B2924,20210331,120.200155,23.004315,交通事故,一般地址,臺南市北區海安路三段段126號,1,晴,50,單路部分,路段,無號誌,車與車,未注意車前狀態
11003AC591B2942,20210326,120.210116,23.015405,交通事故,交叉路口,臺南市北區西門路四段段號文成三路,2,晴,50,交岔路,交叉路口,行車管制號誌,車與車,違反號誌管制或指揮
11003AC591B2943,20210318,120.209116,23.012442,交通事故,交叉路口,臺南市北區西門路四段段號西門路四段1,1,晴,50,交岔路,交叉路口,行車管制號誌(附設行人專用號誌),汽(機)車本身,未注意車前狀態
11003AC591B2944,20210326,120.224931,23.002309,交通事故,交叉路口,臺南市北區林森路三段段號東豐路,1,晴,50,交岔路,交叉路口,行車管制號誌,車與車,違反號誌管制或指揮
11003AC591B2945,20210318,120.2213,23.003241,交通事故,交叉路口,臺南市北區東豐路段號林森路,1,晴,50,交岔路,交叉路口,行車管制號誌(附設行人專用號誌),車與車,右轉彎未依規定
11003AC591B2946,20210323,120.207285,23.001435,交通事故,交叉路口,臺南市北區公園南路段號福德街,1,晴,50,交岔路,交叉路口,行車管制號誌(附設行人專用號誌),人與汽(機)車,未依標誌、標線、號誌或手勢指揮穿越道路
11003AC591B2947,20210324,120.208751,23.001054,交通事故,交叉路口,臺南市北區公園路段號公園南路,1,晴,50,交岔路,交叉路口,行車管制號誌,車與車,未依規定讓車
11003AC591B2948,20210324,120.216352,23.012812,交通事故,交叉路口,臺南市北區長榮路五段段號長榮路五段452,2,陰,50,交岔路,交叉路口,行車管制號誌,車與車,未保持行車安全間隔
11003AC591B2950,20210326,120.224792,23.010226,交通事故,交叉路口,臺南市北區開元路段號開元路485,1,晴,50,交岔路,交叉路口,行車管制號誌,車與車,未注意車前狀態
11003AC591B2953,20210327,120.185901,23.007256,交通事故,一般地址,臺南市北區中華北路一段段23號,1,晴,40,單路部分,路段,無號誌,車與車,未保持行車安全距離
11003AC591B2955,20210306,120.200043,23.010041,交通事故,交叉路口,臺南市北區海安路三段段號海安路三段71,2,晴,50,交岔路,交叉路口,行車管制號誌,車與車,未依規定讓車
11003AC591B2956,20210328,120.193738,23.009874,交通事故,交叉路口,臺南市北區和緯路段號文賢路,2,晴,50,交岔路,交叉路口,行車管制號誌,車與車,違反號誌管制或指揮
11003AC591B2960,20210331,120.179755,23.009276,交通事故,一般地址,臺南市北區大興街段5284918號,1,晴,50,單路部分,路段,無號誌,汽(機)車本身,未注意車前狀態
11003AC591B2995,20210327,120.193093,23.017237,交通事故,一般地址,臺南市北區文賢路段845號,2,晴,50,單路部分,路段,無號誌,車與車,未保持行車安全間隔
11003AC591B3000,20210331,120.185691,23.010185,交通事故,交叉路口,臺南市北區大興街段號大興街280,2,晴,50,交岔路,交叉路口,無號誌,車與車,未依規定讓車
11003AC591B3005,20210331,120.213589,23.004033,交通事故,交叉路口,臺南市北區北門路段號東豐路,1,晴,30,交岔路,交叉路口,行車管制號誌,車與車,未依規定讓車
11003AC591B3008,20210330,120.231785,22.998784,交通事故,交叉路口,臺南市北區小東路段號東光路,4,晴,40,交岔路,交叉路口,行車管制號誌,車與車,違反號誌管制或指揮
11003AC591B3011,20210330,120.205593,23.022909,交通事故,其他,臺南市北區段號北安橋上,1,晴,30,交岔路,路段,無號誌,車與車,未依規定讓車