案件編號,發生日期,GPS經度,GPS緯度,案件類別名稱,地址類型名稱,發生縣市名稱,受傷人數,天候名稱, 速限-第1當事者,道路型態大類別名稱,事故位置大類別名稱,號誌-號誌種類名稱,事故類型及型態大類別名稱,肇因研判子類別名稱-主要
11003AC591B3017,20210328,120.20248,23.000099,交通事故,一般地址,臺南市北區自強街段34號,2,晴,30,交岔路,交叉路口,無號誌,車與車,未依規定讓車
11003AC591B3039,20210326,120.193869,23.009658,交通事故,交叉路口,臺南市北區和緯路三段段號文賢路,3,晴,50,交岔路,交叉路口,行車管制號誌(附設行人專用號誌),車與車,其他引起事故之違規或不當行為
11003AC591B3045,20210327,120.185251,23.009941,交通事故,交叉路口,臺南市北區中華北路段號大興街,1,晴,50,交岔路,交叉路口,行車管制號誌,車與車,未依規定讓車
11003AC591B3052,20210328,120.193601,23.005375,交通事故,交叉路口,臺南市北區文賢路段號武聖路,2,晴,50,交岔路,交叉路口,行車管制號誌,車與車,未保持行車安全間隔
11003AC591B3057,20210330,120.220799,23.002803,交通事故,交叉路口,臺南市北區東豐路段227號東豐路22724,2,晴,30,交岔路,交叉路口,無號誌,車與車,未依規定讓車
11003AC591B3072,20210325,120.215389,23.012872,交通事故,交叉路口,臺南市北區小東路段號長榮路五段,2,晴,50,交岔路,交叉路口,行車管制號誌(附設行人專用號誌),車與車,違反號誌管制或指揮
11003AC591B3074,20210331,120.223352,23.009175,交通事故,交叉路口,臺南市北區開元路段號南園街,2,晴,50,交岔路,交叉路口,行車管制號誌(附設行人專用號誌),車與車,未依規定讓車
11003AC591B3096,20210330,120.222329,23.000635,交通事故,交叉路口,臺南市北區小東路段號長榮路四段,2,晴,50,交岔路,交叉路口,行車管制號誌(附設行人專用號誌),車與車,違反號誌管制或指揮
11003AC591B3101,20210331,120.205065,23.018812,交通事故,交叉路口,臺南市北區育德一街段號文成五路,1,晴,50,交岔路,交叉路口,行車管制號誌,車與車,未依規定讓車
11003AC591B3103,20210331,120.223621,23.00235,交通事故,交叉路口,臺南市北區東豐路段號東豐路305,2,晴,40,交岔路,交叉路口,閃光號誌,車與車,起步未注意其他車(人)安全
11003AC591B3112,20210331,120.185691,23.010185,交通事故,交叉路口,臺南市北區大興街段號大興街652,1,晴,50,交岔路,交叉路口,無號誌,車與車,未依規定讓車
11003AC591B3126,20210323,120.205208,22.999545,交通事故,交叉路口,臺南市北區忠義路三段段號佑民街34,2,晴,50,交岔路,交叉路口,閃光號誌,車與車,未依規定讓車
11003AC591B3142,20210323,120.19636,23.002168,交通事故,其他,臺南市北區段號金華路五段21號前,1,晴,50,單路部分,路段,無號誌,車與車,起步未注意其他車(人)安全
11003AC591B3146,20210330,120.212242,23.013664,交通事故,一般地址,臺南市北區公園路段595-15號,1,晴,50,交岔路,交叉路口,行車管制號誌,汽(機)車本身,未注意車前狀態
11003AC591B3147,20210331,120.199369,23.0077,交通事故,其他,臺南市北區段號海安路三段219巷26弄56號前,2,晴,30,交岔路,交叉路口,無號誌,車與車,未依規定讓車
11003AC591B3162,20210329,120.224786,23.002616,交通事故,交叉路口,臺南市北區東豐路段號林森路三段,2,晴,40,交岔路,交叉路口,行車管制號誌(附設行人專用號誌),車與車,未保持行車安全距離
11003AC591B3166,20210317,120.212091,23.013492,交通事故,交叉路口,臺南市北區長榮路五段段號公園路,2,晴,50,交岔路,交叉路口,行車管制號誌,車與車,未保持行車安全間隔
11003AC591B3191,20210303,120.213611,23.009843,交通事故,交叉路口,臺南市北區和緯路一段段號旭日街,3,晴,40,交岔路,交叉路口,閃光號誌,車與車,未依規定讓車
11003AC591B3192,20210304,120.212739,22.999949,交通事故,交叉路口,臺南市北區北門路二段段號公園南路,1,晴,40,交岔路,交叉路口,行車管制號誌(附設行人專用號誌),車與車,違反號誌管制或指揮
11003AC591B3193,20210309,120.225638,23.002063,交通事故,其他,臺南市北區段號東豐路小東公園旁,2,晴,40,單路部分,路段,無號誌,車與車,未保持行車安全距離
11003AC591B3194,20210310,120.220287,23.010795,交通事故,其他,臺南市北區段號長榮路5段139巷口,2,晴,50,交岔路,交叉路口,行車管制號誌(附設行人專用號誌),車與車,違反特定標誌(線)禁制
11003AC591B3195,20210315,120.22574,23.000513,交通事故,其他,臺南市北區段號小東路小東公園旁,1,晴,40,單路部分,路段,無號誌,車與車,未保持行車安全間隔
11003AC591B3196,20210318,120.196285,23.014141,交通事故,交叉路口,臺南市北區文成路段750號文賢路1030,1,晴,30,交岔路,交叉路口,無號誌,車與車,未依規定讓車
11003AC591B3201,20210303,120.189933,23.013369,交通事故,交叉路口,臺南市北區大和路段號大港街,1,晴,50,交岔路,交叉路口,行車管制號誌,汽(機)車本身,其他引起事故之違規或不當行為
11003AC591B3203,20210318,120.201678,23.013894,交通事故,交叉路口,臺南市北區文成一路段號育德三街,1,晴,50,交岔路,交叉路口,閃光號誌,汽(機)車本身,其他引起事故之違規或不當行為
11003AC591B3204,20210320,120.218735,23.003835,交通事故,其他,臺南市北區段號勝利路377巷口,2,晴,30,交岔路,交叉路口,無號誌,車與車,未依規定讓車
11003AC591B3205,20210320,120.200615,23.011732,交通事故,交叉路口,臺南市北區和緯路三段段號海安路三段,1,晴,50,交岔路,交叉路口,行車管制號誌(附設行人專用號誌),車與車,未依規定讓車
11003AC591B3206,20210326,120.202099,22.999392,交通事故,交叉路口,臺南市北區成功路段號自強街,2,晴,40,單路部分,路段,行車管制號誌,車與車,未保持行車安全距離
11003AC591B3207,20210327,120.218772,23.003505,交通事故,交叉路口,臺南市北區東豐路段號勝利路,2,晴,40,交岔路,交叉路口,行車管制號誌(附設行人專用號誌),車與車,左轉彎未依規定
11003AC591B3208,20210331,120.208821,23.004297,交通事故,其他,臺南市北區段號公園路321巷口,1,晴,30,交岔路,交叉路口,無號誌,車與車,未依規定讓車
11003AC591B3209,20210331,120.199946,23.003744,交通事故,交叉路口,臺南市北區海安路三段段號臨安路二段,1,晴,50,交岔路,交叉路口,行車管制號誌(附設行人專用號誌),車與車,未依規定讓車
11003AC591B3210,20210331,120.206104,22.99825,交通事故,交叉路口,臺南市北區成功路段號觀亭街,2,晴,50,交岔路,交叉路口,閃光號誌,車與車,違反特定標誌(線)禁制
11003AC591B3225,20210329,120.200657,23.012644,交通事故,交叉路口,臺南市北區海安路三段段號文成路,2,晴,40,單路部分,路段,無號誌,車與車,未注意車前狀態
11003AC591B3237,20210325,120.222329,23.000635,交通事故,交叉路口,臺南市北區小東路段號長榮路四段,1,晴,40,交岔路,交叉路口,行車管制號誌(附設行人專用號誌),車與車,未注意車前狀態
11003AC591B3260,20210323,120.223026,23.008949,交通事故,交叉路口,臺南市北區開元路段號林森路三段,3,晴,50,交岔路,交叉路口,行車管制號誌(附設行人專用號誌),車與車,違反號誌管制或指揮
11003AC5M1B0520,20210308,120.193126,23.017967,交通事故,其他,臺南市北區段號中華北路一段、文賢路口,2,晴,60,交岔路,交叉路口,行車管制號誌(附設行人專用號誌),車與車,未保持行車安全距離
11003AC5M1B0613,20210309,120.218434,23.012793,交通事故,其他,臺南市北區段號長榮鋼便橋、長榮路5段246巷口,3,晴,30,交岔路,交叉路口,行車管制號誌,車與車,未保持行車安全距離
11003AC5M1B0728,20210311,120.229265,23.00697,交通事故,其他,臺南市北區段號開南街275巷69號前,1,晴,30,單路部分,路段,無號誌,車與車,開啟車門不當而肇事
11003AC5N1B0235,20210304,120.203217,23.004958,交通事故,交叉路口,臺南市北區民德路段號臨安路二段,2,晴,50,交岔路,交叉路口,行車管制號誌(附設行人專用號誌),車與車,迴轉未依規定
11003AC5N1B0298,20210305,120.20723,23.018647,交通事故,其他,臺南市北區段號北安路一段221號前,2,晴,40,單路部分,路段,無號誌,車與車,未注意車前狀態
11003AC5N1B0414,20210306,120.211344,23.015,交通事故,交叉路口,臺南市北區北安路1段51號北安路1513,1,晴,30,交岔路,交叉路口,無號誌,車與車,未依規定讓車
11003AC5O1B1801,20210322,120.22478,23.00217,交通事故,其他,臺南市北區段號東豐路與林森路口,1,晴,50,交岔路,交叉路口,行車管制號誌,車與車,未保持行車安全距離
11003AC5O1B1857,20210322,120.213875,23.015008,交通事故,其他,臺南市北區段號公園路918巷16號前,2,晴,30,交岔路,交叉路口,無號誌,車與車,未依規定讓車
11003AC5O1B2198,20210323,120.204204,23.001141,交通事故,其他,臺南市北區段號長北街與北華街口,1,晴,30,交岔路,交叉路口,閃光號誌,車與車,未注意車前狀態
11003AC5O1B2284,20210326,120.21852,23.00663,交通事故,其他,臺南市北區段號開元路與勝利路口,1,晴,50,交岔路,交叉路口,行車管制號誌,車與車,起步未注意其他車(人)安全
11003AC5O1B2398,20210327,120.185945,23.008012,交通事故,其他,臺南市北區段號中華北路一段72號前,1,晴,50,單路部分,路段,無號誌,車與車,未依規定讓車
11003AC5O1B3238,20210328,120.216966,23.012683,交通事故,交叉路口,臺南市北區北門路二段段號長榮路,2,晴,50,交岔路,交叉路口,行車管制號誌,車與車,未依規定讓車
11003AC5P1B1264,20210316,120.184829,23.01123,交通事故,其他,臺南市北區段號中華北路一段觀海橋前,1,晴,60,交岔路,交叉路口,行車管制號誌,汽(機)車本身,其他引起事故之違規或不當行為
11003AC5P1B1285,20210317,120.200635,23.005082,交通事故,其他,臺南市北區段號臨安路二段249巷與民德路95巷口,1,晴,30,交岔路,交叉路口,無號誌,車與車,未依規定讓車
11003AC5P1B1397,20210318,120.22267,23.008704,交通事故,其他,臺南市北區段號開元路288號前,1,晴,50,單路部分,路段,行車管制號誌,車與車,其他引起事故之違規或不當行為
11003AC5P1B1426,20210318,120.215744,23.009205,交通事故,其他,臺南市北區段號和緯路一段與北門路二段口,1,晴,50,交岔路,交叉路口,行車管制號誌,車與車,未注意車前狀態
11003AC5P1B1505,20210319,120.208188,23.010324,交通事故,其他,臺南市北區段號西門路四段與西門路四段171巷口,1,晴,50,交岔路,交叉路口,行車管制號誌,車與車,左轉彎未依規定
11003AC691B0019,20210301,120.188941,22.987733,交通事故,一般地址,臺南市南區南樂街段1號0,2,晴,50,單路部分,路段,無號誌,車與車,起步未注意其他車(人)安全
11003AC691B0070,20210302,120.197666,22.981394,交通事故,交叉路口,臺南市南區西門路1段號健康路2,1,晴,50,交岔路,交叉路口,行車管制號誌,車與車,未依規定讓車
11003AC691B0097,20210302,120.189503,22.988583,交通事故,交叉路口,臺南市南區南樂街段號永華路,1,晴,50,交岔路,交叉路口,閃光號誌,車與車,逆向行駛
11003AC691B0151,20210303,120.187571,22.974872,交通事故,交叉路口,臺南市南區新興路段號利南街,1,晴,50,交岔路,交叉路口,行車管制號誌,車與車,違反號誌管制或指揮
11003AC691B0175,20210303,120.197761,22.978474,交通事故,一般地址,臺南市南區西門路1段306號,1,晴,50,單路部分,路段,無號誌,車與車,酒醉(後)駕駛失控
11003AC691B0231,20210304,120.178518,22.932345,交通事故,交叉路口,臺南市南區省躬二街段號省躬二街16,1,晴,30,交岔路,交叉路口,無號誌,車與車,未依規定讓車
11003AC691B0251,20210305,120.186414,22.985224,交通事故,交叉路口,臺南市南區中華西路段號建南路,1,晴,60,交岔路,交叉路口,行車管制號誌,車與車,左轉彎未依規定
11003AC691B0303,20210303,120.186073,22.981994,交通事故,交叉路口,臺南市南區中華西路段號健康路,1,晴,60,交岔路,交叉路口,行車管制號誌,車與車,爭(搶)道行駛
11003AC691B0305,20210305,120.193906,22.98141,交通事故,交叉路口,臺南市南區健康路段號三官路,1,晴,50,交岔路,交叉路口,行車管制號誌,車與車,未保持行車安全間隔
11003AC691B0334,20210303,120.214261,22.967295,交通事故,一般地址,臺南市南區國民路段69號0,1,晴,50,單路部分,路段,無號誌,車與車,未注意車前狀態
11003AC691B0361,20210306,120.19772,22.976677,交通事故,交叉路口,臺南市南區興昌路段號西門路1,1,晴,50,交岔路,交叉路口,行車管制號誌,人與汽(機)車,搶越行人穿越道
11003AC691B0390,20210306,120.186191,22.982063,交通事故,交叉路口,臺南市南區中華西路1段號健康路,1,晴,60,交岔路,交叉路口,行車管制號誌,車與車,左轉彎未依規定
11003AC691B0392,20210305,120.202137,22.98114,交通事故,一般地址,臺南市南區健康路1段327號0,1,晴,50,交岔路,交叉路口,無號誌,汽(機)車本身,未注意車前狀態
11003AC691B0433,20210307,120.191109,22.976737,交通事故,交叉路口,臺南市南區金華路2段號金華路227,1,晴,50,交岔路,交叉路口,行車管制號誌,車與車,未注意車前狀態
11003AC691B0444,20210307,120.192123,22.968401,交通事故,交叉路口,臺南市南區金華路1段242號金華路1336,2,晴,30,交岔路,交叉路口,無號誌,車與車,未依規定讓車
11003AC691B0462,20210301,120.189999,22.984942,交通事故,交叉路口,臺南市南區建南路段號文南路,1,晴,50,交岔路,交叉路口,行車管制號誌,車與車,未保持行車安全間隔
11003AC691B0483,20210308,120.185478,22.934529,交通事故,一般地址,臺南市南區萬年路段號0,1,晴,50,交岔路,交叉路口,行車管制號誌,車與車,未依規定讓車
11003AC691B0493,20210308,120.207158,22.973986,交通事故,交叉路口,臺南市南區大林路段號體育路,1,晴,50,交岔路,交叉路口,無號誌,車與車,未依規定讓車
11003AC691B0518,20210308,120.194821,22.986342,交通事故,交叉路口,臺南市南區夏林路段號樹林街2,2,晴,50,交岔路,交叉路口,行車管制號誌,車與車,左轉彎未依規定
11003AC691B0529,20210303,120.199649,22.975537,交通事故,一般地址,臺南市南區大成路1段16818號0,1,晴,30,交岔路,交叉路口,無號誌,汽(機)車本身,未注意車前狀態
11003AC691B0566,20210308,120.188806,22.977854,交通事故,交叉路口,臺南市南區新孝路段號尊南街,1,晴,50,交岔路,交叉路口,行車管制號誌,人與汽(機)車,未保持行車安全距離
11003AC691B0595,20210309,120.186786,22.958909,交通事故,交叉路口,臺南市南區興隆路段號南和路,1,晴,50,交岔路,交叉路口,閃光號誌,車與車,未依規定讓車
11003AC691B0602,20210309,120.197547,22.982281,交通事故,一般地址,臺南市南區西門路1段485號0,1,晴,50,單路部分,路段,無號誌,車與車,橫越道路不慎
11003AC691B0604,20210307,120.214628,22.973005,交通事故,交叉路口,臺南市南區大同路段號大同路2482,1,晴,50,交岔路,交叉路口,無號誌,車與車,未依規定讓車
11003AC691B0748,20210308,120.195579,22.948892,交通事故,其他,臺南市南區段號永成路往北(近永成路二段490巷),2,晴,60,單路部分,路段,無號誌,車與車,未保持行車安全距離
11003AC691B0766,20210304,120.191383,22.975507,交通事故,一般地址,臺南市南區新興路段304號,1,晴,50,單路部分,路段,無號誌,汽(機)車本身,其他引起事故之違規或不當行為
11003AC691B0864,20210303,120.186116,22.982177,交通事故,交叉路口,臺南市南區中華西路段號健康路,2,晴,50,交岔路,交叉路口,行車管制號誌,車與車,未保持行車安全間隔
11003AC691B0885,20210311,120.197603,22.97977,交通事故,交叉路口,臺南市南區西門路1段號新興路,1,晴,50,交岔路,交叉路口,行車管制號誌,車與車,右轉彎未依規定
11003AC691B0890,20210311,120.210621,22.97526,交通事故,一般地址,臺南市南區大林路段號0,2,晴,50,單路部分,路段,無號誌,車與車,未注意車前狀態
11003AC691B0959,20210314,120.187871,22.963059,交通事故,一般地址,臺南市南區中華南路二段2段30042號,1,晴,50,單路部分,路段,無號誌,汽(機)車本身,未注意車前狀態
11003AC691B0961,20210313,120.211878,22.967413,交通事故,交叉路口,臺南市南區國民路段號國民路165,2,晴,50,交岔路,交叉路口,行車管制號誌,車與車,未保持行車安全距離
11003AC691B1034,20210309,120.20115,22.97502,交通事故,交叉路口,臺南市南區大成路段號大成路161,2,晴,50,交岔路,交叉路口,行車管制號誌(附設行人專用號誌),車與車,其他引起事故之違規或不當行為
11003AC691B1036,20210314,120.216804,22.961346,交通事故,交叉路口,臺南市南區大同路段號機場路,1,晴,50,交岔路,交叉路口,無號誌,車與車,違反特定標誌(線)禁制
11003AC691B1049,20210315,120.175531,22.94252,交通事故,交叉路口,臺南市南區濱南路段號喜樹路222,1,晴,60,單路部分,路段,無號誌,車與車,未注意車前狀態
11003AC691B1053,20210314,120.192571,22.961882,交通事故,交叉路口,臺南市南區中華南路二段段號德興路,1,晴,50,交岔路,交叉路口,行車管制號誌,車與車,不明原因肇事
11003AC691B1093,20210304,120.18988,22.976186,交通事故,交叉路口,臺南市南區金華路2段15號慶南街,2,晴,30,交岔路,交叉路口,無號誌,車與車,未依規定讓車
11003AC691B1115,20210311,120.193357,22.984826,交通事故,一般地址,臺南市南區建南路段59號,1,晴,50,單路部分,路段,無號誌,車與車,未保持行車安全距離
11003AC691B1122,20210311,120.191092,22.961425,交通事故,交叉路口,臺南市南區中華南路二段段號中華南路二段177,1,晴,60,交岔路,交叉路口,無號誌,車與車,未注意車前狀態
11003AC691B1134,20210315,120.192512,22.963301,交通事故,交叉路口,臺南市南區德興路段號德興路130,2,晴,50,交岔路,交叉路口,無號誌,車與車,未保持行車安全距離
11003AC691B1177,20210304,120.189275,22.961279,交通事故,交叉路口,臺南市南區金華路1段號中華南路二段,1,晴,50,交岔路,交叉路口,行車管制號誌,車與車,起步未注意其他車(人)安全
11003AC691B1181,20210302,120.188075,22.96399,交通事故,其他,臺南市南區段號鹽埕路103巷內,1,晴,50,單路部分,路段,無號誌,汽(機)車本身,其他引起事故之違規或不當行為
11003AC691B1187,20210301,120.190378,22.969076,交通事故,交叉路口,臺南市南區金華路1段號利南街,2,晴,50,交岔路,交叉路口,行車管制號誌,車與車,左轉彎未依規定
11003AC691B1210,20210307,120.195403,22.967216,交通事故,交叉路口,臺南市南區永成路段號新都路,1,晴,50,交岔路,交叉路口,行車管制號誌(附設行人專用號誌),車與車,未保持行車安全距離
11003AC691B1279,20210305,120.176666,22.934215,交通事故,一般地址,臺南市南區濱南路段號0,2,晴,60,單路部分,路段,無號誌,車與車,未注意車前狀態
11003AC691B1357,20210306,120.216084,22.965824,交通事故,交叉路口,臺南市南區大同路2段750號大同路2,1,晴,60,交岔路,交叉路口,行車管制號誌,車與車,未依規定讓車
11003AC691B1403,20210310,120.195411,22.958808,交通事故,交叉路口,臺南市南區興隆路段號永成路,1,晴,50,交岔路,交叉路口,行車管制號誌,車與車,未保持行車安全間隔
11003AC691B1438,20210306,120.197153,22.979599,交通事故,交叉路口,臺南市南區新興路段號新興路20,1,晴,50,交岔路,交叉路口,無號誌,車與車,未注意車前狀態
11003AC691B1444,20210308,120.203693,22.976172,交通事故,一般地址,臺南市南區南門路段343-1號,1,晴,50,單路部分,路段,無號誌,車與車,起步未注意其他車(人)安全
11003AC691B1489,20210317,120.190858,22.957645,交通事故,其他,臺南市南區段號中華南路2段233巷華灣高幹40右17左19前,1,晴,40,單路部分,路段,無號誌,汽(機)車本身,未注意車前狀態
11003AC691B1490,20210319,120.190692,22.973063,交通事故,一般地址,臺南市南區金華路1段482號,1,晴,50,單路部分,路段,無號誌,汽(機)車本身,其他引起事故之違規或不當行為
11003AC691B1498,20210319,120.186503,22.963579,交通事故,一般地址,臺南市南區中華西路1段217號0,1,晴,50,單路部分,路段,無號誌,車與車,起步未注意其他車(人)安全
11003AC691B1517,20210311,120.190933,22.924642,交通事故,一般地址,臺南市南區同興路段13159號,1,晴,30,單路部分,路段,無號誌,汽(機)車本身,尚未發現肇事因素
11003AC691B1521,20210311,120.190928,22.925369,交通事故,交叉路口,臺南市南區同興路段號同興路168,1,晴,50,交岔路,交叉路口,行車管制號誌,車與車,違反號誌管制或指揮
11003AC691B1530,20210311,120.18934,22.979143,交通事故,一般地址,臺南市南區金華路1段532號0,1,晴,50,單路部分,路段,無號誌,車與車,違反特定標誌(線)禁制
11003AC691B1538,20210312,120.208685,22.981214,交通事故,交叉路口,臺南市南區健康路1段號健康路1133,1,晴,50,交岔路,交叉路口,行車管制號誌,車與車,未依規定讓車
11003AC691B1539,20210312,120.195908,22.98634,交通事故,交叉路口,臺南市南區樹林街段號大德街141,1,晴,30,交岔路,交叉路口,無號誌,車與車,未依規定讓車
11003AC691B1606,20210313,120.19727,22.979651,交通事故,交叉路口,臺南市南區西門路段號新興路,1,晴,50,單路部分,路段,無號誌,車與車,未注意車前狀態
11003AC691B1609,20210311,120.192798,22.984844,交通事故,交叉路口,臺南市南區建南路段號福吉二街,2,晴,50,交岔路,交叉路口,無號誌,車與車,倒車未依規定
11003AC691B1649,20210321,120.193033,22.981563,交通事故,一般地址,臺南市南區健康路2段168號0,1,晴,50,單路部分,路段,無號誌,車與車,起步未注意其他車(人)安全
11003AC691B1687,20210321,120.212154,22.980946,交通事故,交叉路口,臺南市南區健康路1段號大同路2,1,晴,50,交岔路,交叉路口,行車管制號誌,車與車,違反特定標誌(線)禁制
11003AC691B1688,20210321,120.184164,22.920186,交通事故,交叉路口,臺南市南區灣裡路段號明興路,1,晴,50,交岔路,交叉路口,行車管制號誌,車與車,違反號誌管制或指揮
11003AC691B1695,20210320,120.213821,22.967304,交通事故,一般地址,臺南市南區國民路段41號0,1,晴,50,單路部分,路段,無號誌,車與車,變換車道或方向不當
11003AC691B1705,20210307,120.191571,22.984744,交通事故,一般地址,臺南市南區金華路2段303號0,1,晴,50,交岔路,交叉路口,行車管制號誌,車與車,未注意車前狀態
11003AC691B1707,20210305,120.193051,22.983722,交通事故,一般地址,臺南市南區福吉三街段49號0,3,晴,30,交岔路,交叉路口,無號誌,車與車,未依規定讓車
11003AC691B1711,20210315,120.190124,22.986312,交通事故,一般地址,臺南市南區文南路段276號0,1,晴,50,交岔路,路段,無號誌,人與汽(機)車,其他引起事故之疏失或行為
11003AC691B1716,20210315,120.191041,22.975273,交通事故,交叉路口,臺南市南區金華路1段號新興路,2,晴,50,交岔路,交叉路口,行車管制號誌,車與車,未保持行車安全距離
11003AC691B1742,20210311,120.189626,22.983467,交通事故,一般地址,臺南市南區文南路段65號0,1,晴,50,單路部分,路段,無號誌,車與車,變換車道或方向不當
11003AC691B1746,20210311,120.195376,22.941097,交通事故,一般地址,臺南市南區永成路2段69號0,2,晴,50,單路部分,路段,無號誌,車與車,未保持行車安全距離
11003AC691B1751,20210306,120.215177,22.971136,交通事故,交叉路口,臺南市南區大同路段號公英一街,1,晴,50,交岔路,交叉路口,行車管制號誌,車與車,左轉彎未依規定
11003AC691B1759,20210312,120.182172,22.926653,交通事故,交叉路口,臺南市南區灣裡路段號灣裡路351,2,晴,50,交岔路,交叉路口,無號誌,車與車,未注意車前狀態
11003AC691B1791,20210316,120.210248,22.97321,交通事故,交叉路口,臺南市南區國民路段27075號大同路2482,2,晴,40,交岔路,交叉路口,閃光號誌,車與車,未依規定讓車
11003AC691B1819,20210315,120.187787,22.962119,交通事故,交叉路口,臺南市南區中華南路二段段3004號中華南路二段300,2,晴,50,交岔路,交叉路口,閃光號誌,車與車,未保持行車安全距離
11003AC691B1858,20210312,120.186116,22.982177,交通事故,交叉路口,臺南市南區中華西路段號健康路,3,晴,60,交岔路,交叉路口,行車管制號誌,車與車,未保持行車安全間隔
11003AC691B1861,20210320,120.186754,22.957597,交通事故,其他,臺南市南區段號明興路119巷口南側附近,2,晴,50,單路部分,路段,無號誌,汽(機)車本身,疲勞(患病)駕駛失控
11003AC691B1872,20210313,120.185428,22.979985,交通事故,一般地址,臺南市南區中華西路1段214號0,1,晴,40,單路部分,路段,無號誌,車與車,右轉彎未依規定
11003AC691B1909,20210312,120.19539,22.969985,交通事故,交叉路口,臺南市南區永成路3段號永成路3315,1,晴,50,交岔路,交叉路口,閃光號誌,車與車,未注意車前狀態
11003AC691B1925,20210303,120.215885,22.966931,交通事故,一般地址,臺南市南區大同路2段706號0,2,晴,60,單路部分,路段,無號誌,車與車,變換車道或方向不當
11003AC691B1927,20210315,120.215226,22.967413,交通事故,一般地址,臺南市南區國民路段14號0,1,晴,50,單路部分,路段,無號誌,車與車,未保持行車安全距離
11003AC691B1944,20210324,120.190716,22.958855,交通事故,一般地址,臺南市南區興隆路段179號,1,雨,50,單路部分,路段,無號誌,車與車,倒車未依規定
11003AC691B1952,20210313,120.183848,22.973218,交通事故,交叉路口,臺南市南區中華西路1段號新興路,1,晴,50,交岔路,交叉路口,行車管制號誌,車與車,違反號誌管制或指揮
11003AC691B2069,20210322,120.191246,22.978562,交通事故,交叉路口,臺南市南區金華路2段號金華路263,3,晴,30,交岔路,交叉路口,無號誌,車與車,未依規定讓車
11003AC691B2114,20210325,120.188652,22.975223,交通事故,一般地址,臺南市南區尊南街段16號0,2,晴,50,單路部分,路段,無號誌,車與車,未保持行車安全距離
11003AC691B2133,20210304,120.184159,22.978096,交通事故,一般地址,臺南市南區中華西路1段91號0,1,晴,50,單路部分,路段,無號誌,車與車,起步未注意其他車(人)安全
11003AC691B2140,20210304,120.190589,22.974345,交通事故,交叉路口,臺南市南區金華路1段420號金華路,1,晴,50,交岔路,交叉路口,無號誌,車與車,其他引起事故之違規或不當行為
11003AC691B2144,20210325,120.189801,22.925794,交通事故,交叉路口,臺南市南區同興路段號萬年七街,1,晴,50,交岔路,交叉路口,行車管制號誌,汽(機)車本身,其他引起事故之違規或不當行為
11003AC691B2147,20210305,120.194902,22.980269,交通事故,交叉路口,臺南市南區夏林路段180號夏林路,1,晴,50,交岔路,交叉路口,無號誌,車與車,起步未注意其他車(人)安全
11003AC691B2184,20210316,120.184832,22.925556,交通事故,一般地址,臺南市南區灣裡路段35151號0,1,晴,30,單路部分,路段,無號誌,車與車,起步未注意其他車(人)安全
11003AC691B2200,20210326,120.191309,22.9857,交通事故,一般地址,臺南市南區金華路2段3457號0,2,晴,30,交岔路,交叉路口,無號誌,車與車,起步未注意其他車(人)安全
11003AC691B2207,20210325,120.190238,22.988508,交通事故,交叉路口,臺南市南區永華路1段號文南路,3,晴,50,交岔路,交叉路口,行車管制號誌,車與車,不明原因肇事
11003AC691B2208,20210325,120.181815,22.935385,交通事故,交叉路口,臺南市南區永成路段號省道臺86線快速公路,2,晴,60,交岔路,交叉路口,行車管制號誌,車與車,違反號誌管制或指揮
11003AC691B2211,20210325,120.197646,22.979676,交通事故,交叉路口,臺南市南區西門路段號新興路,1,晴,50,交岔路,交叉路口,行車管制號誌,車與車,右轉彎未依規定
11003AC691B2240,20210326,120.194817,22.987484,交通事故,交叉路口,臺南市南區永華路段號夏林路,1,晴,50,交岔路,交叉路口,行車管制號誌,車與車,右轉彎未依規定
11003AC691B2245,20210326,120.191028,22.98831,交通事故,交叉路口,臺南市南區永華路1段號永華路1241,1,晴,50,交岔路,交叉路口,行車管制號誌,人與汽(機)車,搶越行人穿越道
11003AC691B2268,20210323,120.183724,22.971731,交通事故,交叉路口,臺南市南區中華西路1段號中華西路170,1,晴,60,交岔路,交叉路口,行車管制號誌,車與車,其他引起事故之違規或不當行為
11003AC691B2272,20210327,120.191893,22.974924,交通事故,一般地址,臺南市南區大成路2段230號0,1,晴,50,交岔路,交叉路口,無號誌,車與車,起步未注意其他車(人)安全
11003AC691B2290,20210324,120.20377,22.981038,交通事故,交叉路口,臺南市南區南門路段號健康路,1,晴,50,單路部分,路段,無號誌,車與車,未注意車前狀態
11003AC691B2291,20210325,120.182028,22.94214,交通事故,其他,臺南市南區段號明興路611巷115之3號前(明興路面上),1,晴,50,單路部分,路段,無號誌,車與車,裝載貨物不穩妥
11003AC691B2332,20210327,120.195442,22.968034,交通事故,一般地址,臺南市南區永成路3段360號0,1,晴,40,交岔路,交叉路口,行車管制號誌,車與車,未注意車前狀態
11003AC691B2345,20210320,120.212214,22.980918,交通事故,交叉路口,臺南市南區大同路段號健康路,1,晴,50,交岔路,交叉路口,行車管制號誌(附設行人專用號誌),車與車,右轉彎未依規定
11003AC691B2346,20210323,120.214178,22.9745,交通事故,一般地址,臺南市南區大同路2段410號0,2,晴,0,單路部分,路段,無號誌,人與汽(機)車,未依規定行走行人穿越道、地下道、天橋而穿越道路