案件編號,發生日期,GPS經度,GPS緯度,案件類別名稱,地址類型名稱,發生縣市名稱,受傷人數,天候名稱, 速限-第1當事者,道路型態大類別名稱,事故位置大類別名稱,號誌-號誌種類名稱,事故類型及型態大類別名稱,肇因研判子類別名稱-主要
11003AC691B2349,20210326,120.189719,22.974054,交通事故,交叉路口,臺南市南區金華路1段475號金華路1503,1,晴,30,交岔路,交叉路口,無號誌,車與車,未依規定讓車
11003AC691B2351,20210322,120.191854,22.984135,交通事故,一般地址,臺南市南區金華路2段354號0,1,晴,50,單路部分,路段,無號誌,汽(機)車本身,其他引起事故之違規或不當行為
11003AC691B2353,20210308,120.190104,22.961067,交通事故,一般地址,臺南市南區中華南路二段段213號0,1,晴,60,單路部分,路段,無號誌,汽(機)車本身,其他引起事故之違規或不當行為
11003AC691B2355,20210310,120.207106,22.981243,交通事故,交叉路口,臺南市南區健康路段號體育路,2,晴,50,交岔路,交叉路口,無號誌,車與車,未注意車前狀態
11003AC691B2357,20210309,120.176309,22.971444,交通事故,一般地址,臺南市南區新樂路段20455號0,2,晴,50,單路部分,路段,無號誌,車與車,右轉彎未依規定
11003AC691B2359,20210311,120.190785,22.961401,交通事故,交叉路口,臺南市南區中華南路二段段號中華南路二段185,1,晴,30,交岔路,交叉路口,閃光號誌,車與車,未依規定讓車
11003AC691B2367,20210309,120.190887,22.985722,交通事故,交叉路口,臺南市南區金華路2段345號建南路120,2,晴,50,交岔路,交叉路口,無號誌,車與車,未依規定讓車
11003AC691B2368,20210309,120.187571,22.974872,交通事故,交叉路口,臺南市南區新興路段號利南街,1,晴,50,交岔路,交叉路口,行車管制號誌,車與車,左轉彎未依規定
11003AC691B2377,20210311,120.180107,22.933814,交通事故,交叉路口,臺南市南區灣裡路段號灣裡路62,1,晴,50,交岔路,交叉路口,行車管制號誌,車與車,左轉彎未依規定
11003AC691B2379,20210314,120.20531,22.973875,交通事故,交叉路口,臺南市南區國民路段號國民路532,2,晴,50,交岔路,交叉路口,行車管制號誌,車與車,未注意車前狀態
11003AC691B2387,20210328,120.187296,22.968925,交通事故,一般地址,臺南市南區新建路段393號0,2,晴,50,交岔路,交叉路口,無號誌,車與車,左轉彎未依規定
11003AC691B2400,20210327,120.17994,22.942886,交通事故,一般地址,臺南市南區喜樹路段號0,1,晴,50,單路部分,路段,無號誌,汽(機)車本身,未注意車前狀態
11003AC691B2403,20210305,120.17698,22.959073,交通事故,交叉路口,臺南市南區鯤鯓路段30號鯤鯓路,1,晴,50,交岔路,交叉路口,無號誌,車與車,迴轉未依規定
11003AC691B2408,20210312,120.197698,22.96748,交通事故,交叉路口,臺南市南區新都路段號西門路,1,晴,50,交岔路,交叉路口,行車管制號誌,車與車,違反號誌管制或指揮
11003AC691B2411,20210315,120.21201,22.980883,交通事故,交叉路口,臺南市南區健康路段號大同路,1,晴,50,交岔路,交叉路口,行車管制號誌,車與車,未注意車前狀態
11003AC691B2414,20210314,120.179624,22.929472,交通事故,一般地址,臺南市南區灣裡路段8882號0,1,晴,30,單路部分,路段,無號誌,車與車,起步未注意其他車(人)安全
11003AC691B2415,20210315,120.213177,22.971907,交通事故,交叉路口,臺南市南區中華南路一段段號中華南路一段66,2,晴,50,交岔路,交叉路口,行車管制號誌,車與車,違反號誌管制或指揮
11003AC691B2416,20210315,120.199691,22.974944,交通事故,交叉路口,臺南市南區大成路段號興昌路9,1,晴,50,交岔路,交叉路口,閃光號誌,汽(機)車本身,未注意車前狀態
11003AC691B2419,20210328,120.195067,22.981281,交通事故,交叉路口,臺南市南區夏林路段號健康路,1,晴,50,交岔路,交叉路口,行車管制號誌,車與車,右轉彎未依規定
11003AC691B2445,20210315,120.207273,22.97724,交通事故,一般地址,臺南市南區體育路段10號0,2,晴,50,交岔路,交叉路口,無號誌,車與車,未依規定讓車
11003AC691B2450,20210323,120.193081,22.980238,交通事故,一般地址,臺南市南區新慶街段22號0,1,晴,50,單路部分,路段,無號誌,車與車,起步未注意其他車(人)安全
11003AC691B2455,20210316,120.188707,22.974075,交通事故,一般地址,臺南市南區新興路481段20號,1,晴,50,單路部分,路段,無號誌,汽(機)車本身,其他引起事故之違規或不當行為
11003AC691B2457,20210324,120.188319,22.971689,交通事故,一般地址,臺南市南區鹽埕路段2911450號0,2,晴,50,交岔路,路段,無號誌,車與車,未依規定讓車
11003AC691B2459,20210323,120.191368,22.985655,交通事故,一般地址,臺南市南區金華路2段3457號0,2,晴,50,交岔路,交叉路口,無號誌,車與車,未依規定讓車
11003AC691B2465,20210315,120.19156,22.982527,交通事故,一般地址,臺南市南區金華路2段213號0,1,晴,50,單路部分,路段,無號誌,車與車,未保持行車安全距離
11003AC691B2480,20210312,120.189518,22.977215,交通事故,一般地址,臺南市南區金華路2段3356號,1,晴,40,單路部分,路段,無號誌,車與車,未注意車前狀態
11003AC691B2486,20210322,120.189324,22.961289,交通事故,交叉路口,臺南市南區金華路段號中華南路二段,1,晴,50,交岔路,交叉路口,行車管制號誌,車與車,未依規定讓車
11003AC691B2492,20210316,120.178968,22.940943,交通事故,交叉路口,臺南市南區喜樹路段151號喜樹路171,1,晴,50,交岔路,交叉路口,無號誌,車與車,未依規定讓車
11003AC691B2496,20210322,120.216804,22.961346,交通事故,交叉路口,臺南市南區大同路段號機場路,1,晴,60,交岔路,交叉路口,無號誌,車與車,未保持行車安全距離
11003AC691B2497,20210325,120.195326,22.978241,交通事故,交叉路口,臺南市南區夏林路段號新興路,1,晴,50,交岔路,交叉路口,行車管制號誌,車與車,未保持行車安全距離
11003AC691B2534,20210326,120.203759,22.979417,交通事故,一般地址,臺南市南區南門路段273號0,2,晴,40,交岔路,交叉路口,行車管制號誌,車與車,未注意車前狀態
11003AC691B2562,20210329,120.197735,22.974906,交通事故,交叉路口,臺南市南區西門路段號大成路,1,晴,50,交岔路,交叉路口,行車管制號誌,車與車,左轉彎未依規定
11003AC691B2563,20210322,120.197548,22.983837,交通事故,交叉路口,臺南市南區西門路段號府緯街,1,晴,50,交岔路,交叉路口,行車管制號誌,車與車,變換車道或方向不當
11003AC691B2576,20210322,120.183605,22.965243,交通事故,交叉路口,臺南市南區中華西路1段號新孝路102,1,晴,40,交岔路,交叉路口,無號誌,車與車,未依規定讓車
11003AC691B2585,20210310,120.185302,22.973969,交通事故,交叉路口,臺南市南區新興路段號新建路,2,晴,50,交岔路,交叉路口,行車管制號誌,車與車,迴轉未依規定
11003AC691B2601,20210330,120.195365,22.96771,交通事故,一般地址,臺南市南區永成路3段205號0,2,晴,50,單路部分,路段,無號誌,車與車,左轉彎未依規定
11003AC691B2607,20210318,120.214475,22.967285,交通事故,一般地址,臺南市南區國民路段47號0,1,晴,50,交岔路,交叉路口,行車管制號誌,車與車,違規超車
11003AC691B2619,20210323,120.189263,22.969408,交通事故,交叉路口,臺南市南區鹽埕路段號利南街,2,晴,50,交岔路,交叉路口,行車管制號誌,車與車,違反號誌管制或指揮
11003AC691B2620,20210316,120.195053,22.980643,交通事故,一般地址,臺南市南區夏林路段164號0,1,晴,50,單路部分,路段,無號誌,車與車,起步未注意其他車(人)安全
11003AC691B2622,20210305,120.207161,22.980619,交通事故,交叉路口,臺南市南區體育路段號體育路21,1,晴,50,交岔路,交叉路口,無號誌,車與車,未依規定讓車
11003AC691B2650,20210306,120.18993,22.977083,交通事故,交叉路口,臺南市南區金華路2段33號慶南街,2,晴,50,交岔路,交叉路口,無號誌,車與車,未依規定讓車
11003AC691B2664,20210312,120.183826,22.961669,交通事故,交叉路口,臺南市南區中華西路段號清水路,2,晴,50,交岔路,交叉路口,行車管制號誌,車與車,違反號誌管制或指揮
11003AC691B2671,20210330,120.192021,22.988065,交通事故,交叉路口,臺南市南區永華路段號金華路2,1,晴,50,交岔路,交叉路口,行車管制號誌,車與車,右轉彎未依規定
11003AC691B2678,20210330,120.19753,22.986336,交通事故,交叉路口,臺南市南區西門路1段號樹林街2,3,晴,50,交岔路,交叉路口,行車管制號誌,車與車,迴轉未依規定
11003AC691B2700,20210324,120.187095,22.961672,交通事故,交叉路口,臺南市南區中華南路二段段號中華南路二段302,1,晴,40,交岔路,交叉路口,行車管制號誌,車與車,橫越道路不慎
11003AC691B2704,20210323,120.190271,22.970755,交通事故,一般地址,臺南市南區鹽埕路段308號0,2,晴,50,單路部分,路段,無號誌,車與車,違反特定標誌(線)禁制
11003AC691B2719,20210331,120.208607,22.970366,交通事故,一般地址,臺南市南區國民路段號,1,晴,50,單路部分,路段,無號誌,汽(機)車本身,未注意車前狀態
11003AC691B2763,20210316,120.203778,22.981386,交通事故,交叉路口,臺南市南區健康路段號南門路,1,晴,50,交岔路,交叉路口,行車管制號誌,車與車,未依規定讓車
11003AC691B2764,20210331,120.203636,22.979723,交通事故,交叉路口,臺南市南區南門路段號新興東路,1,晴,50,交岔路,交叉路口,行車管制號誌,車與車,未保持行車安全間隔
11003AC691B2846,20210331,120.208153,22.970921,交通事故,交叉路口,臺南市南區國民路段號國民路270,1,晴,50,交岔路,交叉路口,行車管制號誌,車與車,未依規定讓車
11003AC691B2850,20210331,120.182158,22.925766,交通事故,一般地址,臺南市南區灣裡路段330號0,2,晴,50,單路部分,路段,無號誌,車與車,起步未注意其他車(人)安全
11003AC691B2882,20210324,120.189925,22.976789,交通事故,交叉路口,臺南市南區慶南街段號金華路227,1,陰,50,交岔路,交叉路口,無號誌,汽(機)車本身,其他引起事故之違規或不當行為
11003AC691B2885,20210327,120.18821,22.979493,交通事故,交叉路口,臺南市南區惠南街段號聖南街,1,晴,30,交岔路,交叉路口,無號誌,車與車,未依規定讓車
11003AC691B2887,20210330,120.183848,22.973218,交通事故,交叉路口,臺南市南區中華西路段號新興路,2,晴,60,交岔路,交叉路口,行車管制號誌,車與車,未依規定讓車
11003AC691B2888,20210301,120.189938,22.977095,交通事故,交叉路口,臺南市南區金華路2段33號慶南街,1,晴,30,交岔路,交叉路口,無號誌,汽(機)車本身,其他引起事故之違規或不當行為
11003AC691B2889,20210326,120.195533,22.957483,交通事故,一般地址,臺南市南區永成路2段858號0,1,晴,40,單路部分,路段,無號誌,車與車,未注意車前狀態
11003AC691B2906,20210325,120.185333,22.934237,交通事故,交叉路口,臺南市南區萬年路段號無名道路,1,晴,50,交岔路,交叉路口,行車管制號誌,車與車,左轉彎未依規定
11003AC691B2923,20210323,120.185264,22.970045,交通事故,交叉路口,臺南市南區新建路段號新建路3,2,晴,50,交岔路,交叉路口,行車管制號誌,車與車,違反號誌管制或指揮
11003AC691B2926,20210324,120.191149,22.976982,交通事故,交叉路口,臺南市南區金華路2段號金華路233,1,晴,50,交岔路,交叉路口,行車管制號誌,車與車,違反號誌管制或指揮
11003AC691B2928,20210317,120.188255,22.932015,交通事故,交叉路口,臺南市南區同興路段號萬年五街,1,晴,50,交岔路,交叉路口,行車管制號誌,車與車,其他引起事故之違規或不當行為
11003AC691B2930,20210331,120.216556,22.964538,交通事故,交叉路口,臺南市南區大同路段號生產路,2,晴,60,交岔路,交叉路口,行車管制號誌(附設行人專用號誌),車與車,違反號誌管制或指揮
11003AC691B2933,20210331,120.188747,22.976255,交通事故,交叉路口,臺南市南區金華路2段15號尊南街,1,晴,30,交岔路,交叉路口,無號誌,車與車,未依規定讓車
11003AC691B2937,20210326,120.18061,22.981398,交通事故,一般地址,臺南市南區新樂路段44201號0,1,晴,50,單路部分,路段,無號誌,車與車,起步未注意其他車(人)安全
11003AC691B2938,20210326,120.183633,22.921574,交通事故,交叉路口,臺南市南區灣裡路段號灣裡路516,3,晴,50,交岔路,交叉路口,無號誌,車與車,未依規定讓車
11003AC691B2939,20210328,120.179978,22.93413,交通事故,一般地址,臺南市南區灣裡路段66號,1,晴,50,單路部分,路段,無號誌,汽(機)車本身,其他引起事故之違規或不當行為
11003AC691B2940,20210329,120.200892,22.970261,交通事故,一般地址,臺南市南區新都路段220號0,1,晴,50,單路部分,路段,無號誌,汽(機)車本身,其他引起事故之違規或不當行為
11003AC691B2941,20210329,120.188906,22.978707,交通事故,交叉路口,臺南市南區金華路2段63號尊南街,1,晴,50,交岔路,交叉路口,無號誌,車與車,爭(搶)道行駛
11003AC691B2967,20210331,120.19149,22.987558,交通事故,其他,臺南市南區段號文南路342巷46號前路口,1,晴,30,交岔路,交叉路口,無號誌,車與車,未依規定讓車
11003AC691B2984,20210330,120.181816,22.941419,交通事故,交叉路口,臺南市南區明興路段號明興路1395,1,晴,50,交岔路,交叉路口,行車管制號誌,車與車,迴轉未依規定
11003AC691B2993,20210313,120.213574,22.971945,交通事故,一般地址,臺南市南區中華南路一段段47號0,1,晴,50,交岔路,交叉路口,行車管制號誌,車與車,未注意車前狀態
11003AC691B2997,20210317,120.194949,22.986337,交通事故,交叉路口,臺南市南區夏林路段號樹林街,1,晴,50,交岔路,交叉路口,行車管制號誌,車與車,違反號誌管制或指揮
11003AC691B3020,20210323,120.197662,22.974966,交通事故,交叉路口,臺南市南區西門路段號大成路,1,晴,50,交岔路,交叉路口,行車管制號誌,車與車,違反號誌管制或指揮
11003AC691B3031,20210324,120.18389,22.969531,交通事故,其他,臺南市南區段號中華西路一段50巷口南側,2,晴,60,單路部分,路段,無號誌,汽(機)車本身,未注意車前狀態
11003AC691B3038,20210327,120.203379,22.966909,交通事故,其他,臺南市南區段號中華南路一段華南地下道(東向西)機車道,1,晴,50,單路部分,路段,無號誌,汽(機)車本身,其他引起事故之違規或不當行為
11003AC691B3044,20210316,120.178558,22.938482,交通事故,交叉路口,臺南市南區喜樹路段號喜樂路,2,晴,50,交岔路,交叉路口,行車管制號誌,車與車,違反號誌管制或指揮
11003AC691B3046,20210318,120.197509,22.986118,交通事故,一般地址,臺南市南區西門路1段655號0,2,晴,50,單路部分,路段,無號誌,車與車,未保持行車安全間隔
11003AC691B3048,20210327,120.193798,22.987748,交通事故,其他,臺南市南區段號永華路與郡西路口,1,晴,50,交岔路,交叉路口,行車管制號誌,車與車,未注意車前狀態
11003AC691B3051,20210317,120.183725,22.958022,交通事故,一般地址,臺南市南區濱南路段號,1,晴,60,單路部分,路段,無號誌,汽(機)車本身,尚未發現肇事因素
11003AC691B3095,20210324,120.205298,22.967317,交通事故,其他,臺南市南區段號中華南路(永安高幹第24號電桿),1,晴,60,單路部分,路段,無號誌,車與車,變換車道或方向不當
11003AC691B3098,20210318,120.208432,22.970412,交通事故,一般地址,臺南市南區國民路段號0,1,晴,50,單路部分,路段,閃光號誌,車與車,未保持行車安全間隔
11003AC691B3099,20210317,120.181816,22.941419,交通事故,交叉路口,臺南市南區明興路段號省道臺86線快速公路,1,晴,40,交岔路,交叉路口,行車管制號誌,車與車,違反號誌管制或指揮
11003AC691B3120,20210317,120.19263,22.961769,交通事故,交叉路口,臺南市南區中華南路二段段號德興路,1,晴,60,交岔路,交叉路口,行車管制號誌,車與車,未依規定讓車
11003AC691B3122,20210317,120.203884,22.975174,交通事故,交叉路口,臺南市南區國民路段號大成路,2,晴,50,交岔路,交叉路口,行車管制號誌,車與車,左轉彎未依規定
11003AC691B3133,20210329,120.197566,22.986364,交通事故,交叉路口,臺南市南區西門路1段號樹林街2,2,晴,50,交岔路,交叉路口,行車管制號誌,人與汽(機)車,未依規定讓車
11003AC691B3144,20210313,120.179526,22.942328,交通事故,一般地址,臺南市南區喜樹路段133號,1,晴,50,單路部分,路段,無號誌,汽(機)車本身,酒醉(後)駕駛失控
11003AC691B3145,20210314,120.192489,22.974768,交通事故,交叉路口,臺南市南區金華路1段號大成路2,1,晴,50,交岔路,交叉路口,行車管制號誌,人與汽(機)車,未依標誌、標線、號誌或手勢指揮穿越道路
11003AC691B3156,20210301,120.193733,22.938115,交通事故,一般地址,臺南市南區萬年路段536號0,2,晴,50,單路部分,其他,閃光號誌,車與車,未注意車前狀態
11003AC691B3158,20210318,120.194993,22.962279,交通事故,一般地址,臺南市南區中華南路二段段22號0,1,晴,60,單路部分,路段,無號誌,車與車,起步未注意其他車(人)安全
11003AC691B3185,20210312,120.20526,22.97416,交通事故,一般地址,臺南市南區國民路段656號0,1,晴,50,交岔路,交叉路口,行車管制號誌,車與車,未注意車前狀態
11003AC691B3188,20210313,120.191146,22.937242,交通事故,一般地址,臺南市南區萬年路段342號0,1,晴,50,單路部分,路段,無號誌,車與車,變換車道或方向不當
11003AC691B3198,20210322,120.209438,22.979492,交通事故,一般地址,臺南市南區健康路1段11364號0,2,晴,30,單路部分,路段,無號誌,車與車,未保持行車安全間隔
11003AC691B3202,20210318,120.185264,22.970045,交通事故,交叉路口,臺南市南區新建路段25號新建路,2,晴,50,交岔路,交叉路口,無號誌,車與車,未依規定讓車
11003AC691B3228,20210321,120.191697,22.925283,交通事故,一般地址,臺南市南區同興路段92號0,1,晴,50,單路部分,路段,無號誌,汽(機)車本身,未注意車前狀態
11003AC691B3246,20210320,120.210215,22.971554,交通事故,一般地址,臺南市南區中華南路一段段18656號0,1,晴,50,單路部分,路段,無號誌,車與車,迴轉未依規定
11003AC691B3250,20210318,120.213927,22.978045,交通事故,其他,臺南市南區段號大同路與立德十路口,1,晴,50,交岔路,交叉路口,行車管制號誌,汽(機)車本身,其他引起事故之違規或不當行為
11003AC691B3251,20210322,120.189874,22.976176,交通事故,交叉路口,臺南市南區金華路2段15號慶南街,1,晴,30,交岔路,交叉路口,無號誌,車與車,未依規定讓車
11003AC691B3252,20210319,120.215684,22.975643,交通事故,交叉路口,臺南市南區同興路段131號同興路,1,晴,50,單路部分,路段,無號誌,車與車,未注意車前狀態
11003AC691B3253,20210320,120.200626,22.979736,交通事故,交叉路口,臺南市南區水交社路段號新興東路,1,晴,50,交岔路,交叉路口,行車管制號誌,車與車,未依規定讓車
11003AC691B3254,20210323,120.207158,22.973986,交通事故,交叉路口,臺南市南區大林路段號體育路,2,晴,50,交岔路,交叉路口,行車管制號誌,車與車,未依規定讓車
11003AC691B3264,20210324,120.211941,22.975491,交通事故,一般地址,臺南市南區大林路段87號0,1,晴,50,單路部分,路段,無號誌,汽(機)車本身,未注意車前狀態
11003AC691B3272,20210314,120.185493,22.975002,交通事故,其他,臺南市南區段號新建路109號停車格,1,晴,50,單路部分,路段,無號誌,車與車,起步未注意其他車(人)安全
11003AC691B3275,20210331,120.205121,22.973815,交通事故,交叉路口,臺南市南區國民路段號國民路532,1,晴,50,交岔路,交叉路口,行車管制號誌,車與車,未保持行車安全距離
11003AC691B3276,20210331,120.183464,22.924843,交通事故,交叉路口,臺南市南區灣裡路段351號灣裡路35115,2,晴,30,交岔路,交叉路口,無號誌,車與車,未靠右行駛
11003AC691B3279,20210329,120.197508,22.986334,交通事故,交叉路口,臺南市南區西門路1段號樹林街2,2,晴,50,交岔路,交叉路口,行車管制號誌,車與車,違反特定標誌(線)禁制
11003AC691B3280,20210315,120.189091,22.974931,交通事故,一般地址,臺南市南區新興路段463號0,1,晴,30,單路部分,路段,無號誌,人與汽(機)車,未注意車前狀態
11003AC691B3281,20210315,120.201731,22.98135,交通事故,交叉路口,臺南市南區健康路1段號忠義路,2,晴,50,交岔路,交叉路口,行車管制號誌,車與車,未注意車前狀態
11003AC691B3296,20210315,120.213923,22.976401,交通事故,交叉路口,臺南市南區大同路2段號大林路,1,晴,50,交岔路,交叉路口,行車管制號誌,車與車,違反號誌管制或指揮
11003AC691B3297,20210320,120.191484,22.980739,交通事故,交叉路口,臺南市南區金華路2段號金華路2288,2,晴,50,交岔路,交叉路口,行車管制號誌,車與車,左轉彎未依規定
11003AC691B3316,20210323,120.207158,22.973986,交通事故,交叉路口,臺南市南區大林路段號體育路,1,晴,50,交岔路,交叉路口,行車管制號誌,車與車,未保持行車安全間隔
11003AC691B3329,20210320,120.187038,22.974703,交通事故,一般地址,臺南市南區新興路段531號0,3,晴,50,單路部分,路段,無號誌,車與車,未注意車前狀態
11003AC691B3332,20210330,120.188721,22.987771,交通事故,一般地址,臺南市南區南樂街段25號0,2,晴,50,單路部分,路段,無號誌,車與車,未注意車前狀態
11003AC691B3336,20210330,120.194748,22.987339,交通事故,一般地址,臺南市南區夏林路段號0,1,晴,50,單路部分,其他,無號誌,汽(機)車本身,其他引起事故之違規或不當行為
11003AC691B3337,20210331,120.176569,22.935114,交通事故,一般地址,臺南市南區濱南路段號0,1,晴,60,交岔路,交叉路口,無號誌,車與車,未保持行車安全間隔
11003AC691B3338,20210325,120.194904,22.984831,交通事故,交叉路口,臺南市南區夏林路段號建南路,2,晴,50,交岔路,交叉路口,行車管制號誌,車與車,未依規定讓車
11003AC691B3339,20210330,120.196438,22.981331,交通事故,交叉路口,臺南市南區健康路段號忠義路,1,晴,50,交岔路,交叉路口,行車管制號誌,車與車,迴轉未依規定
11003AC691B3340,20210330,120.195088,22.95649,交通事故,交叉路口,臺南市南區永成路2段730號永成路,1,晴,50,交岔路,交叉路口,行車管制號誌,車與車,違反號誌管制或指揮
11003AC691B3341,20210331,120.190014,22.982411,交通事故,一般地址,臺南市南區文南路段22號0,1,晴,50,單路部分,路段,無號誌,車與車,未保持行車安全距離
11003AC691B3342,20210324,120.195087,22.987128,交通事故,一般地址,臺南市南區夏林路段44200號,2,晴,50,單路部分,路段,無號誌,人與汽(機)車,未注意車前狀態
11003AC691B3343,20210320,120.175242,22.920452,交通事故,交叉路口,臺南市南區濱南路段號興南街,1,晴,70,交岔路,交叉路口,行車管制號誌,車與車,未注意車前狀態
11003AC691B3357,20210317,120.183769,22.962435,交通事故,其他,臺南市南區段號濱南路34號路燈,2,晴,60,單路部分,路段,無號誌,車與車,違規超車
11003AC691B3358,20210317,120.190166,22.987882,交通事故,交叉路口,臺南市南區文南路段號德南街,1,晴,50,交岔路,交叉路口,無號誌,車與車,違規超車
11003AC691B3363,20210318,120.187945,22.981869,交通事故,一般地址,臺南市南區健康路2段342號,1,晴,50,單路部分,路段,無號誌,汽(機)車本身,未注意車前狀態
11003AC691B3378,20210318,120.207016,22.971625,交通事故,一般地址,臺南市南區國民路段48548號0,1,晴,30,單路部分,路段,無號誌,車與車,未靠右行駛
11003AC691B3379,20210318,120.19775,22.974915,交通事故,交叉路口,臺南市南區西門路1段號大成路1,1,晴,50,交岔路,交叉路口,行車管制號誌,人與汽(機)車,未依規定行走行人穿越道、地下道、天橋而穿越道路
11003AC691B3381,20210319,120.190292,22.968778,交通事故,一般地址,臺南市南區金華路1段309號0,1,晴,50,單路部分,路段,無號誌,車與車,橫越道路不慎
11003AC691B3384,20210320,120.190795,22.972123,交通事故,一般地址,臺南市南區金華路1段442之2號0,1,晴,50,單路部分,路段,無號誌,車與車,起步未注意其他車(人)安全
11003AC691B3385,20210320,120.189866,22.976165,交通事故,交叉路口,臺南市南區金華路1段15號慶南街,2,晴,30,交岔路,交叉路口,無號誌,車與車,未依規定讓車
11003AC691B3386,20210325,120.190483,22.980782,交通事故,交叉路口,臺南市南區金華路2段147號慶南街,1,晴,30,交岔路,交叉路口,無號誌,車與車,未依規定讓車
11003AC691B3387,20210326,120.185048,22.979465,交通事故,交叉路口,臺南市南區中華西路1段號新忠路,1,晴,60,交岔路,交叉路口,行車管制號誌,車與車,未保持行車安全間隔
11003AC691B3394,20210322,120.189824,22.928319,交通事故,一般地址,臺南市南區萬年七街段152號,1,晴,30,單路部分,路段,無號誌,車與車,未注意車前狀態
11003AC691B3403,20210320,120.192069,22.97585,交通事故,一般地址,臺南市南區新興路段303號0,2,晴,50,交岔路,交叉路口,無號誌,車與車,未依規定讓車
11003AC691B3406,20210324,120.182172,22.926653,交通事故,交叉路口,臺南市南區灣裡路段號灣裡路88,2,陰,30,交岔路,交叉路口,閃光號誌,車與車,未依規定讓車
11003AC691B3409,20210324,120.183738,22.974058,交通事故,一般地址,臺南市南區中華西路1段24473號0,1,晴,60,交岔路,交叉路口,無號誌,車與車,右轉彎未依規定
11003AC691B3442,20210324,120.175485,22.920584,交通事故,其他,臺南市南區段號濱南路親水公園前,1,晴,70,單路部分,路段,無號誌,車與車,變換車道或方向不當
11003AC691B3470,20210325,120.195316,22.98065,交通事故,一般地址,臺南市南區夏林路段149號0,2,晴,50,交岔路,交叉路口,無號誌,車與車,其他引起事故之違規或不當行為
11003AC691B3471,20210325,120.208974,22.969998,交通事故,一般地址,臺南市南區國民路段268號0,1,晴,50,單路部分,其他,行車管制號誌,車與車,左轉彎未依規定
11003AC691B3472,20210325,120.191421,22.969828,交通事故,一般地址,臺南市南區金華路1段352167號,1,晴,30,單路部分,路段,無號誌,汽(機)車本身,未注意車前狀態
11003AC691B3473,20210327,120.194949,22.983213,交通事故,交叉路口,臺南市南區夏林路段號福吉路,2,晴,50,交岔路,交叉路口,行車管制號誌,車與車,違反號誌管制或指揮
11003AC691B3477,20210326,120.189711,22.981671,交通事故,交叉路口,臺南市南區健康路2段號文南路,1,晴,50,交岔路,交叉路口,行車管制號誌,車與車,左轉彎未依規定
11003AC691B3478,20210326,120.188847,22.974041,交通事故,一般地址,臺南市南區新興路段4611020號0,1,晴,30,交岔路,交叉路口,無號誌,車與車,未注意車前狀態
11003AC691B3479,20210327,120.195122,22.978147,交通事故,交叉路口,臺南市南區夏林路段號新興路,2,晴,50,交岔路,交叉路口,行車管制號誌,車與車,橫越道路不慎
11003AC691B3480,20210328,120.183723,22.967375,交通事故,交叉路口,臺南市南區中華西路段號新和東路,1,晴,60,交岔路,交叉路口,行車管制號誌,車與車,左轉彎未依規定
11003AC691B3482,20210329,120.190007,22.971039,交通事故,一般地址,臺南市南區鹽埕路段285號0,2,晴,50,交岔路,交叉路口,無號誌,車與車,未依規定讓車
11003AC691B3491,20210322,120.212144,22.975823,交通事故,一般地址,臺南市南區大林路段91號0,1,晴,50,交岔路,交叉路口,無號誌,汽(機)車本身,未注意車前狀態
11003AC791A0002,20210302,120.150974,23.149554,交通事故,其他,臺南市七股區段號大埕里大埕65號附近,0,晴,60,交岔路,交叉路口,無號誌,汽(機)車本身,未注意車前狀態
11003AC791A0006,20210311,120.196822,23.137139,交通事故,無,臺南市西港區段號,0,晴,50,交岔路,交叉路口,行車管制號誌,車與車,未依規定讓車
11003AC791B0033,20210301,120.177256,23.158144,交通事故,一般地址,臺南市佳里區忠仁里中山路段158號0,2,晴,50,單路部分,路段,無號誌,車與車,未保持行車安全距離
11003AC791B0065,20210302,120.169141,23.150837,交通事故,其他,臺南市佳里區段號佳南路電桿佳坪高幹28左1附近四岔路口,2,晴,50,交岔路,交叉路口,無號誌,車與車,未依規定讓車
11003AC791B0069,20210302,120.167609,23.158196,交通事故,交叉路口,臺南市佳里區文新里新生路段號佳南路,1,晴,50,交岔路,交叉路口,行車管制號誌,車與車,未依規定讓車
11003AC791B0129,20210303,120.189296,23.146493,交通事故,無,臺南市佳里區段號,1,晴,30,單路部分,路段,無號誌,車與車,未依規定讓車
11003AC791B0162,20210303,120.17755,23.162567,交通事故,一般地址,臺南市佳里區東寧里和平街段110號,1,晴,50,單路部分,路段,無號誌,車與車,起步未注意其他車(人)安全
11003AC791B0168,20210303,120.139926,23.141351,交通事故,無,臺南市七股區段號,2,晴,50,交岔路,交叉路口,無號誌,車與車,未注意車前狀態
11003AC791B0170,20210303,120.205769,23.174836,交通事故,交叉路口,臺南市佳里區子龍里市道176線段號區道南47線,1,陰,60,交岔路,交叉路口,行車管制號誌(附設行人專用號誌),車與車,違反號誌管制或指揮
11003AC791B0180,20210303,120.186642,23.149519,交通事故,無,臺南市佳里區段號,1,晴,50,單路部分,路段,無號誌,車與車,違規停車或暫停不當而肇事