案件編號,發生日期,GPS經度,GPS緯度,案件類別名稱,地址類型名稱,發生縣市名稱,受傷人數,天候名稱, 速限-第1當事者,道路型態大類別名稱,事故位置大類別名稱,號誌-號誌種類名稱,事故類型及型態大類別名稱,肇因研判子類別名稱-主要
11003AC791B0201,20210304,120.229649,23.145312,交通事故,一般地址,臺南市西港區後營里後營段321-8號0,1,晴,50,單路部分,路段,無號誌,車與車,倒車未依規定
11003AC791B0230,20210304,120.178417,23.166144,交通事故,一般地址,臺南市佳里區六安里延平路段502號0,1,晴,50,交岔路,路段,無號誌,車與車,迴轉未依規定
11003AC791B0233,20210302,120.182789,23.16262,交通事故,一般地址,臺南市佳里區進學路段37號,1,晴,30,交岔路,交叉路口,無號誌,車與車,未注意車前狀態
11003AC791B0267,20210305,120.132895,23.130133,交通事故,交叉路口,臺南市七股區七股里省道臺17線段號區道南36線,1,晴,70,交岔路,交叉路口,行車管制號誌,車與車,未依規定讓車
11003AC791B0286,20210305,120.205726,23.174844,交通事故,交叉路口,臺南市佳里區子龍里市道176線段號區道南47線,2,晴,60,交岔路,交叉路口,行車管制號誌,車與車,未保持行車安全距離
11003AC791B0310,20210305,120.207151,23.124682,交通事故,交叉路口,臺南市西港區西港里文化路段號文化路92,1,晴,60,交岔路,交叉路口,行車管制號誌,車與車,左轉彎未依規定
11003AC791B0333,20210306,120.219369,23.13945,交通事故,無,臺南市西港區段號,1,晴,60,交岔路,交叉路口,閃光號誌,汽(機)車本身,酒醉(後)駕駛失控
11003AC791B0336,20210305,120.184195,23.181988,交通事故,無,臺南市佳里區段號,1,晴,50,交岔路,交叉路口,行車管制號誌,車與車,左轉彎未依規定
11003AC791B0337,20210302,120.160956,23.114445,交通事故,其他,臺南市七股區段號樹林里樹林48-1號前,1,晴,50,單路部分,路段,無號誌,汽(機)車本身,未注意車前狀態
11003AC791B0338,20210306,120.201401,23.120429,交通事故,交叉路口,臺南市西港區慶安里新興街段號慶安路59,2,晴,50,交岔路,交叉路口,無號誌,車與車,未依規定讓車
11003AC791B0340,20210306,120.177026,23.16515,交通事故,交叉路口,臺南市佳里區南勢里佳西路段號新生路,1,晴,50,交岔路,交叉路口,行車管制號誌,車與車,右轉彎未依規定
11003AC791B0358,20210306,120.171821,23.113873,交通事故,其他,臺南市七股區段號竹橋里竹港,1,晴,30,交岔路,交叉路口,無號誌,車與車,未依規定讓車
11003AC791B0360,20210306,120.174803,23.163123,交通事故,交叉路口,臺南市佳里區安西里光復路段號文化路,2,晴,50,交岔路,交叉路口,行車管制號誌,車與車,起步未注意其他車(人)安全
11003AC791B0367,20210306,120.174098,23.151779,交通事故,其他,臺南市佳里區段號安南路與成功路口,1,晴,50,交岔路,交叉路口,行車管制號誌,車與車,未保持行車安全間隔
11003AC791B0448,20210307,120.182358,23.163945,交通事故,交叉路口,臺南市佳里區東寧里佳東路段號進學路,2,晴,50,交岔路,交叉路口,行車管制號誌,車與車,右轉彎未依規定
11003AC791B0474,20210307,120.174555,23.168654,交通事故,交叉路口,臺南市佳里區六安里安北路段號佳北路301六安里安北路(佳里61右14右5)電桿附近一般車道,1,晴,50,單路部分,路段,無號誌,車與車,起步未注意其他車(人)安全
11003AC791B0484,20210308,120.205119,23.126035,交通事故,其他,臺南市西港區段號西港里路燈編號0143號燈桿旁三岔路口,2,晴,30,交岔路,交叉路口,無號誌,車與車,未依規定讓車
11003AC791B0560,20210309,120.134591,23.14332,交通事故,無,臺南市七股區段號,1,晴,70,交岔路,交叉路口,行車管制號誌,車與車,未保持行車安全距離
11003AC791B0562,20210309,120.13553,23.18751,交通事故,交叉路口,臺南市七股區區道南26線段號區道南28線,1,晴,50,交岔路,交叉路口,閃光號誌,車與車,未依規定讓車
11003AC791B0575,20210309,120.200247,23.168592,交通事故,無,臺南市佳里區段號,1,晴,50,交岔路,交叉路口,無號誌,車與車,右轉彎未依規定
11003AC791B0578,20210309,120.150535,23.161455,交通事故,無,臺南市七股區段號,1,晴,50,交岔路,交叉路口,行車管制號誌,車與車,未注意車前狀態
11003AC791B0584,20210309,120.186714,23.124671,交通事故,其他,臺南市佳里區段號竹林里53之8號前未命名道路,2,晴,30,單路部分,路段,無號誌,車與車,未注意車前狀態
11003AC791B0598,20210309,120.171582,23.167138,交通事故,交叉路口,臺南市佳里區安西里安西路段311號安西路335,1,晴,30,交岔路,交叉路口,無號誌,車與車,未依規定讓車
11003AC791B0608,20210308,120.179125,23.154652,交通事故,一般地址,臺南市佳里區鎮山里延平路段31號,2,晴,40,單路部分,路段,無號誌,人與汽(機)車,未依標誌、標線、號誌或手勢指揮穿越道路
11003AC791B0630,20210310,120.175836,23.159147,交通事故,交叉路口,臺南市佳里區建南里中和街段號中和街29,1,晴,30,交岔路,交叉路口,無號誌,車與車,未依規定讓車
11003AC791B0665,20210310,120.171419,23.165913,交通事故,交叉路口,臺南市佳里區安西里安西路段號安西路350,1,晴,40,交岔路,交叉路口,無號誌,車與車,迴轉未依規定
11003AC791B0683,20210303,120.20284,23.123373,交通事故,一般地址,臺南市西港區中山路段351號,2,晴,50,交岔路,交叉路口,無號誌,車與車,未依規定讓車
11003AC791B0712,20210311,120.193717,23.156862,交通事故,無,臺南市西港區段號,1,晴,30,交岔路,交叉路口,無號誌,車與車,未依規定讓車
11003AC791B0726,20210311,120.2102,23.172214,交通事故,其他,臺南市佳里區段號子龍里子良廟176之8號前,1,晴,30,單路部分,路段,無號誌,車與車,起步未注意其他車(人)安全
11003AC791B0752,20210303,120.171031,23.163679,交通事故,一般地址,臺南市佳里區安西路段183號,1,晴,50,單路部分,路段,無號誌,車與車,變換車道或方向不當
11003AC791B0758,20210309,120.211371,23.169643,交通事故,無,臺南市佳里區段號,1,晴,50,單路部分,路段,無號誌,汽(機)車本身,其他裝載不當肇事
11003AC791B0808,20210312,120.156364,23.152496,交通事故,無,臺南市七股區段號,2,晴,60,單路部分,路段,無號誌,車與車,迴轉未依規定
11003AC791B0842,20210312,120.173285,23.159874,交通事故,一般地址,臺南市佳里區建南里新生路段390號1.9,2,晴,50,單路部分,路段,無號誌,車與車,橫越道路不慎
11003AC791B0923,20210313,120.13464,23.136467,交通事故,交叉路口,臺南市七股區七股里省道臺17線段號市道176線,1,晴,50,交岔路,交叉路口,行車管制號誌,車與車,右轉彎未依規定
11003AC791B0942,20210313,120.199341,23.133834,交通事故,無,臺南市西港區段號,1,晴,50,交岔路,交叉路口,行車管制號誌,車與車,未注意車前狀態
11003AC791B0970,20210314,120.133097,23.18479,交通事故,無,臺南市七股區段號,2,晴,70,單路部分,路段,無號誌,車與車,未保持行車安全距離
11003AC791B1013,20210313,120.167804,23.171599,交通事故,無,臺南市佳里區段號,1,晴,50,交岔路,交叉路口,無號誌,車與車,未保持行車安全間隔
11003AC791B1047,20210315,120.202175,23.121093,交通事故,交叉路口,臺南市西港區慶安里慶安路段號進學街49,2,晴,30,交岔路,交叉路口,無號誌,車與車,未依規定讓車
11003AC791B1064,20210315,120.174677,23.153232,交通事故,交叉路口,臺南市佳里區南勢里成功路段號祥和五街,1,晴,50,交岔路,交叉路口,行車管制號誌,車與車,未依規定讓車
11003AC791B1119,20210315,120.131499,23.11494,交通事故,無,臺南市七股區段號,1,晴,70,單路部分,路段,無號誌,汽(機)車本身,未注意車前狀態
11003AC791B1230,20210316,120.20316,23.117429,交通事故,交叉路口,臺南市西港區慶安里中山路段121號中山路2296,2,晴,40,交岔路,交叉路口,無號誌,車與車,未依規定讓車
11003AC791B1253,20210310,120.139944,23.141396,交通事故,無,臺南市七股區段號,2,晴,60,交岔路,交叉路口,無號誌,汽(機)車本身,未注意車前狀態
11003AC791B1309,20210317,120.159329,23.111689,交通事故,無,臺南市七股區段號,1,晴,40,交岔路,交叉路口,無號誌,汽(機)車本身,未注意車前狀態
11003AC791B1311,20210317,120.200604,23.12088,交通事故,一般地址,臺南市西港區慶安里慶安路段94號0,1,晴,30,交岔路,交叉路口,無號誌,車與車,左轉彎未依規定
11003AC791B1318,20210317,120.184095,23.181746,交通事故,無,臺南市佳里區段號,1,晴,50,單路部分,路段,無號誌,車與車,未保持行車安全距離
11003AC791B1332,20210311,120.212031,23.115911,交通事故,無,臺南市西港區段號,1,晴,30,交岔路,交叉路口,無號誌,車與車,未依規定讓車
11003AC791B1404,20210315,120.134585,23.136745,交通事故,其他,臺南市七股區段號玉成里育成18-2號,1,晴,30,交岔路,路段,無號誌,車與車,橫越道路不慎
11003AC791B1413,20210318,120.175511,23.155614,交通事故,交叉路口,臺南市佳里區建南里建南街段號自由街,2,晴,50,交岔路,交叉路口,閃光號誌,車與車,未依規定讓車
11003AC791B1418,20210318,120.139278,23.160361,交通事故,其他,臺南市七股區段號篤加里篤加138號,2,晴,50,單路部分,路段,無號誌,車與車,起步未注意其他車(人)安全
11003AC791B1439,20210318,120.181098,23.164025,交通事故,一般地址,臺南市佳里區六安里進學路段68號0,1,晴,30,單路部分,路段,無號誌,車與車,起步未注意其他車(人)安全
11003AC791B1476,20210319,120.159193,23.162459,交通事故,交叉路口,臺南市佳里區文新里佳西路段號文化西路,1,晴,50,交岔路,交叉路口,行車管制號誌,車與車,起步未注意其他車(人)安全
11003AC791B1491,20210319,120.178481,23.166829,交通事故,其他,臺南市佳里區段號延平路與青年街口,1,晴,50,交岔路,交叉路口,行車管制號誌,車與車,左轉彎未依規定
11003AC791B1509,20210305,120.216925,23.141072,交通事故,一般地址,臺南市西港區後營里後營段254號,1,晴,50,交岔路,交叉路口,無號誌,車與車,橫越道路不慎
11003AC791B1529,20210319,120.17266,23.162157,交通事故,交叉路口,臺南市佳里區文新里公園路段號和平街,4,晴,50,交岔路,交叉路口,無號誌,車與車,未依規定讓車
11003AC791B1567,20210320,120.175656,23.171208,交通事故,交叉路口,臺南市佳里區佳北路段號六順路,1,晴,50,交岔路,交叉路口,行車管制號誌,車與車,未依規定讓車
11003AC791B1579,20210314,120.168436,23.17089,交通事故,交叉路口,臺南市佳里區忠孝路段號區道南19線,1,晴,50,交岔路,交叉路口,行車管制號誌,車與車,未注意車前狀態
11003AC791B1588,20210320,120.149997,23.165805,交通事故,無,臺南市佳里區段號,1,晴,50,交岔路,交叉路口,無號誌,車與車,未保持行車安全距離
11003AC791B1595,20210320,120.133017,23.187739,交通事故,交叉路口,臺南市七股區省道臺17線段號區道南26線,1,晴,70,交岔路,交叉路口,行車管制號誌,車與車,違反號誌管制或指揮
11003AC791B1602,20210320,120.184374,23.151833,交通事故,交叉路口,臺南市佳里區鎮山里佳東路段號仁愛路,1,晴,50,單路部分,路段,行車管制號誌,車與車,未注意車前狀態
11003AC791B1603,20210319,120.177079,23.164027,交通事故,交叉路口,臺南市佳里區東寧里中山路段號進學路,1,晴,50,交岔路,交叉路口,行車管制號誌,車與車,違反號誌管制或指揮
11003AC791B1638,20210315,120.203697,23.112105,交通事故,無,臺南市西港區段號,1,晴,50,交岔路,交叉路口,行車管制號誌,車與車,未注意車前狀態
11003AC791B1654,20210321,120.182587,23.155116,交通事故,一般地址,臺南市佳里區鎮山里崇德街段2號,1,晴,50,單路部分,路段,無號誌,車與車,未注意車前狀態
11003AC791B1663,20210321,120.203649,23.111905,交通事故,無,臺南市西港區段號,2,晴,50,交岔路,交叉路口,無號誌,車與車,變換車道或方向不當
11003AC791B1670,20210321,120.131271,23.093147,交通事故,其他,臺南市七股區段號永吉里173公路18公里附近三岔路口,1,晴,50,交岔路,交叉路口,行車管制號誌,車與車,左轉彎未依規定
11003AC791B1671,20210321,120.172117,23.163086,交通事故,其他,臺南市佳里區段號文化路佳里國小側門,1,晴,50,單路部分,路段,無號誌,車與車,迴轉未依規定
11003AC791B1672,20210321,120.166006,23.129454,交通事故,無,臺南市佳里區段號,1,晴,50,交岔路,交叉路口,行車管制號誌,車與車,未保持行車安全距離
11003AC791B1686,20210321,120.131375,23.11695,交通事故,無,臺南市七股區段號,2,晴,70,單路部分,路段,無號誌,車與車,未注意車前狀態
11003AC791B1694,20210321,120.171063,23.160467,交通事故,交叉路口,臺南市佳里區文新里安西路段號同心街,2,晴,50,單路部分,路段,無號誌,車與車,未保持行車安全間隔
11003AC791B1763,20210322,120.105561,23.091787,交通事故,無,臺南市七股區段號,1,晴,40,單路部分,路段,無號誌,汽(機)車本身,未注意車前狀態
11003AC791B1767,20210304,120.131392,23.095745,交通事故,無,臺南市七股區段號,1,晴,70,交岔路,交叉路口,行車管制號誌,車與車,未依規定讓車
11003AC791B1773,20210321,120.137144,23.10099,交通事故,其他,臺南市七股區段號義合75之20號,1,晴,30,交岔路,交叉路口,無號誌,車與車,未依規定讓車
11003AC791B1775,20210305,120.171072,23.169152,交通事故,一般地址,臺南市佳里區安西里忠孝路段182號0,1,晴,50,單路部分,路段,無號誌,車與車,變換車道或方向不當
11003AC791B1779,20210306,120.179445,23.154455,交通事故,交叉路口,臺南市佳里區鎮山里延平路段號崇德街,1,晴,50,交岔路,交叉路口,無號誌,汽(機)車本身,未注意車前狀態
11003AC791B1806,20210322,120.179725,23.173609,交通事故,無,臺南市佳里區段號,3,晴,50,單路部分,路段,無號誌,汽(機)車本身,未注意車前狀態
11003AC791B1860,20210323,120.175272,23.161406,交通事故,一般地址,臺南市佳里區東寧里義民街段242號0,1,晴,40,單路部分,路段,無號誌,汽(機)車本身,未注意車前狀態
11003AC791B1914,20210323,120.169996,23.158513,交通事故,交叉路口,臺南市佳里區文新里新生路段號育善街,1,晴,50,單路部分,路段,無號誌,車與車,未注意車前狀態
11003AC791B1940,20210323,120.20203,23.117953,交通事故,一般地址,臺南市西港區慶安里新興街段8之112號0,1,晴,40,單路部分,路段,無號誌,人與汽(機)車,未注意車前狀態
11003AC791B1979,20210324,120.132781,23.158611,交通事故,其他,臺南市七股區段號篤加里篤加5號附近未命名一般車道,1,晴,30,單路部分,路段,無號誌,汽(機)車本身,未注意車前狀態
11003AC791B1984,20210308,120.182355,23.16395,交通事故,其他,臺南市佳里區段號佳東路與進學路口,1,晴,50,交岔路,交叉路口,行車管制號誌,車與車,違反號誌管制或指揮
11003AC791B1989,20210319,120.152082,23.126746,交通事故,其他,臺南市佳里區段號塭內里蚶寮113之8號東側路口,1,晴,30,交岔路,交叉路口,無號誌,車與車,未依規定讓車
11003AC791B2001,20210307,120.203378,23.120939,交通事故,其他,臺南市西港區段號中山路288號前,2,晴,50,單路部分,路段,無號誌,車與車,起步未注意其他車(人)安全
11003AC791B2009,20210324,120.202952,23.113913,交通事故,其他,臺南市西港區段號新興街3號,1,陰,40,交岔路,交叉路口,閃光號誌,車與車,未依規定讓車
11003AC791B2068,20210325,120.189152,23.146561,交通事故,無,臺南市佳里區段號,1,晴,30,交岔路,交叉路口,無號誌,車與車,未注意車前狀態
11003AC791B2101,20210325,120.114017,23.137788,交通事故,其他,臺南市七股區段號龍山里176線與南31線路口,1,晴,50,交岔路,交叉路口,無號誌,車與車,未注意車前狀態
11003AC791B2106,20210315,120.181287,23.1581,交通事故,其他,臺南市佳里區段號信義一街與博愛街口,2,晴,50,交岔路,交叉路口,無號誌,車與車,左轉彎未依規定
11003AC791B2152,20210301,120.135973,23.157188,交通事故,無,臺南市七股區段號,1,晴,30,單路部分,路段,無號誌,汽(機)車本身,未注意車前狀態
11003AC791B2225,20210326,120.178757,23.150421,交通事故,交叉路口,臺南市佳里區祥和二街段號四維一街91,2,晴,30,交岔路,交叉路口,無號誌,車與車,未依規定減速
11003AC791B2228,20210326,120.168438,23.158332,交通事故,其他,臺南市佳里區段號文新里新生路安西120-3號前西向路肩,1,晴,50,單路部分,路段,無號誌,車與車,未注意車前狀態
11003AC791B2233,20210324,120.207468,23.122749,交通事故,其他,臺南市西港區段號文化路94號/樹王公附近外環道十字路口,1,晴,50,交岔路,交叉路口,行車管制號誌,車與車,未注意車前狀態
11003AC791B2270,20210326,120.144496,23.145361,交通事故,一般地址,臺南市七股區大埕里市道176線段152號,2,晴,50,交岔路,交叉路口,無號誌,車與車,右轉彎未依規定
11003AC791B2292,20210327,120.223701,23.123746,交通事故,其他,臺南市西港區段號南40公路5公里處三岔路口,3,晴,50,交岔路,交叉路口,無號誌,車與車,未注意車前狀態
11003AC791B2293,20210327,120.17753,23.162976,交通事故,一般地址,臺南市佳里區東寧里文化路段191號,1,晴,50,單路部分,路段,無號誌,汽(機)車本身,疲勞(患病)駕駛失控
11003AC791B2304,20210327,120.178294,23.166242,交通事故,交叉路口,臺南市佳里區六安里延平路段號中山路,1,晴,50,交岔路,交叉路口,無號誌,車與車,未保持行車安全間隔
11003AC791B2308,20210327,120.177525,23.171791,交通事故,一般地址,臺南市佳里區延平路段577號,1,晴,50,交岔路,交叉路口,行車管制號誌,車與車,右轉彎未依規定
11003AC791B2375,20210316,120.195854,23.112983,交通事故,其他,臺南市西港區段號南海里中港18-27號旁路口,1,晴,30,交岔路,交叉路口,無號誌,車與車,未依規定讓車
11003AC791B2382,20210311,120.179305,23.170714,交通事故,交叉路口,臺南市佳里區六安里延平路段號佳北路,1,晴,50,交岔路,交叉路口,行車管制號誌,車與車,左轉彎未依規定
11003AC791B2405,20210328,120.134515,23.143038,交通事故,無,臺南市七股區段號,1,晴,30,交岔路,交叉路口,無號誌,車與車,未依規定讓車
11003AC791B2425,20210328,120.180357,23.174782,交通事故,無,臺南市佳里區段號,1,晴,50,交岔路,交叉路口,行車管制號誌,車與車,未注意車前狀態
11003AC791B2462,20210328,120.131394,23.093163,交通事故,其他,臺南市七股區段號永吉里市道173公路18公里附近三岔路口,2,晴,50,交岔路,交叉路口,行車管制號誌,車與車,未注意車前狀態
11003AC791B2478,20210329,120.183907,23.18138,交通事故,無,臺南市佳里區段號,2,晴,50,交岔路,交叉路口,行車管制號誌(附設行人專用號誌),車與車,違反號誌管制或指揮
11003AC791B2484,20210329,120.202368,23.126523,交通事故,交叉路口,臺南市西港區慶安里省道臺19線段號區道南34線,1,晴,50,交岔路,交叉路口,行車管制號誌,車與車,未依規定讓車
11003AC791B2545,20210329,120.183889,23.181395,交通事故,無,臺南市佳里區段號,1,晴,50,交岔路,交叉路口,行車管制號誌(附設行人專用號誌),人與汽(機)車,未依標誌、標線、號誌或手勢指揮穿越道路
11003AC791B2596,20210330,120.159917,23.129955,交通事故,無,臺南市佳里區段號,1,晴,30,交岔路,交叉路口,無號誌,車與車,未保持行車安全間隔
11003AC791B2612,20210325,120.171084,23.162944,交通事故,其他,臺南市佳里區段號安西路與文化路口,2,晴,50,交岔路,交叉路口,行車管制號誌,車與車,違反號誌管制或指揮
11003AC791B2685,20210330,120.182624,23.178539,交通事故,無,臺南市佳里區段號,1,晴,50,交岔路,交叉路口,行車管制號誌,車與車,違反號誌管制或指揮
11003AC791B2996,20210328,120.183561,23.157612,交通事故,交叉路口,臺南市佳里區佳東路段號平等街,1,晴,50,交岔路,交叉路口,行車管制號誌,車與車,未依規定讓車
11003AC791B3066,20210319,120.116258,23.105343,交通事故,其他,臺南市七股區段號三股里三股142-3號,1,晴,30,交岔路,交叉路口,無號誌,汽(機)車本身,未注意車前狀態
11003AC791B3080,20210325,120.164638,23.176089,交通事故,無,臺南市佳里區段號,1,晴,50,單路部分,路段,無號誌,汽(機)車本身,不明原因肇事
11003AC791B3090,20210311,120.20283,23.125428,交通事故,無,臺南市西港區段號,1,晴,70,交岔路,交叉路口,行車管制號誌,車與車,未依規定讓車
11003AC791B3104,20210331,120.157303,23.115861,交通事故,其他,臺南市七股區段號樹林里樹林5-1號附近十字路口,3,晴,30,交岔路,交叉路口,無號誌,車與車,未依規定讓車
11003AC791B3108,20210331,120.178764,23.168433,交通事故,其他,臺南市佳里區段號六安里延平路農田水利會前,2,晴,40,單路部分,路段,無號誌,車與車,未注意車前狀態
11003AC791B3125,20210321,120.176478,23.127543,交通事故,無,臺南市西港區段號,1,晴,50,單路部分,路段,無號誌,汽(機)車本身,不明原因肇事
11003AC791B3131,20210304,120.206443,23.126239,交通事故,一般地址,臺南市西港區西港里文化路段696號0,2,晴,30,交岔路,交叉路口,無號誌,車與車,未依規定讓車
11003AC791B3132,20210315,120.176999,23.127469,交通事故,無,臺南市西港區段號,4,晴,50,交岔路,交叉路口,無號誌,車與車,未依規定讓車
11003AC791B3200,20210311,120.160733,23.181667,交通事故,一般地址,臺南市佳里區海澄里番仔寮段102-10號0,1,晴,30,單路部分,路段,無號誌,車與車,未保持行車安全間隔
11003AC791B3229,20210328,120.173509,23.148222,交通事故,一般地址,臺南市佳里區建南里佳南路段799號,1,晴,50,單路部分,路段,無號誌,汽(機)車本身,未注意車前狀態
11003AC791B3256,20210317,120.105266,23.089642,交通事故,交叉路口,臺南市七股區十份里市道173線段號區道南39線,1,晴,50,交岔路,交叉路口,行車管制號誌,車與車,未依規定讓車
11003AC791B3257,20210318,120.164944,23.175084,交通事故,無,臺南市佳里區段號,1,晴,50,交岔路,交叉路口,閃光號誌,車與車,未依規定讓車
11003AC791B3259,20210328,120.173008,23.148638,交通事故,交叉路口,臺南市佳里區南勢里成功路段號佳南路,1,晴,50,交岔路,交叉路口,行車管制號誌,車與車,未依規定讓車
11003AC791B3271,20210328,120.173465,23.149579,交通事故,一般地址,臺南市佳里區南勢里成功路段227號,1,晴,50,單路部分,路段,無號誌,車與車,未注意車前狀態
11003AC791B3277,20210327,120.132999,23.130952,交通事故,其他,臺南市七股區段號七股里七股2號-8前/台17線外側車道,1,晴,50,單路部分,路段,無號誌,汽(機)車本身,不明原因肇事
11003AC791B3305,20210310,120.174826,23.164151,交通事故,交叉路口,臺南市佳里區安西里光復路段號進學路,1,晴,50,交岔路,交叉路口,行車管制號誌,車與車,未依規定讓車
11003AC791B3306,20210306,120.162227,23.181764,交通事故,交叉路口,臺南市佳里區海澄里區道南19線段號區道南28線,2,晴,50,交岔路,交叉路口,行車管制號誌,車與車,未依規定讓車
11003AC791B3311,20210317,120.203123,23.122166,交通事故,一般地址,臺南市西港區慶安里中山路段309號0,1,晴,50,單路部分,路段,無號誌,車與車,起步未注意其他車(人)安全
11003AC791B3321,20210329,120.167664,23.164976,交通事故,交叉路口,臺南市佳里區安西里佳西路段號佳西路299,1,晴,50,交岔路,交叉路口,無號誌,車與車,未依規定讓車
11003AC791B3324,20210328,120.206209,23.166343,交通事故,其他,臺南市佳里區段號子龍里龍營高幹40左3電桿旁路口,2,晴,30,交岔路,交叉路口,無號誌,車與車,未依規定讓車
11003AC791B3350,20210304,120.175998,23.164108,交通事故,交叉路口,臺南市佳里區六安里進學路段號民生街,1,晴,50,交岔路,交叉路口,無號誌,車與車,倒車未依規定
11003AC791B3352,20210305,120.225488,23.142709,交通事故,其他,臺南市西港區段號檨林里太西1之34號前,2,晴,50,交岔路,交叉路口,閃光號誌,車與車,逆向行駛
11003AC791B3354,20210311,120.174966,23.158224,交通事故,交叉路口,臺南市佳里區建南里光復路段號建中街,2,晴,50,交岔路,交叉路口,行車管制號誌,車與車,左轉彎未依規定
11003AC791B3356,20210310,120.176474,23.1584,交通事故,交叉路口,臺南市佳里區建南里建南街段號建中街,1,晴,30,交岔路,交叉路口,行車管制號誌,車與車,未注意車前狀態
11003AC791B3359,20210330,120.117284,23.127018,交通事故,無,臺南市七股區段號,1,晴,50,單路部分,路段,無號誌,汽(機)車本身,未注意車前狀態
11003AC791B3380,20210313,120.160787,23.162408,交通事故,一般地址,臺南市佳里區文新里文化西路段148號0,1,晴,50,單路部分,路段,無號誌,汽(機)車本身,未注意車前狀態
11003AC791B3382,20210313,120.183745,23.156474,交通事故,一般地址,臺南市佳里區鎮山里佳東路段298號0,1,晴,50,單路部分,路段,無號誌,車與車,起步未注意其他車(人)安全
11003AC791B3383,20210317,120.179961,23.127421,交通事故,交叉路口,臺南市西港區劉厝里區道南34線段號區道南41線,1,晴,50,交岔路,交叉路口,行車管制號誌,車與車,未依規定讓車
11003AC791B3446,20210322,120.19768,23.18392,交通事故,其他,臺南市佳里區段號子龍里後庄34號之32,1,晴,50,單路部分,路段,無號誌,汽(機)車本身,其他引起事故之違規或不當行為
11003AC791B3447,20210323,120.203904,23.110559,交通事故,其他,臺南市西港區段號西港里台19公路129.5公里處,1,晴,50,交岔路,交叉路口,無號誌,車與車,右轉彎未依規定
11003AC791B3462,20210328,120.226492,23.135571,交通事故,其他,臺南市西港區段號檨林里三合寮5號前,1,晴,50,交岔路,交叉路口,無號誌,汽(機)車本身,超速失控
11003AC791B3463,20210328,120.20666,23.11231,交通事故,一般地址,臺南市西港區西港里區道南40線段號3,1,晴,50,單路部分,路段,無號誌,車與車,車輪脫落或輪胎爆裂
11003AC791B3464,20210329,120.184014,23.15437,交通事故,無,臺南市佳里區段號,1,晴,50,單路部分,路段,無號誌,汽(機)車本身,未注意車前狀態
11003AC791B3465,20210329,120.210613,23.172245,交通事故,無,臺南市佳里區段號,2,晴,50,交岔路,交叉路口,無號誌,車與車,未依規定讓車
11003AC791B3466,20210331,120.191885,23.181651,交通事故,其他,臺南市佳里區段號民安里新宅50之6號前路口,1,晴,30,交岔路,交叉路口,無號誌,車與車,未依規定讓車
11003AC7W1B3056,20210303,120.189092,23.120024,交通事故,其他,臺南市西港區段號竹林里大竹林081683電杆旁路段,1,晴,50,單路部分,路段,無號誌,車與車,未保持行車安全距離
11003AC7W1B3121,20210329,120.202887,23.122359,交通事故,其他,臺南市西港區段號慶安里進學街5號前西向一般車道,1,晴,50,單路部分,路段,無號誌,車與車,未注意車前狀態
11003AC7X1B0494,20210308,120.180763,23.146432,交通事故,交叉路口,臺南市佳里區勝利路段號南勢街,1,晴,50,交岔路,交叉路口,行車管制號誌,車與車,未依規定讓車
11003AC7X1B2959,20210311,120.188554,23.190715,交通事故,其他,臺南市佳里區段號佳里興臺19線120.2公里處路口,2,晴,50,單路部分,路段,無號誌,車與車,未注意車前狀態
11003AC893B0009,20210301,120.170165,23.210128,交通事故,其他,臺南市將軍區段號苓仔寮里源頭8之2號前路口,1,晴,50,交岔路,交叉路口,無號誌,車與車,未依規定讓車
11003AC893B0011,20210301,120.180957,23.228693,交通事故,交叉路口,臺南市學甲區仁得里自強路段號公?路,1,晴,50,交岔路,交叉路口,閃光號誌,車與車,未依規定讓車
11003AC893B0078,20210301,120.16234,23.243206,交通事故,其他,臺南市學甲區段號光華里174線7公里路口,1,晴,50,交岔路,交叉路口,無號誌,車與車,未保持行車安全距離
11003AC893B0094,20210302,120.182439,23.229955,交通事故,一般地址,臺南市學甲區仁得里建國路段29號0,1,晴,50,單路部分,路段,無號誌,車與車,逆向行駛
11003AC893B0110,20210302,120.182625,23.234126,交通事故,交叉路口,臺南市學甲區新達里中山路段號華宗路,1,晴,50,交岔路,交叉路口,行車管制號誌,車與車,違反號誌管制或指揮
11003AC893B0112,20210302,120.158235,23.196908,交通事故,其他,臺南市將軍區段號長榮里南19線與南24線口,1,晴,50,交岔路,交叉路口,行車管制號誌,車與車,未注意車前狀態
11003AC893B0184,20210303,120.104511,23.236473,交通事故,其他,臺南市北門區段號三光里174線與173甲線口,1,晴,50,交岔路,交叉路口,行車管制號誌,車與車,違反號誌管制或指揮
11003AC893B0188,20210303,120.094275,23.191427,交通事故,其他,臺南市將軍區段號鯤鯓里鯤鯓高幹108-1號前,1,晴,50,單路部分,路段,閃光號誌,汽(機)車本身,未依規定減速
11003AC893B0246,20210304,120.176097,23.241159,交通事故,其他,臺南市學甲區段號秀昌里一秀163號前,1,晴,50,交岔路,交叉路口,閃光號誌,車與車,未依規定讓車
11003AC893B0271,20210305,120.189571,23.244102,交通事故,一般地址,臺南市學甲區秀昌里中正路段645號,1,晴,70,單路部分,路段,無號誌,車與車,變換車道或方向不當