案件編號,發生日期,GPS經度,GPS緯度,案件類別名稱,地址類型名稱,發生縣市名稱,受傷人數,天候名稱, 速限-第1當事者,道路型態大類別名稱,事故位置大類別名稱,號誌-號誌種類名稱,事故類型及型態大類別名稱,肇因研判子類別名稱-主要
11003AC893B0325,20210305,120.17178,23.223718,交通事故,無,臺南市將軍區段號,2,晴,50,單路部分,路段,無號誌,車與車,未保持行車安全距離
11003AC893B0451,20210307,120.198683,23.249271,交通事故,無,臺南市學甲區段號,1,晴,50,單路部分,路段,無號誌,車與車,違規停車或暫停不當而肇事
11003AC893B0539,20210308,120.195485,23.22466,交通事故,其他,臺南市學甲區段號豐和里美和4之36號,1,晴,50,單路部分,路段,無號誌,汽(機)車本身,未注意車前狀態
11003AC893B0554,20210309,120.130169,23.278579,交通事故,其他,臺南市北門區段號保吉里台17線與台84線北側匝道口,1,晴,50,交岔路,交叉路口,無號誌,車與車,未依規定讓車
11003AC893B0582,20210309,120.180759,23.226561,交通事故,交叉路口,臺南市學甲區仁得里寶發路段號公?路,1,晴,50,交岔路,交叉路口,無號誌,車與車,迴轉未依規定
11003AC893B0594,20210309,120.183357,23.225859,交通事故,交叉路口,臺南市學甲區新榮里華宗路段號新榮街,0,晴,60,交岔路,交叉路口,無號誌,汽(機)車本身,疲勞(患病)駕駛失控
11003AC893B0616,20210309,120.180161,23.233459,交通事故,一般地址,臺南市學甲區慈福里中正路段250號,1,晴,50,交岔路,交叉路口,無號誌,車與車,未依規定讓車
11003AC893B0746,20210310,120.180647,23.231423,交通事故,其他,臺南市學甲區段號仁得里成功路15-1號,2,晴,50,單路部分,路段,無號誌,車與車,未保持行車安全間隔
11003AC893B0747,20210310,120.18067,23.234561,交通事故,交叉路口,臺南市學甲區慈福里中山路段號中正路,1,晴,50,交岔路,交叉路口,行車管制號誌,車與車,未依規定讓車
11003AC893B0749,20210311,120.135476,23.284373,交通事故,其他,臺南市北門區段號保吉里蚵寮172號前,1,晴,40,單路部分,路段,無號誌,車與車,未保持行車安全間隔
11003AC893B0750,20210311,120.156445,23.199798,交通事故,其他,臺南市將軍區段號西甲里西華1-62號前,2,晴,50,單路部分,路段,無號誌,車與車,逆向行駛
11003AC893B0840,20210312,120.18268,23.229931,交通事故,交叉路口,臺南市學甲區仁得里華宗路段號建國路,1,晴,50,交岔路,交叉路口,行車管制號誌,車與車,未依規定讓車
11003AC893B0853,20210312,120.180625,23.231357,交通事故,其他,臺南市學甲區段號仁得里民權路56-1號前(加水站前),1,晴,50,單路部分,路段,無號誌,車與車,倒車未依規定
11003AC893B0916,20210313,120.184505,23.219706,交通事故,交叉路口,臺南市學甲區新榮里中華路段號華宗路,1,晴,70,交岔路,交叉路口,無號誌,車與車,未依規定讓車
11003AC893B0951,20210313,120.145057,23.285689,交通事故,其他,臺南市北門區段號蚵寮里二港高幹178號電桿前,1,晴,50,交岔路,交叉路口,無號誌,汽(機)車本身,其他引起事故之違規或不當行為
11003AC893B0986,20210314,120.181053,23.233626,交通事故,交叉路口,臺南市學甲區慈福里成功路段號綿和路,1,晴,50,交岔路,交叉路口,無號誌,汽(機)車本身,未注意車前狀態
11003AC893B1121,20210315,120.182798,23.229914,交通事故,交叉路口,臺南市學甲區慈福里華宗路段號建國東路,1,晴,50,交岔路,交叉路口,行車管制號誌,車與車,左轉彎未依規定
11003AC893B1321,20210317,120.199038,23.249197,交通事故,交叉路口,臺南市學甲區宅港里省道臺19線段號臺84下東西平面道路,1,晴,50,交岔路,交叉路口,行車管制號誌,車與車,未依規定讓車
11003AC893B1562,20210320,120.09625,23.217311,交通事故,其他,臺南市將軍區段號長沙里長沙1-17號前,1,晴,50,交岔路,交叉路口,無號誌,車與車,未依規定讓車
11003AC893B1762,20210322,120.134439,23.236853,交通事故,一般地址,臺南市北門區文山里省道臺17線段二重港125號,1,陰,70,單路部分,路段,無號誌,汽(機)車本身,未依規定減速
11003AC893B1764,20210320,120.195135,23.224887,交通事故,其他,臺南市學甲區段號美豐里麻學高幹38A1號前,1,晴,50,單路部分,路段,無號誌,汽(機)車本身,未注意車前狀態
11003AC893B1765,20210321,120.09693,23.200197,交通事故,無,臺南市將軍區段號,1,強風,90,單路部分,路段,無號誌,汽(機)車本身,未注意車前狀態
11003AC893B1892,20210323,120.184313,23.234178,交通事故,交叉路口,臺南市學甲區新達里中山路段號民生路,1,陰,50,交岔路,交叉路口,無號誌,車與車,未依規定讓車
11003AC893B1942,20210324,120.183263,23.226743,交通事故,交叉路口,臺南市學甲區仁得里寶發路段號華宗路,1,雨,50,交岔路,交叉路口,行車管制號誌,車與車,未依規定讓車
11003AC893B1973,20210324,120.158216,23.193449,交通事故,其他,臺南市將軍區段號長榮里長榮185-5號前,1,雨,50,交岔路,交叉路口,行車管制號誌,車與車,違反號誌管制或指揮
11003AC893B2092,20210325,120.146327,23.293783,交通事故,其他,臺南市北門區段號蚵寮里臺17線與南2線路口東北側,2,晴,50,交岔路,交叉路口,行車管制號誌,車與車,未保持行車安全距離
11003AC893B2128,20210325,120.180765,23.235223,交通事故,交叉路口,臺南市學甲區明宜里中正路段號重信路,1,晴,50,交岔路,交叉路口,無號誌,車與車,起步未注意其他車(人)安全
11003AC893B2191,20210326,120.180528,23.231307,交通事故,其他,臺南市學甲區段號仁得里民權路59號,1,晴,50,交岔路,交叉路口,無號誌,車與車,未依規定讓車
11003AC893B2253,20210327,120.124489,23.240351,交通事故,其他,臺南市北門區段號文山里佳學高幹336號前,3,晴,50,單路部分,路段,無號誌,車與車,未保持行車安全距離
11003AC893B2297,20210327,120.132111,23.301226,交通事故,其他,臺南市北門區段號雙春里雙春5-13號前,1,晴,50,交岔路,交叉路口,無號誌,車與車,未注意車前狀態
11003AC893B2385,20210328,120.181224,23.234432,交通事故,交叉路口,臺南市學甲區慈福里成功路段號中山路,2,晴,50,交岔路,交叉路口,無號誌,車與車,蛇行、方向不定
11003AC893B2453,20210326,120.140905,23.286421,交通事故,其他,臺南市北門區段號保吉里蚵寮958號前,1,晴,50,交岔路,交叉路口,行車管制號誌,車與車,違反號誌管制或指揮
11003AC893B2469,20210328,120.136062,23.232283,交通事故,無,臺南市北門區段號,1,晴,70,單路部分,路段,無號誌,汽(機)車本身,未注意車前狀態
11003AC893B2725,20210331,120.180036,23.232999,交通事故,交叉路口,臺南市學甲區慈福里中正路段號濟生路,1,晴,50,交岔路,交叉路口,行車管制號誌,車與車,違反號誌管制或指揮
11003AC893B2778,20210331,120.189693,23.244011,交通事故,其他,臺南市學甲區段號新達里臺19線頂山寮61號前,1,晴,70,交岔路,交叉路口,無號誌,人與汽(機)車,未依規定讓車
11003AC991A0014,20210326,120.225706,23.085733,交通事故,一般地址,臺南市安定區港南里國道8號側車道段港口1-26號0,0,晴,50,交岔路,交叉路口,無號誌,汽(機)車本身,未注意車前狀態
11003AC991B0004,20210301,120.333993,23.087859,交通事故,一般地址,臺南市新市區潭頂里潭頂段110號,1,晴,30,單路部分,路段,無號誌,汽(機)車本身,未注意車前狀態
11003AC991B0047,20210302,120.300366,23.073544,交通事故,一般地址,臺南市新市區港墘里中山路段131號,1,晴,50,單路部分,路段,無號誌,汽(機)車本身,未注意車前狀態
11003AC991B0052,20210302,120.283075,23.082911,交通事故,交叉路口,臺南市新市區社內里區道南134線段號環東路1,1,晴,40,交岔路,交叉路口,行車管制號誌,車與車,未注意車前狀態
11003AC991B0059,20210302,120.286711,23.078335,交通事故,交叉路口,臺南市新市區社內里富安二街段號富林路,1,晴,50,交岔路,交叉路口,閃光號誌,車與車,未依規定讓車
11003AC991B0072,20210302,120.302209,23.077973,交通事故,交叉路口,臺南市新市區港墘里中山路段號國際路,2,晴,70,交岔路,交叉路口,行車管制號誌,車與車,違反號誌管制或指揮
11003AC991B0075,20210302,120.294847,23.129673,交通事故,一般地址,臺南市善化區坐駕里大智路段1號,2,晴,50,交岔路,交叉路口,行車管制號誌,車與車,開啟車門不當而肇事
11003AC991B0080,20210302,120.211003,23.100714,交通事故,一般地址,臺南市安定區海寮里海寮段155之6號,1,晴,30,交岔路,交叉路口,無號誌,車與車,未依規定讓車
11003AC991B0123,20210302,120.352679,23.124309,交通事故,一般地址,臺南市大內區石城里區道南181線段石子瀨400號0,2,晴,50,交岔路,交叉路口,無號誌,車與車,未依規定讓車
11003AC991B0130,20210303,120.27818,23.13217,交通事故,交叉路口,臺南市善化區文正里興農路段號興農路69,1,陰,50,交岔路,交叉路口,閃光號誌,車與車,未依規定讓車
11003AC991B0142,20210303,120.280156,23.121858,交通事故,其他,臺南市善化區段號南關里三民路善安幹13左支29左引3電桿旁,1,晴,50,單路部分,路段,無號誌,車與車,未依規定讓車
11003AC991B0143,20210302,120.267675,23.130032,交通事故,交叉路口,臺南市善化區胡厝里興農路段號烏橋中路,1,晴,60,交岔路,交叉路口,行車管制號誌,車與車,未依規定讓車
11003AC991B0159,20210303,120.233375,23.09073,交通事故,一般地址,臺南市安定區港南里港口段151號5,1,晴,50,交岔路,路段,無號誌,汽(機)車本身,酒醉(後)駕駛失控
11003AC991B0173,20210303,120.291707,23.153439,交通事故,一般地址,臺南市善化區溪美里區道南122線段溪尾310號0,2,晴,50,交岔路,交叉路口,閃光號誌,車與車,未依規定讓車
11003AC991B0197,20210304,120.305133,23.109307,交通事故,交叉路口,臺南市善化區蓮潭里龍目井路段號陽光南一路,1,晴,40,交岔路,交叉路口,無號誌,車與車,未依規定讓車
11003AC991B0226,20210304,120.318406,23.096705,交通事故,一般地址,臺南市新市區大營里區道南140線段山上高幹123號0,1,晴,50,單路部分,路段,無號誌,汽(機)車本身,未注意車前狀態
11003AC991B0240,20210304,120.235871,23.096133,交通事故,一般地址,臺南市安定區港口里港口段414之4號0,2,晴,50,交岔路,交叉路口,閃光號誌,車與車,酒醉(後)駕駛失控
11003AC991B0243,20210304,120.312004,23.099896,交通事故,一般地址,臺南市新市區大營里區道南140線段大營157號0,1,晴,30,交岔路,交叉路口,無號誌,車與車,未依規定讓車
11003AC991B0256,20210305,120.288461,23.137614,交通事故,交叉路口,臺南市善化區文正里進學路段號光復路,1,晴,50,交岔路,交叉路口,行車管制號誌,車與車,右轉彎未依規定
11003AC991B0258,20210305,120.21049,23.086333,交通事故,一般地址,臺南市安定區新吉里省道臺19線段新吉132號0,2,晴,50,交岔路,交叉路口,行車管制號誌,車與車,起步未注意其他車(人)安全
11003AC991B0265,20210305,120.284037,23.082366,交通事故,一般地址,臺南市新市區社內里區道南134線段號0,2,晴,40,單路部分,路段,無號誌,車與車,未保持行車安全距離
11003AC991B0269,20210305,120.278189,23.074503,交通事故,一般地址,臺南市新市區社內里社內段178-1號0,1,晴,30,單路部分,路段,無號誌,車與車,未注意車前狀態
11003AC991B0278,20210305,120.286572,23.126807,交通事故,一般地址,臺南市善化區南關里三民路段44208號,1,晴,50,交岔路,交叉路口,無號誌,車與車,未依規定讓車
11003AC991B0312,20210305,120.305041,23.108125,交通事故,交叉路口,臺南市善化區蓮潭里西拉雅大道段號陽光南一路,1,晴,30,交岔路,交叉路口,無號誌,車與車,違反特定標誌(線)禁制
11003AC991B0339,20210306,120.281055,23.083827,交通事故,交叉路口,臺南市新市區社內里區道南134線段號社內,2,晴,50,交岔路,交叉路口,行車管制號誌,車與車,違反號誌管制或指揮
11003AC991B0346,20210305,120.309181,23.129677,交通事故,一般地址,臺南市善化區小新里成功路段405號0,2,晴,50,單路部分,路段,無號誌,車與車,未保持行車安全距離
11003AC991B0383,20210305,120.322971,23.125912,交通事故,一般地址,臺南市善化區小新里成功路段號0小新里成功路善山高幹11左1電桿旁,1,晴,50,交岔路,路段,無號誌,車與車,未依規定讓車
11003AC991B0454,20210306,120.30623,23.134219,交通事故,一般地址,臺南市善化區光文里光文路段30號0,2,晴,50,單路部分,路段,無號誌,汽(機)車本身,變換車道或方向不當
11003AC991B0475,20210307,120.4054,23.1112,交通事故,一般地址,臺南市大內區曲溪里二重溪段34之2號0,2,晴,30,單路部分,路段,無號誌,車與車,未保持行車安全間隔
11003AC991B0477,20210308,120.292891,23.068952,交通事故,一般地址,臺南市新市區新和里中山路段222號0,1,晴,40,單路部分,路段,無號誌,汽(機)車本身,未注意車前狀態
11003AC991B0491,20210308,120.237079,23.123537,交通事故,一般地址,臺南市安定區安定里曾文溪堤側車道段號0安定里堤防道路,2,晴,50,交岔路,交叉路口,無號誌,車與車,違規超車
11003AC991B0512,20210308,120.319061,23.085351,交通事故,一般地址,臺南市新市區大社里區道南177線段大社30號0,2,晴,50,交岔路,交叉路口,無號誌,車與車,變換車道或方向不當
11003AC991B0515,20210304,120.293627,23.132134,交通事故,一般地址,臺南市善化區東關里中山路段342號0,2,晴,50,單路部分,路段,無號誌,車與車,違反特定標誌(線)禁制
11003AC991B0531,20210308,120.291855,23.077605,交通事故,一般地址,臺南市新市區新市里中正路段227號0,2,晴,50,單路部分,路段,無號誌,車與車,迴轉未依規定
11003AC991B0549,20210303,120.326756,23.099873,交通事故,一般地址,臺南市新市區大社里區道南140線段大社485號0大社里大社485號前,1,晴,50,交岔路,交叉路口,無號誌,車與車,未依規定讓車
11003AC991B0555,20210309,120.242376,23.117104,交通事故,一般地址,臺南市安定區安加里市道178線段號0安定里安定交流道與178線路口,1,晴,50,交岔路,其他,無號誌,車與車,未依規定讓車
11003AC991B0559,20210308,120.29604,23.127014,交通事故,交叉路口,臺南市善化區坐駕里興華路段號青年路,4,晴,50,交岔路,交叉路口,行車管制號誌,車與車,左轉彎未依規定
11003AC991B0580,20210309,120.298158,23.130526,交通事故,交叉路口,臺南市善化區光文里和平路段號民生路,1,晴,50,交岔路,交叉路口,閃光號誌,車與車,未依規定讓車
11003AC991B0581,20210305,120.259928,23.102882,交通事故,一般地址,臺南市新市區豐華里樹谷大道段號0豐華里樹谷大道機慢優先道路燈編號60-1-69附近,1,晴,40,單路部分,路段,無號誌,汽(機)車本身,未注意車前狀態
11003AC991B0590,20210309,120.290511,23.074142,交通事故,交叉路口,臺南市新市區新和里綠園一街段號銘傳街,1,晴,50,交岔路,交叉路口,無號誌,車與車,未依規定讓車
11003AC991B0607,20210308,120.306978,23.113576,交通事故,交叉路口,臺南市善化區蓮潭里陽光大道段號蓮潭路,1,晴,50,交岔路,交叉路口,行車管制號誌,人與汽(機)車,未注意車前狀態
11003AC991B0618,20210307,120.296075,23.075752,交通事故,一般地址,臺南市新市區新市里光華街段87號0,1,晴,50,交岔路,交叉路口,無號誌,汽(機)車本身,疲勞(患病)駕駛失控
11003AC991B0629,20210310,120.239286,23.114332,交通事故,一般地址,臺南市安定區安加里安定段258之125號,1,晴,30,單路部分,路段,無號誌,車與車,橫越道路不慎
11003AC991B0631,20210310,120.271887,23.072287,交通事故,一般地址,臺南市新市區大洲里大洲段85之6號0,3,晴,50,單路部分,路段,無號誌,車與車,迴轉未依規定
11003AC991B0636,20210310,120.28266,23.132737,交通事故,一般地址,臺南市善化區西關里興農路段25號0,1,晴,50,單路部分,路段,無號誌,車與車,起步未注意其他車(人)安全
11003AC991B0655,20210310,120.387516,23.116962,交通事故,一般地址,臺南市大內區內郭里市道178線段號0內郭里182線近南瀛天文館,1,晴,50,單路部分,路段,無號誌,汽(機)車本身,其他引起事故之違規或不當行為
11003AC991B0664,20210310,120.290368,23.132411,交通事故,一般地址,臺南市善化區東關里中山路段452號0,2,晴,50,單路部分,路段,無號誌,車與車,未保持行車安全距離
11003AC991B0668,20210306,120.300689,23.13091,交通事故,交叉路口,臺南市善化區光文里樹人路段號民生路,1,晴,50,交岔路,交叉路口,閃光號誌,汽(機)車本身,未依規定減速
11003AC991B0763,20210310,120.293591,23.134459,交通事故,交叉路口,臺南市善化區東關里中正路段號建國路,1,晴,50,交岔路,其他,行車管制號誌,人與汽(機)車,搶越行人穿越道
11003AC991B0779,20210312,120.294059,23.126787,交通事故,交叉路口,臺南市善化區文昌里中正路段號大同路,1,晴,50,交岔路,交叉路口,行車管制號誌,車與車,未依規定讓車
11003AC991B0822,20210311,120.229468,23.094628,交通事故,交叉路口,臺南市安定區港口里市道178線段333-12號區道南134線,1,晴,50,交岔路,交叉路口,行車管制號誌,車與車,未依規定讓車
11003AC991B0823,20210312,120.268193,23.165762,交通事故,交叉路口,臺南市善化區溪美里省道臺19甲線段號溪尾,1,晴,50,交岔路,交叉路口,行車管制號誌,車與車,未依規定讓車
11003AC991B0847,20210312,120.288592,23.134285,交通事故,一般地址,臺南市善化區文正里文正路段7944257號,1,晴,30,單路部分,路段,無號誌,汽(機)車本身,未注意車前狀態
11003AC991B0867,20210305,120.286505,23.080935,交通事故,一般地址,臺南市新市區新和里民生路段230號0,2,晴,50,單路部分,路段,行車管制號誌,車與車,未保持行車安全距離
11003AC991B0884,20210313,120.256548,23.110658,交通事故,一般地址,臺南市安定區安定里直加弄大道段號0台積電18場停車場旁直加弄大道路口,1,晴,40,交岔路,交叉路口,行車管制號誌,車與車,不明原因肇事
11003AC991B0908,20210313,120.319557,23.08359,交通事故,一般地址,臺南市新市區大社里區道南177線段大社992-1號0,1,晴,30,交岔路,交叉路口,無號誌,車與車,未依規定讓車
11003AC991B0940,20210313,120.28416,23.075253,交通事故,一般地址,臺南市新市區社內里社內段73號0,1,晴,30,交岔路,交叉路口,無號誌,車與車,未依規定讓車
11003AC991B0957,20210311,120.235052,23.121869,交通事故,一般地址,臺南市安定區安加里曾文溪堤側車道段號0保西里保西橋附近,3,晴,50,交岔路,交叉路口,無號誌,車與車,未依規定讓車
11003AC991B0965,20210314,120.218362,23.079556,交通事故,一般地址,臺南市安定區嘉同里市道178線段六塊寮30之8號0,1,晴,30,交岔路,交叉路口,無號誌,車與車,未依規定讓車
11003AC991B0976,20210314,120.293862,23.132113,交通事故,交叉路口,臺南市善化區光文里中山路段號中正路,1,晴,50,交岔路,交叉路口,行車管制號誌,車與車,未依規定讓車
11003AC991B0993,20210314,120.29191,23.077985,交通事故,交叉路口,臺南市新市區新市里中正路段號中興街新市里中正路五叉路口,1,晴,50,交岔路,交叉路口,行車管制號誌,車與車,未注意車前狀態
11003AC991B1014,20210314,120.244106,23.118004,交通事故,一般地址,臺南市安定區安加里市道178線段號0,1,晴,50,交岔路,交叉路口,行車管制號誌,車與車,違反號誌管制或指揮
11003AC991B1022,20210314,120.290696,23.067623,交通事故,交叉路口,臺南市新市區新和里中山路段號中華路,1,晴,50,交岔路,交叉路口,行車管制號誌,車與車,未保持行車安全距離
11003AC991B1042,20210315,120.273557,23.131508,交通事故,交叉路口,臺南市善化區西關里興農路段號南科北路,2,晴,50,交岔路,交叉路口,行車管制號誌,車與車,違反號誌管制或指揮
11003AC991B1051,20210311,120.226105,23.085622,交通事故,交叉路口,臺南市安定區港南里市道178線段號國道8號側車道港南里178線與國八側車道路口,1,晴,50,交岔路,交叉路口,行車管制號誌,車與車,未依規定讓車
11003AC991B1080,20210315,120.324419,23.141617,交通事故,一般地址,臺南市善化區嘉北里省道臺1線段號0嘉北里台一線312K,2,晴,50,交岔路,交叉路口,無號誌,汽(機)車本身,未注意車前狀態
11003AC991B1099,20210315,120.290892,23.129055,交通事故,一般地址,臺南市善化區文昌里文昌路段31號10,2,晴,50,單路部分,路段,無號誌,車與車,未依規定讓車
11003AC991B1101,20210312,120.296596,23.05998,交通事故,交叉路口,臺南市新市區永就里永新路段號中華路,1,晴,50,交岔路,交叉路口,行車管制號誌,車與車,左轉彎未依規定
11003AC991B1104,20210315,120.293566,23.134526,交通事故,交叉路口,臺南市善化區東關里中正路段號建國路,1,晴,50,交岔路,交叉路口,行車管制號誌(附設行人專用號誌),汽(機)車本身,未注意車前狀態
11003AC991B1105,20210309,120.205884,23.08891,交通事故,一般地址,臺南市安定區新吉里國道8號側車道段號0新吉里海寮高幹113左6右7-1電桿旁,1,晴,50,交岔路,交叉路口,無號誌,車與車,右轉彎未依規定
11003AC991B1111,20210315,120.210239,23.089838,交通事故,交叉路口,臺南市安定區新吉里省道臺19線段號國道8號側車道海寮里台19線132K處(台19線與國八匝道口),2,晴,40,交岔路,交叉路口,行車管制號誌,車與車,未注意車前狀態
11003AC991B1117,20210315,120.301259,23.132769,交通事故,一般地址,臺南市善化區光文里中山路段143之8號,1,晴,50,單路部分,路段,無號誌,車與車,迴轉未依規定
11003AC991B1131,20210314,120.306353,23.089206,交通事故,交叉路口,臺南市新市區大營里省道臺1線段號區道南139線,2,晴,40,單路部分,路段,無號誌,車與車,未注意車前狀態
11003AC991B1136,20210310,120.292592,23.082692,交通事故,交叉路口,臺南市新市區新和里富安六街段號富中街,1,晴,50,交岔路,交叉路口,閃光號誌,車與車,未依規定讓車
11003AC991B1164,20210316,120.306332,23.084087,交通事故,一般地址,臺南市新市區港墘里中山路段136號0,2,晴,40,交岔路,交叉路口,無號誌,車與車,未依規定讓車
11003AC991B1195,20210310,120.28456,23.151493,交通事故,一般地址,臺南市善化區溪美里區道南122線段溪尾69號0,2,晴,50,交岔路,交叉路口,無號誌,車與車,未依規定讓車
11003AC991B1208,20210303,120.280286,23.067573,交通事故,一般地址,臺南市新市區社內里新港社大道段社內143-88號0,1,陰,50,交岔路,交叉路口,行車管制號誌,車與車,未依規定讓車
11003AC991B1214,20210307,120.298294,23.074906,交通事故,交叉路口,臺南市新市區港墘里華美街段號南港街,1,晴,50,交岔路,交叉路口,閃光號誌,車與車,未依規定讓車
11003AC991B1242,20210310,120.308083,23.095132,交通事故,一般地址,臺南市新市區大營里區道南139線段號0,2,晴,50,交岔路,交叉路口,無號誌,車與車,未注意車前狀態
11003AC991B1270,20210314,120.256565,23.11062,交通事故,一般地址,臺南市安定區安定里直加弄大道段號0安定里直加弄大道(台積電18廠)前,2,晴,40,交岔路,交叉路口,行車管制號誌,汽(機)車本身,未注意車前狀態
11003AC991B1276,20210312,120.288388,23.139766,交通事故,一般地址,臺南市善化區溪美里溪尾段1006號,1,晴,30,交岔路,交叉路口,無號誌,車與車,未依規定讓車
11003AC991B1286,20210315,120.289203,23.074118,交通事故,交叉路口,臺南市新市區新和里銘傳街段103101號銘傳街,2,晴,30,交岔路,交叉路口,無號誌,車與車,未依規定讓車
11003AC991B1293,20210309,120.254842,23.131774,交通事故,一般地址,臺南市安定區蘇林里曾文溪堤側車道段號0蘇林里蘇林高分22右1電桿處,1,晴,50,單路部分,路段,無號誌,汽(機)車本身,其他引起事故之違規或不當行為
11003AC991B1295,20210302,120.293997,23.058353,交通事故,交叉路口,臺南市新市區永就里永新路段號永華三街,1,晴,50,交岔路,交叉路口,行車管制號誌,車與車,未依規定讓車
11003AC991B1296,20210316,120.295809,23.076748,交通事故,交叉路口,臺南市新市區新和里光華街段號光華街188,2,晴,40,交岔路,交叉路口,無號誌,人與汽(機)車,未注意車前狀態
11003AC991B1298,20210315,120.290158,23.072312,交通事故,一般地址,臺南市新市區新和里信義街段號0,2,晴,50,單路部分,路段,無號誌,車與車,未依規定讓車
11003AC991B1304,20210317,120.297007,23.081567,交通事故,一般地址,臺南市新市區新市里復興路段6254號0,1,晴,30,交岔路,交叉路口,無號誌,汽(機)車本身,不明原因肇事
11003AC991B1305,20210317,120.299187,23.149478,交通事故,一般地址,臺南市善化區六分里區道南123線段六分寮2之11號0,1,晴,50,單路部分,路段,無號誌,車與車,違規超車
11003AC991B1307,20210316,120.301884,23.066254,交通事故,一般地址,臺南市新市區永就里區道南144線段永就46-60號0,2,晴,50,單路部分,路段,無號誌,車與車,未保持行車安全距離
11003AC991B1331,20210317,120.277406,23.073496,交通事故,一般地址,臺南市新市區社內里新港社大道段號0社內里新港社大道近虹橋,1,晴,50,單路部分,路段,無號誌,汽(機)車本身,未注意車前狀態
11003AC991B1336,20210317,120.302143,23.077392,交通事故,交叉路口,臺南市新市區港墘里中山路段號自由街,1,晴,70,交岔路,交叉路口,無號誌,汽(機)車本身,其他引起事故之違規或不當行為
11003AC991B1343,20210317,120.247712,23.067714,交通事故,一般地址,臺南市新市區大洲里大洲排水線側車道段號0大洲里台電1003-12路燈旁,1,晴,50,單路部分,路段,無號誌,車與車,不明原因肇事
11003AC991B1356,20210318,120.294921,23.09996,交通事故,一般地址,臺南市新市區三舍里省道臺19甲線段三舍252號0,1,晴,70,單路部分,路段,無號誌,車與車,變換車道或方向不當
11003AC991B1386,20210318,120.33142,23.148217,交通事故,一般地址,臺南市善化區東隆里省道臺1線段東勢寮1-12號0,1,晴,40,單路部分,路段,無號誌,車與車,未保持行車安全距離
11003AC991B1389,20210318,120.262301,23.103904,交通事故,一般地址,臺南市新市區豐華里中心東路段12號0,1,晴,50,單路部分,路段,無號誌,車與車,停車操作時，未注意其他車(人)安全
11003AC991B1398,20210315,120.276629,23.086296,交通事故,一般地址,臺南市新市區豐華里區道南134線段豐華131號0,1,晴,50,單路部分,路段,無號誌,汽(機)車本身,疲勞(患病)駕駛失控
11003AC991B1430,20210318,120.281032,23.083795,交通事故,一般地址,臺南市新市區社內里區道南134線段號0社內里民生路近虹橋,1,晴,50,交岔路,交叉路口,行車管制號誌,汽(機)車本身,未注意車前狀態
11003AC991B1432,20210317,120.252363,23.071781,交通事故,一般地址,臺南市新市區大洲里大洲段號0大洲里洲後幹左支6-18電桿旁,2,晴,30,交岔路,交叉路口,無號誌,車與車,未依規定讓車
11003AC991B1437,20210317,120.30786,23.124276,交通事故,一般地址,臺南市善化區小新里區道南130線段號0小新里南130線0.5公里旁,3,晴,50,交岔路,交叉路口,無號誌,車與車,未依規定讓車
11003AC991B1443,20210318,120.221356,23.092169,交通事故,一般地址,臺南市安定區港口里港口段333-32號,1,晴,30,單路部分,路段,無號誌,汽(機)車本身,未注意車前狀態
11003AC991B1451,20210319,120.272442,23.145092,交通事故,一般地址,臺南市善化區胡家里區道南128線段胡厝寮41-1號0,1,晴,30,交岔路,交叉路口,無號誌,車與車,未依規定讓車
11003AC991B1460,20210319,120.291858,23.081031,交通事故,交叉路口,臺南市新市區新和里和平街段138號富林路,2,晴,30,交岔路,交叉路口,閃光號誌,車與車,未依規定讓車
11003AC991B1466,20210319,120.269697,23.164984,交通事故,一般地址,臺南市善化區六分里省道臺19甲線段溪底寮66號0,2,晴,50,單路部分,路段,無號誌,車與車,變換車道或方向不當
11003AC991B1467,20210319,120.324603,23.098965,交通事故,一般地址,臺南市新市區大社里區道南140線段大社480號0,2,晴,50,單路部分,路段,無號誌,車與車,未注意車前狀態
11003AC991B1485,20210319,120.279095,23.070473,交通事故,一般地址,臺南市新市區社內里新港社大道段社內143-8號,1,晴,50,單路部分,路段,無號誌,車與車,變換車道或方向不當
11003AC991B1488,20210311,120.313909,23.127042,交通事故,交叉路口,臺南市善化區小新里成功路段16915之11號成功路16996,1,晴,40,單路部分,路段,無號誌,人與汽(機)車,未注意車前狀態
11003AC991B1496,20210319,120.31551,23.157436,交通事故,一般地址,臺南市善化區昌隆里東勢寮段189-3號0,1,晴,40,交岔路,交叉路口,無號誌,車與車,左轉彎未依規定
11003AC991B1504,20210319,120.28509,23.125673,交通事故,一般地址,臺南市善化區南關里三民路段44208號,1,晴,40,單路部分,路段,無號誌,汽(機)車本身,未注意車前狀態
11003AC991B1534,20210319,120.223969,23.098392,交通事故,一般地址,臺南市安定區文科里區道南134線段港口333-10號0,1,晴,50,交岔路,交叉路口,行車管制號誌,車與車,違反號誌管制或指揮
11003AC991B1549,20210319,120.277548,23.073268,交通事故,一般地址,臺南市新市區社內里新港社大道段社內139之121號0,2,晴,40,單路部分,路段,無號誌,車與車,違反特定標誌(線)禁制
11003AC991B1559,20210319,120.315331,23.09545,交通事故,交叉路口,臺南市新市區大社里區道南140線段號區道南177線,2,晴,50,交岔路,交叉路口,行車管制號誌,車與車,未依規定讓車
11003AC991B1566,20210320,120.235946,23.092473,交通事故,一般地址,臺南市安定區港口里港口段251-52號0,3,晴,50,單路部分,路段,無號誌,車與車,未注意車前狀態