案件編號,發生日期,GPS經度,GPS緯度,案件類別名稱,地址類型名稱,發生縣市名稱,受傷人數,天候名稱, 速限-第1當事者,道路型態大類別名稱,事故位置大類別名稱,號誌-號誌種類名稱,事故類型及型態大類別名稱,肇因研判子類別名稱-主要
11003AC991B1571,20210320,120.286677,23.080838,交通事故,交叉路口,臺南市新市區新和里民生路段230號富安路,1,晴,50,交岔路,交叉路口,行車管制號誌,汽(機)車本身,未注意車前狀態
11003AC991B1617,20210320,120.28042,23.142537,交通事故,一般地址,臺南市善化區什乃里區道南126線段什乃97-1號0,2,晴,50,單路部分,路段,無號誌,車與車,橫越道路不慎
11003AC991B1636,20210315,120.261786,23.089335,交通事故,交叉路口,臺南市新市區豐華里區道南134線段號樹谷大道,2,晴,50,交岔路,交叉路口,行車管制號誌,車與車,未保持行車安全間隔
11003AC991B1637,20210318,120.296513,23.132082,交通事故,交叉路口,臺南市善化區光文里中山路段號建國路,2,晴,50,交岔路,交叉路口,行車管制號誌(附設行人專用號誌),車與車,未依規定讓車
11003AC991B1659,20210316,120.28826,23.139734,交通事故,一般地址,臺南市善化區溪美里省道臺19甲線段溪尾1006號0,2,晴,30,交岔路,交叉路口,無號誌,車與車,未依規定讓車
11003AC991B1682,20210316,120.3049,23.087331,交通事故,一般地址,臺南市新市區大營里區道南139線段豐榮59-32號5,1,晴,50,交岔路,交叉路口,無號誌,車與車,未注意車前狀態
11003AC991B1691,20210321,120.387948,23.115473,交通事故,一般地址,臺南市大內區曲溪里區道南184線段二重溪49-24號0,1,晴,30,交岔路,交叉路口,無號誌,車與車,未注意車前狀態
11003AC991B1700,20210321,120.355996,23.118759,交通事故,一般地址,臺南市大內區石城里市道178線段石子瀨122-42號0,1,晴,50,交岔路,交叉路口,閃光號誌,車與車,未依規定讓車
11003AC991B1744,20210322,120.313142,23.120971,交通事故,一般地址,臺南市善化區小新里小新營段399-36號0小新里小新營399-36號前道路,1,晴,30,交岔路,交叉路口,無號誌,車與車,未依規定讓車
11003AC991B1745,20210310,120.235755,23.101585,交通事故,一般地址,臺南市安定區港尾里市道178線段港子尾56-33號10,1,晴,60,交岔路,交叉路口,行車管制號誌(附設行人專用號誌),汽(機)車本身,疲勞(患病)駕駛失控
11003AC991B1755,20210315,120.294495,23.110372,交通事故,一般地址,臺南市善化區文昌里省道臺19甲線段號0文昌里台19甲線420208路燈旁,1,晴,70,單路部分,路段,無號誌,汽(機)車本身,不明原因肇事
11003AC991B1776,20210322,120.390682,23.153149,交通事故,一般地址,臺南市大內區頭社里區道南182線段號0,1,晴,50,單路部分,路段,無號誌,汽(機)車本身,路況危險無安全(警告)設施
11003AC991B1777,20210317,120.291357,23.07424,交通事故,一般地址,臺南市新市區新和里中正路段162號0,1,晴,50,單路部分,路段,行車管制號誌,車與車,迴轉未依規定
11003AC991B1793,20210322,120.296268,23.142986,交通事故,一般地址,臺南市善化區光文里區道南123線段號0南123線往東勢宅路口,1,晴,50,交岔路,交叉路口,無號誌,車與車,左轉彎未依規定
11003AC991B1796,20210322,120.303226,23.132994,交通事故,一般地址,臺南市善化區光文里中山路段85號0,2,晴,50,單路部分,路段,無號誌,車與車,開啟車門不當而肇事
11003AC991B1824,20210313,120.273245,23.076006,交通事故,一般地址,臺南市新市區大洲里大洲排水線側車道段號0大洲里大洲堤防道路,1,晴,30,單路部分,路段,無號誌,車與車,逆向行駛
11003AC991B1825,20210313,120.280876,23.14924,交通事故,一般地址,臺南市善化區什乃里區道南122線段什乃18-25號0,4,晴,50,交岔路,交叉路口,無號誌,車與車,未依規定讓車
11003AC991B1862,20210323,120.284524,23.133036,交通事故,一般地址,臺南市善化區頂街里中山路段599-9號0,2,晴,50,單路部分,路段,行車管制號誌,車與車,未保持行車安全間隔
11003AC991B1863,20210323,120.312459,23.137395,交通事故,一般地址,臺南市善化區光文里區道南124線段北子店102號0,2,陰,50,單路部分,路段,無號誌,車與車,迴轉未依規定
11003AC991B1867,20210323,120.296905,23.130289,交通事故,交叉路口,臺南市善化區坐駕里建國路段號民生路,2,晴,50,交岔路,交叉路口,行車管制號誌,車與車,違反號誌管制或指揮
11003AC991B1870,20210323,120.294108,23.12408,交通事故,交叉路口,臺南市善化區文昌里中正路段號中正路223文昌里中正路與中正路223巷,1,晴,50,交岔路,交叉路口,行車管制號誌,車與車,違反號誌管制或指揮
11003AC991B1941,20210322,120.291374,23.131549,交通事故,交叉路口,臺南市善化區東關里中和街段108號5中興路,2,晴,50,交岔路,交叉路口,無號誌,車與車,未依規定讓車
11003AC991B1945,20210324,120.28383,23.124708,交通事故,一般地址,臺南市善化區南關里三民路段號0南關里三民路(B1電桿)路段,2,晴,40,單路部分,路段,無號誌,車與車,未保持行車安全距離
11003AC991B1977,20210324,120.294791,23.100293,交通事故,一般地址,臺南市新市區三舍里省道臺19甲線段三舍228號0,1,晴,50,單路部分,路段,閃光號誌,汽(機)車本身,其他引起事故之違規或不當行為
11003AC991B2007,20210307,120.268149,23.16575,交通事故,交叉路口,臺南市善化區溪美里省道臺19甲線段號溪尾台19甲線與溪美里里內道路,1,晴,50,交岔路,交叉路口,行車管制號誌,車與車,未依規定讓車
11003AC991B2013,20210307,120.289186,23.135194,交通事故,交叉路口,臺南市善化區文正里進學路段號建國路,1,晴,50,交岔路,交叉路口,行車管制號誌,車與車,違反號誌管制或指揮
11003AC991B2022,20210316,120.268316,23.130012,交通事故,一般地址,臺南市善化區胡厝里興農路段461號10,1,晴,60,交岔路,交叉路口,行車管制號誌,車與車,違反號誌管制或指揮
11003AC991B2029,20210322,120.289669,23.129317,交通事故,交叉路口,臺南市善化區文昌里中華路段號永福路,1,晴,50,交岔路,交叉路口,無號誌,車與車,未依規定讓車
11003AC991B2034,20210323,120.309716,23.118266,交通事故,交叉路口,臺南市善化區蓮潭里陽光三路段號蓮潭北三街,1,晴,30,交岔路,交叉路口,無號誌,車與車,未依規定讓車
11003AC991B2050,20210324,120.310371,23.108552,交通事故,一般地址,臺南市新市區大營里大營段號0大營里大營17右18右電桿旁,1,晴,30,單路部分,路段,無號誌,汽(機)車本身,動物竄出
11003AC991B2073,20210325,120.284727,23.133142,交通事故,交叉路口,臺南市善化區文正里中山路段號光復路,1,晴,50,交岔路,交叉路口,行車管制號誌,車與車,未依規定讓車
11003AC991B2077,20210325,120.250687,23.12588,交通事故,一般地址,臺南市安定區蘇厝里區道南122線段號0蘇厝里南122線與蘇厝橋路口,1,晴,40,交岔路,交叉路口,閃光號誌,車與車,未依規定讓車
11003AC991B2084,20210324,120.290753,23.132302,交通事故,交叉路口,臺南市善化區東關里中山路段號中山路411,1,陰,50,交岔路,交叉路口,無號誌,車與車,起步未注意其他車(人)安全
11003AC991B2099,20210325,120.298474,23.147872,交通事故,交叉路口,臺南市善化區田寮里區道南123線段號區道南125線,1,晴,50,交岔路,交叉路口,行車管制號誌,車與車,未依規定讓車
11003AC991B2108,20210311,120.293862,23.132113,交通事故,交叉路口,臺南市善化區光文里中山路段號中正路,1,晴,50,交岔路,交叉路口,行車管制號誌,車與車,迴轉未依規定
11003AC991B2119,20210325,120.240312,23.125812,交通事故,一般地址,臺南市安定區蘇厝里曾文溪堤側車道段號0蘇厝里安定抽水站旁路口,2,晴,40,交岔路,交叉路口,無號誌,車與車,未依規定讓車
11003AC991B2149,20210325,120.2607,23.096922,交通事故,交叉路口,臺南市新市區豐華里樹谷大道段號風鈴路,1,晴,40,交岔路,交叉路口,行車管制號誌,車與車,違反號誌管制或指揮
11003AC991B2163,20210322,120.285164,23.079775,交通事故,一般地址,臺南市新市區社內里富安一街段46號0富安一街,1,晴,50,交岔路,交叉路口,閃光號誌,車與車,起步未注意其他車(人)安全
11003AC991B2170,20210326,120.21477,23.100123,交通事故,一般地址,臺南市安定區海寮里海寮段201-15號,1,晴,30,交岔路,交叉路口,無號誌,汽(機)車本身,未注意車前狀態
11003AC991B2173,20210326,120.288315,23.128254,交通事故,交叉路口,臺南市善化區南關里文昌路段號永安路,2,晴,50,交岔路,交叉路口,行車管制號誌,車與車,違反號誌管制或指揮
11003AC991B2175,20210326,120.289374,23.131768,交通事故,交叉路口,臺南市善化區頂街里中興路段號中華路,2,晴,50,交岔路,交叉路口,無號誌,車與車,未依規定讓車
11003AC991B2197,20210326,120.224135,23.090742,交通事故,一般地址,臺南市安定區港南里港口段1之88號,2,晴,30,交岔路,交叉路口,無號誌,車與車,未注意車前狀態
11003AC991B2212,20210308,120.285556,23.131519,交通事故,交叉路口,臺南市善化區南關里復興街段號復興街121,3,晴,30,交岔路,交叉路口,無號誌,車與車,未依規定讓車
11003AC991B2214,20210322,120.295311,23.07837,交通事故,一般地址,臺南市新市區新市里光華街段185號0,1,晴,50,交岔路,交叉路口,無號誌,汽(機)車本身,未注意車前狀態
11003AC991B2221,20210326,120.351878,23.119079,交通事故,一般地址,臺南市大內區市道178線段號0,2,晴,40,單路部分,路段,無號誌,人與汽(機)車,未注意車前狀態
11003AC991B2260,20210323,120.284136,23.140828,交通事故,一般地址,臺南市善化區什乃里區道南126線段什乃127號10,2,晴,50,交岔路,交叉路口,無號誌,車與車,未依規定讓車
11003AC991B2295,20210327,120.234667,23.090308,交通事故,交叉路口,臺南市安定區港南里區道南134線段號區道南133線,4,晴,50,交岔路,交叉路口,行車管制號誌,車與車,未依規定讓車
11003AC991B2313,20210327,120.289182,23.13576,交通事故,一般地址,臺南市善化區文正里進學路段63號0,1,晴,50,單路部分,路段,閃光號誌,車與車,未保持行車安全距離
11003AC991B2327,20210327,120.231126,23.096008,交通事故,一般地址,臺南市安定區港口里市道178線段號0港口里安定區公所運動休閒公園,1,晴,50,單路部分,路段,無號誌,車與車,未依規定讓車
11003AC991B2340,20210327,120.308464,23.136152,交通事故,一般地址,臺南市善化區光文里光文路光文陸橋段號0,1,晴,40,單路部分,路段,無號誌,車與車,未保持行車安全距離
11003AC991B2350,20210327,120.29359,23.076142,交通事故,一般地址,臺南市新市區新和里仁愛街段231號,1,晴,50,單路部分,路段,無號誌,人與汽(機)車,未注意車前狀態
11003AC991B2354,20210327,120.235672,23.091978,交通事故,一般地址,臺南市安定區港口里區道南133線段港口245-10號0,1,晴,50,單路部分,路段,無號誌,車與車,起步未注意其他車(人)安全
11003AC991B2365,20210327,120.287267,23.068876,交通事故,一般地址,臺南市新市區新和里富強路段110號0,2,晴,50,交岔路,交叉路口,無號誌,車與車,未保持行車安全距離
11003AC991B2371,20210327,120.288654,23.123213,交通事故,交叉路口,臺南市善化區文昌里文昌路段107號中正路223,1,晴,50,交岔路,交叉路口,行車管制號誌,車與車,未注意車前狀態
11003AC991B2381,20210328,120.280751,23.084171,交通事故,交叉路口,臺南市新市區社內里區道南134線段號新港社大道,2,晴,50,交岔路,交叉路口,行車管制號誌,車與車,違反號誌管制或指揮
11003AC991B2386,20210316,120.350569,23.146511,交通事故,一般地址,臺南市大內區石湖里區道南181線段新厝子46之7號0,1,晴,30,交岔路,交叉路口,行車管制號誌,車與車,未依規定讓車
11003AC991B2390,20210309,120.302074,23.13046,交通事故,一般地址,臺南市善化區光文里仁愛路段21號10,1,晴,50,交岔路,交叉路口,閃光號誌,人與汽(機)車,未依規定讓車
11003AC991B2394,20210327,120.303281,23.131267,交通事故,交叉路口,臺南市善化區光文里民生路段號忠孝路,1,晴,50,交岔路,交叉路口,閃光號誌,車與車,未依規定讓車
11003AC991B2406,20210328,120.29197,23.077937,交通事故,交叉路口,臺南市新市區新市里民權路段號中正路,1,晴,50,交岔路,交叉路口,行車管制號誌(附設行人專用號誌),車與車,未依規定讓車
11003AC991B2413,20210327,120.241767,23.096624,交通事故,一般地址,臺南市安定區中榮里區道南133線段許中營72-3號10,1,晴,50,交岔路,交叉路口,行車管制號誌,車與車,右轉彎未依規定
11003AC991B2454,20210328,120.292259,23.070451,交通事故,交叉路口,臺南市新市區新和里中正路段號仁愛街,1,晴,50,交岔路,交叉路口,行車管制號誌,車與車,未依規定讓車
11003AC991B2490,20210329,120.250003,23.124113,交通事故,交叉路口,臺南市安定區蘇厝里市道178線段號直加弄大道,1,晴,50,交岔路,交叉路口,行車管制號誌,車與車,未依規定讓車
11003AC991B2491,20210328,120.288199,23.144437,交通事故,一般地址,臺南市善化區溪美里省道臺19甲線段號0,3,晴,50,單路部分,路段,無號誌,車與車,左轉彎未依規定
11003AC991B2494,20210329,120.305457,23.118485,交通事故,交叉路口,臺南市善化區蓮潭里陽光三路段號蓮潭南街,1,晴,40,交岔路,交叉路口,無號誌,車與車,未依規定讓車
11003AC991B2499,20210329,120.280685,23.122159,交通事故,一般地址,臺南市善化區南關里三民路段號0南關里三民路與無名道路,1,晴,50,單路部分,路段,無號誌,車與車,違規超車
11003AC991B2549,20210327,120.26776,23.129923,交通事故,交叉路口,臺南市善化區胡厝里烏橋中路段號興農路,1,晴,50,交岔路,交叉路口,行車管制號誌,車與車,未依規定讓車
11003AC991B2570,20210328,120.278536,23.071804,交通事故,一般地址,臺南市新市區社內里新港社大道段號0社內里新港社大道機慢車道路燈42處,2,晴,30,交岔路,交叉路口,閃光號誌,車與車,未依規定讓車
11003AC991B2599,20210330,120.324563,23.084602,交通事故,一般地址,臺南市新市區大社里大社段1110號0,1,晴,30,交岔路,交叉路口,無號誌,車與車,未依規定讓車
11003AC991B2633,20210329,120.291496,23.074861,交通事故,一般地址,臺南市新市區新和里中正路段186號0,2,晴,50,單路部分,路段,無號誌,車與車,迴轉未依規定
11003AC991B2644,20210330,120.318293,23.117243,交通事故,一般地址,臺南市善化區小新里省道臺1線段小新營449-1號0,1,晴,70,單路部分,路段,無號誌,車與車,變換車道或方向不當
11003AC991B2649,20210330,120.268258,23.130221,交通事故,一般地址,臺南市善化區胡厝里興農路段568之1號0,3,晴,50,單路部分,路段,無號誌,車與車,起步未注意其他車(人)安全
11003AC991B2679,20210330,120.283923,23.063641,交通事故,一般地址,臺南市新市區社內里中山路段號0社內里新市陸橋,1,晴,40,單路部分,路段,無號誌,車與車,未注意車前狀態
11003AC991B2697,20210329,120.258181,23.08223,交通事故,一般地址,臺南市新市區大洲里區道南135線段號0大洲里南135線大洲高幹145電桿處,1,晴,50,單路部分,路段,無號誌,汽(機)車本身,其他引起事故之故障
11003AC991B2699,20210330,120.302003,23.131072,交通事故,交叉路口,臺南市善化區光文里仁愛路段號民生路,1,晴,50,交岔路,交叉路口,無號誌,車與車,未依規定讓車
11003AC991B2709,20210330,120.288429,23.139721,交通事故,一般地址,臺南市善化區溪美里省道臺19甲線段號0,1,晴,50,交岔路,交叉路口,無號誌,車與車,未依規定讓車
11003AC991B2730,20210331,120.283777,23.124662,交通事故,一般地址,臺南市善化區南關里三民路段44227號0,2,晴,50,單路部分,路段,無號誌,車與車,未保持行車安全距離
11003AC991B2734,20210331,120.287512,23.127633,交通事故,交叉路口,臺南市善化區南關里光復路段號文昌路,1,晴,50,交岔路,交叉路口,行車管制號誌,車與車,蛇行、方向不定
11003AC991B2742,20210330,120.300905,23.074051,交通事故,一般地址,臺南市新市區港墘里中山路段號0,2,晴,50,單路部分,路段,行車管制號誌,車與車,未注意車前狀態
11003AC991B2744,20210331,120.302998,23.085161,交通事故,一般地址,臺南市新市區港墘里民族路段34號0,1,晴,50,單路部分,路段,無號誌,車與車,未保持行車安全間隔
11003AC991B2775,20210331,120.267766,23.130067,交通事故,交叉路口,臺南市善化區胡厝里興農路段號烏橋中路,2,晴,50,交岔路,交叉路口,行車管制號誌,車與車,未注意車前狀態
11003AC991B2776,20210331,120.212494,23.07663,交通事故,交叉路口,臺南市安定區中沙里中工一路段沙崙35-5號0省道臺19線,1,晴,50,交岔路,交叉路口,行車管制號誌,車與車,違反號誌管制或指揮
11003AC991B2779,20210331,120.303079,23.080176,交通事故,交叉路口,臺南市新市區港墘里中山路段號三民街,1,晴,40,交岔路,交叉路口,行車管制號誌,車與車,違反號誌管制或指揮
11003AC991B2827,20210312,120.29613,23.075527,交通事故,一般地址,臺南市新市區港墘里光華街段87號,3,晴,50,交岔路,交叉路口,無號誌,車與車,未依規定讓車
11003AC991B2833,20210316,120.266654,23.072981,交通事故,一般地址,臺南市新市區大洲里區道南135線段號0,1,晴,50,單路部分,路段,無號誌,汽(機)車本身,未注意車前狀態
11003AC991B2875,20210316,120.299708,23.150716,交通事故,一般地址,臺南市善化區田寮里區道南123線段六分寮37之6號0,1,陰,50,單路部分,路段,無號誌,車與車,未注意車前狀態
11003AC991B2878,20210330,120.294385,23.112543,交通事故,一般地址,臺南市善化區文昌里省道臺19甲線段號0文昌里,1,晴,50,單路部分,路段,無號誌,車與車,未注意車前狀態
11003AC991B2909,20210321,120.278821,23.071013,交通事故,一般地址,臺南市新市區社內里新港社大道段社內143之32號0,2,晴,30,交岔路,交叉路口,無號誌,車與車,未依規定讓車
11003AC991B2973,20210322,120.20915,23.078955,交通事故,一般地址,臺南市安定區中沙里中崙段115-1號,1,晴,30,交岔路,交叉路口,無號誌,汽(機)車本身,未注意車前狀態
11003AC991B3016,20210314,120.212999,23.086152,交通事故,一般地址,臺南市安定區新吉里新吉段11689號0,2,晴,30,交岔路,交叉路口,無號誌,車與車,未依規定讓車
11003AC991B3018,20210312,120.294737,23.108951,交通事故,一般地址,臺南市新市區三舍里省道臺19甲線段號0,2,晴,40,單路部分,路段,無號誌,車與車,違規超車
11003AC991B3026,20210330,120.26063,23.096902,交通事故,交叉路口,臺南市新市區豐華里樹谷大道段號風鈴路,1,晴,50,交岔路,交叉路口,行車管制號誌,車與車,違反號誌管制或指揮
11003AC991B3032,20210317,120.252765,23.070543,交通事故,一般地址,臺南市新市區大洲里大洲排水線側車道段號0大洲排水左岸道,1,晴,30,單路部分,路段,無號誌,汽(機)車本身,未注意車前狀態
11003AC991B3034,20210303,120.322029,23.158137,交通事故,一般地址,臺南市善化區昌隆里東勢寮段57號,1,晴,30,交岔路,交叉路口,無號誌,汽(機)車本身,未注意車前狀態
11003AC991B3036,20210324,120.292023,23.078148,交通事故,一般地址,臺南市新市區新市里中正路段292號0,1,晴,50,交岔路,交叉路口,行車管制號誌,人與汽(機)車,未依規定行走行人穿越道、地下道、天橋而穿越道路
11003AC991B3060,20210302,120.33808,23.155523,交通事故,一般地址,臺南市善化區昌隆里省道臺1線段號0昌隆里,1,晴,40,單路部分,路段,無號誌,汽(機)車本身,車輪脫落或輪胎爆裂
11003AC991B3069,20210309,120.293862,23.132113,交通事故,交叉路口,臺南市善化區光文里中山路段號中正路,1,晴,50,交岔路,交叉路口,行車管制號誌,車與車,未保持行車安全距離
11003AC991B3077,20210329,120.229547,23.094729,交通事故,交叉路口,臺南市安定區港口里區道南134線段號市道178線,1,晴,50,交岔路,交叉路口,行車管制號誌,車與車,未依規定讓車
11003AC991B3164,20210307,120.318656,23.124005,交通事故,一般地址,臺南市善化區小新里省道臺1線段小新營332號0,1,晴,50,交岔路,交叉路口,行車管制號誌,汽(機)車本身,不明原因肇事
11003AC991B3165,20210319,120.235497,23.121057,交通事故,一般地址,臺南市安定區安加里安定段416-1號,1,晴,50,單路部分,路段,無號誌,車與車,未注意車前狀態
11003AC991B3168,20210322,120.294659,23.105108,交通事故,一般地址,臺南市新市區三舍里省道臺19甲線段三舍235號0,1,陰,40,單路部分,路段,無號誌,車與車,未注意車前狀態
11003AC991B3169,20210326,120.281798,23.062154,交通事故,交叉路口,臺南市新市區永就里中山路段號新港社大道,2,晴,50,交岔路,交叉路口,行車管制號誌,車與車,其他引起事故之違規或不當行為
11003AC991B3180,20210327,120.28096,23.064751,交通事故,交叉路口,臺南市新市區社內里新港社大道段號國道8號匝道,1,晴,50,交岔路,交叉路口,行車管制號誌,車與車,違反號誌管制或指揮
11003AC991B3187,20210323,120.232428,23.085182,交通事故,一般地址,臺南市安定區港口里區道南133線段港口21之12號0,2,晴,50,交岔路,交叉路口,閃光號誌,車與車,未保持行車安全距離
11003AC991B3220,20210325,120.290682,23.067544,交通事故,交叉路口,臺南市新市區新和里中華路段號中山路,2,晴,50,交岔路,交叉路口,行車管制號誌,車與車,未依規定讓車
11003AC991B3227,20210323,120.229513,23.080039,交通事故,一般地址,臺南市安定區嘉同里區道南133線段牛肉寮65-49號0,1,晴,25,單路部分,路段,無號誌,車與車,迴轉未依規定
11003AC991B3278,20210325,120.304479,23.083946,交通事故,一般地址,臺南市新市區港墘里中山路段44485號0,1,晴,40,交岔路,交叉路口,無號誌,汽(機)車本身,未注意車前狀態
11003AC991B3375,20210320,120.296799,23.155627,交通事故,一般地址,臺南市善化區六分里溪底寮段9之16號,1,陰,30,交岔路,交叉路口,無號誌,車與車,未依規定讓車
11003AC991B3422,20210318,120.229275,23.094703,交通事故,交叉路口,臺南市安定區港口里區道南134線段號市道178線,1,晴,50,交岔路,交叉路口,行車管制號誌,車與車,未依規定讓車
11003AC991B3427,20210320,120.320319,23.138678,交通事故,一般地址,臺南市善化區牛庄里牛庄段44223號0,1,晴,30,交岔路,交叉路口,無號誌,車與車,未注意車前狀態
11003AC991B3433,20210308,120.318726,23.087026,交通事故,一般地址,臺南市新市區大社里區道南177線段大社961-2號0,2,晴,50,單路部分,路段,無號誌,人與汽(機)車,未依規定行走行人穿越道、地下道、天橋而穿越道路
11003AC991B3495,20210319,120.313975,23.124443,交通事故,一般地址,臺南市善化區小新里區道南130線段小新營44號0,1,晴,30,交岔路,交叉路口,無號誌,車與車,未依規定讓車
11003AC991B3497,20210331,120.289735,23.07398,交通事故,一般地址,臺南市新市區新和里信義街段44278號,1,晴,50,單路部分,路段,無號誌,車與車,違反號誌管制或指揮
11003AC991B3500,20210315,120.289844,23.07907,交通事故,交叉路口,臺南市新市區新和里民生路段60號信義街,2,陰,50,交岔路,交叉路口,行車管制號誌,車與車,未依規定讓車
11003AC991B3501,20210326,120.318408,23.114118,交通事故,一般地址,臺南市善化區小新里省道臺1線段小新營368號0,2,晴,50,交岔路,交叉路口,行車管制號誌,車與車,違反號誌管制或指揮
11003AC991B3503,20210314,120.299885,23.073285,交通事故,一般地址,臺南市新市區港墘里中山路段156號0,1,晴,50,單路部分,路段,無號誌,車與車,未依規定讓車
11003AC991B3505,20210331,120.235927,23.096051,交通事故,一般地址,臺南市安定區港口里港口段414-10號0,1,晴,50,交岔路,交叉路口,行車管制號誌,汽(機)車本身,不明原因肇事
11003AC9P1B1540,20210319,120.323251,23.138798,交通事故,交叉路口,臺南市善化區牛庄里省道臺1線段號區道南124線,1,晴,70,交岔路,交叉路口,行車管制號誌,車與車,未依規定讓車
11003AC9Q1B0762,20210307,120.318496,23.116478,交通事故,一般地址,臺南市善化區小新里小新營段390號,1,晴,70,交岔路,路段,行車管制號誌,車與車,未注意車前狀態
11003AC9Q1B1202,20210307,120.322717,23.137218,交通事故,交叉路口,臺南市善化區嘉北里省道臺1線段號區道南127-1線,1,晴,70,交岔路,交叉路口,行車管制號誌,人與汽(機)車,未注意車前狀態
11003AC9Q1B1550,20210319,120.307476,23.119148,交通事故,交叉路口,臺南市善化區目加溜灣大道段號陽光大道,1,晴,70,交岔路,交叉路口,行車管制號誌(附設行人專用號誌),車與車,未保持行車安全距離
11003AC9Q1B1937,20210319,120.331234,23.147807,交通事故,其他,臺南市善化區段號肉品市場前北上車道,1,晴,70,單路部分,路段,行車管制號誌,車與車,未注意車前狀態
11003AC9R1B2109,20210319,120.235361,23.11436,交通事故,其他,臺南市安定區段號市178縣道與178外環道路,1,晴,50,交岔路,交叉路口,行車管制號誌,車與車,尚未發現肇事因素
11003AC9U1B3249,20210330,120.217179,23.105489,交通事故,交叉路口,臺南市安定區管寮里區道南132-1線段號管寮,2,晴,30,交岔路,交叉路口,閃光號誌,車與車,未依規定讓車
11003AC9Y1B0036,20210301,120.318629,23.12732,交通事故,交叉路口,臺南市善化區小新里省道臺1線段號成功路,2,晴,50,交岔路,交叉路口,行車管制號誌,汽(機)車本身,未注意車前狀態
11003AC9Y1B0102,20210302,120.268323,23.161717,交通事故,一般地址,臺南市善化區溪美里溪尾段號0,1,晴,50,單路部分,路段,無號誌,車與車,未注意車前狀態
11003AC9Y1B0114,20210302,120.209638,23.094763,交通事故,一般地址,臺南市安定區海寮里省道臺19線段海寮5-16號0,1,晴,40,單路部分,路段,無號誌,車與車,未保持行車安全距離
11003AC9Y1B0341,20210306,120.28771,23.114367,交通事故,一般地址,臺南市善化區文昌里文昌路段107號0,1,晴,50,交岔路,交叉路口,無號誌,車與車,未注意車前狀態
11003AC9Y1B0381,20210306,120.318167,23.111814,交通事故,交叉路口,臺南市善化區小新里省道臺1線段號西拉雅大道,3,晴,40,單路部分,路段,行車管制號誌,車與車,未保持行車安全距離
11003AC9Y1B0705,20210311,120.229491,23.08005,交通事故,一般地址,臺南市安定區嘉同里區道南133線段牛肉寮65-41號0,1,晴,50,單路部分,路段,無號誌,汽(機)車本身,未注意車前狀態
11003AC9Y1B0719,20210311,120.300996,23.100703,交通事故,一般地址,臺南市新市區大營里大營段號0,1,晴,30,單路部分,路段,無號誌,汽(機)車本身,未注意車前狀態
11003AC9Y1B0784,20210312,120.286795,23.133376,交通事故,交叉路口,臺南市善化區頂街里文正路段號文正路25,1,晴,50,交岔路,交叉路口,無號誌,車與車,未依規定讓車
11003AC9Y1B0814,20210312,120.297544,23.126303,交通事故,一般地址,臺南市善化區坐駕里建國路段30號0,1,晴,50,交岔路,交叉路口,行車管制號誌,車與車,違反號誌管制或指揮
11003AC9Y1B0841,20210312,120.299973,23.080329,交通事故,交叉路口,臺南市新市區港墘里永漢路段號興業路,1,晴,50,交岔路,交叉路口,閃光號誌,車與車,未依規定讓車
11003AC9Y1B1370,20210318,120.280969,23.064746,交通事故,交叉路口,臺南市新市區社內里新港社大道段號國道8號匝道,1,晴,50,交岔路,交叉路口,行車管制號誌,車與車,違反號誌管制或指揮
11003AC9Y1B1415,20210318,120.276279,23.074909,交通事故,一般地址,臺南市新市區社內里新港社大道段號0民權路,4,晴,50,單路部分,路段,無號誌,車與車,變換車道或方向不當
11003AC9Y1B1450,20210317,120.292471,23.130225,交通事故,其他,臺南市善化區段號永福路與大信路口,1,晴,50,交岔路,交叉路口,無號誌,車與車,未注意車前狀態
11003AC9Y1B1533,20210319,120.288867,23.125376,交通事故,一般地址,臺南市善化區文昌里文昌路段10767號0,1,晴,50,單路部分,路段,無號誌,汽(機)車本身,其他引起事故之違規或不當行為
11003AC9Y1B1837,20210323,120.285163,23.125744,交通事故,交叉路口,臺南市善化區南關里三民路段號中正路223,1,晴,50,交岔路,交叉路口,無號誌,車與車,未依規定讓車
11003AC9Y1B1878,20210323,120.296368,23.132902,交通事故,交叉路口,臺南市善化區光文里建國路段號公園路,1,晴,50,交岔路,交叉路口,行車管制號誌,車與車,左轉彎未依規定
11003AC9Y1B1970,20210324,120.213778,23.078554,交通事故,一般地址,臺南市安定區中沙里市道178線段中崙13-6號0,1,陰,40,單路部分,路段,無號誌,汽(機)車本身,未注意車前狀態
11003AC9Y1B2243,20210326,120.294772,23.106378,交通事故,交叉路口,臺南市新市區三舍里西拉雅大道段號省道臺19甲線,1,晴,50,交岔路,交叉路口,行車管制號誌,車與車,右轉彎未依規定
11003AC9Y1B2441,20210314,120.303374,23.130892,交通事故,其他,臺南市善化區段號忠孝路1之1號對面,1,晴,50,單路部分,路段,無號誌,車與車,變換車道或方向不當
11003AC9Y1B2498,20210329,120.230867,23.093458,交通事故,一般地址,臺南市安定區港口里區道南134線段港口356-1號0,2,晴,50,交岔路,交叉路口,行車管制號誌,車與車,未注意車前狀態
11003AC9Y1B2542,20210329,120.288327,23.128254,交通事故,交叉路口,臺南市善化區文昌里文昌路段號永安路,1,晴,50,交岔路,交叉路口,行車管制號誌,汽(機)車本身,未注意車前狀態
11003AC9Y1B2642,20210330,120.25968,23.104041,交通事故,交叉路口,臺南市新市區豐華里樹谷大道段號活水路,2,晴,40,交岔路,交叉路口,行車管制號誌,車與車,違反號誌管制或指揮
11003AC9Y1B2713,20210330,120.293969,23.130146,交通事故,交叉路口,臺南市善化區坐駕里中正路段號光明路,1,晴,50,交岔路,交叉路口,行車管制號誌,車與車,違反號誌管制或指揮