案件編號,發生日期,GPS經度,GPS緯度,案件類別名稱,地址類型名稱,發生縣市名稱,受傷人數,天候名稱, 速限-第1當事者,道路型態大類別名稱,事故位置大類別名稱,號誌-號誌種類名稱,事故類型及型態大類別名稱,肇因研判子類別名稱-主要
11003AC9Y1B2720,20210330,120.230565,23.118291,交通事故,一般地址,臺南市安定區安加里曾文溪堤側車道段號,1,晴,50,單路部分,路段,無號誌,汽(機)車本身,其他引起事故之違規或不當行為
11003AC9Y1B2750,20210331,120.319552,23.076207,交通事故,一般地址,臺南市新市區潭頂里潭頂段536-8號0,1,晴,30,單路部分,路段,無號誌,汽(機)車本身,未保持行車安全距離
11003AC9Y1B2819,20210330,120.30012,23.13072,交通事故,一般地址,臺南市善化區民生路段231號,1,晴,50,單路部分,路段,無號誌,車與車,橫越道路不慎
11003AC9Y1B3062,20210323,120.271798,23.13108,交通事故,一般地址,臺南市善化區胡厝里興農路段373號,1,晴,50,單路部分,路段,無號誌,車與車,未注意車前狀態
11003AC9Y1B3461,20210319,120.297415,23.126509,交通事故,其他,臺南市善化區段號坐駕里建國路30號對面,1,晴,50,單路部分,路段,無號誌,車與車,未依規定讓車
11003ACA91A0007,20210313,120.364167,22.964307,交通事故,其他,臺南市龍崎區段號崎頂里新市子104號,0,晴,50,單路部分,路段,無號誌,汽(機)車本身,酒醉(後)駕駛失控
11003ACA91B0015,20210301,120.250812,22.906982,交通事故,其他,臺南市仁德區段號中洲七街69號,1,晴,30,單路部分,路段,無號誌,車與車,未靠右行駛
11003ACA91B0029,20210301,120.248065,22.972546,交通事故,交叉路口,臺南市仁德區仁德里中山路段號文德路,1,晴,60,交岔路,交叉路口,行車管制號誌,車與車,違反號誌管制或指揮
11003ACA91B0064,20210302,120.256375,22.989927,交通事故,交叉路口,臺南市仁德區太子里中正路三段段號大吉路,1,晴,50,交岔路,交叉路口,行車管制號誌,車與車,左轉彎未依規定
11003ACA91B0085,20210302,120.229906,22.945451,交通事故,一般地址,臺南市仁德區成功里虎山一街段100號0,1,晴,50,單路部分,路段,無號誌,汽(機)車本身,未注意車前狀態
11003ACA91B0096,20210302,120.287579,22.960422,交通事故,其他,臺南市歸仁區段號中正南路一段與民權南路口,1,晴,50,單路部分,路段,行車管制號誌,車與車,未注意車前狀態
11003ACA91B0100,20210302,120.236318,22.922157,交通事故,一般地址,臺南市仁德區保安里文賢路2段1號,1,晴,50,交岔路,交叉路口,行車管制號誌,車與車,右轉彎未依規定
11003ACA91B0134,20210303,120.29344,22.992457,交通事故,一般地址,臺南市歸仁區媽廟里中正北路3段60號,1,晴,50,交岔路,交叉路口,閃光號誌,車與車,左轉彎未依規定
11003ACA91B0157,20210303,120.278022,22.946971,交通事故,其他,臺南市歸仁區段號六甲里台三九、中正南路一段,1,晴,50,交岔路,交叉路口,行車管制號誌,車與車,右轉彎未依規定
11003ACA91B0182,20210303,120.243985,22.973867,交通事故,交叉路口,臺南市仁德區仁德里中山路段號文華路3,1,晴,50,交岔路,交叉路口,行車管制號誌,車與車,違反號誌管制或指揮
11003ACA91B0199,20210302,120.280896,22.967851,交通事故,一般地址,臺南市歸仁區南興里民生南街1段2號,1,晴,50,單路部分,路段,無號誌,人與汽(機)車,未注意車前狀態
11003ACA91B0214,20210303,120.244464,22.975758,交通事故,交叉路口,臺南市仁德區仁德里文華路3段號文宏一街,1,晴,50,交岔路,其他,無號誌,車與車,未依規定讓車
11003ACA91B0227,20210302,120.240536,22.971145,交通事故,交叉路口,臺南市仁德區仁德里文心路段號文南街,1,晴,50,交岔路,交叉路口,閃光號誌,車與車,未依規定讓車
11003ACA91B0237,20210304,120.223099,22.923916,交通事故,其他,臺南市仁德區段號二行里二仁路一段315巷內,1,陰,30,單路部分,路段,無號誌,車與車,未靠右行駛
11003ACA91B0244,20210304,120.290549,22.973494,交通事故,一般地址,臺南市歸仁區文化里大德路段203號,1,晴,50,交岔路,路段,行車管制號誌,車與車,其他引起事故之違規或不當行為
11003ACA91B0247,20210303,120.344117,22.924745,交通事故,一般地址,臺南市關廟區長裕街段26號,1,晴,50,單路部分,路段,無號誌,車與車,起步未注意其他車(人)安全
11003ACA91B0264,20210304,120.391798,22.948045,交通事故,其他,臺南市龍崎區段號縣182線26.8公里內車道,1,陰,50,交岔路,交叉路口,無號誌,汽(機)車本身,未依規定減速
11003ACA91B0270,20210301,120.224631,22.937683,交通事故,其他,臺南市仁德區段號文華路二段與德功路口(虎山橋前),1,晴,50,交岔路,交叉路口,行車管制號誌,車與車,未依規定讓車
11003ACA91B0281,20210304,120.254466,22.991497,交通事故,其他,臺南市仁德區段號太子路與長興五街口,1,晴,50,交岔路,交叉路口,行車管制號誌,車與車,違反號誌管制或指揮
11003ACA91B0289,20210305,120.262394,22.970321,交通事故,一般地址,臺南市仁德區仁義里中山路段215號,1,晴,50,單路部分,路段,無號誌,車與車,裝載未盡安全措施
11003ACA91B0301,20210305,120.231089,22.959995,交通事故,交叉路口,臺南市仁德區成功里保華路段號成功三街,1,晴,30,交岔路,交叉路口,無號誌,車與車,未依規定讓車
11003ACA91B0316,20210304,120.241134,22.974535,交通事故,其他,臺南市仁德區段號中山路與裕忠路口,1,晴,50,交岔路,交叉路口,行車管制號誌,車與車,未保持行車安全距離
11003ACA91B0320,20210305,120.300443,22.961391,交通事故,交叉路口,臺南市歸仁區看西里仁愛南街段號大成路,1,晴,50,交岔路,交叉路口,無號誌,車與車,左轉彎未依規定
11003ACA91B0343,20210301,120.266756,22.991512,交通事故,一般地址,臺南市仁德區太子路段127號,1,晴,50,單路部分,路段,無號誌,車與車,未注意車前狀態
11003ACA91B0351,20210305,120.254524,22.977773,交通事故,其他,臺南市仁德區段號中正路三段209號旁,1,晴,50,單路部分,路段,無號誌,車與車,違規超車
11003ACA91B0356,20210302,120.271674,22.909981,交通事故,一般地址,臺南市歸仁區長榮路1段320號0,1,晴,50,單路部分,路段,行車管制號誌,車與車,未注意車前狀態
11003ACA91B0393,20210305,120.253809,22.934636,交通事故,交叉路口,臺南市仁德區上崙里崑崙街段號德崙路,1,晴,50,交岔路,交叉路口,行車管制號誌,車與車,未保持行車安全間隔
11003ACA91B0400,20210306,120.27649,22.996256,交通事故,一般地址,臺南市歸仁區大廟里大廟一街段40號,1,晴,50,交岔路,交叉路口,無號誌,汽(機)車本身,未注意車前狀態
11003ACA91B0410,20210306,120.255897,22.97026,交通事故,一般地址,臺南市仁德區仁義里中清路段63號,1,晴,50,交岔路,交叉路口,無號誌,車與車,未保持行車安全間隔
11003ACA91B0445,20210307,120.22028,22.94405,交通事故,其他,臺南市仁德區段號文賢路一段與大同路三段,1,晴,60,交岔路,交叉路口,行車管制號誌,車與車,違反號誌管制或指揮
11003ACA91B0480,20210305,120.218963,22.948836,交通事故,一般地址,臺南市仁德區大同路三段段768號,2,晴,70,單路部分,路段,行車管制號誌,車與車,裝載貨物不穩妥
11003ACA91B0485,20210305,120.289596,22.973524,交通事故,一般地址,臺南市歸仁區文化里大德路段241號,1,晴,50,單路部分,路段,無號誌,車與車,未依規定讓車
11003ACA91B0495,20210305,120.278073,22.951411,交通事故,一般地址,臺南市歸仁區中正南路一段段1057號,1,晴,50,單路部分,路段,無號誌,車與車,變換車道或方向不當
11003ACA91B0497,20210304,120.277131,22.92725,交通事故,交叉路口,臺南市歸仁區中正南路二段段號中正南路二段43,1,晴,60,交岔路,交叉路口,無號誌,車與車,逆向行駛
11003ACA91B0550,20210308,120.255162,22.969324,交通事故,一般地址,臺南市仁德區仁義路段9538號,1,晴,50,交岔路,交叉路口,無號誌,車與車,右轉彎未依規定
11003ACA91B0567,20210309,120.29187,22.922382,交通事故,交叉路口,臺南市歸仁區武東里歸仁十五路段號高發二路,1,晴,50,交岔路,交叉路口,行車管制號誌,車與車,未依規定讓車
11003ACA91B0600,20210302,120.254098,22.976662,交通事故,交叉路口,臺南市仁德區一甲里忠義路段號中正路3,1,晴,50,交岔路,交叉路口,行車管制號誌,車與車,右轉彎未依規定
11003ACA91B0601,20210302,120.244378,22.957666,交通事故,一般地址,臺南市仁德區仁德里民安路1段212號0,1,晴,50,單路部分,路段,無號誌,車與車,不明原因肇事
11003ACA91B0642,20210310,120.219087,22.948778,交通事故,一般地址,臺南市仁德區仁愛里大同路三段段755號,1,晴,60,交岔路,交叉路口,行車管制號誌,車與車,未注意車前狀態
11003ACA91B0663,20210310,120.33131,22.957712,交通事故,交叉路口,臺南市關廟區東勢里東安街段號民權街,1,晴,50,交岔路,交叉路口,閃光號誌,車與車,未依規定讓車
11003ACA91B0670,20210304,120.244682,22.929133,交通事故,交叉路口,臺南市仁德區中正路一段段號崑崙街,1,晴,50,交岔路,交叉路口,行車管制號誌,車與車,違反特定標誌(線)禁制
11003ACA91B0678,20210309,120.247056,22.935134,交通事故,交叉路口,臺南市仁德區文賢里中正路1段號中正路1487,1,晴,50,交岔路,交叉路口,無號誌,車與車,未注意車前狀態
11003ACA91B0694,20210304,120.270008,22.969597,交通事故,一般地址,臺南市仁德區仁義里中山路段22號,1,晴,50,單路部分,路段,無號誌,車與車,未注意車前狀態
11003ACA91B0708,20210304,120.251168,22.971838,交通事故,一般地址,臺南市仁德區中山路段612號,1,陰,50,單路部分,路段,無號誌,車與車,未保持行車安全間隔
11003ACA91B0714,20210311,120.234213,22.925221,交通事故,一般地址,臺南市仁德區保安里文賢路1段822號,2,晴,50,單路部分,路段,無號誌,車與車,未注意車前狀態
11003ACA91B0740,20210305,120.325048,22.971728,交通事故,其他,臺南市關廟區段號南雄路二段許縣溪橋上往南,1,晴,60,單路部分,路段,無號誌,車與車,未保持行車安全距離
11003ACA91B0764,20210302,120.295561,22.971806,交通事故,一般地址,臺南市歸仁區中正北路1段148號,2,晴,50,單路部分,路段,無號誌,車與車,起步未注意其他車(人)安全
11003ACA91B0767,20210303,120.222998,22.925396,交通事故,其他,臺南市仁德區段號二仁路一段162之1號前,3,晴,60,單路部分,路段,無號誌,車與車,未注意車前狀態
11003ACA91B0785,20210305,120.321555,22.973341,交通事故,其他,臺南市關廟區段號南雄路二段863號,1,晴,50,單路部分,路段,無號誌,車與車,迴轉未依規定
11003ACA91B0800,20210312,120.261844,22.991306,交通事故,其他,臺南市仁德區段號太子路與太子路190巷,1,晴,50,交岔路,交叉路口,無號誌,車與車,不明原因肇事
11003ACA91B0856,20210311,120.290507,22.970349,交通事故,一般地址,臺南市歸仁區文化里文化街二段段120號,1,晴,50,單路部分,路段,無號誌,汽(機)車本身,不明原因肇事
11003ACA91B0891,20210313,120.282262,22.973745,交通事故,其他,臺南市歸仁區段號大德路841號前,1,晴,50,交岔路,路段,無號誌,車與車,右轉彎未依規定
11003ACA91B0945,20210311,120.218159,22.952018,交通事故,交叉路口,臺南市仁德區仁愛里大同路3段號大同路3456,1,晴,60,交岔路,路段,行車管制號誌,車與車,未注意車前狀態
11003ACA91B0946,20210310,120.252564,22.95681,交通事故,一般地址,臺南市仁德區新田里中正路2段521號,1,晴,50,單路部分,路段,無號誌,車與車,迴轉未依規定
11003ACA91B0947,20210312,120.330598,22.966579,交通事故,交叉路口,臺南市關廟區新埔里北安二街段號北新街,1,晴,50,交岔路,交叉路口,閃光號誌,車與車,未依規定讓車
11003ACA91B1041,20210314,120.243492,22.972161,交通事故,一般地址,臺南市仁德區文華路3段501號,1,晴,50,圓環廣場,路段,無號誌,車與車,橫越道路不慎
11003ACA91B1062,20210315,120.248555,22.990793,交通事故,交叉路口,臺南市仁德區太子路段號高速一街,1,晴,50,交岔路,交叉路口,行車管制號誌,車與車,其他引起事故之違規或不當行為
11003ACA91B1068,20210315,120.268791,22.992341,交通事故,一般地址,臺南市仁德區太子路段868號,1,晴,30,單路部分,路段,無號誌,車與車,未保持行車安全間隔
11003ACA91B1079,20210315,120.245448,22.957197,交通事故,交叉路口,臺南市仁德區民安路一段段號德洋路,1,晴,50,單路部分,路段,行車管制號誌,車與車,未注意車前狀態
11003ACA91B1103,20210315,120.277454,22.992205,交通事故,交叉路口,臺南市歸仁區和順路2段號南丁路,1,晴,50,單路部分,路段,行車管制號誌,車與車,右轉彎未依規定
11003ACA91B1108,20210315,120.278806,22.992516,交通事故,其他,臺南市歸仁區段號大廟里台39線4.834公里，南向慢車道,1,晴,50,交岔路,交叉路口,行車管制號誌,車與車,未保持行車安全距離
11003ACA91B1172,20210316,120.242537,22.972478,交通事故,一般地址,臺南市仁德區仁德里文善街段76號,1,晴,50,單路部分,路段,無號誌,車與車,未靠右行駛
11003ACA91B1173,20210314,120.284074,22.965163,交通事故,交叉路口,臺南市歸仁區南保里中山七街段號大順街,1,晴,50,交岔路,交叉路口,無號誌,車與車,未注意車前狀態
11003ACA91B1174,20210316,120.28555,22.969777,交通事故,交叉路口,臺南市歸仁區南保里文化七街段號民權八街,1,晴,50,交岔路,交叉路口,無號誌,車與車,未依規定讓車
11003ACA91B1175,20210315,120.229955,22.95978,交通事故,交叉路口,臺南市仁德區成功里保華路段號保華路159,1,晴,50,交岔路,交叉路口,無號誌,車與車,未依規定讓車
11003ACA91B1178,20210316,120.301576,22.964772,交通事故,一般地址,臺南市歸仁區許厝里仁愛一街段3821號,1,晴,30,交岔路,交叉路口,無號誌,車與車,未注意車前狀態
11003ACA91B1180,20210316,120.251313,22.971774,交通事故,交叉路口,臺南市仁德區仁德里中山路段號中山路606,1,晴,50,交岔路,交叉路口,無號誌,車與車,未注意車前狀態
11003ACA91B1203,20210315,120.243633,22.960892,交通事故,交叉路口,臺南市仁德區新田里民安路一段段號文華一街,1,晴,50,交岔路,交叉路口,行車管制號誌,車與車,違反號誌管制或指揮
11003ACA91B1212,20210316,120.249729,22.972254,交通事故,其他,臺南市仁德區段號仁德里仁德交流道東側，中山路,1,晴,50,交岔路,交叉路口,行車管制號誌,車與車,違反號誌管制或指揮
11003ACA91B1258,20210315,120.246047,22.923373,交通事故,一般地址,臺南市仁德區保安里開發二路段19號,1,晴,50,單路部分,路段,無號誌,車與車,起步未注意其他車(人)安全
11003ACA91B1259,20210317,120.242347,22.958365,交通事故,交叉路口,臺南市仁德區後壁里民安路一段段號文華一街,1,晴,50,交岔路,交叉路口,行車管制號誌,車與車,違反號誌管制或指揮
11003ACA91B1273,20210310,120.293896,22.966819,交通事故,其他,臺南市歸仁區段號歸仁圓環(西側),1,晴,60,圓環廣場,其他,無號誌,車與車,未注意車前狀態
11003ACA91B1278,20210316,120.288182,22.972243,交通事故,一般地址,臺南市歸仁區南保里民權北路段205號,1,晴,50,單路部分,路段,無號誌,車與車,未注意車前狀態
11003ACA91B1312,20210317,120.21825,22.928553,交通事故,其他,臺南市仁德區段號成功里台86線南下機車迴轉道,1,晴,40,單路部分,路段,無號誌,車與車,其他引起事故之違規或不當行為
11003ACA91B1314,20210305,120.231089,22.959995,交通事故,交叉路口,臺南市仁德區成功里保華路段號成功三街,1,晴,30,交岔路,交叉路口,無號誌,車與車,左轉彎未依規定
11003ACA91B1320,20210310,120.255982,22.991356,交通事故,交叉路口,臺南市仁德區太子里太子路段號太子路613,1,晴,50,交岔路,交叉路口,無號誌,車與車,右轉彎未依規定
11003ACA91B1325,20210309,120.294612,22.967877,交通事故,交叉路口,臺南市歸仁區歸仁里中正北路1段號大通路,1,晴,50,交岔路,交叉路口,行車管制號誌,車與車,違反號誌管制或指揮
11003ACA91B1330,20210309,120.290243,22.967211,交通事故,交叉路口,臺南市歸仁區後市里中山路二段段號中山八街,1,晴,50,交岔路,交叉路口,行車管制號誌,車與車,不明原因肇事
11003ACA91B1334,20210315,120.27391,22.980689,交通事故,一般地址,臺南市歸仁區南丁路段271176號0,1,晴,50,單路部分,其他,無號誌,人與汽(機)車,未注意車前狀態
11003ACA91B1338,20210308,120.257565,22.970855,交通事故,交叉路口,臺南市仁德區仁義里中山路段號中山路379,1,晴,30,交岔路,交叉路口,無號誌,車與車,右轉彎未依規定
11003ACA91B1341,20210308,120.259395,22.970621,交通事故,交叉路口,臺南市仁德區仁義里中山路段號仁義路,1,晴,50,交岔路,交叉路口,行車管制號誌,車與車,違反號誌管制或指揮
11003ACA91B1342,20210305,120.242387,22.926672,交通事故,一般地址,臺南市仁德區文賢里中正路1段380號,1,晴,50,單路部分,路段,無號誌,汽(機)車本身,未注意車前狀態
11003ACA91B1349,20210313,120.258219,22.982624,交通事故,交叉路口,臺南市仁德區土庫里中正路三段段號土庫路,1,晴,50,交岔路,交叉路口,閃光號誌,汽(機)車本身,未依規定減速
11003ACA91B1353,20210317,120.278267,22.952387,交通事故,交叉路口,臺南市歸仁區六甲里中正南路一段段號六甲路,1,晴,50,交岔路,交叉路口,閃光號誌,車與車,未依規定減速
11003ACA91B1376,20210301,120.248036,22.973848,交通事故,一般地址,臺南市仁德區文德路段33號,1,晴,50,交岔路,交叉路口,無號誌,車與車,未依規定讓車
11003ACA91B1377,20210317,120.252772,22.948284,交通事故,交叉路口,臺南市仁德區後壁里德南路段號德南路43,1,晴,50,交岔路,交叉路口,無號誌,車與車,左轉彎未依規定
11003ACA91B1390,20210309,120.217205,22.958299,交通事故,交叉路口,臺南市仁德區大同路三段段號亞航街,1,晴,60,單路部分,路段,行車管制號誌,車與車,未注意車前狀態
11003ACA91B1392,20210309,120.263754,22.955291,交通事故,交叉路口,臺南市仁德區勝利路段號新田路,1,晴,50,交岔路,交叉路口,行車管制號誌,車與車,未依規定讓車
11003ACA91B1396,20210318,120.267827,22.910222,交通事故,一般地址,臺南市歸仁區大潭里長榮路1段130號,1,晴,50,單路部分,路段,無號誌,車與車,橫越道路不慎
11003ACA91B1412,20210318,120.285836,22.969693,交通事故,一般地址,臺南市歸仁區民權六街段81號,1,晴,50,交岔路,交叉路口,無號誌,車與車,未依規定讓車
11003ACA91B1423,20210318,120.283148,22.968079,交通事故,交叉路口,臺南市歸仁區南保里中山路三段段號保興街,1,晴,50,交岔路,交叉路口,行車管制號誌,車與車,尚未發現肇事因素
11003ACA91B1431,20210311,120.292252,22.966933,交通事故,交叉路口,臺南市歸仁區中山路二段段號民族北街,1,晴,60,交岔路,交叉路口,行車管制號誌,車與車,未注意車前狀態
11003ACA91B1435,20210306,120.273647,22.951911,交通事故,一般地址,臺南市歸仁區六甲里六甲三街段號,1,晴,50,交岔路,交叉路口,行車管制號誌,車與車,違規超車
11003ACA91B1436,20210312,120.248886,22.972246,交通事故,其他,臺南市仁德區段號中山路交流道西側橋下往東,1,晴,50,單路部分,路段,無號誌,車與車,變換車道或方向不當
11003ACA91B1455,20210302,120.225777,22.918876,交通事故,其他,臺南市仁德區段號二仁路一段58號,1,晴,50,單路部分,路段,無號誌,車與車,未注意車前狀態
11003ACA91B1457,20210318,120.30284,22.957303,交通事故,一般地址,臺南市歸仁區看西里成功三街段255號0,1,晴,50,單路部分,路段,無號誌,車與車,橫越道路不慎
11003ACA91B1462,20210319,120.285205,22.95882,交通事故,一般地址,臺南市歸仁區中正南路一段段573號,1,晴,50,單路部分,路段,無號誌,車與車,迴轉未依規定
11003ACA91B1470,20210312,120.286567,22.923644,交通事故,交叉路口,臺南市歸仁區歸仁大道段號站區南路,1,晴,40,交岔路,交叉路口,閃光號誌,車與車,違反特定標誌(線)禁制
11003ACA91B1471,20210318,120.294168,22.966366,交通事故,其他,臺南市歸仁區段號歸仁圓環,1,晴,50,交岔路,交叉路口,無號誌,車與車,未注意車前狀態
11003ACA91B1493,20210319,120.231242,22.941403,交通事故,其他,臺南市仁德區段號成功里文華路二段358巷內,1,晴,30,單路部分,路段,無號誌,汽(機)車本身,其他引起事故之違規或不當行為
11003ACA91B1494,20210319,120.255506,22.969764,交通事故,交叉路口,臺南市仁德區仁義里仁義三街段號仁義一街156,1,晴,30,交岔路,交叉路口,無號誌,車與車,起步未注意其他車(人)安全
11003ACA91B1500,20210302,120.240322,22.959146,交通事故,交叉路口,臺南市仁德區民安路段號文華路,1,晴,50,交岔路,交叉路口,行車管制號誌,車與車,不明原因肇事
11003ACA91B1585,20210312,120.280978,22.968194,交通事故,其他,臺南市歸仁區段號中山路三段與民生北街,1,晴,60,交岔路,交叉路口,行車管制號誌,車與車,未依規定讓車
11003ACA91B1639,20210320,120.238747,22.972816,交通事故,交叉路口,臺南市仁德區文孝路段號文忠路,1,晴,50,交岔路,交叉路口,無號誌,車與車,未依規定讓車
11003ACA91B1640,20210320,120.259353,22.991255,交通事故,交叉路口,臺南市仁德區太子路段號太興路,1,晴,50,交岔路,交叉路口,行車管制號誌,車與車,左轉彎未依規定
11003ACA91B1653,20210314,120.328682,22.956002,交通事故,一般地址,臺南市關廟區五甲里南雄路1段1001號,1,晴,50,單路部分,其他,無號誌,車與車,起步未注意其他車(人)安全
11003ACA91B1674,20210311,120.290215,22.972433,交通事故,交叉路口,臺南市歸仁區文化里文化北街段號文化三街,1,晴,30,交岔路,交叉路口,無號誌,車與車,不明原因肇事
11003ACA91B1676,20210314,120.264567,22.973148,交通事故,交叉路口,臺南市仁德區一甲里義林路段256號義林路,1,晴,50,交岔路,交叉路口,行車管制號誌,車與車,左轉彎未依規定
11003ACA91B1679,20210314,120.278115,22.990954,交通事故,其他,臺南市歸仁區段號大廟里台39線與南丁路,1,晴,50,交岔路,交叉路口,行車管制號誌,車與車,右轉彎未依規定
11003ACA91B1681,20210314,120.293978,22.966819,交通事故,其他,臺南市歸仁區段號後市里歸仁圓環,1,晴,50,圓環廣場,交流道,無號誌,車與車,其他引起事故之違規或不當行為
11003ACA91B1684,20210316,120.230114,22.933626,交通事故,一般地址,臺南市仁德區保安里文賢路1段502號,1,晴,50,單路部分,路段,無號誌,人與汽(機)車,未注意車前狀態
11003ACA91B1692,20210315,120.246127,22.949629,交通事故,一般地址,臺南市仁德區後壁里德洋路段4147號,1,晴,50,單路部分,路段,無號誌,汽(機)車本身,尚未發現肇事因素
11003ACA91B1697,20210315,120.251978,22.972231,交通事故,一般地址,臺南市仁德區仁義里中正路3段18號,1,晴,50,交岔路,交叉路口,無號誌,車與車,未依規定減速
11003ACA91B1699,20210302,120.276697,22.956359,交通事故,一般地址,臺南市歸仁區民生南街二段段698188號,1,晴,30,單路部分,其他,無號誌,人與汽(機)車,未注意車前狀態
11003ACA91B1719,20210320,120.326171,22.960202,交通事故,交叉路口,臺南市關廟區中山路2段號民生街,2,晴,50,交岔路,交叉路口,行車管制號誌,車與車,不明原因肇事
11003ACA91B1743,20210321,120.231557,22.919303,交通事故,一般地址,臺南市仁德區中正路一段段100號,1,晴,50,單路部分,路段,無號誌,車與車,迴轉未依規定
11003ACA91B1769,20210312,120.262848,22.941286,交通事故,交叉路口,臺南市仁德區崑崙街段號德崙路,1,晴,50,交岔路,交叉路口,行車管制號誌,車與車,違反號誌管制或指揮
11003ACA91B1818,20210320,120.229694,22.934548,交通事故,其他,臺南市仁德區段號成功里文賢路一段南往北台86線橋下,1,晴,50,交岔路,路段,閃光號誌,車與車,未保持行車安全距離
11003ACA91B1820,20210321,120.328593,22.960287,交通事故,交叉路口,臺南市關廟區香洋里巡府路段號中山路620,1,晴,50,交岔路,交叉路口,無號誌,車與車,未依規定讓車
11003ACA91B1852,20210322,120.278125,22.990925,交通事故,其他,臺南市歸仁區段號大廟里台39線與南丁路口,1,晴,50,交岔路,交叉路口,行車管制號誌,車與車,右轉彎未依規定
11003ACA91B1856,20210323,120.283507,22.970373,交通事故,一般地址,臺南市歸仁區南保里文化街三段段201號,1,陰,50,單路部分,路段,無號誌,車與車,未注意車前狀態
11003ACA91B1859,20210323,120.270369,22.912214,交通事故,交叉路口,臺南市歸仁區大潭里中正南路3段號大潭一街,1,陰,50,交岔路,交叉路口,行車管制號誌,車與車,未依規定讓車
11003ACA91B1865,20210322,120.22523,22.919382,交通事故,一般地址,臺南市仁德區二行一路段157號,1,晴,50,單路部分,路段,無號誌,人與汽(機)車,未注意車前狀態
11003ACA91B1868,20210322,120.296427,22.969913,交通事故,交叉路口,臺南市歸仁區歸仁里文化街1段號和平北街,1,晴,50,交岔路,交叉路口,閃光號誌,車與車,未依規定讓車
11003ACA91B1889,20210323,120.294529,22.966863,交通事故,一般地址,臺南市歸仁區歸仁里中山路1段568號,1,晴,50,圓環廣場,路段,無號誌,車與車,未保持行車安全間隔
11003ACA91B1898,20210317,120.227673,22.938662,交通事故,交叉路口,臺南市仁德區文賢路1段號文華路2,1,晴,50,交岔路,交叉路口,行車管制號誌,車與車,未注意車前狀態
11003ACA91B1948,20210309,120.249349,22.990877,交通事故,其他,臺南市仁德區段號太子路742號附近,2,晴,50,單路部分,路段,無號誌,車與車,未注意車前狀態
11003ACA91B1954,20210323,120.225876,22.918628,交通事故,交叉路口,臺南市仁德區保安里中正路一段段號二仁路一段,1,晴,50,交岔路,交叉路口,行車管制號誌,車與車,違反號誌管制或指揮
11003ACA91B1960,20210301,120.325266,22.960998,交通事故,一般地址,臺南市關廟區正義街段9號,1,晴,50,單路部分,路段,無號誌,車與車,未注意車前狀態
11003ACA91B2010,20210319,120.225094,22.918322,交通事故,一般地址,臺南市仁德區中正西路段17號,1,晴,50,交岔路,交叉路口,行車管制號誌,車與車,未保持行車安全距離
11003ACA91B2037,20210316,120.274198,22.923457,交通事故,交叉路口,臺南市歸仁區武東里光明街段號歸仁十四路,1,晴,50,交岔路,交叉路口,無號誌,車與車,違規超車
11003ACA91B2049,20210312,120.20237,22.921961,交通事故,一般地址,臺南市仁德區大甲里中正西路段960號,1,晴,50,單路部分,路段,無號誌,車與車,左轉彎未依規定
11003ACA91B2052,20210317,120.259109,22.989107,交通事故,交叉路口,臺南市仁德區土庫里土庫五街段號土庫六街,1,晴,50,交岔路,交叉路口,行車管制號誌,車與車,左轉彎未依規定
11003ACA91B2053,20210319,120.268524,22.910539,交通事故,一般地址,臺南市歸仁區大潭里長榮路1段161號,1,晴,30,單路部分,路段,無號誌,車與車,橫越道路不慎
11003ACA91B2076,20210318,120.230517,22.93081,交通事故,其他,臺南市仁德區段號保安路一段105巷口,1,晴,50,交岔路,交叉路口,無號誌,車與車,逆向行駛
11003ACA91B2091,20210325,120.279115,22.992255,交通事故,交叉路口,臺南市歸仁區省道臺39線段號和順路2,1,晴,50,單路部分,路段,行車管制號誌,車與車,違反號誌管制或指揮
11003ACA91B2102,20210325,120.266907,22.991517,交通事故,一般地址,臺南市仁德區太子路段108號,1,晴,50,單路部分,路段,無號誌,車與車,開啟車門不當而肇事
11003ACA91B2107,20210319,120.223932,22.92302,交通事故,交叉路口,臺南市仁德區二仁路一段段號保安路1,1,晴,50,交岔路,交叉路口,行車管制號誌,車與車,違反特定標誌(線)禁制
11003ACA91B2118,20210322,120.330598,22.966579,交通事故,交叉路口,臺南市關廟區北安二街段號北新街,1,晴,50,單路部分,路段,閃光號誌,車與車,未依規定讓車
11003ACA91B2143,20210310,120.331249,22.956778,交通事故,其他,臺南市關廟區段號東安街與民族街口,1,晴,50,交岔路,交叉路口,無號誌,車與車,未依規定讓車
11003ACA91B2150,20210306,120.261408,22.956245,交通事故,其他,臺南市仁德區段號勝利路與義林南路口,1,晴,50,交岔路,交叉路口,行車管制號誌,車與車,不明原因肇事
11003ACA91B2151,20210323,120.274041,22.917339,交通事故,交叉路口,臺南市歸仁區武東里中正南路2段號大武路,1,晴,60,交岔路,交叉路口,行車管制號誌,車與車,未注意車前狀態
11003ACA91B2172,20210326,120.252653,22.955205,交通事故,一般地址,臺南市仁德區新田里中正路2段526號,1,晴,50,單路部分,其他,無號誌,車與車,起步未注意其他車(人)安全
11003ACA91B2179,20210326,120.273888,22.979111,交通事故,一般地址,臺南市歸仁區省道臺39線段號,1,晴,50,單路部分,路段,無號誌,車與車,未注意車前狀態
11003ACA91B2251,20210318,120.252716,22.905445,交通事故,其他,臺南市仁德區段號中洲五街21號,1,晴,50,單路部分,路段,無號誌,車與車,未依規定讓車
11003ACA91B2274,20210326,120.273408,22.952948,交通事故,交叉路口,臺南市歸仁區六甲里省道臺39線段號六甲路,1,晴,70,交岔路,交叉路口,行車管制號誌,車與車,違反號誌管制或指揮
11003ACA91B2296,20210314,120.292924,22.96982,交通事故,其他,臺南市歸仁區段號文化街三段與大仁街口,1,晴,50,交岔路,交叉路口,無號誌,車與車,右轉彎未依規定
11003ACA91B2309,20210317,120.251149,22.982481,交通事故,交叉路口,臺南市仁德區土庫里大發路段號太乙六街,2,晴,50,交岔路,交叉路口,行車管制號誌,車與車,左轉彎未依規定