案件編號,發生日期,GPS經度,GPS緯度,案件類別名稱,地址類型名稱,發生縣市名稱,受傷人數,天候名稱, 速限-第1當事者,道路型態大類別名稱,事故位置大類別名稱,號誌-號誌種類名稱,事故類型及型態大類別名稱,肇因研判子類別名稱-主要
11003ACA91B2311,20210327,120.302829,22.965786,交通事故,交叉路口,臺南市歸仁區中山路1段號忠孝北路,1,晴,50,交岔路,交叉路口,行車管制號誌,車與車,左轉彎未依規定
11003ACA91B2314,20210320,120.250521,22.991076,交通事故,其他,臺南市仁德區段號太子里太子路，?潭橋,1,晴,0,單路部分,路段,行車管制號誌,汽(機)車本身,未注意車前狀態
11003ACA91B2315,20210321,120.268429,22.993356,交通事故,交叉路口,臺南市仁德區太子里太子路段86號太子路869,1,晴,30,交岔路,交叉路口,無號誌,車與車,未依規定讓車
11003ACA91B2317,20210327,120.28357,22.956387,交通事故,一般地址,臺南市歸仁區中正南路1段79530號,1,晴,50,單路部分,路段,無號誌,車與車,未靠右行駛
11003ACA91B2362,20210326,120.262067,22.959671,交通事故,其他,臺南市仁德區段號義林路與義林三街口,2,晴,50,交岔路,交叉路口,閃光號誌,車與車,未依規定讓車
11003ACA91B2372,20210318,120.272705,22.973327,交通事故,其他,臺南市歸仁區段號南興里台39線與大德路口,1,晴,70,交岔路,交叉路口,行車管制號誌,車與車,右轉彎未依規定
11003ACA91B2389,20210327,120.256001,22.971504,交通事故,交叉路口,臺南市仁德區中山路段號中清路,1,晴,50,單路部分,路段,無號誌,車與車,未靠右行駛
11003ACA91B2395,20210326,120.268718,22.972991,交通事故,一般地址,臺南市仁德區仁義里義林路段256168號,1,晴,50,單路部分,路段,無號誌,車與車,未保持行車安全間隔
11003ACA91B2412,20210322,120.32805,22.957568,交通事故,其他,臺南市關廟區段號南雄路一段與大富街301巷口,2,晴,50,交岔路,其他,行車管制號誌,人與汽(機)車,搶越行人穿越道
11003ACA91B2422,20210323,120.262963,22.970893,交通事故,其他,臺南市仁德區段號林頂街14號,1,晴,50,交岔路,交叉路口,無號誌,車與車,未依規定讓車
11003ACA91B2442,20210319,120.256086,22.972373,交通事故,交叉路口,臺南市仁德區仁義里中清路段號正義路,1,晴,50,交岔路,交叉路口,行車管制號誌,車與車,違反號誌管制或指揮
11003ACA91B2493,20210320,120.249825,22.972266,交通事故,其他,臺南市仁德區段號仁德里仁德交流道，中山路,1,晴,50,交岔路,交叉路口,行車管制號誌,車與車,未保持行車安全距離
11003ACA91B2504,20210329,120.281,22.968219,交通事故,交叉路口,臺南市歸仁區南興里中山路三段段號民生北街,1,晴,60,交岔路,交叉路口,行車管制號誌,車與車,違反號誌管制或指揮
11003ACA91B2517,20210319,120.272039,22.96925,交通事故,交叉路口,臺南市歸仁區中山路段號省道臺39線,1,晴,50,交岔路,交叉路口,行車管制號誌,車與車,右轉彎未依規定
11003ACA91B2526,20210329,120.305963,22.997462,交通事故,交叉路口,臺南市關廟區埤頭里保東路段88號關新路251,1,晴,30,交岔路,交叉路口,無號誌,車與車,未依規定讓車
11003ACA91B2530,20210316,120.290191,22.993312,交通事故,其他,臺南市歸仁區段號和順路一段116號,1,晴,50,交岔路,交叉路口,閃光號誌,車與車,未注意車前狀態
11003ACA91B2532,20210322,120.277669,22.942681,交通事故,其他,臺南市歸仁區段號台39線北上慢車道(近中正南路口),1,晴,50,單路部分,路段,無號誌,汽(機)車本身,其他引起事故之違規或不當行為
11003ACA91B2556,20210329,120.217624,22.953635,交通事故,一般地址,臺南市仁德區大同路三段段416號0,1,晴,50,單路部分,路段,無號誌,車與車,未注意車前狀態
11003ACA91B2568,20210316,120.296177,22.96701,交通事故,其他,臺南市歸仁區段號中山路與和平北街口,2,晴,50,交岔路,交叉路口,行車管制號誌,車與車,不明原因肇事
11003ACA91B2589,20210309,120.24149,22.974445,交通事故,其他,臺南市仁德區段號中山路與文心路口,1,晴,50,交岔路,交叉路口,行車管制號誌,車與車,右轉彎未依規定
11003ACA91B2600,20210301,120.251519,22.949288,交通事故,一般地址,臺南市仁德區中正路二段段248號,1,晴,50,單路部分,路段,無號誌,車與車,開啟車門不當而肇事
11003ACA91B2608,20210325,120.293066,22.983796,交通事故,交叉路口,臺南市歸仁區中正北路2段號七甲二街,1,晴,50,交岔路,交叉路口,行車管制號誌,車與車,左轉彎未依規定
11003ACA91B2618,20210326,120.240291,22.959534,交通事故,一般地址,臺南市仁德區文華路1段號,1,晴,50,單路部分,路段,行車管制號誌,車與車,未注意車前狀態
11003ACA91B2626,20210328,120.274388,22.909977,交通事故,交叉路口,臺南市歸仁區大潭里長榮路1段號長榮路1431,1,晴,50,交岔路,交叉路口,無號誌,車與車,未依規定讓車
11003ACA91B2635,20210330,120.332382,22.947401,交通事故,一般地址,臺南市關廟區南雄路1段號,1,晴,50,單路部分,路段,無號誌,車與車,未注意車前狀態
11003ACA91B2638,20210326,120.224388,22.923401,交通事故,一般地址,臺南市仁德區保安路1段9號,1,晴,50,單路部分,路段,無號誌,車與車,未注意車前狀態
11003ACA91B2665,20210330,120.249991,22.990887,交通事故,一般地址,臺南市仁德區太子路段709號,1,晴,50,單路部分,路段,無號誌,車與車,變換車道或方向不當
11003ACA91B2695,20210322,120.295655,22.967812,交通事故,一般地址,臺南市歸仁區大通路段58號,1,晴,50,單路部分,路段,無號誌,車與車,迴轉未依規定
11003ACA91B2701,20210323,120.226212,22.918814,交通事故,其他,臺南市仁德區段號中正路一段(嘉藥停車場)前,1,晴,50,單路部分,路段,行車管制號誌,車與車,右轉彎未依規定
11003ACA91B2706,20210329,120.25167,22.951814,交通事故,一般地址,臺南市仁德區後壁里中正路二段段356號,1,晴,50,單路部分,路段,無號誌,車與車,橫越道路不慎
11003ACA91B2767,20210330,120.228937,22.919045,交通事故,交叉路口,臺南市仁德區保安里中正路1段號中正路170,1,晴,50,交岔路,交叉路口,行車管制號誌,車與車,迴轉未依規定
11003ACA91B2772,20210331,120.288174,22.972894,交通事故,一般地址,臺南市歸仁區南保里民權北路段239號,1,晴,50,單路部分,路段,無號誌,車與車,開啟車門不當而肇事
11003ACA91B2807,20210324,120.226448,22.918853,交通事故,其他,臺南市仁德區段號中正路一段(嘉藥停車場)前路口,1,晴,50,交岔路,交叉路口,行車管制號誌,車與車,未依規定讓車
11003ACA91B2813,20210329,120.42171,22.935766,交通事故,其他,臺南市龍崎區段號牛埔里182縣道東向27.7K,1,晴,50,單路部分,路段,無號誌,汽(機)車本身,不明原因肇事
11003ACA91B2836,20210331,120.250237,22.954013,交通事故,一般地址,臺南市仁德區民安路一段段376號0,1,晴,50,單路部分,路段,無號誌,車與車,迴轉未依規定
11003ACA91B2867,20210320,120.232029,22.947972,交通事故,其他,臺南市仁德區段號成功里文華路二段、特27號道路,1,晴,50,交岔路,其他,行車管制號誌,汽(機)車本身,不明原因肇事
11003ACA91B2897,20210318,120.291414,22.970062,交通事故,交叉路口,臺南市歸仁區國光街段號文化街,1,晴,50,交岔路,交叉路口,行車管制號誌,車與車,不明原因肇事
11003ACA91B2898,20210328,120.233723,22.925753,交通事故,一般地址,臺南市仁德區文賢路1段786號,2,晴,50,單路部分,路段,無號誌,汽(機)車本身,尚未發現肇事因素
11003ACA91B2899,20210326,120.279443,23.006109,交通事故,其他,臺南市歸仁區段號保吉路350號前,2,晴,50,單路部分,路段,無號誌,車與車,尚未發現肇事因素
11003ACA91B2904,20210329,120.224801,22.917949,交通事故,一般地址,臺南市仁德區二行一路段111號,1,晴,50,單路部分,路段,無號誌,車與車,迴轉未依規定
11003ACA91B2914,20210315,120.306986,22.996119,交通事故,一般地址,臺南市關廟區埤頭里保東路段59號,1,晴,50,單路部分,路段,無號誌,車與車,未注意車前狀態
11003ACA91B2932,20210327,120.293596,22.964666,交通事故,一般地址,臺南市歸仁區辜厝里中正南路1段86號0,2,晴,50,交岔路,交叉路口,無號誌,車與車,未注意車前狀態
11003ACA91B2934,20210327,120.252783,22.96805,交通事故,交叉路口,臺南市仁德區仁義里中正路2段號仁義路,1,晴,50,交岔路,交叉路口,行車管制號誌,車與車,尚未發現肇事因素
11003ACA91B2935,20210320,120.234194,22.919974,交通事故,其他,臺南市仁德區段號中正路一段與保學路口,2,晴,50,交岔路,交叉路口,行車管制號誌,車與車,違反號誌管制或指揮
11003ACA91B2962,20210324,120.277003,22.935872,交通事故,一般地址,臺南市歸仁區六甲里中正南路1段2500號,1,晴,50,單路部分,其他,行車管制號誌,汽(機)車本身,不明原因肇事
11003ACA91B2968,20210330,120.273119,22.977686,交通事故,交叉路口,臺南市歸仁區七甲里省道臺39線段號丁厝街,1,晴,50,單路部分,路段,無號誌,車與車,未依規定減速
11003ACA91B2972,20210328,120.251722,22.971679,交通事故,其他,臺南市仁德區段號中山路與中正路三段口,1,晴,50,交岔路,交叉路口,行車管制號誌,車與車,違反特定標誌(線)禁制
11003ACA91B2975,20210312,120.254318,22.974097,交通事故,其他,臺南市仁德區段號正義三街60號,1,晴,50,交岔路,交叉路口,無號誌,車與車,未依規定讓車
11003ACA91B2976,20210311,120.280151,22.937915,交通事故,其他,臺南市歸仁區段號台39線航太橋上機慢車道,1,晴,50,單路部分,路段,無號誌,車與車,違規停車或暫停不當而肇事
11003ACA91B2981,20210325,120.256395,22.99141,交通事故,交叉路口,臺南市仁德區太子路段號長興四街,1,晴,50,交岔路,交叉路口,閃光號誌,車與車,未依規定讓車
11003ACA91B2983,20210313,120.238643,22.975258,交通事故,其他,臺南市仁德區段號中山路934號淨修禪院前,1,晴,50,交岔路,交叉路口,行車管制號誌,車與車,未保持行車安全距離
11003ACA91B2992,20210329,120.253378,22.96437,交通事故,一般地址,臺南市仁德區仁德里中正路2段847號,1,晴,50,單路部分,路段,無號誌,車與車,變換車道或方向不當
11003ACA91B3027,20210316,120.27393,23.000636,交通事故,一般地址,臺南市歸仁區大廟里保大路3段401號,1,晴,50,交岔路,交叉路口,行車管制號誌,車與車,違反號誌管制或指揮
11003ACA91B3064,20210311,120.249398,22.990934,交通事故,其他,臺南市仁德區段號太子路與復興路1巷30弄口,1,晴,50,交岔路,交叉路口,行車管制號誌,車與車,未依規定讓車
11003ACA91B3067,20210312,120.271841,22.965286,交通事故,一般地址,臺南市歸仁區中山路3段55181號,1,晴,50,單路部分,路段,無號誌,汽(機)車本身,未注意車前狀態
11003ACA91B3070,20210310,120.230948,22.931005,交通事故,其他,臺南市仁德區段號文賢路一段與保安路一段口,1,晴,50,交岔路,交叉路口,行車管制號誌,車與車,未保持行車安全距離
11003ACA91B3071,20210307,120.258347,22.984052,交通事故,一般地址,臺南市仁德區中正路3段419號,1,晴,50,交岔路,交叉路口,閃光號誌,車與車,其他引起事故之違規或不當行為
11003ACA91B3085,20210316,120.286168,22.929213,交通事故,交叉路口,臺南市歸仁區武東里歸仁五路段號高發一路,1,晴,50,交岔路,交叉路口,閃光號誌,車與車,右轉彎未依規定
11003ACA91B3093,20210326,120.328357,22.962107,交通事故,交叉路口,臺南市關廟區香洋里南雄路2段號農會路,1,晴,50,交岔路,交叉路口,無號誌,車與車,未依規定讓車
11003ACA91B3107,20210325,120.293424,22.96442,交通事故,一般地址,臺南市歸仁區中正南路一段段97號0,1,晴,50,單路部分,路段,無號誌,車與車,變換車道或方向不當
11003ACA91B3109,20210331,120.332797,22.970501,交通事故,其他,臺南市關廟區段號新埔里新埔二街72巷(新仁橋),1,晴,30,單路部分,路段,無號誌,車與車,未靠右行駛
11003ACA91B3113,20210325,120.24856,22.972311,交通事故,其他,臺南市仁德區段號中山路與交流道西側南下入口處,1,晴,60,交岔路,交叉路口,無號誌,車與車,右轉彎未依規定
11003ACA91B3115,20210324,120.304515,22.965296,交通事故,其他,臺南市歸仁區段號中山路一段與台86南下便道口,1,晴,50,交岔路,交叉路口,行車管制號誌,車與車,未依規定使用燈光
11003ACA91B3118,20210329,120.287255,22.927577,交通事故,其他,臺南市歸仁區段號歸仁七路與高發一路口,1,晴,50,交岔路,交叉路口,閃光號誌,車與車,未依規定讓車
11003ACA91B3127,20210302,120.251178,22.947255,交通事故,其他,臺南市仁德區段號三甲子50之10號前,1,晴,50,交岔路,交叉路口,無號誌,車與車,右轉彎未依規定
11003ACA91B3134,20210303,120.242981,22.921981,交通事故,其他,臺南市仁德區段號永德路9號前,1,晴,50,單路部分,路段,無號誌,人與汽(機)車,尚未發現肇事因素
11003ACA91B3135,20210303,120.261189,22.912968,交通事故,其他,臺南市仁德區段號依仁二街100號前,1,晴,40,交岔路,交叉路口,無號誌,車與車,未注意車前狀態
11003ACA91B3139,20210326,120.252764,22.974004,交通事故,交叉路口,臺南市仁德區中正路三段段號正義三街,1,晴,50,交岔路,交叉路口,行車管制號誌,車與車,違反號誌管制或指揮
11003ACA91B3159,20210329,120.282568,22.927778,交通事故,交叉路口,臺南市歸仁區武當路段號歸仁八路,1,晴,50,交岔路,交叉路口,行車管制號誌,車與車,違反號誌管制或指揮
11003ACA91B3172,20210306,120.290688,22.965155,交通事故,其他,臺南市歸仁區段號大順街73號旁,1,晴,50,單路部分,路段,無號誌,車與車,未保持行車安全距離
11003ACA91B3173,20210324,120.258967,22.986624,交通事故,一般地址,臺南市仁德區中正路三段段482號,2,晴,50,交岔路,路段,閃光號誌,人與汽(機)車,未注意車前狀態
11003ACA91B3177,20210329,120.293187,22.966711,交通事故,其他,臺南市歸仁區段號中山路二段29號,1,晴,50,單路部分,路段,無號誌,車與車,起步未注意其他車(人)安全
11003ACA91B3179,20210328,120.275306,22.991796,交通事故,其他,臺南市歸仁區段號和順路二段303號前,1,晴,50,單路部分,路段,無號誌,車與車,不明原因肇事
11003ACA91B3182,20210323,120.269751,22.969831,交通事故,一般地址,臺南市仁德區仁義里中山路段24號,1,晴,60,單路部分,路段,無號誌,車與車,未注意車前狀態
11003ACA91B3183,20210320,120.327814,22.963004,交通事故,其他,臺南市關廟區段號中正路與新光街口,2,晴,50,交岔路,交叉路口,行車管制號誌,車與車,未注意車前狀態
11003ACA91B3186,20210326,120.223751,22.916834,交通事故,其他,臺南市仁德區段號二層行橋下,2,晴,50,單路部分,路段,無號誌,車與車,不明原因肇事
11003ACA91B3189,20210329,120.279223,22.97064,交通事故,一般地址,臺南市歸仁區文化街三段段378號,1,晴,50,交岔路,交叉路口,無號誌,車與車,未依規定讓車
11003ACA91B3190,20210305,120.229409,22.919321,交通事故,其他,臺南市仁德區段號中正路一段73號前,2,晴,50,單路部分,路段,無號誌,車與車,左轉彎未依規定
11003ACA91B3199,20210327,120.224837,22.92373,交通事故,其他,臺南市仁德區段號保安路17之5號前,1,晴,50,單路部分,路段,無號誌,車與車,迴轉未依規定
11003ACA91B3232,20210302,120.22732,22.918942,交通事故,其他,臺南市仁德區段號中正路一段與德糖路口,2,晴,50,交岔路,交叉路口,行車管制號誌,車與車,右轉彎未依規定
11003ACA91B3235,20210326,120.255985,22.970579,交通事故,其他,臺南市仁德區段號中清路82號(清寧代天府)前,1,晴,50,單路部分,路段,無號誌,車與車,違反特定標誌(線)禁制
11003ACA91B3261,20210325,120.263513,22.968139,交通事故,交叉路口,臺南市仁德區新田里義林路段號義林三街,1,晴,50,交岔路,交叉路口,行車管制號誌,車與車,左轉彎未依規定
11003ACA91B3263,20210318,120.277238,22.935077,交通事故,一般地址,臺南市歸仁區中正南路2段1號0,1,晴,50,單路部分,路段,行車管制號誌,車與車,違反特定標誌(線)禁制
11003ACA91B3267,20210331,120.261466,22.956169,交通事故,交叉路口,臺南市仁德區新田里義林路段號勝利路,1,晴,50,交岔路,交叉路口,行車管制號誌,車與車,違反號誌管制或指揮
11003ACA91B3284,20210315,120.272076,22.969207,交通事故,其他,臺南市歸仁區段號中山路三段與臺39縣,1,晴,50,交岔路,交叉路口,行車管制號誌,車與車,違反特定標誌(線)禁制
11003ACA91B3287,20210307,120.287903,22.967396,交通事故,交叉路口,臺南市歸仁區民權南路段號中山路三段,1,晴,50,交岔路,交叉路口,行車管制號誌,車與車,左轉彎未依規定
11003ACA91B3289,20210325,120.21745,22.958246,交通事故,其他,臺南市仁德區段號大同路三段115號,1,晴,50,交岔路,交叉路口,行車管制號誌,車與車,未注意車前狀態
11003ACA91B3291,20210308,120.247229,22.972913,交通事故,一般地址,臺南市仁德區中山路段692號,1,晴,50,單路部分,路段,無號誌,車與車,未保持行車安全距離
11003ACA91B3307,20210329,120.292452,22.989504,交通事故,一般地址,臺南市歸仁區中正北路2段520號,2,晴,50,交岔路,交叉路口,無號誌,車與車,左轉彎未依規定
11003ACA91B3313,20210331,120.239051,22.96457,交通事故,一般地址,臺南市仁德區仁德里文華路3段189號,1,晴,30,單路部分,路段,無號誌,車與車,左轉彎未依規定
11003ACA91B3318,20210308,120.239533,22.957198,交通事故,其他,臺南市仁德區段號民安路一段82巷口,1,晴,50,單路部分,路段,無號誌,車與車,起步未注意其他車(人)安全
11003ACA91B3319,20210329,120.257741,22.937231,交通事故,其他,臺南市仁德區段號崑崙路與台86線便道口,3,晴,50,交岔路,交叉路口,閃光號誌,車與車,未依規定讓車
11003ACA91B3323,20210307,120.35793,22.974173,交通事故,一般地址,臺南市關廟區新光街段186號,1,晴,50,單路部分,路段,無號誌,人與汽(機)車,未注意車前狀態
11003ACA91B3326,20210331,120.295092,22.970524,交通事故,一般地址,臺南市歸仁區文化里中正北路1段136號,1,晴,50,單路部分,路段,無號誌,車與車,迴轉未依規定
11003ACA91B3327,20210303,120.239919,22.924547,交通事故,其他,臺南市仁德區段號中正路一段352號前,1,晴,50,單路部分,路段,無號誌,車與車,起步未注意其他車(人)安全
11003ACA91B3346,20210313,120.391798,22.948045,交通事故,其他,臺南市龍崎區段號182線26.8K,1,晴,50,單路部分,路段,無號誌,車與車,不明原因肇事
11003ACA91B3347,20210314,120.27798,22.919661,交通事故,交叉路口,臺南市歸仁區大武路2段號高鐵七路,1,晴,50,交岔路,路段,閃光號誌,車與車,變換車道或方向不當
11003ACA91B3348,20210331,120.251878,22.953201,交通事故,交叉路口,臺南市仁德區中正路二段段號民安路二段,1,晴,50,交岔路,交叉路口,行車管制號誌,車與車,未注意車前狀態
11003ACA91B3361,20210309,120.231995,22.947776,交通事故,交叉路口,臺南市仁德區德糖路段號文華路2,1,晴,50,交岔路,交叉路口,行車管制號誌,車與車,左轉彎未依規定
11003ACA91B3369,20210314,120.2491,22.910381,交通事故,一般地址,臺南市仁德區中洲路段1306號0,1,晴,50,單路部分,路段,無號誌,車與車,不明原因肇事
11003ACA91B3377,20210331,120.252498,22.968664,交通事故,交叉路口,臺南市仁德區仁義里中正路2段號仁德三街,1,晴,30,交岔路,交叉路口,行車管制號誌,車與車,變換車道或方向不當
11003ACA91B3389,20210323,120.292125,22.936671,交通事故,其他,臺南市歸仁區段號台86線往西12.5公里處,1,晴,90,單路部分,路段,無號誌,車與車,未保持行車安全間隔
11003ACA91B3390,20210325,120.225004,22.918731,交通事故,其他,臺南市仁德區段號二行一路135號,1,晴,30,單路部分,路段,無號誌,車與車,橫越道路不慎
11003ACA91B3392,20210314,120.263566,22.987659,交通事故,交叉路口,臺南市仁德區土庫里土庫一街段號太子二街,1,晴,50,交岔路,交叉路口,無號誌,車與車,左轉彎未依規定
11003ACA91B3393,20210315,120.220677,22.944041,交通事故,交叉路口,臺南市仁德區成功里文賢路1段號二仁路二段,1,晴,70,交岔路,交叉路口,行車管制號誌,車與車,違反號誌管制或指揮
11003ACA91B3399,20210315,120.285349,23.006403,交通事故,一般地址,臺南市歸仁區保吉路段411號,1,晴,50,交岔路,交叉路口,行車管制號誌,車與車,其他引起事故之違規或不當行為
11003ACA91B3400,20210316,120.259029,22.946497,交通事故,其他,臺南市仁德區段號德善路305巷口,1,晴,50,交岔路,交叉路口,無號誌,車與車,右轉彎未依規定
11003ACA91B3405,20210328,120.328609,22.960274,交通事故,其他,臺南市關廟區段號中山路620巷與巡府路口,1,晴,50,交岔路,交叉路口,無號誌,車與車,未依規定讓車
11003ACA91B3411,20210331,120.293406,22.992884,交通事故,一般地址,臺南市歸仁區中正北路3段129號,1,晴,50,單路部分,路段,無號誌,車與車,未注意車前狀態
11003ACA91B3413,20210323,120.313302,22.962505,交通事故,其他,臺南市歸仁區段號中山路一段13號前,1,晴,50,單路部分,路段,行車管制號誌,車與車,尚未發現肇事因素
11003ACA91B3418,20210301,120.274066,22.991926,交通事故,交叉路口,臺南市歸仁區大廟一街段號和順路,1,晴,50,交岔路,交叉路口,行車管制號誌,車與車,不明原因肇事
11003ACA91B3421,20210329,120.294293,22.967449,交通事故,其他,臺南市歸仁區段號中正北路一段1號前,2,晴,50,單路部分,路段,無號誌,車與車,橫越道路不慎
11003ACA91B3436,20210318,120.253426,22.962556,交通事故,其他,臺南市仁德區段號中正路2段779號,2,晴,50,單路部分,路段,無號誌,車與車,變換車道或方向不當
11003ACA91B3437,20210325,120.23411,22.925758,交通事故,其他,臺南市仁德區段號文賢路727號,2,晴,50,單路部分,路段,無號誌,車與車,未依規定使用燈光
11003ACA91B3438,20210314,120.251685,22.97243,交通事故,其他,臺南市仁德區段號中正路三段與正義二街口,1,晴,60,交岔路,交叉路口,無號誌,車與車,左轉彎未依規定
11003ACA91B3439,20210319,120.322443,22.972942,交通事故,其他,臺南市關廟區段號南雄路二段88巷口,2,晴,50,單路部分,路段,閃光號誌,車與車,未注意車前狀態
11003ACA91B3440,20210320,120.230458,22.933459,交通事故,一般地址,臺南市仁德區成功里文賢路1段1511號,1,晴,25,交岔路,交叉路口,行車管制號誌,車與車,右轉彎未依規定
11003ACA91B3450,20210319,120.231995,22.947776,交通事故,交叉路口,臺南市仁德區文華路2段號德糖路,1,晴,50,交岔路,交叉路口,行車管制號誌,車與車,未保持行車安全距離
11003ACA91B3451,20210325,120.283389,22.931122,交通事故,交叉路口,臺南市歸仁區省道臺39線段號歸仁一路,1,晴,50,交岔路,交叉路口,行車管制號誌,車與車,不明原因肇事
11003ACA91B3452,20210322,120.245612,22.973295,交通事故,其他,臺南市仁德區段號仁德里仁德交流道南下匝道口,1,晴,50,交岔路,交叉路口,行車管制號誌,車與車,右轉彎未依規定
11003ACA91B3454,20210323,120.225695,22.918616,交通事故,交叉路口,臺南市仁德區二行里二仁路一段段號中正路一段,1,晴,50,交岔路,交叉路口,行車管制號誌,車與車,左轉彎未依規定
11003ACA91B3455,20210301,120.328682,22.96087,交通事故,一般地址,臺南市關廟區中央路段230號0,1,晴,50,交岔路,交叉路口,無號誌,車與車,不明原因肇事
11003ACA91B3467,20210326,120.278844,23.0058,交通事故,一般地址,臺南市歸仁區保吉路段190號0,1,晴,50,交岔路,交叉路口,行車管制號誌,汽(機)車本身,不明原因肇事
11003ACA91B3486,20210330,120.285008,22.967752,交通事故,一般地址,臺南市歸仁區中山路三段段121號,1,晴,50,單路部分,路段,無號誌,車與車,未依規定讓車
11003ACA91B3487,20210331,120.262407,22.941613,交通事故,其他,臺南市仁德區段號德崙路752號,1,晴,50,單路部分,路段,無號誌,車與車,未依規定讓車
11003ACA91B3492,20210311,120.226001,22.932356,交通事故,其他,臺南市仁德區段號台86橋下便道往東5.7K,3,晴,40,單路部分,路段,無號誌,車與車,未保持行車安全距離
11003ACA91B3507,20210331,120.230929,22.930915,交通事故,其他,臺南市仁德區段號文賢路一段與保安路一段口,2,晴,50,交岔路,交叉路口,行車管制號誌,車與車,違反號誌管制或指揮
11003ACA91B3508,20210328,120.294711,22.967744,交通事故,其他,臺南市歸仁區段號保吉路與大埔路口,1,晴,50,交岔路,交叉路口,閃光號誌,車與車,未依規定讓車
11003ACA91B3509,20210329,120.238118,22.92209,交通事故,其他,臺南市仁德區段號文賢路二段36巷口,2,晴,40,交岔路,交叉路口,無號誌,車與車,未依規定讓車
11003ACA91B3511,20210327,120.26138,22.908525,交通事故,其他,臺南市仁德區段號文賢路二段中洲公墓前,1,晴,50,交岔路,交叉路口,無號誌,車與車,右轉彎未依規定
11003ACA91B3512,20210326,120.243633,22.960892,交通事故,其他,臺南市仁德區段號文華一街89號前,3,晴,50,單路部分,路段,無號誌,車與車,起步未注意其他車(人)安全
11003ACA91B3513,20210326,120.225233,22.918352,交通事故,其他,臺南市仁德區段號中正西路495巷口,1,晴,50,交岔路,交叉路口,閃光號誌,車與車,未依規定減速
11003ACA91B3525,20210326,120.248552,22.972302,交通事故,其他,臺南市仁德區段號中山路西側(國道南下匝道),1,晴,50,交岔路,交叉路口,行車管制號誌,車與車,其他引起事故之違規或不當行為
11003ACA91B3526,20210321,120.218159,22.952018,交通事故,一般地址,臺南市仁德區大同路三段段號,1,晴,60,單路部分,路段,行車管制號誌,車與車,違反號誌管制或指揮
11003ACA91B3527,20210312,120.282585,22.967668,交通事故,其他,臺南市歸仁區段號中山路三段201號,1,晴,50,單路部分,路段,行車管制號誌,車與車,未依規定讓車
11003ACA91B3528,20210327,120.291997,22.965291,交通事故,交叉路口,臺南市歸仁區民族南街段號民族南街93,1,晴,30,交岔路,交叉路口,閃光號誌,車與車,未依規定讓車
11003ACA91B3529,20210313,120.263487,22.941935,交通事故,其他,臺南市仁德區段號義林南路與崑崙路口,1,晴,50,交岔路,交叉路口,行車管制號誌,車與車,右轉彎未依規定
11003ACA91B3531,20210312,120.259372,22.991252,交通事故,交叉路口,臺南市仁德區太子路段號太興路,1,晴,50,交岔路,交叉路口,行車管制號誌,車與車,不明原因肇事
11003ACA91B3532,20210314,120.300645,22.96379,交通事故,一般地址,臺南市歸仁區仁愛南街段91號0,1,晴,30,交岔路,交叉路口,無號誌,車與車,不明原因肇事
11003ACA91B3533,20210318,120.273898,22.952148,交通事故,交叉路口,臺南市歸仁區省道臺39線段號六甲三街,1,晴,70,交岔路,交叉路口,行車管制號誌,車與車,不明原因肇事
11003ACA91B3537,20210314,120.328302,22.964944,交通事故,其他,臺南市關廟區段號成功路與忠孝街口,1,晴,50,交岔路,交叉路口,閃光號誌,車與車,未依規定讓車
11003ACA91B3538,20210325,120.274915,22.918576,交通事故,其他,臺南市歸仁區段號武東一街48巷口,2,晴,30,交岔路,路段,無號誌,車與車,左轉彎未依規定
11003ACA91B3539,20210324,120.308123,22.996341,交通事故,一般地址,臺南市關廟區關新路2段7號0,1,雨,50,單路部分,路段,無號誌,車與車,不明原因肇事
11003ACA91B3540,20210327,120.25604,22.972387,交通事故,其他,臺南市仁德區段號中清路與正義路口,1,晴,50,交岔路,交叉路口,閃光號誌,車與車,未依規定減速
11003ACA91B3541,20210327,120.245102,22.973565,交通事故,一般地址,臺南市仁德區中山路段794號,1,晴,50,單路部分,路段,無號誌,車與車,未保持行車安全距離
11003ACA91B3542,20210326,120.328493,22.965355,交通事故,交叉路口,臺南市關廟區忠孝街段號南雄路,1,晴,50,交岔路,交叉路口,行車管制號誌,車與車,不明原因肇事
11003ACA91B3543,20210315,120.263532,22.941896,交通事故,交叉路口,臺南市仁德區義林南路段號崑崙街,1,晴,50,交岔路,交叉路口,行車管制號誌,車與車,不明原因肇事
11003ACA91B3544,20210328,120.326062,22.959504,交通事故,其他,臺南市關廟區段號民生街216號,1,晴,50,單路部分,路段,無號誌,車與車,未注意車前狀態
11003ACA91B3545,20210330,120.25251,22.971576,交通事故,其他,臺南市仁德區段號中山路與中山路591巷口,1,晴,60,交岔路,路段,無號誌,車與車,其他引起事故之違規或不當行為
11003ACA91B3547,20210327,120.220678,22.94308,交通事故,一般地址,臺南市仁德區二仁路2段600號0,1,晴,50,單路部分,路段,行車管制號誌,車與車,不明原因肇事
11003ACA91B3548,20210307,120.289686,22.919069,交通事故,交叉路口,臺南市歸仁區省道臺39線段號大武路,1,晴,70,交岔路,交叉路口,行車管制號誌,車與車,不明原因肇事
11003ACA91B3549,20210331,120.221016,22.917805,交通事故,其他,臺南市仁德區段號中正西路211巷口,1,晴,50,交岔路,交叉路口,行車管制號誌,車與車,未注意車前狀態
11003ACA91B3550,20210306,120.222156,22.94299,交通事故,一般地址,臺南市仁德區文賢路1段524號0,1,晴,50,單路部分,路段,無號誌,汽(機)車本身,不明原因肇事
11003ACA91B3551,20210302,120.284449,22.969848,交通事故,一般地址,臺南市歸仁區民權六街段126號0,1,晴,30,交岔路,交叉路口,無號誌,車與車,不明原因肇事