案件編號,發生日期,GPS經度,GPS緯度,案件類別名稱,地址類型名稱,發生縣市名稱,受傷人數,天候名稱, 速限-第1當事者,道路型態大類別名稱,事故位置大類別名稱,號誌-號誌種類名稱,事故類型及型態大類別名稱,肇因研判子類別名稱-主要
11003ACAY1B0127,20210302,120.223969,22.922224,交通事故,其他,臺南市仁德區段號二仁路一段235號前,1,晴,40,單路部分,路段,無號誌,車與車,右轉彎未依規定
11003ACAY1B1480,20210319,120.226272,22.923411,交通事故,其他,臺南市仁德區段號保安路一段56巷口內,1,晴,40,單路部分,路段,無號誌,人與汽(機)車,尚未發現肇事因素
11003ACAY1B2132,20210315,120.217982,22.952317,交通事故,其他,臺南市仁德區段號仁愛里大同路三段與大同路三段490巷口,2,陰,70,交岔路,交叉路口,行車管制號誌,車與車,違反號誌管制或指揮
11003ACB91A0016,20210327,120.261836,23.045786,交通事故,其他,臺南市永康區段號中正北路與龍橋街口,0,晴,50,交岔路,交叉路口,行車管制號誌,車與車,違反特定標誌(線)禁制
11003ACB91B0002,20210301,120.259093,23.005834,交通事故,交叉路口,臺南市永康區永華路段號國光五街,1,晴,50,單路部分,路段,行車管制號誌,車與車,倒車未依規定
11003ACB91B0008,20210301,120.260568,23.027394,交通事故,交叉路口,臺南市永康區中山北路段號永大路2,1,晴,50,交岔路,交叉路口,行車管制號誌,車與車,未保持行車安全間隔
11003ACB91B0018,20210301,120.256984,22.999812,交通事故,交叉路口,臺南市永康區大灣路段號大仁街,2,晴,50,交岔路,路段,行車管制號誌,車與車,逆向行駛
11003ACB91B0022,20210301,120.242012,23.050139,交通事故,一般地址,臺南市永康區仁愛街段號,1,晴,50,單路部分,路段,無號誌,汽(機)車本身,其他引起事故之違規或不當行為
11003ACB91B0025,20210301,120.267795,23.007301,交通事故,交叉路口,臺南市永康區大灣路段號民族路,1,晴,50,交岔路,交叉路口,行車管制號誌,車與車,起步未注意其他車(人)安全
11003ACB91B0031,20210301,120.229951,23.014629,交通事故,交叉路口,臺南市永康區中華路段號中華路286,2,晴,50,交岔路,路段,行車管制號誌,車與車,變換車道或方向不當
11003ACB91B0035,20210301,120.222191,23.027183,交通事故,交叉路口,臺南市永康區中正南路段號中正南路242,1,晴,30,交岔路,交叉路口,行車管制號誌,車與車,右轉彎未依規定
11003ACB91B0051,20210302,120.266372,23.004708,交通事故,交叉路口,臺南市永康區大灣路段號大灣三街,1,晴,50,交岔路,路段,行車管制號誌,汽(機)車本身,未注意車前狀態
11003ACB91B0063,20210302,120.244093,23.053949,交通事故,交叉路口,臺南市永康區三民街段號仁愛街,1,晴,50,交岔路,交叉路口,行車管制號誌,車與車,未保持行車安全距離
11003ACB91B0079,20210302,120.215597,23.021498,交通事故,交叉路口,臺南市永康區小北路段號中央路2315,1,晴,50,交岔路,交叉路口,無號誌,車與車,左轉彎未依規定
11003ACB91B0084,20210302,120.251298,22.998542,交通事故,交叉路口,臺南市永康區大灣路段號崑大路,1,晴,50,交岔路,交叉路口,行車管制號誌,車與車,違反號誌管制或指揮
11003ACB91B0086,20210302,120.262788,23.02118,交通事故,其他,臺南市永康區段號豐化橋(往永康方向),1,晴,50,單路部分,路段,無號誌,汽(機)車本身,尚未發現肇事因素
11003ACB91B0099,20210302,120.233187,23.012903,交通事故,交叉路口,臺南市永康區五福街段號成功路24449,1,晴,30,交岔路,交叉路口,無號誌,車與車,迴轉未依規定
11003ACB91B0106,20210302,120.275928,23.051084,交通事故,一般地址,臺南市永康區王行路段1022號,1,晴,50,單路部分,路段,行車管制號誌,車與車,起步未注意其他車(人)安全
11003ACB91B0107,20210302,120.232073,23.042283,交通事故,其他,臺南市永康區段號鹽行路與鹽行路204巷,2,晴,50,交岔路,交叉路口,行車管制號誌,車與車,左轉彎未依規定
11003ACB91B0108,20210302,120.239871,23.00071,交通事故,其他,臺南市永康區段號忠孝路85號旁,1,晴,50,交岔路,交叉路口,行車管制號誌,車與車,左轉彎未依規定
11003ACB91B0115,20210302,120.264338,23.048001,交通事故,其他,臺南市永康區段號中正北路與正北三路路口,1,晴,50,交岔路,交叉路口,行車管制號誌,車與車,未依規定讓車
11003ACB91B0117,20210302,120.222296,23.02092,交通事故,一般地址,臺南市永康區中華路段號,2,晴,50,單路部分,路段,無號誌,車與車,未注意車前狀態
11003ACB91B0137,20210303,120.238526,23.041595,交通事故,一般地址,臺南市永康區中正北路段13606號,1,晴,50,單路部分,路段,無號誌,人與汽(機)車,疲勞(患病)駕駛失控
11003ACB91B0139,20210301,120.230735,23.013341,交通事故,其他,臺南市永康區段號中山南路與中華路口,1,晴,50,交岔路,交叉路口,行車管制號誌(附設行人專用號誌),車與車,右轉彎未依規定
11003ACB91B0144,20210303,120.246354,22.999744,交通事故,交叉路口,臺南市永康區復國路段號復國路53,3,晴,50,交岔路,交叉路口,行車管制號誌,車與車,未依規定讓車
11003ACB91B0147,20210302,120.251744,23.016051,交通事故,一般地址,臺南市永康區永二街段216之3號,1,晴,50,交岔路,交叉路口,無號誌,車與車,未保持行車安全間隔
11003ACB91B0150,20210302,120.225423,23.018269,交通事故,交叉路口,臺南市永康區中華西街段269號大橋三街57,1,晴,50,交岔路,交叉路口,無號誌,車與車,未依規定讓車
11003ACB91B0167,20210303,120.251178,23.016408,交通事故,交叉路口,臺南市永康區永二街段號永二街244,2,晴,50,交岔路,交叉路口,無號誌,車與車,左轉彎未依規定
11003ACB91B0172,20210303,120.251736,23.023092,交通事故,一般地址,臺南市永康區中山南路段948號,1,晴,50,單路部分,路段,無號誌,車與車,變換車道或方向不當
11003ACB91B0178,20210303,120.240198,23.033093,交通事故,交叉路口,臺南市永康區中正二街段號正南五街,1,晴,50,交岔路,交叉路口,行車管制號誌,車與車,未保持行車安全距離
11003ACB91B0190,20210303,120.241881,23.037019,交通事故,交叉路口,臺南市永康區新中街段號中正路,1,晴,50,交岔路,交叉路口,行車管制號誌,車與車,起步未注意其他車(人)安全
11003ACB91B0194,20210303,120.229876,23.010962,交通事故,一般地址,臺南市永康區六合里新興街段3429號,1,晴,30,單路部分,路段,無號誌,車與車,左轉彎未依規定
11003ACB91B0196,20210301,120.233061,23.008505,交通事故,交叉路口,臺南市永康區中華二路段號中華二路266,2,晴,50,交岔路,交叉路口,行車管制號誌,車與車,未注意車前狀態
11003ACB91B0211,20210303,120.234983,23.003074,交通事故,一般地址,臺南市永康區中華路段143號,2,晴,50,交岔路,交叉路口,行車管制號誌,車與車,違反號誌管制或指揮
11003ACB91B0215,20210304,120.264271,23.017997,交通事故,一般地址,臺南市永康區大同街段629號,2,晴,50,單路部分,路段,無號誌,車與車,起步未注意其他車(人)安全
11003ACB91B0221,20210304,120.235092,23.003046,交通事故,一般地址,臺南市永康區中華路段145號,1,晴,40,單路部分,路段,無號誌,車與車,未依規定讓車
11003ACB91B0224,20210303,120.247286,23.004086,交通事故,交叉路口,臺南市永康區復國二路段號復國二路38,1,晴,30,交岔路,交叉路口,無號誌,車與車,未依規定讓車
11003ACB91B0239,20210304,120.218775,23.023678,交通事故,其他,臺南市永康區段號中正南路旁無名路,1,晴,30,單路部分,路段,無號誌,車與車,未注意車前狀態
11003ACB91B0257,20210305,120.241891,23.037083,交通事故,交叉路口,臺南市永康區中正路段號新中街,1,晴,50,交岔路,交叉路口,行車管制號誌,車與車,未保持行車安全距離
11003ACB91B0262,20210305,120.250622,23.017345,交通事故,一般地址,臺南市永康區二王里永二街段號0,1,晴,50,單路部分,路段,無號誌,車與車,未保持行車安全間隔
11003ACB91B0263,20210305,120.222308,23.021005,交通事故,交叉路口,臺南市永康區中華路段號南台街13,1,晴,50,交岔路,交叉路口,行車管制號誌(附設行人專用號誌),車與車,違反號誌管制或指揮
11003ACB91B0272,20210305,120.256019,23.04577,交通事故,其他,臺南市永康區段號蔦松一街與蔦松一街113巷,1,晴,50,交岔路,交叉路口,無號誌,汽(機)車本身,未注意車前狀態
11003ACB91B0274,20210301,120.249728,23.031276,交通事故,交叉路口,臺南市永康區中正路段號高速一街,1,晴,50,交岔路,交叉路口,行車管制號誌,車與車,違反號誌管制或指揮
11003ACB91B0280,20210304,120.250336,23.022401,交通事故,交叉路口,臺南市永康區中山南路段號高速一街2,1,晴,50,交岔路,交叉路口,行車管制號誌,車與車,未注意車前狀態
11003ACB91B0283,20210302,120.234073,23.008459,交通事故,交叉路口,臺南市永康區中華路段號中華二路,1,晴,50,交岔路,交叉路口,行車管制號誌(附設行人專用號誌),車與車,其他引起事故之違規或不當行為
11003ACB91B0292,20210304,120.222259,23.02092,交通事故,其他,臺南市永康區段號中華路奇美橋前,1,晴,50,交岔路,交叉路口,行車管制號誌(附設行人專用號誌),車與車,左轉彎未依規定
11003ACB91B0295,20210304,120.265885,23.049295,交通事故,其他,臺南市永康區段號中正北路與正北五路口,1,晴,60,交岔路,交叉路口,行車管制號誌,汽(機)車本身,未依規定讓車
11003ACB91B0296,20210302,120.258045,23.01595,交通事故,交叉路口,臺南市永康區永華路段號文化路,1,晴,50,交岔路,交叉路口,行車管制號誌,車與車,未注意車前狀態
11003ACB91B0299,20210305,120.216092,23.019703,交通事故,交叉路口,臺南市永康區中正南路段號甲頂路,1,晴,50,交岔路,交叉路口,行車管制號誌,車與車,違反號誌管制或指揮
11003ACB91B0308,20210305,120.219314,23.02289,交通事故,交叉路口,臺南市永康區中華路段號南台街,1,晴,50,交岔路,交叉路口,閃光號誌,車與車,未注意車前狀態
11003ACB91B0313,20210305,120.226737,23.018264,交通事故,一般地址,臺南市永康區大橋里中華路段826號0,4,晴,50,交岔路,交叉路口,行車管制號誌,車與車,違反號誌管制或指揮
11003ACB91B0314,20210305,120.247667,23.019721,交通事故,其他,臺南市永康區段號永二街372號對面,2,晴,50,單路部分,路段,無號誌,車與車,未注意車前狀態
11003ACB91B0319,20210305,120.235317,23.030482,交通事故,交叉路口,臺南市永康區中正二街段號正南三路,1,晴,50,交岔路,交叉路口,行車管制號誌,車與車,未依規定讓車
11003ACB91B0331,20210303,120.260709,23.025262,交通事故,一般地址,臺南市永康區永康里永大路2段997號,1,晴,50,單路部分,路段,無號誌,汽(機)車本身,未注意車前狀態
11003ACB91B0350,20210306,120.259274,23.043867,交通事故,交叉路口,臺南市永康區中正北路段號蔦松一街,1,晴,70,交岔路,交叉路口,行車管制號誌,車與車,違反特定標誌(線)禁制
11003ACB91B0359,20210306,120.263947,23.020531,交通事故,其他,臺南市永康區段號西勢路與西勢路738巷,1,晴,30,交岔路,交叉路口,閃光號誌,車與車,未依規定讓車
11003ACB91B0369,20210305,120.23475,23.027867,交通事故,一般地址,臺南市永康區正南三路段75號,1,晴,50,單路部分,路段,無號誌,車與車,未注意車前狀態
11003ACB91B0371,20210306,120.2518,23.015847,交通事故,一般地址,臺南市永康區永二街段257號,2,晴,50,單路部分,路段,無號誌,車與車,未保持行車安全間隔
11003ACB91B0380,20210306,120.236377,23.001163,交通事故,一般地址,臺南市永康區中華里忠義街段69號0,1,晴,50,交岔路,交叉路口,無號誌,車與車,未依規定讓車
11003ACB91B0385,20210306,120.257515,23.017846,交通事故,交叉路口,臺南市永康區永大二路段號永華路,1,晴,50,交岔路,交叉路口,無號誌,車與車,未依規定讓車
11003ACB91B0386,20210306,120.257515,23.017846,交通事故,交叉路口,臺南市永康區永華路段號永大二路,1,晴,50,交岔路,交叉路口,無號誌,車與車,未依規定讓車
11003ACB91B0389,20210303,120.234859,23.000784,交通事故,交叉路口,臺南市永康區中華路段號華興街,1,晴,50,交岔路,交叉路口,行車管制號誌,車與車,變換車道或方向不當
11003ACB91B0394,20210305,120.244907,23.053442,交通事故,其他,臺南市永康區段號三民街與仁愛街口附近,1,晴,50,單路部分,路段,無號誌,汽(機)車本身,未注意車前狀態
11003ACB91B0395,20210306,120.216256,23.022086,交通事故,交叉路口,臺南市永康區中正南路段號中央路,2,晴,50,交岔路,交叉路口,行車管制號誌,車與車,未注意車前狀態
11003ACB91B0396,20210304,120.216092,23.019703,交通事故,交叉路口,臺南市永康區中正南路段號甲頂路,3,晴,50,交岔路,交叉路口,行車管制號誌,車與車,違反號誌管制或指揮
11003ACB91B0398,20210306,120.231417,23.021456,交通事故,其他,臺南市永康區段號大橋二街東橋一路口,1,晴,50,交岔路,路段,行車管制號誌,車與車,未注意車前狀態
11003ACB91B0415,20210307,120.253291,23.03217,交通事故,一般地址,臺南市永康區四維街段58611號,1,晴,30,單路部分,路段,無號誌,汽(機)車本身,不明原因肇事
11003ACB91B0416,20210304,120.228034,23.019428,交通事故,交叉路口,臺南市永康區大橋二街段號大橋一街103,1,晴,50,交岔路,交叉路口,行車管制號誌,車與車,未依規定讓車
11003ACB91B0421,20210306,120.235914,23.044081,交通事故,交叉路口,臺南市永康區鹽洲二街段號三村一街,2,晴,50,交岔路,交叉路口,行車管制號誌,車與車,起步未注意其他車(人)安全
11003ACB91B0423,20210305,120.24712,23.009618,交通事故,交叉路口,臺南市永康區復華三街段號國華街,1,晴,50,交岔路,交叉路口,無號誌,車與車,未依規定讓車
11003ACB91B0430,20210304,120.254775,22.998298,交通事故,交叉路口,臺南市永康區崑大路段155號崑大路,1,晴,50,交岔路,交叉路口,行車管制號誌,車與車,不明原因肇事
11003ACB91B0434,20210307,120.259567,23.002592,交通事故,一般地址,臺南市永康區大灣路段79822098號,3,晴,30,交岔路,交叉路口,無號誌,車與車,未依規定讓車
11003ACB91B0440,20210304,120.275126,23.050702,交通事故,一般地址,臺南市永康區環工路段3之1號,1,晴,50,單路部分,路段,無號誌,車與車,其他引起事故之違規或不當行為
11003ACB91B0441,20210302,120.252114,23.026072,交通事故,其他,臺南市永康區段號正強街100號,2,晴,50,單路部分,路段,無號誌,車與車,變換車道或方向不當
11003ACB91B0442,20210307,120.255365,23.015071,交通事故,其他,臺南市永康區段號文化路229號前,1,晴,50,單路部分,路段,無號誌,車與車,未保持行車安全距離
11003ACB91B0443,20210302,120.239485,23.039533,交通事故,其他,臺南市永康區段號中正路與中正七街口附近,1,晴,50,單路部分,路段,無號誌,車與車,起步未注意其他車(人)安全
11003ACB91B0449,20210307,120.226468,23.011486,交通事故,交叉路口,臺南市永康區中山南路段號新興街,1,晴,50,交岔路,交叉路口,行車管制號誌,車與車,未注意車前狀態
11003ACB91B0466,20210307,120.258388,23.040046,交通事故,交叉路口,臺南市永康區永大路3段號永大路3511,1,晴,30,交岔路,路段,行車管制號誌,汽(機)車本身,酒醉(後)駕駛失控
11003ACB91B0470,20210306,120.232767,23.008495,交通事故,一般地址,臺南市永康區中華二路段282號,1,晴,50,單路部分,路段,行車管制號誌,車與車,未保持行車安全間隔
11003ACB91B0472,20210307,120.23912,23.017541,交通事故,一般地址,臺南市永康區中山南路段462號,1,晴,50,單路部分,路段,行車管制號誌,車與車,酒醉(後)駕駛失控
11003ACB91B0492,20210308,120.220342,23.024707,交通事故,一般地址,臺南市永康區中正南路段2103號,2,晴,30,單路部分,路段,無號誌,車與車,未靠右行駛
11003ACB91B0500,20210308,120.280404,23.020701,交通事故,其他,臺南市永康區段號新灣橋上,1,晴,50,交岔路,交叉路口,無號誌,汽(機)車本身,未注意車前狀態
11003ACB91B0510,20210308,120.234779,22.998467,交通事故,交叉路口,臺南市永康區中華路段10號小東路477,1,晴,30,交岔路,交叉路口,無號誌,車與車,未依規定讓車
11003ACB91B0513,20210308,120.230459,23.035393,交通事故,交叉路口,臺南市永康區中正南路段號正南六街,1,晴,50,交岔路,路段,行車管制號誌(附設行人專用號誌),車與車,未注意車前狀態
11003ACB91B0516,20210308,120.260139,23.034596,交通事故,交叉路口,臺南市永康區自強路段號龍埔街,2,晴,50,交岔路,交叉路口,行車管制號誌,車與車,未注意車前狀態
11003ACB91B0537,20210308,120.220818,23.022048,交通事故,其他,臺南市永康區段號中華路(南台街135巷往北第一根燈桿),1,晴,50,單路部分,路段,無號誌,車與車,變換車道或方向不當
11003ACB91B0571,20210309,120.233602,22.99862,交通事故,其他,臺南市永康區段號小東路與莊敬路,2,晴,50,單路部分,路段,無號誌,車與車,未依規定讓車
11003ACB91B0574,20210309,120.239957,23.000777,交通事故,交叉路口,臺南市永康區忠孝路段號華興街,1,晴,50,交岔路,交叉路口,行車管制號誌,車與車,左轉彎未依規定
11003ACB91B0577,20210306,120.230303,23.014551,交通事故,一般地址,臺南市永康區中華路段638號,1,晴,50,單路部分,路段,無號誌,車與車,未保持行車安全距離
11003ACB91B0579,20210305,120.257081,23.042047,交通事故,其他,臺南市永康區段號台一線323.5K處(往永康),1,晴,70,單路部分,路段,無號誌,車與車,未注意車前狀態
11003ACB91B0589,20210309,120.22479,23.017483,交通事故,一般地址,臺南市永康區大橋三街段37之1號0,1,晴,50,單路部分,路段,無號誌,車與車,違規超車
11003ACB91B0592,20210309,120.248395,23.009501,交通事故,交叉路口,臺南市永康區復華三街段號高速二街,1,晴,50,交岔路,交叉路口,行車管制號誌,車與車,未注意車前狀態
11003ACB91B0599,20210305,120.259793,23.017653,交通事故,交叉路口,臺南市永康區永大一路段號永信路,4,晴,50,交岔路,交叉路口,閃光號誌,車與車,未依規定讓車
11003ACB91B0617,20210309,120.216256,23.022086,交通事故,交叉路口,臺南市永康區中正南路段號中央路,1,晴,50,交岔路,交叉路口,行車管制號誌,車與車,未依規定讓車
11003ACB91B0621,20210308,120.221671,23.021299,交通事故,其他,臺南市永康區段號中華路與甲頂路口,1,晴,50,單路部分,路段,無號誌,車與車,疲勞(患病)駕駛失控
11003ACB91B0622,20210309,120.221896,23.022324,交通事故,其他,臺南市永康區段號南台街75巷5號,2,晴,50,單路部分,路段,無號誌,車與車,未保持行車安全距離
11003ACB91B0626,20210309,120.222318,23.022405,交通事故,其他,臺南市永康區段號南台街61號,1,晴,50,單路部分,路段,無號誌,車與車,迴轉未依規定
11003ACB91B0632,20210309,120.235317,23.030482,交通事故,交叉路口,臺南市永康區正南三路段號中正二街,2,晴,50,交岔路,交叉路口,行車管制號誌,車與車,未依規定讓車
11003ACB91B0634,20210310,120.242388,23.019699,交通事故,其他,臺南市永康區段號中山南路620號,1,晴,50,單路部分,路段,行車管制號誌(附設行人專用號誌),車與車,未注意車前狀態
11003ACB91B0643,20210309,120.235809,23.024078,交通事故,其他,臺南市永康區段號東橋七路與東橋十街口,1,晴,50,交岔路,交叉路口,行車管制號誌,車與車,右轉彎未依規定
11003ACB91B0644,20210309,120.256564,22.993659,交通事故,一般地址,臺南市永康區永大路1段9號,1,晴,50,交岔路,交叉路口,行車管制號誌,汽(機)車本身,未注意車前狀態
11003ACB91B0646,20210310,120.250312,23.022333,交通事故,交叉路口,臺南市永康區中山南路段號高速一街,1,晴,50,交岔路,交叉路口,行車管制號誌,車與車,未保持行車安全間隔
11003ACB91B0648,20210309,120.251566,23.030071,交通事故,一般地址,臺南市永康區正強街段255號,1,晴,50,單路部分,路段,無號誌,車與車,違規超車
11003ACB91B0651,20210310,120.233156,23.009834,交通事故,交叉路口,臺南市永康區中華路段號中華路408,1,晴,50,交岔路,交叉路口,行車管制號誌,車與車,左轉彎未依規定
11003ACB91B0660,20210309,120.258971,23.011266,交通事故,交叉路口,臺南市永康區永華路段號永興路,2,晴,50,交岔路,交叉路口,行車管制號誌,車與車,逆向行駛
11003ACB91B0662,20210304,120.233968,23.005403,交通事故,其他,臺南市永康區段號勝華街與柴頭港溪防汛道路,1,晴,30,交岔路,交叉路口,無號誌,汽(機)車本身,未注意車前狀態
11003ACB91B0667,20210304,120.241891,23.037083,交通事故,交叉路口,臺南市永康區中正路段號新中街,1,晴,50,交岔路,交叉路口,行車管制號誌,車與車,未依規定讓車
11003ACB91B0676,20210310,120.235614,23.040454,交通事故,交叉路口,臺南市永康區中正南路段779號中正南路7792,1,晴,30,交岔路,交叉路口,無號誌,車與車,未依規定減速
11003ACB91B0679,20210308,120.246678,23.015529,交通事故,其他,臺南市永康區段號復華七街117巷與國華街132巷,1,晴,30,交岔路,交叉路口,無號誌,車與車,未依規定讓車
11003ACB91B0691,20210305,120.248203,23.032057,交通事故,一般地址,臺南市永康區中正路段342號,1,晴,50,交岔路,交叉路口,行車管制號誌,汽(機)車本身,未注意車前狀態
11003ACB91B0698,20210308,120.250149,23.031025,交通事故,一般地址,臺南市永康區中正路段205號,2,晴,50,單路部分,路段,無號誌,車與車,未保持行車安全間隔
11003ACB91B0699,20210309,120.263702,23.013997,交通事故,交叉路口,臺南市永康區永大二路段號公園路,1,晴,50,交岔路,交叉路口,行車管制號誌,車與車,違反號誌管制或指揮
11003ACB91B0702,20210311,120.224327,23.019315,交通事故,其他,臺南市永康區段號中正陸橋機車道,1,晴,50,單路部分,路段,無號誌,車與車,未保持行車安全間隔
11003ACB91B0704,20210310,120.243807,23.035284,交通事故,交叉路口,臺南市永康區中正路段號中正二街,1,晴,50,交岔路,交叉路口,行車管制號誌,車與車,不明原因肇事
11003ACB91B0707,20210311,120.248649,23.009079,交通事故,一般地址,臺南市永康區網寮里高速一街2段450號0,2,晴,50,單路部分,路段,無號誌,車與車,未保持行車安全間隔
11003ACB91B0710,20210306,120.232026,23.003828,交通事故,其他,臺南市永康區段號勝利街107巷內(勝利街113巷33號後面),1,晴,30,單路部分,路段,無號誌,車與車,不明原因肇事
11003ACB91B0711,20210311,120.23051,23.035333,交通事故,其他,臺南市永康區段號中正南路與正南三路路口,1,晴,50,交岔路,交叉路口,行車管制號誌,車與車,未依規定讓車
11003ACB91B0713,20210310,120.249295,23.02209,交通事故,一般地址,臺南市永康區中山南路段495號0,2,晴,50,單路部分,路段,無號誌,車與車,未保持行車安全間隔
11003ACB91B0718,20210311,120.261674,22.998727,交通事故,其他,臺南市永康區段號大灣東路52號前,1,晴,50,單路部分,路段,無號誌,車與車,未注意車前狀態
11003ACB91B0721,20210311,120.221598,23.021673,交通事故,交叉路口,臺南市永康區中華路段號南台街75,2,晴,50,交岔路,交叉路口,行車管制號誌,車與車,未保持行車安全距離
11003ACB91B0729,20210311,120.221943,23.022685,交通事故,交叉路口,臺南市永康區南台街段號南台街75,2,晴,50,交岔路,交叉路口,行車管制號誌,車與車,未依規定讓車
11003ACB91B0751,20210311,120.232986,23.027,交通事故,一般地址,臺南市永康區正南三路段41號,2,晴,50,交岔路,交叉路口,行車管制號誌,車與車,違反特定標誌(線)禁制
11003ACB91B0761,20210311,120.231993,23.011263,交通事故,一般地址,臺南市永康區中華路段473號,1,晴,50,單路部分,路段,無號誌,車與車,倒車未依規定
11003ACB91B0771,20210304,120.256713,23.028266,交通事故,其他,臺南市永康區段號中山路78號,1,晴,50,單路部分,路段,行車管制號誌,車與車,未注意車前狀態
11003ACB91B0773,20210304,120.226818,23.018212,交通事故,其他,臺南市永康區段號中華路、大橋二街口,1,晴,50,交岔路,交叉路口,行車管制號誌(附設行人專用號誌),汽(機)車本身,不明原因肇事
11003ACB91B0774,20210309,120.237814,23.003759,交通事故,其他,臺南市永康區段號中華路154巷106號,1,晴,30,交岔路,交叉路口,無號誌,車與車,未依規定讓車
11003ACB91B0776,20210312,120.228181,23.017178,交通事故,交叉路口,臺南市永康區中華路段號大橋一街,1,晴,50,交岔路,交叉路口,行車管制號誌,車與車,未依規定讓車
11003ACB91B0777,20210311,120.231441,23.021506,交通事故,其他,臺南市永康區段號東橋一路與大橋二街口,1,晴,50,交岔路,交叉路口,行車管制號誌,車與車,未依規定讓車
11003ACB91B0778,20210312,120.231512,23.036464,交通事故,交叉路口,臺南市永康區中正南路段號洲尾街,1,晴,50,交岔路,交叉路口,行車管制號誌,汽(機)車本身,未注意車前狀態
11003ACB91B0780,20210312,120.218997,23.025964,交通事故,其他,臺南市永康區段號尚頂里鹽水溪左岸河堤路,1,晴,50,單路部分,路段,無號誌,汽(機)車本身,其他引起事故之違規或不當行為
11003ACB91B0783,20210311,120.248854,23.021766,交通事故,一般地址,臺南市永康區中山南路段477號,3,晴,50,交岔路,路段,行車管制號誌,車與車,橫越道路不慎
11003ACB91B0791,20210312,120.232729,23.019885,交通事故,交叉路口,臺南市永康區東橋一路段號大橋一街,2,晴,50,交岔路,交叉路口,行車管制號誌,車與車,起步未注意其他車(人)安全
11003ACB91B0793,20210312,120.262948,23.055028,交通事故,其他,臺南市永康區段號和平東路172號前,1,晴,50,單路部分,路段,無號誌,汽(機)車本身,未注意車前狀態
11003ACB91B0796,20210312,120.25737,23.041559,交通事故,其他,臺南市永康區段號永大路三段555巷與永大路三段,1,晴,30,交岔路,路段,無號誌,車與車,未依規定讓車
11003ACB91B0798,20210303,120.239936,23.008539,交通事故,交叉路口,臺南市永康區中華二路段號中興街,1,晴,40,交岔路,交叉路口,行車管制號誌,車與車,違反號誌管制或指揮
11003ACB91B0799,20210308,120.278824,23.033424,交通事故,其他,臺南市永康區段號永科南路163號前,1,晴,30,單路部分,路段,無號誌,汽(機)車本身,其他引起事故之違規或不當行為
11003ACB91B0803,20210308,120.252337,22.999124,交通事故,其他,臺南市永康區段號大灣路1052號前,2,晴,50,單路部分,路段,無號誌,車與車,未保持行車安全距離
11003ACB91B0806,20210311,120.250599,23.015208,交通事故,其他,臺南市永康區段號高速一街(永二街245巷26弄往南第二根燈桿),2,晴,50,單路部分,路段,無號誌,車與車,逆向行駛
11003ACB91B0813,20210311,120.238657,23.043121,交通事故,一般地址,臺南市永康區仁愛街段56號,2,晴,50,交岔路,交叉路口,行車管制號誌,車與車,違反特定標誌(線)禁制
11003ACB91B0817,20210312,120.239153,23.008679,交通事故,其他,臺南市永康區段號中華二路129號對面,1,晴,30,單路部分,路段,無號誌,汽(機)車本身,其他引起事故之違規或不當行為
11003ACB91B0818,20210312,120.232905,23.011193,交通事故,交叉路口,臺南市永康區成功路段號振興路,2,晴,50,交岔路,交叉路口,行車管制號誌,車與車,違反號誌管制或指揮
11003ACB91B0819,20210308,120.265481,23.024637,交通事故,交叉路口,臺南市永康區中山北路段264174號中山北路264165,1,晴,30,交岔路,交叉路口,閃光號誌,車與車,未依規定讓車
11003ACB91B0821,20210312,120.226738,23.018261,交通事故,交叉路口,臺南市永康區中華路段號大橋二街,3,晴,50,交岔路,交叉路口,行車管制號誌(附設行人專用號誌),車與車,未注意車前狀態
11003ACB91B0826,20210312,120.263852,23.058129,交通事故,一般地址,臺南市永康區和平路段278-1號,1,晴,30,交岔路,交叉路口,行車管制號誌,車與車,違反號誌管制或指揮
11003ACB91B0828,20210312,120.258159,23.026149,交通事故,交叉路口,臺南市永康區中山北路段號中山北路35,1,晴,50,交岔路,交叉路口,無號誌,車與車,未依規定讓車
11003ACB91B0835,20210311,120.24435,22.998562,交通事故,一般地址,臺南市永康區復興路段235號,1,晴,50,交岔路,交叉路口,行車管制號誌,車與車,變換車道或方向不當
11003ACB91B0838,20210304,120.226738,23.018261,交通事故,交叉路口,臺南市永康區中華路段號大橋二街,1,晴,50,交岔路,交叉路口,行車管制號誌(附設行人專用號誌),人與汽(機)車,未依規定讓車
11003ACB91B0839,20210306,120.249079,23.019765,交通事故,一般地址,臺南市永康區二王路段85號,1,晴,50,單路部分,路段,無號誌,車與車,起步未注意其他車(人)安全
11003ACB91B0843,20210312,120.222304,23.021051,交通事故,交叉路口,臺南市永康區中華路段號南台街13,2,晴,40,交岔路,交叉路口,行車管制號誌,車與車,違反特定標誌(線)禁制
11003ACB91B0844,20210312,120.22649,23.031076,交通事故,其他,臺南市永康區段號中正南路與尚頂路路口,1,晴,50,交岔路,交叉路口,行車管制號誌,車與車,未依規定讓車
11003ACB91B0855,20210309,120.22461,23.029393,交通事故,一般地址,臺南市永康區中正南路段280號,2,晴,50,單路部分,路段,無號誌,車與車,未保持行車安全距離
11003ACB91B0859,20210305,120.250432,23.037839,交通事故,其他,臺南市永康區段號中正北路318巷高速公路涵洞下,1,晴,40,單路部分,其他,無號誌,車與車,未保持行車安全間隔