案件編號,發生日期,GPS經度,GPS緯度,案件類別名稱,地址類型名稱,發生縣市名稱,受傷人數,天候名稱, 速限-第1當事者,道路型態大類別名稱,事故位置大類別名稱,號誌-號誌種類名稱,事故類型及型態大類別名稱,肇因研判子類別名稱-主要
11003ACB91B0860,20210312,120.237907,23.007747,交通事故,交叉路口,臺南市永康區中山東路段號中興街91,4,晴,50,交岔路,交叉路口,行車管制號誌,車與車,左轉彎未依規定
11003ACB91B0874,20210305,120.239957,23.000777,交通事故,交叉路口,臺南市永康區忠孝路段號華興街,1,晴,50,交岔路,交叉路口,行車管制號誌,車與車,未依規定讓車
11003ACB91B0876,20210312,120.230129,23.037774,交通事故,其他,臺南市永康區段號國聖街、洲尾街口,1,晴,50,交岔路,交叉路口,閃光號誌,車與車,未依規定讓車
11003ACB91B0882,20210310,120.227029,23.030603,交通事故,交叉路口,臺南市永康區尚頂路段號尚頂路177,1,晴,50,交岔路,交叉路口,無號誌,車與車,未依規定讓車
11003ACB91B0889,20210313,120.260029,23.034625,交通事故,一般地址,臺南市永康區龍埔街段380號0,3,晴,50,單路部分,路段,無號誌,車與車,違反特定標誌(線)禁制
11003ACB91B0893,20210303,120.252686,23.023773,交通事故,其他,臺南市永康區段號中山南路與正強街,1,晴,50,交岔路,交叉路口,行車管制號誌,車與車,違反號誌管制或指揮
11003ACB91B0897,20210308,120.238922,23.039791,交通事故,一般地址,臺南市永康區中正路段545號,2,晴,50,交岔路,交叉路口,無號誌,車與車,未依規定讓車
11003ACB91B0903,20210313,120.267237,23.006328,交通事故,一般地址,臺南市永康區大灣路段277號0,1,晴,50,交岔路,交叉路口,行車管制號誌,車與車,違反特定標誌(線)禁制
11003ACB91B0911,20210313,120.263476,23.037008,交通事故,一般地址,臺南市永康區自強路段783號,2,晴,50,單路部分,路段,無號誌,車與車,未依規定讓車
11003ACB91B0914,20210310,120.256049,23.00359,交通事故,一般地址,臺南市永康區大灣路段942217號,1,晴,30,交岔路,交叉路口,無號誌,車與車,未依規定讓車
11003ACB91B0917,20210302,120.256333,23.025745,交通事故,交叉路口,臺南市永康區永康里中山南路段號永康街,3,晴,50,交岔路,交叉路口,行車管制號誌,車與車,未保持行車安全距離
11003ACB91B0921,20210313,120.238764,23.00492,交通事故,交叉路口,臺南市永康區中山東路段號忠孝路239,3,晴,50,交岔路,交叉路口,行車管制號誌,汽(機)車本身,尚未發現肇事因素
11003ACB91B0931,20210313,120.246343,23.009653,交通事故,其他,臺南市永康區段號復國一路與復華三街口,2,晴,50,交岔路,交叉路口,行車管制號誌,車與車,未依規定讓車
11003ACB91B0950,20210313,120.218191,23.023512,交通事故,交叉路口,臺南市永康區中華路段號中正南路,1,晴,50,交岔路,交叉路口,行車管制號誌(附設行人專用號誌),車與車,違反特定標誌(線)禁制
11003ACB91B0952,20210311,120.226421,23.039821,交通事故,其他,臺南市永康區段號河堤道路與洲尾街191巷口,1,晴,50,交岔路,交叉路口,行車管制號誌,車與車,左轉彎未依規定
11003ACB91B0954,20210311,120.229727,23.020619,交通事故,其他,臺南市永康區段號大橋二街213號前,2,晴,50,單路部分,路段,無號誌,車與車,橫越道路不慎
11003ACB91B0958,20210314,120.263525,23.020442,交通事故,其他,臺南市永康區段號西勢路與大同街口,1,晴,50,交岔路,交叉路口,行車管制號誌,車與車,違反號誌管制或指揮
11003ACB91B0971,20210312,120.248611,23.026163,交通事故,交叉路口,臺南市永康區自強路段號自強路140,1,晴,30,交岔路,交叉路口,無號誌,車與車,未依規定讓車
11003ACB91B0979,20210313,120.236704,23.025855,交通事故,其他,臺南市永康區段號東橋十二街與東橋十一路口,1,晴,50,交岔路,交叉路口,行車管制號誌(附設行人專用號誌),車與車,左轉彎未依規定
11003ACB91B0981,20210313,120.232562,23.01247,交通事故,一般地址,臺南市永康區五福街段36號,2,晴,30,交岔路,交叉路口,無號誌,人與汽(機)車,未注意車前狀態
11003ACB91B0982,20210308,120.246345,23.009657,交通事故,交叉路口,臺南市永康區復國一路段號復華三街,1,晴,50,交岔路,交叉路口,行車管制號誌,人與汽(機)車,其他引起事故之違規或不當行為
11003ACB91B0983,20210314,120.24836,23.012295,交通事故,交叉路口,臺南市永康區復國二路段號復華六街,1,晴,30,交岔路,交叉路口,無號誌,車與車,未依規定讓車
11003ACB91B0985,20210313,120.239332,23.017822,交通事故,其他,臺南市永康區段號中山南路與東橋七路口附近,2,晴,50,單路部分,路段,無號誌,人與汽(機)車,其他引起事故之疏失或行為
11003ACB91B0989,20210314,120.256712,22.993732,交通事故,交叉路口,臺南市永康區永大一路段號南興路3,1,晴,50,交岔路,交叉路口,行車管制號誌,車與車,違反號誌管制或指揮
11003ACB91B1001,20210309,120.251854,22.998461,交通事故,交叉路口,臺南市永康區大灣路段號崑大路,1,晴,50,交岔路,交叉路口,行車管制號誌,車與車,違反號誌管制或指揮
11003ACB91B1016,20210314,120.262882,23.017212,交通事故,一般地址,臺南市永康區北興里永大路2段990號0,1,晴,50,單路部分,路段,無號誌,車與車,未保持行車安全距離
11003ACB91B1020,20210314,120.246497,23.042828,交通事故,其他,臺南市永康區段號永安路燈桿(340265)旁,1,晴,50,單路部分,路段,無號誌,汽(機)車本身,未注意車前狀態
11003ACB91B1028,20210313,120.218408,23.023872,交通事故,一般地址,臺南市永康區中正南路段179號,1,晴,50,單路部分,路段,無號誌,車與車,不明原因肇事
11003ACB91B1030,20210315,120.264625,23.00145,交通事故,交叉路口,臺南市永康區大灣路段號大灣一街,1,晴,50,交岔路,交叉路口,閃光號誌,汽(機)車本身,未保持行車安全距離
11003ACB91B1039,20210315,120.266872,23.016636,交通事故,其他,臺南市永康區段號大灣路40巷156號,2,晴,30,交岔路,交叉路口,閃光號誌,車與車,未依規定讓車
11003ACB91B1054,20210315,120.235944,23.00494,交通事故,一般地址,臺南市永康區中華路段210-4號,1,晴,30,單路部分,路段,無號誌,人與汽(機)車,倒車未依規定
11003ACB91B1055,20210315,120.237251,23.040763,交通事故,交叉路口,臺南市永康區中正路段635號中正路6351,1,晴,30,交岔路,交叉路口,無號誌,車與車,未保持行車安全間隔
11003ACB91B1058,20210312,120.271436,23.053604,交通事故,交叉路口,臺南市永康區中正北路段號和平東路,1,晴,50,交岔路,交叉路口,行車管制號誌,車與車,違反號誌管制或指揮
11003ACB91B1060,20210312,120.274473,23.048275,交通事故,一般地址,臺南市永康區環工路段44213號,3,晴,30,單路部分,路段,無號誌,車與車,起步未注意其他車(人)安全
11003ACB91B1070,20210311,120.280896,23.031469,交通事故,一般地址,臺南市永康區中山北路段764號,1,晴,60,交岔路,交叉路口,行車管制號誌,汽(機)車本身,未注意車前狀態
11003ACB91B1071,20210311,120.261248,23.027589,交通事故,交叉路口,臺南市永康區中山北路段號龍中街,1,晴,50,交岔路,交叉路口,行車管制號誌,車與車,未注意車前狀態
11003ACB91B1081,20210315,120.2183,23.023595,交通事故,交叉路口,臺南市永康區中華路段號中正南路,1,晴,50,交岔路,交叉路口,行車管制號誌,車與車,未依規定讓車
11003ACB91B1110,20210315,120.257342,23.032636,交通事故,一般地址,臺南市永康區自強路段471號,1,晴,50,單路部分,路段,無號誌,車與車,未保持行車安全距離
11003ACB91B1124,20210313,120.249648,23.018227,交通事故,交叉路口,臺南市永康區永二街段號永二街323,2,晴,50,交岔路,交叉路口,閃光號誌,車與車,未依規定讓車
11003ACB91B1125,20210314,120.259766,23.032346,交通事故,一般地址,臺南市永康區永大路3段209號,1,晴,50,單路部分,路段,無號誌,車與車,開啟車門不當而肇事
11003ACB91B1126,20210315,120.259495,23.044047,交通事故,其他,臺南市永康區段號中正北路647號旁(近中正北路與蔦松一街口),1,晴,50,單路部分,路段,無號誌,人與汽(機)車,未注意車前狀態
11003ACB91B1127,20210315,120.258984,23.005864,交通事故,交叉路口,臺南市永康區國光五街段號永華路,2,晴,50,交岔路,交叉路口,行車管制號誌,車與車,左轉彎未依規定
11003ACB91B1129,20210304,120.232449,23.01089,交通事故,交叉路口,臺南市永康區五王里中華路段號振興路,2,晴,50,交岔路,交叉路口,行車管制號誌,車與車,未依規定讓車
11003ACB91B1130,20210310,120.2562,23.000275,交通事故,一般地址,臺南市永康區崑山里大灣路段89616號,2,晴,30,交岔路,交叉路口,無號誌,車與車,未依規定讓車
11003ACB91B1135,20210312,120.227723,23.01722,交通事故,一般地址,臺南市永康區中華路段725之1號,1,晴,50,單路部分,路段,無號誌,車與車,開啟車門不當而肇事
11003ACB91B1143,20210316,120.230887,23.011692,交通事故,交叉路口,臺南市永康區中華路段505號六合路,3,晴,50,交岔路,交叉路口,行車管制號誌,車與車,違反號誌管制或指揮
11003ACB91B1149,20210315,120.244404,23.036363,交通事故,一般地址,臺南市永康區?行里中正五街段44253號,2,晴,50,單路部分,路段,無號誌,車與車,起步未注意其他車(人)安全
11003ACB91B1156,20210315,120.257973,22.999993,交通事故,其他,臺南市永康區段號大灣路與崑山街口,1,晴,50,交岔路,交叉路口,行車管制號誌,車與車,未保持行車安全間隔
11003ACB91B1160,20210315,120.251496,23.03058,交通事故,交叉路口,臺南市永康區中正路段155號正強街,1,晴,50,交岔路,交叉路口,行車管制號誌(附設行人專用號誌),人與汽(機)車,未依規定行走行人穿越道、地下道、天橋而穿越道路
11003ACB91B1166,20210316,120.215884,23.023361,交通事故,其他,臺南市永康區段號中華路與中央路,1,晴,50,交岔路,交叉路口,行車管制號誌(附設行人專用號誌),車與車,違反號誌管制或指揮
11003ACB91B1171,20210316,120.241227,23.019015,交通事故,交叉路口,臺南市永康區中山南路段號中山南路436,1,晴,50,交岔路,交叉路口,行車管制號誌,車與車,未依規定讓車
11003ACB91B1176,20210309,120.250155,23.017943,交通事故,其他,臺南市永康區段號永二街靠近高速二街位置,1,晴,50,單路部分,路段,無號誌,汽(機)車本身,未注意車前狀態
11003ACB91B1179,20210316,120.251982,22.99846,交通事故,其他,臺南市永康區段號大灣路與崑大路口,1,晴,30,交岔路,交叉路口,行車管制號誌(附設行人專用號誌),車與車,未保持行車安全間隔
11003ACB91B1184,20210316,120.210091,23.022541,交通事故,其他,臺南市永康區段號中華路1069號附近,1,晴,50,單路部分,路段,閃光號誌,車與車,未注意車前狀態
11003ACB91B1186,20210312,120.261427,23.047924,交通事故,一般地址,臺南市永康區正北一路段98號,2,晴,50,單路部分,路段,無號誌,車與車,開啟車門不當而肇事
11003ACB91B1221,20210316,120.245259,23.034009,交通事故,其他,臺南市永康區段號鹽行里中正路(統一公司前),1,晴,50,交岔路,交叉路口,行車管制號誌,車與車,違反號誌管制或指揮
11003ACB91B1237,20210316,120.252183,23.025574,交通事故,交叉路口,臺南市永康區正強街段號正強街71,3,晴,50,交岔路,交叉路口,無號誌,車與車,未依規定讓車
11003ACB91B1238,20210317,120.240961,23.006646,交通事故,其他,臺南市永康區段號中興里忠孝路南向車道,1,晴,50,單路部分,路段,無號誌,車與車,未保持行車安全間隔
11003ACB91B1239,20210312,120.25676,23.026779,交通事故,其他,臺南市永康區段號中山路13號前,2,晴,50,單路部分,路段,無號誌,車與車,違反特定標誌(線)禁制
11003ACB91B1247,20210317,120.252455,23.016005,交通事故,交叉路口,臺南市永康區永二街段號永二街196,1,晴,50,交岔路,交叉路口,無號誌,車與車,未依規定讓車
11003ACB91B1248,20210317,120.239525,23.050159,交通事故,其他,臺南市永康區段號河堤道路往東(燈桿鹽洲里326),2,晴,40,單路部分,路段,無號誌,車與車,未保持行車安全距離
11003ACB91B1250,20210317,120.246361,22.999762,交通事故,一般地址,臺南市永康區復國路段53號,2,晴,50,交岔路,交叉路口,行車管制號誌,車與車,違反號誌管制或指揮
11003ACB91B1254,20210317,120.259414,23.000242,交通事故,其他,臺南市永康區段號大灣路與永大路口,1,晴,50,交岔路,交叉路口,行車管制號誌(附設行人專用號誌),車與車,未依規定讓車
11003ACB91B1256,20210317,120.264123,23.00053,交通事故,其他,臺南市永康區段號南興路112巷與南興路112巷40弄口,2,晴,30,交岔路,交叉路口,無號誌,車與車,未依規定讓車
11003ACB91B1261,20210315,120.220753,23.025827,交通事故,其他,臺南市永康區段號中正南路與中正南路220巷口,1,晴,50,單路部分,路段,行車管制號誌(附設行人專用號誌),車與車,未注意車前狀態
11003ACB91B1263,20210314,120.262771,23.017292,交通事故,交叉路口,臺南市永康區永大二路段號文化路,1,晴,50,交岔路,交叉路口,行車管制號誌,車與車,違反號誌管制或指揮
11003ACB91B1265,20210317,120.260464,23.003351,交通事故,交叉路口,臺南市永康區永大路2段號國光三街,1,晴,50,交岔路,交叉路口,行車管制號誌,車與車,其他引起事故之違規或不當行為
11003ACB91B1274,20210317,120.247495,23.016422,交通事故,一般地址,臺南市永康區國華街段132814號,1,晴,30,單路部分,路段,無號誌,車與車,未保持行車安全間隔
11003ACB91B1275,20210304,120.228719,23.013942,交通事故,其他,臺南市永康區段號中華路619巷56號前,1,晴,30,交岔路,交叉路口,無號誌,汽(機)車本身,未注意車前狀態
11003ACB91B1277,20210305,120.271439,23.053621,交通事故,其他,臺南市永康區段號中正北路與和平東路口,2,晴,50,交岔路,交叉路口,行車管制號誌,車與車,違反號誌管制或指揮
11003ACB91B1281,20210317,120.241679,23.008798,交通事故,交叉路口,臺南市永康區忠孝路段號復華三街,2,晴,50,交岔路,交叉路口,行車管制號誌,車與車,未依規定讓車
11003ACB91B1282,20210305,120.236336,23.039921,交通事故,其他,臺南市永康區段號中正南路726巷與635巷口,2,晴,30,交岔路,交叉路口,無號誌,車與車,未依規定讓車
11003ACB91B1283,20210317,120.258292,23.001981,交通事故,其他,臺南市永康區段號崑山街與國光二街口,1,晴,30,交岔路,交叉路口,閃光號誌,車與車,未依規定讓車
11003ACB91B1294,20210316,120.248836,23.00887,交通事故,其他,臺南市永康區段號高速一街、大灣路942巷371弄口,1,晴,50,交岔路,交叉路口,行車管制號誌,車與車,未注意車前狀態
11003ACB91B1308,20210317,120.225755,23.018952,交通事故,交叉路口,臺南市永康區中華路段號大橋三街,1,晴,30,單路部分,路段,無號誌,車與車,逆向行駛
11003ACB91B1316,20210316,120.244542,22.998554,交通事故,其他,臺南市永康區段號復興路172號前,2,晴,40,交岔路,交叉路口,行車管制號誌,車與車,未保持行車安全間隔
11003ACB91B1322,20210310,120.242429,23.03665,交通事故,其他,臺南市永康區段號中正路750號前,1,晴,50,單路部分,路段,無號誌,車與車,未保持行車安全間隔
11003ACB91B1328,20210317,120.234697,23.026096,交通事故,交叉路口,臺南市永康區東橋七路段號東橋一路,1,晴,50,交岔路,交叉路口,行車管制號誌,車與車,未注意車前狀態
11003ACB91B1335,20210316,120.236433,23.041437,交通事故,一般地址,臺南市永康區中正南路段84544258號,1,晴,30,交岔路,交叉路口,無號誌,車與車,其他引起事故之違規或不當行為
11003ACB91B1337,20210316,120.246209,23.006251,交通事故,一般地址,臺南市永康區復國一路段190號,1,晴,50,交岔路,交叉路口,無號誌,車與車,開啟車門不當而肇事
11003ACB91B1344,20210317,120.221461,23.026898,交通事故,一般地址,臺南市永康區尚頂里中正南路段311號,1,晴,50,單路部分,路段,無號誌,汽(機)車本身,未注意車前狀態
11003ACB91B1347,20210317,120.243865,23.019673,交通事故,一般地址,臺南市永康區忠孝路段464號,1,晴,0,單路部分,路段,無號誌,車與車,起步未注意其他車(人)安全
11003ACB91B1350,20210317,120.253178,22.998406,交通事故,一般地址,臺南市永康區崑大路段195號0,1,晴,50,單路部分,其他,行車管制號誌(附設行人專用號誌),車與車,左轉彎未依規定
11003ACB91B1352,20210317,120.235349,23.021891,交通事故,交叉路口,臺南市永康區東橋五路段號東橋八街,1,晴,50,交岔路,交叉路口,行車管制號誌,汽(機)車本身,未注意車前狀態
11003ACB91B1355,20210318,120.275169,23.018867,交通事故,其他,臺南市永康區段號西勢國小前,1,晴,50,單路部分,路段,行車管制號誌(附設行人專用號誌),車與車,未注意車前狀態
11003ACB91B1361,20210318,120.247955,23.041673,交通事故,交叉路口,臺南市永康區中正北路段號中正北路318,1,晴,50,交岔路,交叉路口,行車管制號誌,汽(機)車本身,未注意車前狀態
11003ACB91B1372,20210318,120.235265,23.004234,交通事故,交叉路口,臺南市永康區中華路段號中華一路,1,陰,30,交岔路,交叉路口,行車管制號誌(附設行人專用號誌),車與車,未注意車前狀態
11003ACB91B1382,20210311,120.247402,23.025322,交通事故,一般地址,臺南市永康區自強路段113-1號,1,晴,30,單路部分,路段,無號誌,汽(機)車本身,不明原因肇事
11003ACB91B1394,20210312,120.215982,23.023293,交通事故,其他,臺南市永康區段號中華路與中央路口,1,晴,50,交岔路,交叉路口,行車管制號誌,車與車,未依規定讓車
11003ACB91B1401,20210318,120.234888,22.999556,交通事故,其他,臺南市永康區段號中華路8-3號前,1,晴,50,單路部分,路段,無號誌,車與車,未保持行車安全距離
11003ACB91B1405,20210318,120.227899,23.012532,交通事故,交叉路口,臺南市永康區中山南路段號中華西街,2,晴,50,交岔路,交叉路口,行車管制號誌(附設行人專用號誌),車與車,違反特定標誌(線)禁制
11003ACB91B1411,20210318,120.259808,23.025152,交通事故,一般地址,臺南市永康區永明街段86號,1,晴,50,單路部分,路段,行車管制號誌,車與車,未保持行車安全距離
11003ACB91B1414,20210317,120.24836,23.012295,交通事故,交叉路口,臺南市永康區復國二路段號復華六街,1,晴,30,交岔路,交叉路口,無號誌,車與車,未注意車前狀態
11003ACB91B1420,20210318,120.214737,23.020838,交通事故,一般地址,臺南市永康區小北路段15號,1,晴,40,單路部分,路段,無號誌,車與車,變換車道或方向不當
11003ACB91B1429,20210318,120.235241,23.00427,交通事故,交叉路口,臺南市永康區中華路段號中華一路,1,晴,50,交岔路,交叉路口,行車管制號誌,車與車,未依規定讓車
11003ACB91B1447,20210316,120.230202,23.027953,交通事故,一般地址,臺南市永康區尚頂里尚頂路段80號,1,晴,50,單路部分,路段,無號誌,車與車,開啟車門不當而肇事
11003ACB91B1448,20210318,120.234047,23.009355,交通事故,一般地址,臺南市永康區五王里成功路段65號,1,晴,50,交岔路,交叉路口,無號誌,車與車,起步未注意其他車(人)安全
11003ACB91B1449,20210304,120.215908,23.023346,交通事故,交叉路口,臺南市永康區中華路段號中央路,1,晴,50,交岔路,交叉路口,行車管制號誌(附設行人專用號誌),車與車,違反號誌管制或指揮
11003ACB91B1459,20210319,120.254816,22.998603,交通事故,交叉路口,臺南市永康區大灣路段891號永大路1287,1,晴,30,交岔路,交叉路口,無號誌,車與車,未依規定讓車
11003ACB91B1472,20210319,120.254819,22.998327,交通事故,交叉路口,臺南市永康區崑大路段號大灣路891,2,晴,50,交岔路,交叉路口,行車管制號誌,車與車,未保持行車安全距離
11003ACB91B1495,20210319,120.2217,23.021455,交通事故,其他,臺南市永康區段號中華路與南台街,1,晴,50,交岔路,交叉路口,行車管制號誌,車與車,未注意車前狀態
11003ACB91B1497,20210319,120.274393,23.048641,交通事故,一般地址,臺南市永康區環工路段15之1號,1,晴,30,單路部分,路段,無號誌,車與車,迴轉未依規定
11003ACB91B1512,20210319,120.245464,23.01992,交通事故,一般地址,臺南市永康區永二街段449號,1,晴,50,交岔路,交叉路口,閃光號誌,車與車,未依規定讓車
11003ACB91B1516,20210317,120.228697,23.015326,交通事故,交叉路口,臺南市永康區中華路段661號中華路61922,1,晴,50,交岔路,交叉路口,無號誌,車與車,未依規定讓車
11003ACB91B1523,20210318,120.271389,23.053661,交通事故,交叉路口,臺南市永康區中正北路段號和平東路,1,晴,50,交岔路,交叉路口,行車管制號誌,車與車,未依規定讓車
11003ACB91B1525,20210317,120.260261,23.02849,交通事故,其他,臺南市永康區段號永大路三段35號前,1,晴,50,交岔路,交叉路口,無號誌,車與車,未依規定讓車
11003ACB91B1531,20210318,120.232846,23.004404,交通事故,交叉路口,臺南市永康區中華一路段號勝利街,1,晴,30,交岔路,交叉路口,無號誌,車與車,左轉彎未依規定
11003ACB91B1532,20210319,120.229421,23.015478,交通事故,一般地址,臺南市永康區安康里中華路段657號0,2,晴,50,單路部分,路段,無號誌,車與車,未保持行車安全距離
11003ACB91B1553,20210319,120.26403,23.005426,交通事故,一般地址,臺南市永康區大安街段120號,1,晴,50,單路部分,路段,無號誌,汽(機)車本身,未注意車前狀態
11003ACB91B1564,20210320,120.244097,23.040081,交通事故,其他,臺南市永康區段號竹林街24巷電桿394902,2,晴,30,單路部分,路段,無號誌,車與車,未注意車前狀態
11003ACB91B1565,20210319,120.265464,23.015743,交通事故,交叉路口,臺南市永康區大同街段號大同街425,1,晴,50,交岔路,交叉路口,無號誌,車與車,迴轉未依規定
11003ACB91B1573,20210304,120.215908,23.023346,交通事故,交叉路口,臺南市永康區甲頂里中華路段號中央路,2,晴,50,交岔路,交叉路口,行車管制號誌,車與車,違反號誌管制或指揮
11003ACB91B1574,20210313,120.252417,22.999012,交通事故,其他,臺南市永康區段號大灣路1048號,1,晴,50,單路部分,路段,無號誌,車與車,未注意車前狀態
11003ACB91B1577,20210320,120.250599,22.9985,交通事故,其他,臺南市永康區段號崑大路網寮橋,1,晴,50,交岔路,交叉路口,行車管制號誌,汽(機)車本身,未注意車前狀態
11003ACB91B1580,20210314,120.264513,23.037983,交通事故,其他,臺南市永康區段號自強路825號,1,晴,50,單路部分,路段,無號誌,車與車,開啟車門不當而肇事
11003ACB91B1584,20210320,120.274387,23.026812,交通事故,交叉路口,臺南市永康區富強路2段號富強路2278,1,晴,50,交岔路,交叉路口,行車管制號誌,車與車,疲勞(患病)駕駛失控
11003ACB91B1590,20210313,120.238747,23.017403,交通事故,一般地址,臺南市永康區二王里中山南路段428號,1,晴,50,單路部分,路段,無號誌,車與車,違反特定標誌(線)禁制
11003ACB91B1594,20210320,120.25516,22.998181,交通事故,其他,臺南市永康區段號崑大路147號前,1,晴,50,交岔路,交叉路口,無號誌,車與車,未依規定讓車
11003ACB91B1597,20210320,120.26424,23.019593,交通事故,其他,臺南市永康區段號大同街740巷16號前,1,晴,30,交岔路,交叉路口,無號誌,車與車,未依規定讓車
11003ACB91B1600,20210320,120.265867,23.028479,交通事故,其他,臺南市永康區段號中山北路與中山北路264巷口,1,晴,60,交岔路,交叉路口,行車管制號誌,車與車,尚未發現肇事因素
11003ACB91B1631,20210320,120.23268,23.026719,交通事故,一般地址,臺南市永康區正南三路段33號,3,晴,50,交岔路,交叉路口,行車管制號誌,車與車,未依規定讓車
11003ACB91B1650,20210321,120.251805,23.029848,交通事故,一般地址,臺南市永康區中正路段1272419號0,1,晴,30,單路部分,路段,無號誌,車與車,開啟車門不當而肇事
11003ACB91B1651,20210316,120.252342,23.007891,交通事故,其他,臺南市永康區段號大灣路942巷371弄,1,晴,30,交岔路,交叉路口,無號誌,車與車,未依規定讓車
11003ACB91B1658,20210321,120.25668,23.00105,交通事故,交叉路口,臺南市永康區大仁街段號大仁街31,2,晴,50,交岔路,交叉路口,無號誌,車與車,未依規定讓車
11003ACB91B1661,20210315,120.222052,23.028789,交通事故,一般地址,臺南市永康區中正南路段34982號,1,晴,50,單路部分,路段,無號誌,車與車,開啟車門不當而肇事
11003ACB91B1667,20210316,120.24824,23.011862,交通事故,其他,臺南市永康區段號復國二路194號前,1,晴,50,交岔路,交叉路口,無號誌,車與車,左轉彎未依規定
11003ACB91B1668,20210317,120.249625,23.02696,交通事故,交叉路口,臺南市永康區高速一街段號自強路,1,晴,50,交岔路,交叉路口,行車管制號誌(附設行人專用號誌),車與車,右轉彎未依規定
11003ACB91B1669,20210321,120.254803,23.041989,交通事故,交叉路口,臺南市永康區中正北路段號蔦松二街,1,晴,50,交岔路,交叉路口,行車管制號誌,車與車,右轉彎未依規定
11003ACB91B1690,20210321,120.261732,23.038076,交通事故,一般地址,臺南市永康區龍中街段579號,1,晴,50,單路部分,路段,無號誌,車與車,未依規定讓車
11003ACB91B1693,20210318,120.231443,23.021479,交通事故,交叉路口,臺南市永康區東橋一路段號東橋十街,1,晴,50,交岔路,交叉路口,行車管制號誌,車與車,未注意車前狀態
11003ACB91B1709,20210321,120.241387,23.048949,交通事故,交叉路口,臺南市永康區永安路段號仁愛街,2,晴,50,交岔路,交叉路口,行車管制號誌,車與車,酒醉(後)駕駛失控
11003ACB91B1710,20210319,120.240654,23.038296,交通事故,其他,臺南市永康區段號中正路與新行街口,1,晴,50,交岔路,交叉路口,行車管制號誌,車與車,未依規定讓車
11003ACB91B1714,20210319,120.238116,23.007312,交通事故,其他,臺南市永康區段號中山東路與中山東路366巷口,3,晴,50,交岔路,交叉路口,行車管制號誌,車與車,左轉彎未依規定
11003ACB91B1717,20210320,120.255866,23.031229,交通事故,其他,臺南市永康區段號中山路與自強路口,2,晴,50,交岔路,交叉路口,行車管制號誌,車與車,左轉彎未依規定
11003ACB91B1718,20210321,120.248467,22.998661,交通事故,其他,臺南市永康區段號復興路與高速一街口,1,晴,50,交岔路,交叉路口,行車管制號誌,車與車,其他引起事故之違規或不當行為
11003ACB91B1720,20210301,120.262784,23.017317,交通事故,交叉路口,臺南市永康區永大路2段號文化路,1,晴,50,交岔路,交叉路口,行車管制號誌,汽(機)車本身,未注意車前狀態
11003ACB91B1721,20210308,120.235317,23.030482,交通事故,交叉路口,臺南市永康區中正二街段號正南三路,1,晴,50,交岔路,交叉路口,行車管制號誌,車與車,未依規定讓車
11003ACB91B1722,20210309,120.256273,23.029709,交通事故,交叉路口,臺南市永康區中山路段號聖龍街,1,晴,50,交岔路,交叉路口,行車管制號誌,車與車,未依規定讓車
11003ACB91B1724,20210313,120.241408,23.039076,交通事故,一般地址,臺南市永康區新行街段35號,2,晴,50,交岔路,交叉路口,無號誌,車與車,起步未注意其他車(人)安全
11003ACB91B1725,20210322,120.226464,23.011464,交通事故,其他,臺南市永康區段號中山南路與新興街口,1,晴,50,交岔路,交叉路口,行車管制號誌,車與車,違反號誌管制或指揮
11003ACB91B1726,20210315,120.260376,23.028596,交通事故,一般地址,臺南市永康區永大路3段35號,1,晴,40,單路部分,路段,無號誌,汽(機)車本身,未注意車前狀態
11003ACB91B1727,20210322,120.257375,23.018646,交通事故,一般地址,臺南市永康區永華路段427-16號,1,晴,50,單路部分,路段,無號誌,車與車,迴轉未依規定
11003ACB91B1728,20210319,120.246662,23.020902,交通事故,一般地址,臺南市永康區中山南路段792-1號,1,晴,50,單路部分,路段,無號誌,車與車,未保持行車安全距離
11003ACB91B1730,20210319,120.245846,23.012354,交通事故,交叉路口,臺南市永康區復華六街段號復華七街32,1,晴,30,交岔路,交叉路口,無號誌,車與車,未依規定讓車
11003ACB91B1731,20210320,120.220077,23.025387,交通事故,交叉路口,臺南市永康區中正南路段號中正南路235,1,晴,50,交岔路,交叉路口,行車管制號誌,車與車,違反號誌管制或指揮
11003ACB91B1732,20210316,120.236082,23.040224,交通事故,一般地址,臺南市永康區中正南路段730號,1,晴,50,單路部分,路段,無號誌,車與車,未保持行車安全距離
11003ACB91B1737,20210312,120.252377,23.033228,交通事故,交叉路口,臺南市永康區埔園街段號四維街,2,晴,50,交岔路,交叉路口,行車管制號誌,車與車,未依規定讓車
11003ACB91B1738,20210322,120.226274,23.015078,交通事故,交叉路口,臺南市永康區中華西街段號中華西街85,2,晴,30,交岔路,交叉路口,無號誌,車與車,未依規定讓車
11003ACB91B1739,20210309,120.237517,22.999846,交通事故,其他,臺南市永康區段號忠義街44巷與小東路591巷口,1,晴,30,交岔路,交叉路口,無號誌,車與車,未依規定讓車
11003ACB91B1747,20210322,120.273969,23.052402,交通事故,一般地址,臺南市永康區王行路段1130號,2,晴,50,單路部分,路段,無號誌,車與車,未保持行車安全距離
11003ACB91B1754,20210322,120.236173,23.015721,交通事故,其他,臺南市永康區段號東橋一路與中山南路,1,晴,50,交岔路,交叉路口,行車管制號誌(附設行人專用號誌),汽(機)車本身,其他引起事故之違規或不當行為
11003ACB91B1768,20210315,120.241227,23.019015,交通事故,交叉路口,臺南市永康區中山南路段119號中山南路123,5,晴,40,交岔路,交叉路口,閃光號誌,車與車,違反特定標誌(線)禁制