案件編號,發生日期,GPS經度,GPS緯度,案件類別名稱,地址類型名稱,發生縣市名稱,受傷人數,天候名稱, 速限-第1當事者,道路型態大類別名稱,事故位置大類別名稱,號誌-號誌種類名稱,事故類型及型態大類別名稱,肇因研判子類別名稱-主要
11003ACB91B1770,20210317,120.258114,23.015935,交通事故,其他,臺南市永康區段號永華路與文化路口,1,晴,50,交岔路,交叉路口,行車管制號誌,車與車,左轉彎未依規定
11003ACB91B1774,20210322,120.262958,23.036986,交通事故,一般地址,臺南市永康區自強路段767號,2,晴,50,單路部分,路段,無號誌,車與車,未依規定讓車
11003ACB91B1780,20210322,120.24235,23.037622,交通事故,交叉路口,臺南市永康區新中街段號新中街31,2,晴,50,交岔路,交叉路口,無號誌,車與車,未保持行車安全距離
11003ACB91B1781,20210319,120.255907,23.031261,交通事故,交叉路口,臺南市永康區中山路段號自強路,2,晴,50,交岔路,交叉路口,行車管制號誌,車與車,其他引起事故之違規或不當行為
11003ACB91B1782,20210317,120.22573,23.018767,交通事故,交叉路口,臺南市永康區中華路段號大橋三街,1,晴,50,交岔路,交叉路口,行車管制號誌,車與車,未保持行車安全間隔
11003ACB91B1784,20210319,120.223435,23.020343,交通事故,其他,臺南市永康區段號永康橋南往北機慢車道上,1,晴,50,單路部分,路段,無號誌,人與汽(機)車,未注意車前狀態
11003ACB91B1785,20210319,120.239728,22.995626,交通事故,交叉路口,臺南市永康區裕永路段號平實四街,2,晴,50,交岔路,交叉路口,行車管制號誌,車與車,違反號誌管制或指揮
11003ACB91B1787,20210321,120.265466,23.009113,交通事故,交叉路口,臺南市永康區大安街段號大安街290,1,晴,50,交岔路,交叉路口,無號誌,車與車,未依規定讓車
11003ACB91B1788,20210321,120.258292,22.997779,交通事故,交叉路口,臺南市永康區永大路1段號大灣東路,1,晴,50,交岔路,交叉路口,行車管制號誌,車與車,違反特定標誌(線)禁制
11003ACB91B1789,20210322,120.215908,23.023346,交通事故,交叉路口,臺南市永康區中央路段232號中華路,2,晴,40,交岔路,交叉路口,無號誌,車與車,未依規定讓車
11003ACB91B1797,20210317,120.259466,23.025867,交通事故,一般地址,臺南市永康區永明街段43號,1,晴,50,單路部分,路段,無號誌,車與車,未注意車前狀態
11003ACB91B1826,20210322,120.226479,23.011452,交通事故,交叉路口,臺南市永康區中山南路段號新興街,1,晴,50,交岔路,交叉路口,行車管制號誌,車與車,違反號誌管制或指揮
11003ACB91B1829,20210311,120.268103,23.006697,交通事故,其他,臺南市永康區段號民族路363號前,1,晴,50,單路部分,路段,無號誌,車與車,未注意車前狀態
11003ACB91B1831,20210317,120.255849,23.031233,交通事故,其他,臺南市永康區段號中山路與自強路,2,晴,50,交岔路,交叉路口,行車管制號誌,車與車,未依規定讓車
11003ACB91B1832,20210311,120.256384,22.999799,交通事故,其他,臺南市永康區段號大灣路882號前,1,晴,50,單路部分,路段,無號誌,車與車,起步未注意其他車(人)安全
11003ACB91B1836,20210309,120.24329,23.052997,交通事故,其他,臺南市永康區段號仁愛街391號前,2,晴,50,單路部分,路段,無號誌,人與汽(機)車,穿越道路未注意左右來車
11003ACB91B1841,20210312,120.231928,23.036534,交通事故,其他,臺南市永康區段號中正南路500號,1,晴,40,單路部分,路段,無號誌,車與車,未依規定讓車
11003ACB91B1845,20210322,120.227734,23.019596,交通事故,交叉路口,臺南市永康區大橋二街段號大橋一街103,1,晴,50,交岔路,交叉路口,行車管制號誌,車與車,未保持行車安全距離
11003ACB91B1847,20210305,120.227899,23.012532,交通事故,其他,臺南市永康區段號中山南路與中華西街,1,晴,50,交岔路,交叉路口,行車管制號誌,人與汽(機)車,搶越行人穿越道
11003ACB91B1853,20210321,120.235334,23.030507,交通事故,其他,臺南市永康區段號中正二街與正南三路口,2,晴,50,交岔路,交叉路口,行車管制號誌,車與車,左轉彎未依規定
11003ACB91B1873,20210317,120.237231,23.010704,交通事故,一般地址,臺南市永康區中山東路段239號,1,晴,50,單路部分,路段,無號誌,汽(機)車本身,尚未發現肇事因素
11003ACB91B1874,20210323,120.259134,23.023008,交通事故,交叉路口,臺南市永康區永康街段號永華路,1,晴,50,交岔路,交叉路口,行車管制號誌,車與車,違規超車
11003ACB91B1875,20210323,120.221856,23.024013,交通事故,一般地址,臺南市永康區尚頂里南台街段5459號0,1,晴,30,交岔路,交叉路口,無號誌,車與車,未依規定讓車
11003ACB91B1879,20210318,120.22039,23.025494,交通事故,一般地址,臺南市永康區中正南路段214號,1,晴,50,單路部分,路段,無號誌,車與車,不明原因肇事
11003ACB91B1881,20210309,120.234902,23.001825,交通事故,其他,臺南市永康區段號中華路103號,1,晴,50,單路部分,路段,無號誌,車與車,未注意車前狀態
11003ACB91B1882,20210320,120.266091,23.038995,交通事故,其他,臺南市永康區段號自強路(340507號燈桿附近),2,晴,50,單路部分,路段,無號誌,車與車,不明原因肇事
11003ACB91B1883,20210322,120.271314,23.053671,交通事故,其他,臺南市永康區段號中正北路與和平東路,2,陰,50,交岔路,交叉路口,行車管制號誌(附設行人專用號誌),車與車,未依規定讓車
11003ACB91B1884,20210322,120.24187,23.037004,交通事故,交叉路口,臺南市永康區中正路段號新中街,1,晴,50,交岔路,交叉路口,行車管制號誌,車與車,左轉彎未依規定
11003ACB91B1885,20210323,120.216092,23.019703,交通事故,交叉路口,臺南市永康區中正南路段號甲頂路,3,陰,50,交岔路,交叉路口,行車管制號誌,車與車,違反號誌管制或指揮
11003ACB91B1886,20210312,120.226816,23.025261,交通事故,其他,臺南市永康區段號正南一街與中正二街口,2,晴,50,交岔路,交叉路口,行車管制號誌,車與車,未依規定讓車
11003ACB91B1893,20210311,120.227191,23.017795,交通事故,一般地址,臺南市永康區安康里中華路段735號0,1,晴,50,交岔路,交叉路口,無號誌,車與車,未依規定讓車
11003ACB91B1896,20210319,120.254951,23.030564,交通事故,交叉路口,臺南市永康區自強路段號自強路379,3,晴,50,交岔路,交叉路口,無號誌,車與車,未依規定讓車
11003ACB91B1900,20210323,120.238616,23.04309,交通事故,交叉路口,臺南市永康區仁愛街段號三村一街,2,晴,50,交岔路,交叉路口,行車管制號誌,車與車,違反號誌管制或指揮
11003ACB91B1921,20210322,120.246628,23.014471,交通事故,交叉路口,臺南市永康區國華街段132號復華七街117,3,晴,30,交岔路,交叉路口,無號誌,車與車,未依規定讓車
11003ACB91B1922,20210318,120.246061,23.006067,交通事故,一般地址,臺南市永康區復國一路段151號,2,晴,50,單路部分,路段,無號誌,車與車,逆向行駛
11003ACB91B1924,20210323,120.237032,23.016422,交通事故,一般地址,臺南市永康區中山南路段265號,1,晴,50,單路部分,路段,無號誌,汽(機)車本身,未注意車前狀態
11003ACB91B1931,20210316,120.228692,23.015335,交通事故,其他,臺南市永康區段號中華路661巷、中華路703巷3弄口,3,晴,30,交岔路,交叉路口,無號誌,車與車,未依規定讓車
11003ACB91B1933,20210322,120.243418,23.017255,交通事故,交叉路口,臺南市永康區復華里忠孝路段號復國一路,1,晴,50,交岔路,交叉路口,行車管制號誌,車與車,未依規定讓車
11003ACB91B1936,20210315,120.242334,22.997942,交通事故,一般地址,臺南市永康區復興路段27761號,1,晴,40,單路部分,其他,無號誌,車與車,未靠右行駛
11003ACB91B1938,20210323,120.224443,23.029218,交通事故,交叉路口,臺南市永康區尚頂里中正南路段號正南一街,1,晴,50,交岔路,交叉路口,行車管制號誌,車與車,未依規定讓車
11003ACB91B1949,20210323,120.243415,23.018249,交通事故,其他,臺南市永康區段號忠孝路429巷15弄6號前,1,晴,50,交岔路,交叉路口,行車管制號誌,車與車,左轉彎未依規定
11003ACB91B1956,20210324,120.218253,23.023469,交通事故,交叉路口,臺南市永康區中華路段號中正南路,1,陰,50,交岔路,交叉路口,行車管制號誌,汽(機)車本身,未保持行車安全間隔
11003ACB91B1964,20210323,120.234859,22.999839,交通事故,其他,臺南市永康區段號中華路與中華路10巷口,2,晴,50,交岔路,交叉路口,行車管制號誌(附設行人專用號誌),車與車,未注意車前狀態
11003ACB91B1965,20210324,120.241726,23.018281,交通事故,一般地址,臺南市永康區中山南路段54443號,1,陰,50,交岔路,交叉路口,閃光號誌,汽(機)車本身,不明原因肇事
11003ACB91B1966,20210318,120.233472,23.008772,交通事故,一般地址,臺南市永康區中華路段361號,2,晴,50,單路部分,路段,行車管制號誌,車與車,未保持行車安全距離
11003ACB91B1976,20210323,120.229631,23.011578,交通事故,交叉路口,臺南市永康區新興街段號新興街34,1,晴,50,交岔路,交叉路口,無號誌,車與車,未依規定讓車
11003ACB91B1983,20210324,120.239604,23.042933,交通事故,一般地址,臺南市永康區三村一街段69號0,1,晴,50,交岔路,交叉路口,無號誌,汽(機)車本身,其他引起事故之違規或不當行為
11003ACB91B1988,20210324,120.264196,23.047853,交通事故,一般地址,臺南市永康區中正北路段825號,1,晴,50,單路部分,路段,無號誌,車與車,倒車未依規定
11003ACB91B1990,20210324,120.236403,22.998502,交通事故,交叉路口,臺南市永康區忠義街段60號小東路47746,1,晴,50,交岔路,交叉路口,無號誌,汽(機)車本身,未依規定減速
11003ACB91B1991,20210322,120.228302,23.040107,交通事故,其他,臺南市永康區段號洲尾街78號,1,陰,30,單路部分,路段,無號誌,汽(機)車本身,其他引起事故之違規或不當行為
11003ACB91B1993,20210316,120.239476,23.017032,交通事故,其他,臺南市永康區段號中山南路490巷2弄口,1,晴,30,交岔路,交叉路口,無號誌,汽(機)車本身,未注意車前狀態
11003ACB91B1994,20210324,120.216092,23.019703,交通事故,交叉路口,臺南市永康區中正南路段號甲頂路,1,陰,50,交岔路,交叉路口,行車管制號誌,汽(機)車本身,未注意車前狀態
11003ACB91B1995,20210316,120.235752,23.040426,交通事故,其他,臺南市永康區段號中正南路783號前,1,晴,50,交岔路,交叉路口,無號誌,車與車,未注意車前狀態
11003ACB91B1997,20210316,120.218107,23.023372,交通事故,其他,臺南市永康區段號中華路與中正南路口,1,晴,50,交岔路,交叉路口,行車管制號誌,車與車,未保持行車安全距離
11003ACB91B2002,20210324,120.228181,23.017219,交通事故,一般地址,臺南市永康區中華路段762號,1,雨,50,交岔路,交叉路口,行車管制號誌,車與車,違反號誌管制或指揮
11003ACB91B2004,20210319,120.26531,23.028917,交通事故,其他,臺南市永康區段號中山北路與龍潭街口,1,晴,60,交岔路,交叉路口,行車管制號誌,車與車,未依規定讓車
11003ACB91B2006,20210317,120.256895,23.027817,交通事故,其他,臺南市永康區段號中山路與埔聖街口,1,晴,50,交岔路,交叉路口,無號誌,車與車,未注意車前狀態
11003ACB91B2038,20210324,120.27327,23.04221,交通事故,交叉路口,臺南市永康區永科一路段號王行路,2,晴,50,交岔路,交叉路口,行車管制號誌(附設行人專用號誌),車與車,違反號誌管制或指揮
11003ACB91B2054,20210321,120.254702,23.024972,交通事故,一般地址,臺南市永康區永康里中山南路段633號,1,晴,50,單路部分,路段,無號誌,車與車,開啟車門不當而肇事
11003ACB91B2056,20210318,120.265985,23.049224,交通事故,交叉路口,臺南市永康區中正北路段號正北五路,1,晴,50,交岔路,交叉路口,行車管制號誌,車與車,違反號誌管制或指揮
11003ACB91B2059,20210318,120.24789,22.997026,交通事故,其他,臺南市永康區段號高速二街府城高爾夫球場前,1,晴,40,交岔路,交叉路口,無號誌,車與車,違反特定標誌(線)禁制
11003ACB91B2060,20210325,120.254527,23.031716,交通事故,交叉路口,臺南市永康區自強路段379號中山路1851,1,晴,30,交岔路,交叉路口,無號誌,汽(機)車本身,未注意車前狀態
11003ACB91B2064,20210316,120.243451,23.017261,交通事故,交叉路口,臺南市永康區復國一路段號忠孝路,1,晴,50,交岔路,交叉路口,行車管制號誌,車與車,起步未注意其他車(人)安全
11003ACB91B2065,20210324,120.259147,23.033676,交通事故,其他,臺南市永康區段號永大路3段與自強路口,1,陰,50,交岔路,交叉路口,行車管制號誌,車與車,左轉彎未依規定
11003ACB91B2066,20210322,120.256829,23.025794,交通事故,一般地址,臺南市永康區中山南路段1100號0,1,晴,50,交岔路,路段,無號誌,汽(機)車本身,未注意車前狀態
11003ACB91B2074,20210324,120.231194,23.01256,交通事故,一般地址,臺南市永康區中華路段535號,1,陰,40,單路部分,路段,無號誌,汽(機)車本身,不明原因肇事
11003ACB91B2075,20210324,120.2612,23.019785,交通事故,交叉路口,臺南市永康區永大三路段號永福街,1,晴,30,交岔路,交叉路口,無號誌,車與車,未依規定讓車
11003ACB91B2078,20210324,120.227652,23.032561,交通事故,一般地址,臺南市永康區中正南路段457號,2,晴,50,交岔路,交叉路口,行車管制號誌,車與車,未保持行車安全距離
11003ACB91B2080,20210324,120.240213,23.033105,交通事故,一般地址,臺南市永康區中正二街段487號0,1,晴,50,交岔路,交叉路口,行車管制號誌,車與車,違反號誌管制或指揮
11003ACB91B2093,20210302,120.237613,23.040728,交通事故,一般地址,臺南市永康區中正路段621號,2,晴,50,單路部分,路段,無號誌,車與車,起步未注意其他車(人)安全
11003ACB91B2096,20210314,120.22661,23.018179,交通事故,交叉路口,臺南市永康區西橋里中華路段號中華西街,1,晴,50,交岔路,交叉路口,行車管制號誌,車與車,開啟車門不當而肇事
11003ACB91B2113,20210322,120.263035,23.016876,交通事故,其他,臺南市永康區段號永大路二段980號,4,晴,50,單路部分,路段,無號誌,車與車,未保持行車安全距離
11003ACB91B2116,20210322,120.248374,23.012291,交通事故,其他,臺南市永康區段號復國二路與復國二路210巷,1,晴,30,交岔路,交叉路口,無號誌,車與車,未依規定讓車
11003ACB91B2123,20210325,120.233481,23.027047,交通事故,其他,臺南市永康區段號正南三路28號,1,晴,50,單路部分,路段,無號誌,車與車,未注意車前狀態
11003ACB91B2131,20210324,120.223165,23.021192,交通事故,交叉路口,臺南市永康區大武街段71號南台街13,1,晴,50,交岔路,交叉路口,無號誌,車與車,未注意車前狀態
11003ACB91B2135,20210325,120.246088,22.998554,交通事故,一般地址,臺南市永康區復興里復興路段號0,1,晴,50,單路部分,路段,無號誌,車與車,未保持行車安全間隔
11003ACB91B2136,20210325,120.216052,23.023458,交通事故,其他,臺南市永康區段號中華路與河堤道路口,1,晴,50,交岔路,路段,行車管制號誌,車與車,違反號誌管制或指揮
11003ACB91B2141,20210325,120.236122,23.014201,交通事故,交叉路口,臺南市永康區中山東路段號五福街,1,晴,50,交岔路,交叉路口,無號誌,車與車,未保持行車安全距離
11003ACB91B2155,20210325,120.24632,23.009611,交通事故,其他,臺南市永康區段號復國一路與復華三街口,1,晴,50,交岔路,交叉路口,行車管制號誌,汽(機)車本身,尚未發現肇事因素
11003ACB91B2158,20210326,120.23012,23.037785,交通事故,交叉路口,臺南市永康區洲尾街段號國聖街,1,晴,50,交岔路,交叉路口,行車管制號誌,車與車,未依規定讓車
11003ACB91B2160,20210325,120.248584,23.019248,交通事故,一般地址,臺南市永康區永二街段346號,1,晴,50,單路部分,路段,無號誌,車與車,其他引起事故之違規或不當行為
11003ACB91B2167,20210326,120.258816,23.005528,交通事故,其他,臺南市永康區段號崑山街219巷30號前,1,晴,50,單路部分,路段,無號誌,車與車,起步未注意其他車(人)安全
11003ACB91B2180,20210326,120.264974,23.028832,交通事故,其他,臺南市永康區段號中山北路與中山北路321巷,1,晴,30,交岔路,交叉路口,無號誌,車與車,起步未注意其他車(人)安全
11003ACB91B2192,20210326,120.259037,23.003802,交通事故,交叉路口,臺南市永康區崑山街段號國光三街,1,晴,30,交岔路,交叉路口,閃光號誌,車與車,未依規定讓車
11003ACB91B2201,20210326,120.245244,23.009726,交通事故,一般地址,臺南市永康區復華三街段84號0,1,晴,50,單路部分,路段,無號誌,車與車,迴轉未依規定
11003ACB91B2206,20210320,120.258201,23.025009,交通事故,其他,臺南市永康區段號永中街116號,1,晴,50,單路部分,路段,無號誌,人與汽(機)車,穿越道路未注意左右來車
11003ACB91B2210,20210326,120.241693,22.998673,交通事故,一般地址,臺南市永康區復興路段338號0,1,晴,50,單路部分,路段,無號誌,車與車,未注意車前狀態
11003ACB91B2215,20210319,120.246558,23.04139,交通事故,其他,臺南市永康區段號鹽行里竹林街(匯豐汽車公司旁),1,晴,50,單路部分,路段,無號誌,車與車,未依規定讓車
11003ACB91B2222,20210326,120.231375,23.041674,交通事故,交叉路口,臺南市永康區洲尾街段號鹽行路,1,晴,50,交岔路,交叉路口,無號誌,車與車,未依規定讓車
11003ACB91B2231,20210320,120.268467,23.029235,交通事故,交叉路口,臺南市永康區中山北路段號龍昌街,1,晴,50,交岔路,交叉路口,行車管制號誌,車與車,違反號誌管制或指揮
11003ACB91B2238,20210326,120.239801,23.000706,交通事故,一般地址,臺南市永康區忠孝路段10號0,3,晴,50,交岔路,交叉路口,行車管制號誌,車與車,未依規定讓車
11003ACB91B2242,20210326,120.268547,23.029259,交通事故,交叉路口,臺南市永康區中山北路段號龍昌街,1,晴,50,交岔路,路段,行車管制號誌,車與車,未保持行車安全間隔
11003ACB91B2246,20210326,120.240454,23.041632,交通事故,交叉路口,臺南市永康區中正北路段號中正七街,1,晴,50,交岔路,交叉路口,行車管制號誌,車與車,未保持行車安全距離
11003ACB91B2248,20210326,120.250465,23.02251,交通事故,交叉路口,臺南市永康區中山南路段號永興路,2,晴,50,交岔路,交叉路口,行車管制號誌,車與車,未保持行車安全間隔
11003ACB91B2261,20210323,120.258016,23.010674,交通事故,其他,臺南市永康區段號大灣路942巷442-1號前,2,晴,30,單路部分,路段,無號誌,人與汽(機)車,穿越道路未注意左右來車
11003ACB91B2276,20210322,120.247738,22.996807,交通事故,一般地址,臺南市永康區復興路段715號,1,晴,30,單路部分,路段,無號誌,車與車,未依規定讓車
11003ACB91B2277,20210327,120.225281,23.030072,交通事故,交叉路口,臺南市永康區中正南路段號中正南路210,1,晴,50,交岔路,交叉路口,行車管制號誌,汽(機)車本身,未注意車前狀態
11003ACB91B2280,20210320,120.248367,23.012295,交通事故,交叉路口,臺南市永康區復國里復國二路段號復國二路210,2,晴,30,交岔路,交叉路口,無號誌,車與車,未依規定讓車
11003ACB91B2282,20210325,120.258682,23.022052,交通事故,交叉路口,臺南市永康區永華路段號永平街,1,晴,50,交岔路,交叉路口,行車管制號誌,車與車,未依規定讓車
11003ACB91B2285,20210327,120.246356,22.999774,交通事故,交叉路口,臺南市永康區建國里復國路段號復國路53,2,晴,50,交岔路,交叉路口,行車管制號誌,車與車,未注意車前狀態
11003ACB91B2287,20210322,120.24757,23.009052,交通事故,交叉路口,臺南市永康區復國二路段號復國一路280,1,晴,40,交岔路,交叉路口,無號誌,人與汽(機)車,未依規定讓車
11003ACB91B2288,20210326,120.237264,23.031571,交通事故,一般地址,臺南市永康區中正二街段309號,1,晴,50,單路部分,路段,無號誌,車與車,變換車道或方向不當
11003ACB91B2307,20210327,120.259682,23.034114,交通事故,交叉路口,臺南市永康區自強路段號永大路3,2,晴,50,交岔路,交叉路口,行車管制號誌,車與車,逆向行駛
11003ACB91B2310,20210325,120.237785,23.035959,交通事故,交叉路口,臺南市永康區?行里正南五街段號正南五街289,1,晴,50,交岔路,交叉路口,閃光號誌,車與車,變換車道或方向不當
11003ACB91B2319,20210322,120.249776,23.02211,交通事故,交叉路口,臺南市永康區中山南路段號高速二街,2,晴,50,交岔路,交叉路口,行車管制號誌(附設行人專用號誌),車與車,未依規定讓車
11003ACB91B2323,20210322,120.241306,23.048873,交通事故,其他,臺南市永康區段號永安路與仁愛街口,2,晴,50,交岔路,交叉路口,行車管制號誌(附設行人專用號誌),車與車,未注意車前狀態
11003ACB91B2324,20210323,120.248581,23.02616,交通事故,交叉路口,臺南市永康區自強路段號自強路140,1,晴,40,交岔路,交叉路口,無號誌,車與車,未依規定讓車
11003ACB91B2328,20210322,120.239936,23.002083,交通事故,交叉路口,臺南市永康區忠孝路段號中華路58,1,晴,50,交岔路,交叉路口,閃光號誌,車與車,未依規定讓車
11003ACB91B2329,20210327,120.237547,23.005999,交通事故,其他,臺南市永康區段號中華路216巷與中華路216巷40弄口,1,晴,30,交岔路,交叉路口,無號誌,車與車,未依規定讓車
11003ACB91B2330,20210316,120.223195,23.021052,交通事故,一般地址,臺南市永康區大武街段69號,1,晴,50,交岔路,交叉路口,無號誌,車與車,違反特定標誌(線)禁制
11003ACB91B2333,20210327,120.218202,23.023511,交通事故,其他,臺南市永康區段號中華路與中正南路口,3,晴,40,交岔路,路段,行車管制號誌(附設行人專用號誌),車與車,未保持行車安全間隔
11003ACB91B2383,20210318,120.245445,22.998672,交通事故,交叉路口,臺南市永康區復興路段號復興路1281,1,晴,40,交岔路,交叉路口,無號誌,車與車,未依規定讓車
11003ACB91B2392,20210323,120.228013,23.011446,交通事故,交叉路口,臺南市永康區新興街段號中山南路30,1,晴,50,交岔路,交叉路口,無號誌,車與車,未保持行車安全距離
11003ACB91B2401,20210324,120.221858,23.024002,交通事故,交叉路口,臺南市永康區中正南路段210號南台街54,2,晴,40,交岔路,交叉路口,無號誌,車與車,未依規定讓車
11003ACB91B2417,20210317,120.236163,23.015731,交通事故,交叉路口,臺南市永康區中山南路段號東橋一路,2,晴,50,交岔路,交叉路口,行車管制號誌,車與車,違反號誌管制或指揮
11003ACB91B2432,20210328,120.231759,23.013731,交通事故,一般地址,臺南市永康區中山南路段162號,2,晴,50,單路部分,路段,無號誌,車與車,起步未注意其他車(人)安全
11003ACB91B2438,20210322,120.241387,23.048949,交通事故,交叉路口,臺南市永康區永安路段號仁愛街,1,晴,50,交岔路,交叉路口,行車管制號誌,車與車,未依規定讓車
11003ACB91B2471,20210328,120.267839,23.020968,交通事故,一般地址,臺南市永康區西勢路段586號,2,晴,50,單路部分,路段,無號誌,車與車,逆向行駛
11003ACB91B2475,20210327,120.239151,23.017717,交通事故,交叉路口,臺南市永康區中山南路段號中山南路347,1,晴,50,交岔路,交叉路口,行車管制號誌,車與車,開啟車門不當而肇事
11003ACB91B2481,20210325,120.254995,23.02028,交通事故,交叉路口,臺南市永康區永二街段號永興路,1,晴,50,交岔路,交叉路口,閃光號誌,車與車,未依規定讓車
11003ACB91B2483,20210327,120.248483,22.998523,交通事故,交叉路口,臺南市永康區高速一街2段號復興路,2,晴,50,交岔路,交叉路口,行車管制號誌,車與車,違反號誌管制或指揮
11003ACB91B2485,20210302,120.263357,23.013814,交通事故,其他,臺南市永康區段號公園路5號,1,晴,50,交岔路,交叉路口,無號誌,車與車,起步未注意其他車(人)安全
11003ACB91B2501,20210326,120.238911,23.039771,交通事故,其他,臺南市永康區段號中正路545號前,1,晴,50,交岔路,交叉路口,無號誌,車與車,未依規定讓車
11003ACB91B2513,20210306,120.227115,23.018788,交通事故,其他,臺南市永康區段號大橋二街83號,1,晴,50,交岔路,交叉路口,行車管制號誌,車與車,未依規定讓車
11003ACB91B2514,20210329,120.243788,23.046345,交通事故,交叉路口,臺南市永康區永安路段號永安一街,3,晴,50,交岔路,交叉路口,行車管制號誌,車與車,違反號誌管制或指揮
11003ACB91B2515,20210329,120.22787,23.017767,交通事故,其他,臺南市永康區段號中華路784號前,1,晴,50,單路部分,路段,無號誌,車與車,變換車道或方向不當
11003ACB91B2520,20210329,120.250465,23.02251,交通事故,交叉路口,臺南市永康區中山南路段號永興路,1,晴,50,交岔路,交叉路口,行車管制號誌,車與車,未依規定讓車
11003ACB91B2523,20210326,120.251928,22.998608,交通事故,其他,臺南市永康區段號大灣路與崑大路,2,晴,50,交岔路,交叉路口,行車管制號誌,車與車,違反號誌管制或指揮
11003ACB91B2527,20210326,120.261529,23.040216,交通事故,交叉路口,臺南市永康區龍中街段號竹園一街,1,晴,50,交岔路,交叉路口,行車管制號誌,車與車,未注意車前狀態
11003ACB91B2533,20210308,120.255874,23.030668,交通事故,其他,臺南市永康區段號興工路與自強路口,1,晴,50,交岔路,交叉路口,行車管制號誌,車與車,未依規定讓車
11003ACB91B2536,20210306,120.287783,23.013993,交通事故,其他,臺南市永康區段號台39線北往南2公里處,2,晴,70,單路部分,路段,無號誌,車與車,未保持行車安全間隔
11003ACB91B2538,20210329,120.238924,23.039777,交通事故,一般地址,臺南市永康區中正路段543號0,1,晴,50,交岔路,交叉路口,無號誌,人與汽(機)車,其他引起事故之違規或不當行為
11003ACB91B2540,20210325,120.242859,23.019943,交通事故,交叉路口,臺南市永康區中山南路段號中山南路644,2,晴,50,交岔路,交叉路口,行車管制號誌,車與車,違反號誌管制或指揮
11003ACB91B2551,20210321,120.250167,22.998441,交通事故,其他,臺南市永康區段號復興路11號,1,晴,50,單路部分,路段,行車管制號誌,車與車,未注意車前狀態
11003ACB91B2552,20210329,120.251315,23.036273,交通事故,交叉路口,臺南市永康區四維街段號八德街,1,晴,50,交岔路,交叉路口,行車管制號誌,車與車,右轉彎未依規定
11003ACB91B2553,20210329,120.241247,22.998669,交通事故,其他,臺南市永康區段號復興路與復興路356巷口,1,晴,50,交岔路,交叉路口,無號誌,車與車,未注意車前狀態
11003ACB91B2558,20210318,120.229076,23.017682,交通事故,其他,臺南市永康區段號大橋一街、大橋一街103巷,1,晴,30,單路部分,路段,無號誌,車與車,未注意車前狀態
11003ACB91B2591,20210327,120.260265,23.030309,交通事故,一般地址,臺南市永康區埔園里永大路3段98號,1,晴,50,單路部分,路段,無號誌,車與車,未注意車前狀態
11003ACB91B2593,20210318,120.27619,23.044233,交通事故,其他,臺南市永康區段號永科王田大道與永科環路口,2,晴,50,交岔路,交叉路口,行車管制號誌,車與車,左轉彎未依規定
11003ACB91B2594,20210329,120.246403,23.009649,交通事故,交叉路口,臺南市永康區復華三街段號復國一路,2,晴,50,交岔路,交叉路口,行車管制號誌,車與車,未注意車前狀態
11003ACB91B2595,20210318,120.223273,23.020225,交通事故,其他,臺南市永康區段號中華路899巷,1,晴,30,單路部分,路段,無號誌,人與汽(機)車,未注意車前狀態
11003ACB91B2605,20210324,120.25457,23.0421,交通事故,其他,臺南市永康區段號中正北路431號前,1,晴,40,交岔路,交叉路口,行車管制號誌,車與車,未注意車前狀態
11003ACB91B2615,20210322,120.249493,23.039988,交通事故,其他,臺南市永康區段號中正北路318巷29號,2,晴,50,單路部分,路段,無號誌,車與車,裝載貨物不穩妥
11003ACB91B2616,20210330,120.222967,23.027154,交通事故,交叉路口,臺南市永康區中正南路段242號中正南路2424,2,晴,30,交岔路,交叉路口,無號誌,車與車,未依規定讓車
11003ACB91B2623,20210324,120.272801,23.05267,交通事故,其他,臺南市永康區段號王行路、王行東路口,1,雨,50,交岔路,交叉路口,閃光號誌,汽(機)車本身,其他引起事故之違規或不當行為
11003ACB91B2630,20210330,120.243753,23.035273,交通事故,一般地址,臺南市永康區中正路段353號0,1,晴,50,交岔路,交叉路口,行車管制號誌,車與車,未注意車前狀態
11003ACB91B2637,20210330,120.242428,23.045205,交通事故,一般地址,臺南市永康區永安路段1653077號,1,晴,30,單路部分,路段,無號誌,人與汽(機)車,未保持行車安全間隔
11003ACB91B2643,20210330,120.246959,23.01599,交通事故,交叉路口,臺南市永康區復華八街段56號國華街132,2,晴,30,交岔路,交叉路口,無號誌,車與車,左轉彎未依規定
11003ACB91B2648,20210324,120.234074,23.009311,交通事故,其他,臺南市永康區段號成功路67號前,1,晴,50,單路部分,路段,無號誌,車與車,起步未注意其他車(人)安全
11003ACB91B2655,20210330,120.232657,23.013979,交通事故,一般地址,臺南市永康區中山南路段188之2號,1,晴,50,單路部分,路段,無號誌,車與車,開啟車門不當而肇事
11003ACB91B2661,20210330,120.235178,23.030506,交通事故,其他,臺南市永康區段號中正二街237號前,1,晴,50,單路部分,路段,無號誌,車與車,倒車未依規定
11003ACB91B2666,20210330,120.228692,23.03339,交通事故,交叉路口,臺南市永康區中正南路段號正南二街,2,晴,50,交岔路,交叉路口,行車管制號誌,車與車,違反號誌管制或指揮