案件編號,發生日期,GPS經度,GPS緯度,案件類別名稱,地址類型名稱,發生縣市名稱,受傷人數,天候名稱, 速限-第1當事者,道路型態大類別名稱,事故位置大類別名稱,號誌-號誌種類名稱,事故類型及型態大類別名稱,肇因研判子類別名稱-主要
11003ACB91B2681,20210330,120.219333,23.023023,交通事故,交叉路口,臺南市永康區中華路段號南台街154,1,晴,30,交岔路,交叉路口,無號誌,車與車,未注意車前狀態
11003ACB91B2696,20210330,120.257088,23.002893,交通事故,交叉路口,臺南市永康區大仁街段號大仁街107,2,晴,50,交岔路,交叉路口,無號誌,車與車,未注意車前狀態
11003ACB91B2698,20210318,120.262862,23.017312,交通事故,交叉路口,臺南市永康區永大路2段號文化路,1,晴,50,交岔路,交叉路口,行車管制號誌,車與車,未依規定讓車
11003ACB91B2710,20210321,120.234934,22.999805,交通事故,其他,臺南市永康區段號中華路10巷口,1,晴,50,交岔路,交叉路口,行車管制號誌,車與車,未注意車前狀態
11003ACB91B2711,20210322,120.249035,23.021567,交通事故,其他,臺南市永康區段號中山南路904號前,1,晴,50,交岔路,交叉路口,無號誌,車與車,未注意車前狀態
11003ACB91B2712,20210322,120.243883,23.020159,交通事故,其他,臺南市永康區段號中山南路與忠孝路口,1,晴,50,交岔路,交叉路口,行車管制號誌,車與車,未注意車前狀態
11003ACB91B2715,20210323,120.2753,23.020938,交通事故,其他,臺南市永康區段號西勢路與富強路一段口,1,晴,50,交岔路,交叉路口,行車管制號誌,車與車,逆向行駛
11003ACB91B2717,20210322,120.239325,23.012236,交通事故,交叉路口,臺南市永康區南工街段243號南工街24333,1,晴,30,交岔路,交叉路口,無號誌,車與車,未依規定讓車
11003ACB91B2724,20210326,120.23509,23.001218,交通事故,一般地址,臺南市永康區中華路段34號,1,晴,50,單路部分,路段,無號誌,車與車,未注意車前狀態
11003ACB91B2726,20210326,120.240354,23.038561,交通事故,一般地址,臺南市永康區中正路段850號,2,晴,50,單路部分,路段,無號誌,車與車,左轉彎未依規定
11003ACB91B2728,20210326,120.255129,23.015121,交通事故,交叉路口,臺南市永康區文化路段號永勝街,1,晴,50,交岔路,交叉路口,行車管制號誌(附設行人專用號誌),人與汽(機)車,未依標誌、標線、號誌或手勢指揮穿越道路
11003ACB91B2733,20210331,120.259039,23.010375,交通事故,交叉路口,臺南市永康區永華路段201號永華路2015,2,晴,30,交岔路,交叉路口,無號誌,車與車,未依規定讓車
11003ACB91B2738,20210331,120.266994,23.047518,交通事故,一般地址,臺南市永康區環工路段87號0,1,晴,50,單路部分,路段,無號誌,車與車,未注意車前狀態
11003ACB91B2740,20210331,120.255919,23.002132,交通事故,其他,臺南市永康區段號大灣路942巷88號前,2,晴,30,單路部分,路段,無號誌,車與車,起步未注意其他車(人)安全
11003ACB91B2743,20210316,120.261248,23.027589,交通事故,其他,臺南市永康區段號中山北路與龍中街,1,晴,50,交岔路,交叉路口,行車管制號誌,車與車,違反號誌管制或指揮
11003ACB91B2752,20210326,120.241004,23.049201,交通事故,其他,臺南市永康區段號永安路與仁愛街口附近,1,晴,50,單路部分,路段,無號誌,車與車,未保持行車安全間隔
11003ACB91B2760,20210331,120.221598,23.021673,交通事故,交叉路口,臺南市永康區中華路段號南台街,1,晴,50,交岔路,交叉路口,閃光號誌,車與車,未保持行車安全間隔
11003ACB91B2765,20210301,120.256046,23.030537,交通事故,一般地址,臺南市永康區中山路段119號,1,晴,50,單路部分,路段,無號誌,汽(機)車本身,未注意車前狀態
11003ACB91B2774,20210322,120.254867,22.999442,交通事故,其他,臺南市永康區段號大灣路與大灣路942巷,1,晴,50,交岔路,交叉路口,行車管制號誌,車與車,未注意車前狀態
11003ACB91B2792,20210331,120.252863,22.999012,交通事故,一般地址,臺南市永康區大灣路段951號0,1,晴,50,單路部分,路段,無號誌,車與車,起步未注意其他車(人)安全
11003ACB91B2806,20210330,120.244849,23.04538,交通事故,交叉路口,臺南市永康區永安路段號永安路165,1,晴,50,交岔路,交叉路口,行車管制號誌,車與車,變換車道或方向不當
11003ACB91B2818,20210331,120.259795,23.017655,交通事故,交叉路口,臺南市永康區永信路段號永大一路,1,晴,50,交岔路,交叉路口,閃光號誌,車與車,未依規定讓車
11003ACB91B2832,20210331,120.265268,23.00965,交通事故,交叉路口,臺南市永康區大安街段318號大安街,2,晴,50,交岔路,交叉路口,行車管制號誌,車與車,逆向行駛
11003ACB91B2841,20210302,120.235409,23.004175,交通事故,交叉路口,臺南市永康區成功里中華路段號中華一路,1,晴,50,交岔路,交叉路口,行車管制號誌,車與車,未注意車前狀態
11003ACB91B2857,20210301,120.235723,23.032422,交通事故,交叉路口,臺南市永康區?平街段號?平街86,1,晴,30,交岔路,交叉路口,無號誌,汽(機)車本身,其他引起事故之違規或不當行為
11003ACB91B2860,20210302,120.248926,23.018831,交通事故,交叉路口,臺南市永康區永二街段號二王路,2,晴,50,交岔路,交叉路口,行車管制號誌,車與車,未依規定讓車
11003ACB91B2862,20210329,120.271824,23.053829,交通事故,其他,臺南市永康區段號中正北路930號前,1,晴,70,單路部分,路段,無號誌,汽(機)車本身,未注意車前狀態
11003ACB91B2863,20210331,120.247526,23.032279,交通事故,一般地址,臺南市永康區中正路段255號0,1,晴,50,單路部分,路段,行車管制號誌,車與車,起步未注意其他車(人)安全
11003ACB91B2864,20210331,120.254803,23.041989,交通事故,交叉路口,臺南市永康區中正北路段號蔦松二街,1,晴,50,交岔路,交叉路口,行車管制號誌,車與車,未保持行車安全距離
11003ACB91B2865,20210331,120.269463,23.029131,交通事故,其他,臺南市永康區段號中山北路346號前,1,晴,60,交岔路,交叉路口,行車管制號誌,車與車,未依規定讓車
11003ACB91B2871,20210326,120.258045,23.01595,交通事故,交叉路口,臺南市永康區永華路段號文化路,1,晴,50,交岔路,交叉路口,行車管制號誌,車與車,未依規定讓車
11003ACB91B2872,20210325,120.254686,23.016334,交通事故,其他,臺南市永康區段號永大一路與永勝街口,1,晴,30,交岔路,交叉路口,行車管制號誌,車與車,左轉彎未依規定
11003ACB91B2880,20210326,120.262042,23.008111,交通事故,其他,臺南市永康區段號永大路二段223號,2,晴,40,交岔路,路段,行車管制號誌,汽(機)車本身,未注意車前狀態
11003ACB91B2902,20210324,120.230379,23.012491,交通事故,一般地址,臺南市永康區中山南路段11810號,2,晴,50,交岔路,交叉路口,無號誌,車與車,未依規定讓車
11003ACB91B2915,20210315,120.233337,23.022527,交通事故,交叉路口,臺南市永康區東橋里東橋十街段號東橋三路,1,晴,50,交岔路,交叉路口,行車管制號誌,車與車,未依規定讓車
11003ACB91B2916,20210329,120.267579,23.006993,交通事故,其他,臺南市永康區段號大灣路290號前,2,晴,50,單路部分,路段,無號誌,車與車,橫越道路不慎
11003ACB91B2917,20210330,120.224309,23.019793,交通事故,其他,臺南市永康區段號甲頂里中華路永康陸橋上,5,晴,50,單路部分,路段,無號誌,車與車,其他引起事故之違規或不當行為
11003ACB91B2918,20210331,120.235328,22.999465,交通事故,一般地址,臺南市永康區小東路段47719號,1,晴,50,交岔路,交叉路口,無號誌,汽(機)車本身,未注意車前狀態
11003ACB91B2920,20210327,120.227324,23.02518,交通事故,一般地址,臺南市永康區正南一街段132號,1,晴,50,單路部分,路段,無號誌,車與車,未注意車前狀態
11003ACB91B2931,20210329,120.265358,23.015234,交通事故,交叉路口,臺南市永康區大同街段369號大同街3695,2,晴,30,交岔路,交叉路口,無號誌,車與車,未依規定讓車
11003ACB91B2949,20210331,120.231064,23.004563,交通事故,其他,臺南市永康區段號中華一路與勝學路口,1,晴,50,交岔路,交叉路口,行車管制號誌,車與車,左轉彎未依規定
11003ACB91B2951,20210302,120.218086,23.023532,交通事故,交叉路口,臺南市永康區中華路段號中正南路,1,晴,40,交岔路,交叉路口,行車管制號誌(附設行人專用號誌),車與車,違反特定標誌(線)禁制
11003ACB91B2952,20210331,120.242722,23.036259,交通事故,其他,臺南市永康區段號中正路與中正三街口,1,晴,50,交岔路,路段,行車管制號誌,車與車,其他引起事故之違規或不當行為
11003ACB91B2954,20210303,120.23102,23.010968,交通事故,交叉路口,臺南市永康區六合路段號六合路71,2,晴,30,交岔路,交叉路口,閃光號誌,車與車,未依規定讓車
11003ACB91B2957,20210304,120.234615,23.007888,交通事故,一般地址,臺南市永康區中華路段308號,1,晴,40,單路部分,路段,無號誌,汽(機)車本身,未注意車前狀態
11003ACB91B2977,20210301,120.248488,22.998534,交通事故,交叉路口,臺南市永康區復興路段號高速一街,1,晴,40,交岔路,交叉路口,行車管制號誌,車與車,違反特定標誌(線)禁制
11003ACB91B2980,20210328,120.272131,23.01405,交通事故,一般地址,臺南市永康區富強路1段18號,1,晴,50,單路部分,路段,無號誌,人與汽(機)車,未注意車前狀態
11003ACB91B2982,20210320,120.242183,23.008996,交通事故,其他,臺南市永康區段號忠孝路與復華三街口往東21.5公尺處,1,晴,40,單路部分,路段,無號誌,車與車,未保持行車安全間隔
11003ACB91B2985,20210302,120.235692,23.042313,交通事故,交叉路口,臺南市永康區鹽行路段號鹽洲一街,1,晴,50,交岔路,交叉路口,閃光號誌,車與車,未依規定讓車
11003ACB91B2986,20210330,120.237613,23.040728,交通事故,其他,臺南市永康區段號中正路621號前,2,晴,50,單路部分,路段,無號誌,車與車,起步未注意其他車(人)安全
11003ACB91B3002,20210310,120.230737,23.0136,交通事故,交叉路口,臺南市永康區中華路段號中山南路,1,晴,50,單路部分,路段,無號誌,車與車,未保持行車安全距離
11003ACB91B3006,20210304,120.231512,23.036464,交通事故,交叉路口,臺南市永康區中正南路段號洲尾街,1,晴,40,單路部分,路段,無號誌,車與車,未注意車前狀態
11003ACB91B3007,20210308,120.235929,23.023733,交通事故,一般地址,臺南市永康區東橋七路段320號,1,晴,50,單路部分,路段,無號誌,車與車,迴轉未依規定
11003ACB91B3009,20210325,120.245747,22.998544,交通事故,一般地址,臺南市永康區復興路段139號,2,晴,50,單路部分,路段,無號誌,車與車,變換車道或方向不當
11003ACB91B3010,20210326,120.219845,23.02486,交通事故,一般地址,臺南市永康區中正南路段200號,2,晴,40,單路部分,路段,行車管制號誌,車與車,未注意車前狀態
11003ACB91B3012,20210307,120.250052,23.031159,交通事故,交叉路口,臺南市永康區中正路段號中正路209,1,晴,50,交岔路,交叉路口,閃光號誌,車與車,未依規定讓車
11003ACB91B3014,20210331,120.236088,23.014248,交通事故,交叉路口,臺南市永康區中山東路段號五福街,2,晴,50,交岔路,交叉路口,無號誌,車與車,違反特定標誌(線)禁制
11003ACB91B3015,20210331,120.235588,23.039838,交通事故,一般地址,臺南市永康區中正南路段702號,1,晴,40,單路部分,路段,無號誌,車與車,未注意車前狀態
11003ACB91B3019,20210323,120.241501,23.049121,交通事故,其他,臺南市永康區段號仁愛街往東(臺糖加油站前),2,晴,50,單路部分,路段,無號誌,車與車,起步未注意其他車(人)安全
11003ACB91B3022,20210325,120.261532,23.017044,交通事故,其他,臺南市永康區段號文化路38號,1,晴,50,單路部分,路段,無號誌,車與車,未注意車前狀態
11003ACB91B3023,20210330,120.234537,23.010802,交通事故,其他,臺南市永康區段號成功路172巷,1,晴,50,交岔路,交叉路口,閃光號誌,車與車,未依規定讓車
11003ACB91B3025,20210326,120.231114,23.02573,交通事故,其他,臺南市永康區段號正南一街41號,1,晴,50,單路部分,路段,無號誌,汽(機)車本身,其他引起事故之違規或不當行為
11003ACB91B3030,20210326,120.273231,23.052387,交通事故,其他,臺南市永康區段號王行路741號前,3,晴,50,單路部分,路段,無號誌,車與車,未依規定讓車
11003ACB91B3040,20210325,120.23212,23.020879,交通事故,其他,臺南市永康區段號東橋一路388號,2,晴,50,單路部分,路段,無號誌,人與汽(機)車,未注意車前狀態
11003ACB91B3055,20210330,120.282537,23.032364,交通事故,其他,臺南市永康區段號中山北路1023號前,1,晴,60,單路部分,路段,行車管制號誌,汽(機)車本身,未注意車前狀態
11003ACB91B3059,20210320,120.269731,23.012117,交通事故,其他,臺南市永康區段號文賢街303號,2,晴,50,單路部分,路段,無號誌,汽(機)車本身,不明原因肇事
11003ACB91B3065,20210324,120.25308,23.015259,交通事故,其他,臺南市永康區段號文化路310,1,晴,50,單路部分,路段,無號誌,車與車,違反特定標誌(線)禁制
11003ACB91B3075,20210318,120.229876,23.010962,交通事故,其他,臺南市永康區段號新興街34巷29號,2,晴,30,交岔路,交叉路口,無號誌,車與車,未依規定讓車
11003ACB91B3076,20210323,120.248275,23.017061,交通事故,一般地址,臺南市永康區復華七街段166號,1,晴,50,交岔路,交叉路口,行車管制號誌,車與車,未依規定讓車
11003ACB91B3078,20210324,120.226636,23.000174,交通事故,交叉路口,臺南市永康區小東路段號小東路423,1,晴,50,交岔路,路段,無號誌,車與車,未依規定讓車
11003ACB91B3079,20210330,120.234688,23.024764,交通事故,其他,臺南市永康區段號東橋一路與東橋二街口,2,晴,50,交岔路,交叉路口,行車管制號誌,車與車,未依規定讓車
11003ACB91B3083,20210328,120.248568,23.026147,交通事故,其他,臺南市永康區段號自強路139巷與140巷,2,晴,30,交岔路,交叉路口,無號誌,車與車,未依規定讓車
11003ACB91B3111,20210331,120.250883,23.019661,交通事故,交叉路口,臺南市永康區網寮里高速一街段號永二街24462,1,晴,50,交岔路,交叉路口,無號誌,車與車,未保持行車安全距離
11003ACB91B3116,20210315,120.261547,23.007099,交通事故,交叉路口,臺南市永康區大灣路段942號國光六街,2,晴,40,交岔路,交叉路口,無號誌,車與車,未依規定讓車
11003ACB91B3117,20210331,120.249872,23.024086,交通事故,交叉路口,臺南市永康區正強里高速一街2段號中山南路471,1,晴,50,交岔路,交叉路口,行車管制號誌,車與車,違反號誌管制或指揮
11003ACB91B3119,20210329,120.223335,23.020813,交通事故,交叉路口,臺南市永康區南台街段13號大武街71,1,晴,30,交岔路,交叉路口,無號誌,車與車,未依規定讓車
11003ACB91B3129,20210319,120.243225,23.034829,交通事故,一般地址,臺南市永康區中正二街段620號0,1,晴,50,單路部分,路段,無號誌,車與車,未依規定讓車
11003ACB91B3130,20210321,120.265488,23.024655,交通事故,其他,臺南市永康區段號中山北路264巷與250弄口,1,晴,30,交岔路,交叉路口,閃光號誌,車與車,未依規定讓車
11003ACB91B3138,20210330,120.239669,23.03276,交通事故,一般地址,臺南市永康區中正二街段450號,1,晴,50,單路部分,路段,無號誌,車與車,未依規定讓車
11003ACB91B3140,20210320,120.248816,22.998302,交通事故,其他,臺南市永康區段號復興路69號,3,晴,50,交岔路,交叉路口,行車管制號誌,車與車,違反號誌管制或指揮
11003ACB91B3151,20210319,120.229934,23.014611,交通事故,交叉路口,臺南市永康區中華路段號中華路619,1,晴,50,交岔路,交叉路口,行車管制號誌,車與車,未依規定讓車
11003ACB91B3153,20210330,120.262083,23.036308,交通事故,交叉路口,臺南市永康區龍中街段號八德街,3,晴,50,交岔路,交叉路口,行車管制號誌,車與車,未依規定讓車
11003ACB91B3154,20210313,120.23747,23.041198,交通事故,交叉路口,臺南市永康區中正北路段號中正路,1,晴,50,交岔路,交叉路口,行車管制號誌,車與車,未注意車前狀態
11003ACB91B3157,20210326,120.234865,22.999424,交通事故,一般地址,臺南市永康區中華路段8之6號,2,晴,50,單路部分,路段,行車管制號誌,人與汽(機)車,其他引起事故之疏失或行為
11003ACB91B3160,20210321,120.263343,23.024615,交通事故,一般地址,臺南市永康區永明街段203號,1,晴,50,單路部分,路段,無號誌,車與車,起步未注意其他車(人)安全
11003ACB91B3175,20210316,120.228709,23.011681,交通事故,一般地址,臺南市永康區六合里新興街段2號,1,晴,30,單路部分,路段,無號誌,車與車,未注意車前狀態
11003ACB91B3178,20210327,120.23545,23.004261,交通事故,交叉路口,臺南市永康區中華路段號中華一路,1,晴,50,交岔路,交叉路口,行車管制號誌,車與車,不明原因肇事
11003ACB91B3211,20210325,120.258802,23.044085,交通事故,一般地址,臺南市永康區蔦松一街段16號,3,晴,50,單路部分,路段,無號誌,車與車,迴轉未依規定
11003ACB91B3212,20210328,120.266002,23.006845,交通事故,交叉路口,臺南市永康區大灣里大灣五街段號大灣五街39,1,晴,30,交岔路,交叉路口,無號誌,車與車,未依規定讓車
11003ACB91B3213,20210326,120.23384,23.008483,交通事故,交叉路口,臺南市永康區中華路段號中華二路,2,晴,50,交岔路,交叉路口,行車管制號誌,車與車,未注意車前狀態
11003ACB91B3214,20210326,120.245643,23.033766,交通事故,交叉路口,臺南市永康區中正路段號中正路542,1,晴,50,交岔路,交叉路口,無號誌,車與車,未依規定讓車
11003ACB91B3215,20210331,120.247901,22.998599,交通事故,交叉路口,臺南市永康區復興路段號高速二街,1,晴,40,交岔路,交叉路口,行車管制號誌,車與車,違反特定標誌(線)禁制
11003ACB91B3216,20210331,120.236388,23.000295,交通事故,交叉路口,臺南市永康區忠義街段號忠義街60,1,晴,50,交岔路,交叉路口,無號誌,車與車,未依規定讓車
11003ACB91B3230,20210330,120.260339,23.051238,交通事故,其他,臺南市永康區段號正北一路160巷15號,1,晴,50,單路部分,路段,無號誌,車與車,起步未注意其他車(人)安全
11003ACB91B3247,20210330,120.239332,23.017822,交通事故,其他,臺南市永康區段號中山南路、東橋七路口,1,晴,50,交岔路,交叉路口,行車管制號誌(附設行人專用號誌),車與車,未保持行車安全間隔
11003ACB91B3248,20210330,120.235611,23.038837,交通事故,其他,臺南市永康區段號正南五街520巷、中正路635巷,2,晴,30,交岔路,交叉路口,無號誌,車與車,未注意車前狀態
11003ACB91B3273,20210310,120.259549,23.002609,交通事故,交叉路口,臺南市永康區崑山里大灣路段798號崑山街116,1,晴,30,交岔路,交叉路口,無號誌,車與車,未依規定讓車
11003ACB91B3274,20210302,120.248519,22.997182,交通事故,其他,臺南市永康區段號高速一街電桿大灣幹20右分,1,晴,50,單路部分,其他,行車管制號誌,車與車,未保持行車安全間隔
11003ACB91B3286,20210318,120.259168,23.036678,交通事故,其他,臺南市永康區段號永大路三段與八德街口,2,晴,50,交岔路,交叉路口,行車管制號誌(附設行人專用號誌),車與車,違反特定標誌(線)禁制
11003ACB91B3292,20210308,120.23102,23.010968,交通事故,交叉路口,臺南市永康區六合路段號六合路68,1,晴,30,交岔路,交叉路口,閃光號誌,車與車,未依規定讓車
11003ACB91B3295,20210303,120.245949,23.002725,交通事故,其他,臺南市永康區段號復國一路15號,1,晴,40,單路部分,路段,無號誌,車與車,其他引起事故之違規或不當行為
11003ACB91B3299,20210325,120.25922,23.030416,交通事故,交叉路口,臺南市永康區永康里聖龍街段號聖龍街108,1,晴,50,交岔路,交叉路口,閃光號誌,汽(機)車本身,未依規定減速
11003ACB91B3304,20210322,120.221598,23.021673,交通事故,交叉路口,臺南市永康區中華路段號南台街,1,晴,50,交岔路,交叉路口,閃光號誌,車與車,未依規定讓車
11003ACB91B3308,20210308,120.239038,23.044041,交通事故,一般地址,臺南市永康區仁愛街段71之2號0三村一街,1,晴,50,交岔路,交叉路口,行車管制號誌,車與車,不明原因肇事
11003ACB91B3309,20210331,120.256875,23.027466,交通事故,交叉路口,臺南市永康區中山路段號中山路41,2,晴,50,交岔路,路段,行車管制號誌,車與車,違規超車
11003ACB91B3312,20210302,120.226274,23.015078,交通事故,交叉路口,臺南市永康區中華西街段號中華西街269,2,晴,50,交岔路,交叉路口,無號誌,車與車,起步未注意其他車(人)安全
11003ACB91B3360,20210310,120.266,23.004132,交通事故,交叉路口,臺南市永康區大灣路段號大灣路112,1,晴,50,單路部分,路段,無號誌,汽(機)車本身,未注意車前狀態
11003ACB91B3362,20210308,120.241227,23.019015,交通事故,交叉路口,臺南市永康區中山南路段號中山南路316,1,晴,50,單路部分,路段,行車管制號誌,車與車,變換車道或方向不當
11003ACB91B3364,20210309,120.259442,23.009755,交通事故,一般地址,臺南市永康區永華路段169號,1,晴,50,單路部分,路段,無號誌,車與車,左轉彎未依規定
11003ACB91B3365,20210331,120.231817,23.020936,交通事故,一般地址,臺南市永康區東橋一路段388號,1,晴,50,單路部分,路段,無號誌,車與車,迴轉未依規定
11003ACB91B3366,20210313,120.235403,23.003157,交通事故,一般地址,臺南市永康區中華路段144號,1,晴,40,單路部分,路段,無號誌,汽(機)車本身,不明原因肇事
11003ACB91B3367,20210316,120.247244,23.021179,交通事故,一般地址,臺南市永康區中山南路段425號,2,晴,50,單路部分,路段,無號誌,車與車,左轉彎未依規定
11003ACB91B3370,20210303,120.258844,23.003402,交通事故,交叉路口,臺南市永康區崑山街段號崑山街5,1,晴,40,交岔路,路段,無號誌,車與車,未依規定讓車
11003ACB91B3371,20210316,120.249241,23.0315,交通事故,交叉路口,臺南市永康區中正路段號高速二街,2,晴,50,交岔路,交叉路口,行車管制號誌,車與車,未依規定讓車
11003ACB91B3372,20210307,120.266139,23.049825,交通事故,一般地址,臺南市永康區中正北路段837號,2,晴,50,交岔路,交叉路口,行車管制號誌,車與車,未保持行車安全距離
11003ACB91B3373,20210316,120.237649,23.039528,交通事故,一般地址,臺南市永康區中正六街段179號,1,晴,50,單路部分,路段,無號誌,車與車,起步未注意其他車(人)安全
11003ACB91B3374,20210310,120.285011,23.033288,交通事故,交叉路口,臺南市永康區中山北路段號王行東路,1,晴,50,交岔路,交叉路口,行車管制號誌,車與車,未依規定讓車
11003ACB91B3376,20210313,120.261193,23.019799,交通事故,交叉路口,臺南市永康區永大三路段號永福街,1,晴,50,交岔路,交叉路口,無號誌,車與車,未依規定讓車
11003ACB91B3388,20210322,120.26263,23.032321,交通事故,交叉路口,臺南市永康區龍中街段號龍國街240,1,晴,50,交岔路,交叉路口,行車管制號誌,車與車,未保持行車安全間隔
11003ACB91B3391,20210319,120.230793,23.013513,交通事故,交叉路口,臺南市永康區中華路段號中山南路,1,晴,50,交岔路,交叉路口,行車管制號誌,人與汽(機)車,未注意車前狀態
11003ACB91B3395,20210319,120.237058,23.021177,交通事故,交叉路口,臺南市永康區東橋七路段號東橋六街,1,晴,50,交岔路,交叉路口,行車管制號誌,車與車,未依規定讓車
11003ACB91B3396,20210327,120.245283,23.014676,交通事故,交叉路口,臺南市永康區復國一路段號復華八街,1,晴,50,交岔路,交叉路口,無號誌,車與車,未依規定讓車
11003ACB91B3397,20210325,120.230966,23.013832,交通事故,一般地址,臺南市永康區中華路段602號,1,晴,50,單路部分,路段,無號誌,車與車,起步未注意其他車(人)安全
11003ACB91B3398,20210325,120.237313,23.038907,交通事故,交叉路口,臺南市永康區防汛道路段號中正南路235,1,晴,50,交岔路,交叉路口,行車管制號誌,車與車,未依規定讓車
11003ACB91B3401,20210326,120.244161,23.041735,交通事故,交叉路口,臺南市永康區中正北路段號新中街,1,晴,50,交岔路,交叉路口,行車管制號誌,車與車,未保持行車安全距離
11003ACB91B3402,20210326,120.249585,23.026858,交通事故,交叉路口,臺南市永康區自強路段號高速一街2,2,晴,50,交岔路,交叉路口,行車管制號誌,車與車,違反號誌管制或指揮
11003ACB91B3404,20210319,120.259728,23.016415,交通事故,交叉路口,臺南市永康區永興路段號文化路,3,晴,50,交岔路,交叉路口,無號誌,車與車,未依規定讓車
11003ACB91B3407,20210315,120.272985,23.015769,交通事故,其他,臺南市永康區段號富強路一段101號,1,晴,50,單路部分,路段,無號誌,車與車,未保持行車安全間隔
11003ACB91B3408,20210309,120.265992,23.032012,交通事故,交叉路口,臺南市永康區龍國街段號中山北路499,1,晴,40,交岔路,交叉路口,無號誌,車與車,未依規定讓車
11003ACB91B3414,20210313,120.259728,23.016415,交通事故,其他,臺南市永康區段號文化路與永興路,1,晴,50,交岔路,交叉路口,無號誌,車與車,未依規定讓車
11003ACB91B3425,20210326,120.23997,22.999463,交通事故,其他,臺南市永康區段號忠孝路與忠勇街32巷,1,晴,50,交岔路,交叉路口,無號誌,車與車,左轉彎未依規定
11003ACB91B3430,20210326,120.241679,23.008798,交通事故,交叉路口,臺南市永康區忠孝路段號復華三街,1,晴,50,交岔路,交叉路口,行車管制號誌,車與車,未注意車前狀態
11003ACB91B3434,20210314,120.236403,22.998502,交通事故,其他,臺南市永康區段號小東路與忠義街,1,晴,50,交岔路,交叉路口,行車管制號誌,車與車,違反號誌管制或指揮
11003ACB91B3441,20210308,120.235038,23.003708,交通事故,一般地址,臺南市永康區中華路段157號,1,晴,50,單路部分,路段,無號誌,車與車,未保持行車安全距離
11003ACB91B3458,20210329,120.264869,23.016486,交通事故,交叉路口,臺南市永康區北灣里大同街段號大同街413,1,晴,30,交岔路,交叉路口,閃光號誌,車與車,未依規定讓車
11003ACB91B3468,20210314,120.2624,23.046042,交通事故,一般地址,臺南市永康區中正北路段588-2號,2,晴,50,單路部分,路段,無號誌,人與汽(機)車,未注意車前狀態
11003ACB91B3474,20210319,120.252377,23.033228,交通事故,交叉路口,臺南市永康區四維街段號埔園街,1,晴,50,交岔路,交叉路口,行車管制號誌,汽(機)車本身,違反號誌管制或指揮
11003ACB91B3481,20210324,120.221455,23.026909,交通事故,其他,臺南市永康區段號中正南路311號前,2,晴,50,交岔路,交叉路口,行車管制號誌,車與車,尚未發現肇事因素
11003ACB91B3483,20210306,120.279627,23.039764,交通事故,其他,臺南市永康區段號永科五路6號前,1,晴,30,單路部分,路段,無號誌,車與車,起步未注意其他車(人)安全
11003ACB91B3484,20210328,120.221604,23.029321,交通事故,其他,臺南市永康區段號河堤道路,1,晴,30,單路部分,路段,無號誌,汽(機)車本身,不明原因肇事
11003ACB91B3536,20210311,120.269648,23.020896,交通事故,交叉路口,臺南市永康區西勢里西勢路段號中山北路344,1,晴,50,交岔路,交叉路口,無號誌,車與車,未依規定讓車
11003ACB91B3546,20210326,120.222092,23.027446,交通事故,一般地址,臺南市永康區中正南路段317號0,1,晴,40,單路部分,路段,行車管制號誌,車與車,未注意車前狀態
11003ACC91A0017,20210326,120.399183,23.061385,交通事故,其他,臺南市左鎮區段號榮和里菜寮97號旁產業道路口,0,晴,30,交岔路,交叉路口,無號誌,汽(機)車本身,未注意車前狀態
11003ACC91B0026,20210301,120.321457,23.038316,交通事故,一般地址,臺南市新化區護國里信義路段63號0,1,晴,50,單路部分,路段,無號誌,車與車,未注意車前狀態
11003ACC91B0049,20210301,120.339586,23.017019,交通事故,其他,臺南市新化區段號知義里南168-1線2.1K處,1,晴,30,單路部分,路段,無號誌,汽(機)車本身,酒醉(後)駕駛失控
11003ACC91B0058,20210302,120.302235,23.034538,交通事故,交叉路口,臺南市新化區豐榮里信義路段443號信義路,1,晴,30,交岔路,交叉路口,閃光號誌,車與車,未依規定讓車
11003ACC91B0060,20210301,120.316536,23.025916,交通事故,其他,臺南市新化區段號知義里台19甲與復興路114巷口,2,晴,50,單路部分,路段,無號誌,人與汽(機)車,未注意車前狀態
11003ACC91B0101,20210302,120.299897,23.034812,交通事故,交叉路口,臺南市新化區豐榮里大智路段77號大智路,2,晴,50,交岔路,交叉路口,閃光號誌,車與車,未依規定讓車
11003ACC91B0200,20210303,120.28921,23.034724,交通事故,交叉路口,臺南市新化區全興里省道臺20線段號省道臺39線,2,晴,70,交岔路,交叉路口,行車管制號誌,車與車,左轉彎未依規定
11003ACC91B0205,20210304,120.295124,23.021304,交通事故,其他,臺南市新化區段號慈聖高分16右4Q0894FA21,1,陰,30,交岔路,交叉路口,無號誌,車與車,未依規定讓車
11003ACC91B0284,20210305,120.308343,23.034633,交通事故,交叉路口,臺南市新化區武安里中正路段號中正路369,2,晴,50,交岔路,交叉路口,無號誌,車與車,未保持行車安全間隔
11003ACC91B0288,20210305,120.307446,23.037339,交通事故,交叉路口,臺南市新化區太平里中正路段號仁愛街,2,晴,50,交岔路,交叉路口,行車管制號誌,車與車,未依規定讓車
11003ACC91B0322,20210305,120.300296,23.035215,交通事故,交叉路口,臺南市新化區豐榮里信義路段號大智路180甲線11.1K,1,陰,50,交岔路,交叉路口,行車管制號誌,車與車,右轉彎未依規定