案件編號,發生日期,GPS經度,GPS緯度,案件類別名稱,地址類型名稱,發生縣市名稱,受傷人數,天候名稱, 速限-第1當事者,道路型態大類別名稱,事故位置大類別名稱,號誌-號誌種類名稱,事故類型及型態大類別名稱,肇因研判子類別名稱-主要
11003ACC91B0332,20210304,120.313906,23.036604,交通事故,交叉路口,臺南市新化區東榮里信義路段號信義路117,1,晴,50,交岔路,交叉路口,無號誌,車與車,未注意車前狀態
11003ACC91B0349,20210305,120.293134,23.027912,交通事故,交叉路口,臺南市新化區全興里市道180甲線段號區道南170線,1,晴,50,交岔路,交叉路口,行車管制號誌,車與車,未依規定讓車
11003ACC91B0352,20210306,120.32386,23.054672,交通事故,其他,臺南市新化區段號護國里中山路1之56號前路口,2,晴,50,交岔路,交叉路口,行車管制號誌,汽(機)車本身,未注意車前狀態
11003ACC91B0377,20210306,120.301311,23.036217,交通事故,交叉路口,臺南市新化區協興里中山路段號大智路,2,晴,50,交岔路,交叉路口,行車管制號誌,車與車,未依規定讓車
11003ACC91B0435,20210307,120.332993,23.01575,交通事故,其他,臺南市新化區段號山腳里五甲勢11-1號,1,晴,50,交岔路,交叉路口,無號誌,車與車,未注意車前狀態
11003ACC91B0455,20210303,120.348641,23.024872,交通事故,無,臺南市新化區段號,2,晴,50,交岔路,交叉路口,閃光號誌,車與車,起步未注意其他車(人)安全
11003ACC91B0481,20210308,120.289045,23.039345,交通事故,其他,臺南市新化區段號北勢里台39線0K處往北0.5K,1,晴,50,交岔路,交叉路口,行車管制號誌,車與車,未注意車前狀態
11003ACC91B0482,20210307,120.302989,23.035028,交通事故,一般地址,臺南市新化區豐榮里正新路段205號0,1,晴,50,單路部分,路段,無號誌,汽(機)車本身,未注意車前狀態
11003ACC91B0487,20210308,120.286028,23.021148,交通事故,其他,臺南市新化區段號崙頂里崙仔頂102號,2,晴,50,單路部分,路段,無號誌,車與車,未注意車前狀態
11003ACC91B0507,20210308,120.300819,23.036915,交通事故,其他,臺南市新化區段號協興里忠孝路198之7號前,2,晴,50,單路部分,路段,無號誌,車與車,變換車道或方向不當
11003ACC91B0508,20210308,120.308771,23.03921,交通事故,一般地址,臺南市新化區太平里建國街段60號0,1,晴,50,單路部分,路段,無號誌,車與車,迴轉未依規定
11003ACC91B0524,20210308,120.289081,23.039359,交通事故,其他,臺南市新化區段號北勢里台39線0K向北0.5K處,2,晴,70,交岔路,交叉路口,行車管制號誌,車與車,右轉彎未依規定
11003ACC91B0528,20210308,120.314449,23.037529,交通事故,交叉路口,臺南市新化區東榮里信義路段號信義路111,1,晴,30,交岔路,交叉路口,閃光號誌,車與車,未依規定讓車
11003ACC91B0532,20210308,120.289069,23.039561,交通事故,其他,臺南市新化區段號北勢里臺39線0公里往北0.5K處路口,4,晴,70,交岔路,交叉路口,無號誌,車與車,變換車道或方向不當
11003ACC91B0585,20210309,120.351366,23.104243,交通事故,交叉路口,臺南市山上區明和里市道178甲線段號區道南140線,2,晴,50,交岔路,交叉路口,行車管制號誌,車與車,未注意車前狀態
11003ACC91B0603,20210309,120.327321,23.057338,交通事故,其他,臺南市新化區段號那拔里牧場1之3號前,1,晴,60,單路部分,路段,無號誌,汽(機)車本身,未注意車前狀態
11003ACC91B0640,20210310,120.289248,23.034796,交通事故,交叉路口,臺南市新化區全興里省道臺20線段號省道臺39線,1,晴,60,交岔路,交叉路口,行車管制號誌,車與車,違反號誌管制或指揮
11003ACC91B0649,20210310,120.306586,23.039331,交通事故,一般地址,臺南市新化區太平里太平街段31號0,1,晴,40,單路部分,路段,無號誌,車與車,迴轉未依規定
11003ACC91B0680,20210310,120.355392,23.101747,交通事故,其他,臺南市山上區段號山上里山上農會旁路口,1,晴,50,交岔路,交叉路口,行車管制號誌,車與車,違反號誌管制或指揮
11003ACC91B0697,20210311,120.287257,23.021239,交通事故,其他,臺南市新化區段號崙頂里崙仔頂64-5號前,1,晴,50,單路部分,路段,無號誌,車與車,未依規定讓車
11003ACC91B0775,20210309,120.31115,23.036391,交通事故,一般地址,臺南市新化區護國里民生路段67號0,1,晴,50,單路部分,路段,無號誌,汽(機)車本身,未注意車前狀態
11003ACC91B0845,20210312,120.308674,23.032905,交通事故,一般地址,臺南市新化區中正路段326號0,2,晴,50,單路部分,路段,無號誌,車與車,未依規定讓車
11003ACC91B0870,20210312,120.308525,23.033509,交通事故,交叉路口,臺南市新化區東榮里中正路段號和平街,1,晴,50,交岔路,交叉路口,閃光號誌,車與車,未依規定讓車
11003ACC91B0892,20210313,120.298055,23.033114,交通事故,其他,臺南市新化區段號豐榮里大智路161巷口,1,晴,50,交岔路,路段,無號誌,車與車,未保持行車安全間隔
11003ACC91B0899,20210311,120.308052,23.035938,交通事故,其他,臺南市新化區段號護國里中山路與中正路口,1,晴,50,交岔路,交叉路口,行車管制號誌,車與車,未依規定讓車
11003ACC91B0906,20210313,120.285777,23.019735,交通事故,其他,臺南市新化區段號崙頂里崙子頂130之1號前,1,晴,30,交岔路,交叉路口,無號誌,車與車,未注意車前狀態
11003ACC91B0987,20210314,120.335593,23.102783,交通事故,無,臺南市山上區段號,1,晴,50,單路部分,路段,無號誌,汽(機)車本身,未注意車前狀態
11003ACC91B1137,20210315,120.32469,23.026941,交通事故,一般地址,臺南市新化區東榮里中興路段377號0,1,晴,50,單路部分,路段,無號誌,車與車,未注意車前狀態
11003ACC91B1141,20210316,120.314338,23.037185,交通事故,其他,臺南市新化區段號東榮里帝溪橋,2,晴,50,單路部分,路段,無號誌,車與車,左轉彎未依規定
11003ACC91B1228,20210317,120.293123,23.027934,交通事故,其他,臺南市新化區段號全興里南170線與180甲線路口,2,晴,50,交岔路,交叉路口,閃光號誌,車與車,未依規定讓車
11003ACC91B1236,20210317,120.297156,23.059063,交通事故,一般地址,臺南市新化區北勢里中正路段1183號0,1,晴,60,單路部分,路段,無號誌,車與車,未注意車前狀態
11003ACC91B1268,20210317,120.309119,23.036189,交通事故,交叉路口,臺南市新化區護國里中山路段號護安街,1,晴,50,交岔路,交叉路口,無號誌,車與車,起步未注意其他車(人)安全
11003ACC91B1271,20210317,120.304795,23.037988,交通事故,一般地址,臺南市新化區忠孝路段97號0,3,晴,50,交岔路,交叉路口,行車管制號誌,車與車,未保持行車安全間隔
11003ACC91B1310,20210317,120.311946,23.02431,交通事故,交叉路口,臺南市新化區知義里復興路段1號省道臺19甲線,3,晴,50,交岔路,交叉路口,行車管制號誌,車與車,未依規定讓車
11003ACC91B1354,20210317,120.307525,23.041484,交通事故,交叉路口,臺南市新化區太平里民生路段號民生路252,2,晴,50,交岔路,交叉路口,無號誌,車與車,未依規定讓車
11003ACC91B1381,20210317,120.305508,23.041818,交通事故,一般地址,臺南市新化區中正路段673號,2,晴,50,單路部分,路段,無號誌,車與車,逆向行駛
11003ACC91B1383,20210318,120.303544,23.036398,交通事故,一般地址,臺南市新化區武安里長青街段86號0,1,晴,50,單路部分,路段,無號誌,汽(機)車本身,動物竄出
11003ACC91B1387,20210318,120.312508,23.041059,交通事故,無,臺南市新化區段號,2,晴,50,單路部分,路段,無號誌,車與車,未依規定讓車
11003ACC91B1508,20210319,120.303122,23.046315,交通事故,一般地址,臺南市新化區太平里中正路段871號0,1,晴,50,單路部分,路段,無號誌,車與車,未注意車前狀態
11003ACC91B1515,20210319,120.304963,23.042776,交通事故,交叉路口,臺南市新化區太平里中正路段號中正路590,1,晴,50,交岔路,交叉路口,行車管制號誌,車與車,未依規定讓車
11003ACC91B1552,20210319,120.300987,23.036299,交通事故,其他,臺南市新化區段號協興里中山路586號前,2,晴,50,單路部分,路段,無號誌,車與車,變換車道或方向不當
11003ACC91B1569,20210320,120.297239,23.032263,交通事故,一般地址,臺南市新化區豐榮里大智路段237號0,2,晴,50,單路部分,路段,無號誌,車與車,未注意車前狀態
11003ACC91B1592,20210320,120.324737,23.047968,交通事故,其他,臺南市新化區段號南175線道8K處,1,晴,50,單路部分,路段,無號誌,汽(機)車本身,疲勞(患病)駕駛失控
11003ACC91B1701,20210321,120.335014,23.063148,交通事故,無,臺南市新化區段號,1,晴,60,單路部分,路段,無號誌,車與車,其他引起事故之故障
11003ACC91B1703,20210319,120.287587,23.021349,交通事故,其他,臺南市新化區段號崙頂里崙子頂406號前,1,晴,50,交岔路,交叉路口,行車管制號誌,車與車,未保持行車安全間隔
11003ACC91B1760,20210322,120.309087,23.033665,交通事故,一般地址,臺南市新化區東榮里和平街段42號0,1,晴,50,單路部分,路段,無號誌,車與車,逆向行駛
11003ACC91B1810,20210322,120.308292,23.034541,交通事故,一般地址,臺南市新化區武安里中正路段365號0,2,晴,50,單路部分,路段,無號誌,車與車,逆向行駛
11003ACC91B1828,20210322,120.3405,23.114459,交通事故,其他,臺南市山上區段號明和里明和275號前,2,晴,50,單路部分,路段,無號誌,車與車,未保持行車安全距離
11003ACC91B1880,20210323,120.358111,23.036466,交通事故,無,臺南市新化區段號,1,晴,50,單路部分,路段,無號誌,汽(機)車本身,未注意車前狀態
11003ACC91B1895,20210323,120.352057,23.095134,交通事故,其他,臺南市山上區段號南洲里南州360號前,1,晴,50,單路部分,路段,無號誌,人與汽(機)車,在道路上嬉戲或奔走不定
11003ACC91B1959,20210324,120.320845,23.044272,交通事故,無,臺南市新化區段號,1,陰,50,交岔路,交叉路口,閃光號誌,車與車,未依規定讓車
11003ACC91B1980,20210323,120.292554,23.026942,交通事故,其他,臺南市新化區段號全興里竹子腳174號前,1,陰,50,單路部分,路段,無號誌,車與車,停車操作時，未注意其他車(人)安全
11003ACC91B2003,20210324,120.32336,23.052291,交通事故,無,臺南市新化區段號,1,陰,50,單路部分,路段,無號誌,汽(機)車本身,未注意車前狀態
11003ACC91B2005,20210324,120.309412,23.035185,交通事故,交叉路口,臺南市新化區護國里信義路段號護安街,1,陰,50,交岔路,交叉路口,無號誌,車與車,未依規定讓車
11003ACC91B2071,20210325,120.308776,23.032872,交通事故,一般地址,臺南市新化區東榮里中正路段324號0,1,晴,50,單路部分,路段,無號誌,車與車,迴轉未依規定
11003ACC91B2122,20210325,120.343146,23.104473,交通事故,其他,臺南市山上區段號明和里明和76-8號,1,晴,50,單路部分,路段,無號誌,車與車,未依規定讓車
11003ACC91B2165,20210325,120.304777,23.031525,交通事故,其他,臺南市新化區段號豐榮里正新南路與民治路口,1,晴,50,交岔路,交叉路口,閃光號誌,車與車,未依規定讓車
11003ACC91B2196,20210326,120.307825,23.034942,交通事故,一般地址,臺南市新化區武安里信義路段250號0,2,晴,30,單路部分,路段,無號誌,車與車,未保持行車安全間隔
11003ACC91B2247,20210326,120.30297,23.034542,交通事故,交叉路口,臺南市新化區豐榮里信義路段號正新路,1,晴,50,交岔路,交叉路口,行車管制號誌,車與車,未注意車前狀態
11003ACC91B2384,20210328,120.355029,23.097379,交通事故,其他,臺南市山上區段號南洲里南洲29號前,1,晴,50,單路部分,路段,無號誌,車與車,不明原因肇事
11003ACC91B2409,20210328,120.305826,23.03584,交通事故,交叉路口,臺南市新化區武安里中山路段號竹林路,1,晴,50,交岔路,交叉路口,行車管制號誌,車與車,未依規定讓車
11003ACC91B2524,20210329,120.308886,23.036039,交通事故,一般地址,臺南市新化區中山路段223號0,1,晴,50,單路部分,路段,無號誌,車與車,起步未注意其他車(人)安全
11003ACC91B2537,20210329,120.320841,23.050721,交通事故,無,臺南市新化區段號,1,晴,50,單路部分,路段,無號誌,汽(機)車本身,疲勞(患病)駕駛失控
11003ACC91B2610,20210330,120.298996,23.037814,交通事故,交叉路口,臺南市新化區協興里大新路段號太平街,3,晴,50,交岔路,交叉路口,行車管制號誌,車與車,未依規定讓車
11003ACC91B2645,20210330,120.422248,23.048904,交通事故,其他,臺南市左鎮區段號內庄里內庄57之4號旁路口(內庄路口),2,晴,50,交岔路,交叉路口,閃光號誌,車與車,未依規定讓車
11003ACC91B2662,20210330,120.419651,23.050176,交通事故,其他,臺南市左鎮區段號睦光里睦光65-5號前,1,晴,30,交岔路,路段,無號誌,汽(機)車本身,其他引起事故之違規或不當行為
11003ACC91B2691,20210328,120.307836,23.034407,交通事故,一般地址,臺南市新化區武安里中正路段36923號,1,晴,30,單路部分,路段,無號誌,汽(機)車本身,動物竄出
11003ACC91B2817,20210331,120.308985,23.03511,交通事故,一般地址,臺南市新化區東榮里信義路段200號0,1,晴,50,單路部分,路段,無號誌,車與車,停車操作時，未注意其他車(人)安全
11003ACC91B2834,20210331,120.308623,23.031994,交通事故,其他,臺南市新化區段號武安里中正路265之1號前,1,晴,50,單路部分,路段,無號誌,汽(機)車本身,動物竄出
11003ACCQ1B0661,20210309,120.298958,23.055615,交通事故,其他,臺南市新化區段號中正路1160號(地政事務所)前往北100公尺處,1,晴,60,單路部分,路段,無號誌,車與車,未保持行車安全距離
11003ACCQ1B1634,20210321,120.293238,23.043671,交通事故,其他,臺南市新化區段號大新路與大德路口,1,陰,50,交岔路,交叉路口,閃光號誌,汽(機)車本身,酒醉(後)駕駛失控
11003ACD91B0001,20210301,120.276061,23.325409,交通事故,其他,臺南市鹽水區段號南74線南榮科大前,1,晴,50,單路部分,路段,閃光號誌,汽(機)車本身,不明原因肇事
11003ACD91B0006,20210301,120.320826,23.307436,交通事故,一般地址,臺南市新營區大宏里三民路段25號0,1,晴,50,單路部分,路段,無號誌,車與車,起步未注意其他車(人)安全
11003ACD91B0013,20210301,120.275504,23.284602,交通事故,無,臺南市新營區段號,1,晴,50,單路部分,路段,無號誌,汽(機)車本身,未注意車前狀態
11003ACD91B0017,20210301,120.297273,23.30565,交通事故,交叉路口,臺南市新營區新南里金華路2段號復興路,1,晴,50,交岔路,交叉路口,行車管制號誌,車與車,未依規定讓車
11003ACD91B0024,20210301,120.302909,23.308095,交通事故,一般地址,臺南市新營區新南里民治路段30071號,1,晴,30,交岔路,交叉路口,無號誌,車與車,未依規定讓車
11003ACD91B0027,20210301,120.313921,23.280603,交通事故,交叉路口,臺南市柳營區光福里十美街段號東昇八街,1,晴,50,交岔路,交叉路口,無號誌,車與車,未依規定讓車
11003ACD91B0030,20210301,120.325864,23.288327,交通事故,無,臺南市柳營區段號,1,晴,70,交岔路,交叉路口,行車管制號誌,車與車,違反號誌管制或指揮
11003ACD91B0042,20210302,120.313339,23.29939,交通事故,交叉路口,臺南市新營區南興里延平路段號建業路,2,晴,50,交岔路,交叉路口,行車管制號誌,車與車,左轉彎未依規定
11003ACD91B0045,20210302,120.297252,23.297533,交通事故,交叉路口,臺南市新營區南紙里建業路段227號建業路22720,2,晴,30,交岔路,交叉路口,無號誌,車與車,未依規定讓車
11003ACD91B0054,20210302,120.274207,23.286062,交通事故,其他,臺南市新營區段號太南里261號,1,晴,30,交岔路,交叉路口,無號誌,車與車,未注意車前狀態
11003ACD91B0057,20210302,120.248342,23.252311,交通事故,其他,臺南市鹽水區段號?頭港里朝興南路與無名道路口,1,陰,50,交岔路,交叉路口,無號誌,車與車,違規超車
11003ACD91B0062,20210302,120.30984,23.31646,交通事故,交叉路口,臺南市新營區三仙里金華路段號三興街,1,晴,40,交岔路,交叉路口,行車管制號誌,車與車,違反特定標誌(線)禁制
11003ACD91B0089,20210302,120.322579,23.306551,交通事故,一般地址,臺南市新營區中營里中山路段13號,1,晴,50,交岔路,交叉路口,行車管制號誌,車與車,未依規定讓車
11003ACD91B0135,20210303,120.316122,23.324394,交通事故,交叉路口,臺南市新營區埤寮里中正路段號中正路386,2,晴,40,交岔路,路段,無號誌,汽(機)車本身,車輪脫落或輪胎爆裂
11003ACD91B0140,20210303,120.312532,23.291396,交通事故,一般地址,臺南市柳營區柳營路3段216號,1,晴,50,交岔路,交叉路口,閃光號誌,車與車,右轉彎未依規定
11003ACD91B0207,20210304,120.264643,23.313107,交通事故,一般地址,臺南市鹽水區橋南里治水路段18號0,1,晴,50,交岔路,交叉路口,無號誌,車與車,未保持行車安全間隔
11003ACD91B0238,20210304,120.318938,23.278991,交通事故,一般地址,臺南市柳營區東昇里中山西路1段239號0,3,陰,50,交岔路,交叉路口,無號誌,車與車,未注意車前狀態
11003ACD91B0241,20210304,120.309827,23.302376,交通事故,交叉路口,臺南市新營區永平里濟安街段號和平路,1,晴,50,交岔路,交叉路口,閃光號誌,車與車,違規超車
11003ACD91B0268,20210305,120.305846,23.308984,交通事故,一般地址,臺南市新營區新北里民治路段186之5號0,2,晴,50,單路部分,路段,無號誌,車與車,未依規定讓車
11003ACD91B0273,20210305,120.335422,23.309757,交通事故,交叉路口,臺南市新營區中營里東山路段號東山五路,1,晴,50,交岔路,交叉路口,行車管制號誌,車與車,未依規定讓車
11003ACD91B0306,20210305,120.286364,23.303401,交通事故,交叉路口,臺南市新營區嘉芳里嘉芳街段號八德路,1,晴,50,交岔路,交叉路口,閃光號誌,汽(機)車本身,未注意車前狀態
11003ACD91B0372,20210306,120.295992,23.297591,交通事故,一般地址,臺南市新營區南紙里建業路段2692號,1,晴,30,交岔路,交叉路口,無號誌,車與車,未依規定讓車
11003ACD91B0376,20210306,120.287396,23.328557,交通事故,交叉路口,臺南市鹽水區水秀里區道南74線段號區道南80線,1,晴,50,交岔路,交叉路口,行車管制號誌,車與車,未依規定讓車
11003ACD91B0384,20210306,120.322801,23.320068,交通事故,交叉路口,臺南市新營區新南里長榮路段號東興路,1,晴,50,交岔路,交叉路口,行車管制號誌,車與車,未依規定讓車
11003ACD91B0413,20210307,120.309554,23.304449,交通事故,交叉路口,臺南市新營區民生里中華路段號民生路,2,晴,50,交岔路,交叉路口,行車管制號誌,汽(機)車本身,未注意車前狀態
11003ACD91B0419,20210307,120.317361,23.310903,交通事故,交叉路口,臺南市新營區王公里民治路段號民治路29,2,晴,50,交岔路,交叉路口,無號誌,車與車,未依規定讓車
11003ACD91B0422,20210307,120.368692,23.258418,交通事故,其他,臺南市柳營區段號神農里352-1號前,1,晴,50,交岔路,路段,閃光號誌,車與車,變換車道或方向不當
11003ACD91B0424,20210307,120.333063,23.317592,交通事故,交叉路口,臺南市新營區中營里省道臺1線段號長榮路1,1,晴,50,交岔路,交叉路口,行車管制號誌,車與車,違反號誌管制或指揮
11003ACD91B0428,20210307,120.275428,23.325227,交通事故,交叉路口,臺南市鹽水區岸內里朝琴路段號和平路,1,晴,50,交岔路,交叉路口,行車管制號誌,車與車,未依規定讓車
11003ACD91B0450,20210307,120.323294,23.311149,交通事故,交叉路口,臺南市新營區新東里民治東路段號開元路59,1,晴,30,交岔路,交叉路口,行車管制號誌,車與車,起步未注意其他車(人)安全
11003ACD91B0458,20210307,120.314271,23.300841,交通事故,交叉路口,臺南市新營區興業里新進路段號新進路345,1,陰,30,交岔路,交叉路口,無號誌,車與車,未依規定讓車
11003ACD91B0519,20210308,120.312849,23.277514,交通事故,交叉路口,臺南市柳營區福安二街段號福德三街,1,晴,50,交岔路,交叉路口,無號誌,車與車,未依規定讓車
11003ACD91B0522,20210308,120.307367,23.304429,交通事故,一般地址,臺南市新營區民生里中華路段113號0,1,晴,30,單路部分,路段,無號誌,人與汽(機)車,未注意車前狀態
11003ACD91B0548,20210308,120.308587,23.290585,交通事故,一般地址,臺南市柳營區人和里雙和路段348號0,1,陰,30,單路部分,其他,無號誌,車與車,未保持行車安全間隔
11003ACD91B0551,20210309,120.313679,23.314418,交通事故,交叉路口,臺南市新營區忠政里中正路段39號府西路,2,晴,50,交岔路,交叉路口,無號誌,車與車,未依規定讓車
11003ACD91B0553,20210309,120.312622,23.276551,交通事故,交叉路口,臺南市柳營區中山西路3段號柳營路1,2,晴,50,交岔路,交叉路口,行車管制號誌,車與車,未依規定讓車
11003ACD91B0557,20210309,120.287322,23.328808,交通事故,交叉路口,臺南市鹽水區水秀里區道南74線段號區道南80線,1,晴,50,交岔路,交叉路口,行車管制號誌,車與車,未依規定讓車
11003ACD91B0587,20210309,120.305273,23.307183,交通事故,一般地址,臺南市新營區進修街段29號,1,晴,30,交岔路,交叉路口,無號誌,車與車,未依規定讓車
11003ACD91B0597,20210309,120.325232,23.279186,交通事故,交叉路口,臺南市柳營區東昇里中山西路段號省道臺1線,2,晴,50,交岔路,交叉路口,行車管制號誌,車與車,違規超車
11003ACD91B0628,20210310,120.268274,23.319707,交通事故,交叉路口,臺南市鹽水區月港里康樂路段號中山路,1,晴,50,交岔路,交叉路口,行車管制號誌,車與車,違反號誌管制或指揮
11003ACD91B0637,20210310,120.309959,23.299468,交通事故,交叉路口,臺南市新營區南興里和平路段號和平路95,1,晴,30,交岔路,交叉路口,無號誌,車與車,未依規定讓車
11003ACD91B0652,20210310,120.334253,23.318821,交通事故,一般地址,臺南市新營區開元路段154號,1,晴,50,單路部分,路段,無號誌,車與車,變換車道或方向不當
11003ACD91B0673,20210310,120.273442,23.324867,交通事故,一般地址,臺南市鹽水區岸內里和平路段6530號,2,晴,50,交岔路,交叉路口,無號誌,車與車,未依規定讓車
11003ACD91B0715,20210311,120.325287,23.275678,交通事故,交叉路口,臺南市柳營區東昇里省道臺1線段號無名道路,1,晴,70,交岔路,交叉路口,無號誌,車與車,未保持行車安全距離
11003ACD91B0745,20210311,120.265762,23.321723,交通事故,一般地址,臺南市鹽水區津城里武廟路段31號0,1,晴,50,單路部分,路段,無號誌,車與車,未保持行車安全距離
11003ACD91B0756,20210311,120.337293,23.317676,交通事故,其他,臺南市新營區段號土庫里土庫71號之64,2,晴,30,單路部分,路段,無號誌,車與車,裝卸貨物不當
11003ACD91B0781,20210312,120.271487,23.322911,交通事故,一般地址,臺南市鹽水區水秀里朝琴路段136號,1,晴,50,單路部分,路段,無號誌,車與車,未保持行車安全間隔
11003ACD91B0788,20210312,120.321513,23.309518,交通事故,交叉路口,臺南市新營區大宏里綠川北街段號三民路8,2,晴,50,交岔路,交叉路口,無號誌,車與車,未依規定讓車
11003ACD91B0790,20210312,120.274848,23.293273,交通事故,一般地址,臺南市新營區太北里太子宮段137之2號0,1,晴,40,單路部分,路段,無號誌,車與車,違反特定標誌(線)禁制
11003ACD91B0792,20210312,120.312733,23.330498,交通事故,其他,臺南市新營區段號建國路110號前,1,晴,50,交岔路,交叉路口,行車管制號誌,車與車,未依規定讓車
11003ACD91B0812,20210312,120.318582,23.30585,交通事故,交叉路口,臺南市新營區中營里民族路段號文昌街,1,晴,50,交岔路,交叉路口,無號誌,車與車,未依規定讓車
11003ACD91B0815,20210312,120.299389,23.308266,交通事故,一般地址,臺南市新營區新南里隋唐街段236號,1,晴,30,交岔路,交叉路口,無號誌,車與車,未依規定讓車
11003ACD91B0816,20210312,120.291748,23.271786,交通事故,無,臺南市柳營區段號,1,晴,50,單路部分,路段,無號誌,汽(機)車本身,不明原因肇事
11003ACD91B0852,20210312,120.303683,23.276198,交通事故,一般地址,臺南市柳營區八翁里中山西路3段488號0,3,晴,50,單路部分,路段,無號誌,車與車,逆向行駛
11003ACD91B0878,20210311,120.313136,23.307932,交通事故,交叉路口,臺南市新營區民權里仁愛街段號民權路94,1,晴,30,交岔路,交叉路口,無號誌,車與車,未依規定讓車
11003ACD91B0902,20210313,120.32321,23.311138,交通事故,交叉路口,臺南市新營區新東里民治東路段號東興路,2,晴,50,交岔路,交叉路口,行車管制號誌,車與車,違規超車
11003ACD91B0915,20210313,120.305935,23.304457,交通事故,交叉路口,臺南市新營區民生里公園路1段號公園路1160,3,晴,30,交岔路,交叉路口,無號誌,車與車,未依規定讓車
11003ACD91B0929,20210313,120.316481,23.310766,交通事故,交叉路口,臺南市新營區民權里中正路段號民治路,2,晴,50,交岔路,其他,行車管制號誌,人與汽(機)車,搶越行人穿越道
11003ACD91B0932,20210313,120.266782,23.266412,交通事故,其他,臺南市新營區段號五興里南70線(610414路燈),3,晴,50,單路部分,路段,無號誌,汽(機)車本身,未注意車前狀態
11003ACD91B0936,20210313,120.312398,23.329471,交通事故,一般地址,臺南市新營區護鎮里許丑段45之13號0,1,晴,30,交岔路,交叉路口,無號誌,車與車,未依規定讓車
11003ACD91B0978,20210314,120.319095,23.315403,交通事故,交叉路口,臺南市新營區王公里民族路段號大仁街,1,晴,50,交岔路,交叉路口,無號誌,汽(機)車本身,未注意車前狀態
11003ACD91B0980,20210314,120.371061,23.254815,交通事故,一般地址,臺南市柳營區果毅里果毅後段90之17號0,1,晴,30,交岔路,交叉路口,無號誌,車與車,未依規定讓車
11003ACD91B1008,20210314,120.296869,23.277281,交通事故,交叉路口,臺南市柳營區八翁里長榮路段號和平路,1,晴,60,交岔路,交叉路口,行車管制號誌,車與車,未依規定讓車
11003ACD91B1023,20210314,120.269492,23.320873,交通事故,交叉路口,臺南市鹽水區津城里信義路段號康樂路,1,晴,50,交岔路,交叉路口,行車管制號誌,人與汽(機)車,未注意車前狀態
11003ACD91B1066,20210315,120.275923,23.310752,交通事故,一般地址,臺南市鹽水區橋南里忠孝路段18號0,1,晴,50,單路部分,路段,無號誌,車與車,倒車未依規定
11003ACD91B1075,20210302,120.320743,23.304574,交通事故,交叉路口,臺南市新營區興業里新進路段號公誠街3,1,晴,50,交岔路,交叉路口,閃光號誌,車與車,未依規定讓車
11003ACD91B1077,20210302,120.271858,23.308492,交通事故,一般地址,臺南市鹽水區橋南里新太路段22之2號0,1,晴,60,交岔路,交叉路口,行車管制號誌,車與車,未依規定讓車
11003ACD91B1083,20210303,120.223641,23.264578,交通事故,其他,臺南市鹽水區段號三和里大豐19號前,1,晴,50,單路部分,路段,無號誌,汽(機)車本身,未依規定減速
11003ACD91B1086,20210304,120.318271,23.31094,交通事故,交叉路口,臺南市新營區王公里民治路段號民族路,1,晴,50,交岔路,交叉路口,行車管制號誌,車與車,未依規定讓車
11003ACD91B1088,20210305,120.307675,23.306845,交通事故,一般地址,臺南市新營區民生里公園路1段28號,1,晴,50,單路部分,路段,無號誌,車與車,未依規定讓車
11003ACD91B1096,20210308,120.271292,23.318725,交通事故,一般地址,臺南市鹽水區津城里行昌路段69之1號,1,晴,50,單路部分,路段,無號誌,車與車,開啟車門不當而肇事
11003ACD91B1097,20210311,120.32022,23.306584,交通事故,交叉路口,臺南市新營區大宏里文昌街段號同濟街,1,晴,50,交岔路,交叉路口,無號誌,車與車,未依規定讓車
11003ACD91B1100,20210315,120.303011,23.301957,交通事故,交叉路口,臺南市新營區民榮里新進路2段號新榮路,2,晴,50,交岔路,交叉路口,行車管制號誌,車與車,左轉彎未依規定
11003ACD91B1133,20210316,120.285134,23.309142,交通事故,交叉路口,臺南市新營區嘉芳里復興路段號嘉芳街,2,晴,50,交岔路,交叉路口,行車管制號誌,車與車,未依規定讓車
11003ACD91B1152,20210316,120.321258,23.311212,交通事故,一般地址,臺南市新營區大宏里民治路段6-41號0,1,晴,40,交岔路,交叉路口,行車管制號誌,車與車,違反特定標誌(線)禁制
11003ACD91B1157,20210316,120.314025,23.311571,交通事故,其他,臺南市新營區段號未命名道路,2,晴,30,單路部分,路段,無號誌,車與車,未保持行車安全距離
11003ACD91B1183,20210316,120.325439,23.289317,交通事故,其他,臺南市柳營區段號奇美醫院,2,晴,50,交岔路,交叉路口,行車管制號誌,車與車,未依規定讓車
11003ACD91B1185,20210316,120.322698,23.311145,交通事故,一般地址,臺南市新營區新東里民治東路段8號0,1,晴,40,單路部分,路段,無號誌,汽(機)車本身,未注意車前狀態
11003ACD91B1226,20210317,120.291504,23.299903,交通事故,一般地址,臺南市新營區太子路段301號,1,晴,50,單路部分,路段,無號誌,汽(機)車本身,酒醉(後)駕駛失控
11003ACD91B1232,20210317,120.316952,23.303187,交通事故,交叉路口,臺南市新營區興業里中興路段號富源街,1,晴,50,交岔路,交叉路口,無號誌,車與車,未保持行車安全間隔
11003ACD91B1262,20210317,120.283242,23.320079,交通事故,其他,臺南市鹽水區段號水秀里(南80線客轉高幹34),1,晴,50,交岔路,路段,行車管制號誌,車與車,未保持行車安全間隔
11003ACD91B1301,20210317,120.258915,23.275449,交通事故,其他,臺南市新營區段號姑爺里姑爺52號,1,晴,50,單路部分,路段,無號誌,車與車,起步未注意其他車(人)安全
11003ACD91B1317,20210317,120.36671,23.291448,交通事故,其他,臺南市柳營區段號重溪里63-4號旁,1,晴,30,交岔路,路段,無號誌,汽(機)車本身,未注意車前狀態