案件編號,發生日期,GPS經度,GPS緯度,案件類別名稱,地址類型名稱,發生縣市名稱,受傷人數,天候名稱, 速限-第1當事者,道路型態大類別名稱,事故位置大類別名稱,號誌-號誌種類名稱,事故類型及型態大類別名稱,肇因研判子類別名稱-主要
11003ACD91B1326,20210317,120.271351,23.318844,交通事故,其他,臺南市鹽水區段號津城里後厝69號之3,1,晴,50,單路部分,路段,無號誌,車與車,起步未注意其他車(人)安全
11003ACD91B1329,20210317,120.308725,23.30966,交通事故,其他,臺南市新營區段號民生里民治路65號-南興國中前,3,晴,50,單路部分,路段,閃光號誌,車與車,起步未注意其他車(人)安全
11003ACD91B1360,20210317,120.30251,23.304166,交通事故,交叉路口,臺南市新營區復興路段號民治路,1,晴,50,交岔路,交叉路口,行車管制號誌,車與車,右轉彎未依規定
11003ACD91B1378,20210318,120.312089,23.284578,交通事故,交叉路口,臺南市柳營區光福里柳營路2段號建業路205,1,晴,50,交岔路,路段,行車管制號誌,車與車,違反號誌管制或指揮
11003ACD91B1385,20210318,120.318585,23.305846,交通事故,交叉路口,臺南市新營區大宏里文昌街段號民族路,1,晴,50,交岔路,交叉路口,無號誌,車與車,未依規定讓車
11003ACD91B1406,20210318,120.270526,23.322015,交通事故,交叉路口,臺南市鹽水區水秀里朝琴路段號文武街,1,晴,50,交岔路,交叉路口,行車管制號誌,車與車,未依規定讓車
11003ACD91B1408,20210318,120.272897,23.311073,交通事故,交叉路口,臺南市鹽水區橋南里忠孝路段號信義路,1,晴,50,交岔路,交叉路口,行車管制號誌,車與車,未依規定讓車
11003ACD91B1421,20210318,120.30984,23.31646,交通事故,交叉路口,臺南市新營區三仙里金華路1段號三興街,2,晴,50,交岔路,路段,無號誌,車與車,未依規定讓車
11003ACD91B1428,20210318,120.247706,23.27114,交通事故,其他,臺南市鹽水區段號南67電桿:下竹高幹107NO247DE68前,1,晴,50,單路部分,路段,無號誌,汽(機)車本身,未注意車前狀態
11003ACD91B1440,20210318,120.313718,23.311827,交通事故,其他,臺南市新營區段號府西路35號前,1,晴,50,單路部分,路段,無號誌,人與汽(機)車,未注意車前狀態
11003ACD91B1477,20210319,120.300694,23.303119,交通事故,交叉路口,臺南市新營區民榮里新進路2段445號太子路19,2,晴,30,交岔路,路段,無號誌,車與車,未靠右行駛
11003ACD91B1478,20210319,120.325832,23.291179,交通事故,交叉路口,臺南市柳營區太康里省道臺1線段號義士路3,1,晴,50,交岔路,交叉路口,無號誌,車與車,變換車道或方向不當
11003ACD91B1481,20210319,120.302993,23.305085,交通事故,一般地址,臺南市新營區民生里民治路段311號0,2,晴,40,單路部分,路段,無號誌,車與車,橫越道路不慎
11003ACD91B1502,20210319,120.310101,23.312834,交通事故,交叉路口,臺南市新營區三仙里三興街段號育德七街,1,晴,30,交岔路,交叉路口,無號誌,車與車,未依規定讓車
11003ACD91B1506,20210319,120.311631,23.325099,交通事故,一般地址,臺南市新營區護鎮里中正路段47926號,1,晴,30,交岔路,路段,無號誌,汽(機)車本身,未注意車前狀態
11003ACD91B1510,20210319,120.370866,23.288126,交通事故,其他,臺南市柳營區段號篤農里小?腿214號之1旁十字路口,1,晴,50,交岔路,交叉路口,閃光號誌,車與車,未依規定讓車
11003ACD91B1518,20210319,120.302669,23.298243,交通事故,一般地址,臺南市新營區南興里建業路段65號,1,晴,50,單路部分,路段,無號誌,汽(機)車本身,酒醉(後)駕駛失控
11003ACD91B1537,20210320,120.316442,23.316364,交通事故,一般地址,臺南市新營區忠政里中正路段53號,1,晴,50,交岔路,交叉路口,行車管制號誌,車與車,倒車未依規定
11003ACD91B1583,20210320,120.305786,23.31279,交通事故,交叉路口,臺南市新營區金華路段號民生路,3,晴,50,交岔路,交叉路口,行車管制號誌,汽(機)車本身,未注意車前狀態
11003ACD91B1615,20210320,120.307178,23.307133,交通事故,交叉路口,臺南市新營區民生里民生路段163號無名道路,2,晴,50,交岔路,交叉路口,無號誌,車與車,未依規定讓車
11003ACD91B1644,20210321,120.242701,23.292535,交通事故,其他,臺南市鹽水區段號歡雅40號前,1,陰,50,單路部分,路段,無號誌,車與車,起步未注意其他車(人)安全
11003ACD91B1664,20210321,120.317559,23.276338,交通事故,交叉路口,臺南市柳營區東昇里天生街段號奇美路1205,2,晴,50,交岔路,交叉路口,無號誌,車與車,違反特定標誌(線)禁制
11003ACD91B1698,20210321,120.328673,23.279068,交通事故,一般地址,臺南市柳營區東昇里中山東路2段863號0,1,晴,30,交岔路,交叉路口,無號誌,車與車,未依規定讓車
11003ACD91B1753,20210322,120.250515,23.298255,交通事故,無,臺南市鹽水區段號,6,晴,70,交岔路,交叉路口,閃光號誌,車與車,未依規定讓車
11003ACD91B1766,20210321,120.276394,23.302057,交通事故,交叉路口,臺南市新營區忠孝路段號新中路,1,晴,50,交岔路,交叉路口,行車管制號誌,車與車,未依規定讓車
11003ACD91B1778,20210322,120.330791,23.287764,交通事故,一般地址,臺南市柳營區太康里太康段55之19號0,1,晴,30,交岔路,交叉路口,無號誌,車與車,未依規定讓車
11003ACD91B1790,20210322,120.312593,23.302913,交通事故,其他,臺南市新營區段號復興路39之1號前,1,陰,50,單路部分,路段,無號誌,車與車,迴轉未依規定
11003ACD91B1794,20210322,120.267162,23.318991,交通事故,一般地址,臺南市鹽水區中山路段311號,1,晴,30,單路部分,路段,無號誌,人與汽(機)車,在道路上嬉戲或奔走不定
11003ACD91B1808,20210317,120.316368,23.317709,交通事故,交叉路口,臺南市新營區中正路段號中正路37,1,晴,50,單路部分,路段,行車管制號誌,車與車,起步未注意其他車(人)安全
11003ACD91B1848,20210323,120.236089,23.266613,交通事故,一般地址,臺南市鹽水區竹林里區道南70線段號,1,陰,50,單路部分,路段,無號誌,汽(機)車本身,未注意車前狀態
11003ACD91B1890,20210323,120.316809,23.311499,交通事故,其他,臺南市新營區段號中正路48號前,1,晴,50,單路部分,路段,無號誌,車與車,迴轉未依規定
11003ACD91B1905,20210323,120.310978,23.306519,交通事故,一般地址,臺南市新營區三仙里三民路段148之1號,1,晴,50,單路部分,路段,無號誌,車與車,迴轉未依規定
11003ACD91B1911,20210316,120.308761,23.31552,交通事故,其他,臺南市新營區段號新北里金華路一段慢車道(路燈-新營市6157)前,2,晴,40,單路部分,路段,無號誌,車與車,未保持行車安全距離
11003ACD91B1912,20210316,120.316509,23.310838,交通事故,交叉路口,臺南市新營區忠政里中正路段號民治路,2,晴,50,交岔路,交叉路口,行車管制號誌,車與車,未依規定讓車
11003ACD91B1916,20210321,120.286828,23.29782,交通事故,交叉路口,臺南市新營區南紙里太子路段號嘉芳街,1,晴,50,交岔路,交叉路口,行車管制號誌,車與車,未依規定讓車
11003ACD91B1943,20210322,120.295677,23.301783,交通事故,交叉路口,臺南市新營區太子路段號金華路,1,晴,50,交岔路,交叉路口,行車管制號誌,車與車,違反號誌管制或指揮
11003ACD91B1957,20210324,120.364232,23.285514,交通事故,一般地址,臺南市柳營區重溪里義士路2段2號,1,雨,50,單路部分,路段,行車管制號誌,汽(機)車本身,未依規定減速
11003ACD91B1972,20210324,120.303864,23.298532,交通事故,其他,臺南市新營區段號南興里建業路與新長勝一路,1,雨,50,交岔路,交叉路口,閃光號誌,汽(機)車本身,未注意車前狀態
11003ACD91B2008,20210324,120.303224,23.310389,交通事故,交叉路口,臺南市新營區新南里金華路2段號新北街,1,晴,50,交岔路,交叉路口,行車管制號誌,車與車,未依規定讓車
11003ACD91B2018,20210324,120.316937,23.300113,交通事故,其他,臺南市新營區段號興業里中興路(中興幹13),1,晴,30,交岔路,路段,無號誌,車與車,迴轉未依規定
11003ACD91B2058,20210325,120.297952,23.302104,交通事故,其他,臺南市新營區段號民榮里公園路2段第5380號-路燈桿附近,1,晴,50,單路部分,路段,無號誌,車與車,未注意車前狀態
11003ACD91B2062,20210325,120.312612,23.275374,交通事故,一般地址,臺南市柳營區柳營路1段755號,1,晴,40,單路部分,路段,閃光號誌,車與車,未注意車前狀態
11003ACD91B2087,20210325,120.300202,23.304861,交通事故,一般地址,臺南市新營區新南里復興路段416號0,1,晴,40,交岔路,交叉路口,無號誌,車與車,未依規定讓車
11003ACD91B2090,20210325,120.308204,23.330205,交通事故,一般地址,臺南市新營區護鎮里建國路段247號,1,晴,50,單路部分,路段,無號誌,車與車,未保持行車安全距離
11003ACD91B2094,20210325,120.310751,23.300655,交通事故,一般地址,臺南市新營區永平里新進路2段94號,2,晴,50,單路部分,路段,無號誌,車與車,橫越道路不慎
11003ACD91B2129,20210325,120.309853,23.302141,交通事故,一般地址,臺南市新營區永平里和平路段22號,1,晴,50,單路部分,路段,無號誌,車與車,違規超車
11003ACD91B2130,20210325,120.275692,23.285973,交通事故,其他,臺南市新營區段號太南里新興國小旁巷口,2,晴,40,交岔路,交叉路口,無號誌,車與車,未依規定讓車
11003ACD91B2146,20210325,120.271554,23.322958,交通事故,一般地址,臺南市鹽水區水秀里朝琴路段136號,2,晴,50,交岔路,交叉路口,行車管制號誌,車與車,未依規定讓車
11003ACD91B2174,20210326,120.317621,23.278939,交通事故,交叉路口,臺南市柳營區東昇里中山西路1段號成功街,2,晴,50,交岔路,交叉路口,行車管制號誌,車與車,未依規定讓車
11003ACD91B2185,20210326,120.308356,23.307972,交通事故,一般地址,臺南市新營區民生路段121號,3,晴,50,單路部分,路段,無號誌,車與車,違反特定標誌(線)禁制
11003ACD91B2189,20210326,120.30973,23.319542,交通事故,其他,臺南市新營區段號長榮路2段三仙里037路燈前,1,晴,50,單路部分,路段,無號誌,車與車,起步未注意其他車(人)安全
11003ACD91B2216,20210326,120.269034,23.313715,交通事故,一般地址,臺南市鹽水區橋南里南門路段32568號0,1,晴,50,單路部分,路段,無號誌,車與車,未保持行車安全間隔
11003ACD91B2234,20210326,120.313105,23.308152,交通事故,其他,臺南市新營區段號民權里信義街新營醫院急診室前,1,晴,30,圓環廣場,路段,無號誌,車與車,迴轉未依規定
11003ACD91B2279,20210327,120.355081,23.280696,交通事故,其他,臺南市柳營區段號未命名道路,1,晴,30,單路部分,路段,無號誌,汽(機)車本身,不明原因肇事
11003ACD91B2298,20210327,120.313594,23.302378,交通事故,交叉路口,臺南市新營區永平里延平路段號長春街,1,晴,30,交岔路,路段,閃光號誌,車與車,違反特定標誌(線)禁制
11003ACD91B2312,20210327,120.314327,23.300828,交通事故,交叉路口,臺南市新營區新進路段號新進路345,2,晴,50,交岔路,交叉路口,無號誌,車與車,未依規定讓車
11003ACD91B2320,20210327,120.315465,23.305027,交通事故,一般地址,臺南市新營區民權里中華路段7號0,1,晴,50,單路部分,路段,無號誌,車與車,未保持行車安全間隔
11003ACD91B2322,20210327,120.303127,23.301592,交通事故,一般地址,臺南市新營區民榮里新進路2段352號0,2,晴,40,單路部分,路段,無號誌,人與汽(機)車,未依規定行走行人穿越道、地下道、天橋而穿越道路
11003ACD91B2335,20210327,120.267437,23.322304,交通事故,一般地址,臺南市鹽水區民生街段31號,2,晴,50,單路部分,路段,無號誌,人與汽(機)車,穿越道路未注意左右來車
11003ACD91B2348,20210327,120.313771,23.269067,交通事故,交叉路口,臺南市柳營區光福里段號6,1,晴,40,交岔路,交叉路口,行車管制號誌,車與車,左轉彎未依規定
11003ACD91B2410,20210328,120.332981,23.317731,交通事故,交叉路口,臺南市新營區土庫里省道臺1線段號長榮路1,3,晴,70,交岔路,交叉路口,行車管制號誌,車與車,未依規定讓車
11003ACD91B2429,20210328,120.310333,23.300437,交通事故,其他,臺南市新營區段號新進路二段103號前,2,晴,50,單路部分,路段,無號誌,車與車,違反特定標誌(線)禁制
11003ACD91B2431,20210328,120.302913,23.315834,交通事故,交叉路口,臺南市新營區民生路段386號長榮路2430,1,晴,50,交岔路,交叉路口,無號誌,車與車,未依規定讓車
11003ACD91B2447,20210328,120.314767,23.310744,交通事故,一般地址,臺南市新營區民治路段36號,2,晴,50,單路部分,路段,行車管制號誌,車與車,未注意車前狀態
11003ACD91B2451,20210328,120.254135,23.32551,交通事故,交叉路口,臺南市鹽水區義中里金和路段號省道臺19甲線,1,晴,50,交岔路,交叉路口,行車管制號誌,汽(機)車本身,未注意車前狀態
11003ACD91B2476,20210329,120.296299,23.30575,交通事故,交叉路口,臺南市新營區民榮里復興路段號復興路620,1,晴,50,交岔路,交叉路口,行車管制號誌,車與車,起步未注意其他車(人)安全
11003ACD91B2482,20210326,120.272442,23.306043,交通事故,交叉路口,臺南市鹽水區橋南里五福路段號新太路,1,晴,50,交岔路,交叉路口,無號誌,車與車,未依規定讓車
11003ACD91B2547,20210329,120.307237,23.298291,交通事故,交叉路口,臺南市新營區南興里建業路段號裕民路,1,晴,50,交岔路,交叉路口,行車管制號誌,車與車,未依規定讓車
11003ACD91B2559,20210329,120.318613,23.305241,交通事故,交叉路口,臺南市新營區興業里中山路段號民族路,1,晴,50,交岔路,交叉路口,行車管制號誌,車與車,未依規定讓車
11003ACD91B2586,20210329,120.325469,23.311429,交通事故,其他,臺南市新營區段號民治路橋旁道路,1,晴,50,單路部分,路段,無號誌,車與車,使用手持行動電話失控
11003ACD91B2598,20210330,120.256969,23.317323,交通事故,其他,臺南市鹽水區段號電桿:太鹽高幹90NO359.HC96前,1,晴,50,單路部分,路段,無號誌,汽(機)車本身,未注意車前狀態
11003ACD91B2628,20210330,120.330772,23.287026,交通事故,其他,臺南市柳營區段號太康里55-2號前,2,晴,30,單路部分,路段,無號誌,車與車,右轉彎未依規定
11003ACD91B2683,20210330,120.322804,23.291282,交通事故,其他,臺南市柳營區段號太康里義士路五段、旁鐵路平交道-路口,1,晴,50,單路部分,路段,無號誌,汽(機)車本身,不明原因肇事
11003ACD91B2692,20210330,120.315968,23.270149,交通事故,其他,臺南市柳營區段號中埕里132-40號前,1,晴,50,單路部分,路段,無號誌,汽(機)車本身,未注意車前狀態
11003ACD91B2732,20210331,120.289241,23.32939,交通事故,其他,臺南市鹽水區段號汫水里頂洲寮2-27號前,1,晴,50,交岔路,路段,無號誌,車與車,其他引起事故之違規或不當行為
11003ACD91B2737,20210331,120.316933,23.301792,交通事故,交叉路口,臺南市新營區興業里中興路段號新進路,1,晴,50,交岔路,交叉路口,行車管制號誌,車與車,未依規定讓車
11003ACD91B2753,20210331,120.309554,23.304449,交通事故,交叉路口,臺南市新營區民生里民生路段號中華路,1,晴,50,交岔路,交叉路口,行車管制號誌,車與車,起步未注意其他車(人)安全
11003ACD91B2759,20210331,120.315966,23.312742,交通事故,一般地址,臺南市新營區忠政里中正路段3544247號,1,晴,30,交岔路,路段,無號誌,車與車,未依規定讓車
11003ACD91B2777,20210331,120.270578,23.311227,交通事故,交叉路口,臺南市鹽水區橋南里忠孝路段號南太路,1,晴,50,交岔路,交叉路口,行車管制號誌,車與車,違反號誌管制或指揮
11003ACD91B2782,20210331,120.311929,23.309779,交通事故,一般地址,臺南市新營區民權里民權路段116號,3,晴,50,單路部分,路段,無號誌,人與汽(機)車,穿越道路未注意左右來車
11003ACD91B2795,20210331,120.287819,23.308224,交通事故,一般地址,臺南市新營區嘉芳里復興路段724號,1,晴,50,單路部分,路段,無號誌,車與車,橫越道路不慎
11003ACD91B2796,20210331,120.313242,23.273825,交通事故,交叉路口,臺南市柳營區士林里柳營路1段號柳營路1741,2,晴,50,交岔路,路段,無號誌,車與車,未注意車前狀態
11003ACD91B2798,20210331,120.307918,23.304265,交通事故,交叉路口,臺南市新營區民生里中華路段號三民路,1,晴,50,交岔路,路段,行車管制號誌,車與車,未注意車前狀態
11003ACD91B2802,20210331,120.352876,23.27732,交通事故,交叉路口,臺南市柳營區大農里區道南112線段號中山東路2,1,晴,40,交岔路,路段,閃光號誌,車與車,未依規定讓車
11003ACD91B2828,20210331,120.313851,23.311775,交通事故,交叉路口,臺南市新營區忠政里府西路段號府西路33,1,晴,50,交岔路,交叉路口,無號誌,車與車,未依規定讓車
11003ACD91B2839,20210331,120.3025,23.303587,交通事故,交叉路口,臺南市新營區民榮里新進路2段號新進路2289,1,晴,30,單路部分,路段,無號誌,汽(機)車本身,未注意車前狀態
11003ACD91B2840,20210329,120.273505,23.304113,交通事故,一般地址,臺南市鹽水區橋南里八德路段47號,1,晴,40,單路部分,路段,無號誌,車與車,未注意車前狀態
11003ACD91B2842,20210329,120.267072,23.322547,交通事故,一般地址,臺南市鹽水區津城里文武街段76號,1,晴,50,交岔路,交叉路口,無號誌,車與車,未保持行車安全間隔
11003ACD91B3136,20210329,120.311542,23.278186,交通事故,其他,臺南市新營區段號未命名道路、新橋街,1,晴,30,交岔路,交叉路口,閃光號誌,車與車,未依規定讓車
11003ACE91B0610,20210308,120.467833,23.128633,交通事故,交叉路口,臺南市玉井區竹圍里中正路段號大成路,1,晴,50,交岔路,交叉路口,行車管制號誌,車與車,未依規定讓車
11003ACE91B0744,20210310,120.462105,23.120157,交通事故,一般地址,臺南市玉井區玉田里中山路段29952號,1,晴,50,交岔路,交叉路口,行車管制號誌,車與車,倒車未依規定
11003ACE91B0789,20210310,120.4779,23.13473,交通事故,無,臺南市玉井區段號,1,晴,50,單路部分,路段,無號誌,汽(機)車本身,未注意車前狀態
11003ACE91B1027,20210313,120.459795,23.122895,交通事故,交叉路口,臺南市玉井區玉田里中正路段號中正路21,1,晴,50,交岔路,交叉路口,無號誌,車與車,其他引起事故之違規或不當行為
11003ACE91B1056,20210311,120.459996,23.123151,交通事故,交叉路口,臺南市玉井區玉田里中正路段號民主街28,2,晴,50,交岔路,交叉路口,無號誌,車與車,未依規定讓車
11003ACE91B1315,20210317,120.462307,23.124928,交通事故,交叉路口,臺南市玉井區玉田里中正路段號中華路,2,晴,50,交岔路,交叉路口,無號誌,車與車,左轉彎未依規定
11003ACE91B1324,20210316,120.484138,23.178746,交通事故,交叉路口,臺南市楠西區楠西里中興路段號中華路,1,晴,50,交岔路,交叉路口,閃光號誌,車與車,未依規定讓車
11003ACE91B1391,20210318,120.480082,23.138577,交通事故,無,臺南市玉井區段號,3,晴,70,單路部分,路段,無號誌,車與車,起步未注意其他車(人)安全
11003ACE91B1581,20210313,120.46229,23.123946,交通事故,交叉路口,臺南市玉井區玉田里中華路段號民族路,1,晴,50,交岔路,交叉路口,無號誌,車與車,未依規定讓車
11003ACE91B1591,20210314,120.466265,23.120285,交通事故,交叉路口,臺南市玉井區玉田里中華路段號中華路281,2,晴,50,交岔路,交叉路口,無號誌,車與車,未注意車前狀態
11003ACE91B1815,20210321,120.489753,23.161763,交通事故,無,臺南市楠西區段號,2,晴,70,交岔路,交叉路口,閃光號誌,車與車,左轉彎未依規定
11003ACE91B2227,20210326,120.464296,23.125487,交通事故,交叉路口,臺南市玉井區玉田里中正路段號民生路,1,晴,50,交岔路,交叉路口,行車管制號誌,車與車,迴轉未依規定
11003ACE91B2388,20210328,120.486135,23.090817,交通事故,無,臺南市南化區段號,2,晴,60,單路部分,路段,無號誌,車與車,變換車道或方向不當
11003ACF91A0003,20210303,120.319442,23.360567,交通事故,其他,臺南市後壁區段號長短樹里南80線頂長高幹33前,0,陰,50,單路部分,路段,無號誌,車與車,迴轉未依規定
11003ACF91A0004,20210309,120.308472,23.340629,交通事故,其他,臺南市後壁區段號竹新里新厝26號前南78-線上(仕安高幹2號),0,晴,30,單路部分,路段,無號誌,汽(機)車本身,未注意車前狀態
11003ACF91A0005,20210310,120.406976,23.328906,交通事故,無,臺南市東山區段號,0,晴,50,交岔路,交叉路口,無號誌,車與車,違反特定標誌(線)禁制
11003ACF91A0010,20210316,120.357309,23.309714,交通事故,交叉路口,臺南市東山區聖賢里區道南314線段號區道南102線,0,晴,60,交岔路,交叉路口,無號誌,汽(機)車本身,未注意車前狀態
11003ACF91B0109,20210302,120.355411,23.347976,交通事故,無,臺南市後壁區段號,1,晴,70,交岔路,交叉路口,無號誌,車與車,未依規定讓車
11003ACF91B0158,20210301,120.434357,23.389148,交通事故,其他,臺南市白河區段號馬稠後里草店51號,1,晴,50,單路部分,路段,行車管制號誌,車與車,違反特定標誌(線)禁制
11003ACF91B0558,20210304,120.374609,23.309047,交通事故,無,臺南市東山區段號,2,晴,40,交岔路,交叉路口,無號誌,車與車,未依規定讓車
11003ACF91B0716,20210311,120.414514,23.344923,交通事故,交叉路口,臺南市白河區新起街段號富民路,1,晴,50,交岔路,交叉路口,閃光號誌,車與車,未依規定讓車
11003ACF91B0964,20210306,120.331571,23.367425,交通事故,一般地址,臺南市後壁區長短樹里區道南85-1線段44287號,1,晴,50,單路部分,路段,無號誌,車與車,未注意車前狀態
11003ACF91B0966,20210313,120.329934,23.36156,交通事故,無,臺南市後壁區段號,1,晴,50,交岔路,交叉路口,無號誌,車與車,未依規定讓車
11003ACF91B0992,20210314,120.417421,23.34516,交通事故,無,臺南市白河區段號,1,晴,50,交岔路,交叉路口,行車管制號誌,車與車,未依規定讓車
11003ACF91B1243,20210316,120.400106,23.321771,交通事故,一般地址,臺南市東山區東中里新東路1段59號,2,晴,50,單路部分,路段,無號誌,車與車,起步未注意其他車(人)安全
11003ACF91B1601,20210320,120.497145,23.27363,交通事故,交叉路口,臺南市東山區青山里市道175線段號區道南104線,2,晴,40,交岔路,交叉路口,無號誌,車與車,未依規定讓車
11003ACF91B1673,20210321,120.43336,23.371382,交通事故,其他,臺南市白河區段號竹門里南二高速公路涵洞309+165線處,1,晴,40,單路部分,路段,無號誌,汽(機)車本身,未注意車前狀態
11003ACF91B1675,20210321,120.413175,23.346465,交通事故,交叉路口,臺南市白河區白河里中山路段號十全街,2,晴,50,交岔路,交叉路口,閃光號誌,車與車,未保持行車安全間隔
11003ACF91B1816,20210305,120.346534,23.329738,交通事故,無,臺南市後壁區段號,1,晴,50,單路部分,路段,無號誌,汽(機)車本身,其他引起事故之違規或不當行為
11003ACF91B2230,20210326,120.35466,23.330147,交通事故,其他,臺南市後壁區段號福安里下寮164號前,1,晴,40,單路部分,路段,無號誌,車與車,未依規定讓車
11003ACF91B2269,20210319,120.358158,23.356886,交通事故,其他,臺南市後壁區段號嘉苳里臺一線283.9K(後壁高中對面),1,晴,70,交岔路,交叉路口,無號誌,車與車,未依規定讓車
11003ACF91B2281,20210326,120.415087,23.349516,交通事故,交叉路口,臺南市白河區永安里中正路段號中山路,1,晴,50,交岔路,交叉路口,行車管制號誌,車與車,未依規定讓車
11003ACF91B2299,20210326,120.344514,23.329264,交通事故,其他,臺南市後壁區段號福安里下寮198號前,3,晴,50,單路部分,路段,行車管制號誌,車與車,疲勞(患病)駕駛失控
11003ACF91B2334,20210327,120.428003,23.344918,交通事故,一般地址,臺南市白河區河東里舊市道172線段122-18號,1,晴,50,單路部分,路段,無號誌,車與車,迴轉未依規定
11003ACF91B2336,20210327,120.451723,23.35075,交通事故,其他,臺南市白河區段號虎山里木屐寮28-4號前,1,晴,40,單路部分,路段,無號誌,汽(機)車本身,未注意車前狀態
11003ACF91B2342,20210302,120.356691,23.340439,交通事故,其他,臺南市後壁區段號長安里頂安高幹29左9右3號北側路口,1,晴,40,交岔路,交叉路口,無號誌,車與車,未依規定讓車
11003ACF91B2344,20210327,120.409646,23.346513,交通事故,一般地址,臺南市白河區永安里富民路段324號,1,晴,50,交岔路,交叉路口,行車管制號誌,人與汽(機)車,未依標誌、標線、號誌或手勢指揮穿越道路
11003ACF91B2487,20210328,120.398831,23.32125,交通事故,一般地址,臺南市東山區東中里新東路2段17號,2,晴,50,單路部分,路段,無號誌,汽(機)車本身,未注意車前狀態
11003ACF91B2488,20210329,120.414835,23.34884,交通事故,一般地址,臺南市白河區永安里中山路段27號0,1,晴,40,單路部分,路段,無號誌,車與車,未保持行車安全間隔
11003ACF91B2509,20210329,120.362275,23.368796,交通事故,交叉路口,臺南市後壁區區道南82線段號省道臺1線,2,晴,50,交岔路,交叉路口,閃光號誌,車與車,未依規定讓車
11003ACF91B2516,20210329,120.437936,23.254048,交通事故,無,臺南市東山區段號,1,晴,40,單路部分,路段,無號誌,車與車,右轉彎未依規定
11003ACF91B2528,20210329,120.381319,23.340726,交通事故,無,臺南市後壁區段號,2,晴,60,單路部分,路段,無號誌,車與車,左轉彎未依規定
11003ACF91B2560,20210304,120.411424,23.348913,交通事故,交叉路口,臺南市白河區五福街段號新厝街,1,晴,30,交岔路,交叉路口,無號誌,車與車,未依規定讓車
11003ACF91B2580,20210304,120.396609,23.372617,交通事故,無,臺南市白河區段號,1,晴,50,交岔路,交叉路口,無號誌,車與車,未依規定讓車
11003ACF91B2723,20210302,120.421692,23.359128,交通事故,一般地址,臺南市白河區永安里中山路段537號,2,晴,50,單路部分,路段,無號誌,汽(機)車本身,未注意車前狀態
11003ACF91B2787,20210331,120.356845,23.309766,交通事故,其他,臺南市東山區段號聖賢里南314、102線路口附近,2,晴,60,交岔路,交叉路口,行車管制號誌,車與車,違反號誌管制或指揮
11003ACF91B2788,20210323,120.439144,23.380868,交通事故,其他,臺南市白河區段號馬稠後里甘宅13號前道路,1,晴,50,單路部分,路段,無號誌,車與車,違反特定標誌(線)禁制
11003ACF91B2789,20210330,120.418004,23.345285,交通事故,其他,臺南市白河區段號白河里172線上白河橋西側便道路口,1,晴,60,單路部分,路段,無號誌,人與汽(機)車,穿越道路未注意左右來車
11003ACF91B2790,20210330,120.380169,23.339842,交通事故,其他,臺南市後壁區段號長安里172線上白安高幹82號前路口,1,晴,60,交岔路,交叉路口,閃光號誌,車與車,未保持行車安全距離
11003ACF91B2837,20210318,120.445656,23.264978,交通事故,其他,臺南市東山區段號南99線與南105線口,1,晴,50,交岔路,交叉路口,閃光號誌,車與車,未依規定讓車
11003ACF91B3043,20210325,120.417458,23.352806,交通事故,交叉路口,臺南市白河區中山路段號新興路,1,晴,50,交岔路,路段,行車管制號誌,車與車,未注意車前狀態
11003ACF91B3047,20210325,120.377541,23.338878,交通事故,其他,臺南市後壁區段號172線與蘭科大道口,1,晴,50,交岔路,交叉路口,行車管制號誌,車與車,右轉彎未依規定
11003ACF91B3050,20210325,120.377516,23.338885,交通事故,其他,臺南市後壁區段號172線與蘭科大道口,2,晴,50,交岔路,交叉路口,行車管制號誌,車與車,違反號誌管制或指揮
11003ACFN2B0104,20210302,120.412348,23.345406,交通事故,交叉路口,臺南市白河區白河里中山路段號富民路,1,晴,60,單路部分,路段,行車管制號誌,車與車,左轉彎未依規定
11003ACFN2B1560,20210317,120.417078,23.350974,交通事故,交叉路口,臺南市白河區白河里新起街段號三民路,1,晴,60,單路部分,路段,行車管制號誌,車與車,未注意車前狀態
11003ACFN2B2477,20210328,120.412697,23.345833,交通事故,交叉路口,臺南市白河區中山路段號西安街,1,晴,40,交岔路,交叉路口,無號誌,車與車,未保持行車安全距離
11003ACFX1B1002,20210314,120.349352,23.218885,交通事故,其他,臺南市東山區段號165縣道19K處(南下),1,晴,50,單路部分,路段,閃光號誌,汽(機)車本身,未依規定減速
11003ACG91A0009,20210313,120.258018,23.244882,交通事故,交叉路口,臺南市下營區宅內里中正北路段號中正北路213,0,晴,50,交岔路,交叉路口,無號誌,汽(機)車本身,超速失控
11003ACG91A0011,20210316,120.247074,23.160886,交通事故,其他,臺南市麻豆區段號井東里安業113號前路口,0,晴,60,交岔路,交叉路口,無號誌,人與汽(機)車,未依規定減速
11003ACG91B0003,20210301,120.228764,23.19099,交通事故,無,臺南市麻豆區段號,2,晴,50,交岔路,交叉路口,無號誌,車與車,起步未注意其他車(人)安全
11003ACG91B0007,20210301,120.245402,23.183522,交通事故,其他,臺南市麻豆區段號新興里中山路111之2號,2,晴,50,單路部分,路段,無號誌,車與車,起步未注意其他車(人)安全
11003ACG91B0016,20210301,120.315496,23.240259,交通事故,其他,臺南市六甲區段號菁埔里臺一線與174線路口,1,晴,70,交岔路,交叉路口,行車管制號誌,車與車,違反號誌管制或指揮
11003ACG91B0023,20210301,120.226074,23.161832,交通事故,其他,臺南市麻豆區段號安正里南49縣6.1公里處,1,晴,50,交岔路,交叉路口,無號誌,車與車,未注意車前狀態