案件編號,發生日期,GPS經度,GPS緯度,案件類別名稱,地址類型名稱,發生縣市名稱,受傷人數,天候名稱, 速限-第1當事者,道路型態大類別名稱,事故位置大類別名稱,號誌-號誌種類名稱,事故類型及型態大類別名稱,肇因研判子類別名稱-主要
11003ACG91B0043,20210302,120.254156,23.185221,交通事故,其他,臺南市麻豆區段號東角里忠孝路31巷口,3,晴,50,交岔路,交叉路口,無號誌,車與車,未依規定讓車
11003ACG91B0055,20210302,120.261523,23.233167,交通事故,交叉路口,臺南市下營區營前里中山路2段號文明街,2,晴,30,交岔路,路段,閃光號誌,車與車,未依規定讓車
11003ACG91B0061,20210302,120.273636,23.209353,交通事故,其他,臺南市下營區段號開化里中營290-12號前,1,晴,50,單路部分,路段,無號誌,汽(機)車本身,未注意車前狀態
11003ACG91B0081,20210302,120.338279,23.172197,交通事故,無,臺南市官田區段號,1,晴,50,單路部分,路段,行車管制號誌,車與車,未保持行車安全距離
11003ACG91B0082,20210302,120.352228,23.230532,交通事故,交叉路口,臺南市六甲區六甲里復興街段號建國街,1,晴,50,交岔路,交叉路口,無號誌,汽(機)車本身,其他引起事故之違規或不當行為
11003ACG91B0087,20210302,120.247975,23.180691,交通事故,其他,臺南市麻豆區段號巷口里興國路29之8號前,2,晴,50,單路部分,路段,無號誌,車與車,違規超車
11003ACG91B0105,20210302,120.336594,23.172746,交通事故,其他,臺南市官田區段號渡拔里171線27.5K處,1,晴,50,交岔路,交叉路口,無號誌,車與車,未依規定讓車
11003ACG91B0131,20210303,120.307899,23.193903,交通事故,其他,臺南市官田區段號中山路1段隆西街口,1,晴,50,交岔路,交叉路口,行車管制號誌,車與車,未保持行車安全距離
11003ACG91B0136,20210302,120.247196,23.162597,交通事故,其他,臺南市麻豆區段號173線2.6K往南安業高幹41A1電桿前,1,晴,50,單路部分,路段,無號誌,汽(機)車本身,未注意車前狀態
11003ACG91B0165,20210303,120.245229,23.179158,交通事故,其他,臺南市麻豆區段號興農里和平路20-3號前,1,晴,50,交岔路,交叉路口,無號誌,車與車,未依規定讓車
11003ACG91B0171,20210303,120.2504,23.161737,交通事故,其他,臺南市麻豆區段號安業里堤防道路510460電桿前,2,晴,30,交岔路,交叉路口,無號誌,車與車,未依規定讓車
11003ACG91B0176,20210303,120.241173,23.18516,交通事故,其他,臺南市麻豆區段號新建里新生南路中山路口,1,晴,50,交岔路,交叉路口,行車管制號誌,車與車,未注意車前狀態
11003ACG91B0177,20210303,120.304268,23.036949,交通事故,交叉路口,臺南市麻豆區清水里民生路段號區道南48線,1,晴,50,交岔路,交叉路口,閃光號誌,車與車,未依規定讓車
11003ACG91B0187,20210303,120.31468,23.206323,交通事故,其他,臺南市官田區段號南?里492667號路燈桿前路口,2,晴,30,交岔路,交叉路口,無號誌,車與車,未依規定讓車
11003ACG91B0202,20210304,120.246496,23.176624,交通事故,一般地址,臺南市麻豆區中興里新生南路段800號,1,晴,50,單路部分,路段,無號誌,車與車,右轉彎未依規定
11003ACG91B0220,20210304,120.216253,23.176328,交通事故,一般地址,臺南市麻豆區麻口里麻豆口段118號,1,晴,60,單路部分,路段,無號誌,汽(機)車本身,未注意車前狀態
11003ACG91B0255,20210304,120.248506,23.188008,交通事故,其他,臺南市麻豆區段號大埕里31號附近路口,1,晴,50,交岔路,交叉路口,閃光號誌,車與車,未依規定讓車
11003ACG91B0302,20210305,120.259227,23.192693,交通事故,交叉路口,臺南市麻豆區南勢里省道臺19甲線段號市道176線,1,晴,60,交岔路,交叉路口,行車管制號誌,汽(機)車本身,其他引起事故之違規或不當行為
11003ACG91B0362,20210306,120.374276,23.184044,交通事故,無,臺南市官田區段號,1,晴,40,單路部分,路段,無號誌,汽(機)車本身,不明原因肇事
11003ACG91B0374,20210306,120.442328,23.23591,交通事故,其他,臺南市六甲區段號大丘里174線39.1公里處,1,晴,40,單路部分,路段,無號誌,汽(機)車本身,未依規定減速
11003ACG91B0379,20210306,120.282898,23.19327,交通事故,其他,臺南市麻豆區段號寮部里9之138號前,2,晴,50,單路部分,路段,無號誌,車與車,起步未注意其他車(人)安全
11003ACG91B0401,20210306,120.24361,23.183919,交通事故,其他,臺南市麻豆區新興里中山路段128-5號新興里中山路128號之5前,1,晴,50,單路部分,路段,無號誌,車與車,未注意車前狀態
11003ACG91B0409,20210301,120.316908,23.199094,交通事故,一般地址,臺南市官田區隆本里中華路2段90號0,1,晴,50,單路部分,路段,無號誌,車與車,未注意車前狀態
11003ACG91B0411,20210305,120.215196,23.1953,交通事故,其他,臺南市麻豆區段號海埔里大山腳67號之25前,1,晴,50,交岔路,交叉路口,無號誌,車與車,未保持行車安全距離
11003ACG91B0459,20210307,120.342459,23.232922,交通事故,一般地址,臺南市六甲區水林里中山路段414號,4,晴,60,交岔路,交叉路口,無號誌,車與車,未依規定讓車
11003ACG91B0486,20210308,120.244065,23.18505,交通事故,交叉路口,臺南市麻豆區油車里自由路段號興民街,1,晴,50,交岔路,交叉路口,閃光號誌,車與車,未依規定讓車
11003ACG91B0488,20210307,120.372871,23.188755,交通事故,其他,臺南市官田區段號大崎里大崎50號前,3,晴,30,單路部分,路段,無號誌,車與車,違規超車
11003ACG91B0506,20210308,120.257402,23.203886,交通事故,交叉路口,臺南市下營區西連里區道南59線段號區道南54線,2,晴,40,交岔路,交叉路口,無號誌,車與車,未依規定讓車
11003ACG91B0534,20210308,120.231602,23.146291,交通事故,無,臺南市麻豆區段號,2,晴,60,單路部分,路段,無號誌,車與車,未注意車前狀態
11003ACG91B0545,20210309,120.284459,23.187341,交通事故,其他,臺南市麻豆區段號寮?里寮子?5-50號,3,晴,50,單路部分,路段,無號誌,汽(機)車本身,未注意車前狀態
11003ACG91B0556,20210309,120.239622,23.18614,交通事故,其他,臺南市麻豆區段號新興里171線與轉運站麻學路出口,2,晴,60,交岔路,交叉路口,行車管制號誌,車與車,違反號誌管制或指揮
11003ACG91B0564,20210309,120.252651,23.185227,交通事故,其他,臺南市麻豆區段號東角里忠孝路20號前,1,陰,50,單路部分,路段,無號誌,汽(機)車本身,未注意車前狀態
11003ACG91B0569,20210304,120.350915,23.228385,交通事故,交叉路口,臺南市六甲區六甲里中正路段號中正路423,3,晴,50,交岔路,交叉路口,無號誌,車與車,未依規定讓車
11003ACG91B0570,20210308,120.243437,23.233568,交通事故,無,臺南市下營區段號,1,晴,50,單路部分,路段,無號誌,汽(機)車本身,未注意車前狀態
11003ACG91B0591,20210309,120.315076,23.243935,交通事故,交叉路口,臺南市六甲區菁埔里省道臺1線段號區道南60線,1,晴,50,交岔路,交叉路口,行車管制號誌,車與車,違反特定標誌(線)禁制
11003ACG91B0605,20210309,120.286292,23.242081,交通事故,其他,臺南市下營區段號賀建里南63線中山路476巷口,2,晴,50,交岔路,交叉路口,閃光號誌,車與車,未依規定讓車
11003ACG91B0645,20210310,120.251463,23.183047,交通事故,交叉路口,臺南市麻豆區巷口里民權路段號興南路,1,晴,40,交岔路,交叉路口,行車管制號誌,車與車,違反號誌管制或指揮
11003ACG91B0658,20210310,120.240911,23.190378,交通事故,無,臺南市麻豆區段號,1,晴,50,交岔路,交叉路口,閃光號誌,車與車,未依規定讓車
11003ACG91B0672,20210310,120.250969,23.187571,交通事故,一般地址,臺南市麻豆區大埕里中正路段139號,1,陰,50,單路部分,路段,無號誌,車與車,變換車道或方向不當
11003ACG91B0723,20210311,120.248463,23.183613,交通事故,其他,臺南市麻豆區段號巷口里興國路與中山路口,1,晴,50,交岔路,交叉路口,行車管制號誌,車與車,違反特定標誌(線)禁制
11003ACG91B0725,20210311,120.340703,23.165183,交通事故,其他,臺南市官田區段號渡拔里台1線南向308.8公里路口,1,晴,50,交岔路,交叉路口,行車管制號誌,車與車,未依規定讓車
11003ACG91B0735,20210311,120.224394,23.178157,交通事故,其他,臺南市麻豆區段號麻口里10-3號附近,1,晴,60,單路部分,路段,無號誌,汽(機)車本身,未注意車前狀態
11003ACG91B0736,20210311,120.243596,23.155808,交通事故,一般地址,臺南市麻豆區謝厝寮里市道173線段謝厝寮239-5號,1,晴,50,單路部分,路段,無號誌,汽(機)車本身,其他引起事故之違規或不當行為
11003ACG91B0738,20210311,120.254158,23.22429,交通事故,交叉路口,臺南市下營區仁里里區道南59線段號環營南路2,1,晴,50,交岔路,交叉路口,行車管制號誌,車與車,未依規定讓車
11003ACG91B0754,20210311,120.249531,23.181877,交通事故,一般地址,臺南市麻豆區巷口里信義路段44418號,1,晴,50,單路部分,路段,無號誌,車與車,違反特定標誌(線)禁制
11003ACG91B0782,20210312,120.247367,23.177869,交通事故,一般地址,臺南市麻豆區中興里興國路段56號,1,晴,50,單路部分,路段,無號誌,車與車,變換車道或方向不當
11003ACG91B0787,20210312,120.244337,23.204443,交通事故,其他,臺南市麻豆區段號北勢里北勢寮1之3號前路口,1,晴,30,交岔路,交叉路口,無號誌,車與車,未依規定讓車
11003ACG91B0794,20210312,120.311961,23.22387,交通事故,其他,臺南市官田區段號南?里南?122-1號,2,晴,30,單路部分,路段,無號誌,車與車,未靠右行駛
11003ACG91B0795,20210312,120.241901,23.190198,交通事故,一般地址,臺南市麻豆區油車里新生北路段282號,1,晴,50,交岔路,交叉路口,無號誌,車與車,逆向行駛
11003ACG91B0898,20210313,120.239747,23.184444,交通事故,其他,臺南市麻豆區段號新興里176線18.9公里處,1,晴,50,單路部分,路段,行車管制號誌,車與車,未注意車前狀態
11003ACG91B0925,20210313,120.252615,23.196824,交通事故,其他,臺南市麻豆區段號北勢里加輦邦8之3號前,1,晴,50,單路部分,路段,無號誌,人與汽(機)車,穿越道路未注意左右來車
11003ACG91B0935,20210313,120.351257,23.229036,交通事故,交叉路口,臺南市六甲區七甲里中正路段號中正路32,2,晴,60,交岔路,交叉路口,無號誌,車與車,未依規定讓車
11003ACG91B0941,20210313,120.261614,23.237771,交通事故,一般地址,臺南市下營區後街里中正北路段156號,1,晴,50,單路部分,路段,無號誌,車與車,迴轉未依規定
11003ACG91B0996,20210314,120.265022,23.19941,交通事故,其他,臺南市麻豆區段號北勢里台84線道12.5公里處,1,晴,100,單路部分,路段,無號誌,車與車,變換車道或方向不當
11003ACG91B0999,20210314,120.261934,23.170501,交通事故,無,臺南市麻豆區段號,4,晴,50,單路部分,路段,無號誌,車與車,未保持行車安全間隔
11003ACG91B1006,20210314,120.344558,23.176595,交通事故,其他,臺南市官田區段號渡頭里260-7號附近,2,晴,60,交岔路,交叉路口,無號誌,車與車,左轉彎未依規定
11003ACG91B1040,20210315,120.341172,23.160852,交通事故,交叉路口,臺南市官田區渡拔里省道臺1線段號區道南181線,1,晴,50,交岔路,路段,行車管制號誌,車與車,未注意車前狀態
11003ACG91B1043,20210311,120.363037,23.210946,交通事故,其他,臺南市官田區段號171線嘉南里057燈桿前,1,晴,50,單路部分,路段,無號誌,汽(機)車本身,酒醉(後)駕駛失控
11003ACG91B1046,20210315,120.255386,23.175455,交通事故,其他,臺南市麻豆區段號清水里臺19甲南48線口,2,晴,50,交岔路,交叉路口,行車管制號誌,車與車,未保持行車安全距離
11003ACG91B1107,20210315,120.320201,23.209609,交通事故,交叉路口,臺南市官田區二鎮里工業西路段號建業路,2,晴,50,交岔路,交叉路口,無號誌,汽(機)車本身,未注意車前狀態
11003ACG91B1113,20210315,120.258218,23.247268,交通事故,一般地址,臺南市下營區後街里中正北路段46235號,1,陰,30,單路部分,路段,無號誌,汽(機)車本身,未注意車前狀態
11003ACG91B1120,20210315,120.265617,23.197901,交通事故,無,臺南市麻豆區段號,1,晴,60,單路部分,路段,無號誌,車與車,未注意車前狀態
11003ACG91B1146,20210316,120.269695,23.220274,交通事故,無,臺南市下營區段號,2,晴,60,交岔路,交叉路口,無號誌,車與車,起步未注意其他車(人)安全
11003ACG91B1159,20210316,120.252784,23.176988,交通事故,其他,臺南市麻豆區段號巷口里新生南路651號對面,1,晴,50,單路部分,路段,無號誌,車與車,未注意車前狀態
11003ACG91B1165,20210316,120.351844,23.23071,交通事故,其他,臺南市六甲區段號六甲里復興街112號前,1,晴,50,單路部分,路段,無號誌,車與車,未保持行車安全間隔
11003ACG91B1199,20210316,120.28205,23.202709,交通事故,其他,臺南市下營區段號茅營里茅港尾241號前路口,1,晴,30,交岔路,交叉路口,無號誌,車與車,未依規定讓車
11003ACG91B1205,20210316,120.251482,23.181868,交通事故,交叉路口,臺南市麻豆區?江里信義路段號民權路,1,晴,50,交岔路,交叉路口,行車管制號誌,車與車,左轉彎未依規定
11003ACG91B1213,20210315,120.265158,23.236104,交通事故,交叉路口,臺南市下營區中山路段號自由街,1,晴,50,交岔路,交叉路口,閃光號誌,車與車,未依規定讓車
11003ACG91B1234,20210317,120.247216,23.176799,交通事故,交叉路口,臺南市麻豆區中興里新生南路段號興國路,1,晴,50,交岔路,交叉路口,行車管制號誌,車與車,右轉彎未依規定
11003ACG91B1241,20210317,120.240288,23.185573,交通事故,一般地址,臺南市麻豆區新興里麻學路1段13號0,1,晴,50,交岔路,交叉路口,無號誌,車與車,違反特定標誌(線)禁制
11003ACG91B1255,20210317,120.233387,23.18926,交通事故,其他,臺南市麻豆區段號埤頭里苓子林8之36號前路口,2,晴,50,交岔路,交叉路口,行車管制號誌,車與車,違反號誌管制或指揮
11003ACG91B1289,20210317,120.216044,23.176405,交通事故,一般地址,臺南市麻豆區麻口里市道176線段麻豆口1-53號0,1,晴,60,單路部分,路段,無號誌,車與車,未注意車前狀態
11003ACG91B1364,20210318,120.259684,23.233365,交通事故,一般地址,臺南市下營區仁里里公園路段90號,3,晴,50,交岔路,路段,閃光號誌,車與車,違反特定標誌(線)禁制
11003ACG91B1365,20210318,120.308089,23.212979,交通事故,無,臺南市官田區段號,1,晴,50,交岔路,交叉路口,無號誌,車與車,違反特定標誌(線)禁制
11003ACG91B1453,20210319,120.217081,23.182152,交通事故,一般地址,臺南市麻豆區麻口里麻豆口段42之2號,1,晴,30,單路部分,路段,無號誌,汽(機)車本身,未注意車前狀態
11003ACG91B1556,20210319,120.258445,23.173079,交通事故,其他,臺南市麻豆區段號龍泉里台19甲線18.3公里處(麻善大橋南下車道),1,晴,50,單路部分,路段,無號誌,汽(機)車本身,未注意車前狀態
11003ACG91B1570,20210320,120.261523,23.233167,交通事故,交叉路口,臺南市下營區營前里中山路2段111號文明街,1,晴,30,交岔路,交叉路口,無號誌,車與車,未依規定讓車
11003ACG91B1599,20210320,120.229294,23.179156,交通事故,其他,臺南市麻豆區段號小埤里苓子林30號附近,1,晴,60,單路部分,路段,無號誌,車與車,未依規定讓車
11003ACG91B1610,20210320,120.317436,23.195644,交通事故,一般地址,臺南市官田區隆本里勝利路段146號,2,陰,50,單路部分,路段,無號誌,人與汽(機)車,未依規定行走行人穿越道、地下道、天橋而穿越道路
11003ACG91B1612,20210320,120.2775,23.250525,交通事故,無,臺南市下營區段號,1,晴,60,交岔路,交叉路口,無號誌,汽(機)車本身,未注意車前狀態
11003ACG91B1642,20210321,120.315791,23.192819,交通事故,一般地址,臺南市官田區隆田里中山路1段128號,1,陰,50,單路部分,路段,無號誌,車與車,起步未注意其他車(人)安全
11003ACG91B1704,20210320,120.34103,23.163463,交通事故,交叉路口,臺南市官田區渡拔里省道臺1線段號省道臺84線快速公路,1,晴,50,交岔路,交叉路口,行車管制號誌,車與車,違反號誌管制或指揮
11003ACG91B1713,20210321,120.257457,23.183281,交通事故,一般地址,臺南市麻豆區東角里國中街段8號,1,晴,50,單路部分,路段,無號誌,車與車,酒醉(後)駕駛失控
11003ACG91B1733,20210321,120.466979,23.219774,交通事故,其他,臺南市六甲區段號大丘里175線23.5K處,4,陰,40,單路部分,路段,無號誌,汽(機)車本身,未依規定減速
11003ACG91B1757,20210322,120.253382,23.188598,交通事故,一般地址,臺南市麻豆區大埕里文昌路段14305號,2,陰,50,單路部分,路段,無號誌,車與車,開啟車門不當而肇事
11003ACG91B1812,20210322,120.219573,23.177036,交通事故,交叉路口,臺南市麻豆區麻口里市道176線段號區道南49線,2,晴,60,交岔路,交叉路口,行車管制號誌,車與車,違反號誌管制或指揮
11003ACG91B1833,20210322,120.25417,23.185227,交通事故,交叉路口,臺南市麻豆區東角里忠孝路段號忠孝路31,1,晴,50,交岔路,交叉路口,無號誌,車與車,未保持行車安全間隔
11003ACG91B1842,20210323,120.317063,23.198554,交通事故,交叉路口,臺南市官田區隆本里省道臺1線段號勝利路,1,晴,50,交岔路,交叉路口,行車管制號誌,車與車,未保持行車安全間隔
11003ACG91B1887,20210323,120.363903,23.217922,交通事故,其他,臺南市六甲區段號甲東里珊瑚路與工研路口,1,晴,50,交岔路,交叉路口,無號誌,汽(機)車本身,未依規定減速
11003ACG91B1901,20210321,120.399218,23.221434,交通事故,其他,臺南市六甲區段號王爺里南115線1.3K往南552694燈桿前,1,晴,30,交岔路,交叉路口,無號誌,車與車,未依規定讓車
11003ACG91B1902,20210322,120.337994,23.155536,交通事故,無,臺南市官田區段號,2,晴,70,單路部分,路段,無號誌,車與車,未注意車前狀態
11003ACG91B1926,20210323,120.271183,23.193567,交通事故,其他,臺南市麻豆區段號171甲線與南61線口,1,晴,50,交岔路,交叉路口,閃光號誌,車與車,未依規定讓車
11003ACG91B1953,20210324,120.259141,23.176358,交通事故,其他,臺南市麻豆區段號清水里42號前,1,雨,50,交岔路,交叉路口,閃光號誌,汽(機)車本身,未依規定減速
11003ACG91B1961,20210324,120.24891,23.233265,交通事故,交叉路口,臺南市下營區大吉里市道174線段號公園路,1,晴,50,交岔路,交叉路口,行車管制號誌,車與車,左轉彎未依規定
11003ACG91B2023,20210324,120.223021,23.191015,交通事故,其他,臺南市麻豆區段號171線與南24線口,1,晴,50,交岔路,交叉路口,行車管制號誌,汽(機)車本身,未注意車前狀態
11003ACG91B2046,20210324,120.317072,23.198634,交通事故,交叉路口,臺南市官田區隆本里勝利路段號中華路2,1,晴,50,交岔路,交叉路口,行車管制號誌,車與車,未注意車前狀態
11003ACG91B2047,20210324,120.268143,23.184006,交通事故,其他,臺南市麻豆區段號南勢里總爺5號旁路口,1,晴,50,交岔路,交叉路口,閃光號誌,車與車,迴轉未依規定
11003ACG91B2072,20210325,120.251751,23.179589,交通事故,其他,臺南市麻豆區段號清水里台19甲18.2K處,1,晴,50,單路部分,路段,無號誌,車與車,未保持行車安全間隔
11003ACG91B2105,20210325,120.286749,23.188165,交通事故,一般地址,臺南市麻豆區寮?里寮子?段53之2號,1,晴,50,交岔路,交叉路口,無號誌,車與車,未依規定讓車
11003ACG91B2110,20210325,120.333443,23.235026,交通事故,交叉路口,臺南市六甲區六甲里中山路段號中山路80,2,晴,50,交岔路,交叉路口,無號誌,車與車,未依規定讓車
11003ACG91B2124,20210325,120.283614,23.194399,交通事故,交叉路口,臺南市麻豆區寮?里市道176線段號區道南63線,2,晴,50,交岔路,交叉路口,行車管制號誌,車與車,未依規定讓車
11003ACG91B2171,20210326,120.225022,23.19109,交通事故,其他,臺南市麻豆區段號埤頭里埤頭25-9號前路口,1,晴,50,交岔路,交叉路口,行車管制號誌,車與車,未注意車前狀態
11003ACG91B2278,20210327,120.24966,23.183072,交通事故,其他,臺南市麻豆區段號巷口里興南路民族路口,1,晴,50,交岔路,交叉路口,閃光號誌,車與車,未依規定讓車
11003ACG91B2300,20210327,120.251943,23.179106,交通事故,其他,臺南市麻豆區段號民權路66之27號,1,晴,40,單路部分,路段,無號誌,車與車,倒車未依規定
11003ACG91B2302,20210327,120.257565,23.18491,交通事故,一般地址,臺南市麻豆區東角里忠孝路段242號,2,晴,50,交岔路,交叉路口,無號誌,車與車,未依規定讓車
11003ACG91B2325,20210327,120.351703,23.227256,交通事故,一般地址,臺南市六甲區六甲里民生街段27號,1,晴,50,單路部分,路段,無號誌,車與車,未保持行車安全距離
11003ACG91B2435,20210328,120.30727,23.214272,交通事故,其他,臺南市官田區段號南?里臺1線與南318線口,1,晴,70,交岔路,交叉路口,行車管制號誌,車與車,未依規定讓車
11003ACG91B2443,20210328,120.376285,23.239279,交通事故,其他,臺南市六甲區段號甲東里大丘高幹61旁,1,晴,40,單路部分,路段,無號誌,車與車,違反特定標誌(線)禁制
11003ACG91B2502,20210329,120.337504,23.173186,交通事故,交叉路口,臺南市官田區渡拔里市道171線段號區道南65線,2,晴,50,交岔路,交叉路口,行車管制號誌,車與車,未保持行車安全間隔
11003ACG91B2518,20210329,120.254074,23.184445,交通事故,一般地址,臺南市麻豆區東角里興中路段17544275號,1,晴,50,單路部分,路段,無號誌,車與車,倒車未依規定
11003ACG91B2519,20210329,120.270599,23.214017,交通事故,無,臺南市下營區段號,1,晴,60,單路部分,路段,無號誌,汽(機)車本身,其他引起事故之違規或不當行為
11003ACG91B2602,20210330,120.346321,23.234094,交通事故,其他,臺南市六甲區段號水林里民族街與自強街,1,晴,40,交岔路,交叉路口,無號誌,車與車,未依規定讓車
11003ACG91B2625,20210330,120.253403,23.189762,交通事故,交叉路口,臺南市麻豆區大埕里新生北路段號中正路,1,晴,50,交岔路,交叉路口,行車管制號誌,車與車,未依規定讓車
11003ACG91B2632,20210330,120.267344,23.237287,交通事故,交叉路口,臺南市下營區新興里中山路1段號勝利街,1,晴,50,交岔路,交叉路口,行車管制號誌,車與車,未依規定讓車
11003ACG91B2647,20210330,120.263797,23.238462,交通事故,一般地址,臺南市下營區後街里東興二街段70號,1,晴,50,單路部分,路段,無號誌,人與汽(機)車,未保持行車安全距離
11003ACG91B2677,20210330,120.340939,23.16395,交通事故,交叉路口,臺南市官田區渡拔里省道臺1線段號省道臺84線快速公路,2,晴,70,交岔路,交叉路口,行車管制號誌,汽(機)車本身,其他引起事故之違規或不當行為
11003ACG91B2684,20210330,120.244258,23.183678,交通事故,交叉路口,臺南市麻豆區新建里中山路段號自由路,1,晴,50,交岔路,路段,行車管制號誌,車與車,未注意車前狀態
11003ACG91B2714,20210331,120.262093,23.194212,交通事故,交叉路口,臺南市麻豆區南勢里省道臺19甲線段號南勢,2,晴,60,交岔路,交叉路口,閃光號誌,汽(機)車本身,未注意車前狀態
11003ACG91B2731,20210331,120.208249,23.189046,交通事故,其他,臺南市麻豆區段號海埔里蔥子寮13號之14旁路口,1,晴,30,交岔路,交叉路口,閃光號誌,車與車,未依規定讓車
11003ACG91B2781,20210331,120.263198,23.2298,交通事故,其他,臺南市下營區段號營前里中山路2段與營前街口,1,晴,50,交岔路,交叉路口,閃光號誌,汽(機)車本身,未注意車前狀態
11003ACG91B2783,20210331,120.314464,23.202626,交通事故,交叉路口,臺南市官田區隆本里省道臺1線段號區道南114線,1,晴,70,交岔路,交叉路口,行車管制號誌,車與車,未依規定讓車
11003ACG91B2791,20210331,120.310993,23.193377,交通事故,交叉路口,臺南市官田區隆田里中山路1段號信義街,1,晴,50,交岔路,交叉路口,行車管制號誌,車與車,違反號誌管制或指揮
11003ACG91B2793,20210330,120.364041,23.217863,交通事故,其他,臺南市六甲區段號甲東里工研路與珊瑚路,2,晴,50,單路部分,路段,無號誌,汽(機)車本身,未依規定減速
11003ACG91B2797,20210331,120.226751,23.191157,交通事故,一般地址,臺南市麻豆區埤頭里市道171線段埤頭12-6號0,2,晴,50,單路部分,路段,無號誌,車與車,未注意車前狀態
11003ACG91B2805,20210331,120.259436,23.233234,交通事故,交叉路口,臺南市下營區仁里里友愛街段號蚵寮街,3,陰,50,交岔路,交叉路口,閃光號誌,車與車,未依規定讓車
11003ACGM2B3453,20210331,120.239912,23.184498,交通事故,其他,臺南市麻豆區段號麻佳路一段63號前,1,晴,50,單路部分,路段,無號誌,車與車,未注意車前狀態
11003ACGW1B1345,20210308,120.306334,23.218095,交通事故,其他,臺南市官田區段號台一線官田鋼鐵對向車道處,1,晴,50,單路部分,路段,閃光號誌,車與車,未保持行車安全距離
11003ACGX1B1542,20210307,120.353972,23.233115,交通事故,其他,臺南市六甲區段號中正、曾文街口,1,晴,50,交岔路,交叉路口,行車管制號誌,車與車,未依規定讓車
11003ACGX1B2040,20210304,120.351413,23.229956,交通事故,其他,臺南市六甲區段號中正路491號前,2,晴,50,交岔路,交叉路口,無號誌,車與車,左轉彎未依規定
11003ACGX1B2420,20210307,120.369574,23.230072,交通事故,其他,臺南市六甲區段號工研路8號前路口,1,晴,50,交岔路,交叉路口,無號誌,汽(機)車本身,未注意車前狀態
11003ACGX1B3255,20210325,120.341696,23.222995,交通事故,其他,臺南市六甲區段號中華路423號前,1,晴,50,單路部分,路段,無號誌,車與車,未依規定讓車
11004AC191B0003,20210401,120.230617,22.982689,交通事故,交叉路口,臺南市東區中華東路2段號中華東路2226,1,晴,40,交岔路,交叉路口,行車管制號誌,車與車,未依規定讓車
11004AC191B0005,20210401,120.228664,22.985093,交通事故,其他,臺南市東區段號裕農路288巷70弄與裕豐街84巷路口,2,晴,30,交岔路,交叉路口,無號誌,車與車,未依規定讓車
11004AC191B0007,20210401,120.245068,22.989566,交通事故,交叉路口,臺南市東區裕信路段號裕誠路,1,晴,50,交岔路,交叉路口,行車管制號誌,車與車,未依規定讓車
11004AC191B0015,20210401,120.226717,22.984638,交通事故,交叉路口,臺南市東區裕豐街段號裕豐街68,2,晴,50,單路部分,路段,無號誌,車與車,左轉彎未依規定
11004AC191B0018,20210401,120.217064,23.001029,交通事故,其他,臺南市東區段號小東路與成大醫院門診大樓停車場出入口,1,晴,50,交岔路,交叉路口,行車管制號誌(附設行人專用號誌),人與汽(機)車,未注意車前狀態
11004AC191B0019,20210401,120.235561,22.987356,交通事故,其他,臺南市東區段號富農街二段與富農街二段108巷路口,2,晴,30,交岔路,交叉路口,閃光號誌,車與車,未依規定讓車
11004AC191B0023,20210401,120.227156,22.977675,交通事故,一般地址,臺南市東區崇善路段230號,1,晴,50,交岔路,交叉路口,行車管制號誌,車與車,未注意車前狀態
11004AC191B0027,20210401,120.229434,22.973618,交通事故,一般地址,臺南市東區崇善路段537號,2,晴,50,單路部分,路段,無號誌,人與汽(機)車,未依規定行走行人穿越道、地下道、天橋而穿越道路
11004AC191B0030,20210401,120.230422,22.99899,交通事故,其他,臺南市東區段號小東路與東和路路口附近,1,晴,40,單路部分,路段,行車管制號誌(附設行人專用號誌),車與車,起步未注意其他車(人)安全
11004AC191B0039,20210401,120.224031,22.995812,交通事故,交叉路口,臺南市東區林森路2段號大學路,1,晴,50,交岔路,交叉路口,行車管制號誌,車與車,違反號誌管制或指揮
11004AC191B0050,20210401,120.226313,22.990606,交通事故,一般地址,臺南市東區東寧路段282號0,1,晴,40,單路部分,路段,無號誌,車與車,未注意車前狀態
11004AC191B0053,20210401,120.233975,22.992731,交通事故,交叉路口,臺南市東區中華東路段號凱旋路,1,晴,40,交岔路,交叉路口,行車管制號誌,車與車,違反特定標誌(線)禁制
11004AC191B0054,20210401,120.245026,22.979836,交通事故,交叉路口,臺南市東區裕信路段號裕敬路,2,晴,40,交岔路,交叉路口,行車管制號誌,車與車,未注意車前狀態
11004AC191B0065,20210401,120.226692,22.984492,交通事故,一般地址,臺南市東區裕豐街段56號,1,晴,50,單路部分,路段,無號誌,車與車,尚未發現肇事因素
11004AC191B0071,20210402,120.22756,22.984655,交通事故,其他,臺南市東區段號東門路二段301巷43弄與東門路二段301巷53弄路口,2,晴,30,交岔路,交叉路口,無號誌,車與車,未依規定讓車
11004AC191B0073,20210401,120.231731,22.998622,交通事故,交叉路口,臺南市東區小東路段號東光路2,1,晴,40,交岔路,交叉路口,行車管制號誌,汽(機)車本身,未注意車前狀態
11004AC191B0078,20210401,120.244951,22.977801,交通事故,一般地址,臺南市東區裕信路段396號,2,晴,50,單路部分,路段,無號誌,車與車,變換車道或方向不當
11004AC191B0081,20210402,120.233939,22.992751,交通事故,交叉路口,臺南市東區中華東路1段號凱旋路,1,晴,50,交岔路,交叉路口,行車管制號誌,車與車,違反號誌管制或指揮
11004AC191B0084,20210401,120.232896,22.988544,交通事故,一般地址,臺南市東區後甲圓環段號,2,晴,50,交岔路,交叉路口,行車管制號誌(附設行人專用號誌),車與車,未注意車前狀態
11004AC191B0086,20210401,120.234167,22.994677,交通事故,交叉路口,臺南市東區中華東路1段號東平路,1,晴,50,交岔路,交叉路口,行車管制號誌(附設行人專用號誌),車與車,橫越道路不慎