案件編號,發生日期,GPS經度,GPS緯度,案件類別名稱,地址類型名稱,發生縣市名稱,受傷人數,天候名稱, 速限-第1當事者,道路型態大類別名稱,事故位置大類別名稱,號誌-號誌種類名稱,事故類型及型態大類別名稱,肇因研判子類別名稱-主要
11004AC191B0089,20210402,120.246854,22.990516,交通事故,交叉路口,臺南市東區裕農路段號裕農路979,1,晴,50,交岔路,交叉路口,行車管制號誌,車與車,未依規定讓車
11004AC191B0097,20210402,120.24328,22.989745,交通事故,一般地址,臺南市東區裕農路段888號,3,晴,40,單路部分,路段,無號誌,車與車,右轉彎未依規定
11004AC191B0099,20210402,120.212044,22.981278,交通事故,交叉路口,臺南市東區大同路1段號林森路1,1,晴,50,交岔路,交叉路口,行車管制號誌,車與車,違反號誌管制或指揮
11004AC191B0102,20210402,120.21352,22.988415,交通事故,一般地址,臺南市東區東門路1段91號,1,晴,30,單路部分,路段,無號誌,車與車,其他引起事故之違規或不當行為
11004AC191B0106,20210402,120.236994,22.995695,交通事故,其他,臺南市東區段號後甲二路與平實四街口以北20公尺處,2,晴,50,單路部分,路段,無號誌,車與車,未依規定讓車
11004AC191B0127,20210402,120.231375,22.96813,交通事故,交叉路口,臺南市東區崇善路段號崇善十三街,1,晴,50,交岔路,交叉路口,行車管制號誌,車與車,其他引起事故之違規或不當行為
11004AC191B0128,20210402,120.21802,22.984172,交通事故,交叉路口,臺南市東區府連東路段號長榮路1,1,晴,40,交岔路,交叉路口,行車管制號誌(附設行人專用號誌),車與車,未注意車前狀態
11004AC191B0131,20210403,120.227493,22.970125,交通事故,交叉路口,臺南市東區崇德路段號崇德十五街,1,晴,50,交岔路,交叉路口,行車管制號誌,車與車,違反號誌管制或指揮
11004AC191B0157,20210403,120.216882,22.974505,交通事故,其他,臺南市東區段號榮譽街平交道,1,晴,15,平交道,其他,閃光號誌,汽(機)車本身,酒醉(後)駕駛失控
11004AC191B0158,20210403,120.235879,22.980229,交通事故,交叉路口,臺南市東區東成街段號東成街142,2,晴,40,交岔路,交叉路口,無號誌,車與車,起步未注意其他車(人)安全
11004AC191B0169,20210403,120.229738,22.962409,交通事故,交叉路口,臺南市東區長東街段號長東街41,1,晴,50,交岔路,交叉路口,無號誌,車與車,未依規定讓車
11004AC191B0182,20210403,120.221765,22.978046,交通事故,交叉路口,臺南市東區崇學路段號崇德路,2,晴,50,交岔路,路段,行車管制號誌(附設行人專用號誌),車與車,起步未注意其他車(人)安全
11004AC191B0184,20210403,120.227521,22.964785,交通事故,其他,臺南市東區段號崇德路與生產路口,2,晴,50,單路部分,路段,行車管制號誌(附設行人專用號誌),車與車,未注意車前狀態
11004AC191B0185,20210403,120.213153,22.993943,交通事故,交叉路口,臺南市東區民族路1段號前鋒路,2,晴,50,單路部分,路段,行車管制號誌,車與車,逆向行駛
11004AC191B0214,20210404,120.215722,22.975164,交通事故,交叉路口,臺南市東區立德二路段號立德二路54,1,晴,30,交岔路,交叉路口,無號誌,車與車,未依規定讓車
11004AC191B0225,20210404,120.234069,22.993801,交通事故,交叉路口,臺南市東區中華東路1段號莊敬路58,1,晴,60,交岔路,交叉路口,無號誌,車與車,逆向行駛
11004AC191B0227,20210404,120.229515,22.981,交通事故,交叉路口,臺南市東區中華東路段號東門路,1,晴,50,交岔路,交叉路口,行車管制號誌,車與車,右轉彎未依規定
11004AC191B0268,20210405,120.211642,22.990693,交通事故,一般地址,臺南市東區北門路1段50號0,1,晴,50,單路部分,路段,無號誌,車與車,未注意車前狀態
11004AC191B0284,20210402,120.236106,22.966605,交通事故,交叉路口,臺南市東區仁和路段888號城東街,1,晴,30,交岔路,交叉路口,行車管制號誌,車與車,違反號誌管制或指揮
11004AC191B0292,20210405,120.216986,22.987019,交通事故,一般地址,臺南市東區東門城圓環段號,2,晴,40,圓環廣場,路段,無號誌,車與車,未依規定讓車
11004AC191B0296,20210405,120.234181,22.9947,交通事故,交叉路口,臺南市東區中華東路1段號東平路,1,晴,60,交岔路,交叉路口,行車管制號誌,車與車,未依規定讓車
11004AC191B0299,20210405,120.229483,22.981056,交通事故,交叉路口,臺南市東區中華東路段號東門路,1,晴,50,交岔路,交叉路口,行車管制號誌,人與汽(機)車,違反號誌管制或指揮
11004AC191B0309,20210403,120.212281,22.997152,交通事故,一般地址,臺南市東區北門路2段4號,1,晴,50,交岔路,路段,行車管制號誌,車與車,未依規定讓車
11004AC191B0311,20210404,120.229835,22.972323,交通事故,交叉路口,臺南市東區崇善路段號崇道路,1,晴,40,交岔路,交叉路口,行車管制號誌,車與車,違反號誌管制或指揮
11004AC191B0313,20210405,120.228202,22.999683,交通事故,交叉路口,臺南市東區小東路段號光明街,2,晴,40,交岔路,交叉路口,行車管制號誌,車與車,未依規定讓車
11004AC191B0330,20210406,120.237282,22.981586,交通事故,一般地址,臺南市東區自由路3段326號,1,晴,50,單路部分,路段,無號誌,車與車,未保持行車安全距離
11004AC191B0332,20210406,120.232014,22.967289,交通事故,一般地址,臺南市東區崇善路段819號0,1,晴,50,單路部分,路段,無號誌,車與車,起步未注意其他車(人)安全
11004AC191B0353,20210406,120.230758,22.999237,交通事故,交叉路口,臺南市東區小東路段號裕永路,0,晴,50,交岔路,交叉路口,行車管制號誌,車與車,未注意車前狀態
11004AC191B0360,20210401,120.215264,22.989631,交通事故,交叉路口,臺南市東區新樓街段號東榮街,1,晴,30,交岔路,交叉路口,閃光號誌,車與車,未依規定讓車
11004AC191B0361,20210406,120.229399,22.980973,交通事故,交叉路口,臺南市東區東門路段號中華東路,1,晴,60,交岔路,交叉路口,行車管制號誌,車與車,未依規定讓車
11004AC191B0375,20210406,120.217424,22.987837,交通事故,交叉路口,臺南市東區勝利路段號長榮路2281,2,晴,40,交岔路,交叉路口,無號誌,車與車,未依規定讓車
11004AC191B0380,20210406,120.232749,22.971836,交通事故,一般地址,臺南市東區仁和路段103號,2,晴,50,交岔路,交叉路口,無號誌,車與車,左轉彎未依規定
11004AC191B0381,20210406,120.230175,22.971576,交通事故,一般地址,臺南市東區崇善路段595-1號,1,晴,40,單路部分,其他,行車管制號誌,車與車,未注意車前狀態
11004AC191B0382,20210406,120.228587,22.9949,交通事故,交叉路口,臺南市東區東安路段176號怡東路,2,晴,30,交岔路,交叉路口,無號誌,車與車,未依規定讓車
11004AC191B0384,20210406,120.227524,22.968502,交通事故,一般地址,臺南市東區崇德路段670號,2,晴,50,單路部分,路段,無號誌,車與車,逆向行駛
11004AC191B0392,20210405,120.236529,22.988522,交通事故,一般地址,臺南市東區裕農路段670之1號,2,晴,50,單路部分,路段,行車管制號誌,車與車,未保持行車安全間隔
11004AC191B0397,20210407,120.221544,22.992813,交通事故,交叉路口,臺南市東區長榮路段號東寧路15,0,晴,50,交岔路,交叉路口,行車管制號誌,車與車,違反特定標誌(線)禁制
11004AC191B0403,20210407,120.232943,22.978207,交通事故,一般地址,臺南市東區東門路3段138號,1,晴,50,單路部分,路段,無號誌,車與車,未注意車前狀態
11004AC191B0420,20210407,120.211388,22.982488,交通事故,交叉路口,臺南市東區大同路段號大同路1275,2,晴,40,交岔路,交叉路口,行車管制號誌,人與汽(機)車,未注意車前狀態
11004AC191B0421,20210407,120.228675,22.996022,交通事故,交叉路口,臺南市東區光明街段號光明街201,1,晴,50,交岔路,交叉路口,無號誌,車與車,迴轉未依規定
11004AC191B0431,20210407,120.237269,22.988735,交通事故,交叉路口,臺南市東區裕農路段號建東街,2,晴,50,交岔路,交叉路口,行車管制號誌(附設行人專用號誌),車與車,左轉彎未依規定
11004AC191B0439,20210407,120.235748,22.996803,交通事故,交叉路口,臺南市東區後甲一路段號平實一街,1,晴,50,交岔路,交叉路口,行車管制號誌,車與車,未保持行車安全距離
11004AC191B0446,20210402,120.234308,22.994656,交通事故,交叉路口,臺南市東區中華東路1段號平實五路,1,晴,40,交岔路,交叉路口,行車管制號誌,車與車,左轉彎未依規定
11004AC191B0447,20210403,120.21477,22.975832,交通事故,交叉路口,臺南市東區立德一路段號立德一路3,1,晴,30,交岔路,交叉路口,無號誌,車與車,右轉彎未依規定
11004AC191B0451,20210406,120.245016,22.981222,交通事故,交叉路口,臺南市東區裕信路段號裕忠一街,1,晴,50,交岔路,交叉路口,無號誌,車與車,未依規定讓車
11004AC191B0458,20210407,120.22739,22.990192,交通事故,交叉路口,臺南市東區東寧路段號怡東路,1,晴,40,交岔路,交叉路口,行車管制號誌,車與車,違反號誌管制或指揮
11004AC191B0472,20210407,120.223547,22.986329,交通事故,交叉路口,臺南市東區衛國街段106號衛國街10629,2,晴,30,交岔路,交叉路口,無號誌,車與車,未依規定減速
11004AC191B0474,20210406,120.22115,22.97379,交通事故,一般地址,臺南市東區中華東路3段360號,2,晴,40,單路部分,路段,行車管制號誌,車與車,未保持行車安全距離
11004AC191B0492,20210408,120.213171,23.000969,交通事故,一般地址,臺南市東區北門路2段34號,1,晴,50,單路部分,路段,無號誌,車與車,停車操作時，未注意其他車(人)安全
11004AC191B0493,20210407,120.231878,22.977001,交通事故,交叉路口,臺南市東區文化一街段號文化路,1,晴,50,交岔路,交叉路口,行車管制號誌,車與車,違反號誌管制或指揮
11004AC191B0503,20210408,120.227219,22.987547,交通事故,交叉路口,臺南市東區裕豐街段號裕豐街147,2,晴,50,交岔路,交叉路口,無號誌,車與車,未依規定讓車
11004AC191B0504,20210408,120.234747,22.998304,交通事故,交叉路口,臺南市東區中華東路段號小東路,1,晴,60,交岔路,交叉路口,行車管制號誌,車與車,未依規定讓車
11004AC191B0511,20210406,120.234092,22.967256,交通事故,一般地址,臺南市東區自由路1段61號0,1,晴,40,單路部分,路段,無號誌,汽(機)車本身,未注意車前狀態
11004AC191B0523,20210408,120.223848,22.993545,交通事故,交叉路口,臺南市東區林森路2段號長榮路366,2,晴,40,交岔路,交叉路口,行車管制號誌,車與車,未注意車前狀態
11004AC191B0530,20210408,120.222549,22.975664,交通事故,交叉路口,臺南市東區崇明十一街段號崇明十一街10,2,晴,30,交岔路,交叉路口,無號誌,車與車,未依規定讓車
11004AC191B0534,20210408,120.232329,22.985338,交通事故,一般地址,臺南市東區中華東路2段9622號,2,晴,30,單路部分,路段,無號誌,車與車,未注意車前狀態
11004AC191B0536,20210402,120.229515,22.993136,交通事故,其他,臺南市東區段號凱旋路105號前87號停車格,1,晴,0,單路部分,路段,無號誌,車與車,開啟車門不當而肇事
11004AC191B0543,20210408,120.243496,22.98342,交通事故,交叉路口,臺南市東區裕興街段號裕孝路,1,晴,50,交岔路,交叉路口,行車管制號誌,車與車,未依規定讓車
11004AC191B0545,20210408,120.237995,22.971864,交通事故,交叉路口,臺南市東區自由路2段56號東門路3338,1,晴,30,交岔路,交叉路口,無號誌,車與車,未依規定讓車
11004AC191B0547,20210408,120.237731,22.987522,交通事故,一般地址,臺南市東區裕農路段6683558號,1,晴,30,單路部分,路段,無號誌,車與車,未依規定減速
11004AC191B0549,20210408,120.233843,22.981851,交通事故,交叉路口,臺南市東區富農街1段131號中華東路224357,1,晴,30,交岔路,交叉路口,無號誌,車與車,未依規定讓車
11004AC191B0550,20210406,120.225235,22.977346,交通事故,交叉路口,臺南市東區崇德四街段號崇德四街7,1,晴,30,交岔路,交叉路口,無號誌,車與車,未依規定讓車
11004AC191B0564,20210407,120.227586,22.992473,交通事故,一般地址,臺南市東區東安路段7649號,1,晴,30,單路部分,路段,無號誌,車與車,未注意車前狀態
11004AC191B0569,20210409,120.227504,22.968397,交通事故,一般地址,臺南市東區崇德路段670號,1,晴,50,單路部分,路段,無號誌,車與車,未保持行車安全間隔
11004AC191B0580,20210408,120.221587,22.991973,交通事故,交叉路口,臺南市東區長榮路2段號東寧路,1,晴,50,交岔路,交叉路口,行車管制號誌(附設行人專用號誌),車與車,未保持行車安全距離
11004AC191B0585,20210408,120.231841,22.97334,交通事故,其他,臺南市東區段號仁和路與崇善七街口,1,晴,50,交岔路,交叉路口,無號誌,車與車,起步未注意其他車(人)安全
11004AC191B0598,20210408,120.216947,22.987197,交通事故,其他,臺南市東區段號東門城圓環(東門路1段西側出口),1,晴,40,圓環廣場,路段,無號誌,車與車,右轉彎未依規定
11004AC191B0621,20210409,120.220211,22.986159,交通事故,交叉路口,臺南市東區東門路2段號東門路2104,1,晴,50,交岔路,交叉路口,行車管制號誌,車與車,未依規定讓車
11004AC191B0627,20210409,120.230206,22.990231,交通事故,交叉路口,臺南市東區東興路段20號東寧路435,3,晴,30,交岔路,交叉路口,無號誌,車與車,未依規定讓車
11004AC191B0638,20210409,120.225988,22.990657,交通事故,交叉路口,臺南市東區東寧路段號東安路,1,晴,50,交岔路,交叉路口,行車管制號誌,車與車,未依規定讓車
11004AC191B0666,20210410,120.234156,22.99272,交通事故,交叉路口,臺南市東區中華東路1段號平實路,1,晴,60,交岔路,交叉路口,行車管制號誌(附設行人專用號誌),車與車,右轉彎未依規定
11004AC191B0667,20210409,120.214821,22.972406,交通事故,交叉路口,臺南市東區中華東路段號大同路,1,晴,60,交岔路,交叉路口,行車管制號誌,車與車,未依規定讓車
11004AC191B0669,20210410,120.215652,22.987617,交通事故,其他,臺南市東區段號東門路一段187號前,1,晴,50,單路部分,路段,無號誌,車與車,未保持行車安全距離
11004AC191B0673,20210410,120.219739,22.986258,交通事故,一般地址,臺南市東區東門路2段38號,1,晴,0,單路部分,路段,無號誌,車與車,未注意車前狀態
11004AC191B0675,20210404,120.237367,22.975778,交通事故,交叉路口,臺南市東區東門路3段號自由路2,1,陰,40,交岔路,交叉路口,行車管制號誌,車與車,未依規定讓車
11004AC191B0695,20210410,120.225119,22.989456,交通事故,交叉路口,臺南市東區林森路2段192號林森路219224,2,晴,50,交岔路,交叉路口,閃光號誌,車與車,未依規定讓車
11004AC191B0698,20210410,120.239953,22.998011,交通事故,其他,臺南市永康區段號復興路421號對面(東區),1,晴,50,單路部分,路段,無號誌,車與車,橫越道路不慎
11004AC191B0707,20210403,120.229445,22.98101,交通事故,交叉路口,臺南市東區中華東路3段號仁和路,1,晴,50,交岔路,交叉路口,行車管制號誌,車與車,右轉彎未依規定
11004AC191B0713,20210405,120.228325,22.9989,交通事故,一般地址,臺南市東區光明街段14001號,2,晴,50,交岔路,交叉路口,無號誌,車與車,起步未注意其他車(人)安全
11004AC191B0727,20210411,120.227315,22.998441,交通事故,交叉路口,臺南市東區東安路段號東和路,1,晴,50,交岔路,交叉路口,行車管制號誌,車與車,未注意車前狀態
11004AC191B0739,20210411,120.221656,22.992662,交通事故,一般地址,臺南市東區長榮路3段18號,2,晴,50,單路部分,路段,無號誌,車與車,開啟車門不當而肇事
11004AC191B0756,20210408,120.229325,22.97218,交通事故,交叉路口,臺南市東區崇道路段號崇德十二街76,3,晴,30,交岔路,交叉路口,無號誌,車與車,未依規定讓車
11004AC191B0768,20210410,120.227021,22.9865,交通事故,一般地址,臺南市東區裕豐街段103號,2,晴,50,單路部分,路段,無號誌,車與車,未保持行車安全距離
11004AC191B0778,20210411,120.228548,22.97622,交通事故,交叉路口,臺南市東區崇善路段號崇善三街,1,晴,50,交岔路,交叉路口,行車管制號誌,車與車,未依規定讓車
11004AC191B0781,20210410,120.231247,22.988805,交通事故,一般地址,臺南市東區東寧路段530號,2,晴,40,單路部分,路段,無號誌,車與車,尚未發現肇事因素
11004AC191B0790,20210405,120.219897,22.98633,交通事故,一般地址,臺南市東區東門路2段37號,1,晴,40,單路部分,路段,無號誌,汽(機)車本身,未注意車前狀態
11004AC191B0800,20210411,120.211167,22.984865,交通事故,交叉路口,臺南市東區府連路段號大同路1,2,晴,50,交岔路,交叉路口,行車管制號誌,車與車,左轉彎未依規定
11004AC191B0810,20210411,120.225934,22.998632,交通事故,一般地址,臺南市東區東和路段146號,1,晴,50,交岔路,交叉路口,無號誌,車與車,未依規定讓車
11004AC191B0821,20210412,120.230755,22.989169,交通事故,交叉路口,臺南市東區東寧路段號東光路,1,晴,50,交岔路,交叉路口,行車管制號誌(附設行人專用號誌),車與車,違反號誌管制或指揮
11004AC191B0839,20210412,120.220812,22.976774,交通事故,交叉路口,臺南市東區崇明路段號榮譽街,1,晴,50,交岔路,其他,行車管制號誌(附設行人專用號誌),人與汽(機)車,未注意車前狀態
11004AC191B0844,20210412,120.235715,22.970114,交通事故,交叉路口,臺南市東區仁東街段號利東街,1,晴,40,交岔路,交叉路口,無號誌,車與車,未依規定讓車
11004AC191B0847,20210412,120.21149,22.989315,交通事故,一般地址,臺南市東區東門路1段3號,1,晴,40,圓環廣場,其他,行車管制號誌,車與車,未保持行車安全距離
11004AC191B0849,20210408,120.217885,22.992736,交通事故,其他,臺南市東區段號勝利路台南一中前,1,晴,50,交岔路,交叉路口,閃光號誌,車與車,迴轉未依規定
11004AC191B0853,20210412,120.230885,22.987597,交通事故,一般地址,臺南市東區裕農路段389號,1,晴,30,交岔路,交叉路口,行車管制號誌,車與車,左轉彎未依規定
11004AC191B0856,20210403,120.220311,22.992124,交通事故,交叉路口,臺南市東區東寧路段號東寧路15,2,陰,40,交岔路,交叉路口,無號誌,人與汽(機)車,未依規定減速
11004AC191B0868,20210410,120.212111,22.99686,交通事故,一般地址,臺南市東區北門路2段4號0,2,晴,50,圓環廣場,其他,行車管制號誌,車與車,未注意車前狀態
11004AC191B0879,20210412,120.211548,22.989315,交通事故,一般地址,臺南市東區東門路1段3號0,2,晴,50,圓環廣場,交流道,無號誌,車與車,違反特定標誌(線)禁制
11004AC191B0884,20210412,120.236099,22.98491,交通事故,交叉路口,臺南市東區裕學路段號裕學路185,2,晴,30,交岔路,交叉路口,無號誌,車與車,未依規定讓車
11004AC191B0897,20210412,120.245101,22.979841,交通事故,交叉路口,臺南市東區裕信路段號裕敬路,3,晴,50,交岔路,交叉路口,行車管制號誌,車與車,左轉彎未依規定
11004AC191B0905,20210413,120.232776,22.978666,交通事故,一般地址,臺南市東區東門路3段129號,2,晴,40,單路部分,路段,無號誌,車與車,逆向行駛
11004AC191B0908,20210413,120.224115,22.968481,交通事故,其他,臺南市東區段號崇興路0197號路燈前(009號停車格前),1,晴,40,單路部分,路段,無號誌,車與車,未保持行車安全間隔
11004AC191B0909,20210413,120.217312,23.000994,交通事故,其他,臺南市東區段號小東路070路邊停車格,1,晴,50,單路部分,路段,無號誌,車與車,變換車道或方向不當
11004AC191B0915,20210413,120.229511,22.971682,交通事故,交叉路口,臺南市東區崇德十二街段號崇德十二街76,2,晴,30,交岔路,交叉路口,無號誌,車與車,未依規定讓車
11004AC191B0931,20210413,120.215157,23.001214,交通事故,交叉路口,臺南市東區小東路段號前鋒路,2,晴,40,單路部分,路段,無號誌,車與車,未注意車前狀態
11004AC191B0932,20210412,120.230242,22.971537,交通事故,一般地址,臺南市東區崇善路段607號,1,晴,50,交岔路,交叉路口,無號誌,車與車,未保持行車安全間隔
11004AC191B0934,20210413,120.238528,22.988822,交通事故,一般地址,臺南市東區裕農路段766號,1,晴,50,交岔路,交叉路口,行車管制號誌,車與車,違反特定標誌(線)禁制
11004AC191B0948,20210413,120.234517,22.977246,交通事故,交叉路口,臺南市東區東門路3段號東門路3226,1,晴,60,交岔路,交叉路口,行車管制號誌,車與車,未依規定讓車
11004AC191B0950,20210413,120.234598,22.99675,交通事故,交叉路口,臺南市東區中華東路段號平實一街,1,晴,40,交岔路,交叉路口,行車管制號誌(附設行人專用號誌),車與車,未保持行車安全間隔
11004AC191B0952,20210413,120.235807,22.992649,交通事故,交叉路口,臺南市東區後甲一路段號平實路,2,晴,50,交岔路,交叉路口,行車管制號誌(附設行人專用號誌),車與車,左轉彎未依規定
11004AC191B0969,20210414,120.22767,22.965507,交通事故,一般地址,臺南市東區崇德路段827號,1,晴,40,單路部分,路段,無號誌,車與車,尚未發現肇事因素
11004AC191B0983,20210413,120.227475,22.969438,交通事故,一般地址,臺南市東區崇德路段660號0,1,晴,50,單路部分,路段,無號誌,車與車,未保持行車安全距離
11004AC191B0990,20210414,120.221602,22.964882,交通事故,其他,臺南市東區段號生產路台糖前1988號燈桿,1,晴,50,單路部分,路段,無號誌,汽(機)車本身,未注意車前狀態
11004AC191B0992,20210414,120.221731,22.99373,交通事故,交叉路口,臺南市東區長榮路3段號長榮路366,1,晴,50,交岔路,交叉路口,行車管制號誌,車與車,違反號誌管制或指揮
11004AC191B0993,20210414,120.223857,22.993519,交通事故,交叉路口,臺南市東區林森路段號長榮路366,1,晴,50,交岔路,交叉路口,行車管制號誌(附設行人專用號誌),車與車,違反號誌管制或指揮
11004AC191B0997,20210414,120.221859,22.995988,交通事故,交叉路口,臺南市東區長榮路3段號大學路,1,晴,50,交岔路,交叉路口,行車管制號誌,車與車,左轉彎未依規定
11004AC191B1007,20210414,120.22186,22.995959,交通事故,交叉路口,臺南市東區大學路段號長榮路,2,晴,30,交岔路,交叉路口,行車管制號誌,車與車,未注意車前狀態
11004AC191B1008,20210414,120.229429,22.966735,交通事故,一般地址,臺南市東區崇德二十二街段26785號,1,晴,30,交岔路,交叉路口,閃光號誌,汽(機)車本身,車輪脫落或輪胎爆裂
11004AC191B1010,20210414,120.222511,22.975014,交通事故,一般地址,臺南市東區崇明路段377-1號0,2,晴,50,單路部分,路段,無號誌,車與車,迴轉未依規定
11004AC191B1039,20210414,120.234609,22.968986,交通事故,其他,臺南市東區段號仁和路與仁和路139巷路口,1,晴,50,交岔路,交叉路口,無號誌,汽(機)車本身,未注意車前狀態
11004AC191B1043,20210412,120.215918,22.967345,交通事故,交叉路口,臺南市東區大同路2段635號大同路2,3,晴,50,交岔路,交叉路口,行車管制號誌,車與車,違反號誌管制或指揮
11004AC191B1045,20210413,120.224765,22.972801,交通事故,交叉路口,臺南市東區崇明十四街段號崇明路,3,晴,50,交岔路,交叉路口,行車管制號誌,車與車,左轉彎未依規定
11004AC191B1057,20210414,120.245315,22.98496,交通事故,交叉路口,臺南市東區裕平路段號裕信路,1,晴,50,單路部分,路段,行車管制號誌,車與車,起步未注意其他車(人)安全
11004AC191B1059,20210415,120.237269,22.988735,交通事故,交叉路口,臺南市東區裕農路段號建東街,1,晴,50,交岔路,交叉路口,行車管制號誌,車與車,違反特定標誌(線)禁制
11004AC191B1082,20210406,120.219099,22.977209,交通事故,一般地址,臺南市東區崇明路段26650號,2,晴,30,交岔路,交叉路口,無號誌,車與車,未保持行車安全間隔
11004AC191B1094,20210410,120.224444,23.00044,交通事故,其他,臺南市東區段號小東路與林森路二段路口,1,晴,60,交岔路,交叉路口,行車管制號誌(附設行人專用號誌),車與車,未依規定讓車
11004AC191B1100,20210415,120.223148,22.974292,交通事故,交叉路口,臺南市東區中華東路3段號崇明路,1,晴,60,交岔路,交叉路口,行車管制號誌(附設行人專用號誌),車與車,未依規定讓車
11004AC191B1109,20210415,120.247735,22.982647,交通事故,一般地址,臺南市東區裕義路段318號,1,晴,50,單路部分,路段,無號誌,汽(機)車本身,未注意車前狀態
11004AC191B1111,20210406,120.213383,22.981246,交通事故,一般地址,臺南市東區林森路1段132號,2,晴,50,單路部分,路段,無號誌,車與車,未保持行車安全間隔
11004AC191B1114,20210414,120.228077,22.992828,交通事故,交叉路口,臺南市東區怡東路段號東安路92,2,晴,50,交岔路,交叉路口,行車管制號誌,車與車,違反號誌管制或指揮
11004AC191B1127,20210414,120.22681,22.97795,交通事故,其他,臺南市東區段號中華路三段與崇善路路口附近,1,晴,40,交岔路,交叉路口,無號誌,車與車,未保持行車安全間隔
11004AC191B1131,20210415,120.211252,22.985696,交通事故,其他,臺南市東區段號大同路一段137號前,2,晴,50,單路部分,路段,無號誌,車與車,逆向行駛
11004AC191B1143,20210407,120.226367,22.983297,交通事故,交叉路口,臺南市東區東門路2段號裕豐街,1,晴,50,交岔路,交叉路口,行車管制號誌,車與車,違反號誌管制或指揮
11004AC191B1152,20210416,120.211318,22.984796,交通事故,交叉路口,臺南市東區大同路段號府連路,1,晴,50,交岔路,交叉路口,行車管制號誌(附設行人專用號誌),車與車,違反號誌管制或指揮
11004AC191B1162,20210410,120.217429,22.982718,交通事故,交叉路口,臺南市東區林森路1段號長榮路1,2,晴,50,交岔路,交叉路口,行車管制號誌,車與車,未依規定讓車
11004AC191B1163,20210416,120.213683,22.997161,交通事故,一般地址,臺南市東區前鋒路段號,2,晴,40,單路部分,路段,無號誌,車與車,未注意車前狀態
11004AC191B1187,20210408,120.234267,22.988432,交通事故,一般地址,臺南市東區裕農路段574號,2,晴,50,交岔路,交叉路口,行車管制號誌,車與車,違反號誌管制或指揮
11004AC191B1191,20210416,120.219262,22.979634,交通事故,交叉路口,臺南市東區崇德路段號崇德一街,1,晴,50,單路部分,路段,無號誌,車與車,左轉彎未依規定
11004AC191B1200,20210416,120.213002,22.991934,交通事故,一般地址,臺南市東區前鋒路段66號,1,晴,50,交岔路,路段,無號誌,車與車,未注意車前狀態
11004AC191B1205,20210415,120.230156,22.971538,交通事故,一般地址,臺南市東區崇善路段605號,2,晴,50,單路部分,路段,無號誌,車與車,起步未注意其他車(人)安全
11004AC191B1213,20210412,120.229788,22.995265,交通事故,其他,臺南市東區段號東興路與東平路口,1,晴,50,交岔路,交叉路口,行車管制號誌,車與車,未依規定讓車
11004AC191B1218,20210409,120.211297,22.986466,交通事故,其他,臺南市東區段號大同路一段與樹林街口,2,晴,50,交岔路,交叉路口,行車管制號誌,車與車,未注意車前狀態
11004AC191B1221,20210411,120.231555,22.979569,交通事故,其他,臺南市東區段號東門路三段與東成街口,2,晴,60,交岔路,交叉路口,行車管制號誌,車與車,未注意車前狀態
11004AC191B1222,20210416,120.224287,22.976245,交通事故,其他,臺南市東區段號崇德路與崇德四街路口,3,晴,50,交岔路,交叉路口,行車管制號誌(附設行人專用號誌),車與車,違反號誌管制或指揮
11004AC191B1232,20210401,120.24351,22.98497,交通事故,交叉路口,臺南市東區裕平路段號裕孝路,1,晴,50,交岔路,交叉路口,行車管制號誌,車與車,違反號誌管制或指揮
11004AC191B1239,20210415,120.226472,22.983218,交通事故,交叉路口,臺南市東區東門路段號崇學路,1,晴,40,交岔路,交叉路口,行車管制號誌,車與車,未保持行車安全間隔
11004AC191B1241,20210414,120.211167,22.984865,交通事故,交叉路口,臺南市東區大同路1段197號大同路1,2,晴,40,交岔路,交叉路口,行車管制號誌,車與車,未依規定讓車
11004AC191B1260,20210417,120.211223,22.984174,交通事故,一般地址,臺南市東區大同路1段189號,1,晴,50,交岔路,交叉路口,行車管制號誌(附設行人專用號誌),人與汽(機)車,未注意車前狀態
11004AC191B1269,20210416,120.231657,22.969228,交通事故,交叉路口,臺南市東區崇善十二街段號崇善十二街6,2,晴,50,交岔路,交叉路口,無號誌,車與車,未依規定讓車
11004AC191B1272,20210416,120.232565,22.971946,交通事故,一般地址,臺南市東區仁和路段108-3號,1,晴,50,交岔路,路段,無號誌,車與車,未注意車前狀態
11004AC191B1275,20210416,120.215259,22.982968,交通事故,一般地址,臺南市東區林森路1段15331號,2,晴,30,單路部分,路段,無號誌,車與車,起步未注意其他車(人)安全
11004AC191B1294,20210417,120.235101,22.96352,交通事故,交叉路口,臺南市東區崇善路段號崇善十六街,1,晴,40,交岔路,交叉路口,行車管制號誌,車與車,未依規定讓車
11004AC191B1307,20210411,120.228183,22.999638,交通事故,其他,臺南市東區段號小東路與光明街口南側,1,陰,50,交岔路,交叉路口,行車管制號誌,汽(機)車本身,未注意車前狀態
11004AC191B1314,20210417,120.215813,22.986518,交通事故,交叉路口,臺南市東區光華街段號慶東街,2,晴,30,交岔路,交叉路口,無號誌,車與車,未依規定讓車
11004AC191B1318,20210417,120.229914,22.981545,交通事故,一般地址,臺南市東區中華東路2段343號0,1,晴,50,單路部分,路段,無號誌,車與車,起步未注意其他車(人)安全