案件編號,發生日期,GPS經度,GPS緯度,案件類別名稱,地址類型名稱,發生縣市名稱,受傷人數,天候名稱, 速限-第1當事者,道路型態大類別名稱,事故位置大類別名稱,號誌-號誌種類名稱,事故類型及型態大類別名稱,肇因研判子類別名稱-主要
11004AC191B1339,20210416,120.227863,22.99978,交通事故,一般地址,臺南市東區小東路段196號,1,晴,60,交岔路,交叉路口,行車管制號誌,車與車,未注意車前狀態
11004AC191B1350,20210418,120.23166,22.973733,交通事故,其他,臺南市東區段號仁和路77之1號,1,晴,50,交岔路,交叉路口,無號誌,車與車,未注意車前狀態
11004AC191B1351,20210418,120.226657,22.97801,交通事故,交叉路口,臺南市東區中華東路3段號崇善路,1,晴,40,交岔路,交叉路口,行車管制號誌,車與車,違反號誌管制或指揮
11004AC191B1361,20210417,120.22179,22.995125,交通事故,一般地址,臺南市東區長榮路3段125號,1,晴,50,交岔路,交叉路口,閃光號誌,車與車,未依規定讓車
11004AC191B1370,20210417,120.220437,22.995993,交通事故,一般地址,臺南市東區大學路段14號,1,晴,30,單路部分,路段,無號誌,車與車,開啟車門不當而肇事
11004AC191B1374,20210414,120.231893,22.988705,交通事故,一般地址,臺南市東區東寧路段554號,1,晴,40,單路部分,路段,無號誌,車與車,未保持行車安全間隔
11004AC191B1377,20210418,120.243491,22.987793,交通事故,交叉路口,臺南市東區裕孝路段號裕和路,2,晴,50,交岔路,交叉路口,行車管制號誌,車與車,左轉彎未依規定
11004AC191B1381,20210418,120.236457,22.988637,交通事故,交叉路口,臺南市東區裕農路段668號裕農路66835,2,晴,30,交岔路,交叉路口,閃光號誌,車與車,未依規定讓車
11004AC191B1382,20210406,120.213061,22.988353,交通事故,其他,臺南市東區段號東門路一段機車地下道(西向東),1,晴,40,單路部分,路段,無號誌,車與車,未保持行車安全間隔
11004AC191B1384,20210418,120.216176,22.995603,交通事故,一般地址,臺南市東區育樂街段63號0,1,晴,50,單路部分,路段,無號誌,車與車,未保持行車安全間隔
11004AC191B1402,20210418,120.233898,22.996347,交通事故,交叉路口,臺南市東區東平路段12號莊敬路158,1,陰,30,交岔路,交叉路口,無號誌,車與車,起步未注意其他車(人)安全
11004AC191B1413,20210419,120.225598,22.970233,交通事故,一般地址,臺南市東區崇明路段700號,1,晴,50,交岔路,交叉路口,無號誌,車與車,未依規定讓車
11004AC191B1415,20210419,120.225743,22.977069,交通事故,一般地址,臺南市東區中華東路3段176號,1,晴,60,單路部分,路段,無號誌,車與車,變換車道或方向不當
11004AC191B1420,20210419,120.223267,22.979708,交通事故,其他,臺南市東區段號崇學國小大門口前,1,晴,50,交岔路,交叉路口,行車管制號誌,車與車,未注意車前狀態
11004AC191B1430,20210417,120.219004,22.982977,交通事故,一般地址,臺南市東區林森路1段276號,2,晴,50,單路部分,路段,無號誌,車與車,未注意車前狀態
11004AC191B1442,20210417,120.215891,22.984506,交通事故,交叉路口,臺南市東區府連路段344號府連路3261,2,晴,30,交岔路,交叉路口,無號誌,車與車,未依規定讓車
11004AC191B1446,20210419,120.212058,22.995638,交通事故,一般地址,臺南市東區北門路1段286號,1,晴,50,交岔路,交叉路口,無號誌,車與車,未依規定讓車
11004AC191B1447,20210419,120.225584,22.97209,交通事故,交叉路口,臺南市東區崇明路段號崇道路,1,晴,50,交岔路,交叉路口,行車管制號誌,車與車,未依規定讓車
11004AC191B1453,20210419,120.245038,22.990129,交通事故,交叉路口,臺南市東區裕農路段號裕信路,1,晴,50,交岔路,交叉路口,行車管制號誌,車與車,右轉彎未依規定
11004AC191B1457,20210419,120.236319,22.990717,交通事故,一般地址,臺南市東區後甲里10裕農路段6217289號0,1,晴,30,交岔路,交叉路口,無號誌,車與車,未依規定讓車
11004AC191B1458,20210418,120.227696,22.989834,交通事故,交叉路口,臺南市東區林森路2段192號裕豐街,3,晴,30,交岔路,交叉路口,無號誌,車與車,未注意車前狀態
11004AC191B1459,20210416,120.227546,22.984651,交通事故,交叉路口,臺南市東區裕豐街段68號東門路230143,2,晴,30,交岔路,交叉路口,無號誌,車與車,未依規定讓車
11004AC191B1472,20210419,120.220199,22.973395,交通事故,其他,臺南市東區段號中華路橋東向車道,1,晴,50,單路部分,路段,無號誌,車與車,未保持行車安全距離
11004AC191B1473,20210419,120.232678,22.974415,交通事故,一般地址,臺南市東區仁和路段73-19號,2,晴,30,交岔路,交叉路口,無號誌,車與車,未依規定讓車
11004AC191B1476,20210419,120.233327,22.991864,交通事故,交叉路口,臺南市東區中華東路1段號凱旋路,1,晴,60,交岔路,交叉路口,行車管制號誌,車與車,未保持行車安全距離
11004AC191B1510,20210415,120.234645,22.998337,交通事故,交叉路口,臺南市東區小東路段號中華東路1,1,晴,40,交岔路,交叉路口,行車管制號誌(附設行人專用號誌),車與車,未保持行車安全距離
11004AC191B1513,20210419,120.220164,22.983614,交通事故,交叉路口,臺南市東區林森路1段號府連東路,1,晴,50,交岔路,交叉路口,行車管制號誌,車與車,未依規定讓車
11004AC191B1515,20210420,120.232871,22.987434,交通事故,其他,臺南市東區段號中華東路二段73巷與中華東路二段7巷路口,2,晴,30,交岔路,交叉路口,無號誌,車與車,未依規定讓車
11004AC191B1520,20210420,120.224593,22.991103,交通事故,交叉路口,臺南市東區東寧路段號林森路2,2,晴,40,交岔路,交叉路口,行車管制號誌,車與車,未保持行車安全距離
11004AC191B1521,20210417,120.227519,22.966946,交通事故,一般地址,臺南市東區崇德路段777號,1,晴,50,單路部分,路段,無號誌,車與車,未注意車前狀態
11004AC191B1535,20210416,120.22353,22.991414,交通事故,交叉路口,臺南市東區林森路2段號東寧路,1,晴,50,交岔路,交叉路口,閃光號誌,車與車,未依規定讓車
11004AC191B1541,20210411,120.225314,22.98415,交通事故,交叉路口,臺南市東區東門路段號東門路2239,1,晴,50,交岔路,交叉路口,閃光號誌,車與車,左轉彎未依規定
11004AC191B1542,20210419,120.231564,22.967962,交通事故,一般地址,臺南市東區崇善路段767號,1,晴,50,單路部分,路段,無號誌,車與車,未依規定讓車
11004AC191B1584,20210420,120.227494,22.968692,交通事故,交叉路口,臺南市東區崇德路段號崇德十八街,2,晴,50,交岔路,交叉路口,無號誌,車與車,未依規定讓車
11004AC191B1593,20210417,120.221779,22.994078,交通事故,一般地址,臺南市東區長榮路3段78號,1,晴,50,單路部分,路段,無號誌,車與車,逆向行駛
11004AC191B1604,20210420,120.225889,22.983669,交通事故,其他,臺南市東區段號東門路二段308號前,1,晴,0,交岔路,交叉路口,無號誌,人與汽(機)車,未依規定行走行人穿越道、地下道、天橋而穿越道路
11004AC191B1619,20210420,120.214814,22.987034,交通事故,交叉路口,臺南市東區府東街段號光華街229,2,晴,50,交岔路,交叉路口,閃光號誌,車與車,未依規定讓車
11004AC191B1623,20210420,120.239555,22.989235,交通事故,一般地址,臺南市東區裕農路段801號,1,晴,40,交岔路,交叉路口,行車管制號誌,車與車,違反號誌管制或指揮
11004AC191B1629,20210420,120.235778,22.994694,交通事故,其他,臺南市東區段號後甲一路與平實五路路口,1,晴,50,交岔路,交叉路口,閃光號誌,汽(機)車本身,未注意車前狀態
11004AC191B1631,20210420,120.231981,22.985291,交通事故,交叉路口,臺南市東區裕農路段446號中華東路296,1,晴,30,交岔路,交叉路口,無號誌,車與車,未依規定讓車
11004AC191B1635,20210420,120.225225,22.983964,交通事故,交叉路口,臺南市東區富德街段號德光街,2,晴,50,交岔路,交叉路口,閃光號誌,車與車,未依規定讓車
11004AC191B1664,20210421,120.233287,22.998473,交通事故,交叉路口,臺南市東區小東路段號莊敬路,1,晴,50,交岔路,交叉路口,行車管制號誌,車與車,違反號誌管制或指揮
11004AC191B1673,20210419,120.218049,22.99449,交通事故,一般地址,臺南市東區勝利路段115號,1,晴,40,單路部分,路段,無號誌,車與車,起步未注意其他車(人)安全
11004AC191B1675,20210420,120.238325,22.982878,交通事故,一般地址,臺南市東區裕文路段49號,3,晴,50,交岔路,交叉路口,行車管制號誌,車與車,右轉彎未依規定
11004AC191B1684,20210420,120.229366,22.999334,交通事故,交叉路口,臺南市東區小東路段號東興路,1,晴,40,交岔路,交叉路口,行車管制號誌,車與車,未保持行車安全間隔
11004AC191B1687,20210420,120.217429,22.982709,交通事故,交叉路口,臺南市東區林森路1段號崇德路,2,晴,40,交岔路,交叉路口,行車管制號誌(附設行人專用號誌),車與車,未保持行車安全距離
11004AC191B1689,20210420,120.217928,22.995895,交通事故,一般地址,臺南市東區勝利路段173號,1,晴,40,交岔路,交叉路口,無號誌,人與汽(機)車,未注意車前狀態
11004AC191B1695,20210421,120.24,22.989157,交通事故,一般地址,臺南市東區裕農路段818號,1,晴,50,單路部分,路段,無號誌,車與車,未注意車前狀態
11004AC191B1699,20210420,120.226574,22.992998,交通事故,交叉路口,臺南市東區東安路段號東安路92,1,晴,50,交岔路,交叉路口,無號誌,車與車,左轉彎未依規定
11004AC191B1713,20210421,120.234108,22.992733,交通事故,交叉路口,臺南市東區中華東路段號平實路,1,晴,60,交岔路,交叉路口,行車管制號誌(附設行人專用號誌),車與車,未保持行車安全間隔
11004AC191B1718,20210408,120.221677,22.993738,交通事故,交叉路口,臺南市東區長榮路3段號長榮路341,2,晴,50,交岔路,交叉路口,行車管制號誌(附設行人專用號誌),車與車,未注意車前狀態
11004AC191B1723,20210421,120.230721,22.989141,交通事故,其他,臺南市東區段號東寧路與東寧路512巷路口,1,晴,40,交岔路,交叉路口,行車管制號誌(附設行人專用號誌),汽(機)車本身,未注意車前狀態
11004AC191B1724,20210421,120.225719,22.968983,交通事故,一般地址,臺南市東區崇明路段718號,2,晴,40,交岔路,交叉路口,閃光號誌,車與車,未保持行車安全距離
11004AC191B1728,20210420,120.221347,22.981988,交通事故,一般地址,臺南市東區崇善路段55號,1,晴,40,單路部分,路段,行車管制號誌,汽(機)車本身,未注意車前狀態
11004AC191B1749,20210421,120.23384,22.995791,交通事故,交叉路口,臺南市東區莊敬路段136號東平路12,1,晴,30,交岔路,交叉路口,無號誌,車與車,未依規定讓車
11004AC191B1752,20210421,120.231236,22.968503,交通事故,交叉路口,臺南市東區崇善路段號崇德十九街,2,晴,50,交岔路,交叉路口,無號誌,車與車,未依規定讓車
11004AC191B1753,20210421,120.221905,22.995984,交通事故,交叉路口,臺南市東區大學路段號長榮路3,2,晴,30,交岔路,交叉路口,行車管制號誌,車與車,未依規定讓車
11004AC191B1756,20210417,120.223992,22.975941,交通事故,交叉路口,臺南市東區崇明十二街段號崇明十一街52,1,晴,30,交岔路,路段,無號誌,車與車,開啟車門不當而肇事
11004AC191B1759,20210417,120.228548,22.97622,交通事故,交叉路口,臺南市東區崇善路段號崇善三街,1,晴,50,交岔路,交叉路口,行車管制號誌,車與車,未依規定讓車
11004AC191B1762,20210421,120.227506,22.968691,交通事故,交叉路口,臺南市東區崇德路段號崇德十八街,1,晴,50,交岔路,交叉路口,無號誌,車與車,未依規定讓車
11004AC191B1764,20210410,120.235772,22.991022,交通事故,交叉路口,臺南市東區後甲一路段號瑞吉街東門路與自由路口往東10公尺處,1,晴,30,交岔路,交叉路口,行車管制號誌,汽(機)車本身,未注意車前狀態
11004AC191B1784,20210421,120.237338,22.975173,交通事故,交叉路口,臺南市東區自由路2段號自由路2209,1,晴,50,交岔路,交叉路口,無號誌,車與車,未依規定讓車
11004AC191B1786,20210421,120.232815,22.988537,交通事故,交叉路口,臺南市東區東寧路段號裕農路,1,晴,50,交岔路,交叉路口,行車管制號誌,車與車,左轉彎未依規定
11004AC191B1793,20210422,120.223301,22.9817,交通事故,交叉路口,臺南市東區崇學路段221號德光街,1,晴,30,交岔路,交叉路口,無號誌,車與車,未依規定讓車
11004AC191B1795,20210410,120.224031,22.995812,交通事故,交叉路口,臺南市東區林森路2段號大學路,1,晴,50,交岔路,交叉路口,行車管制號誌,車與車,變換車道或方向不當
11004AC191B1816,20210420,120.230632,22.961347,交通事故,交叉路口,臺南市東區長東街段131號德東街143,2,晴,30,交岔路,交叉路口,無號誌,車與車,未依規定讓車
11004AC191B1817,20210422,120.218351,22.998443,交通事故,其他,臺南市東區段號成功大學光復校區側門前(勝利路路段),1,晴,40,單路部分,路段,無號誌,車與車,未保持行車安全間隔
11004AC191B1831,20210422,120.233359,22.982274,交通事故,一般地址,臺南市東區富農街1段1313號,1,晴,30,交岔路,交叉路口,無號誌,車與車,未依規定讓車
11004AC191B1837,20210415,120.224683,22.972896,交通事故,一般地址,臺南市東區崇明路段467號,2,陰,50,單路部分,路段,行車管制號誌,人與汽(機)車,未依規定行走行人穿越道、地下道、天橋而穿越道路
11004AC191B1850,20210422,120.217653,22.990264,交通事故,一般地址,臺南市東區勝利路段55號,1,晴,50,交岔路,交叉路口,無號誌,車與車,迴轉未依規定
11004AC191B1871,20210422,120.221499,22.98572,交通事故,交叉路口,臺南市東區東門路2段號東門路2158,1,晴,50,交岔路,交叉路口,閃光號誌,車與車,未依規定讓車
11004AC191B1882,20210412,120.231573,22.967573,交通事故,一般地址,臺南市東區崇善路段688號,1,晴,50,交岔路,交叉路口,無號誌,車與車,未依規定讓車
11004AC191B1887,20210422,120.240074,22.992937,交通事故,交叉路口,臺南市東區裕永路段號平實路,1,晴,50,交岔路,交叉路口,行車管制號誌,車與車,起步未注意其他車(人)安全
11004AC191B1895,20210422,120.222463,22.991718,交通事故,交叉路口,臺南市東區東寧路段號東寧路134,1,晴,40,交岔路,交叉路口,行車管制號誌,車與車,違反號誌管制或指揮
11004AC191B1907,20210423,120.234309,22.98826,交通事故,一般地址,臺南市東區裕農路段572號,1,晴,50,交岔路,路段,行車管制號誌,車與車,未依規定讓車
11004AC191B1930,20210422,120.243103,22.989757,交通事故,交叉路口,臺南市東區裕農路段號裕孝路,1,晴,50,交岔路,交叉路口,行車管制號誌,車與車,迴轉未依規定
11004AC191B1959,20210423,120.233695,22.994751,交通事故,其他,臺南市東區段號東平路與東平路9巷路口,2,晴,50,交岔路,交叉路口,閃光號誌,車與車,未依規定讓車
11004AC191B1960,20210419,120.225968,22.990644,交通事故,交叉路口,臺南市東區東寧路段號東安路,1,晴,50,交岔路,交叉路口,行車管制號誌,車與車,未保持行車安全間隔
11004AC191B1967,20210423,120.222878,22.976059,交通事故,交叉路口,臺南市東區崇明十一街段號崇明十一街52,2,晴,30,交岔路,交叉路口,無號誌,車與車,未依規定讓車
11004AC191B1971,20210423,120.224288,22.98479,交通事故,交叉路口,臺南市東區東門路2段號裕農路,1,晴,50,交岔路,交叉路口,行車管制號誌(附設行人專用號誌),車與車,其他引起事故之違規或不當行為
11004AC191B1975,20210423,120.226797,22.981443,交通事故,交叉路口,臺南市東區崇信街段號崇信街51,2,晴,50,交岔路,交叉路口,無號誌,車與車,不明原因肇事
11004AC191B1982,20210423,120.233984,22.996847,交通事故,一般地址,臺南市東區中華東路1段8013號,2,晴,50,交岔路,交叉路口,無號誌,車與車,未依規定讓車
11004AC191B1985,20210424,120.218549,23.000891,交通事故,交叉路口,臺南市東區勝利路段號小東路,1,晴,40,交岔路,交叉路口,行車管制號誌(附設行人專用號誌),車與車,未依規定讓車
11004AC191B1989,20210410,120.236394,22.983094,交通事故,一般地址,臺南市東區裕學路段185138號,1,晴,30,交岔路,交叉路口,無號誌,車與車,未依規定讓車
11004AC191B1992,20210417,120.225054,22.984342,交通事故,一般地址,臺南市東區東門路2段227號,2,晴,50,單路部分,路段,無號誌,車與車,未注意車前狀態
11004AC191B1998,20210421,120.228509,22.975735,交通事故,一般地址,臺南市東區崇善路段356號,2,晴,40,單路部分,路段,行車管制號誌,車與車,違反特定標誌(線)禁制
11004AC191B2006,20210424,120.215263,22.98963,交通事故,其他,臺南市東區段號新樓街與東榮街路口,1,晴,50,交岔路,交叉路口,閃光號誌,車與車,未依規定讓車
11004AC191B2012,20210422,120.229548,22.981098,交通事故,交叉路口,臺南市東區中華東路2段號東門路3,1,晴,40,交岔路,交叉路口,行車管制號誌(附設行人專用號誌),車與車,未注意車前狀態
11004AC191B2032,20210423,120.229244,22.993209,交通事故,交叉路口,臺南市東區東興路段號凱旋路,2,晴,50,交岔路,交叉路口,行車管制號誌(附設行人專用號誌),車與車,未注意車前狀態
11004AC191B2036,20210420,120.238249,22.988875,交通事故,交叉路口,臺南市東區裕農路段號裕農一街,2,晴,50,交岔路,交叉路口,行車管制號誌,車與車,違反號誌管制或指揮
11004AC191B2054,20210424,120.239634,22.983996,交通事故,一般地址,臺南市東區裕農三街段173號,2,晴,50,單路部分,路段,無號誌,人與汽(機)車,未依規定行走行人穿越道、地下道、天橋而穿越道路
11004AC191B2066,20210417,120.230329,22.965409,交通事故,交叉路口,臺南市東區生產路段號生產路534,1,晴,40,交岔路,交叉路口,無號誌,汽(機)車本身,未注意車前狀態
11004AC191B2068,20210423,120.217986,22.979184,交通事故,交叉路口,臺南市東區崇明路段號崇明七街,3,晴,30,交岔路,交叉路口,無號誌,車與車,未依規定讓車
11004AC191B2071,20210417,120.213776,22.988172,交通事故,一般地址,臺南市東區東門路1段84號,2,晴,40,交岔路,交叉路口,無號誌,車與車,未依規定讓車
11004AC191B2081,20210425,120.234647,22.988546,交通事故,一般地址,臺南市東區裕農路段588號0,2,晴,50,交岔路,交叉路口,無號誌,車與車,未依規定讓車
11004AC191B2082,20210419,120.24777,22.986758,交通事故,其他,臺南市東區段號裕義路與裕英路口,1,晴,50,交岔路,交叉路口,行車管制號誌,汽(機)車本身,不明原因肇事
11004AC191B2083,20210423,120.227887,22.990029,交通事故,其他,臺南市東區段號東寧路與裕豐街口,1,晴,50,交岔路,交叉路口,行車管制號誌(附設行人專用號誌),車與車,未注意車前狀態
11004AC191B2102,20210424,120.223865,22.993566,交通事故,其他,臺南市東區段號林森路二段與長榮路三段66巷口,3,晴,50,交岔路,交叉路口,行車管制號誌,車與車,未注意車前狀態
11004AC191B2113,20210424,120.229769,22.98411,交通事故,交叉路口,臺南市東區東門路2段301號東門路2301120,2,晴,30,交岔路,交叉路口,無號誌,車與車,未依規定讓車
11004AC191B2119,20210423,120.217533,22.972813,交通事故,其他,臺南市東區段號中華陸橋上(西向東),3,晴,50,單路部分,路段,無號誌,人與汽(機)車,未保持行車安全間隔
11004AC191B2128,20210418,120.226472,22.983218,交通事故,交叉路口,臺南市東區東門路段號崇學路,2,晴,50,交岔路,交叉路口,行車管制號誌,車與車,未依規定讓車
11004AC191B2129,20210423,120.212289,22.997455,交通事故,其他,臺南市東區段號北門路台南火ˋ車站前,1,晴,50,交岔路,交叉路口,無號誌,車與車,未依規定讓車
11004AC191B2134,20210425,120.237456,22.973296,交通事故,交叉路口,臺南市東區自由路2段175號自由路,1,晴,50,交岔路,交叉路口,行車管制號誌,車與車,違反號誌管制或指揮
11004AC191B2137,20210420,120.230857,22.989654,交通事故,其他,臺南市東區段號東光路一段與東光路一段5巷南側8公尺處,1,晴,50,單路部分,路段,無號誌,車與車,未保持行車安全間隔
11004AC191B2141,20210413,120.221865,22.985637,交通事故,交叉路口,臺南市東區東門路2段號衛國街,1,晴,50,交岔路,交叉路口,無號誌,車與車,未依規定讓車
11004AC191B2144,20210419,120.23049,22.989221,交通事故,一般地址,臺南市東區東寧路段498號,1,晴,40,單路部分,路段,無號誌,車與車,橫越道路不慎
11004AC191B2149,20210424,120.216124,22.967354,交通事故,一般地址,臺南市東區大同路2段643號,2,晴,40,交岔路,交叉路口,行車管制號誌,車與車,未保持行車安全距離
11004AC191B2156,20210425,120.215402,22.992675,交通事故,一般地址,臺南市東區東寧路西段段56號,1,晴,40,交岔路,交叉路口,無號誌,車與車,未依規定讓車
11004AC191B2157,20210425,120.217981,22.993972,交通事故,其他,臺南市東區段號勝利路(台南一中門口),1,陰,50,交岔路,交叉路口,閃光號誌,車與車,橫越道路不慎
11004AC191B2164,20210407,120.230326,22.982288,交通事故,一般地址,臺南市東區中華東路2段236號,2,晴,40,交岔路,交叉路口,行車管制號誌,車與車,未注意車前狀態
11004AC191B2184,20210421,120.23065,22.980256,交通事故,交叉路口,臺南市東區東門路3段號東門路337,2,晴,40,交岔路,交叉路口,行車管制號誌,車與車,左轉彎未依規定
11004AC191B2187,20210426,120.227773,22.979515,交通事故,其他,臺南市東區段號中華東路與崇信街口往西13公尺處,1,晴,50,單路部分,路段,無號誌,車與車,未注意車前狀態
11004AC191B2195,20210422,120.225721,22.964966,交通事故,交叉路口,臺南市東區崇明路段號生產路,2,晴,50,交岔路,交叉路口,行車管制號誌,車與車,變換車道或方向不當
11004AC191B2201,20210425,120.219509,22.992186,交通事故,一般地址,臺南市東區東寧路段26號,1,晴,40,單路部分,路段,無號誌,車與車,未保持行車安全距離
11004AC191B2202,20210413,120.220239,22.986189,交通事故,交叉路口,臺南市東區東門路2段號東門路243,1,晴,50,交岔路,交叉路口,行車管制號誌,車與車,未保持行車安全距離
11004AC191B2203,20210426,120.220874,22.982287,交通事故,其他,臺南市東區段號崇善路與崇善路25巷口,2,晴,40,交岔路,交叉路口,行車管制號誌,車與車,未注意車前狀態
11004AC191B2209,20210426,120.247887,22.990714,交通事故,交叉路口,臺南市東區高速二街段號裕農路,1,晴,50,交岔路,交叉路口,行車管制號誌,汽(機)車本身,未注意車前狀態
11004AC191B2214,20210425,120.213669,22.99733,交通事故,其他,臺南市東區段號火車站後站(前鋒路),1,陰,50,單路部分,路段,行車管制號誌,車與車,違反特定標誌(線)禁制
11004AC191B2218,20210424,120.230647,22.98264,交通事故,交叉路口,臺南市東區中華東路2段號中華東路2226,1,晴,60,交岔路,交叉路口,行車管制號誌,車與車,左轉彎未依規定
11004AC191B2221,20210426,120.237988,22.986015,交通事故,一般地址,臺南市東區裕農路段72669號0,1,晴,30,交岔路,交叉路口,無號誌,汽(機)車本身,未依規定減速
11004AC191B2224,20210414,120.217614,22.989451,交通事故,交叉路口,臺南市東區勝利路段號懷恩街,2,晴,50,交岔路,交叉路口,行車管制號誌,車與車,未注意車前狀態
11004AC191B2235,20210414,120.222002,22.986471,交通事故,一般地址,臺南市東區衛國街段15號2,1,晴,30,交岔路,交叉路口,無號誌,車與車,未依規定讓車
11004AC191B2254,20210426,120.21598,22.967391,交通事故,交叉路口,臺南市東區大同路2段號大同路2635,2,晴,60,交岔路,交叉路口,行車管制號誌(附設行人專用號誌),車與車,違反號誌管制或指揮
11004AC191B2271,20210423,120.218987,22.986447,交通事故,一般地址,臺南市東區東門路2段2號,1,晴,40,單路部分,路段,無號誌,車與車,變換車道或方向不當
11004AC191B2274,20210425,120.247764,22.990612,交通事故,交叉路口,臺南市東區裕農路段號裕義路,1,陰,50,交岔路,交叉路口,行車管制號誌,車與車,未注意車前狀態
11004AC191B2281,20210427,120.226809,22.981434,交通事故,交叉路口,臺南市東區崇信街段號崇信街51,1,晴,50,交岔路,交叉路口,無號誌,車與車,未依規定讓車
11004AC191B2296,20210426,120.227493,22.971619,交通事故,交叉路口,臺南市東區崇德路段號崇德十二街,1,陰,40,交岔路,交叉路口,行車管制號誌,車與車,未注意車前狀態
11004AC191B2329,20210427,120.222421,22.97887,交通事故,一般地址,臺南市東區崇學路段125號,1,晴,50,單路部分,路段,無號誌,車與車,違反特定標誌(線)禁制
11004AC191B2334,20210426,120.217846,22.986707,交通事故,一般地址,臺南市東區東門路1段342號,1,晴,40,圓環廣場,其他,無號誌,車與車,未保持行車安全間隔
11004AC191B2341,20210427,120.220998,22.996032,交通事故,交叉路口,臺南市東區大學路段號大學路22,2,雨,50,交岔路,交叉路口,無號誌,車與車,未保持行車安全間隔
11004AC191B2345,20210427,120.233567,22.98747,交通事故,交叉路口,臺南市東區中華東路2段號中華東路241,1,晴,60,交岔路,交叉路口,行車管制號誌(附設行人專用號誌),車與車,未依規定讓車
11004AC191B2347,20210427,120.234487,22.969063,交通事故,一般地址,臺南市東區仁和路段182號,2,晴,50,單路部分,路段,無號誌,人與汽(機)車,未注意車前狀態
11004AC191B2348,20210426,120.226495,22.998453,交通事故,一般地址,臺南市東區東和路段120號,2,晴,40,交岔路,交叉路口,無號誌,車與車,逆向行駛
11004AC191B2349,20210427,120.216329,22.98936,交通事故,交叉路口,臺南市東區慶東街段號新樓街,2,晴,50,交岔路,交叉路口,無號誌,車與車,未依規定讓車
11004AC191B2360,20210427,120.224731,22.975923,交通事故,交叉路口,臺南市東區中華東路3段號崇德路,2,晴,50,交岔路,交叉路口,行車管制號誌,車與車,未依規定讓車
11004AC191B2377,20210427,120.218219,22.997064,交通事故,其他,臺南市東區段號成大光復校區中正堂停車場出口(勝利路上),1,晴,50,單路部分,路段,無號誌,車與車,未依規定讓車
11004AC191B2378,20210414,120.224391,22.991019,交通事故,其他,臺南市東區段號林森路二段台北富邦銀行(東寧路186號)前,1,晴,50,單路部分,路段,行車管制號誌,車與車,變換車道或方向不當
11004AC191B2396,20210415,120.221138,22.991262,交通事故,一般地址,臺南市東區長榮路2段137號6,1,晴,50,單路部分,路段,無號誌,車與車,變換車道或方向不當
11004AC191B2397,20210427,120.230822,22.986448,交通事故,交叉路口,臺南市東區裕農路段44652號裕農路44670,2,雨,30,交岔路,交叉路口,無號誌,車與車,未依規定讓車
11004AC191B2398,20210418,120.230293,22.982931,交通事故,一般地址,臺南市東區中華東路2段2262715號,2,晴,30,交岔路,交叉路口,閃光號誌,車與車,未依規定讓車
11004AC191B2401,20210427,120.234618,22.998317,交通事故,交叉路口,臺南市東區小東路段號中華東路1,1,晴,50,交岔路,交叉路口,無號誌,車與車,未依規定讓車
11004AC191B2403,20210428,120.232848,22.9803,交通事故,交叉路口,臺南市東區東成街段71號東門路3376,2,晴,30,交岔路,交叉路口,無號誌,車與車,未依規定讓車
11004AC191B2423,20210425,120.242573,22.989677,交通事故,一般地址,臺南市東區裕農路段855號,1,雨,40,單路部分,路段,無號誌,汽(機)車本身,其他引起事故之違規或不當行為
11004AC191B2427,20210426,120.219071,22.992245,交通事故,其他,臺南市東區段號東寧路18之2號對面,1,晴,50,單路部分,路段,無號誌,車與車,開啟車門不當而肇事
11004AC191B2435,20210426,120.238004,22.97185,交通事故,交叉路口,臺南市東區東門路3段388號自由路256,2,晴,30,交岔路,交叉路口,無號誌,車與車,未依規定讓車
11004AC191B2449,20210428,120.217429,22.982548,交通事故,交叉路口,臺南市東區林森路段號長榮路,1,晴,50,交岔路,交叉路口,行車管制號誌,車與車,未依規定讓車
11004AC191B2450,20210427,120.227764,22.975455,交通事故,一般地址,臺南市東區崇德七街段49號,2,陰,30,交岔路,交叉路口,無號誌,車與車,未依規定讓車
11004AC191B2461,20210428,120.230289,22.993076,交通事故,其他,臺南市東區段號凱旋路39號前,2,晴,40,單路部分,路段,無號誌,車與車,未依規定讓車
11004AC191B2462,20210428,120.212441,22.998512,交通事故,交叉路口,臺南市東區北門路2段號北忠街,1,晴,50,交岔路,交叉路口,行車管制號誌(附設行人專用號誌),車與車,違反號誌管制或指揮
11004AC191B2467,20210428,120.2218,22.970585,交通事故,交叉路口,臺南市東區巴克禮路段號崇賢七路,2,晴,30,交岔路,交叉路口,行車管制號誌,車與車,未注意車前狀態
11004AC191B2474,20210423,120.216893,22.972789,交通事故,一般地址,臺南市東區中華陸橋段號,1,晴,40,單路部分,路段,無號誌,車與車,未注意車前狀態
11004AC191B2476,20210423,120.235715,22.971783,交通事故,一般地址,臺南市東區仁和路段109101號,2,晴,30,單路部分,路段,無號誌,人與汽(機)車,穿越道路未注意左右來車
11004AC191B2477,20210428,120.221792,22.972416,交通事故,交叉路口,臺南市東區巴克禮路段號中華東路339929,1,晴,30,交岔路,交叉路口,閃光號誌,車與車,未注意車前狀態
11004AC191B2478,20210428,120.218549,23.000891,交通事故,交叉路口,臺南市東區小東路段號勝利路,1,晴,40,交岔路,交叉路口,行車管制號誌(附設行人專用號誌),車與車,未依規定讓車