案件編號,發生日期,GPS經度,GPS緯度,案件類別名稱,地址類型名稱,發生縣市名稱,受傷人數,天候名稱, 速限-第1當事者,道路型態大類別名稱,事故位置大類別名稱,號誌-號誌種類名稱,事故類型及型態大類別名稱,肇因研判子類別名稱-主要
11004AC191B2482,20210417,120.23451,22.997381,交通事故,一般地址,臺南市東區中華東路1段22號,1,晴,40,單路部分,路段,無號誌,車與車,未注意車前狀態
11004AC191B2508,20210425,120.235623,22.984858,交通事故,其他,臺南市東區段號富農街一段與裕學路口,1,雨,50,交岔路,交叉路口,行車管制號誌,車與車,未依規定讓車
11004AC191B2516,20210428,120.232672,22.984726,交通事故,一般地址,臺南市東區中華東路2段191號0,1,晴,60,交岔路,交叉路口,無號誌,車與車,開啟車門不當而肇事
11004AC191B2518,20210429,120.211532,22.987933,交通事故,一般地址,臺南市東區大同路1段49之1號,1,雨,50,單路部分,路段,無號誌,車與車,未依規定讓車
11004AC191B2519,20210429,120.231311,22.974237,交通事故,其他,臺南市東區段號仁和路84之2號前,2,晴,50,單路部分,路段,無號誌,車與車,逆向行駛
11004AC191B2525,20210428,120.212296,22.997798,交通事故,一般地址,臺南市東區北門路2段12號,1,晴,50,單路部分,路段,無號誌,車與車,變換車道或方向不當
11004AC191B2532,20210429,120.212294,22.997148,交通事故,其他,臺南市東區段號台南火車站前(北門路上),1,晴,50,交岔路,交叉路口,無號誌,車與車,未依規定讓車
11004AC191B2536,20210428,120.245065,22.99017,交通事故,其他,臺南市東區段號裕農路與裕農六街路口,1,晴,50,交岔路,交叉路口,行車管制號誌,車與車,未依規定讓車
11004AC191B2554,20210429,120.227281,22.97859,交通事故,一般地址,臺南市東區中華東路3段119號0,2,晴,60,單路部分,路段,無號誌,汽(機)車本身,未注意車前狀態
11004AC191B2564,20210429,120.213625,22.996928,交通事故,交叉路口,臺南市東區大學路西段段號前鋒路,3,陰,40,單路部分,路段,行車管制號誌(附設行人專用號誌),車與車,違反號誌管制或指揮
11004AC191B2570,20210429,120.226493,22.992803,交通事故,一般地址,臺南市東區東安路段87號,1,晴,50,單路部分,路段,無號誌,車與車,其他引起事故之違規或不當行為
11004AC191B2576,20210425,120.216342,22.965531,交通事故,一般地址,臺南市東區大同路2段789號,1,晴,30,交岔路,路段,無號誌,車與車,未依規定讓車
11004AC191B2592,20210429,120.229527,22.981131,交通事故,交叉路口,臺南市東區中華東路段號東門路,1,陰,50,交岔路,其他,行車管制號誌(附設行人專用號誌),人與汽(機)車,未注意車前狀態
11004AC191B2618,20210430,120.235593,22.987368,交通事故,交叉路口,臺南市東區富農街2段號富農街2108,2,晴,50,交岔路,交叉路口,閃光號誌,車與車,其他引起事故之違規或不當行為
11004AC191B2619,20210428,120.227537,22.969061,交通事故,其他,臺南市東區段號崇德路663-2號前,1,晴,50,單路部分,路段,無號誌,車與車,未注意車前狀態
11004AC191B2635,20210429,120.217003,22.995506,交通事故,其他,臺南市東區段號育樂街與育樂街46巷路口,1,晴,50,交岔路,交叉路口,閃光號誌,車與車,未依規定讓車
11004AC191B2648,20210430,120.228461,22.989875,交通事故,交叉路口,臺南市東區東寧路段號東興路,3,晴,40,交岔路,交叉路口,行車管制號誌,車與車,違反號誌管制或指揮
11004AC191B2650,20210430,120.234073,22.993812,交通事故,交叉路口,臺南市東區中華東路1段號莊敬路58,1,晴,60,交岔路,交叉路口,無號誌,車與車,未依規定讓車
11004AC191B2662,20210430,120.217232,22.986259,交通事故,交叉路口,臺南市東區府東街段號府連路,1,晴,50,交岔路,交叉路口,行車管制號誌(附設行人專用號誌),車與車,未依規定讓車
11004AC191B2675,20210430,120.215848,22.996569,交通事故,交叉路口,臺南市東區育樂街段66號大學路西段,1,晴,30,交岔路,交叉路口,行車管制號誌,車與車,其他引起事故之違規或不當行為
11004AC191B2704,20210430,120.217986,22.98676,交通事故,其他,臺南市東區段號東門路一段356號前(東門城圓環內),1,晴,40,圓環廣場,路段,無號誌,車與車,違反特定標誌(線)禁制
11004AC191B2706,20210430,120.231629,22.967743,交通事故,其他,臺南市東區段號崇善路與崇德二十一街路口,1,晴,30,交岔路,交叉路口,無號誌,車與車,未依規定讓車
11004AC191B2717,20210430,120.211349,22.987353,交通事故,交叉路口,臺南市東區大同路1段號府東街,1,晴,50,交岔路,交叉路口,閃光號誌,車與車,未依規定讓車
11004AC191B2718,20210430,120.230517,22.99896,交通事故,交叉路口,臺南市東區小東路段號東和路,1,晴,50,交岔路,交叉路口,行車管制號誌(附設行人專用號誌),車與車,橫越道路不慎
11004AC191B2742,20210430,120.215821,22.984945,交通事故,交叉路口,臺南市東區府連路段號府連路337,3,晴,40,交岔路,交叉路口,無號誌,車與車,未依規定讓車
11004AC191B2743,20210430,120.218884,22.986585,交通事故,交叉路口,臺南市東區長榮路2段號東門路2,1,晴,50,交岔路,交叉路口,行車管制號誌(附設行人專用號誌),汽(機)車本身,未注意車前狀態
11004AC191B2744,20210427,120.222411,22.991761,交通事故,交叉路口,臺南市東區東寧路段號東寧路83,1,陰,50,交岔路,交叉路口,行車管制號誌,車與車,未依規定讓車
11004AC191B2746,20210430,120.225142,22.989453,交通事故,交叉路口,臺南市東區林森路2段192號林森路219224,1,晴,50,交岔路,交叉路口,閃光號誌,車與車,未依規定讓車
11004AC191B2748,20210430,120.228911,22.99127,交通事故,一般地址,臺南市東區東興路段46號,1,晴,50,單路部分,路段,無號誌,車與車,開啟車門不當而肇事
11004AC191B2751,20210430,120.24517,22.984883,交通事故,交叉路口,臺南市東區裕平路段號裕信路,1,晴,40,交岔路,交叉路口,行車管制號誌,車與車,橫越道路不慎
11004AC191B2756,20210424,120.226514,22.983323,交通事故,交叉路口,臺南市東區東門路2段號崇學路,2,晴,50,交岔路,交叉路口,行車管制號誌,車與車,未保持行車安全間隔
11004AC191B2757,20210426,120.231766,22.981292,交通事故,交叉路口,臺南市東區東門路3段37號東門路33775,1,陰,30,交岔路,交叉路口,無號誌,車與車,未依規定讓車
11004AC191B2759,20210427,120.222978,22.979686,交通事故,一般地址,臺南市東區崇學路段149號,1,晴,50,交岔路,交叉路口,行車管制號誌,車與車,違反號誌管制或指揮
11004AC191B2760,20210430,120.227973,22.979346,交通事故,交叉路口,臺南市東區中華東路3段號崇信街,3,晴,60,單路部分,路段,無號誌,車與車,未注意車前狀態
11004AC191B2771,20210427,120.216883,22.991193,交通事故,一般地址,臺南市東區青年路段432號,1,晴,50,單路部分,路段,無號誌,車與車,起步未注意其他車(人)安全
11004AC191B2778,20210426,120.225708,22.97934,交通事故,交叉路口,臺南市東區崇善路段231號崇善一街3,1,雨,30,交岔路,交叉路口,無號誌,車與車,未依規定讓車
11004AC191B2838,20210429,120.235595,22.984861,交通事故,交叉路口,臺南市東區裕學路段號富農街2,1,雨,30,交岔路,交叉路口,行車管制號誌,車與車,未依規定讓車
11004AC191B2855,20210426,120.247678,22.990466,交通事故,交叉路口,臺南市東區裕農路段號裕義路,1,晴,50,交岔路,交叉路口,行車管制號誌,車與車,未依規定讓車
11004AC191B2934,20210430,120.232813,22.98854,交通事故,交叉路口,臺南市東區裕農路段號東寧路,2,晴,50,交岔路,交叉路口,行車管制號誌(附設行人專用號誌),車與車,違反號誌管制或指揮
11004AC191B2949,20210416,120.225402,22.982155,交通事故,一般地址,臺南市東區崇學路段196號6,1,晴,50,單路部分,路段,無號誌,車與車,變換車道或方向不當
11004AC191B2954,20210422,120.220812,22.976774,交通事故,交叉路口,臺南市東區崇明路段號榮譽街,2,晴,50,交岔路,交叉路口,行車管制號誌,車與車,未依規定讓車
11004AC191B2956,20210425,120.215417,22.984682,交通事故,一般地址,臺南市東區府連路段32648號,2,晴,30,交岔路,交叉路口,無號誌,車與車,未依規定讓車
11004AC191B2963,20210420,120.222219,22.985005,交通事故,交叉路口,臺南市東區林森路1段號東門路2,1,晴,50,交岔路,交叉路口,行車管制號誌,車與車,未依規定讓車
11004AC191B2976,20210423,120.229221,22.974225,交通事故,交叉路口,臺南市東區崇善路段號崇德八街,2,晴,40,交岔路,交叉路口,行車管制號誌,車與車,未注意車前狀態
11004AC191B2977,20210402,120.230477,22.983098,交通事故,交叉路口,臺南市東區中華東路2段226號中華東路222627,2,晴,30,交岔路,交叉路口,無號誌,車與車,未依規定讓車
11004AC191B2978,20210422,120.21394,22.976395,交通事故,一般地址,臺南市東區大同路2段191號,1,晴,40,交岔路,交叉路口,行車管制號誌(附設行人專用號誌),車與車,其他引起事故之違規或不當行為
11004AC191B2997,20210427,120.218172,22.984878,交通事故,交叉路口,臺南市東區長榮路段號光華街,1,晴,50,交岔路,交叉路口,閃光號誌,車與車,違反特定標誌(線)禁制
11004AC191B3001,20210429,120.223075,22.980725,交通事故,其他,臺南市東區段號崇善路與崇德三街口,1,雨,50,交岔路,交叉路口,無號誌,車與車,未依規定讓車
11004AC191B3020,20210429,120.234779,22.998311,交通事故,其他,臺南市東區中華東路1段號中華東路一段與小東路口,1,雨,50,交岔路,交叉路口,行車管制號誌(附設行人專用號誌),車與車,未注意車前狀態
11004AC191B3030,20210429,120.211811,22.994471,交通事故,交叉路口,臺南市東區北門路1段號民族路1,1,陰,50,交岔路,交叉路口,行車管制號誌(附設行人專用號誌),車與車,起步未注意其他車(人)安全
11004AC191B3034,20210427,120.234697,22.981922,交通事故,其他,臺南市東區段號富農街一段192號,2,晴,50,交岔路,交叉路口,行車管制號誌,人與汽(機)車,未注意車前狀態
11004AC191B3040,20210429,120.234786,22.99829,交通事故,其他,臺南市東區段號中華東路一段與小東路口,2,雨,60,交岔路,交叉路口,行車管制號誌(附設行人專用號誌),車與車,未注意車前狀態
11004AC191B3065,20210424,120.233009,22.971305,交通事故,一般地址,臺南市東區仁和路段118-1號,2,晴,50,單路部分,路段,行車管制號誌,汽(機)車本身,未注意車前狀態
11004AC191B3066,20210429,120.214422,22.974286,交通事故,一般地址,臺南市東區大同路2段299號,1,晴,40,單路部分,路段,無號誌,車與車,疲勞(患病)駕駛失控
11004AC191B3067,20210411,120.213429,22.994416,交通事故,其他,臺南市東區段號民族路一段與前鋒路口東側,1,晴,50,單路部分,路段,無號誌,汽(機)車本身,未注意車前狀態
11004AC191B3071,20210430,120.224558,22.979555,交通事故,其他,臺南市東區段號崇善路與崇善路205巷口,1,晴,50,交岔路,交叉路口,無號誌,車與車,左轉彎未依規定
11004AC191B3079,20210426,120.229095,22.993496,交通事故,一般地址,臺南市東區東興路段153號,2,陰,40,單路部分,路段,無號誌,人與汽(機)車,未注意車前狀態
11004AC191B3103,20210427,120.231252,22.994084,交通事故,交叉路口,臺南市東區東光路1段號東光路1102,2,晴,40,交岔路,交叉路口,無號誌,人與汽(機)車,未注意車前狀態
11004AC191B3145,20210421,120.245029,22.990134,交通事故,交叉路口,臺南市東區裕農路段號裕信路,1,晴,50,交岔路,交叉路口,行車管制號誌,車與車,未保持行車安全距離
11004AC191B3146,20210425,120.235136,22.9659,交通事故,一般地址,臺南市東區城東街段28號1,1,晴,30,單路部分,路段,無號誌,車與車,未依規定讓車
11004AC191B3150,20210430,120.235761,22.996757,交通事故,其他,臺南市東區後甲一路段號後甲一路與平實一街口,2,晴,50,交岔路,交叉路口,行車管制號誌(附設行人專用號誌),車與車,未注意車前狀態
11004AC191B3152,20210424,120.233836,22.990063,交通事故,其他,臺南市東區段號中華東路一段與中華東路一段207巷口,3,晴,60,交岔路,交叉路口,行車管制號誌(附設行人專用號誌),車與車,未注意車前狀態
11004AC191B3156,20210426,120.228463,22.989872,交通事故,交叉路口,臺南市東區東寧路段號東興路,1,雨,50,交岔路,交叉路口,行車管制號誌,車與車,左轉彎未依規定
11004AC191B3160,20210427,120.246804,22.990832,交通事故,交叉路口,臺南市東區裕農路段979號裕永一街,2,雨,40,交岔路,交叉路口,無號誌,車與車,未依規定讓車
11004AC191B3216,20210420,120.21973,22.979453,交通事故,交叉路口,臺南市東區崇德路段號崇明路155,1,晴,30,交岔路,交叉路口,無號誌,車與車,未依規定讓車
11004AC191B3237,20210427,120.221934,22.991742,交通事故,一般地址,臺南市東區東寧路段122-2號5,2,晴,40,單路部分,路段,無號誌,車與車,變換車道或方向不當
11004AC191B3240,20210428,120.226931,22.985845,交通事故,交叉路口,臺南市東區裕農路段號裕豐街,2,晴,50,交岔路,交叉路口,行車管制號誌,車與車,違反號誌管制或指揮
11004AC191B3242,20210416,120.223288,22.987644,交通事故,一般地址,臺南市東區林森路2段90號,1,晴,40,單路部分,路段,行車管制號誌,汽(機)車本身,未注意車前狀態
11004AC191B3251,20210428,120.214728,22.987901,交通事故,一般地址,臺南市東區東門路1段143號5,2,晴,40,單路部分,路段,無號誌,車與車,變換車道或方向不當
11004AC191B3272,20210429,120.236434,22.977803,交通事故,一般地址,臺南市東區東門路3段179135號3,2,雨,30,交岔路,交叉路口,無號誌,車與車,未依規定讓車
11004AC191B3278,20210429,120.230584,22.961759,交通事故,交叉路口,臺南市東區德東街段號長東街141,1,雨,30,交岔路,交叉路口,無號誌,汽(機)車本身,其他引起事故之違規或不當行為
11004AC191B3309,20210429,120.224456,22.976689,交通事故,一般地址,臺南市東區崇德四街段31號,2,晴,30,交岔路,交叉路口,無號誌,車與車,未依規定讓車
11004AC191B3374,20210430,120.245026,22.979836,交通事故,交叉路口,臺南市東區裕信路段號裕敬路,1,晴,50,交岔路,交叉路口,行車管制號誌,車與車,起步未注意其他車(人)安全
11004AC191B3454,20210414,120.221946,22.995948,交通事故,交叉路口,臺南市東區大學路段號長榮路3,1,晴,50,交岔路,交叉路口,行車管制號誌,車與車,未保持行車安全距離
11004AC1N1B0615,20210409,120.232808,22.988537,交通事故,交叉路口,臺南市東區東寧路段號裕農路,1,晴,50,交岔路,交叉路口,行車管制號誌,車與車,未注意車前狀態
11004AC1O1B0518,20210402,120.22695,22.985906,交通事故,其他,臺南市東區段號裕豐街與裕農路口,1,晴,50,交岔路,交叉路口,行車管制號誌,車與車,逆向行駛
11004AC1O1B0527,20210407,120.216667,22.964154,交通事故,其他,臺南市東區段號大同路二段869號前,2,晴,60,單路部分,路段,無號誌,車與車,變換車道或方向不當
11004AC1O1B0869,20210412,120.227496,22.969646,交通事故,交叉路口,臺南市東區崇德路段號崇明十九街,2,晴,50,交岔路,交叉路口,無號誌,車與車,未依規定讓車
11004AC1O1B0939,20210401,120.2114,22.988144,交通事故,其他,臺南市東區段號大同路一段41號前,2,晴,40,交岔路,交叉路口,無號誌,車與車,變換車道或方向不當
11004AC1O1B1211,20210416,120.245026,22.979836,交通事故,其他,臺南市東區段號裕信路與裕敬路口,3,晴,50,交岔路,交叉路口,行車管制號誌,車與車,違反號誌管制或指揮
11004AC1O1B1577,20210401,120.239646,22.983492,交通事故,其他,臺南市東區段號裕農三街與裕興街口,1,晴,50,交岔路,交叉路口,行車管制號誌,車與車,左轉彎未依規定
11004AC1O1B1666,20210402,120.233571,22.987447,交通事故,其他,臺南市東區段號中華東路二段45號前,1,晴,40,交岔路,交叉路口,行車管制號誌,車與車,右轉彎未依規定
11004AC1O1B1828,20210409,120.227487,22.972585,交通事故,一般地址,臺南市東區崇德路段552號,1,晴,50,交岔路,交叉路口,無號誌,車與車,未依規定讓車
11004AC1O1B1840,20210407,120.218261,22.984842,交通事故,交叉路口,臺南市東區長榮路1段號光華街,1,晴,50,交岔路,交叉路口,閃光號誌,車與車,未依規定讓車
11004AC1O1B1843,20210408,120.221568,22.985764,交通事故,一般地址,臺南市東區東門路2段113號,1,晴,50,交岔路,交叉路口,閃光號誌,車與車,尚未發現肇事因素
11004AC1O1B2617,20210429,120.219824,22.989205,交通事故,其他,臺南市東區段號長榮路二段與懷恩街口,1,陰,50,交岔路,交叉路口,行車管制號誌,車與車,蛇行、方向不定
11004AC1O1B2953,20210406,120.218473,22.999883,交通事故,其他,臺南市東區段號小東路與勝利路口往南第四根燈桿,2,晴,40,交岔路,交叉路口,無號誌,車與車,未注意車前狀態
11004AC1O1B3255,20210410,120.221518,22.98574,交通事故,其他,臺南市東區段號東門路二段與東門路二段158巷口,1,晴,50,交岔路,交叉路口,閃光號誌,車與車,未依規定讓車
11004AC1O1B3275,20210429,120.226192,22.982879,交通事故,一般地址,臺南市東區崇學路段289號,1,雨,50,交岔路,交叉路口,無號誌,車與車,未依規定讓車
11004AC1O1B3390,20210429,120.23105,22.991504,交通事故,一般地址,臺南市東區東光路1段39號0,1,雨,40,單路部分,路段,行車管制號誌,車與車,迴轉未依規定
11004AC1O1B3458,20210409,120.229921,22.959966,交通事故,一般地址,臺南市東區長東街段1451號,2,晴,30,交岔路,交叉路口,無號誌,車與車,未依規定讓車
11004AC1O1B3461,20210421,120.227621,22.990982,交通事故,一般地址,臺南市東區怡東路段26號,1,晴,40,單路部分,路段,無號誌,車與車,倒車未依規定
11004AC1R1A0010,20210416,120.230754,22.995366,交通事故,一般地址,臺南市東區東平路段102號0,0,晴,50,單路部分,路段,無號誌,車與車,逆向行駛
11004AC1R1B0720,20210410,120.212259,22.997576,交通事故,其他,臺南市東區段號台南火車站前,1,晴,50,圓環廣場,路段,無號誌,車與車,左轉彎未依規定
11004AC1R1B1841,20210409,120.217842,22.9923,交通事故,交叉路口,臺南市東區東寧路段號勝利路,1,晴,50,交岔路,交叉路口,行車管制號誌,車與車,未依規定讓車
11004AC1R1B1858,20210415,120.223697,22.980229,交通事故,交叉路口,臺南市東區崇善路段號崇學路,1,晴,50,交岔路,交叉路口,行車管制號誌,車與車,未依規定讓車
11004AC1R1B1868,20210410,120.236942,22.968514,交通事故,一般地址,臺南市東區自由路1段171號,1,晴,40,單路部分,路段,無號誌,車與車,迴轉未依規定
11004AC1R1B1909,20210402,120.246092,22.976527,交通事故,一般地址,臺南市東區裕信六街段22號1,1,晴,40,單路部分,路段,無號誌,車與車,未注意車前狀態
11004AC1R1B2024,20210423,120.217631,22.984491,交通事故,一般地址,臺南市東區府連東路段33號8,1,晴,40,單路部分,路段,行車管制號誌,汽(機)車本身,其他引起事故之違規或不當行為
11004AC1R1B2105,20210405,120.247678,22.9904,交通事故,交叉路口,臺南市東區裕農路段號裕義路,1,晴,40,交岔路,交叉路口,行車管制號誌,車與車,爭(搶)道行駛
11004AC1R1B2138,20210403,120.229945,22.981892,交通事故,一般地址,臺南市東區中華東路2段236號3,1,晴,40,單路部分,路段,無號誌,車與車,變換車道或方向不當
11004AC1R1B2148,20210418,120.222666,22.985746,交通事故,一般地址,臺南市東區林森路2段8號2,2,晴,50,單路部分,路段,行車管制號誌,車與車,未保持行車安全間隔
11004AC1R1B2166,20210415,120.216595,22.964392,交通事故,一般地址,臺南市東區大同路2段869號5,1,晴,50,單路部分,路段,無號誌,車與車,未保持行車安全距離
11004AC1R1B2780,20210416,120.213094,22.979176,交通事故,一般地址,臺南市東區大同路2段75號3,2,晴,40,交岔路,路段,無號誌,車與車,未依規定讓車
11004AC1R1B2781,20210423,120.242965,22.990318,交通事故,交叉路口,臺南市東區裕永一街段號裕農五街,2,晴,50,交岔路,交叉路口,行車管制號誌,車與車,未依規定讓車
11004AC1R1B2782,20210424,120.232901,22.994839,交通事故,交叉路口,臺南市東區東平路段12號莊敬路158,1,晴,30,交岔路,交叉路口,無號誌,車與車,未依規定讓車
11004AC1R1B2783,20210422,120.227514,22.964846,交通事故,交叉路口,臺南市東區生產路段號崇德路,1,晴,50,交岔路,交叉路口,行車管制號誌,車與車,未依規定讓車
11004AC1R1B2784,20210412,120.217429,22.982548,交通事故,交叉路口,臺南市東區林森路1段號長榮路1,1,晴,50,交岔路,交叉路口,行車管制號誌,車與車,逆向行駛
11004AC1R1B2785,20210419,120.217986,22.979184,交通事故,交叉路口,臺南市東區崇明路段號崇明七街,3,晴,50,交岔路,交叉路口,無號誌,車與車,逆向行駛
11004AC1R1B2786,20210411,120.232662,22.96617,交通事故,一般地址,臺南市東區崇善路段750號,1,晴,40,單路部分,路段,無號誌,車與車,未保持行車安全距離
11004AC1R1B2787,20210416,120.214631,23.001417,交通事故,交叉路口,臺南市東區小東路段號前鋒路,1,晴,50,交岔路,交叉路口,行車管制號誌,車與車,未依規定讓車
11004AC1R1B2788,20210417,120.227405,22.990207,交通事故,交叉路口,臺南市東區東寧路段號怡東路,2,晴,50,交岔路,交叉路口,行車管制號誌,車與車,未依規定讓車
11004AC1R1B2789,20210430,120.213441,22.985229,交通事故,交叉路口,臺南市東區府連路段號府連路175,1,晴,50,交岔路,交叉路口,行車管制號誌,車與車,未依規定讓車
11004AC1R1B2790,20210423,120.233562,22.969133,交通事故,交叉路口,臺南市東區崇善東路段號崇善十三街,1,晴,40,交岔路,交叉路口,無號誌,車與車,未依規定讓車
11004AC1R1B3024,20210425,120.237408,22.97578,交通事故,交叉路口,臺南市東區東門路3段號自由路2,1,晴,50,交岔路,交叉路口,行車管制號誌,車與車,右轉彎未依規定
11004AC1R1B3082,20210430,120.228447,22.96205,交通事故,交叉路口,臺南市東區長東街段102號崇德二十七街,3,晴,30,交岔路,交叉路口,無號誌,車與車,未依規定讓車
11004AC1R1B3087,20210418,120.218437,22.992283,交通事故,交叉路口,臺南市東區東寧路段號勝利路,1,晴,40,單路部分,路段,無號誌,汽(機)車本身,其他引起事故之違規或不當行為
11004AC1R1B3413,20210429,120.230496,22.975914,交通事故,一般地址,臺南市東區仁和路段68號2,1,晴,50,單路部分,路段,無號誌,車與車,迴轉未依規定
11004AC1R1B3422,20210417,120.231652,22.984663,交通事故,交叉路口,臺南市東區東門路2段301號中華東路29623,1,晴,30,交岔路,路段,無號誌,汽(機)車本身,未注意車前狀態
11004AC1R1B3426,20210402,120.233752,22.981838,交通事故,交叉路口,臺南市東區富農街1段131號富農街113125,1,晴,30,交岔路,路段,無號誌,汽(機)車本身,未注意車前狀態
11004AC1R1B3436,20210422,120.213128,22.988418,交通事故,其他,臺南市東區段號東門路一段機車地下道(西往東方向)),1,晴,30,單路部分,路段,無號誌,汽(機)車本身,尚未發現肇事因素
11004AC291B0024,20210401,120.19956,22.995974,交通事故,交叉路口,臺南市中西區西門路2段號民權路2,2,晴,50,交岔路,交叉路口,行車管制號誌,車與車,左轉彎未依規定
11004AC291B0025,20210401,120.18594,22.999084,交通事故,其他,臺南市中西區段號頂美三街耶穌基督教會前,1,晴,30,交岔路,交叉路口,無號誌,車與車,未注意車前狀態
11004AC291B0046,20210401,120.206524,22.998034,交通事故,一般地址,臺南市中西區成功路段145號,1,晴,50,單路部分,路段,行車管制號誌,車與車,未注意車前狀態
11004AC291B0048,20210401,120.197546,22.990574,交通事故,交叉路口,臺南市中西區西門路二段段號府前路二段,1,晴,50,交岔路,交叉路口,行車管制號誌(附設行人專用號誌),車與車,未注意車前狀態
11004AC291B0049,20210401,120.206038,22.993323,交通事故,一般地址,臺南市中西區中山路段33號,1,晴,50,單路部分,路段,無號誌,車與車,未注意車前狀態
11004AC291B0064,20210402,120.200275,22.992336,交通事故,一般地址,臺南市中西區中正路段103號,1,晴,50,單路部分,路段,無號誌,車與車,未注意車前狀態
11004AC291B0079,20210402,120.197264,22.997276,交通事故,交叉路口,臺南市中西區海安路2段號神農街,1,晴,50,交岔路,交叉路口,行車管制號誌(附設行人專用號誌),車與車,未依規定讓車
11004AC291B0129,20210401,120.202998,22.993399,交通事故,交叉路口,臺南市中西區民生路段號忠義路,1,晴,50,交岔路,其他,行車管制號誌,人與汽(機)車,搶越行人穿越道
11004AC291B0140,20210402,120.196825,22.990719,交通事故,交叉路口,臺南市中西區府前路2段號國華街2,1,晴,50,交岔路,交叉路口,行車管制號誌,人與汽(機)車,搶越行人穿越道
11004AC291B0145,20210402,120.209966,22.986209,交通事故,交叉路口,臺南市中西區開山路段號樹林街2,2,晴,50,交岔路,交叉路口,行車管制號誌(附設行人專用號誌),車與車,未依規定讓車
11004AC291B0162,20210403,120.197855,22.990405,交通事故,交叉路口,臺南市中西區西門路段號府前路,1,晴,50,交岔路,交叉路口,無號誌,車與車,未注意車前狀態
11004AC291B0173,20210403,120.200665,22.99145,交通事故,一般地址,臺南市中西區永福路2段34號,1,晴,50,單路部分,路段,無號誌,車與車,未依規定讓車
11004AC291B0177,20210403,120.20484,22.990797,交通事故,交叉路口,臺南市中西區南門路段號友愛街,1,晴,50,交岔路,交叉路口,行車管制號誌(附設行人專用號誌),車與車,未依規定讓車
11004AC291B0188,20210401,120.19349,22.996214,交通事故,交叉路口,臺南市中西區民生路段號河中街,2,晴,50,單路部分,路段,閃光號誌,車與車,未注意車前狀態
11004AC291B0194,20210401,120.187025,22.988947,交通事故,交叉路口,臺南市中西區中華西路段號永華路,1,晴,60,交岔路,交叉路口,行車管制號誌,車與車,未依規定讓車
11004AC291B0211,20210401,120.171088,23.000667,交通事故,一般地址,臺南市中西區民權路4段560號,1,晴,50,單路部分,路段,無號誌,車與車,其他引起事故之違規或不當行為
11004AC291B0224,20210404,120.175753,23.00143,交通事故,交叉路口,臺南市中西區華平路段號西賢二街141,1,晴,30,交岔路,路段,無號誌,車與車,左轉彎未依規定
11004AC291B0228,20210404,120.190233,22.992174,交通事故,一般地址,臺南市中西區府前路二段段276號,1,晴,50,交岔路,交叉路口,行車管制號誌,車與車,右轉彎未依規定
11004AC291B0239,20210404,120.193108,22.989907,交通事故,交叉路口,臺南市中西區大智街段號大勇街,1,晴,50,交岔路,交叉路口,閃光號誌,車與車,未依規定讓車
11004AC291B0247,20210404,120.204544,22.994508,交通事故,一般地址,臺南市中西區民權路2段97號,1,晴,50,單路部分,路段,無號誌,車與車,迴轉未依規定
11004AC291B0248,20210404,120.193657,22.987984,交通事故,一般地址,臺南市中西區永華路一段段120號,2,晴,50,單路部分,路段,無號誌,車與車,未注意車前狀態
11004AC291B0252,20210402,120.183474,22.999695,交通事故,一般地址,臺南市中西區頂美一街段7號,1,晴,30,單路部分,路段,無號誌,汽(機)車本身,未注意車前狀態
11004AC291B0253,20210402,120.193853,22.999538,交通事故,交叉路口,臺南市中西區民族路段號大福街,2,晴,50,單路部分,路段,無號誌,車與車,未注意車前狀態
11004AC291B0255,20210402,120.194363,22.98968,交通事故,交叉路口,臺南市中西區郡西路段號大勇街,1,晴,50,交岔路,交叉路口,閃光號誌,車與車,未依規定讓車
11004AC291B0256,20210403,120.206325,22.994393,交通事故,交叉路口,臺南市中西區中山路段79號民族路2173,1,晴,30,交岔路,交叉路口,無號誌,車與車,未依規定讓車
11004AC291B0275,20210405,120.187761,23.002766,交通事故,交叉路口,臺南市中西區中華西路2段580號中華西路258021,2,晴,50,交岔路,交叉路口,無號誌,車與車,未依規定讓車
11004AC291B0276,20210405,120.198357,22.995524,交通事故,一般地址,臺南市中西區西門路二段段22544號,2,晴,40,單路部分,路段,無號誌,車與車,起步未注意其他車(人)安全
11004AC291B0281,20210405,120.210531,22.985568,交通事故,一般地址,臺南市中西區開山路段281號,1,晴,50,單路部分,路段,無號誌,車與車,迴轉未依規定
11004AC291B0298,20210405,120.189206,22.997433,交通事故,交叉路口,臺南市中西區臨安路段號民生路,1,晴,50,交岔路,交叉路口,行車管制號誌,車與車,未保持行車安全距離
11004AC291B0305,20210405,120.197855,22.990405,交通事故,交叉路口,臺南市中西區府前路一段段號西門路一段,1,晴,50,交岔路,交叉路口,行車管制號誌(附設行人專用號誌),車與車,右轉彎未依規定
11004AC291B0312,20210402,120.207495,22.992254,交通事故,交叉路口,臺南市中西區青年路段號民權路,1,晴,50,交岔路,交叉路口,行車管制號誌,車與車,未注意車前狀態
11004AC291B0314,20210402,120.187624,22.999055,交通事故,交叉路口,臺南市中西區民權路段號西和路,2,晴,50,交岔路,交叉路口,行車管制號誌,車與車,變換車道或方向不當
11004AC291B0316,20210403,120.195969,22.993207,交通事故,交叉路口,臺南市中西區海安路段號中正路,1,晴,50,交岔路,交叉路口,行車管制號誌,車與車,未依規定讓車