案件編號,發生日期,GPS經度,GPS緯度,案件類別名稱,地址類型名稱,發生縣市名稱,受傷人數,天候名稱, 速限-第1當事者,道路型態大類別名稱,事故位置大類別名稱,號誌-號誌種類名稱,事故類型及型態大類別名稱,肇因研判子類別名稱-主要
11004AC391B1038,20210413,120.189511,23.040112,交通事故,一般地址,臺南市安南區同安路段85號,1,晴,40,交岔路,交叉路口,行車管制號誌,車與車,起步未注意其他車(人)安全
11004AC391B1041,20210414,120.198654,23.068472,交通事故,一般地址,臺南市安南區長和路4段400號,1,晴,50,交岔路,交叉路口,無號誌,車與車,未注意車前狀態
11004AC391B1060,20210415,120.189071,23.028252,交通事故,交叉路口,臺南市安南區郡安路段號國安街56,1,晴,50,交岔路,交叉路口,行車管制號誌,車與車,違反號誌管制或指揮
11004AC391B1067,20210415,120.159048,23.071437,交通事故,交叉路口,臺南市安南區安明路段號公學路,2,晴,50,交岔路,交叉路口,行車管制號誌,車與車,其他引起事故之違規或不當行為
11004AC391B1080,20210415,120.182349,23.046161,交通事故,一般地址,臺南市安南區安中路3段5945號,1,晴,50,交岔路,交叉路口,無號誌,車與車,未依規定讓車
11004AC391B1089,20210415,120.212957,23.034134,交通事故,一般地址,臺南市安南區安和路1段382號,1,晴,50,交岔路,交叉路口,行車管制號誌,車與車,其他引起事故之違規或不當行為
11004AC391B1104,20210415,120.167442,23.050655,交通事故,其他,臺南市安南區段號安中路四段與安中路四段240巷,1,晴,30,交岔路,交叉路口,無號誌,車與車,未依規定讓車
11004AC391B1113,20210401,120.215697,23.063544,交通事故,交叉路口,臺南市安南區長和路3段號安和路581,2,晴,40,交岔路,交叉路口,行車管制號誌,車與車,未依規定讓車
11004AC391B1129,20210407,120.202925,23.037163,交通事故,交叉路口,臺南市安南區北安路2段號北安三街,1,晴,60,交岔路,交叉路口,行車管制號誌,車與車,未注意車前狀態
11004AC391B1132,20210408,120.194297,23.030249,交通事故,交叉路口,臺南市安南區安通路5段號義吉街,1,晴,50,交岔路,交叉路口,無號誌,車與車,右轉彎未依規定
11004AC391B1146,20210410,120.225095,23.063983,交通事故,其他,臺南市安南區段號長和路仁愛橋,2,晴,50,交岔路,交叉路口,閃光號誌,車與車,未依規定讓車
11004AC391B1149,20210415,120.181712,23.05236,交通事故,其他,臺南市安南區段號仁安路與智安四街口,2,晴,50,交岔路,交叉路口,閃光號誌,車與車,未依規定讓車
11004AC391B1154,20210414,120.212436,23.032511,交通事故,一般地址,臺南市安南區安和路1段293-1號,2,晴,50,單路部分,路段,無號誌,車與車,起步未注意其他車(人)安全
11004AC391B1155,20210416,120.188643,23.046594,交通事故,一般地址,臺南市安南區安吉路1段222號,1,晴,60,單路部分,路段,無號誌,車與車,不明原因肇事
11004AC391B1156,20210416,120.212662,23.03488,交通事故,一般地址,臺南市安南區安和路1段205號,1,晴,50,單路部分,路段,無號誌,汽(機)車本身,不明原因肇事
11004AC391B1165,20210415,120.19681,23.044378,交通事故,其他,臺南市安南區段號怡安路二段與安中路一段702巷,1,晴,50,交岔路,交叉路口,行車管制號誌,車與車,違反號誌管制或指揮
11004AC391B1178,20210415,120.214155,23.03737,交通事故,一般地址,臺南市安南區安和路2段55號,2,晴,60,單路部分,路段,無號誌,車與車,左轉彎未依規定
11004AC391B1185,20210416,120.224435,23.043174,交通事故,交叉路口,臺南市安南區安通路段號永安路,1,晴,50,交岔路,交叉路口,行車管制號誌,車與車,違反號誌管制或指揮
11004AC391B1188,20210415,120.197006,23.026802,交通事故,其他,臺南市安南區段號安富街與郡安路五段164巷口,2,晴,50,交岔路,交叉路口,閃光號誌,車與車,未依規定讓車
11004AC391B1197,20210416,120.201156,23.041588,交通事故,交叉路口,臺南市安南區北安路3段145號北安路314569,1,晴,30,交岔路,交叉路口,無號誌,車與車,未依規定讓車
11004AC391B1201,20210415,120.171258,23.02585,交通事故,其他,臺南市安南區段號安明路二段71號燈桿,1,晴,70,單路部分,路段,無號誌,車與車,未注意車前狀態
11004AC391B1203,20210416,120.193691,23.029332,交通事故,一般地址,臺南市安南區郡安路5段203號,2,晴,20,交岔路,交叉路口,無號誌,車與車,未依規定讓車
11004AC391B1263,20210417,120.21896,23.069665,交通事故,一般地址,臺南市安南區安昌街段103號,1,晴,50,交岔路,交叉路口,行車管制號誌,車與車,未依規定讓車
11004AC391B1268,20210411,120.176345,23.063209,交通事故,一般地址,臺南市安南區海佃路4段388號,1,晴,50,交岔路,交叉路口,行車管制號誌,車與車,未保持行車安全間隔
11004AC391B1285,20210417,120.149348,23.063176,交通事故,其他,臺南市安南區段號台江大道四段(土城幹65右支19),1,晴,70,交岔路,交叉路口,行車管制號誌,車與車,未注意車前狀態
11004AC391B1295,20210417,120.185836,23.044654,交通事故,其他,臺南市安南區段號海佃路二段與海環街口(海佃路二段500號),1,晴,50,單路部分,路段,無號誌,車與車,變換車道或方向不當
11004AC391B1308,20210417,120.17402,23.056141,交通事故,一般地址,臺南市安南區本原街3段23410629號,1,晴,40,單路部分,路段,無號誌,汽(機)車本身,酒醉(後)駕駛失控
11004AC391B1309,20210418,120.212563,23.033627,交通事故,一般地址,臺南市安南區安和路1段341-1號,2,晴,50,單路部分,路段,無號誌,車與車,逆向行駛
11004AC391B1316,20210409,120.191889,23.020084,交通事故,一般地址,臺南市安南區府安路6段5號,2,晴,50,單路部分,路段,無號誌,車與車,迴轉未依規定
11004AC391B1317,20210417,120.190291,23.040551,交通事故,交叉路口,臺南市安南區同安路段號大安街,1,晴,50,交岔路,交叉路口,行車管制號誌,車與車,其他引起事故之違規或不當行為
11004AC391B1319,20210417,120.218482,23.071873,交通事故,一般地址,臺南市安南區安昌街段85117號,1,晴,30,交岔路,交叉路口,無號誌,車與車,未依規定讓車
11004AC391B1325,20210417,120.136634,23.066538,交通事故,其他,臺南市安南區段號台江大道五段溪南寮高分6-1號電桿,1,晴,20,交岔路,交叉路口,無號誌,車與車,違反號誌管制或指揮
11004AC391B1343,20210417,120.181786,23.016142,交通事故,交叉路口,臺南市安南區永續路段號宜居一街,1,晴,50,交岔路,交叉路口,無號誌,車與車,未依規定讓車
11004AC391B1347,20210417,120.185545,23.02322,交通事故,一般地址,臺南市安南區國安街段236號,2,晴,50,交岔路,交叉路口,閃光號誌,車與車,起步未注意其他車(人)安全
11004AC391B1364,20210418,120.212673,23.032422,交通事故,其他,臺南市安南區段號安和路一段308號,2,晴,30,交岔路,交叉路口,無號誌,車與車,起步未注意其他車(人)安全
11004AC391B1379,20210418,120.1938,23.045059,交通事故,交叉路口,臺南市安南區同安路段號怡安路,1,晴,50,交岔路,交叉路口,行車管制號誌,車與車,左轉彎未依規定
11004AC391B1386,20210418,120.166176,23.031679,交通事故,其他,臺南市安南區段號安明路2段(台17線本淵橋上),2,晴,30,單路部分,路段,無號誌,車與車,未注意車前狀態
11004AC391B1390,20210418,120.202297,23.054144,交通事故,交叉路口,臺南市安南區長溪路2段號總安街2,1,陰,50,交岔路,交叉路口,行車管制號誌,車與車,未依規定讓車
11004AC391B1391,20210405,120.22013,23.063387,交通事故,交叉路口,臺南市安南區長和路2段號長和路2140,1,晴,50,單路部分,路段,無號誌,車與車,不明原因肇事
11004AC391B1407,20210418,120.190289,23.055525,交通事故,交叉路口,臺南市安南區安吉路1段號安吉路1999,1,晴,60,交岔路,交叉路口,行車管制號誌,車與車,未依規定讓車
11004AC391B1422,20210419,120.187934,23.038851,交通事故,交叉路口,臺南市安南區海佃路2段號海尾路,1,晴,50,交岔路,交叉路口,行車管制號誌,車與車,未依規定讓車
11004AC391B1423,20210415,120.198559,23.023064,交通事故,一般地址,臺南市安南區府安路5段146號,1,晴,50,單路部分,路段,無號誌,車與車,不明原因肇事
11004AC391B1433,20210415,120.176428,23.067176,交通事故,交叉路口,臺南市安南區公學路4段號海佃路4388,2,晴,50,交岔路,交叉路口,行車管制號誌,車與車,未注意車前狀態
11004AC391B1451,20210408,120.151049,23.04117,交通事故,交叉路口,臺南市安南區工業二路段號科技一路,1,晴,50,交岔路,交叉路口,行車管制號誌,汽(機)車本身,其他引起事故之違規或不當行為
11004AC391B1452,20210418,120.203013,23.036897,交通事故,一般地址,臺南市安南區北安路2段532號,2,晴,60,單路部分,路段,無號誌,車與車,未注意車前狀態
11004AC391B1454,20210419,120.204697,23.02699,交通事故,交叉路口,臺南市安南區北安路2段號慈安路,1,陰,60,交岔路,交叉路口,行車管制號誌,車與車,未依規定讓車
11004AC391B1455,20210419,120.186905,23.039184,交通事故,交叉路口,臺南市安南區海環街段號海環街32,2,晴,30,交岔路,交叉路口,閃光號誌,車與車,未依規定讓車
11004AC391B1463,20210413,120.134471,23.067895,交通事故,一般地址,臺南市安南區安明路4段路燈274號,2,晴,70,單路部分,路段,無號誌,車與車,未注意車前狀態
11004AC391B1465,20210414,120.191789,23.0226,交通事故,一般地址,臺南市安南區海佃路1段117號,1,晴,50,單路部分,路段,無號誌,車與車,其他引起事故之違規或不當行為
11004AC391B1466,20210414,120.214674,23.027935,交通事故,一般地址,臺南市安南區安和路1段91號,1,晴,50,交岔路,交叉路口,行車管制號誌,車與車,未注意車前狀態
11004AC391B1470,20210415,120.198935,23.02712,交通事故,交叉路口,臺南市安南區安富街段號富東路,1,晴,50,交岔路,交叉路口,行車管制號誌,車與車,左轉彎未依規定
11004AC391B1474,20210418,120.178359,23.053502,交通事故,交叉路口,臺南市安南區海佃路3段號本原街2,2,晴,50,交岔路,交叉路口,行車管制號誌,車與車,右轉彎未依規定
11004AC391B1479,20210418,120.17901,23.051431,交通事故,交叉路口,臺南市安南區仁安路段號智安三街,1,陰,50,交岔路,交叉路口,閃光號誌,車與車,左轉彎未依規定
11004AC391B1487,20210407,120.181282,23.034189,交通事故,其他,臺南市安南區段號海尾路(西濱高幹75左32右26,1,晴,50,單路部分,路段,無號誌,車與車,違規超車
11004AC391B1492,20210408,120.217076,23.031991,交通事故,一般地址,臺南市安南區安通路3段60號,2,晴,50,單路部分,路段,行車管制號誌,車與車,未保持行車安全距離
11004AC391B1495,20210408,120.180345,23.047261,交通事故,一般地址,臺南市安南區樂安一街段63號,1,晴,30,單路部分,路段,無號誌,車與車,迴轉未依規定
11004AC391B1496,20210419,120.210816,23.025072,交通事故,交叉路口,臺南市安南區文安街段號府安路491,2,陰,50,交岔路,交叉路口,無號誌,車與車,未依規定讓車
11004AC391B1545,20210419,120.178129,23.053365,交通事故,一般地址,臺南市安南區本原街3段7號,2,晴,50,單路部分,路段,無號誌,車與車,橫越道路不慎
11004AC391B1546,20210419,120.197692,23.041883,交通事故,一般地址,臺南市安南區安中路1段639號,1,晴,50,交岔路,交叉路口,行車管制號誌,車與車,右轉彎未依規定
11004AC391B1550,20210416,120.218563,23.054607,交通事故,交叉路口,臺南市安南區安和路4段號台江大道1,1,晴,50,交岔路,交叉路口,行車管制號誌,車與車,未保持行車安全距離
11004AC391B1620,20210419,120.218925,23.050566,交通事故,交叉路口,臺南市安南區安和路段號總安街,3,晴,60,交岔路,交叉路口,行車管制號誌,車與車,未保持行車安全距離
11004AC391B1679,20210420,120.223279,23.067667,交通事故,一般地址,臺南市安南區長和路2段12116號,1,晴,50,單路部分,路段,無號誌,人與汽(機)車,未注意車前狀態
11004AC391B1745,20210420,120.211822,23.03433,交通事故,交叉路口,臺南市安南區安和路段號長溪路,2,晴,50,交岔路,交叉路口,行車管制號誌,車與車,其他引起事故之違規或不當行為
11004AC391B1750,20210421,120.181375,23.015119,交通事故,交叉路口,臺南市安南區安明路觀海橋段號生態街,2,晴,70,交岔路,交叉路口,行車管制號誌,車與車,違反號誌管制或指揮
11004AC391B1755,20210418,120.219411,23.071825,交通事故,其他,臺南市安南區段號安昌街131巷2弄31號,2,晴,30,交岔路,交叉路口,無號誌,車與車,左轉彎未依規定
11004AC391B1814,20210422,120.178278,23.018621,交通事故,交叉路口,臺南市安南區安明路段號九份子大道,1,晴,70,交岔路,交叉路口,行車管制號誌,車與車,右轉彎未依規定
11004AC391B1820,20210422,120.174707,23.049063,交通事故,交叉路口,臺南市安南區本淵路段57號安中路3439,2,晴,30,交岔路,交叉路口,閃光號誌,車與車,未依規定讓車
11004AC391B1827,20210422,120.212354,23.033365,交通事故,一般地址,臺南市安南區安和路1段337號,2,晴,50,交岔路,交叉路口,行車管制號誌,車與車,未注意車前狀態
11004AC391B1830,20210421,120.213556,23.029735,交通事故,交叉路口,臺南市安南區安和路段號安通路,1,晴,50,交岔路,交叉路口,行車管制號誌,車與車,未注意車前狀態
11004AC391B1836,20210420,120.135835,23.058534,交通事故,其他,臺南市安南區段號台江大道三段(往西)路上,2,晴,70,交岔路,交叉路口,行車管制號誌,車與車,左轉彎未依規定
11004AC391B1846,20210421,120.218489,23.062993,交通事故,一般地址,臺南市安南區安和路4段609號,1,晴,50,單路部分,路段,無號誌,車與車,迴轉未依規定
11004AC391B1852,20210422,120.215324,23.04381,交通事故,一般地址,臺南市安南區頂安街段52號,1,晴,50,單路部分,路段,無號誌,車與車,未注意車前狀態
11004AC391B1867,20210422,120.213644,23.057563,交通事故,交叉路口,臺南市安南區北安路4段號州南路,1,晴,60,交岔路,交叉路口,行車管制號誌,車與車,未注意車前狀態
11004AC391B1886,20210422,120.184084,23.025814,交通事故,交叉路口,臺南市安南區宜居路段號樂活二十二街,2,晴,50,交岔路,交叉路口,行車管制號誌(附設行人專用號誌),車與車,未注意車前狀態
11004AC391B1927,20210411,120.126621,23.065607,交通事故,一般地址,臺南市安南區青砂街1段153號,1,晴,50,交岔路,交叉路口,無號誌,人與汽(機)車,未注意車前狀態
11004AC391B1928,20210417,120.219333,23.06793,交通事故,交叉路口,臺南市安南區安昌街段174號安昌街10611,1,晴,30,交岔路,交叉路口,無號誌,車與車,未依規定讓車
11004AC391B1931,20210412,120.203889,23.043264,交通事故,交叉路口,臺南市安南區北安路3段號長溪路2,2,晴,50,交岔路,交叉路口,行車管制號誌,人與汽(機)車,違反號誌管制或指揮
11004AC391B1937,20210405,120.217156,23.044991,交通事故,一般地址,臺南市安南區安和路3段23802號,2,晴,60,單路部分,路段,無號誌,車與車,起步未注意其他車(人)安全
11004AC391B1938,20210423,120.187719,23.04099,交通事故,一般地址,臺南市安南區海佃路二段段546號,1,晴,50,交岔路,路段,行車管制號誌(附設行人專用號誌),車與車,未注意車前狀態
11004AC391B1941,20210414,120.197611,23.044196,交通事故,交叉路口,臺南市安南區怡安路2段號怡安路2456,2,晴,50,交岔路,交叉路口,行車管制號誌,車與車,左轉彎未依規定
11004AC391B1995,20210424,120.240555,23.054235,交通事故,其他,臺南市安南區段號長和路一段二巷9MC號電桿,2,晴,30,單路部分,路段,無號誌,車與車,未靠右行駛
11004AC391B2014,20210424,120.19237,23.020138,交通事故,交叉路口,臺南市安南區府安路5段號海佃路一段,1,晴,50,交岔路,交叉路口,行車管制號誌(附設行人專用號誌),車與車,未保持行車安全間隔
11004AC391B2039,20210417,120.178328,23.018606,交通事故,交叉路口,臺南市安南區安明路段號九份子大道,1,晴,50,交岔路,交叉路口,行車管制號誌,車與車,未注意車前狀態
11004AC391B2058,20210423,120.190479,23.055507,交通事故,交叉路口,臺南市安南區安吉路1段號本原街1,1,晴,50,交岔路,交叉路口,行車管制號誌,車與車,其他引起事故之違規或不當行為
11004AC391B2065,20210424,120.181776,23.040342,交通事故,一般地址,臺南市安南區海環街段421號,2,晴,30,單路部分,路段,無號誌,車與車,未注意車前狀態
11004AC391B2072,20210424,120.213759,23.055751,交通事故,其他,臺南市安南區段號北安路三段與台江大道一段口,1,晴,60,單路部分,路段,行車管制號誌,汽(機)車本身,其他引起事故之違規或不當行為
11004AC391B2086,20210417,120.223877,23.064121,交通事故,一般地址,臺南市安南區長和路2段66號,1,晴,50,交岔路,交叉路口,行車管制號誌,車與車,右轉彎未依規定
11004AC391B2089,20210419,120.217613,23.045293,交通事故,一般地址,臺南市安南區安和路3段82號,1,晴,60,單路部分,路段,無號誌,車與車,未依規定讓車
11004AC391B2091,20210424,120.209229,23.02911,交通事故,其他,臺南市安南區段號安通路4段(安西高幹19號電桿)前,1,晴,50,單路部分,路段,閃光號誌,汽(機)車本身,不明原因肇事
11004AC391B2095,20210416,120.191265,23.060298,交通事故,交叉路口,臺南市安南區安吉路2段號台江大道2,1,晴,60,交岔路,交叉路口,行車管制號誌,車與車,違反特定標誌(線)禁制
11004AC391B2100,20210417,120.19532,23.021553,交通事故,交叉路口,臺南市安南區府安路5段號府安路5223,1,晴,50,交岔路,交叉路口,閃光號誌,車與車,未保持行車安全距離
11004AC391B2103,20210417,120.183281,23.016876,交通事故,交叉路口,臺南市安南區宜居一街段號生態街,2,晴,50,交岔路,交叉路口,無號誌,車與車,未依規定讓車
11004AC391B2115,20210422,120.191844,23.022865,交通事故,交叉路口,臺南市安南區海佃路一段段157號國安街46,1,晴,30,交岔路,交叉路口,無號誌,車與車,其他引起事故之違規或不當行為
11004AC391B2120,20210412,120.197804,23.043218,交通事故,交叉路口,臺南市安南區安中路1段700號安中路1702,2,晴,30,交岔路,交叉路口,無號誌,車與車,左轉彎未依規定
11004AC391B2125,20210425,120.198234,23.050254,交通事故,交叉路口,臺南市安南區本原街1段167號本原街116736,1,陰,40,交岔路,交叉路口,無號誌,車與車,違反特定標誌(線)禁制
11004AC391B2130,20210419,120.22125,23.067973,交通事故,一般地址,臺南市安南區安昌街段17419130號,2,晴,30,交岔路,交叉路口,無號誌,車與車,未依規定讓車
11004AC391B2146,20210425,120.202218,23.028696,交通事故,一般地址,臺南市安南區郡安路5段43號,1,晴,50,單路部分,路段,行車管制號誌,車與車,起步未注意其他車(人)安全
11004AC391B2160,20210419,120.187003,23.042556,交通事故,交叉路口,臺南市安南區海佃路2段號海佃路2509,2,晴,50,交岔路,交叉路口,無號誌,車與車,未保持行車安全距離
11004AC391B2163,20210423,120.217968,23.033428,交通事故,一般地址,臺南市安南區安通路2段68號,1,晴,50,交岔路,交叉路口,行車管制號誌,車與車,未注意車前狀態
11004AC391B2165,20210424,120.165795,23.051305,交通事故,交叉路口,臺南市安南區安中路4段號安中路4297,1,晴,50,交岔路,交叉路口,閃光號誌,車與車,違反特定標誌(線)禁制
11004AC391B2177,20210426,120.189034,23.035801,交通事故,一般地址,臺南市安南區海佃路2段288號,2,陰,50,交岔路,交叉路口,閃光號誌,汽(機)車本身,未注意車前狀態
11004AC391B2190,20210425,120.177329,23.055365,交通事故,一般地址,臺南市安南區海佃路4段72號,1,晴,50,單路部分,路段,無號誌,汽(機)車本身,未注意車前狀態
11004AC391B2211,20210426,120.13518,23.060986,交通事故,一般地址,臺南市安南區安中路6段號,3,晴,50,單路部分,路段,無號誌,車與車,未保持行車安全距離
11004AC391B2226,20210404,120.232618,23.058361,交通事故,交叉路口,臺南市安南區長和路段號館前一路,1,晴,50,交岔路,交叉路口,行車管制號誌,車與車,未注意車前狀態
11004AC391B2241,20210426,120.213802,23.059492,交通事故,一般地址,臺南市安南區北安路4段105號,1,晴,50,交岔路,交叉路口,行車管制號誌,車與車,右轉彎未依規定
11004AC391B2273,20210423,120.210903,23.034003,交通事故,一般地址,臺南市安南區安中路1段54號,2,晴,50,交岔路,交叉路口,無號誌,車與車,起步未注意其他車(人)安全
11004AC391B2280,20210423,120.205063,23.027157,交通事故,其他,臺南市安南區段號北安路二段與北安路二段60巷口,2,晴,60,交岔路,交叉路口,行車管制號誌,車與車,未保持行車安全距離
11004AC391B2288,20210426,120.138953,23.079853,交通事故,一般地址,臺南市安南區公學路7段89號,1,晴,50,單路部分,路段,無號誌,汽(機)車本身,不明原因肇事
11004AC391B2302,20210401,120.207617,23.028288,交通事故,其他,臺南市安南區段號郡安路四段與泰安街路口,2,晴,50,單路部分,路段,閃光號誌,人與汽(機)車,未依規定行走行人穿越道、地下道、天橋而穿越道路
11004AC391B2333,20210427,120.218502,23.045946,交通事故,交叉路口,臺南市安南區永安路段號永安二街,1,晴,50,交岔路,交叉路口,無號誌,車與車,未注意車前狀態
11004AC391B2339,20210427,120.18411,23.055534,交通事故,其他,臺南市安南區段號本原街二段270號(本源高幹70-1號電桿),1,晴,50,單路部分,路段,無號誌,車與車,迴轉未依規定
11004AC391B2351,20210410,120.204809,23.028368,交通事故,交叉路口,臺南市安南區北安路段號郡安路,2,晴,60,交岔路,交叉路口,行車管制號誌,車與車,未注意車前狀態
11004AC391B2391,20210427,120.187127,23.040487,交通事故,一般地址,臺南市安南區海佃路2段41744229號,1,晴,30,單路部分,路段,無號誌,車與車,其他引起事故之違規或不當行為
11004AC391B2409,20210427,120.20995,23.041369,交通事故,其他,臺南市安南區段號怡安路一段與怡安路一段262巷,3,晴,50,交岔路,交叉路口,行車管制號誌,車與車,其他引起事故之違規或不當行為
11004AC391B2412,20210422,120.171389,23.049161,交通事故,其他,臺南市安南區段號安中路四段與本淵路口,1,晴,50,交岔路,交叉路口,行車管制號誌,汽(機)車本身,不明原因肇事
11004AC391B2413,20210426,120.205338,23.0245,交通事故,交叉路口,臺南市安南區北安路北安橋段號府安路5,1,晴,50,單路部分,路段,行車管制號誌,汽(機)車本身,未注意車前狀態
11004AC391B2431,20210428,120.212964,23.030549,交通事故,一般地址,臺南市安南區安和路1段191號,1,晴,50,交岔路,路段,行車管制號誌,車與車,橫越道路不慎
11004AC391B2448,20210428,120.194679,23.063775,交通事故,其他,臺南市安南區段號長溪路三段373巷21弄長安高幹4右13-1,1,晴,50,單路部分,路段,無號誌,汽(機)車本身,未注意車前狀態
11004AC391B2457,20210428,120.141402,23.079204,交通事故,一般地址,臺南市安南區公學路7段5號,2,晴,50,單路部分,路段,無號誌,車與車,起步未注意其他車(人)安全
11004AC391B2483,20210410,120.190822,23.027037,交通事故,交叉路口,臺南市安南區海佃路1段號海佃路1345,3,晴,50,交岔路,交叉路口,行車管制號誌,車與車,其他引起事故之違規或不當行為
11004AC391B2486,20210409,120.232619,23.058115,交通事故,交叉路口,臺南市安南區長和路1段號長和路1217,1,晴,50,交岔路,交叉路口,行車管制號誌,車與車,未依規定讓車
11004AC391B2501,20210429,120.196297,23.022092,交通事故,一般地址,臺南市安南區府安路5段209號,1,雨,50,單路部分,路段,無號誌,車與車,未注意車前狀態
11004AC391B2509,20210429,120.21243,23.032622,交通事故,一般地址,臺南市安南區安和路1段295號,1,雨,50,單路部分,路段,無號誌,車與車,未保持行車安全間隔
11004AC391B2514,20210428,120.2007,23.023565,交通事故,其他,臺南市安南區段號府安路五段與府安路五段98巷口,1,晴,50,交岔路,交叉路口,行車管制號誌,車與車,未保持行車安全距離
11004AC391B2520,20210423,120.216669,23.043392,交通事故,交叉路口,臺南市安南區安和路段號頂安街,2,晴,60,交岔路,交叉路口,行車管制號誌,車與車,其他引起事故之違規或不當行為
11004AC391B2531,20210428,120.194089,23.024544,交通事故,其他,臺南市安南區段號海佃路一段158巷84號,1,晴,50,單路部分,路段,無號誌,汽(機)車本身,不明原因肇事
11004AC391B2533,20210429,120.224021,23.072142,交通事故,一般地址,臺南市安南區環福街段13234號,1,雨,30,交岔路,交叉路口,無號誌,車與車,未依規定讓車
11004AC391B2538,20210417,120.206554,23.029392,交通事故,一般地址,臺南市安南區安通路4段129號,1,晴,50,單路部分,路段,無號誌,車與車,其他引起事故之違規或不當行為
11004AC391B2550,20210429,120.203544,23.035458,交通事故,其他,臺南市安南區段號北安路二段與北安二街,1,雨,50,交岔路,交叉路口,無號誌,車與車,右轉彎未依規定
11004AC391B2553,20210429,120.21835,23.063494,交通事故,其他,臺南市安南區段號長和路三段8號,1,晴,40,單路部分,路段,無號誌,車與車,橫越道路不慎
11004AC391B2558,20210429,120.16802,23.029373,交通事故,其他,臺南市安南區段號安明路二段(海尾路口北側南下路段),1,晴,70,單路部分,路段,無號誌,汽(機)車本身,未注意車前狀態
11004AC391B2559,20210429,120.176385,23.067234,交通事故,一般地址,臺南市安南區公學路4段160號,1,晴,50,交岔路,交叉路口,行車管制號誌,車與車,未依規定讓車
11004AC391B2590,20210428,120.195288,23.043341,交通事故,交叉路口,臺南市安南區安中路3段號仁安路,1,晴,50,交岔路,交叉路口,行車管制號誌(附設行人專用號誌),車與車,未依規定讓車
11004AC391B2612,20210428,120.188481,23.022237,交通事故,交叉路口,臺南市安南區國安街段56號國安街5677,2,晴,40,交岔路,交叉路口,閃光號誌,車與車,起步未注意其他車(人)安全
11004AC391B2615,20210429,120.184445,23.015493,交通事故,交叉路口,臺南市安南區府安路段號樂活路,1,雨,50,交岔路,交叉路口,閃光號誌,車與車,未依規定讓車
11004AC391B2616,20210429,120.190265,23.055445,交通事故,其他,臺南市安南區段號安吉路二段與安吉路一段999巷,1,晴,60,交岔路,交叉路口,行車管制號誌,車與車,右轉彎未依規定
11004AC391B2620,20210429,120.181386,23.049061,交通事故,交叉路口,臺南市安南區仁安六街段號功安二街,1,雨,30,交岔路,交叉路口,無號誌,車與車,未依規定讓車
11004AC391B2626,20210430,120.193683,23.037935,交通事故,一般地址,臺南市安南區大安街段417號,1,晴,50,交岔路,交叉路口,行車管制號誌,車與車,未注意車前狀態
11004AC391B2627,20210430,120.194178,23.043941,交通事故,一般地址,臺南市安南區安中路1段749號,2,晴,50,交岔路,交叉路口,無號誌,車與車,未依規定讓車
11004AC391B2640,20210430,120.203142,23.042937,交通事故,交叉路口,臺南市安南區北安路3段號怡安路2,2,晴,50,交岔路,交叉路口,無號誌,車與車,起步未注意其他車(人)安全
11004AC391B2643,20210430,120.205203,23.027486,交通事故,其他,臺南市安南區段號北安路二段78號,1,晴,60,單路部分,路段,無號誌,車與車,變換車道或方向不當
11004AC391B2658,20210430,120.187907,23.046807,交通事故,交叉路口,臺南市安南區安中路2段138號安中路213817,1,晴,50,交岔路,交叉路口,無號誌,汽(機)車本身,未注意車前狀態
11004AC391B2676,20210430,120.215342,23.025796,交通事故,交叉路口,臺南市安南區安和路1段號府安路3,2,晴,60,交岔路,交叉路口,行車管制號誌,汽(機)車本身,未注意車前狀態
11004AC391B2694,20210430,120.206139,23.027551,交通事故,交叉路口,臺南市安南區郡安路4段120號惠安街,1,陰,40,交岔路,交叉路口,無號誌,車與車,未依規定讓車
11004AC391B2701,20210430,120.13048,23.072202,交通事故,交叉路口,臺南市安南區城北路段138號城北路138101,2,晴,30,交岔路,交叉路口,無號誌,車與車,未注意車前狀態
11004AC391B2716,20210430,120.192239,23.025507,交通事故,一般地址,臺南市安南區海佃路一段段246號0,0,陰,50,交岔路,交叉路口,無號誌,車與車,未注意車前狀態
11004AC391B2766,20210430,120.178364,23.018605,交通事故,交叉路口,臺南市安南區安明路1段號九份子大道,2,晴,70,交岔路,交叉路口,行車管制號誌,車與車,未依規定讓車
11004AC391B2842,20210426,120.231741,23.048425,交通事故,交叉路口,臺南市安南區府安路堤頂大道段號台江大道1,2,晴,40,交岔路,交叉路口,行車管制號誌,車與車,違反特定標誌(線)禁制
11004AC391B2843,20210421,120.189769,23.024991,交通事故,交叉路口,臺南市安南區海佃路1段227號國安街56,1,晴,30,交岔路,交叉路口,無號誌,車與車,左轉彎未依規定
11004AC391B2844,20210408,120.218909,23.069697,交通事故,交叉路口,臺南市安南區安昌街段號安昌街103,1,晴,40,交岔路,交叉路口,行車管制號誌,車與車,未注意車前狀態
11004AC391B2846,20210421,120.190775,23.045656,交通事故,一般地址,臺南市安南區安中路2段37號,1,晴,50,交岔路,交叉路口,行車管制號誌,車與車,未保持行車安全距離
11004AC391B2857,20210402,120.220442,23.072123,交通事故,一般地址,臺南市安南區安昌街段192號,2,晴,50,單路部分,路段,無號誌,車與車,違反特定標誌(線)禁制