案件編號,發生日期,GPS經度,GPS緯度,案件類別名稱,地址類型名稱,發生縣市名稱,受傷人數,天候名稱, 速限-第1當事者,道路型態大類別名稱,事故位置大類別名稱,號誌-號誌種類名稱,事故類型及型態大類別名稱,肇因研判子類別名稱-主要
11004AC391B2868,20210401,120.196804,23.067721,交通事故,交叉路口,臺南市安南區長溪路3段號長和路4,1,晴,50,交岔路,交叉路口,行車管制號誌,車與車,右轉彎未依規定
11004AC391B2883,20210404,120.187598,23.040281,交通事故,一般地址,臺南市安南區海佃路2段405號,1,晴,50,單路部分,路段,行車管制號誌,車與車,未保持行車安全距離
11004AC391B2909,20210402,120.188111,23.038812,交通事故,交叉路口,臺南市安南區海佃路段號同安路,1,晴,50,交岔路,交叉路口,行車管制號誌,車與車,逆向行駛
11004AC391B2913,20210412,120.187912,23.038811,交通事故,交叉路口,臺南市安南區海佃路2段號海尾路,1,晴,50,交岔路,交叉路口,行車管制號誌,車與車,未保持行車安全距離
11004AC391B2923,20210402,120.214798,23.027603,交通事故,交叉路口,臺南市安南區安和路段號文安街,1,晴,50,交岔路,交叉路口,行車管制號誌,車與車,未依規定讓車
11004AC391B2941,20210415,120.191465,23.068231,交通事故,交叉路口,臺南市安南區安吉路2段號公學路2,2,晴,60,交岔路,交叉路口,行車管制號誌,車與車,違反號誌管制或指揮
11004AC391B2950,20210407,120.138824,23.052948,交通事故,一般地址,臺南市安南區北汕尾三路段239號,2,晴,50,單路部分,路段,無號誌,車與車,未保持行車安全距離
11004AC391B2951,20210420,120.138155,23.0347,交通事故,一般地址,臺南市安南區工業八路段18號,1,晴,50,單路部分,路段,無號誌,汽(機)車本身,未注意車前狀態
11004AC391B2955,20210407,120.201268,23.039837,交通事故,一般地址,臺南市安南區安中路1段488號,1,晴,50,單路部分,路段,無號誌,車與車,起步未注意其他車(人)安全
11004AC391B2958,20210414,120.215224,23.071092,交通事故,交叉路口,臺南市安南區安和路段號北安路,1,晴,60,交岔路,交叉路口,行車管制號誌,汽(機)車本身,其他引起事故之違規或不當行為
11004AC391B2959,20210411,120.176196,23.052764,交通事故,交叉路口,臺南市安南區本原街3段號本原街3134,4,晴,50,交岔路,交叉路口,無號誌,車與車,未依規定讓車
11004AC391B2964,20210420,120.192501,23.020229,交通事故,交叉路口,臺南市安南區海佃路一段段號府安路5,1,晴,50,交岔路,交叉路口,行車管制號誌,車與車,未保持行車安全間隔
11004AC391B2965,20210430,120.183549,23.026755,交通事故,交叉路口,臺南市安南區郡安路段號宜居路,1,晴,50,單路部分,路段,無號誌,汽(機)車本身,未注意車前狀態
11004AC391B2981,20210421,120.223091,23.07229,交通事故,交叉路口,臺南市安南區環福街段號環福街125,1,晴,50,交岔路,交叉路口,無號誌,車與車,未依規定讓車
11004AC391B2984,20210423,120.170359,23.048446,交通事故,交叉路口,臺南市安南區本田路3段號本田路3683,2,晴,50,交岔路,交叉路口,無號誌,車與車,左轉彎未依規定
11004AC391B2986,20210409,120.18558,23.044964,交通事故,一般地址,臺南市安南區海佃路2段708號,1,晴,50,交岔路,交叉路口,無號誌,車與車,違反特定標誌(線)禁制
11004AC391B2991,20210409,120.16879,23.068528,交通事故,一般地址,臺南市安南區公學路5段176號,1,晴,50,交岔路,路段,行車管制號誌,車與車,未保持行車安全距離
11004AC391B2992,20210429,120.201589,23.043218,交通事故,交叉路口,臺南市安南區怡安路段號怡和街,1,雨,50,交岔路,交叉路口,行車管制號誌,汽(機)車本身,其他引起事故之違規或不當行為
11004AC391B2995,20210423,120.193918,23.043902,交通事故,交叉路口,臺南市安南區安中路1段號怡安路2591,2,晴,50,交岔路,交叉路口,無號誌,車與車,未依規定讓車
11004AC391B3000,20210406,120.187902,23.056238,交通事故,一般地址,臺南市安南區本原街2段106號,1,晴,50,單路部分,路段,行車管制號誌,車與車,未保持行車安全間隔
11004AC391B3005,20210426,120.18452,23.055403,交通事故,一般地址,臺南市安南區本原街2段291號,1,晴,50,單路部分,路段,無號誌,車與車,迴轉未依規定
11004AC391B3007,20210409,120.196354,23.068173,交通事故,其他,臺南市安南區段號長溪路三段399號,1,晴,50,交岔路,交叉路口,無號誌,車與車,橫越道路不慎
11004AC391B3009,20210409,120.199373,23.025385,交通事故,交叉路口,臺南市安南區海佃路1段158號溪東三街,1,晴,50,交岔路,交叉路口,行車管制號誌,車與車,違反號誌管制或指揮
11004AC391B3011,20210412,120.211369,23.044052,交通事故,一般地址,臺南市安南區培安路段155號,1,晴,50,交岔路,交叉路口,行車管制號誌,車與車,未依規定讓車
11004AC391B3012,20210402,120.194029,23.023087,交通事故,一般地址,臺南市安南區安寧街段791號,2,晴,30,交岔路,交叉路口,無號誌,車與車,未保持行車安全距離
11004AC391B3013,20210409,120.132518,23.013998,交通事故,其他,臺南市安南區段號四草大道(北上慢車道近四草大道690巷),1,晴,50,單路部分,路段,無號誌,汽(機)車本身,尚未發現肇事因素
11004AC391B3016,20210423,120.240195,23.050554,交通事故,交叉路口,臺南市安南區長和路1段號長和路1217,1,晴,50,交岔路,交叉路口,行車管制號誌,車與車,左轉彎未依規定
11004AC391B3017,20210424,120.203702,23.037936,交通事故,一般地址,臺南市安南區安中二街段139號,1,晴,50,單路部分,路段,無號誌,車與車,起步未注意其他車(人)安全
11004AC391B3018,20210425,120.186255,23.023352,交通事故,一般地址,臺南市安南區國安街段21058號0,2,雨,30,交岔路,交叉路口,無號誌,車與車,未依規定讓車
11004AC391B3019,20210428,120.191692,23.024119,交通事故,一般地址,臺南市安南區海佃路1段158號,2,晴,50,交岔路,交叉路口,行車管制號誌,車與車,左轉彎未依規定
11004AC391B3021,20210429,120.21438,23.037891,交通事故,一般地址,臺南市安南區安和路2段73號,2,晴,60,交岔路,交叉路口,無號誌,車與車,左轉彎未依規定
11004AC391B3026,20210409,120.193526,23.041463,交通事故,一般地址,臺南市安南區同安路段2624318994號,2,晴,30,交岔路,交叉路口,無號誌,車與車,橫越道路不慎
11004AC391B3032,20210424,120.176137,23.024057,交通事故,其他,臺南市安南區段號郡安路六段與生態街路口附近工地,1,晴,50,單路部分,路段,無號誌,人與汽(機)車,未依規定行走行人穿越道、地下道、天橋而穿越道路
11004AC391B3033,20210421,120.191673,23.019854,交通事故,一般地址,臺南市安南區府安路6段9號,2,晴,50,交岔路,交叉路口,無號誌,車與車,未保持行車安全間隔
11004AC391B3035,20210429,120.218027,23.065992,交通事故,一般地址,臺南市安南區安和路5段149-2號,1,晴,40,單路部分,路段,無號誌,車與車,未保持行車安全距離
11004AC391B3039,20210402,120.205347,23.026011,交通事故,交叉路口,臺南市安南區北安路2段號賢安街,1,晴,50,交岔路,交叉路口,行車管制號誌,車與車,違反號誌管制或指揮
11004AC391B3070,20210424,120.210221,23.026381,交通事故,其他,臺南市安南區段號文安街136號,1,晴,30,交岔路,交叉路口,無號誌,車與車,未依規定讓車
11004AC391B3073,20210407,120.189797,23.033479,交通事故,其他,臺南市安南區段號海佃路二段186之1號,1,晴,50,單路部分,路段,無號誌,車與車,不明原因肇事
11004AC391B3075,20210415,120.214368,23.037893,交通事故,其他,臺南市安南區段號安和路二段與培安路73巷路口,2,晴,50,交岔路,交叉路口,無號誌,車與車,未依規定讓車
11004AC391B3076,20210404,120.193915,23.043907,交通事故,其他,臺南市安南區段號安中路一段773號前,1,晴,50,交岔路,交叉路口,閃光號誌,車與車,逆向行駛
11004AC391B3084,20210426,120.183953,23.041551,交通事故,其他,臺南市安南區段號海中街與海中街130巷路口,2,陰,30,交岔路,交叉路口,無號誌,車與車,未依規定讓車
11004AC391B3086,20210403,120.20597,23.034194,交通事故,一般地址,臺南市安南區北安一街段2號,1,晴,50,交岔路,交叉路口,閃光號誌,車與車,未依規定讓車
11004AC391B3088,20210402,120.24571,23.061436,交通事故,一般地址,臺南市安南區大洲一號橋段號,2,晴,30,交岔路,交叉路口,行車管制號誌,車與車,不明原因肇事
11004AC391B3089,20210403,120.170647,23.026957,交通事故,交叉路口,臺南市安南區安明路2段號海尾路,1,晴,70,單路部分,路段,行車管制號誌,車與車,未注意車前狀態
11004AC391B3092,20210404,120.178073,23.032241,交通事故,一般地址,臺南市安南區海尾路段號,2,晴,50,單路部分,路段,無號誌,汽(機)車本身,未注意車前狀態
11004AC391B3094,20210409,120.216765,23.068013,交通事故,交叉路口,臺南市安南區安和路5段號安和路5269,1,晴,30,交岔路,交叉路口,行車管制號誌,車與車,未依規定讓車
11004AC391B3116,20210409,120.188099,23.038785,交通事故,交叉路口,臺南市安南區海佃路段號同安路,1,晴,50,交岔路,交叉路口,行車管制號誌,車與車,起步未注意其他車(人)安全
11004AC391B3119,20210410,120.206934,23.024625,交通事故,交叉路口,臺南市安南區府安路4段號府安路4176,1,晴,50,交岔路,交叉路口,無號誌,車與車,未依規定讓車
11004AC391B3121,20210429,120.190078,23.043359,交通事故,交叉路口,臺南市安南區同安路段225號同安路225117,1,雨,30,交岔路,交叉路口,無號誌,車與車,未依規定讓車
11004AC391B3122,20210411,120.211073,23.027447,交通事故,交叉路口,臺南市安南區敬安街段號敦安街,1,晴,30,交岔路,交叉路口,無號誌,車與車,未依規定讓車
11004AC391B3124,20210411,120.173612,23.068761,交通事故,交叉路口,臺南市安南區十二佃路段號十二佃路213,2,晴,50,交岔路,交叉路口,閃光號誌,車與車,未依規定讓車
11004AC391B3137,20210410,120.21717,23.044587,交通事故,交叉路口,臺南市安南區安和路3段號安生街,3,晴,60,交岔路,交叉路口,行車管制號誌,車與車,其他引起事故之違規或不當行為
11004AC391B3138,20210410,120.189906,23.023976,交通事故,交叉路口,臺南市安南區國安街段56號國安街5649,2,晴,40,交岔路,交叉路口,無號誌,車與車,未保持行車安全距離
11004AC391B3144,20210415,120.213617,23.055798,交通事故,交叉路口,臺南市安南區北安路3段號台江大道1,1,晴,50,交岔路,交叉路口,行車管制號誌,車與車,違反號誌管制或指揮
11004AC391B3151,20210415,120.158179,23.062599,交通事故,交叉路口,臺南市安南區台江大道3段號育英街,1,晴,70,交岔路,交叉路口,行車管制號誌,車與車,未依規定讓車
11004AC391B3157,20210415,120.191753,23.04524,交通事故,其他,臺南市安南區段號安中路一段(近怡安路口),1,晴,50,單路部分,路段,行車管制號誌,車與車,起步未注意其他車(人)安全
11004AC391B3162,20210416,120.218491,23.064854,交通事故,交叉路口,臺南市安南區安和路5段號安和路581,2,晴,60,交岔路,交叉路口,行車管制號誌,車與車,未依規定讓車
11004AC391B3163,20210420,120.1125,23.070229,交通事故,其他,臺南市安南區段號台江大道六段,1,晴,50,單路部分,路段,無號誌,汽(機)車本身,酒醉(後)駕駛失控
11004AC391B3165,20210417,120.124847,23.05933,交通事故,一般地址,臺南市安南區城西街1段249111號,2,晴,30,單路部分,路段,無號誌,車與車,未依規定讓車
11004AC391B3167,20210411,120.178298,23.067894,交通事故,一般地址,臺南市安南區公學路4段54號,2,晴,50,交岔路,交叉路口,無號誌,車與車,未依規定讓車
11004AC391B3173,20210428,120.187846,23.030524,交通事故,交叉路口,臺南市安南區海東五街段號海東二街,2,晴,40,交岔路,交叉路口,無號誌,車與車,未依規定讓車
11004AC391B3184,20210428,120.22378,23.064081,交通事故,一般地址,臺南市安南區長和路2段66號,1,晴,50,交岔路,交叉路口,行車管制號誌,車與車,未依規定讓車
11004AC391B3189,20210424,120.177698,23.047791,交通事故,其他,臺南市安南區段號安中路三段261巷25號,2,晴,30,交岔路,交叉路口,無號誌,車與車,未依規定讓車
11004AC391B3191,20210409,120.207211,23.059726,交通事故,其他,臺南市安南區段號工明南一路與工明二路口,1,晴,50,交岔路,交叉路口,閃光號誌,車與車,未依規定讓車
11004AC391B3193,20210418,120.249006,23.071927,交通事故,一般地址,臺南市安南區長和路1段222272號,1,晴,30,單路部分,路段,無號誌,車與車,不明原因肇事
11004AC391B3198,20210414,120.221995,23.073563,交通事故,一般地址,臺南市安南區環福街段187號,1,晴,30,單路部分,路段,無號誌,車與車,未保持行車安全距離
11004AC391B3211,20210421,120.158576,23.040442,交通事故,其他,臺南市安南區段號本田路三段(近安明路口),1,晴,50,單路部分,路段,行車管制號誌,車與車,未保持行車安全距離
11004AC391B3215,20210424,120.132408,23.011079,交通事故,交叉路口,臺南市安南區四草大道段號北汕尾一路,1,晴,50,交岔路,交叉路口,無號誌,車與車,未依規定讓車
11004AC391B3221,20210422,120.187837,23.021557,交通事故,其他,臺南市安南區段號國安街155巷20弄旁,1,晴,30,單路部分,其他,無號誌,人與汽(機)車,倒車未依規定
11004AC391B3222,20210428,120.187427,23.054489,交通事故,一般地址,臺南市安南區安吉路1段999135113號,1,晴,30,單路部分,路段,無號誌,車與車,未注意車前狀態
11004AC391B3223,20210427,120.21869,23.063398,交通事故,其他,臺南市安南區段號安和路五段2號,1,晴,60,交岔路,交叉路口,行車管制號誌,汽(機)車本身,不明原因肇事
11004AC391B3224,20210419,120.172537,23.064422,交通事故,其他,臺南市安南區段號海佃路四段523號,1,晴,50,單路部分,路段,無號誌,人與汽(機)車,穿越道路未注意左右來車
11004AC391B3226,20210420,120.132115,23.015739,交通事故,一般地址,臺南市安南區四草大道段號,1,晴,50,單路部分,路段,無號誌,汽(機)車本身,未注意車前狀態
11004AC391B3232,20210402,120.181359,23.015089,交通事故,其他,臺南市安南區段號安明路一段與生態街路口,3,晴,70,交岔路,交叉路口,行車管制號誌,車與車,不明原因肇事
11004AC391B3238,20210408,120.217133,23.027339,交通事故,交叉路口,臺南市安南區府安路3段號府安路3340,1,晴,50,交岔路,交叉路口,無號誌,車與車,未依規定讓車
11004AC391B3246,20210414,120.168172,23.02934,交通事故,一般地址,臺南市安南區安明路2段號,1,晴,70,單路部分,路段,無號誌,汽(機)車本身,未注意車前狀態
11004AC391B3249,20210429,120.133125,23.061034,交通事故,一般地址,臺南市安南區安中路6段429號,1,雨,50,交岔路,交叉路口,無號誌,車與車,左轉彎未依規定
11004AC391B3253,20210428,120.199267,23.04082,交通事故,一般地址,臺南市安南區安中路1段581-2號,1,晴,50,單路部分,路段,無號誌,車與車,未依規定讓車
11004AC391B3273,20210416,120.20675,23.036442,交通事故,交叉路口,臺南市安南區安中路1段號安中路1220,1,晴,50,交岔路,交叉路口,行車管制號誌,車與車,未保持行車安全距離
11004AC391B3339,20210416,120.173698,23.051218,交通事故,一般地址,臺南市安南區本原街3段270號,1,晴,35,單路部分,路段,無號誌,車與車,未注意車前狀態
11004AC391B3364,20210417,120.163583,23.034354,交通事故,一般地址,臺南市安南區安明路2段號,2,晴,30,單路部分,路段,無號誌,汽(機)車本身,未注意車前狀態
11004AC391B3368,20210417,120.190519,23.056612,交通事故,一般地址,臺南市安南區安吉路2段67號,1,晴,60,單路部分,路段,無號誌,車與車,變換車道或方向不當
11004AC391B3377,20210420,120.138644,23.05487,交通事故,一般地址,臺南市安南區安明路4段號,1,晴,70,單路部分,路段,無號誌,汽(機)車本身,未注意車前狀態
11004AC391B3378,20210430,120.213768,23.028461,交通事故,交叉路口,臺南市安南區安和路1段號安通路4,2,晴,50,交岔路,交叉路口,行車管制號誌,車與車,未保持行車安全距離
11004AC391B3379,20210424,120.196162,23.021918,交通事故,一般地址,臺南市安南區府安路5段211號,3,晴,50,單路部分,路段,無號誌,車與車,變換車道或方向不當
11004AC391B3380,20210421,120.21802,23.068185,交通事故,交叉路口,臺南市安南區安昌街段號安昌街10622,1,晴,50,交岔路,交叉路口,無號誌,車與車,未依規定讓車
11004AC391B3381,20210422,120.196587,23.053799,交通事故,交叉路口,臺南市安南區本原街1段號本原街1262,1,晴,50,交岔路,交叉路口,無號誌,車與車,未依規定讓車
11004AC391B3383,20210419,120.195371,23.068861,交通事故,交叉路口,臺南市安南區長溪路段號公學路,1,晴,50,交岔路,交叉路口,行車管制號誌,車與車,其他裝載不當肇事
11004AC391B3392,20210422,120.185867,23.038488,交通事故,其他,臺南市安南區海中街段號海環街海中街(近海環街)路口,1,晴,50,單路部分,路段,無號誌,車與車,未保持行車安全距離
11004AC391B3394,20210422,120.196581,23.043275,交通事故,一般地址,臺南市安南區安中路1段70227號,1,晴,50,單路部分,路段,無號誌,車與車,未依規定讓車
11004AC391B3408,20210425,120.13726,23.0562,交通事故,一般地址,臺南市安南區安明路4段100號,1,晴,70,單路部分,路段,無號誌,汽(機)車本身,其他引起事故之違規或不當行為
11004AC391B3409,20210423,120.196142,23.042771,交通事故,一般地址,臺南市安南區安中路1段678號,1,晴,50,單路部分,路段,無號誌,車與車,未依規定讓車
11004AC391B3410,20210422,120.19731,23.025131,交通事故,交叉路口,臺南市安南區海佃路一段段158號安富街199,2,晴,50,交岔路,交叉路口,閃光號誌,車與車,未依規定讓車
11004AC391B3411,20210430,120.217135,23.061475,交通事故,一般地址,臺南市安南區長和路3段13380號,1,晴,50,單路部分,路段,無號誌,車與車,未依規定讓車
11004AC391B3430,20210419,120.168166,23.049677,交通事故,一般地址,臺南市安南區安中路4段19714號,1,晴,30,交岔路,交叉路口,無號誌,車與車,未依規定讓車
11004AC391B3433,20210422,120.203909,23.050558,交通事故,一般地址,臺南市安南區長溪路2段410號,1,晴,30,交岔路,交叉路口,無號誌,車與車,未依規定讓車
11004AC391B3435,20210420,120.191469,23.030124,交通事故,交叉路口,臺南市安南區安通路段號大安街26,2,晴,50,交岔路,交叉路口,閃光號誌,車與車,左轉彎未依規定
11004AC391B3437,20210422,120.237952,23.053202,交通事故,一般地址,臺南市安南區長和路1段55號,1,晴,50,單路部分,路段,無號誌,車與車,變換車道或方向不當
11004AC391B3439,20210421,120.122299,23.024749,交通事故,交叉路口,臺南市安南區北汕尾一路段號北汕尾一路530,1,晴,30,交岔路,交叉路口,無號誌,車與車,未注意車前狀態
11004AC391B3441,20210430,120.193266,23.043938,交通事故,一般地址,臺南市安南區同安路段390號0,2,晴,50,單路部分,路段,無號誌,人與汽(機)車,未注意車前狀態
11004AC391B3443,20210423,120.184007,23.047065,交通事故,交叉路口,臺南市安南區海佃路段號安中路,1,晴,50,交岔路,交叉路口,行車管制號誌,車與車,違反號誌管制或指揮
11004AC391B3444,20210415,120.19287,23.043362,交通事故,其他,臺南市安南區段號同安路358號,1,晴,50,單路部分,路段,無號誌,人與汽(機)車,未依規定行走行人穿越道、地下道、天橋而穿越道路
11004AC391B3445,20210430,120.176494,23.059531,交通事故,其他,臺南市安南區段號海佃路四段180號前,1,晴,50,單路部分,路段,無號誌,汽(機)車本身,不明原因肇事
11004AC391B3446,20210430,120.176474,23.059537,交通事故,其他,臺南市安南區段號海佃路四段180號前,1,晴,50,單路部分,路段,無號誌,汽(機)車本身,不明原因肇事
11004AC391B3452,20210426,120.135163,23.076976,交通事故,交叉路口,臺南市安南區安明路段號城北路736,1,晴,70,交岔路,交叉路口,行車管制號誌,車與車,違反號誌管制或指揮
11004AC391B3453,20210426,120.189438,23.026261,交通事故,交叉路口,臺南市安南區國安街段56號國安街56131,1,晴,50,交岔路,交叉路口,無號誌,汽(機)車本身,未注意車前狀態
11004AC391B3455,20210420,120.235562,23.055408,交通事故,其他,臺南市安南區段號長和路一段與永安路口,1,晴,50,交岔路,交叉路口,行車管制號誌,車與車,未依規定讓車
11004AC391B3456,20210414,120.212789,23.049666,交通事故,其他,臺南市安南區段號北安路三段與培安四街路口南向車道,1,晴,30,單路部分,路段,無號誌,車與車,不明原因肇事
11004AC391B3457,20210412,120.19373,23.041055,交通事故,其他,臺南市安南區段號安中路一段703巷58號,1,晴,30,單路部分,路段,無號誌,車與車,未依規定讓車
11004AC391B3460,20210428,120.190218,23.030455,交通事故,一般地址,臺南市安南區海佃路2段5號,2,晴,50,單路部分,路段,無號誌,車與車,變換車道或方向不當
11004AC491B0083,20210401,120.169129,22.998745,交通事故,交叉路口,臺南市安平區安平路段號安平路606,3,晴,50,交岔路,交叉路口,行車管制號誌,車與車,違反號誌管制或指揮
11004AC491B0091,20210401,120.154632,23.000595,交通事故,交叉路口,臺南市安平區安北路段號安北路121,1,晴,50,交岔路,交叉路口,無號誌,車與車,未注意車前狀態
11004AC491B0107,20210401,120.169483,22.998636,交通事故,其他,臺南市安平區段號安平路與湖美一街口(192號前),1,晴,50,單路部分,路段,無號誌,車與車,未注意車前狀態
11004AC491B0156,20210402,120.181039,22.982624,交通事故,交叉路口,臺南市安平區建平路段號健康路3,2,晴,50,交岔路,交叉路口,行車管制號誌(附設行人專用號誌),汽(機)車本身,其他引起事故之違規或不當行為
11004AC491B0181,20210403,120.174004,22.983747,交通事故,其他,臺南市安平區段號健康路三段與華平路口附近,1,晴,50,交岔路,交叉路口,行車管制號誌,汽(機)車本身,未注意車前狀態
11004AC491B0230,20210404,120.176657,22.991049,交通事故,交叉路口,臺南市安平區永華六街段號建平八街,1,晴,50,交岔路,交叉路口,閃光號誌,車與車,未依規定讓車
11004AC491B0254,20210403,120.17563,22.998298,交通事故,一般地址,臺南市安平區安平路段376號,2,晴,50,單路部分,路段,行車管制號誌,車與車,未保持行車安全間隔
11004AC491B0282,20210405,120.169107,22.998709,交通事故,其他,臺南市安平區段號安平路608號前,1,晴,50,交岔路,交叉路口,行車管制號誌(附設行人專用號誌),車與車,未注意車前狀態
11004AC491B0354,20210406,120.172638,22.999978,交通事故,交叉路口,臺南市安平區民權路4段號安平路500,2,晴,50,交岔路,交叉路口,行車管制號誌,車與車,左轉彎未依規定
11004AC491B0560,20210409,120.158756,22.999767,交通事故,交叉路口,臺南市安平區安平路段號湖內二街,1,晴,50,交岔路,交叉路口,閃光號誌,車與車,未依規定讓車
11004AC491B0572,20210409,120.175473,22.998101,交通事故,其他,臺南市安平區段號安平路380號對面車道,2,晴,50,單路部分,路段,無號誌,車與車,迴轉未依規定
11004AC491B0608,20210408,120.18144,22.998512,交通事故,一般地址,臺南市安平區安平路段182號,1,晴,50,單路部分,其他,無號誌,車與車,其他引起事故之違規或不當行為
11004AC491B0726,20210411,120.173292,22.990897,交通事故,一般地址,臺南市安平區永華路2段664號0,1,晴,50,單路部分,路段,行車管制號誌,車與車,疲勞(患病)駕駛失控
11004AC491B0732,20210410,120.181395,22.990749,交通事故,其他,臺南市安平區段號健康三街與建平八街口附近,2,晴,50,單路部分,路段,無號誌,車與車,橫越道路不慎
11004AC491B0779,20210411,120.18362,22.994419,交通事故,交叉路口,臺南市安平區建平路段號建平十一街,1,晴,50,交岔路,交叉路口,行車管制號誌,車與車,迴轉未依規定
11004AC491B0836,20210402,120.185055,22.992235,交通事故,交叉路口,臺南市安平區永華路2段號永華十一街,1,晴,50,交岔路,交叉路口,行車管制號誌,車與車,不明原因肇事
11004AC491B0881,20210412,120.186846,22.989177,交通事故,交叉路口,臺南市安平區中華西路段號永華路,2,晴,50,交岔路,交叉路口,行車管制號誌,車與車,未注意車前狀態
11004AC491B0896,20210410,120.150493,22.998702,交通事故,交叉路口,臺南市安平區安北路段號州平二街,2,晴,50,交岔路,交叉路口,行車管制號誌,車與車,其他引起事故之違規或不當行為
11004AC491B0919,20210413,120.165369,22.992027,交通事故,一般地址,臺南市安平區永華路2段936號,1,晴,50,單路部分,其他,無號誌,汽(機)車本身,其他引起事故之違規或不當行為
11004AC491B1006,20210413,120.185848,22.989972,交通事故,交叉路口,臺南市安平區永華路2段號華平路,1,晴,50,交岔路,交叉路口,行車管制號誌,車與車,未注意車前狀態
11004AC491B1030,20210407,120.175621,22.995727,交通事故,一般地址,臺南市安平區華平路段593號,1,晴,50,交岔路,交叉路口,行車管制號誌,車與車,不明原因肇事
11004AC491B1037,20210408,120.181383,22.982582,交通事故,交叉路口,臺南市安平區健康路3段號建平路,1,晴,50,交岔路,交叉路口,行車管制號誌,車與車,違反特定標誌(線)禁制
11004AC491B1044,20210412,120.184066,22.996229,交通事故,交叉路口,臺南市安平區建平路段號建平十五街,1,晴,50,交岔路,交叉路口,無號誌,車與車,未依規定讓車
11004AC491B1072,20210412,120.161017,23.002868,交通事故,交叉路口,臺南市安平區安北路段號古堡街,1,晴,50,交岔路,交叉路口,行車管制號誌,車與車,右轉彎未依規定
11004AC491B1083,20210405,120.160454,22.987891,交通事故,交叉路口,臺南市安平區光州路段號光州四街,2,晴,50,單路部分,路段,無號誌,汽(機)車本身,其他引起事故之違規或不當行為
11004AC491B1138,20210410,120.162658,22.998963,交通事故,一般地址,臺南市安平區運河路段16號0,1,晴,50,單路部分,路段,無號誌,車與車,起步未注意其他車(人)安全
11004AC491B1160,20210415,120.175024,22.990443,交通事故,交叉路口,臺南市安平區永華路2段號華平路,1,晴,50,交岔路,交叉路口,行車管制號誌,車與車,右轉彎未依規定
11004AC491B1175,20210410,120.183746,22.994441,交通事故,交叉路口,臺南市安平區建平路段號建平十一街,2,晴,50,交岔路,交叉路口,無號誌,車與車,其他引起事故之違規或不當行為
11004AC491B1245,20210415,120.186393,22.996882,交通事故,其他,臺南市安平區段號中華西路二段與府前一街口,3,晴,50,單路部分,路段,行車管制號誌,車與車,未保持行車安全距離
11004AC491B1262,20210401,120.164713,22.999523,交通事故,交叉路口,臺南市安平區運河路段號安平路,2,晴,50,交岔路,交叉路口,行車管制號誌,車與車,逆向行駛
11004AC491B1394,20210414,120.178721,22.993207,交通事故,交叉路口,臺南市安平區文平路段號怡平路,1,晴,50,交岔路,交叉路口,行車管制號誌,車與車,未依規定讓車
11004AC491B1537,20210406,120.185055,22.992235,交通事故,交叉路口,臺南市安平區永華路2段號永華三街,1,晴,50,交岔路,交叉路口,行車管制號誌,車與車,未保持行車安全間隔
11004AC491B1544,20210419,120.179007,22.995417,交通事故,其他,臺南市安平區段號文平路與建平十二街口,1,晴,50,交岔路,交叉路口,閃光號誌,車與車,未依規定讓車
11004AC491B1612,20210419,120.169961,22.997515,交通事故,一般地址,臺南市安平區慶平路段569號,1,晴,50,單路部分,其他,無號誌,車與車,其他引起事故之違規或不當行為
11004AC491B1630,20210414,120.168572,22.989039,交通事故,交叉路口,臺南市安平區健康三街段號郡平路,1,晴,50,交岔路,交叉路口,行車管制號誌,車與車,未依規定讓車
11004AC491B1633,20210419,120.186579,22.993513,交通事故,一般地址,臺南市安平區中華西路2段345號,1,晴,60,單路部分,路段,無號誌,車與車,未注意車前狀態
11004AC491B1740,20210419,120.175936,22.999131,交通事故,交叉路口,臺南市安平區民權路4段號華平路,2,晴,50,交岔路,交叉路口,行車管制號誌(附設行人專用號誌),車與車,逆向行駛
11004AC491B1789,20210421,120.181469,22.983844,交通事故,交叉路口,臺南市安平區建平路段號建平一街,2,晴,50,交岔路,交叉路口,行車管制號誌,車與車,違反號誌管制或指揮
11004AC491B1802,20210412,120.161693,23.003067,交通事故,一般地址,臺南市安平區安北路段150之1號,1,晴,50,單路部分,路段,無號誌,車與車,開啟車門不當而肇事
11004AC491B1813,20210421,120.182986,22.991481,交通事故,交叉路口,臺南市安平區建平路段號南島路,1,晴,50,交岔路,交叉路口,無號誌,車與車,未依規定讓車
11004AC491B1818,20210415,120.17928,22.99693,交通事故,交叉路口,臺南市安平區慶平路段號文平路,1,晴,50,交岔路,交叉路口,行車管制號誌,車與車,未依規定讓車
11004AC491B1821,20210418,120.186557,22.997939,交通事故,交叉路口,臺南市安平區中華西路2段號安平路,1,晴,50,交岔路,交叉路口,行車管制號誌,車與車,違反號誌管制或指揮
11004AC491B1853,20210415,120.160271,23.002637,交通事故,一般地址,臺南市安平區安北路段175號,1,晴,50,單路部分,路段,無號誌,車與車,起步未注意其他車(人)安全