案件編號,發生日期,GPS經度,GPS緯度,案件類別名稱,地址類型名稱,發生縣市名稱,受傷人數,天候名稱, 速限-第1當事者,道路型態大類別名稱,事故位置大類別名稱,號誌-號誌種類名稱,事故類型及型態大類別名稱,肇因研判子類別名稱-主要
11004AC491B1881,20210407,120.171211,22.984263,交通事故,一般地址,臺南市安平區健康路3段308號,1,晴,50,交岔路,交叉路口,無號誌,車與車,右轉彎未依規定
11004AC491B1913,20210417,120.186557,22.997939,交通事故,交叉路口,臺南市安平區中華西路2段號安平路,1,晴,50,交岔路,交叉路口,行車管制號誌,車與車,未依規定讓車
11004AC491B1918,20210421,120.159106,22.997473,交通事故,交叉路口,臺南市安平區運河路段號湖內二街,1,晴,50,交岔路,交叉路口,無號誌,車與車,未保持行車安全間隔
11004AC491B1920,20210423,120.15754,22.978956,交通事故,其他,臺南市安平區段號漁光路(網球場停車場前),1,晴,50,單路部分,路段,無號誌,車與車,左轉彎未依規定
11004AC491B1968,20210421,120.177451,22.989991,交通事故,一般地址,臺南市安平區永華路2段551號0,3,晴,50,單路部分,路段,無號誌,車與車,未注意車前狀態
11004AC491B1990,20210405,120.172797,22.989611,交通事故,交叉路口,臺南市安平區永華七街段號建平七街,1,晴,50,交岔路,交叉路口,閃光號誌,車與車,未依規定讓車
11004AC491B2018,20210409,120.182986,22.991481,交通事故,交叉路口,臺南市安平區建平路段號南島路,1,晴,50,交岔路,交叉路口,無號誌,車與車,未依規定讓車
11004AC491B2021,20210419,120.158815,22.996841,交通事故,其他,臺南市安平區段號運河路南向北方向,1,晴,50,單路部分,其他,無號誌,車與車,其他引起事故之違規或不當行為
11004AC491B2028,20210421,120.186557,22.997939,交通事故,交叉路口,臺南市安平區中華西路2段號安平路,1,晴,50,交岔路,交叉路口,行車管制號誌(附設行人專用號誌),汽(機)車本身,其他引起事故之違規或不當行為
11004AC491B2035,20210420,120.168072,22.999043,交通事故,交叉路口,臺南市安平區安北路段號安平路680,1,晴,50,交岔路,交叉路口,無號誌,車與車,其他引起事故之違規或不當行為
11004AC491B2057,20210421,120.153547,22.997837,交通事故,其他,臺南市安平區段號水景橋東向西方向,1,晴,50,單路部分,其他,行車管制號誌,車與車,未保持行車安全距離
11004AC491B2116,20210421,120.171578,22.995202,交通事故,交叉路口,臺南市安平區國平路段號育平九街,1,晴,50,交岔路,交叉路口,行車管制號誌,車與車,其他引起事故之違規或不當行為
11004AC491B2172,20210412,120.167596,22.993062,交通事故,交叉路口,臺南市安平區育平七街段號育平路,1,晴,50,交岔路,交叉路口,閃光號誌,車與車,其他引起事故之違規或不當行為
11004AC491B2178,20210401,120.177959,22.99679,交通事故,一般地址,臺南市安平區慶平路段221號,2,晴,50,單路部分,路段,無號誌,車與車,違反特定標誌(線)禁制
11004AC491B2247,20210426,120.181966,22.995056,交通事故,交叉路口,臺南市安平區建平十二街段號永華三街,1,晴,50,交岔路,交叉路口,閃光號誌,車與車,未依規定讓車
11004AC491B2276,20210412,120.168572,22.989039,交通事故,交叉路口,臺南市安平區郡平路段號健康三街,1,晴,0,單路部分,路段,行車管制號誌,車與車,逆向行駛
11004AC491B2306,20210426,120.170551,22.997182,交通事故,一般地址,臺南市安平區平通路段580137號,1,晴,50,單路部分,其他,無號誌,車與車,其他引起事故之違規或不當行為
11004AC491B2316,20210426,120.144748,22.996272,交通事故,其他,臺南市安平區段號安北路與城平路口,1,陰,50,交岔路,交叉路口,無號誌,車與車,未依規定使用燈光
11004AC491B2323,20210426,120.185848,22.989972,交通事故,交叉路口,臺南市安平區永華路2段號南榕大道,1,晴,50,交岔路,交叉路口,無號誌,車與車,未依規定讓車
11004AC491B2376,20210416,120.168681,22.989587,交通事故,交叉路口,臺南市安平區健康三街段號育平四街,2,晴,50,交岔路,交叉路口,無號誌,車與車,未依規定讓車
11004AC491B2426,20210403,120.186818,22.988849,交通事故,交叉路口,臺南市安平區中華西路2段號永華路2,3,晴,50,交岔路,交叉路口,行車管制號誌(附設行人專用號誌),車與車,未注意車前狀態
11004AC491B2485,20210417,120.183485,22.982012,交通事故,交叉路口,臺南市安平區健康路3段號建平路,1,晴,50,交岔路,交叉路口,行車管制號誌,車與車,右轉彎未依規定
11004AC491B2498,20210423,120.161518,22.98497,交通事故,交叉路口,臺南市安平區健康路3段號光州路,1,晴,50,交岔路,交叉路口,行車管制號誌,車與車,不明原因肇事
11004AC491B2528,20210428,120.178341,22.985537,交通事故,其他,臺南市安平區段號建平三街與建平三街65巷口,1,晴,50,交岔路,交叉路口,無號誌,車與車,未依規定讓車
11004AC491B2535,20210429,120.173098,22.997043,交通事故,其他,臺南市安平區段號慶平路與永華八街口,1,雨,50,交岔路,交叉路口,行車管制號誌,車與車,違反號誌管制或指揮
11004AC491B2580,20210401,120.180946,22.988648,交通事故,一般地址,臺南市安平區建平七街段212號,1,晴,50,單路部分,路段,無號誌,車與車,迴轉未依規定
11004AC491B2581,20210405,120.163301,22.9998,交通事故,一般地址,臺南市安平區安平路段125號0,1,晴,50,單路部分,路段,無號誌,人與汽(機)車,未注意車前狀態
11004AC491B2582,20210411,120.16753,22.98918,交通事故,一般地址,臺南市安平區郡平路段188號0,1,晴,50,單路部分,路段,無號誌,車與車,左轉彎未依規定
11004AC491B2583,20210412,120.179249,22.987588,交通事故,一般地址,臺南市安平區建平五街段102號,1,晴,50,單路部分,路段,無號誌,車與車,疲勞(患病)駕駛失控
11004AC491B2584,20210416,120.171991,22.989707,交通事故,交叉路口,臺南市安平區建平七街段號永華八街,1,晴,50,交岔路,交叉路口,行車管制號誌,車與車,未依規定讓車
11004AC491B2585,20210417,120.158798,22.996803,交通事故,交叉路口,臺南市安平區湖內一街段號運河路,3,晴,50,單路部分,路段,無號誌,車與車,其他裝載不當肇事
11004AC491B2586,20210418,120.164839,23.002084,交通事故,交叉路口,臺南市安平區安北路段號平生路,1,晴,50,交岔路,交叉路口,行車管制號誌,車與車,變換車道或方向不當
11004AC491B2587,20210424,120.172012,22.989717,交通事故,交叉路口,臺南市安平區建平七街段號永華八街,1,晴,50,交岔路,交叉路口,閃光號誌,車與車,左轉彎未依規定
11004AC491B2588,20210428,120.186123,22.989252,交通事故,一般地址,臺南市安平區永華路2段2號0,1,晴,50,單路部分,路段,無號誌,車與車,變換車道或方向不當
11004AC491B2623,20210426,120.185064,22.993149,交通事故,一般地址,臺南市安平區府前路2段558號,1,陰,50,單路部分,路段,無號誌,車與車,違反特定標誌(線)禁制
11004AC491B2645,20210426,120.168072,22.999043,交通事故,交叉路口,臺南市安平區安平路段號安北路,1,晴,50,交岔路,交叉路口,行車管制號誌,車與車,未依規定讓車
11004AC491B2667,20210429,120.163727,22.997981,交通事故,其他,臺南市安平區段號安億橋上,2,晴,50,單路部分,路段,無號誌,人與汽(機)車,未注意車前狀態
11004AC491B2669,20210430,120.186928,22.990983,交通事故,其他,臺南市安平區段號中華西路二段與南島路口,1,晴,60,交岔路,交叉路口,行車管制號誌(附設行人專用號誌),車與車,未依規定讓車
11004AC491B2695,20210430,120.175968,22.998143,交通事故,交叉路口,臺南市安平區安平路段號華平路,1,晴,50,交岔路,交叉路口,行車管制號誌,車與車,未注意車前狀態
11004AC491B2700,20210430,120.169615,22.99764,交通事故,交叉路口,臺南市安平區慶平路段號健康三街,1,晴,50,交岔路,交叉路口,行車管制號誌(附設行人專用號誌),車與車,左轉彎未依規定
11004AC491B2737,20210429,120.175671,22.99533,交通事故,交叉路口,臺南市安平區華平路段號建平十一街,1,陰,50,交岔路,交叉路口,行車管制號誌,車與車,未依規定讓車
11004AC491B2741,20210429,120.169483,22.998636,交通事故,交叉路口,臺南市安平區安平路段號安平路446,1,晴,50,交岔路,交叉路口,閃光號誌,車與車,未依規定讓車
11004AC491B2752,20210430,120.157058,22.979956,交通事故,一般地址,臺南市安平區漁光路段134號,1,晴,50,單路部分,路段,無號誌,車與車,未注意車前狀態
11004AC491B2903,20210428,120.169317,22.990703,交通事故,其他,臺南市安平區段號育平五街26號前附近,2,晴,50,單路部分,路段,無號誌,人與汽(機)車,未注意車前狀態
11004AC491B2904,20210419,120.174133,22.998044,交通事故,交叉路口,臺南市安平區安平路段號安平路426,2,晴,50,交岔路,交叉路口,行車管制號誌,車與車,未保持行車安全距離
11004AC491B2961,20210406,120.170489,22.995302,交通事故,交叉路口,臺南市安平區育平九街段號平通路580,1,晴,50,交岔路,交叉路口,閃光號誌,車與車,未依規定讓車
11004AC491B2987,20210419,120.182805,22.989509,交通事故,一般地址,臺南市安平區永華路2段161號,4,晴,50,單路部分,路段,無號誌,車與車,未保持行車安全間隔
11004AC491B2999,20210406,120.178135,22.982912,交通事故,一般地址,臺南市安平區健康路3段15號,1,晴,50,單路部分,路段,無號誌,車與車,右轉彎未依規定
11004AC491B3072,20210421,120.163878,22.993166,交通事故,交叉路口,臺南市安平區平豐路段號育平七街,1,晴,50,交岔路,交叉路口,無號誌,車與車,迴轉未依規定
11004AC491B3080,20210405,120.146586,22.991963,交通事故,一般地址,臺南市安平區安港路段4811燈桿號,1,晴,50,單路部分,路段,無號誌,汽(機)車本身,不明原因肇事
11004AC491B3096,20210401,120.169779,22.998543,交通事故,交叉路口,臺南市安平區安平路段號健康三街,1,晴,50,交岔路,交叉路口,行車管制號誌(附設行人專用號誌),車與車,右轉彎未依規定
11004AC491B3101,20210401,120.175454,22.993597,交通事故,交叉路口,臺南市安平區華平路段號怡平路,1,晴,50,交岔路,交叉路口,行車管制號誌,車與車,左轉彎未依規定
11004AC491B3102,20210421,120.182242,22.99689,交通事故,交叉路口,臺南市安平區慶平路段號永華三街,1,晴,50,交岔路,交叉路口,行車管制號誌,人與汽(機)車,其他引起事故之疏失或行為
11004AC491B3113,20210418,120.186629,22.987118,交通事故,一般地址,臺南市安平區中華西路2段23號,1,晴,60,單路部分,路段,無號誌,車與車,未保持行車安全距離
11004AC491B3200,20210410,120.160193,22.989691,交通事故,其他,臺南市安平區段號光洲路上近郡平路(億載公園東側對面車道),2,晴,50,單路部分,路段,無號誌,車與車,未保持行車安全間隔
11004AC491B3202,20210408,120.166419,22.99853,交通事故,交叉路口,臺南市安平區安平路段5116號安平路338,2,晴,50,交岔路,交叉路口,無號誌,車與車,未依規定讓車
11004AC491B3203,20210413,120.171116,22.984275,交通事故,其他,臺南市安平區段號臺南地院前停車場出入口(健康路東往西方向),1,晴,50,單路部分,路段,無號誌,車與車,右轉彎未依規定
11004AC491B3204,20210414,120.184251,22.997265,交通事故,交叉路口,臺南市安平區建平十七街段號建平路,1,晴,50,交岔路,交叉路口,行車管制號誌,車與車,未注意車前狀態
11004AC491B3205,20210415,120.181177,22.989912,交通事故,一般地址,臺南市安平區永華路2段216號,1,晴,50,單路部分,其他,無號誌,車與車,逆向行駛
11004AC491B3206,20210416,120.184708,22.999099,交通事故,交叉路口,臺南市安平區民權路4段號安平路80,2,晴,50,交岔路,交叉路口,行車管制號誌,車與車,違反號誌管制或指揮
11004AC491B3207,20210416,120.175457,22.985852,交通事故,交叉路口,臺南市安平區建平三街段號建平一街224,2,晴,50,交岔路,交叉路口,閃光號誌,車與車,未依規定讓車
11004AC491B3218,20210420,120.179149,22.993115,交通事故,一般地址,臺南市安平區怡平路段137號,1,晴,50,單路部分,路段,無號誌,車與車,起步未注意其他車(人)安全
11004AC491B3219,20210421,120.169749,22.99861,交通事故,交叉路口,臺南市安平區安平路段號健康三街,2,晴,50,交岔路,交叉路口,行車管制號誌(附設行人專用號誌),車與車,其他引起事故之違規或不當行為
11004AC491B3220,20210410,120.163721,22.995393,交通事故,其他,臺南市安平區段號安億公園西側,3,晴,50,單路部分,路段,無號誌,人與汽(機)車,未依規定行走行人穿越道、地下道、天橋而穿越道路
11004AC491B3256,20210430,120.175856,22.996727,交通事故,交叉路口,臺南市安平區慶平路段號華平路,3,晴,50,交岔路,交叉路口,行車管制號誌,車與車,違反號誌管制或指揮
11004AC491B3257,20210426,120.183135,22.992152,交通事故,交叉路口,臺南市安平區建平路段號平通路,1,晴,50,交岔路,交叉路口,行車管制號誌,車與車,未依規定讓車
11004AC491B3260,20210412,120.18327,22.994466,交通事故,一般地址,臺南市安平區建平十一街段56號,1,晴,50,單路部分,路段,無號誌,車與車,逆向行駛
11004AC491B3281,20210429,120.183135,22.992152,交通事故,交叉路口,臺南市安平區平通路段號建平路,2,晴,50,交岔路,交叉路口,行車管制號誌,人與汽(機)車,搶越行人穿越道
11004AC491B3465,20210416,120.165657,23.001464,交通事故,交叉路口,臺南市安平區安北路段號安北路86,2,晴,50,交岔路,交叉路口,無號誌,車與車,左轉彎未依規定
11004AC591A0009,20210416,120.200615,23.011732,交通事故,交叉路口,臺南市北區海安路三段段號和緯路,0,晴,40,交岔路,交叉路口,行車管制號誌,車與車,左轉彎未依規定
11004AC591B0011,20210401,120.210746,23.016398,交通事故,交叉路口,臺南市北區西門路段號北安路,2,晴,40,交岔路,交叉路口,行車管制號誌,車與車,未注意車前狀態
11004AC591B0047,20210401,120.199898,23.003897,交通事故,交叉路口,臺南市北區海安路3段號臨安路2,3,晴,50,交岔路,交叉路口,行車管制號誌(附設行人專用號誌),車與車,左轉彎未依規定
11004AC591B0063,20210402,120.184934,23.011312,交通事故,一般地址,臺南市北區中華北路一段段號,1,晴,60,交岔路,交叉路口,行車管制號誌,車與車,右轉彎未依規定
11004AC591B0087,20210402,120.224962,23.004477,交通事故,一般地址,臺南市北區林森路三段段138號,3,晴,40,交岔路,交叉路口,行車管制號誌,車與車,其他引起事故之違規或不當行為
11004AC591B0125,20210402,120.209555,23.00248,交通事故,其他,臺南市北區段號公園路轉運站前,1,晴,50,交岔路,交叉路口,行車管制號誌(附設行人專用號誌),車與車,未保持行車安全間隔
11004AC591B0151,20210403,120.21694,23.012697,交通事故,交叉路口,臺南市北區北門路二段段號長榮路,2,晴,50,交岔路,交叉路口,行車管制號誌,車與車,未注意車前狀態
11004AC591B0190,20210403,120.181215,23.005019,交通事故,其他,臺南市北區段號和緯路五段與湖美一街口,2,晴,50,交岔路,交叉路口,行車管制號誌(附設行人專用號誌),汽(機)車本身,超速失控
11004AC591B0197,20210401,120.200657,23.012644,交通事故,交叉路口,臺南市北區海安路三段段號文成路,1,晴,50,交岔路,交叉路口,行車管制號誌,車與車,未依規定讓車
11004AC591B0199,20210402,120.22479,23.010216,交通事故,交叉路口,臺南市北區開元路段號開元路485,2,晴,50,交岔路,交叉路口,行車管制號誌,車與車,未依規定讓車
11004AC591B0200,20210404,120.208759,23.001112,交通事故,交叉路口,臺南市北區公園路段號公園南路,2,晴,50,交岔路,其他,行車管制號誌(附設行人專用號誌),人與汽(機)車,違反號誌管制或指揮
11004AC591B0201,20210401,120.189004,23.008074,交通事故,交叉路口,臺南市北區和緯路四段段號大興街233,1,晴,40,交岔路,交叉路口,行車管制號誌,車與車,未注意車前狀態
11004AC591B0215,20210404,120.215821,23.01863,交通事故,交叉路口,臺南市北區公園路段號公園路1074,1,晴,50,交岔路,交叉路口,行車管制號誌,車與車,違反號誌管制或指揮
11004AC591B0243,20210404,120.185901,23.007256,交通事故,一般地址,臺南市北區中華北路一段段23號,1,晴,60,單路部分,路段,無號誌,車與車,其他引起事故之違規或不當行為
11004AC591B0245,20210404,120.193722,23.006341,交通事故,一般地址,臺南市北區文賢路段490號,1,晴,50,單路部分,路段,無號誌,車與車,未保持行車安全間隔
11004AC591B0257,20210404,120.199979,23.003792,交通事故,交叉路口,臺南市北區海安路三段段號公園南路,1,晴,50,交岔路,交叉路口,行車管制號誌(附設行人專用號誌),車與車,左轉彎未依規定
11004AC591B0290,20210405,120.219742,23.005816,交通事故,交叉路口,臺南市北區開元路段14823號開元路148,1,晴,30,交岔路,交叉路口,無號誌,車與車,未靠右行駛
11004AC591B0317,20210403,120.206014,23.001382,交通事故,其他,臺南市北區段號忠義路三段98號對面,3,晴,40,單路部分,路段,無號誌,車與車,未保持行車安全距離
11004AC591B0320,20210405,120.214575,23.016474,交通事故,一般地址,臺南市北區公園路段980號,2,晴,50,單路部分,路段,無號誌,車與車,左轉彎未依規定
11004AC591B0328,20210406,120.211321,23.021157,交通事故,一般地址,臺南市北區西門路四段段533號,1,晴,50,交岔路,交叉路口,行車管制號誌(附設行人專用號誌),車與車,未注意車前狀態
11004AC591B0329,20210401,120.218549,23.000891,交通事故,交叉路口,臺南市北區小東路段號勝利路,1,晴,0,交岔路,交叉路口,行車管制號誌(附設行人專用號誌),車與車,違反號誌管制或指揮
11004AC591B0331,20210404,120.209256,23.017155,交通事故,交叉路口,臺南市北區北安路一段段號育賢街,1,晴,50,交岔路,交叉路口,行車管制號誌,車與車,未依規定讓車
11004AC591B0348,20210406,120.196507,23.010257,交通事故,一般地址,臺南市北區和緯路三段段296號,1,晴,50,單路部分,路段,無號誌,車與車,未保持行車安全距離
11004AC591B0357,20210406,120.206429,23.012186,交通事故,交叉路口,臺南市北區和緯路段號育德路,1,晴,40,交岔路,交叉路口,行車管制號誌,車與車,未保持行車安全距離
11004AC591B0359,20210406,120.200097,23.018617,交通事故,交叉路口,臺南市北區海安路三段段號北成路,1,晴,5,交岔路,交叉路口,行車管制號誌,車與車,未依規定讓車
11004AC591B0394,20210404,120.200657,23.012644,交通事故,交叉路口,臺南市北區海安路三段段號文成路,1,晴,50,交岔路,交叉路口,行車管制號誌(附設行人專用號誌),汽(機)車本身,其他引起事故之違規或不當行為
11004AC591B0425,20210407,120.216967,23.012774,交通事故,交叉路口,臺南市北區北門路三段段號長榮路五段,2,晴,50,交岔路,交叉路口,行車管制號誌(附設行人專用號誌),車與車,違反號誌管制或指揮
11004AC591B0479,20210407,120.184951,23.011402,交通事故,交叉路口,臺南市北區觀海橋段號中華北路,1,晴,60,交岔路,交叉路口,行車管制號誌,車與車,其他引起事故之違規或不當行為
11004AC591B0526,20210408,120.214963,23.01268,交通事故,其他,臺南市北區段號長榮路五段383巷口,2,晴,30,交岔路,交叉路口,無號誌,車與車,未依規定讓車
11004AC591B0539,20210408,120.194236,23.014038,交通事故,一般地址,臺南市北區文賢路段103036號,1,晴,30,交岔路,交叉路口,無號誌,車與車,未依規定讓車
11004AC591B0540,20210408,120.208215,23.015096,交通事故,一般地址,臺南市北區育賢街段259號,1,晴,50,單路部分,路段,無號誌,汽(機)車本身,疲勞(患病)駕駛失控
11004AC591B0555,20210407,120.213586,23.003894,交通事故,交叉路口,臺南市北區北門路二段段號東豐路,1,晴,50,交岔路,交叉路口,行車管制號誌(附設行人專用號誌),車與車,未保持行車安全間隔
11004AC591B0566,20210408,120.210905,22.999089,交通事故,一般地址,臺南市北區北忠街段66之2號,2,晴,50,單路部分,路段,無號誌,人與汽(機)車,未依規定行走行人穿越道、地下道、天橋而穿越道路
11004AC591B0575,20210407,120.216756,23.006017,交通事故,交叉路口,臺南市北區開元路段號前鋒路,1,晴,50,交岔路,交叉路口,行車管制號誌(附設行人專用號誌),車與車,左轉彎未依規定
11004AC591B0578,20210409,120.213093,23.014721,交通事故,交叉路口,臺南市北區公園路段號北安路一段,1,晴,50,交岔路,交叉路口,行車管制號誌(附設行人專用號誌),車與車,其他引起事故之違規或不當行為
11004AC591B0593,20210409,120.195008,23.012255,交通事故,交叉路口,臺南市北區文成路段780號文成路,2,陰,30,交岔路,交叉路口,行車管制號誌,汽(機)車本身,其他引起事故之違規或不當行為
11004AC591B0596,20210409,120.204944,22.99848,交通事故,交叉路口,臺南市北區成功路段號忠義路3,1,陰,50,交岔路,交叉路口,行車管制號誌(附設行人專用號誌),車與車,未依規定讓車
11004AC591B0622,20210409,120.207674,23.017651,交通事故,交叉路口,臺南市北區育德路段號育成路,1,晴,50,單路部分,路段,無號誌,汽(機)車本身,其他引起事故之違規或不當行為
11004AC591B0641,20210409,120.215928,23.019036,交通事故,一般地址,臺南市北區公園路段1092號,2,晴,50,交岔路,交叉路口,行車管制號誌,車與車,違反號誌管制或指揮
11004AC591B0647,20210407,120.224838,23.003147,交通事故,交叉路口,臺南市北區林森路三段段號林森路三段84,2,晴,50,交岔路,路段,行車管制號誌,車與車,未注意車前狀態
11004AC591B0653,20210404,120.200925,23.009598,交通事故,交叉路口,臺南市北區立賢路一段段號海安路三段500100,2,晴,50,交岔路,交叉路口,無號誌,車與車,左轉彎未依規定
11004AC591B0686,20210410,120.199633,23.002398,交通事故,交叉路口,臺南市北區海安路三段段號海安路三段74,1,晴,50,交岔路,交叉路口,行車管制號誌(附設行人專用號誌),車與車,未依規定使用燈光
11004AC591B0687,20210410,120.213093,23.014721,交通事故,交叉路口,臺南市北區北安路一段段號公園路597,1,晴,30,交岔路,交叉路口,無號誌,車與車,未依規定讓車
11004AC591B0689,20210410,120.210865,23.000495,交通事故,交叉路口,臺南市北區公園南路段號西華街,1,晴,50,交岔路,交叉路口,行車管制號誌(附設行人專用號誌),車與車,未依規定讓車
11004AC591B0731,20210410,120.193868,23.012054,交通事故,交叉路口,臺南市北區文賢路段號大興街,1,晴,50,交岔路,交叉路口,行車管制號誌(附設行人專用號誌),車與車,左轉彎未依規定
11004AC591B0764,20210411,120.216756,23.006017,交通事故,交叉路口,臺南市北區開元路段號前鋒路,2,晴,50,交岔路,交叉路口,行車管制號誌(附設行人專用號誌),車與車,其他引起事故之違規或不當行為
11004AC591B0777,20210411,120.21075,23.010586,交通事故,交叉路口,臺南市北區公園路段號和緯路二段,1,晴,50,交岔路,交叉路口,行車管制號誌,車與車,未依規定讓車
11004AC591B0785,20210411,120.210755,23.016316,交通事故,交叉路口,臺南市北區西門路四段段號北安路一段,1,晴,40,交岔路,交叉路口,行車管制號誌(附設行人專用號誌),車與車,未注意車前狀態
11004AC591B0799,20210410,120.196143,23.008902,交通事故,一般地址,臺南市北區文賢一路段120號,1,晴,50,單路部分,路段,無號誌,車與車,其他引起事故之違規或不當行為
11004AC591B0812,20210411,120.193738,23.014625,交通事故,交叉路口,臺南市北區文賢路段號大港街,3,晴,50,單路部分,路段,無號誌,車與車,未注意車前狀態
11004AC591B0826,20210412,120.218549,23.000891,交通事故,交叉路口,臺南市北區小東路段號勝利路,1,晴,50,交岔路,交叉路口,行車管制號誌(附設行人專用號誌),車與車,未注意車前狀態
11004AC591B0833,20210411,120.208751,23.001054,交通事故,交叉路口,臺南市北區公園路段號公園南路,1,晴,50,交岔路,交叉路口,行車管制號誌(附設行人專用號誌),車與車,未保持行車安全距離
11004AC591B0837,20210412,120.212621,23.015193,交通事故,一般地址,臺南市北區北安路1段6號,2,晴,40,交岔路,交叉路口,無號誌,車與車,未依規定讓車
11004AC591B0852,20210401,120.218601,23.006722,交通事故,一般地址,臺南市北區開元路段147號,2,晴,50,單路部分,路段,行車管制號誌,汽(機)車本身,未注意車前狀態
11004AC591B0861,20210407,120.185019,23.011648,交通事故,一般地址,臺南市北區中華北路一段段號0,1,晴,60,交岔路,交叉路口,行車管制號誌,汽(機)車本身,未注意車前狀態
11004AC591B0876,20210412,120.218478,23.006652,交通事故,交叉路口,臺南市北區開元路段號勝利路,1,晴,50,交岔路,交叉路口,行車管制號誌(附設行人專用號誌),車與車,未依規定讓車
11004AC591B0920,20210413,120.219599,23.007125,交通事故,一般地址,臺南市北區開元路段191號,2,晴,50,單路部分,路段,無號誌,車與車,起步未注意其他車(人)安全
11004AC591B0921,20210407,120.206429,23.012186,交通事故,交叉路口,臺南市北區和緯路段號育德路,3,晴,50,交岔路,交叉路口,行車管制號誌,車與車,未依規定讓車
11004AC591B0922,20210413,120.227719,23.009427,交通事故,一般地址,臺南市北區開元路段44260號,1,晴,30,交岔路,交叉路口,無號誌,車與車,未依規定讓車
11004AC591B0936,20210413,120.212474,22.99945,交通事故,一般地址,臺南市北區北門路2段101號,1,晴,50,交岔路,交叉路口,無號誌,車與車,起步未注意其他車(人)安全
11004AC591B0940,20210413,120.21154,23.012995,交通事故,一般地址,臺南市北區公園路段591之43號號,1,晴,50,單路部分,路段,無號誌,車與車,起步未注意其他車(人)安全
11004AC591B0955,20210413,120.18255,23.009258,交通事故,一般地址,臺南市北區大興街段412號,1,晴,50,單路部分,路段,無號誌,車與車,違反特定標誌(線)禁制
11004AC591B0964,20210414,120.208162,22.999776,交通事故,一般地址,臺南市北區北忠街段139號,1,晴,50,單路部分,路段,無號誌,汽(機)車本身,其他引起事故之違規或不當行為
11004AC591B1047,20210414,120.205015,23.003551,交通事故,一般地址,臺南市北區長北街段162號,2,晴,30,單路部分,路段,無號誌,車與車,其他引起事故之違規或不當行為
11004AC591B1053,20210413,120.193557,23.014713,交通事故,一般地址,臺南市北區文賢路段723號0,2,晴,50,交岔路,交叉路口,行車管制號誌(附設行人專用號誌),車與車,其他引起事故之違規或不當行為
11004AC591B1073,20210407,120.220865,23.007686,交通事故,交叉路口,臺南市北區開元路段號長榮路五段,1,晴,50,交岔路,交叉路口,行車管制號誌,汽(機)車本身,其他引起事故之違規或不當行為
11004AC591B1077,20210415,120.214903,23.007293,交通事故,交叉路口,臺南市北區北門路二段段號北門路二段237,1,晴,30,交岔路,交叉路口,閃光號誌,車與車,未注意車前狀態
11004AC591B1101,20210415,120.228173,23.000244,交通事故,一般地址,臺南市北區東豐路段607號,1,晴,40,交岔路,交叉路口,無號誌,車與車,起步未注意其他車(人)安全
11004AC591B1117,20210413,120.215379,23.00839,交通事故,一般地址,臺南市北區北門路二段段301號,1,晴,30,單路部分,路段,無號誌,車與車,未保持行車安全間隔
11004AC591B1128,20210415,120.20917,23.02225,交通事故,交叉路口,臺南市北區西門路四段段533號中華北路二段,1,晴,50,交岔路,交叉路口,行車管制號誌,車與車,右轉彎未依規定
11004AC591B1130,20210415,120.203515,23.002553,交通事故,交叉路口,臺南市北區公園南路段號西門路三段,1,晴,50,交岔路,交叉路口,無號誌,車與車,倒車未依規定
11004AC591B1164,20210416,120.200138,23.00535,交通事故,一般地址,臺南市北區海安路3段176號,1,晴,30,交岔路,交叉路口,閃光號誌,車與車,未依規定讓車
11004AC591B1190,20210401,120.2097,23.007755,交通事故,交叉路口,臺南市北區公園路段號小北路,1,晴,50,交岔路,交叉路口,行車管制號誌,車與車,左轉彎未依規定
11004AC591B1192,20210401,120.223352,23.009175,交通事故,交叉路口,臺南市北區開元路段號南園街,1,晴,50,交岔路,交叉路口,行車管制號誌(附設行人專用號誌),車與車,未注意車前狀態
11004AC591B1193,20210405,120.210712,23.016234,交通事故,交叉路口,臺南市北區西門路四段段號北安路1,3,晴,50,交岔路,交叉路口,行車管制號誌(附設行人專用號誌),車與車,未依規定讓車
11004AC591B1194,20210403,120.204218,22.99873,交通事故,交叉路口,臺南市北區成功路段號裕民街,1,晴,40,交岔路,其他,行車管制號誌(附設行人專用號誌),人與汽(機)車,搶越行人穿越道
11004AC591B1216,20210416,120.220865,23.007686,交通事故,交叉路口,臺南市北區長榮路五段段號開元路,1,晴,50,交岔路,交叉路口,行車管制號誌(附設行人專用號誌),車與車,未注意車前狀態
11004AC591B1256,20210413,120.203421,23.002481,交通事故,交叉路口,臺南市北區西門路三段段號公園南路,1,晴,50,交岔路,交叉路口,行車管制號誌(附設行人專用號誌),車與車,未依規定讓車
11004AC591B1291,20210404,120.220865,23.007686,交通事故,交叉路口,臺南市北區開元路段號長榮路五段,2,晴,50,交岔路,交叉路口,行車管制號誌(附設行人專用號誌),車與車,未保持行車安全間隔
11004AC591B1429,20210415,120.200112,23.003685,交通事故,交叉路口,臺南市北區海安路三段段號公園南路,1,晴,40,交岔路,交叉路口,行車管制號誌(附設行人專用號誌),車與車,左轉彎未依規定
11004AC591B1437,20210416,120.220865,23.007686,交通事故,交叉路口,臺南市北區國華街4段號國華街45,2,晴,50,交岔路,交叉路口,行車管制號誌,車與車,違反號誌管制或指揮