案件編號,發生日期,GPS經度,GPS緯度,案件類別名稱,地址類型名稱,發生縣市名稱,受傷人數,天候名稱, 速限-第1當事者,道路型態大類別名稱,事故位置大類別名稱,號誌-號誌種類名稱,事故類型及型態大類別名稱,肇因研判子類別名稱-主要
11004AC591B1438,20210419,120.211346,23.012042,交通事故,一般地址,臺南市北區公園路段820號,1,晴,50,交岔路,交叉路口,行車管制號誌,汽(機)車本身,不明原因肇事
11004AC591B1448,20210419,120.208016,23.018247,交通事故,交叉路口,臺南市北區北安路一段段號北安路一段212,1,晴,40,交岔路,交叉路口,行車管制號誌,車與車,未依規定讓車
11004AC591B1491,20210414,120.224581,23.013679,交通事故,其他,臺南市北區段號北園街124巷10弄-北園公兒23停車場旁,1,晴,50,交岔路,交叉路口,無號誌,車與車,未注意車前狀態
11004AC591B1493,20210418,120.201332,22.999692,交通事故,交叉路口,臺南市北區西門路3段號成功路,1,晴,50,交岔路,交叉路口,行車管制號誌(附設行人專用號誌),車與車,違反特定標誌(線)禁制
11004AC591B1497,20210412,120.208645,23.011603,交通事故,交叉路口,臺南市北區西門路段號和緯路,1,晴,50,交岔路,交叉路口,行車管制號誌,車與車,未保持行車安全間隔
11004AC591B1498,20210415,120.181289,23.007192,交通事故,交叉路口,臺南市北區賢北街段27號大興街565,1,晴,30,交岔路,交叉路口,無號誌,車與車,未依規定讓車
11004AC591B1500,20210415,120.211594,23.007273,交通事故,交叉路口,臺南市北區公園路段624號公園路634,2,晴,30,交岔路,交叉路口,無號誌,車與車,未依規定讓車
11004AC591B1503,20210416,120.203602,23.012419,交通事故,交叉路口,臺南市北區和緯路二段段號育德二路,2,晴,50,交岔路,交叉路口,行車管制號誌(附設行人專用號誌),車與車,逆向行駛
11004AC591B1504,20210417,120.206262,23.020237,交通事故,交叉路口,臺南市北區北安路一段段號北成路,1,晴,50,交岔路,交叉路口,行車管制號誌,車與車,違反號誌管制或指揮
11004AC591B1505,20210417,120.205731,23.005486,交通事故,交叉路口,臺南市北區西門路三段段號公園北路,1,晴,50,交岔路,交叉路口,行車管制號誌(附設行人專用號誌),車與車,未依規定讓車
11004AC591B1507,20210413,120.189883,23.010908,交通事故,一般地址,臺南市北區大興街段158號,1,晴,50,單路部分,路段,無號誌,車與車,未保持行車安全距離
11004AC591B1524,20210401,120.193892,23.010502,交通事故,交叉路口,臺南市北區文賢路段號文賢路680,1,晴,50,交岔路,路段,行車管制號誌,車與車,其他引起事故之違規或不當行為
11004AC591B1525,20210402,120.211409,22.998809,交通事故,交叉路口,臺南市北區富北街段號北忠街,2,晴,50,交岔路,交叉路口,閃光號誌,車與車,未依規定讓車
11004AC591B1526,20210402,120.213623,23.009866,交通事故,交叉路口,臺南市北區和緯路一段段號旭日街,2,晴,40,交岔路,交叉路口,閃光號誌,車與車,未依規定讓車
11004AC591B1527,20210420,120.207254,23.001351,交通事故,交叉路口,臺南市北區公園南路段號北華街,2,晴,30,交岔路,交叉路口,行車管制號誌,車與車,違反號誌管制或指揮
11004AC591B1528,20210409,120.204784,23.000904,交通事故,交叉路口,臺南市北區公園南路段233號北華街,2,晴,30,交岔路,交叉路口,無號誌,車與車,未依規定讓車
11004AC591B1529,20210409,120.185768,23.007861,交通事故,交叉路口,臺南市北區中華北路1段號中華北路153,1,晴,60,交岔路,交叉路口,無號誌,車與車,未依規定讓車
11004AC591B1530,20210419,120.210861,23.010616,交通事故,交叉路口,臺南市北區公園路段號和緯路一段,2,晴,50,交岔路,交叉路口,行車管制號誌,車與車,未注意車前狀態
11004AC591B1531,20210410,120.212176,23.017858,交通事故,交叉路口,臺南市北區西門路段號北成路,2,晴,30,交岔路,路段,行車管制號誌,車與車,未依規定讓車
11004AC591B1534,20210418,120.21525,23.007814,交通事故,一般地址,臺南市北區北門路2段332號,2,晴,30,單路部分,路段,無號誌,人與汽(機)車,未依規定行走行人穿越道、地下道、天橋而穿越道路
11004AC591B1579,20210420,120.20494,23.003357,交通事故,交叉路口,臺南市北區長北街段號長賢街,1,晴,30,交岔路,交叉路口,行車管制號誌,車與車,未依規定讓車
11004AC591B1583,20210420,120.223026,23.008949,交通事故,交叉路口,臺南市北區開元路段號林森路三段,1,晴,50,交岔路,交叉路口,行車管制號誌,車與車,未注意車前狀態
11004AC591B1605,20210411,120.185842,23.007845,交通事故,一般地址,臺南市北區中華北路一段段49號,1,晴,60,交岔路,路段,無號誌,車與車,開啟車門不當而肇事
11004AC591B1618,20210419,120.208738,23.000966,交通事故,交叉路口,臺南市北區公園路段號公園南路,1,晴,50,交岔路,交叉路口,行車管制號誌,車與車,違反號誌管制或指揮
11004AC591B1655,20210406,120.222329,23.000635,交通事故,交叉路口,臺南市北區小東路段號長榮路四段,1,晴,50,交岔路,交叉路口,行車管制號誌(附設行人專用號誌),人與汽(機)車,搶越行人穿越道
11004AC591B1656,20210419,120.207614,22.997989,交通事故,交叉路口,臺南市北區成功路段號廣慈街,1,晴,40,交岔路,交叉路口,閃光號誌,人與汽(機)車,未注意車前狀態
11004AC591B1662,20210415,120.208774,23.022189,交通事故,一般地址,臺南市北區中華北路二段段283號,1,晴,60,交岔路,交叉路口,行車管制號誌,車與車,未注意車前狀態
11004AC591B1672,20210420,120.207083,22.998182,交通事故,交叉路口,臺南市北區公園路段號成功路,2,晴,50,交岔路,路段,行車管制號誌,車與車,未注意車前狀態
11004AC591B1688,20210420,120.210796,23.004559,交通事故,交叉路口,臺南市北區公園路段號公園北路,2,晴,50,交岔路,交叉路口,行車管制號誌,汽(機)車本身,未保持行車安全距離
11004AC591B1691,20210421,120.223413,23.00926,交通事故,交叉路口,臺南市北區開元路段號北園街,1,晴,50,交岔路,交叉路口,行車管制號誌,車與車,未保持行車安全間隔
11004AC591B1693,20210421,120.201365,23.006422,交通事故,交叉路口,臺南市北區民德路段號育德二路,2,晴,50,交岔路,交叉路口,行車管制號誌(附設行人專用號誌),車與車,左轉彎未依規定
11004AC591B1714,20210421,120.223172,23.010755,交通事故,一般地址,臺南市北區北園街段44275號0,1,晴,50,單路部分,路段,行車管制號誌,車與車,迴轉未依規定
11004AC591B1741,20210421,120.199185,23.01839,交通事故,交叉路口,臺南市北區北成路段號文成三路682,1,晴,50,交岔路,交叉路口,閃光號誌,車與車,未依規定讓車
11004AC591B1773,20210415,120.218772,23.003773,交通事故,交叉路口,臺南市北區勝利路段號勝利路190,2,晴,50,交岔路,交叉路口,無號誌,車與車,橫越道路不慎
11004AC591B1778,20210416,120.205711,23.00952,交通事故,交叉路口,臺南市北區立賢路一段段號育德路,1,晴,50,交岔路,交叉路口,行車管制號誌,車與車,未依規定讓車
11004AC591B1779,20210416,120.185251,23.009941,交通事故,交叉路口,臺南市北區中華北路一段段號大興街,1,晴,40,交岔路,交叉路口,行車管制號誌,車與車,未保持行車安全距離
11004AC591B1782,20210416,120.220361,23.010675,交通事故,交叉路口,臺南市北區長榮路五段段號長榮路五段139,1,晴,50,交岔路,交叉路口,行車管制號誌,車與車,違反號誌管制或指揮
11004AC591B1790,20210421,120.223033,23.008972,交通事故,交叉路口,臺南市北區開元路段號林森路,2,晴,50,交岔路,交叉路口,行車管制號誌,車與車,違反號誌管制或指揮
11004AC591B1792,20210421,120.225189,23.010596,交通事故,一般地址,臺南市北區開元路段509號,3,晴,50,單路部分,路段,無號誌,車與車,起步未注意其他車(人)安全
11004AC591B1819,20210419,120.199898,23.003897,交通事故,交叉路口,臺南市北區海安路三段段號臨安路二段,1,晴,50,交岔路,交叉路口,行車管制號誌(附設行人專用號誌),汽(機)車本身,未注意車前狀態
11004AC591B1822,20210422,120.193868,23.012054,交通事故,交叉路口,臺南市北區大興街段號文賢路,1,晴,50,交岔路,交叉路口,行車管制號誌,車與車,違反號誌管制或指揮
11004AC591B1842,20210422,120.18341,23.013083,交通事故,交叉路口,臺南市北區中華北路一段段號觀海橋,1,晴,50,交岔路,交叉路口,行車管制號誌,車與車,其他引起事故之違規或不當行為
11004AC591B1851,20210422,120.181219,23.006249,交通事故,一般地址,臺南市北區和緯路五段段234425號,1,晴,30,交岔路,交叉路口,無號誌,人與汽(機)車,穿越道路未注意左右來車
11004AC591B1854,20210422,120.216223,23.010689,交通事故,交叉路口,臺南市北區北門路2段547號北門路2,1,晴,50,交岔路,交叉路口,行車管制號誌(附設行人專用號誌),車與車,違反特定標誌(線)禁制
11004AC591B1859,20210419,120.210235,23.01647,交通事故,一般地址,臺南市北區北安路一段段103號0,1,晴,50,單路部分,路段,無號誌,車與車,未保持行車安全間隔
11004AC591B1879,20210422,120.194807,23.00257,交通事故,交叉路口,臺南市北區成功路段號成功路600,1,晴,50,交岔路,交叉路口,無號誌,車與車,未依規定讓車
11004AC591B1884,20210422,120.20195,23.017974,交通事故,交叉路口,臺南市北區文成五路段號育德二路,1,晴,0,交岔路,交叉路口,行車管制號誌,車與車,左轉彎未依規定
11004AC591B1904,20210422,120.193868,23.012054,交通事故,交叉路口,臺南市北區大興街段號文賢路,1,晴,50,交岔路,交叉路口,行車管制號誌,車與車,未保持行車安全距離
11004AC591B1947,20210423,120.216772,23.012189,交通事故,其他,臺南市北區段號北門路二段大光國小前,2,晴,50,交岔路,交叉路口,行車管制號誌,車與車,其他引起事故之違規或不當行為
11004AC591B1953,20210423,120.20494,23.003358,交通事故,交叉路口,臺南市北區長北街段號長賢街,1,晴,30,交岔路,交叉路口,閃光號誌,車與車,左轉彎未依規定
11004AC591B1962,20210423,120.221169,23.012823,交通事故,交叉路口,臺南市北區北園街段87號北園街109,2,晴,30,交岔路,交叉路口,閃光號誌,車與車,未依規定讓車
11004AC591B1986,20210422,120.208751,23.001054,交通事故,交叉路口,臺南市北區公園路段號公園南路,1,晴,50,交岔路,交叉路口,行車管制號誌,車與車,未依規定讓車
11004AC591B1987,20210422,120.218478,23.012782,交通事故,交叉路口,臺南市北區長榮路五段段號長榮路五段246,2,晴,30,交岔路,交叉路口,行車管制號誌,車與車,違反特定標誌(線)禁制
11004AC591B1988,20210420,120.206676,23.007597,交通事故,交叉路口,臺南市北區西門路四段段號西門路四段65,3,晴,50,交岔路,交叉路口,行車管制號誌,車與車,右轉彎未依規定
11004AC591B2005,20210407,120.22534,23.010816,交通事故,一般地址,臺南市北區開元路段515號,1,晴,50,單路部分,路段,無號誌,車與車,其他引起事故之違規或不當行為
11004AC591B2009,20210423,120.193496,23.016265,交通事故,交叉路口,臺南市北區文賢路段1122號文賢路,2,晴,50,交岔路,交叉路口,行車管制號誌(附設行人專用號誌),車與車,未依規定讓車
11004AC591B2029,20210424,120.218946,23.006815,交通事故,一般地址,臺南市北區開元路段153號,3,晴,50,交岔路,交叉路口,無號誌,車與車,違反特定標誌(線)禁制
11004AC591B2096,20210422,120.204909,23.004314,交通事故,一般地址,臺南市北區西門路三段段260號,2,晴,50,單路部分,路段,無號誌,車與車,不明原因肇事
11004AC591B2107,20210425,120.200615,23.011732,交通事故,交叉路口,臺南市北區海安路三段段號和緯路三段,1,雨,50,交岔路,交叉路口,行車管制號誌(附設行人專用號誌),車與車,右轉彎未依規定
11004AC591B2117,20210410,120.204713,23.019891,交通事故,交叉路口,臺南市北區北成路段80號北成路8041,3,晴,30,交岔路,交叉路口,無號誌,車與車,未依規定讓車
11004AC591B2143,20210420,120.203275,23.019491,交通事故,交叉路口,臺南市北區北成路段號中華北路二段194,2,晴,50,交岔路,交叉路口,行車管制號誌,車與車,未注意車前狀態
11004AC591B2152,20210420,120.220406,23.009191,交通事故,交叉路口,臺南市北區開元路段號長榮路,1,晴,50,交岔路,交叉路口,行車管制號誌,車與車,未注意車前狀態
11004AC591B2175,20210422,120.206043,23.02124,交通事故,一般地址,臺南市北區北安路一段段388號,1,晴,30,單路部分,路段,無號誌,車與車,未保持行車安全間隔
11004AC591B2179,20210424,120.224637,23.002632,交通事故,交叉路口,臺南市北區林森路段號東豐路,1,晴,50,交岔路,交叉路口,行車管制號誌,車與車,右轉彎未依規定
11004AC591B2181,20210416,120.208717,22.997937,交通事故,交叉路口,臺南市北區成功路段號成功路22,1,晴,50,單路部分,路段,無號誌,汽(機)車本身,不明原因肇事
11004AC591B2192,20210426,120.212654,23.014867,交通事故,一般地址,臺南市北區北安路一段段7號,1,晴,50,單路部分,路段,行車管制號誌(附設行人專用號誌),車與車,變換車道或方向不當
11004AC591B2200,20210423,120.214125,23.005426,交通事故,其他,臺南市北區段號北門路二段南二中門口前,3,晴,50,單路部分,路段,無號誌,車與車,起步未注意其他車(人)安全
11004AC591B2205,20210426,120.18405,23.008346,交通事故,交叉路口,臺南市北區中華北路一段段263號賢北街,2,晴,30,交岔路,交叉路口,行車管制號誌,車與車,未依規定讓車
11004AC591B2230,20210420,120.201332,22.999692,交通事故,交叉路口,臺南市北區西門路三段段號成功路,2,晴,50,交岔路,交叉路口,行車管制號誌,車與車,違反號誌管制或指揮
11004AC591B2242,20210406,120.203594,23.012439,交通事故,交叉路口,臺南市北區和緯路二段段號育德二路,1,晴,50,交岔路,交叉路口,行車管制號誌,車與車,未注意車前狀態
11004AC591B2261,20210425,120.220317,23.010834,交通事故,一般地址,臺南市北區長榮路五段段141號,1,雨,50,交岔路,交叉路口,行車管制號誌,汽(機)車本身,不明原因肇事
11004AC591B2262,20210409,120.201611,23.014966,交通事故,交叉路口,臺南市北區文成二路段號育德三街,1,晴,50,交岔路,交叉路口,閃光號誌,車與車,未依規定讓車
11004AC591B2263,20210425,120.18286,23.009222,交通事故,交叉路口,臺南市北區大興街段號賢北街,2,晴,50,交岔路,路段,行車管制號誌,人與汽(機)車,未依規定行走行人穿越道、地下道、天橋而穿越道路
11004AC591B2265,20210426,120.193882,23.009571,交通事故,交叉路口,臺南市北區文賢路段號和緯路,1,陰,50,交岔路,交叉路口,行車管制號誌,車與車,未注意車前狀態
11004AC591B2266,20210426,120.185383,23.010005,交通事故,交叉路口,臺南市北區中華北路一段段號大興街,1,雨,60,交岔路,交叉路口,行車管制號誌,車與車,未依規定讓車
11004AC591B2267,20210417,120.218854,23.005517,交通事故,交叉路口,臺南市北區勝利路段號勝利路262,2,晴,30,交岔路,交叉路口,無號誌,車與車,未依規定讓車
11004AC591B2272,20210426,120.193865,23.009804,交通事故,交叉路口,臺南市北區和緯路四段段號文賢路,1,晴,50,交岔路,交叉路口,行車管制號誌,車與車,未保持行車安全距離
11004AC591B2286,20210426,120.205711,23.00952,交通事故,交叉路口,臺南市北區立賢路一段段號育德路,1,晴,50,交岔路,交叉路口,行車管制號誌,汽(機)車本身,其他引起事故之違規或不當行為
11004AC591B2294,20210426,120.199677,23.019551,交通事故,交叉路口,臺南市北區海安路三段段號育德二路809,1,晴,40,交岔路,交叉路口,行車管制號誌(附設行人專用號誌),車與車,左轉彎未依規定
11004AC591B2301,20210410,120.210055,23.016512,交通事故,一般地址,臺南市北區北安路一段段111號,1,晴,50,單路部分,路段,無號誌,車與車,爭(搶)道行駛
11004AC591B2307,20210414,120.207279,23.016887,交通事故,交叉路口,臺南市北區文成三路段號育德路,1,晴,50,交岔路,交叉路口,行車管制號誌,車與車,右轉彎未依規定
11004AC591B2308,20210427,120.209623,23.022358,交通事故,其他,臺南市北區段號鄭子寮橋,1,雨,40,單路部分,路段,無號誌,汽(機)車本身,其他引起事故之違規或不當行為
11004AC591B2312,20210415,120.210796,23.004559,交通事故,交叉路口,臺南市北區公園路段號公園北路,1,晴,50,交岔路,交叉路口,行車管制號誌,車與車,左轉彎未依規定
11004AC591B2315,20210427,120.21081,23.010579,交通事故,交叉路口,臺南市北區公園路段號和緯路一段,1,晴,50,交岔路,交叉路口,行車管制號誌,車與車,未依規定讓車
11004AC591B2319,20210427,120.21079,23.016316,交通事故,交叉路口,臺南市北區西門路四段段號北安路一段,1,晴,50,交岔路,交叉路口,行車管制號誌,車與車,左轉彎未依規定
11004AC591B2324,20210427,120.222504,23.004407,交通事故,一般地址,臺南市北區長榮路四段段73號,1,晴,0,單路部分,路段,行車管制號誌,車與車,倒車未依規定
11004AC591B2343,20210427,120.19657,23.002578,交通事故,交叉路口,臺南市北區臨安路二段段號金華路五段,1,陰,50,交岔路,交叉路口,行車管制號誌,車與車,未注意車前狀態
11004AC591B2352,20210424,120.226053,23.006355,交通事故,一般地址,臺南市北區開南街段14328號,2,晴,30,交岔路,交叉路口,無號誌,車與車,未依規定讓車
11004AC591B2361,20210427,120.210785,23.01061,交通事故,交叉路口,臺南市北區公園路段號和緯路,2,晴,50,交岔路,交叉路口,行車管制號誌,車與車,左轉彎未依規定
11004AC591B2365,20210427,120.196113,23.00455,交通事故,交叉路口,臺南市北區文賢一路段號海安路三段135,2,晴,50,交岔路,交叉路口,無號誌,車與車,左轉彎未依規定
11004AC591B2370,20210427,120.22935,22.999525,交通事故,交叉路口,臺南市北區小東路段號東興路,2,晴,50,交岔路,交叉路口,行車管制號誌(附設行人專用號誌),車與車,未依規定讓車
11004AC591B2379,20210427,120.20883,23.000963,交通事故,交叉路口,臺南市北區公園路段號公園南路,1,晴,50,交岔路,交叉路口,行車管制號誌,汽(機)車本身,不明原因肇事
11004AC591B2382,20210426,120.181202,23.005094,交通事故,交叉路口,臺南市北區和緯路五段段號和緯路五段234,2,晴,40,交岔路,交叉路口,行車管制號誌,車與車,逆向行駛
11004AC591B2399,20210428,120.193748,23.003521,交通事故,交叉路口,臺南市北區文賢路段號西和路,2,晴,50,交岔路,交叉路口,行車管制號誌(附設行人專用號誌),車與車,違反號誌管制或指揮
11004AC591B2402,20210410,120.204816,23.021195,交通事故,交叉路口,臺南市北區育成路段317號北安路一段,1,晴,50,交岔路,交叉路口,無號誌,汽(機)車本身,未依規定減速
11004AC591B2406,20210414,120.202859,23.001694,交通事故,交叉路口,臺南市北區西門路段號北華街,1,晴,50,交岔路,交叉路口,行車管制號誌,汽(機)車本身,其他引起事故之違規或不當行為
11004AC591B2425,20210415,120.204534,23.002218,交通事故,交叉路口,臺南市北區公園南路段號長北街,1,晴,50,交岔路,交叉路口,行車管制號誌,車與車,違反號誌管制或指揮
11004AC591B2433,20210416,120.21226,23.013361,交通事故,一般地址,臺南市北區長榮路五段段423號0,1,晴,50,單路部分,路段,無號誌,車與車,未保持行車安全距離
11004AC591B2464,20210405,120.205947,23.019055,交通事故,交叉路口,臺南市北區育成路段號文成五路,2,晴,50,交岔路,交叉路口,行車管制號誌,車與車,未依規定讓車
11004AC591B2468,20210407,120.213573,23.004037,交通事故,交叉路口,臺南市北區北門路二段段號公園北路,1,晴,50,交岔路,交叉路口,行車管制號誌,車與車,未保持行車安全間隔
11004AC591B2472,20210414,120.222107,23.005941,交通事故,一般地址,臺南市北區長榮路四段段128號,2,晴,50,交岔路,交叉路口,行車管制號誌(附設行人專用號誌),車與車,左轉彎未依規定
11004AC591B2494,20210428,120.205118,22.998876,交通事故,交叉路口,臺南市北區忠義路三段段號中成路,4,晴,50,交岔路,交叉路口,閃光號誌,車與車,未依規定讓車
11004AC591B2503,20210429,120.187328,23.00889,交通事故,交叉路口,臺南市北區中華北路一段段78號武聖路,1,雨,50,交岔路,交叉路口,行車管制號誌,車與車,左轉彎未依規定
11004AC591B2539,20210425,120.208751,23.001054,交通事故,交叉路口,臺南市北區公園路段號公園南路,3,晴,50,交岔路,交叉路口,行車管制號誌,車與車,未依規定讓車
11004AC591B2551,20210405,120.203453,23.002706,交通事故,交叉路口,臺南市北區西門路三段段號公園南路,1,晴,50,單路部分,路段,行車管制號誌,車與車,未保持行車安全間隔
11004AC591B2560,20210405,120.222237,23.000733,交通事故,交叉路口,臺南市北區小東路段號長榮路四段,1,晴,50,交岔路,交叉路口,行車管制號誌,車與車,未依規定讓車
11004AC591B2608,20210429,120.203217,23.005032,交通事故,交叉路口,臺南市北區臨安路二段段號民德路,1,晴,50,交岔路,交叉路口,行車管制號誌(附設行人專用號誌),車與車,其他引起事故之違規或不當行為
11004AC591B2609,20210430,120.19365,23.005904,交通事故,一般地址,臺南市北區文賢路段470號0,1,晴,50,單路部分,路段,無號誌,車與車,未注意車前狀態
11004AC591B2629,20210427,120.198171,23.010865,交通事故,一般地址,臺南市北區和緯路3段220號,1,晴,40,單路部分,路段,無號誌,車與車,未注意車前狀態
11004AC591B2652,20210429,120.196078,23.006384,交通事故,交叉路口,臺南市北區文賢一路段號文賢路292,1,雨,50,交岔路,交叉路口,行車管制號誌(附設行人專用號誌),車與車,未依規定讓車
11004AC591B2660,20210401,120.203616,23.018442,交通事故,一般地址,臺南市北區文成五路段136號,1,晴,50,單路部分,路段,無號誌,車與車,起步未注意其他車(人)安全
11004AC591B2666,20210429,120.197481,23.010565,交通事故,交叉路口,臺南市北區和緯路3段號文賢二街,1,陰,40,交岔路,交叉路口,行車管制號誌(附設行人專用號誌),車與車,未保持行車安全距離
11004AC591B2671,20210430,120.221606,23.017436,交通事故,交叉路口,臺南市北區大武街段號大武街597,2,晴,30,交岔路,交叉路口,行車管制號誌,車與車,違反號誌管制或指揮
11004AC591B2673,20210413,120.209234,23.020259,交通事故,一般地址,臺南市北區北成路段12824號,2,晴,30,交岔路,交叉路口,無號誌,車與車,未依規定讓車
11004AC591B2678,20210413,120.200436,23.011744,交通事故,交叉路口,臺南市北區海安路三段段號和緯路三段,1,晴,50,交岔路,交叉路口,行車管制號誌,車與車,違反特定標誌(線)禁制
11004AC591B2719,20210406,120.196089,23.006384,交通事故,交叉路口,臺南市北區文賢路段292號文賢一路,1,晴,50,交岔路,交叉路口,行車管制號誌,車與車,未依規定讓車
11004AC591B2721,20210430,120.183157,23.011705,交通事故,一般地址,臺南市北區中華北路一段段26323號,1,晴,30,單路部分,路段,無號誌,車與車,其他引起事故之違規或不當行為
11004AC591B2722,20210429,120.195258,23.006563,交通事故,其他,臺南市北區段號文賢路502巷口,1,陰,30,交岔路,交叉路口,無號誌,車與車,未依規定讓車
11004AC591B2727,20210417,120.210884,23.010544,交通事故,交叉路口,臺南市北區公園路段號和緯路二段,1,晴,50,交岔路,交叉路口,行車管制號誌,車與車,其他引起事故之違規或不當行為
11004AC591B2729,20210402,120.213316,23.014802,交通事故,一般地址,臺南市北區公園路段906號,2,晴,50,單路部分,路段,無號誌,車與車,起步未注意其他車(人)安全
11004AC591B2735,20210418,120.197719,23.019591,交通事故,一般地址,臺南市北區中華北路二段段90號,1,晴,40,交岔路,交叉路口,閃光號誌,車與車,未依規定讓車
11004AC591B2736,20210418,120.222914,23.012403,交通事故,一般地址,臺南市北區北園街段80號,1,晴,50,交岔路,交叉路口,無號誌,車與車,未依規定讓車
11004AC591B2761,20210421,120.204737,23.021767,交通事故,一般地址,臺南市北區中華北路二段段號,1,晴,60,單路部分,路段,閃光號誌,車與車,未依規定讓車
11004AC591B2770,20210406,120.204962,23.010742,交通事故,交叉路口,臺南市北區育德一街段號育德路199,1,晴,50,交岔路,交叉路口,無號誌,車與車,未注意車前狀態
11004AC591B2772,20210424,120.20578,23.006292,交通事故,交叉路口,臺南市北區西門路段號小北路,3,晴,40,交岔路,交叉路口,行車管制號誌,車與車,未依規定讓車
11004AC591B2774,20210413,120.201365,23.006422,交通事故,交叉路口,臺南市北區育德二路段號民德路,2,晴,50,交岔路,交叉路口,行車管制號誌,車與車,違反號誌管制或指揮
11004AC591B2777,20210406,120.216967,23.012774,交通事故,交叉路口,臺南市北區北門路二段段號長榮路五段,1,晴,50,交岔路,交叉路口,行車管制號誌,車與車,未依規定讓車
11004AC591B2779,20210421,120.220708,23.014568,交通事故,交叉路口,臺南市北區實踐街段10319號實踐街,1,晴,30,交岔路,交叉路口,無號誌,車與車,其他引起事故之違規或不當行為
11004AC591B2791,20210429,120.228808,23.001484,交通事故,其他,臺南市北區段號勝利街1巷50號對面,4,晴,50,單路部分,路段,無號誌,人與汽(機)車,其他引起事故之違規或不當行為
11004AC591B2804,20210410,120.212739,22.999949,交通事故,交叉路口,臺南市北區北門路二段段號公園南路,1,晴,50,交岔路,交叉路口,行車管制號誌(附設行人專用號誌),車與車,未注意車前狀態
11004AC591B2806,20210419,120.193262,23.018015,交通事故,交叉路口,臺南市北區中華北路二段段號文賢路,1,晴,40,交岔路,交叉路口,行車管制號誌(附設行人專用號誌),車與車,未依規定讓車
11004AC591B2808,20210419,120.22287,23.017772,交通事故,一般地址,臺南市北區大武街段59710號,2,晴,30,單路部分,路段,無號誌,車與車,未依規定讓車
11004AC591B2810,20210426,120.18506,23.011228,交通事故,一般地址,臺南市北區中華北路一段段162號,1,晴,60,交岔路,交叉路口,行車管制號誌,車與車,爭(搶)道行駛
11004AC591B2817,20210430,120.221673,23.0183,交通事故,一般地址,臺南市北區大武街段59733號,2,晴,30,交岔路,交叉路口,行車管制號誌,車與車,違反號誌管制或指揮
11004AC591B2821,20210430,120.211833,23.013228,交通事故,一般地址,臺南市北區公園路段595-4號,1,晴,30,交岔路,交叉路口,閃光號誌,車與車,未依規定讓車
11004AC591B2832,20210428,120.2281,23.000199,交通事故,一般地址,臺南市北區東豐路段554號,1,晴,50,單路部分,路段,無號誌,車與車,未保持行車安全間隔
11004AC591B2834,20210419,120.210858,23.011334,交通事故,一般地址,臺南市北區公園路段587號,3,晴,50,交岔路,交叉路口,行車管制號誌,車與車,違反號誌管制或指揮
11004AC591B2847,20210420,120.20877,23.012967,交通事故,一般地址,臺南市北區西門路四段段271號,1,晴,40,單路部分,路段,無號誌,車與車,其他引起事故之違規或不當行為
11004AC591B2850,20210420,120.224786,23.002616,交通事故,交叉路口,臺南市北區東豐路段號林森路三段,1,晴,40,單路部分,路段,無號誌,車與車,未保持行車安全間隔
11004AC591B2856,20210417,120.191144,23.011169,交通事故,一般地址,臺南市北區大興街段114號,1,晴,30,交岔路,交叉路口,無號誌,車與車,未保持行車安全距離
11004AC591B2869,20210422,120.218507,23.012809,交通事故,一般地址,臺南市北區長榮路五段段246號,2,晴,30,交岔路,交叉路口,行車管制號誌,汽(機)車本身,不明原因肇事
11004AC591B2870,20210427,120.220865,23.007686,交通事故,交叉路口,臺南市北區長榮路五段段號開元路,1,晴,50,交岔路,交叉路口,行車管制號誌(附設行人專用號誌),車與車,未依規定讓車
11004AC591B2871,20210421,120.206659,23.014997,交通事故,交叉路口,臺南市北區育德路段號文成二路,1,晴,50,交岔路,交叉路口,行車管制號誌,車與車,未依規定讓車
11004AC591B2891,20210418,120.196274,23.01413,交通事故,交叉路口,臺南市北區文成路段750號文成路75045,1,晴,30,交岔路,交叉路口,無號誌,車與車,未依規定讓車
11004AC591B2892,20210418,120.185623,23.008561,交通事故,一般地址,臺南市北區中華北路一段段78號,1,晴,60,交岔路,交叉路口,行車管制號誌,車與車,未保持行車安全距離
11004AC591B2893,20210421,120.208209,23.017754,交通事故,一般地址,臺南市北區北安路一段段185號,1,晴,50,單路部分,路段,無號誌,車與車,倒車未依規定
11004AC591B2895,20210422,120.208482,22.998033,交通事故,一般地址,臺南市北區成功路段26號,1,晴,50,單路部分,路段,無號誌,車與車,未注意車前狀態
11004AC591B2900,20210422,120.213471,23.015176,交通事故,一般地址,臺南市北區公園路段918號,2,晴,50,交岔路,交叉路口,無號誌,車與車,橫越道路不慎
11004AC591B2915,20210423,120.197487,23.003024,交通事故,一般地址,臺南市北區臨安路二段段91號,1,晴,50,交岔路,交叉路口,行車管制號誌,車與車,左轉彎未依規定
11004AC591B2924,20210424,120.224693,23.002477,交通事故,交叉路口,臺南市北區東豐路段號林森路,1,晴,50,交岔路,交叉路口,行車管制號誌,車與車,違反號誌管制或指揮
11004AC591B2926,20210424,120.193883,23.012439,交通事故,一般地址,臺南市北區文賢路段595號,1,晴,50,單路部分,路段,無號誌,車與車,逆向行駛