案件編號,發生日期,GPS經度,GPS緯度,案件類別名稱,地址類型名稱,發生縣市名稱,受傷人數,天候名稱, 速限-第1當事者,道路型態大類別名稱,事故位置大類別名稱,號誌-號誌種類名稱,事故類型及型態大類別名稱,肇因研判子類別名稱-主要
11004AC591B2927,20210427,120.218864,23.012736,交通事故,其他,臺南市北區段號長榮路五段鋼便橋上,1,晴,50,交岔路,交叉路口,閃光號誌,車與車,未保持行車安全間隔
11004AC591B2935,20210424,120.193728,23.00779,交通事故,交叉路口,臺南市北區文賢路段號文賢路365,1,晴,50,交岔路,路段,行車管制號誌,車與車,變換車道或方向不當
11004AC591B2936,20210425,120.212524,23.004241,交通事故,其他,臺南市北區段號公園北路南二中前,1,晴,50,交岔路,交叉路口,閃光號誌,車與車,未依規定讓車
11004AC591B2937,20210428,120.205484,22.998406,交通事故,交叉路口,臺南市北區成功路段號佑民街,1,晴,50,交岔路,交叉路口,行車管制號誌,車與車,違反號誌管制或指揮
11004AC591B2948,20210430,120.215267,23.007976,交通事故,一般地址,臺南市北區北門路二段段275號,2,晴,30,單路部分,路段,無號誌,車與車,未依規定讓車
11004AC591B2952,20210430,120.194132,23.012097,交通事故,一般地址,臺南市北區文成路段875號,1,晴,50,交岔路,路段,行車管制號誌,車與車,違反號誌管制或指揮
11004AC591B2968,20210416,120.195688,23.009947,交通事故,交叉路口,臺南市北區和緯路段號文賢一路,2,晴,40,交岔路,交叉路口,行車管制號誌,車與車,未依規定讓車
11004AC591B2979,20210418,120.21786,23.006379,交通事故,一般地址,臺南市北區開元路段108號,2,晴,50,單路部分,路段,無號誌,人與汽(機)車,未注意車前狀態
11004AC591B3014,20210420,120.200212,23.000561,交通事故,交叉路口,臺南市北區國華街四段段號國華街四段5,2,晴,30,交岔路,交叉路口,行車管制號誌,車與車,違反號誌管制或指揮
11004AC591B3042,20210401,120.214631,23.001417,交通事故,交叉路口,臺南市北區小東路段號前鋒路,2,晴,40,交岔路,交叉路口,行車管制號誌(附設行人專用號誌),車與車,未保持行車安全距離
11004AC591B3044,20210406,120.211593,23.013978,交通事故,其他,臺南市北區段號公園路597巷口,2,晴,30,交岔路,交叉路口,無號誌,車與車,未依規定讓車
11004AC591B3045,20210406,120.20421,22.998648,交通事故,交叉路口,臺南市北區成功路段號裕民街,1,晴,40,交岔路,交叉路口,行車管制號誌(附設行人專用號誌),車與車,違反特定標誌(線)禁制
11004AC591B3046,20210406,120.227182,23.000189,交通事故,一般地址,臺南市北區小東路段177號,1,晴,0,單路部分,路段,無號誌,車與車,開啟車門不當而肇事
11004AC591B3047,20210407,120.181215,23.005685,交通事故,交叉路口,臺南市北區和緯路五段段2343號和緯路五段2345,1,晴,30,交岔路,交叉路口,無號誌,車與車,未依規定讓車
11004AC591B3048,20210407,120.197449,23.000923,交通事故,交叉路口,臺南市北區成功路段號康樂街,1,晴,50,交岔路,交叉路口,行車管制號誌,車與車,未注意車前狀態
11004AC591B3049,20210408,120.186102,23.007496,交通事故,一般地址,臺南市北區中華北路一段段22號,3,晴,40,單路部分,路段,無號誌,車與車,未保持行車安全距離
11004AC591B3050,20210408,120.214979,23.003844,交通事故,其他,臺南市北區段號東豐路平交道,1,晴,50,交岔路,交叉路口,行車管制號誌(附設行人專用號誌),汽(機)車本身,未注意車前狀態
11004AC591B3051,20210412,120.218787,23.003492,交通事故,交叉路口,臺南市北區東豐路段號勝利路,1,晴,50,交岔路,交叉路口,行車管制號誌(附設行人專用號誌),車與車,違反號誌管制或指揮
11004AC591B3052,20210415,120.207305,23.008694,交通事故,一般地址,臺南市北區西門路四段段119號,1,晴,40,單路部分,路段,無號誌,車與車,變換車道或方向不當
11004AC591B3053,20210415,120.228186,22.999843,交通事故,交叉路口,臺南市北區小東路段號東豐路,1,晴,50,交岔路,交叉路口,行車管制號誌(附設行人專用號誌),車與車,未依規定讓車
11004AC591B3054,20210418,120.208719,23.011397,交通事故,交叉路口,臺南市北區和緯路二段段號西門路四段,1,晴,40,交岔路,交叉路口,行車管制號誌(附設行人專用號誌),車與車,未保持行車安全距離
11004AC591B3055,20210419,120.192557,23.009733,交通事故,其他,臺南市北區段號和緯路好事多後方停車場,1,晴,50,交岔路,交叉路口,行車管制號誌,車與車,違反特定標誌(線)禁制
11004AC591B3056,20210419,120.205677,23.005582,交通事故,交叉路口,臺南市北區西門路四段段號公園北路,3,晴,40,交岔路,交叉路口,行車管制號誌(附設行人專用號誌),車與車,違反號誌管制或指揮
11004AC591B3057,20210420,120.210796,23.004559,交通事故,交叉路口,臺南市北區公園路段號公園北路,2,晴,50,交岔路,交叉路口,行車管制號誌,車與車,未依規定讓車
11004AC591B3058,20210420,120.220829,23.000876,交通事故,其他,臺南市北區段號小東路成大醫學院前,2,晴,40,單路部分,路段,無號誌,車與車,未保持行車安全距離
11004AC591B3059,20210420,120.199184,23.018418,交通事故,交叉路口,臺南市北區文成三路段682號北成路,1,晴,50,交岔路,交叉路口,閃光號誌,車與車,未依規定讓車
11004AC591B3060,20210423,120.215077,23.003935,交通事故,交叉路口,臺南市北區東豐路段號前鋒路,1,晴,40,交岔路,交叉路口,行車管制號誌(附設行人專用號誌),汽(機)車本身,違反特定標誌(線)禁制
11004AC591B3061,20210425,120.202893,23.001699,交通事故,交叉路口,臺南市北區西門路三段段號北華街,1,晴,50,交岔路,交叉路口,行車管制號誌,人與汽(機)車,違反特定標誌(線)禁制
11004AC591B3062,20210430,120.199294,23.02033,交通事故,交叉路口,臺南市北區中華北路二段段號海安路三段,1,晴,50,交岔路,交叉路口,行車管制號誌(附設行人專用號誌),車與車,違反號誌管制或指揮
11004AC591B3068,20210429,120.2305,22.99912,交通事故,交叉路口,臺南市北區小東路段號東和路,2,晴,50,交岔路,交叉路口,行車管制號誌,車與車,未保持行車安全距離
11004AC591B3069,20210429,120.202722,23.005513,交通事故,交叉路口,臺南市北區民德路段號育德路,2,雨,50,交岔路,交叉路口,行車管制號誌,車與車,未依規定讓車
11004AC591B3078,20210427,120.207727,23.009513,交通事故,一般地址,臺南市北區西門路4段155號,1,晴,0,單路部分,其他,無號誌,車與車,起步未注意其他車(人)安全
11004AC591B3091,20210429,120.209646,23.019228,交通事故,交叉路口,臺南市北區北成路段號北成路80,1,雨,30,交岔路,交叉路口,閃光號誌,車與車,未依規定讓車
11004AC591B3095,20210429,120.220799,23.002803,交通事故,交叉路口,臺南市北區東豐路段號東豐路305,2,晴,40,交岔路,交叉路口,閃光號誌,車與車,未依規定讓車
11004AC591B3105,20210414,120.22501,23.008242,交通事故,交叉路口,臺南市北區南園街段162號南園街16216,2,晴,30,交岔路,交叉路口,無號誌,車與車,未依規定讓車
11004AC591B3106,20210406,120.22935,22.999525,交通事故,交叉路口,臺南市北區小東路段30757號東興路二段,1,晴,50,交岔路,交叉路口,行車管制號誌(附設行人專用號誌),車與車,違反號誌管制或指揮
11004AC591B3107,20210415,120.215546,23.018222,交通事故,一般地址,臺南市北區公園路段761號,1,晴,50,單路部分,路段,無號誌,車與車,未保持行車安全距離
11004AC591B3108,20210418,120.204713,23.019891,交通事故,交叉路口,臺南市北區北成路段號育德一街,1,晴,50,交岔路,交叉路口,無號誌,車與車,未依規定讓車
11004AC591B3109,20210421,120.2273,23.005753,交通事故,一般地址,臺南市北區開南街段211號,1,晴,30,交岔路,交叉路口,無號誌,車與車,左轉彎未依規定
11004AC591B3110,20210414,120.216838,23.006438,交通事故,一般地址,臺南市北區開元路段67號,2,晴,50,交岔路,交叉路口,行車管制號誌,車與車,左轉彎未依規定
11004AC591B3111,20210429,120.182877,23.008646,交通事故,一般地址,臺南市北區賢北街段59號,2,晴,50,單路部分,路段,無號誌,車與車,起步未注意其他車(人)安全
11004AC591B3136,20210416,120.210793,23.016161,交通事故,交叉路口,臺南市北區西門路4段號北安路1,1,晴,40,交岔路,交叉路口,行車管制號誌(附設行人專用號誌),車與車,逆向行駛
11004AC591B3154,20210408,120.214492,23.001548,交通事故,其他,臺南市北區段號小東路地下道,1,晴,40,單路部分,路段,無號誌,汽(機)車本身,違反特定標誌(線)禁制
11004AC591B3159,20210425,120.185381,23.01002,交通事故,交叉路口,臺南市北區中華北路一段段號大興街,1,雨,40,交岔路,交叉路口,行車管制號誌,車與車,未依規定讓車
11004AC591B3196,20210430,120.191119,23.013934,交通事故,一般地址,臺南市北區大港街段100號,2,晴,0,單路部分,路段,無號誌,車與車,開啟車門不當而肇事
11004AC591B3233,20210417,120.220124,23.012612,交通事故,其他,臺南市北區段號長榮鋼便橋往北門路方向,1,晴,30,單路部分,路段,無號誌,車與車,未保持行車安全間隔
11004AC591B3247,20210429,120.212643,22.997163,交通事故,其他,臺南市北區段號火車站圓環與富北街口,1,晴,50,交岔路,交叉路口,無號誌,車與車,未依規定讓車
11004AC591B3258,20210423,120.18616,23.006841,交通事故,交叉路口,臺南市北區中華北路一段段號和緯路五段,1,晴,50,交岔路,交叉路口,行車管制號誌(附設行人專用號誌),車與車,未保持行車安全間隔
11004AC591B3261,20210423,120.217744,23.012769,交通事故,交叉路口,臺南市北區長榮路五段段276號長榮路五段,1,晴,50,交岔路,交叉路口,閃光號誌,車與車,未保持行車安全間隔
11004AC591B3262,20210418,120.210221,23.003514,交通事故,其他,臺南市北區段號公園路317號前,1,晴,50,單路部分,路段,無號誌,車與車,未注意車前狀態
11004AC591B3263,20210422,120.20877,23.022262,交通事故,一般地址,臺南市北區中華北路二段段280號,1,晴,50,交岔路,交叉路口,行車管制號誌,車與車,未注意車前狀態
11004AC591B3265,20210402,120.193805,23.013991,交通事故,一般地址,臺南市北區文賢路段1030號,2,晴,50,交岔路,交叉路口,行車管制號誌,車與車,違反號誌管制或指揮
11004AC591B3266,20210428,120.205118,22.998869,交通事故,交叉路口,臺南市北區忠義路三段段號中成路,1,晴,50,交岔路,交叉路口,閃光號誌,車與車,未保持行車安全間隔
11004AC591B3276,20210424,120.193309,23.018144,交通事故,交叉路口,臺南市北區中華北路二段段號北安路,2,晴,40,單路部分,路段,無號誌,車與車,未注意車前狀態
11004AC591B3284,20210430,120.186662,23.014193,交通事故,其他,臺南市北區段號中華北路一段362巷口對面,3,晴,40,交岔路,交叉路口,行車管制號誌,車與車,違反號誌管制或指揮
11004AC591B3320,20210427,120.2305,22.99912,交通事故,交叉路口,臺南市北區小東路段號東和路,1,晴,50,交岔路,交叉路口,行車管制號誌,車與車,違反號誌管制或指揮
11004AC591B3338,20210430,120.20735,23.012591,交通事故,交叉路口,臺南市北區文成路段號育賢街,2,晴,50,交岔路,交叉路口,行車管制號誌,車與車,左轉彎未依規定
11004AC591B3405,20210409,120.202431,23.004725,交通事故,一般地址,臺南市北區臨安路二段段310號,2,晴,50,單路部分,路段,無號誌,車與車,未依規定讓車
11004AC5Q1B0532,20210405,120.210117,23.018151,交通事故,其他,臺南市北區段號北安路1段142巷53號,1,晴,30,單路部分,路段,無號誌,汽(機)車本身,未注意車前狀態
11004AC5Q1B0735,20210408,120.214509,23.016276,交通事故,其他,臺南市北區段號公園路972號,1,晴,50,單路部分,路段,無號誌,車與車,變換車道或方向不當
11004AC5Q1B0759,20210409,120.205737,23.008965,交通事故,其他,臺南市北區段號育德路160號,1,晴,50,單路部分,路段,無號誌,車與車,未依規定讓車
11004AC5R1B0850,20210401,120.227836,23.000565,交通事故,一般地址,臺南市北區東豐路段536號,1,晴,50,單路部分,路段,無號誌,車與車,開啟車門不當而肇事
11004AC5R1B0901,20210402,120.216352,23.012812,交通事故,交叉路口,臺南市北區長榮路五段段號長榮路五段76,1,晴,50,交岔路,交叉路口,行車管制號誌,車與車,左轉彎未依規定
11004AC5R1B0906,20210412,120.185251,23.009941,交通事故,交叉路口,臺南市北區中華北路一段段號大興街,1,晴,50,交岔路,交叉路口,行車管制號誌,車與車,左轉彎未依規定
11004AC5R1B0935,20210413,120.219643,23.001957,交通事故,其他,臺南市北區段號勝利路成大醫院門診大樓前,1,晴,50,交岔路,交叉路口,無號誌,車與車,左轉彎未依規定
11004AC5R1B0986,20210413,120.212087,23.013467,交通事故,交叉路口,臺南市北區長榮路五段段號公園路862,1,晴,50,交岔路,交叉路口,行車管制號誌,車與車,倒車未依規定
11004AC5R1B1000,20210414,120.213589,23.004033,交通事故,交叉路口,臺南市北區北門路段號公園北路,1,晴,50,交岔路,交叉路口,行車管制號誌,車與車,右轉彎未依規定
11004AC5R1B1081,20210415,120.223065,23.011272,交通事故,交叉路口,臺南市北區北園街段號北園街46,2,晴,50,單路部分,路段,無號誌,車與車,未注意車前狀態
11004AC5R1B1088,20210404,120.188563,23.01054,交通事故,交叉路口,臺南市北區大港街段號大興街192,1,晴,30,交岔路,交叉路口,無號誌,汽(機)車本身,尚未發現肇事因素
11004AC5R1B1180,20210416,120.182766,23.011384,交通事故,一般地址,臺南市北區中華北路一段段26336號,2,晴,30,交岔路,交叉路口,無號誌,車與車,左轉彎未依規定
11004AC691A0006,20210410,120.192582,22.933338,交通事故,其他,臺南市南區段號86快速道路永成交流道匝道口,3,晴,90,單路部分,路段,無號誌,汽(機)車本身,不明原因肇事
11004AC691B0009,20210401,120.19206,22.981466,交通事故,一般地址,臺南市南區健康路2段211號0,2,晴,50,單路部分,路段,無號誌,車與車,未保持行車安全間隔
11004AC691B0012,20210401,120.176309,22.971444,交通事故,一般地址,臺南市南區新樂路段56號0,1,晴,50,交岔路,交叉路口,無號誌,車與車,左轉彎未依規定
11004AC691B0016,20210401,120.193042,22.983744,交通事故,交叉路口,臺南市南區福吉三街段號福吉三街83,2,晴,50,交岔路,交叉路口,無號誌,車與車,未依規定讓車
11004AC691B0020,20210401,120.184468,22.9766,交通事故,交叉路口,臺南市南區中華西路1段號新建路3,2,晴,50,交岔路,交叉路口,行車管制號誌,車與車,未依規定讓車
11004AC691B0036,20210401,120.205422,22.973533,交通事故,一般地址,臺南市南區國民路段569號0,1,晴,50,單路部分,路段,無號誌,車與車,倒車未依規定
11004AC691B0038,20210401,120.184566,22.950791,交通事故,交叉路口,臺南市南區明興路段號喜樹路,3,晴,50,交岔路,交叉路口,行車管制號誌,車與車,未注意車前狀態
11004AC691B0112,20210402,120.209819,22.969126,交通事故,交叉路口,臺南市南區中華南路一段段號國民路,1,晴,50,交岔路,交叉路口,行車管制號誌(附設行人專用號誌),車與車,變換車道或方向不當
11004AC691B0141,20210401,120.195378,22.974932,交通事故,交叉路口,臺南市南區大成路段號永成路,1,晴,50,交岔路,交叉路口,行車管制號誌(附設行人專用號誌),車與車,右轉彎未依規定
11004AC691B0149,20210403,120.197649,22.979694,交通事故,交叉路口,臺南市南區西門路段號新興路,1,晴,50,交岔路,交叉路口,行車管制號誌,車與車,未注意車前狀態
11004AC691B0150,20210401,120.182257,22.933155,交通事故,交叉路口,臺南市南區明興路段號灣裡路61,2,晴,50,交岔路,交叉路口,行車管制號誌(附設行人專用號誌),車與車,左轉彎未依規定
11004AC691B0153,20210403,120.195003,22.981434,交通事故,交叉路口,臺南市南區夏林路段號健康路,2,晴,50,交岔路,交叉路口,行車管制號誌(附設行人專用號誌),車與車,其他引起事故之違規或不當行為
11004AC691B0160,20210403,120.197574,22.981396,交通事故,交叉路口,臺南市南區健康路段號西門路,1,晴,50,交岔路,交叉路口,行車管制號誌,車與車,左轉彎未依規定
11004AC691B0231,20210404,120.197533,22.974349,交通事故,一般地址,臺南市南區西門路1段號0,1,晴,50,單路部分,路段,無號誌,車與車,起步未注意其他車(人)安全
11004AC691B0266,20210404,120.196157,22.98133,交通事故,一般地址,臺南市南區健康路2段55號0,1,晴,50,單路部分,路段,無號誌,車與車,未保持行車安全距離
11004AC691B0272,20210402,120.185264,22.970045,交通事故,交叉路口,臺南市南區新建路段號新建路23,1,晴,50,交岔路,交叉路口,行車管制號誌,車與車,左轉彎未依規定
11004AC691B0274,20210402,120.204481,22.981169,交通事故,一般地址,臺南市南區健康路1段297號0,1,晴,50,單路部分,路段,無號誌,車與車,未注意車前狀態
11004AC691B0287,20210405,120.205302,22.967231,交通事故,交叉路口,臺南市南區中華南路一段段53號中華南路一段,1,晴,60,交岔路,交叉路口,行車管制號誌,車與車,違反號誌管制或指揮
11004AC691B0333,20210406,120.203555,22.975722,交通事故,交叉路口,臺南市南區南門路段號新都路,1,晴,50,交岔路,交叉路口,行車管制號誌,車與車,未依規定讓車
11004AC691B0349,20210406,120.179846,22.942903,交通事故,交叉路口,臺南市南區喜樹路段171號喜樹路151,1,晴,50,交岔路,交叉路口,無號誌,車與車,未依規定讓車
11004AC691B0350,20210405,120.203919,22.974998,交通事故,交叉路口,臺南市南區國民路段號大成路,1,晴,50,單路部分,路段,行車管制號誌,車與車,未保持行車安全距離
11004AC691B0369,20210406,120.180531,22.932415,交通事故,交叉路口,臺南市南區省躬一街段號無名道路,2,晴,40,交岔路,交叉路口,無號誌,車與車,左轉彎未依規定
11004AC691B0377,20210406,120.202531,22.981271,交通事故,一般地址,臺南市南區健康路1段327號,1,晴,50,單路部分,路段,閃光號誌,車與車,違規超車
11004AC691B0476,20210404,120.189711,22.981671,交通事故,交叉路口,臺南市南區健康路段號文南路,1,晴,50,交岔路,交叉路口,行車管制號誌(附設行人專用號誌),車與車,未依規定讓車
11004AC691B0481,20210408,120.184112,22.974781,交通事故,交叉路口,臺南市南區中華西路段號新愛路,1,晴,60,交岔路,交叉路口,行車管制號誌(附設行人專用號誌),車與車,未保持行車安全距離
11004AC691B0498,20210406,120.190167,22.987664,交通事故,一般地址,臺南市南區文南路段328號0,1,晴,50,單路部分,路段,無號誌,車與車,起步未注意其他車(人)安全
11004AC691B0581,20210401,120.180122,22.933761,交通事故,交叉路口,臺南市南區灣裡路段號灣裡路62,1,晴,50,交岔路,交叉路口,行車管制號誌,車與車,變換車道或方向不當
11004AC691B0611,20210401,120.214585,22.967467,交通事故,一般地址,臺南市南區國民路段32號0,2,晴,50,單路部分,路段,無號誌,車與車,未保持行車安全間隔
11004AC691B0613,20210401,120.195497,22.971808,交通事故,一般地址,臺南市南區永成路3段602號0,2,晴,50,交岔路,交叉路口,無號誌,車與車,未依規定讓車
11004AC691B0623,20210401,120.195545,22.954787,交通事故,一般地址,臺南市南區永成路2段600號0,1,晴,50,單路部分,路段,無號誌,車與車,起步未注意其他車(人)安全
11004AC691B0626,20210402,120.188419,22.929271,交通事故,交叉路口,臺南市南區萬年五街段號萬年八街,1,晴,50,交岔路,交叉路口,無號誌,汽(機)車本身,未依規定減速
11004AC691B0629,20210404,120.197571,22.981492,交通事故,交叉路口,臺南市南區西門路段號健康路,1,晴,50,交岔路,交叉路口,行車管制號誌,車與車,未保持行車安全間隔
11004AC691B0630,20210403,120.195098,22.980025,交通事故,交叉路口,臺南市南區健康路2段5351號夏林路,1,晴,50,交岔路,交叉路口,行車管制號誌,車與車,迴轉未依規定
11004AC691B0634,20210401,120.203963,22.967071,交通事故,其他,臺南市南區段號中華南路地下道東往西,2,晴,50,單路部分,路段,無號誌,車與車,其他引起事故之違規或不當行為
11004AC691B0636,20210402,120.200623,22.978949,交通事故,一般地址,臺南市南區水交社路段331號0,1,晴,50,單路部分,路段,無號誌,車與車,迴轉未依規定
11004AC691B0642,20210403,120.177704,22.933306,交通事故,交叉路口,臺南市南區灣裡路段62號省躬三街,1,晴,50,交岔路,交叉路口,無號誌,車與車,未依規定讓車
11004AC691B0646,20210401,120.183871,22.969536,交通事故,其他,臺南市南區段號中華西路一段49號對面,1,晴,60,交岔路,交叉路口,閃光號誌,車與車,未依規定讓車
11004AC691B0712,20210405,120.188858,22.97709,交通事故,交叉路口,臺南市南區金華路2段57號尊南街,2,晴,30,交岔路,交叉路口,無號誌,車與車,未依規定讓車
11004AC691B0717,20210410,120.205461,22.967241,交通事故,一般地址,臺南市南區中華南路一段段號,2,晴,60,單路部分,路段,無號誌,人與汽(機)車,其他引起事故之疏失或行為
11004AC691B0722,20210402,120.183674,22.94691,交通事故,交叉路口,臺南市南區喜明街段號明興路151,1,晴,50,交岔路,交叉路口,無號誌,車與車,未依規定讓車
11004AC691B0771,20210411,120.209819,22.969126,交通事故,交叉路口,臺南市南區中華南路一段段號國民路,1,晴,50,交岔路,交叉路口,行車管制號誌,車與車,未依規定讓車
11004AC691B0796,20210411,120.190084,22.977518,交通事故,交叉路口,臺南市南區新孝路段號慶南街,1,晴,50,交岔路,交叉路口,無號誌,車與車,未依規定讓車
11004AC691B0807,20210410,120.185321,22.970334,交通事故,一般地址,臺南市南區新建路段29號0,1,晴,50,單路部分,路段,無號誌,人與汽(機)車,未注意車前狀態
11004AC691B0829,20210412,120.189991,22.977728,交通事故,交叉路口,臺南市南區慶南街段號新孝路,2,晴,50,交岔路,交叉路口,無號誌,車與車,未依規定讓車
11004AC691B0860,20210412,120.185191,22.982157,交通事故,交叉路口,臺南市南區中華西路1段13720號健康路2,1,晴,50,交岔路,交叉路口,無號誌,車與車,橫越道路不慎
11004AC691B0865,20210412,120.179093,22.950459,交通事故,交叉路口,臺南市南區喜明街段號喜樹路,1,晴,50,交岔路,交叉路口,無號誌,汽(機)車本身,其他引起事故之違規或不當行為
11004AC691B0867,20210412,120.19631,22.98708,交通事故,一般地址,臺南市南區國華街1段183號0,1,晴,50,單路部分,路段,無號誌,車與車,起步未注意其他車(人)安全
11004AC691B0873,20210404,120.181789,22.92735,交通事故,一般地址,臺南市南區灣裡路段248號,1,晴,50,交岔路,交叉路口,無號誌,汽(機)車本身,其他引起事故之違規或不當行為
11004AC691B0880,20210405,120.18897,22.926037,交通事故,一般地址,臺南市南區同興路段215號,1,晴,50,單路部分,路段,無號誌,車與車,其他引起事故之違規或不當行為
11004AC691B0913,20210413,120.197737,22.973433,交通事故,交叉路口,臺南市南區西門路1段號興昌路,1,晴,50,交岔路,交叉路口,行車管制號誌,車與車,倒車未依規定
11004AC691B0918,20210413,120.195122,22.978147,交通事故,交叉路口,臺南市南區新興路段號夏林路,2,晴,50,交岔路,交叉路口,行車管制號誌,車與車,違反號誌管制或指揮
11004AC691B0949,20210413,120.187271,22.959929,交通事故,交叉路口,臺南市南區明興路段88號南和路,1,晴,50,交岔路,交叉路口,閃光號誌,車與車,未依規定讓車
11004AC691B0956,20210405,120.189016,22.980093,交通事故,交叉路口,臺南市南區尊南街段號惠南街84,3,晴,50,交岔路,交叉路口,行車管制號誌,車與車,未保持行車安全間隔
11004AC691B0958,20210411,120.193687,22.973272,交通事故,交叉路口,臺南市南區金華路1段48499號大成路2143,1,晴,50,交岔路,交叉路口,無號誌,車與車,未依規定讓車
11004AC691B0977,20210414,120.191438,22.987188,交通事故,交叉路口,臺南市南區金華路2段39912號美南街,1,晴,30,交岔路,交叉路口,無號誌,車與車,左轉彎未依規定
11004AC691B1018,20210414,120.187206,22.959777,交通事故,一般地址,臺南市南區南和路段103號,1,晴,50,單路部分,路段,無號誌,車與車,倒車未依規定
11004AC691B1021,20210414,120.195278,22.954678,交通事故,交叉路口,臺南市南區永成路3段號永成路343,1,晴,40,交岔路,交叉路口,行車管制號誌,車與車,違反號誌管制或指揮
11004AC691B1024,20210407,120.195403,22.967216,交通事故,交叉路口,臺南市南區永成路3段號新都路,1,晴,40,交岔路,交叉路口,行車管制號誌,車與車,左轉彎未依規定
11004AC691B1087,20210415,120.189727,22.961269,交通事故,交叉路口,臺南市南區中華南路二段段號中華南路二段3152,1,晴,40,交岔路,交叉路口,無號誌,車與車,未依規定讓車
11004AC691B1133,20210410,120.214335,22.973943,交通事故,一般地址,臺南市南區大同路2段432號0,1,晴,50,交岔路,交叉路口,行車管制號誌,車與車,未保持行車安全距離
11004AC691B1134,20210415,120.189657,22.96408,交通事故,交叉路口,臺南市南區金華路1段號金華路1116,2,晴,50,交岔路,交叉路口,無號誌,車與車,未依規定讓車
11004AC691B1182,20210415,120.190777,22.971984,交通事故,一般地址,臺南市南區金華路1段438號,1,晴,50,單路部分,路段,無號誌,車與車,變換車道或方向不當
11004AC691B1210,20210416,120.185545,22.973927,交通事故,交叉路口,臺南市南區新興路段537號新建路13,1,晴,40,單路部分,路段,無號誌,車與車,未注意車前狀態
11004AC691B1215,20210416,120.195662,22.949568,交通事故,一般地址,臺南市南區永成路2段490號,1,晴,60,單路部分,路段,無號誌,車與車,未注意車前狀態
11004AC691B1228,20210404,120.187764,22.974901,交通事故,交叉路口,臺南市南區新興路段號新興路416,1,晴,50,交岔路,交叉路口,行車管制號誌,車與車,左轉彎未依規定
11004AC691B1229,20210408,120.197603,22.97977,交通事故,交叉路口,臺南市南區西門路段號新興路,2,晴,50,交岔路,交叉路口,行車管制號誌,車與車,右轉彎未依規定
11004AC691B1230,20210416,120.202631,22.981264,交通事故,一般地址,臺南市南區健康路1段327號0,1,晴,50,單路部分,路段,無號誌,車與車,未注意車前狀態
11004AC691B1270,20210417,120.19507,22.975004,交通事故,一般地址,臺南市南區大成路2段86號0,1,晴,50,單路部分,路段,無號誌,車與車,倒車未依規定
11004AC691B1273,20210417,120.190695,22.974146,交通事故,一般地址,臺南市南區金華路1段487號,1,晴,50,單路部分,路段,無號誌,車與車,倒車未依規定
11004AC691B1284,20210417,120.188712,22.974257,交通事故,交叉路口,臺南市南區新興路段481號新興路48114,2,晴,30,交岔路,交叉路口,無號誌,車與車,未依規定讓車
11004AC691B1289,20210417,120.188472,22.932267,交通事故,交叉路口,臺南市南區萬年五街段號萬年六街,1,晴,50,交岔路,交叉路口,無號誌,車與車,未依規定讓車
11004AC691B1304,20210403,120.189991,22.977728,交通事故,交叉路口,臺南市南區新孝路段號慶南街,2,晴,50,交岔路,交叉路口,無號誌,車與車,未依規定讓車
11004AC691B1305,20210417,120.195105,22.981426,交通事故,交叉路口,臺南市南區健康路2段號夏林路,1,晴,50,交岔路,交叉路口,行車管制號誌,車與車,未依規定讓車
11004AC691B1306,20210404,120.18821,22.979493,交通事故,交叉路口,臺南市南區惠南街段號聖南街,2,晴,30,交岔路,交叉路口,無號誌,車與車,未依規定讓車
11004AC691B1323,20210412,120.191097,22.975387,交通事故,交叉路口,臺南市南區新興路段229號新興路,1,晴,50,交岔路,交叉路口,無號誌,汽(機)車本身,酒醉(後)駕駛失控
11004AC691B1368,20210418,120.195343,22.974752,交通事故,交叉路口,臺南市南區永成路段號大成路,1,晴,50,交岔路,交叉路口,行車管制號誌,車與車,右轉彎未依規定
11004AC691B1480,20210413,120.19498,22.980314,交通事故,交叉路口,臺南市南區夏林路段號夏林路180,1,晴,50,交岔路,交叉路口,無號誌,汽(機)車本身,酒醉(後)駕駛失控
11004AC691B1482,20210419,120.195426,22.974863,交通事故,交叉路口,臺南市南區永成路3段號大成路2,1,晴,50,交岔路,交叉路口,行車管制號誌,車與車,右轉彎未依規定
11004AC691B1512,20210420,120.215412,22.968964,交通事故,一般地址,臺南市南區大同路2段638號0,1,晴,60,單路部分,路段,無號誌,汽(機)車本身,其他引起事故之違規或不當行為
11004AC691B1572,20210408,120.196942,22.987382,交通事故,一般地址,臺南市南區永華路1段10號0,1,晴,50,交岔路,路段,無號誌,車與車,其他引起事故之違規或不當行為
11004AC691B1575,20210418,120.191442,22.987547,交通事故,交叉路口,臺南市南區永華路1段233號文南路342,1,晴,30,交岔路,交叉路口,無號誌,車與車,倒車未依規定
11004AC691B1581,20210420,120.185306,22.979869,交通事故,交叉路口,臺南市南區中華西路1段號中華西路1212,0,晴,60,交岔路,交叉路口,無號誌,車與車,未注意車前狀態
11004AC691B1589,20210409,120.186806,22.958915,交通事故,交叉路口,臺南市南區興隆路段號南和路,2,晴,50,交岔路,交叉路口,閃光號誌,車與車,未依規定讓車
11004AC691B1625,20210413,120.190729,22.982712,交通事故,一般地址,臺南市南區長南街段20號,2,晴,50,交岔路,交叉路口,無號誌,車與車,未依規定讓車