案件編號,發生日期,GPS經度,GPS緯度,案件類別名稱,地址類型名稱,發生縣市名稱,受傷人數,天候名稱, 速限-第1當事者,道路型態大類別名稱,事故位置大類別名稱,號誌-號誌種類名稱,事故類型及型態大類別名稱,肇因研判子類別名稱-主要
11004AC691B1626,20210416,120.211819,22.965738,交通事故,一般地址,臺南市南區大同路2段750116-1號,2,晴,50,單路部分,路段,無號誌,車與車,逆向行駛
11004AC691B1634,20210413,120.1863,22.983225,交通事故,一般地址,臺南市南區中華西路1段310號0,2,晴,50,單路部分,其他,無號誌,車與車,未注意車前狀態
11004AC691B1637,20210415,120.188616,22.967338,交通事故,交叉路口,臺南市南區新都路段號鹽埕路,2,晴,50,交岔路,交叉路口,行車管制號誌,車與車,左轉彎未依規定
11004AC691B1640,20210413,120.213599,22.977515,交通事故,一般地址,臺南市南區大同路2段178號,1,晴,50,單路部分,路段,無號誌,車與車,未保持行車安全間隔
11004AC691B1698,20210407,120.207158,22.973986,交通事故,交叉路口,臺南市南區大林路段號體育路,1,晴,50,交岔路,交叉路口,行車管制號誌,車與車,右轉彎未依規定
11004AC691B1702,20210408,120.196135,22.939207,交通事故,一般地址,臺南市南區萬年路段661號,1,晴,50,單路部分,路段,無號誌,車與車,起步未注意其他車(人)安全
11004AC691B1705,20210408,120.202387,22.981133,交通事故,一般地址,臺南市南區健康路1段327號0,2,晴,50,單路部分,路段,行車管制號誌,車與車,未保持行車安全間隔
11004AC691B1727,20210418,120.195433,22.954225,交通事故,一般地址,臺南市南區永成路2段619號0,1,晴,40,交岔路,路段,行車管制號誌,車與車,倒車未依規定
11004AC691B1735,20210421,120.186622,22.929686,交通事故,一般地址,臺南市南區萬年一街段160號0,2,晴,50,交岔路,交叉路口,行車管制號誌,車與車,未保持行車安全距離
11004AC691B1747,20210421,120.203884,22.975174,交通事故,交叉路口,臺南市南區國民路段號大成路1,1,晴,50,交岔路,交叉路口,行車管制號誌,車與車,違反號誌管制或指揮
11004AC691B1758,20210415,120.186946,22.960975,交通事故,一般地址,臺南市南區中華南路二段段249號0,1,晴,50,單路部分,路段,無號誌,車與車,違反特定標誌(線)禁制
11004AC691B1760,20210402,120.191439,22.987157,交通事故,交叉路口,臺南市南區金華路2段39912號美南街,2,晴,30,交岔路,交叉路口,無號誌,車與車,未依規定讓車
11004AC691B1796,20210422,120.195376,22.973761,交通事故,一般地址,臺南市南區永成路3段499號0,1,晴,50,單路部分,路段,無號誌,車與車,變換車道或方向不當
11004AC691B1807,20210409,120.18693,22.967799,交通事故,交叉路口,臺南市南區鹽埕路段159號鹽埕路133,2,晴,30,交岔路,交叉路口,閃光號誌,車與車,未依規定讓車
11004AC691B1857,20210422,120.186032,22.928701,交通事故,交叉路口,臺南市南區明興路段號灣裡路2118,1,晴,50,交岔路,交叉路口,行車管制號誌,車與車,未保持行車安全間隔
11004AC691B1865,20210421,120.181123,22.938677,交通事故,一般地址,臺南市南區明興路段650號0,2,晴,50,單路部分,路段,無號誌,車與車,未保持行車安全間隔
11004AC691B1873,20210422,120.191312,22.975348,交通事故,交叉路口,臺南市南區新興路段416號新興路,1,晴,50,交岔路,交叉路口,行車管制號誌,車與車,未注意車前狀態
11004AC691B1939,20210423,120.183892,22.968069,交通事故,一般地址,臺南市南區中華西路1段36號0,2,晴,50,單路部分,路段,無號誌,車與車,未注意車前狀態
11004AC691B1946,20210423,120.195387,22.972852,交通事故,交叉路口,臺南市南區永成路3段號永成路3461,1,晴,50,交岔路,交叉路口,行車管制號誌,車與車,其他引起事故之違規或不當行為
11004AC691B1951,20210423,120.1852,22.973883,交通事故,一般地址,臺南市南區新興路段號0,2,晴,50,單路部分,路段,無號誌,車與車,未注意車前狀態
11004AC691B1955,20210423,120.187346,22.980828,交通事故,一般地址,臺南市南區賢南街段85號0,1,晴,50,交岔路,交叉路口,無號誌,車與車,迴轉未依規定
11004AC691B1983,20210423,120.184746,22.982593,交通事故,一般地址,臺南市南區健康路2段500號0,1,晴,50,單路部分,路段,無號誌,車與車,未注意車前狀態
11004AC691B1994,20210423,120.183772,22.926733,交通事故,一般地址,臺南市南區灣裡路段26344222號0,1,晴,40,單路部分,路段,無號誌,車與車,未注意車前狀態
11004AC691B2019,20210424,120.193688,22.931797,交通事故,一般地址,臺南市南區明興路段1181號0,1,晴,30,單路部分,路段,無號誌,車與車,未保持行車安全間隔
11004AC691B2025,20210424,120.188702,22.97632,交通事故,交叉路口,臺南市南區金華路2段15號尊南街,1,晴,30,交岔路,交叉路口,無號誌,車與車,未依規定讓車
11004AC691B2047,20210424,120.204016,22.975287,交通事故,交叉路口,臺南市南區國民路段號大成路1,2,晴,50,交岔路,交叉路口,行車管制號誌,車與車,右轉彎未依規定
11004AC691B2061,20210424,120.191059,22.975259,交通事故,交叉路口,臺南市南區金華路2段15號尊南街,1,晴,50,交岔路,交叉路口,閃光號誌,車與車,未依規定讓車
11004AC691B2074,20210417,120.215837,22.967359,交通事故,交叉路口,臺南市南區大同路段號國民路,3,晴,50,交岔路,交叉路口,行車管制號誌,車與車,未注意車前狀態
11004AC691B2076,20210416,120.208911,22.979663,交通事故,交叉路口,臺南市南區健康路1段113號健康路113385,1,晴,30,交岔路,交叉路口,無號誌,車與車,其他引起事故之違規或不當行為
11004AC691B2079,20210417,120.189882,22.964455,交通事故,一般地址,臺南市南區金華路1段130號,1,晴,50,單路部分,路段,無號誌,車與車,未注意車前狀態
11004AC691B2094,20210425,120.183848,22.973218,交通事故,交叉路口,臺南市南區中華西路1段號新興路,3,晴,60,交岔路,交叉路口,行車管制號誌,車與車,未依規定讓車
11004AC691B2153,20210425,120.19478,22.986676,交通事故,其他,臺南市南區段號夏林路往南(大德街170巷對面),1,陰,50,單路部分,路段,無號誌,汽(機)車本身,尚未發現肇事因素
11004AC691B2154,20210424,120.178263,22.939209,交通事故,一般地址,臺南市南區喜樹路段314號,1,晴,50,單路部分,路段,無號誌,車與車,爭(搶)道行駛
11004AC691B2162,20210419,120.207227,22.967737,交通事故,其他,臺南市南區段號中華南路華南地下道機慢車道,1,晴,50,單路部分,路段,無號誌,汽(機)車本身,其他引起事故之違規或不當行為
11004AC691B2167,20210419,120.169912,22.962701,交通事故,一般地址,臺南市南區鯤鯓路段2326號,1,晴,30,單路部分,路段,無號誌,車與車,起步未注意其他車(人)安全
11004AC691B2196,20210425,120.191965,22.981732,交通事故,一般地址,臺南市南區健康路2段220號0,2,晴,50,單路部分,路段,無號誌,車與車,起步未注意其他車(人)安全
11004AC691B2231,20210426,120.207017,22.971803,交通事故,一般地址,臺南市南區國民路段475號0,1,陰,50,單路部分,路段,無號誌,汽(機)車本身,其他引起事故之違規或不當行為
11004AC691B2249,20210410,120.192674,22.987914,交通事故,其他,臺南市南區段號永華路與大智街口,2,晴,50,交岔路,交叉路口,行車管制號誌,汽(機)車本身,其他引起事故之違規或不當行為
11004AC691B2287,20210426,120.183848,22.973218,交通事故,交叉路口,臺南市南區中華西路1段號新興路,1,陰,60,交岔路,交叉路口,行車管制號誌,車與車,違反特定標誌(線)禁制
11004AC691B2292,20210427,120.179084,22.950378,交通事故,交叉路口,臺南市南區喜明街段號無名道路,1,晴,50,交岔路,交叉路口,無號誌,車與車,未依規定讓車
11004AC691B2297,20210427,120.184446,22.977743,交通事故,一般地址,臺南市南區中華西路1段89號0,1,晴,50,單路部分,路段,無號誌,車與車,變換車道或方向不當
11004AC691B2300,20210427,120.189272,22.985763,交通事故,交叉路口,臺南市南區敬南街段號文南二街,1,晴,50,交岔路,交叉路口,無號誌,車與車,未依規定讓車
11004AC691B2337,20210427,120.208561,22.970422,交通事故,交叉路口,臺南市南區國民路段號國民路165,1,晴,40,交岔路,交叉路口,行車管制號誌,人與汽(機)車,不明原因肇事
11004AC691B2359,20210409,120.183666,22.921719,交通事故,交叉路口,臺南市南區灣裡路段506號灣裡路,1,晴,50,交岔路,交叉路口,無號誌,車與車,未注意車前狀態
11004AC691B2364,20210410,120.204473,22.974724,交通事故,其他,臺南市南區段號國民路5428號路燈前,1,晴,50,單路部分,路段,無號誌,汽(機)車本身,其他引起事故之違規或不當行為
11004AC691B2368,20210414,120.193521,22.930536,交通事故,一般地址,臺南市南區同興路段115-2號0,1,晴,30,單路部分,路段,無號誌,汽(機)車本身,其他引起事故之違規或不當行為
11004AC691B2371,20210419,120.195391,22.970974,交通事故,交叉路口,臺南市南區永成路3段432號永成路,2,晴,50,交岔路,交叉路口,無號誌,車與車,未依規定讓車
11004AC691B2374,20210419,120.177415,22.974189,交通事故,一般地址,臺南市南區新樂路段29號0,1,晴,50,單路部分,路段,無號誌,車與車,其他引起事故之違規或不當行為
11004AC691B2375,20210410,120.190075,22.985925,交通事故,一般地址,臺南市南區文南路段252號0,2,晴,50,單路部分,路段,無號誌,車與車,未保持行車安全距離
11004AC691B2447,20210428,120.191493,22.979776,交通事故,一般地址,臺南市南區金華路2段172號0,1,晴,50,單路部分,路段,無號誌,車與車,未注意車前狀態
11004AC691B2471,20210420,120.183389,22.946868,交通事故,一般地址,臺南市南區明興路段465號0,2,晴,50,單路部分,路段,閃光號誌,車與車,左轉彎未依規定
11004AC691B2473,20210410,120.194722,22.977853,交通事故,交叉路口,臺南市南區新興路段號仁慈街,2,晴,50,交岔路,交叉路口,閃光號誌,車與車,未依規定讓車
11004AC691B2517,20210424,120.183748,22.963872,交通事故,交叉路口,臺南市南區中華西路1段號中華西路16,1,晴,60,交岔路,路段,無號誌,車與車,未注意車前狀態
11004AC691B2522,20210401,120.194462,22.974144,交通事故,一般地址,臺南市南區大成路2段143巷51號,1,晴,30,交岔路,交叉路口,無號誌,車與車,未依規定讓車
11004AC691B2524,20210428,120.207106,22.981243,交通事故,交叉路口,臺南市南區健康路段號體育路,1,晴,50,交岔路,交叉路口,行車管制號誌,車與車,左轉彎未依規定
11004AC691B2557,20210428,120.214516,22.972179,交通事故,一般地址,臺南市南區中華南路一段2段18512號0,1,晴,40,單路部分,路段,無號誌,汽(機)車本身,其他引起事故之違規或不當行為
11004AC691B2561,20210428,120.188787,22.983993,交通事故,交叉路口,臺南市南區永南街段號永南四街,1,晴,50,交岔路,交叉路口,無號誌,車與車,其他引起事故之違規或不當行為
11004AC691B2562,20210428,120.189753,22.976727,交通事故,交叉路口,臺南市南區金華路2段9號慶南街,1,晴,40,交岔路,交叉路口,無號誌,車與車,未依規定讓車
11004AC691B2589,20210415,120.188689,22.97631,交通事故,交叉路口,臺南市南區金華路2段15號尊南街,1,晴,30,交岔路,交叉路口,無號誌,車與車,未依規定讓車
11004AC691B2595,20210429,120.214293,22.967454,交通事故,一般地址,臺南市南區國民路段58號0,1,晴,50,單路部分,路段,無號誌,車與車,未注意車前狀態
11004AC691B2596,20210411,120.193291,22.984843,交通事故,交叉路口,臺南市南區建南路段號福吉一街,2,晴,50,交岔路,交叉路口,無號誌,車與車,橫越道路不慎
11004AC691B2603,20210429,120.188851,22.973346,交通事故,一般地址,臺南市南區新興路段46150號0,2,晴,40,單路部分,路段,無號誌,車與車,未靠右行駛
11004AC691B2684,20210401,120.184705,22.92345,交通事故,一般地址,臺南市南區明興路段1310號0,1,晴,50,單路部分,路段,無號誌,車與車,未注意車前狀態
11004AC691B2709,20210430,120.200082,22.981355,交通事故,交叉路口,臺南市南區健康路1段號永福路1,1,晴,50,交岔路,交叉路口,行車管制號誌,車與車,變換車道或方向不當
11004AC691B2713,20210430,120.181254,22.935866,交通事故,一般地址,臺南市南區明興路段號0,1,晴,50,交岔路,交叉路口,行車管制號誌,車與車,未注意車前狀態
11004AC691B2726,20210430,120.1868,22.958901,交通事故,交叉路口,臺南市南區興隆路段號南和路,2,晴,50,交岔路,交叉路口,閃光號誌,車與車,未依規定讓車
11004AC691B2754,20210420,120.195614,22.947339,交通事故,一般地址,臺南市南區永成路2段448號0,3,晴,60,單路部分,路段,無號誌,車與車,未注意車前狀態
11004AC691B2762,20210420,120.212515,22.980102,交通事故,一般地址,臺南市南區大同路2段108號0,2,晴,50,單路部分,路段,無號誌,車與車,未保持行車安全間隔
11004AC691B2807,20210421,120.197489,22.987399,交通事故,交叉路口,臺南市南區永華路1段號西門路1,1,晴,50,交岔路,交叉路口,行車管制號誌,汽(機)車本身,尚未發現肇事因素
11004AC691B2836,20210422,120.195122,22.978147,交通事故,交叉路口,臺南市南區夏林路段號新興路,2,晴,50,交岔路,交叉路口,無號誌,車與車,違反號誌管制或指揮
11004AC691B2837,20210427,120.187958,22.95891,交通事故,其他,臺南市南區段號興隆路275號對面巷口,1,晴,50,交岔路,交叉路口,無號誌,車與車,右轉彎未依規定
11004AC691B2840,20210427,120.195122,22.978147,交通事故,交叉路口,臺南市南區夏林路段號新興路,2,晴,50,交岔路,交叉路口,行車管制號誌,車與車,未依規定讓車
11004AC691B2866,20210417,120.207232,22.971828,交通事故,一般地址,臺南市南區國民路段475號0,1,晴,50,交岔路,交叉路口,無號誌,汽(機)車本身,未注意車前狀態
11004AC691B2877,20210415,120.216624,22.94807,交通事故,一般地址,臺南市南區機場路段775號0,1,晴,50,交岔路,交叉路口,閃光號誌,車與車,左轉彎未依規定
11004AC691B2882,20210424,120.190918,22.925311,交通事故,交叉路口,臺南市南區同興路段號同興路131,1,晴,50,交岔路,交叉路口,行車管制號誌,車與車,違反號誌管制或指揮
11004AC691B2912,20210412,120.184519,22.921944,交通事故,一般地址,臺南市南區明興路段1384號0,2,晴,50,單路部分,路段,無號誌,車與車,未注意車前狀態
11004AC691B2918,20210413,120.195378,22.974932,交通事故,交叉路口,臺南市南區永成路段號大成路,1,晴,50,交岔路,其他,行車管制號誌,人與汽(機)車,搶越行人穿越道
11004AC691B2919,20210421,120.188616,22.967338,交通事故,交叉路口,臺南市南區新和東路段號鹽埕路,1,晴,50,交岔路,交叉路口,行車管制號誌,車與車,未注意車前狀態
11004AC691B2920,20210421,120.199003,22.968612,交通事故,一般地址,臺南市南區新都路段244號0,2,晴,30,單路部分,路段,無號誌,車與車,其他引起事故之違規或不當行為
11004AC691B2962,20210416,120.215034,22.971107,交通事故,交叉路口,臺南市南區大同路2段61號大同路,2,晴,50,交岔路,交叉路口,行車管制號誌,人與汽(機)車,未依標誌、標線、號誌或手勢指揮穿越道路
11004AC691B2970,20210428,120.179146,22.951637,交通事故,交叉路口,臺南市南區濱南路段號喜明街,1,晴,70,交岔路,交叉路口,行車管制號誌,車與車,違反號誌管制或指揮
11004AC691B2975,20210429,120.189876,22.974442,交通事故,交叉路口,臺南市南區新興路段439號金華路1503,2,晴,30,交岔路,交叉路口,無號誌,車與車,未依規定讓車
11004AC691B2982,20210420,120.190636,22.97157,交通事故,交叉路口,臺南市南區金華路1段號金華路1420,2,晴,30,交岔路,交叉路口,無號誌,車與車,未依規定讓車
11004AC691B3025,20210417,120.17653,22.932321,交通事故,其他,臺南市南區段號濱南路600號入口南側,1,晴,70,單路部分,路段,無號誌,汽(機)車本身,未注意車前狀態
11004AC691B3027,20210428,120.18391,22.982309,交通事故,交叉路口,臺南市南區健康路2段號健康路2489,2,晴,50,交岔路,交叉路口,無號誌,車與車,未依規定讓車
11004AC691B3028,20210413,120.213826,22.976456,交通事故,交叉路口,臺南市南區大同路2段號大林路,3,晴,50,交岔路,路段,行車管制號誌,車與車,未保持行車安全距離
11004AC691B3031,20210420,120.191486,22.981869,交通事故,一般地址,臺南市南區金華路2段187號,1,晴,50,單路部分,路段,無號誌,車與車,違反特定標誌(線)禁制
11004AC691B3063,20210422,120.191019,22.97534,交通事故,交叉路口,臺南市南區金華路段號新興路,2,晴,50,交岔路,交叉路口,行車管制號誌,車與車,違反號誌管制或指揮
11004AC691B3064,20210426,120.210904,22.970035,交通事故,其他,臺南市南區段號中華南路一段殯儀館前,2,陰,50,單路部分,路段,行車管制號誌,人與汽(機)車,未注意車前狀態
11004AC691B3090,20210420,120.195122,22.978147,交通事故,交叉路口,臺南市南區新興路段號夏林路,3,晴,50,交岔路,交叉路口,行車管制號誌,車與車,違反號誌管制或指揮
11004AC691B3093,20210420,120.186356,22.926951,交通事故,一般地址,臺南市南區明興路段1153號0,1,晴,50,單路部分,路段,無號誌,車與車,未注意車前狀態
11004AC691B3098,20210428,120.184294,22.982289,交通事故,交叉路口,臺南市南區健康路段號仁南街,1,晴,50,交岔路,交叉路口,行車管制號誌,車與車,未注意車前狀態
11004AC691B3112,20210430,120.195656,22.983858,交通事故,交叉路口,臺南市南區府緯街段號府緯街115,1,晴,50,交岔路,交叉路口,無號誌,車與車,未依規定讓車
11004AC691B3123,20210420,120.185378,22.925093,交通事故,交叉路口,臺南市南區明興路段號明興路1209,2,晴,50,交岔路,交叉路口,行車管制號誌,車與車,左轉彎未依規定
11004AC691B3125,20210419,120.191456,22.980265,交通事故,一般地址,臺南市南區金華路2段202號0,3,晴,50,單路部分,路段,無號誌,車與車,其他引起事故之違規或不當行為
11004AC691B3135,20210406,120.190436,22.961302,交通事故,一般地址,臺南市南區中華南路二段段199號,1,晴,60,交岔路,交叉路口,無號誌,車與車,起步未注意其他車(人)安全
11004AC691B3139,20210422,120.201841,22.978285,交通事故,交叉路口,臺南市南區興中街段63號水交社一街,2,晴,50,交岔路,交叉路口,閃光號誌,車與車,未依規定讓車
11004AC691B3140,20210422,120.192308,22.96716,交通事故,交叉路口,臺南市南區德興路段號新都路,1,晴,50,交岔路,交叉路口,行車管制號誌,車與車,違反號誌管制或指揮
11004AC691B3141,20210423,120.193857,22.978872,交通事故,交叉路口,臺南市南區三官路段96號三官路,1,晴,50,交岔路,交叉路口,無號誌,車與車,迴轉未依規定
11004AC691B3142,20210429,120.180684,22.953418,交通事故,交叉路口,臺南市南區濱南路段號省道臺86線快速公路,2,晴,60,交岔路,交叉路口,行車管制號誌,車與車,未注意車前狀態
11004AC691B3168,20210401,120.19539,22.968828,交通事故,交叉路口,臺南市南區永成路3段號永成路3416,2,晴,50,交岔路,交叉路口,無號誌,車與車,未保持行車安全距離
11004AC691B3194,20210405,120.186126,22.927599,交通事故,一般地址,臺南市南區灣裡路段2118822號0,1,晴,30,單路部分,路段,無號誌,車與車,起步未注意其他車(人)安全
11004AC691B3195,20210407,120.183578,22.982335,交通事故,一般地址,臺南市南區健康路2段505號0,2,晴,50,單路部分,路段,無號誌,車與車,未注意車前狀態
11004AC691B3209,20210421,120.18555,22.925969,交通事故,交叉路口,臺南市南區灣裡路段263號灣裡路21188,2,晴,30,交岔路,交叉路口,閃光號誌,車與車,未依規定讓車
11004AC691B3234,20210425,120.185979,22.982783,交通事故,一般地址,臺南市南區中華西路1段175號0,1,晴,60,單路部分,路段,無號誌,車與車,爭(搶)道行駛
11004AC691B3243,20210421,120.183751,22.967374,交通事故,交叉路口,臺南市南區中華西路段號新和路,1,晴,60,交岔路,交叉路口,行車管制號誌,車與車,未依規定讓車
11004AC691B3250,20210422,120.201115,22.981304,交通事故,一般地址,臺南市南區健康路1段333號0,1,晴,50,單路部分,路段,無號誌,車與車,未注意車前狀態
11004AC691B3279,20210422,120.195802,22.987452,交通事故,交叉路口,臺南市南區永華路段號大德街,2,晴,30,交岔路,交叉路口,閃光號誌,車與車,未依規定讓車
11004AC691B3303,20210426,120.181825,22.982667,交通事故,交叉路口,臺南市南區健康路3段號建平路,2,晴,0,單路部分,其他,無號誌,人與汽(機)車,其他引起事故之違規或不當行為
11004AC691B3304,20210420,120.196452,22.983843,交通事故,交叉路口,臺南市南區國華街1段號府緯街,2,晴,50,交岔路,交叉路口,行車管制號誌,車與車,不明原因肇事
11004AC691B3305,20210430,120.191732,22.984617,交通事故,一般地址,臺南市南區金華路2段301號,1,晴,50,單路部分,路段,無號誌,車與車,違反特定標誌(線)禁制
11004AC691B3325,20210406,120.189999,22.984942,交通事故,交叉路口,臺南市南區建南路段號文南路,1,晴,50,交岔路,交叉路口,行車管制號誌,車與車,不明原因肇事
11004AC691B3326,20210405,120.213617,22.97766,交通事故,一般地址,臺南市南區大同路2段166號0,2,晴,50,交岔路,交叉路口,行車管制號誌,車與車,未注意車前狀態
11004AC691B3328,20210406,120.206982,22.971665,交通事故,一般地址,臺南市南區國民路段507號0,1,晴,50,交岔路,交叉路口,無號誌,車與車,未注意車前狀態
11004AC691B3330,20210416,120.197749,22.969885,交通事故,一般地址,臺南市南區西門路1段100號,2,晴,40,單路部分,路段,無號誌,汽(機)車本身,未注意車前狀態
11004AC691B3331,20210425,120.212073,22.980915,交通事故,交叉路口,臺南市南區健康路1段號大同路2,1,雨,50,單路部分,路段,無號誌,車與車,未依規定讓車
11004AC691B3341,20210412,120.203778,22.981386,交通事故,交叉路口,臺南市南區健康路段號南門路,1,晴,50,交岔路,交叉路口,行車管制號誌,車與車,其他引起事故之違規或不當行為
11004AC691B3342,20210406,120.195621,22.940771,交通事故,交叉路口,臺南市南區永成路1段號萬年路,1,晴,50,交岔路,交叉路口,行車管制號誌,車與車,未保持行車安全間隔
11004AC691B3343,20210413,120.21327,22.972067,交通事故,一般地址,臺南市南區中華南路一段段62號,2,晴,50,單路部分,路段,無號誌,車與車,未注意車前狀態
11004AC691B3345,20210413,120.183886,22.967303,交通事故,交叉路口,臺南市南區中華西路1段號新和東路,1,晴,60,交岔路,交叉路口,行車管制號誌,車與車,左轉彎未依規定
11004AC691B3365,20210427,120.191019,22.97534,交通事故,交叉路口,臺南市南區金華路段號新興路,1,晴,50,交岔路,交叉路口,行車管制號誌,車與車,迴轉未依規定
11004AC691B3366,20210418,120.213923,22.976401,交通事故,交叉路口,臺南市南區大同路2段號大林路,1,晴,50,交岔路,交叉路口,行車管制號誌,車與車,未注意車前狀態
11004AC691B3367,20210419,120.189856,22.975901,交通事故,交叉路口,臺南市南區金華路2段9號慶南街,1,晴,30,交岔路,交叉路口,無號誌,車與車,未依規定讓車
11004AC691B3369,20210426,120.21167,22.973528,交通事故,一般地址,臺南市南區大同路2段4821142號0,1,雨,30,交岔路,交叉路口,無號誌,車與車,尚未發現肇事因素
11004AC691B3370,20210429,120.212453,22.979971,交通事故,一般地址,臺南市南區大同路2段110號0,1,晴,50,單路部分,路段,無號誌,車與車,橫越道路不慎
11004AC691B3371,20210430,120.200611,22.97954,交通事故,交叉路口,臺南市南區水交社路段號新興東路,2,晴,50,交岔路,交叉路口,行車管制號誌,車與車,違反號誌管制或指揮
11004AC791A0002,20210406,120.203713,23.172437,交通事故,無,臺南市佳里區段號,0,晴,60,單路部分,路段,無號誌,汽(機)車本身,未注意車前狀態
11004AC791A0007,20210412,120.140948,23.136229,交通事故,其他,臺南市七股區段號大埕里大埕448號,0,晴,30,交岔路,交叉路口,無號誌,車與車,未依規定讓車
11004AC791B0004,20210401,120.188908,23.198084,交通事故,無,臺南市佳里區段號,1,晴,50,交岔路,交叉路口,閃光號誌,車與車,右轉彎未依規定
11004AC791B0014,20210401,120.180075,23.148626,交通事故,交叉路口,臺南市佳里區鎮山里佳南路段號勝利路,1,晴,50,交岔路,交叉路口,行車管制號誌,車與車,違反號誌管制或指揮
11004AC791B0022,20210401,120.162473,23.129646,交通事故,無,臺南市佳里區段號,1,晴,50,單路部分,路段,無號誌,汽(機)車本身,未注意車前狀態
11004AC791B0080,20210402,120.180211,23.170491,交通事故,交叉路口,臺南市佳里區六安里佳北路段號六合街,1,晴,30,交岔路,交叉路口,無號誌,車與車,未依規定讓車
11004AC791B0105,20210402,120.175151,23.156783,交通事故,交叉路口,臺南市佳里區建南里光復路段號自由街,1,晴,50,交岔路,交叉路口,行車管制號誌,車與車,未依規定讓車
11004AC791B0109,20210402,120.185208,23.164422,交通事故,無,臺南市佳里區段號,1,晴,60,單路部分,路段,無號誌,車與車,未注意車前狀態
11004AC791B0117,20210402,120.175096,23.157285,交通事故,其他,臺南市佳里區段號光復路70號,1,晴,50,單路部分,路段,無號誌,車與車,起步未注意其他車(人)安全
11004AC791B0132,20210402,120.178189,23.163805,交通事故,交叉路口,臺南市佳里區東寧里延平路段號進學路,1,晴,50,交岔路,交叉路口,無號誌,汽(機)車本身,未注意車前狀態
11004AC791B0137,20210403,120.204102,23.110125,交通事故,無,臺南市西港區段號,2,晴,50,單路部分,路段,無號誌,車與車,未保持行車安全間隔
11004AC791B0138,20210403,120.198904,23.120689,交通事故,交叉路口,臺南市西港區慶安里慶安路段號慶安路171,1,晴,50,交岔路,交叉路口,行車管制號誌,車與車,未依規定讓車
11004AC791B0148,20210403,120.174933,23.165721,交通事故,交叉路口,臺南市佳里區安西里忠孝路段號光復路,3,晴,50,交岔路,交叉路口,行車管制號誌,車與車,未依規定讓車
11004AC791B0170,20210403,120.207489,23.122812,交通事故,其他,臺南市西港區段號西港里檨林14左7電桿旁路口,1,晴,60,交岔路,交叉路口,行車管制號誌(附設行人專用號誌),車與車,未依規定讓車
11004AC791B0171,20210403,120.133314,23.133747,交通事故,其他,臺南市七股區段號七股里七股154之1號前路口,2,晴,50,交岔路,交叉路口,行車管制號誌,車與車,起步未注意其他車(人)安全
11004AC791B0210,20210404,120.175362,23.155175,交通事故,交叉路口,臺南市佳里區建南里光復路段號復興路,2,晴,50,交岔路,交叉路口,行車管制號誌,車與車,違反號誌管制或指揮
11004AC791B0235,20210404,120.17472,23.159928,交通事故,交叉路口,臺南市佳里區文新里光復路段號新生路,1,晴,50,交岔路,交叉路口,行車管制號誌,車與車,違反號誌管制或指揮
11004AC791B0249,20210403,120.202297,23.126624,交通事故,無,臺南市西港區段號,1,晴,50,交岔路,交叉路口,無號誌,車與車,右轉彎未依規定
11004AC791B0261,20210405,120.143826,23.101298,交通事故,其他,臺南市七股區段號南37之1線2.3公里處一般車道,1,晴,50,單路部分,路段,無號誌,車與車,未注意車前狀態
11004AC791B0288,20210405,120.197522,23.136132,交通事故,無,臺南市西港區段號,2,晴,50,單路部分,路段,無號誌,汽(機)車本身,未注意車前狀態
11004AC791B0315,20210405,120.203312,23.121222,交通事故,交叉路口,臺南市西港區慶安里中山路段號慶安路,2,晴,50,交岔路,交叉路口,行車管制號誌,車與車,未依規定讓車
11004AC791B0321,20210406,120.195157,23.153269,交通事故,其他,臺南市佳里區段號鎮山里南44-1線與南51線路口,1,晴,30,交岔路,交叉路口,行車管制號誌,車與車,違反號誌管制或指揮
11004AC791B0325,20210406,120.185911,23.154366,交通事故,其他,臺南市佳里區段號鎮山里(佳環高幹30右7)電桿前未命名道路四岔路口,1,晴,30,交岔路,交叉路口,無號誌,車與車,未依規定讓車
11004AC791B0355,20210406,120.070838,23.095223,交通事故,無,臺南市七股區段號,2,晴,30,交岔路,交叉路口,無號誌,汽(機)車本身,未注意車前狀態
11004AC791B0410,20210406,120.180684,23.163775,交通事故,一般地址,臺南市佳里區東寧里進學路段95號,2,晴,40,單路部分,路段,無號誌,車與車,變換車道或方向不當
11004AC791B0434,20210407,120.144174,23.144836,交通事故,無,臺南市七股區段號,1,晴,60,交岔路,交叉路口,行車管制號誌,車與車,未依規定讓車
11004AC791B0453,20210407,120.184902,23.151158,交通事故,無,臺南市佳里區段號,1,晴,50,單路部分,路段,無號誌,汽(機)車本身,未注意車前狀態
11004AC791B0462,20210406,120.174791,23.159954,交通事故,其他,臺南市佳里區段號光復路與新生路口,2,晴,50,交岔路,交叉路口,行車管制號誌,車與車,違反號誌管制或指揮