案件編號,發生日期,GPS經度,GPS緯度,案件類別名稱,地址類型名稱,發生縣市名稱,受傷人數,天候名稱, 速限-第1當事者,道路型態大類別名稱,事故位置大類別名稱,號誌-號誌種類名稱,事故類型及型態大類別名稱,肇因研判子類別名稱-主要
11004AC791B0468,20210403,120.202598,23.11963,交通事故,其他,臺南市西港區段號中山路229巷6弄/中山路229巷,1,晴,50,交岔路,交叉路口,無號誌,車與車,未依規定讓車
11004AC791B0473,20210407,120.17448,23.127682,交通事故,無,臺南市佳里區段號,1,晴,50,交岔路,交叉路口,無號誌,車與車,左轉彎未依規定
11004AC791B0483,20210408,120.177855,23.165405,交通事故,交叉路口,臺南市佳里區六安里中山路段號忠孝路,1,晴,50,交岔路,交叉路口,行車管制號誌(附設行人專用號誌),車與車,違反號誌管制或指揮
11004AC791B0490,20210408,120.202393,23.170109,交通事故,無,臺南市佳里區段號,2,晴,60,單路部分,路段,無號誌,車與車,未保持行車安全間隔
11004AC791B0508,20210408,120.191959,23.183763,交通事故,無,臺南市佳里區段號,1,晴,40,交岔路,交叉路口,無號誌,車與車,未依規定讓車
11004AC791B0509,20210408,120.184563,23.182837,交通事故,無,臺南市佳里區段號,1,晴,50,單路部分,路段,無號誌,人與汽(機)車,倒車未依規定
11004AC791B0521,20210408,120.177809,23.160524,交通事故,交叉路口,臺南市佳里區東寧里新生路段號新生路148,1,晴,30,交岔路,交叉路口,無號誌,車與車,未依規定讓車
11004AC791B0525,20210408,120.191887,23.181666,交通事故,其他,臺南市佳里區段號民安里新宅50-6號旁四岔路口,1,晴,30,交岔路,交叉路口,無號誌,車與車,未依規定讓車
11004AC791B0535,20210408,120.179123,23.156059,交通事故,交叉路口,臺南市佳里區鎮山里延平路段號自由街,3,晴,50,交岔路,交叉路口,行車管制號誌,車與車,左轉彎未依規定
11004AC791B0542,20210405,120.176884,23.160587,交通事故,其他,臺南市佳里區段號中山路272號,1,晴,50,單路部分,路段,無號誌,車與車,未保持行車安全距離
11004AC791B0552,20210401,120.230069,23.136579,交通事故,一般地址,臺南市西港區檨林里檨子林段35855號,1,晴,30,交岔路,交叉路口,無號誌,車與車,未依規定讓車
11004AC791B0556,20210409,120.218294,23.139501,交通事故,其他,臺南市西港區段號後營里後營367號前路口,2,晴,50,交岔路,交叉路口,無號誌,車與車,未注意車前狀態
11004AC791B0568,20210409,120.184117,23.181926,交通事故,無,臺南市佳里區段號,2,晴,50,交岔路,交叉路口,行車管制號誌,車與車,未依規定讓車
11004AC791B0587,20210402,120.156553,23.112469,交通事故,交叉路口,臺南市七股區區道南33線段號區道南33-1線,2,晴,50,交岔路,交叉路口,無號誌,車與車,未依規定讓車
11004AC791B0645,20210409,120.178359,23.153137,交通事故,交叉路口,臺南市佳里區建南里勝利路段號祥和五街,2,晴,40,交岔路,交叉路口,無號誌,車與車,未依規定讓車
11004AC791B0649,20210409,120.134559,23.136799,交通事故,一般地址,臺南市七股區玉成里省道臺17線段44245號,2,晴,50,交岔路,交叉路口,無號誌,車與車,未依規定讓車
11004AC791B0665,20210410,120.17814,23.163325,交通事故,一般地址,臺南市佳里區東寧里延平路段367號0,2,晴,50,單路部分,路段,無號誌,車與車,變換車道或方向不當
11004AC791B0680,20210410,120.172812,23.163068,交通事故,交叉路口,臺南市佳里區文新里文化路段號公園路,1,晴,50,交岔路,交叉路口,行車管制號誌,汽(機)車本身,未注意車前狀態
11004AC791B0697,20210410,120.203679,23.111764,交通事故,無,臺南市西港區段號,1,晴,50,交岔路,交叉路口,無號誌,車與車,未依規定讓車
11004AC791B0711,20210410,120.180042,23.162478,交通事故,交叉路口,臺南市佳里區東寧里和平街段號和平街19,1,晴,50,交岔路,交叉路口,無號誌,車與車,違反特定標誌(線)禁制
11004AC791B0718,20210410,120.174921,23.161725,交通事故,一般地址,臺南市佳里區東寧里光復路段230號,1,晴,50,單路部分,路段,無號誌,人與汽(機)車,未注意車前狀態
11004AC791B0744,20210411,120.174803,23.163123,交通事故,交叉路口,臺南市佳里區安西里光復路段號文化路,1,晴,50,交岔路,交叉路口,行車管制號誌,車與車,左轉彎未依規定
11004AC791B0766,20210411,120.181681,23.163951,交通事故,交叉路口,臺南市佳里區六安里忠孝東路段號進學路,1,晴,50,交岔路,交叉路口,閃光號誌,車與車,變換車道或方向不當
11004AC791B0819,20210411,120.130053,23.093012,交通事故,其他,臺南市七股區段號永吉里64號前路口(永吉釣具),1,晴,40,交岔路,交叉路口,無號誌,汽(機)車本身,未注意車前狀態
11004AC791B0820,20210410,120.088725,23.136959,交通事故,無,臺南市七股區段號,1,晴,90,單路部分,路段,無號誌,汽(機)車本身,未注意車前狀態
11004AC791B0830,20210412,120.182583,23.150002,交通事故,交叉路口,臺南市佳里區鎮山里佳南路段號鎮山街,1,晴,50,交岔路,交叉路口,行車管制號誌,車與車,違反號誌管制或指揮
11004AC791B0834,20210412,120.18473,23.151043,交通事故,其他,臺南市佳里區段號鎮山里仁愛路67號前(仁愛路中油加油站),2,晴,50,單路部分,其他,無號誌,車與車,逆向行駛
11004AC791B0857,20210412,120.202015,23.119943,交通事故,一般地址,臺南市西港區西港里新興街段125號0,1,晴,30,單路部分,路段,無號誌,車與車,起步未注意其他車(人)安全
11004AC791B0902,20210413,120.140561,23.141872,交通事故,無,臺南市七股區段號,1,晴,50,單路部分,路段,無號誌,車與車,起步未注意其他車(人)安全
11004AC791B0933,20210407,120.131554,23.102291,交通事故,交叉路口,臺南市七股區省道臺17線段號區道南38線,1,晴,50,交岔路,交叉路口,行車管制號誌,汽(機)車本身,未注意車前狀態
11004AC791B0946,20210413,120.202698,23.117365,交通事故,交叉路口,臺南市西港區慶安里中山路段121號中山路12176,1,晴,50,交岔路,交叉路口,無號誌,車與車,未依規定讓車
11004AC791B0953,20210413,120.178229,23.163113,交通事故,交叉路口,臺南市佳里區東寧里延平路段號文化路,1,晴,50,交岔路,交叉路口,行車管制號誌,車與車,未依規定讓車
11004AC791B0968,20210412,120.135521,23.187446,交通事故,其他,臺南市七股區段號大潭里南26線與南28線路口附近一般車道,2,晴,50,交岔路,交叉路口,無號誌,車與車,未注意車前狀態
11004AC791B0978,20210408,120.152629,23.150441,交通事故,交叉路口,臺南市七股區市道176線段號區道南29線,1,晴,50,交岔路,交叉路口,行車管制號誌,汽(機)車本身,未注意車前狀態
11004AC791B1012,20210414,120.22547,23.142734,交通事故,交叉路口,臺南市西港區檨林里市道173線段號區道南45線,1,晴,60,交岔路,交叉路口,行車管制號誌,車與車,未注意車前狀態
11004AC791B1016,20210414,120.132096,23.123963,交通事故,無,臺南市七股區段號,2,晴,70,單路部分,路段,無號誌,車與車,未注意車前狀態
11004AC791B1032,20210414,120.21527,23.121153,交通事故,其他,臺南市西港區段號港東里烏竹林1-13號旁十字路口,2,晴,30,交岔路,交叉路口,無號誌,車與車,未依規定讓車
11004AC791B1052,20210415,120.182583,23.150002,交通事故,交叉路口,臺南市佳里區鎮山里佳南路段號鎮山街,1,晴,50,交岔路,交叉路口,行車管制號誌,車與車,未依規定讓車
11004AC791B1137,20210415,120.181716,23.163944,交通事故,交叉路口,臺南市佳里區六安里進學路段號忠孝東路,2,晴,50,交岔路,交叉路口,閃光號誌,車與車,未依規定讓車
11004AC791B1219,20210416,120.196467,23.119841,交通事故,交叉路口,臺南市西港區南海里慶安路段號慶安路228,2,晴,50,交岔路,交叉路口,無號誌,車與車,未依規定讓車
11004AC791B1220,20210416,120.140603,23.141919,交通事故,一般地址,臺南市七股區大埕里市道176線段181號,1,晴,50,單路部分,路段,無號誌,汽(機)車本身,未注意車前狀態
11004AC791B1251,20210417,120.132171,23.123813,交通事故,交叉路口,臺南市七股區七股里省道臺17線段號區道南36線,2,晴,50,交岔路,交叉路口,行車管制號誌,車與車,未注意車前狀態
11004AC791B1280,20210417,120.175656,23.171208,交通事故,一般地址,臺南市佳里區六安里佳北路段319號,1,晴,50,單路部分,路段,無號誌,汽(機)車本身,未注意車前狀態
11004AC791B1281,20210417,120.178156,23.165395,交通事故,交叉路口,臺南市佳里區六安里延平路段號忠孝東路,1,晴,50,交岔路,交叉路口,行車管制號誌(附設行人專用號誌),車與車,未依規定讓車
11004AC791B1288,20210412,120.182885,23.163909,交通事故,其他,臺南市佳里區段號進學路40號,1,晴,50,交岔路,交叉路口,行車管制號誌,車與車,未注意車前狀態
11004AC791B1324,20210418,120.174188,23.15186,交通事故,交叉路口,臺南市佳里區南勢里成功路段號安南路,1,晴,50,交岔路,交叉路口,無號誌,車與車,逆向行駛
11004AC791B1341,20210408,120.172989,23.152335,交通事故,其他,臺南市佳里區段號安南路316巷口對面,1,晴,50,交岔路,路段,無號誌,車與車,未注意車前狀態
11004AC791B1345,20210405,120.176502,23.150471,交通事故,其他,臺南市佳里區段號四維二街193號前,1,晴,30,單路部分,路段,無號誌,車與車,起步未注意其他車(人)安全
11004AC791B1367,20210411,120.200148,23.113579,交通事故,其他,臺南市西港區段號南海里中港18-36號,2,晴,30,交岔路,交叉路口,無號誌,車與車,未依規定讓車
11004AC791B1372,20210412,120.185903,23.154333,交通事故,其他,臺南市佳里區段號鎮山里鎮山94之109號,1,晴,30,交岔路,交叉路口,無號誌,車與車,未依規定讓車
11004AC791B1389,20210418,120.170489,23.169477,交通事故,交叉路口,臺南市佳里區安西里忠孝路段號佳北路,1,晴,50,交岔路,交叉路口,行車管制號誌,車與車,未依規定讓車
11004AC791B1406,20210419,120.174992,23.149712,交通事故,交叉路口,臺南市佳里區南勢里四維三街段號成功路213,1,晴,30,交岔路,交叉路口,無號誌,車與車,未依規定讓車
11004AC791B1509,20210419,120.203678,23.113049,交通事故,一般地址,臺南市西港區慶安里中山路段17號,1,晴,50,交岔路,交叉路口,行車管制號誌,車與車,未保持行車安全距離
11004AC791B1558,20210420,120.227994,23.135234,交通事故,無,臺南市西港區段號,1,晴,50,交岔路,交叉路口,無號誌,車與車,未依規定讓車
11004AC791B1603,20210420,120.17996,23.17385,交通事故,無,臺南市佳里區段號,1,晴,50,單路部分,路段,行車管制號誌,車與車,未注意車前狀態
11004AC791B1628,20210420,120.165982,23.129405,交通事故,交叉路口,臺南市佳里區塭內里區道南37線段號區道南34線,1,晴,50,交岔路,交叉路口,行車管制號誌,車與車,左轉彎未依規定
11004AC791B1632,20210415,120.173956,23.17116,交通事故,交叉路口,臺南市佳里區六安里佳北路段394號0佳北路345,0,晴,50,交岔路,交叉路口,行車管制號誌,車與車,左轉彎未依規定
11004AC791B1692,20210421,120.157208,23.152939,交通事故,一般地址,臺南市七股區大埕里大埕路段44257號0,1,晴,50,單路部分,路段,無號誌,車與車,左轉彎未依規定
11004AC791B1719,20210421,120.18135,23.161786,交通事故,交叉路口,臺南市佳里區東寧里新生路段號信義二街,1,晴,40,交岔路,交叉路口,行車管制號誌,汽(機)車本身,未注意車前狀態
11004AC791B1737,20210403,120.172491,23.16309,交通事故,交叉路口,臺南市佳里區安西里文化路段號公園路,1,晴,50,交岔路,交叉路口,行車管制號誌,車與車,未依規定讓車
11004AC791B1781,20210422,120.206488,23.17192,交通事故,其他,臺南市佳里區段號子龍里子良廟223-3號前四岔路口,1,晴,30,交岔路,交叉路口,無號誌,車與車,未依規定讓車
11004AC791B1785,20210421,120.202463,23.121117,交通事故,交叉路口,臺南市西港區慶安里慶安路段號慶安路33,1,晴,40,交岔路,交叉路口,無號誌,車與車,起步未注意其他車(人)安全
11004AC791B1834,20210422,120.180406,23.174792,交通事故,無,臺南市佳里區段號,1,晴,50,單路部分,路段,無號誌,車與車,變換車道或方向不當
11004AC791B1896,20210406,120.170003,23.140438,交通事故,無,臺南市佳里區段號,2,晴,30,交岔路,交叉路口,無號誌,車與車,未依規定讓車
11004AC791B1933,20210423,120.188461,23.200098,交通事故,其他,臺南市佳里區段號營頂37-1號前十字路口,1,晴,30,交岔路,交叉路口,閃光號誌,車與車,未依規定讓車
11004AC791B1961,20210421,120.20648,23.171903,交通事故,一般地址,臺南市佳里區子龍里子良廟段233-3號,2,晴,30,交岔路,交叉路口,無號誌,車與車,未依規定讓車
11004AC791B1978,20210404,120.172327,23.159485,交通事故,交叉路口,臺南市佳里區建南里公園路段號新生路,3,晴,50,交岔路,交叉路口,行車管制號誌,汽(機)車本身,違反號誌管制或指揮
11004AC791B1991,20210409,120.164967,23.175078,交通事故,無,臺南市佳里區段號,2,晴,50,交岔路,交叉路口,無號誌,車與車,未依規定讓車
11004AC791B1993,20210424,120.181191,23.15223,交通事故,交叉路口,臺南市佳里區鎮山里中興街段號中興街182,1,晴,30,交岔路,交叉路口,無號誌,車與車,未依規定讓車
11004AC791B2003,20210424,120.198914,23.122129,交通事故,一般地址,臺南市西港區慶安里進學街段111號,1,晴,50,單路部分,路段,無號誌,汽(機)車本身,未注意車前狀態
11004AC791B2016,20210424,120.180886,23.163899,交通事故,一般地址,臺南市佳里區東寧里進學路段89號5,2,晴,50,單路部分,路段,無號誌,車與車,變換車道或方向不當
11004AC791B2034,20210424,120.134594,23.136816,交通事故,其他,臺南市七股區段號玉成18-2號/加油站前,1,晴,50,交岔路,路段,無號誌,車與車,左轉彎未依規定
11004AC791B2053,20210405,120.172956,23.167773,交通事故,交叉路口,臺南市佳里區安西里安西路段號忠孝路,1,晴,50,交岔路,其他,行車管制號誌,人與汽(機)車,未注意車前狀態
11004AC791B2099,20210425,120.194685,23.119036,交通事故,一般地址,臺南市西港區南海里慶安路段234之2號,2,陰,50,單路部分,路段,無號誌,車與車,起步未注意其他車(人)安全
11004AC791B2147,20210425,120.186017,23.150132,交通事故,無,臺南市佳里區段號,1,晴,50,單路部分,路段,無號誌,車與車,未保持行車安全距離
11004AC791B2158,20210425,120.202757,23.110126,交通事故,其他,臺南市西港區段號西港大橋西側引道路口,1,雨,50,交岔路,交叉路口,無號誌,車與車,未注意車前狀態
11004AC791B2189,20210426,120.174826,23.164151,交通事故,交叉路口,臺南市佳里區安西里光復路段號進學路,1,晴,50,交岔路,交叉路口,行車管制號誌,車與車,未保持行車安全間隔
11004AC791B2197,20210419,120.201378,23.128921,交通事故,一般地址,臺南市西港區中山路段469號,1,晴,50,交岔路,交叉路口,行車管制號誌,車與車,未依規定讓車
11004AC791B2210,20210426,120.203677,23.111967,交通事故,一般地址,臺南市西港區西港里中山路段17號,2,晴,50,交岔路,交叉路口,行車管制號誌,車與車,左轉彎未依規定
11004AC791B2213,20210426,120.134559,23.136304,交通事故,交叉路口,臺南市七股區玉成里省道臺17線段號市道176線,1,晴,50,交岔路,交叉路口,行車管制號誌,車與車,右轉彎未依規定
11004AC791B2217,20210408,120.233811,23.133353,交通事故,一般地址,臺南市西港區後營里區道南44線段44198號,2,晴,50,單路部分,路段,無號誌,車與車,逆向行駛
11004AC791B2234,20210426,120.203882,23.110571,交通事故,無,臺南市西港區段號,1,晴,30,單路部分,路段,無號誌,車與車,未依規定讓車
11004AC791B2238,20210426,120.189206,23.14658,交通事故,無,臺南市佳里區段號,2,晴,50,交岔路,交叉路口,無號誌,車與車,未保持行車安全距離
11004AC791B2243,20210426,120.176817,23.165772,交通事故,一般地址,臺南市佳里區六安里林園街段142號,1,晴,30,單路部分,路段,無號誌,車與車,開啟車門不當而肇事
11004AC791B2256,20210426,120.204528,23.121622,交通事故,其他,臺南市西港區段號西港里28-3號旁十字路口,1,陰,30,交岔路,交叉路口,行車管制號誌,車與車,違反號誌管制或指揮
11004AC791B2283,20210412,120.171235,23.157873,交通事故,交叉路口,臺南市佳里區南勢里安南路段號新生路44158,1,晴,50,交岔路,交叉路口,無號誌,汽(機)車本身,未注意車前狀態
11004AC791B2285,20210427,120.194253,23.118687,交通事故,交叉路口,臺南市西港區南海里市道173線段號區道南42線,1,晴,50,交岔路,交叉路口,行車管制號誌,車與車,未依規定讓車
11004AC791B2317,20210427,120.193263,23.109442,交通事故,其他,臺南市西港區段號南海里中港14號前一般車道,2,晴,30,單路部分,路段,無號誌,車與車,起步未注意其他車(人)安全
11004AC791B2346,20210426,120.209253,23.122581,交通事故,其他,臺南市西港區段號港東里南45公路4公里附近三岔路口,2,陰,30,交岔路,交叉路口,無號誌,車與車,未依規定讓車
11004AC791B2384,20210427,120.18073,23.175324,交通事故,其他,臺南市佳里區段號六安里六安104之52號前北向,2,晴,50,單路部分,路段,無號誌,車與車,未保持行車安全距離
11004AC791B2400,20210428,120.181581,23.160541,交通事故,一般地址,臺南市佳里區忠仁里信義一街段303號0,1,陰,30,交岔路,交叉路口,無號誌,人與汽(機)車,未保持行車安全間隔
11004AC791B2429,20210428,120.176327,23.156561,交通事故,一般地址,臺南市佳里區建南里自由街段16628號0,2,晴,30,單路部分,路段,無號誌,車與車,未靠右行駛
11004AC791B2442,20210413,120.169993,23.168819,交通事故,一般地址,臺南市佳里區佳西路段562號,2,晴,50,交岔路,交叉路口,無號誌,車與車,未注意車前狀態
11004AC791B2458,20210416,120.199973,23.13274,交通事故,一般地址,臺南市西港區慶安里中山路段521號,1,晴,50,交岔路,交叉路口,行車管制號誌,車與車,倒車未依規定
11004AC791B2460,20210427,120.208106,23.115958,交通事故,其他,臺南市西港區段號西港里西港外環道電桿堀頭高分10左5右4附近,1,晴,60,單路部分,路段,無號誌,汽(機)車本身,未注意車前狀態
11004AC791B2466,20210428,120.179102,23.155907,交通事故,一般地址,臺南市佳里區鎮山里延平路段91號,2,晴,50,單路部分,路段,無號誌,車與車,未依規定讓車
11004AC791B2491,20210429,120.202932,23.113976,交通事故,一般地址,臺南市西港區慶安里新興街段3之1號0,1,雨,40,交岔路,交叉路口,閃光號誌,車與車,未依規定讓車
11004AC791B2492,20210411,120.163931,23.177547,交通事故,無,臺南市佳里區段號,1,晴,50,單路部分,路段,無號誌,汽(機)車本身,不明原因肇事
11004AC791B2499,20210429,120.217251,23.142698,交通事故,一般地址,臺南市西港區營西里後營段106號,1,雨,30,單路部分,路段,無號誌,車與車,倒車未依規定
11004AC791B2548,20210429,120.142625,23.095836,交通事故,無,臺南市七股區段號,1,晴,50,單路部分,路段,無號誌,汽(機)車本身,未注意車前狀態
11004AC791B2625,20210429,120.176702,23.15309,交通事故,其他,臺南市佳里區段號祥和五街與四維二街口,1,陰,50,交岔路,交叉路口,行車管制號誌,車與車,違反號誌管制或指揮
11004AC791B2654,20210424,120.149097,23.141888,交通事故,其他,臺南市七股區段號大埕里大埕437-1號往東約200公尺處,1,晴,30,交岔路,交叉路口,無號誌,汽(機)車本身,不明原因肇事
11004AC791B2693,20210429,120.181169,23.106132,交通事故,交叉路口,臺南市西港區永樂里區道南41線段號區道南42線,1,晴,30,交岔路,交叉路口,閃光號誌,車與車,未依規定讓車
11004AC791B2747,20210423,120.202707,23.110081,交通事故,無,臺南市西港區段號,1,晴,50,單路部分,路段,無號誌,汽(機)車本身,未注意車前狀態
11004AC791B2816,20210425,120.178482,23.160777,交通事故,一般地址,臺南市佳里區新生路段108號,1,晴,50,單路部分,路段,無號誌,車與車,倒車未依規定
11004AC791B2824,20210420,120.185773,23.124065,交通事故,其他,臺南市西港區段號大竹林18之17號,3,晴,30,交岔路,交叉路口,無號誌,車與車,未依規定讓車
11004AC791B2839,20210403,120.178311,23.161596,交通事故,交叉路口,臺南市佳里區東寧里延平路段號義民街,2,晴,50,交岔路,交叉路口,行車管制號誌,車與車,左轉彎未依規定
11004AC791B2841,20210403,120.188219,23.189955,交通事故,一般地址,臺南市佳里區佳興里佳里興段441號0,2,晴,50,單路部分,路段,無號誌,車與車,未依規定讓車
11004AC791B2853,20210415,120.176381,23.187954,交通事故,其他,臺南市佳里區段號佳興里興化高幹17右6電桿附近東向車道,1,晴,30,單路部分,路段,無號誌,汽(機)車本身,未注意車前狀態
11004AC791B2859,20210404,120.147968,23.176381,交通事故,無,臺南市佳里區段號,1,晴,60,單路部分,路段,無號誌,汽(機)車本身,未注意車前狀態
11004AC791B2872,20210426,120.169936,23.164253,交通事故,交叉路口,臺南市佳里區光華街段157號育善街272,2,晴,30,交岔路,交叉路口,無號誌,車與車,未注意車前狀態
11004AC791B2928,20210401,120.204083,23.116469,交通事故,一般地址,臺南市西港區中山路段66號,1,晴,50,單路部分,路段,無號誌,車與車,未保持行車安全間隔
11004AC791B2932,20210430,120.176504,23.150928,交通事故,交叉路口,臺南市佳里區四維二街段號祥和三街,1,晴,50,交岔路,交叉路口,無號誌,汽(機)車本身,未注意車前狀態
11004AC791B2940,20210430,120.202789,23.125359,交通事故,其他,臺南市西港區段號中山路450號前路口,1,晴,50,交岔路,交叉路口,行車管制號誌,車與車,未保持行車安全距離
11004AC791B2942,20210430,120.184141,23.126558,交通事故,無,臺南市西港區段號,1,晴,50,交岔路,交叉路口,行車管制號誌,車與車,違反號誌管制或指揮
11004AC791B2993,20210417,120.164495,23.123341,交通事故,其他,臺南市佳里區段號塭內39號,2,晴,30,交岔路,交叉路口,無號誌,車與車,未靠右行駛
11004AC791B2994,20210421,120.192079,23.16588,交通事故,無,臺南市佳里區段號,1,晴,50,單路部分,路段,無號誌,車與車,迴轉未依規定
11004AC791B2996,20210412,120.163889,23.163119,交通事故,其他,臺南市佳里區段號佳里區安西里佳篤高幹78左2電桿旁路口,1,晴,30,交岔路,交叉路口,無號誌,車與車,未依規定讓車
11004AC791B3085,20210421,120.191313,23.108193,交通事故,其他,臺南市西港區段號南海里中港1-2號旁路口,2,晴,30,交岔路,交叉路口,閃光號誌,車與車,未依規定讓車
11004AC791B3097,20210422,120.184324,23.136019,交通事故,無,臺南市西港區段號,2,晴,30,交岔路,交叉路口,無號誌,車與車,未依規定讓車
11004AC791B3099,20210422,120.177018,23.185621,交通事故,一般地址,臺南市佳里區海澄里萊芊寮段17-15號,1,晴,30,單路部分,路段,無號誌,汽(機)車本身,未注意車前狀態
11004AC791B3100,20210404,120.176811,23.165425,交通事故,一般地址,臺南市佳里區六安里忠孝路段7號0,1,晴,50,單路部分,路段,無號誌,汽(機)車本身,其他引起事故之故障
11004AC791B3104,20210404,120.144151,23.144761,交通事故,其他,臺南市七股區段號大埕里大埕285號,1,晴,60,交岔路,交叉路口,行車管制號誌,車與車,未保持行車安全距離
11004AC791B3129,20210425,120.187807,23.189074,交通事故,其他,臺南市佳里區段號佳興里493號前,2,雨,50,交岔路,交叉路口,無號誌,人與汽(機)車,未注意車前狀態
11004AC791B3132,20210404,120.131968,23.188898,交通事故,其他,臺南市七股區段號大潭里台潭90之1號前,1,晴,30,交岔路,交叉路口,無號誌,車與車,未依規定讓車
11004AC791B3134,20210409,120.153096,23.173702,交通事故,其他,臺南市佳里區段號下營里頂部28之3號前,1,晴,50,單路部分,路段,無號誌,車與車,停車操作時，未注意其他車(人)安全
11004AC791B3147,20210430,120.133122,23.184693,交通事故,無,臺南市七股區段號,2,晴,70,單路部分,路段,無號誌,汽(機)車本身,未注意車前狀態
11004AC791B3148,20210430,120.186581,23.186856,交通事故,其他,臺南市佳里區段號佳興里佳里興570之10號前,1,晴,40,單路部分,路段,無號誌,汽(機)車本身,未注意車前狀態
11004AC791B3153,20210425,120.152278,23.173291,交通事故,無,臺南市佳里區段號,1,晴,50,單路部分,路段,無號誌,車與車,未注意車前狀態
11004AC791B3187,20210426,120.191943,23.1896,交通事故,一般地址,臺南市佳里區佳化里佳里興段214號,1,晴,50,單路部分,路段,無號誌,車與車,疲勞(患病)駕駛失控
11004AC791B3197,20210426,120.184293,23.151901,交通事故,交叉路口,臺南市佳里區佳東路段號仁愛路,1,晴,50,交岔路,交叉路口,行車管制號誌,車與車,違反號誌管制或指揮
11004AC791B3212,20210427,120.175862,23.092214,交通事故,其他,臺南市西港區段號永樂里七股路燈桿編號102997旁路口,2,陰,30,交岔路,交叉路口,無號誌,車與車,未依規定讓車
11004AC791B3236,20210409,120.191161,23.117134,交通事故,無,臺南市西港區段號,1,晴,50,單路部分,路段,無號誌,車與車,未依規定讓車
11004AC791B3239,20210410,120.203673,23.111883,交通事故,其他,臺南市西港區段號西港里西港橋北端下橋處,1,晴,50,交岔路,交叉路口,行車管制號誌,車與車,左轉彎未依規定
11004AC791B3244,20210428,120.187625,23.203325,交通事故,無,臺南市佳里區段號,1,晴,70,交岔路,交叉路口,閃光號誌,車與車,未依規定讓車
11004AC791B3268,20210418,120.203008,23.120543,交通事故,其他,臺南市西港區段號中山路243巷20號前,1,晴,50,單路部分,路段,無號誌,車與車,未注意車前狀態
11004AC791B3301,20210430,120.131437,23.094383,交通事故,無,臺南市七股區段號,1,晴,50,單路部分,路段,無號誌,人與汽(機)車,變換車道或方向不當
11004AC791B3356,20210412,120.07575,23.086027,交通事故,其他,臺南市七股區段號十份里海埔往黑面琵鷺保育中心未命名道路,1,晴,30,單路部分,路段,無號誌,汽(機)車本身,未注意車前狀態
11004AC791B3360,20210415,120.202078,23.121081,交通事故,一般地址,臺南市西港區慶安里慶安路段32號0,1,晴,50,單路部分,路段,無號誌,人與汽(機)車,穿越道路未注意左右來車
11004AC791B3362,20210416,120.171088,23.163031,交通事故,交叉路口,臺南市佳里區文新里文化路段號安西路,1,晴,50,交岔路,交叉路口,行車管制號誌,車與車,未保持行車安全距離
11004AC791B3464,20210421,120.20005,23.132672,交通事故,一般地址,臺南市西港區西港里中山路段506號0,2,晴,50,交岔路,交叉路口,行車管制號誌,車與車,未保持行車安全距離
11004AC791B3466,20210421,120.179123,23.156059,交通事故,交叉路口,臺南市佳里區鎮山里延平路段號自由街,1,晴,50,交岔路,交叉路口,行車管制號誌,車與車,違規超車
11004AC791B3467,20210421,120.173891,23.151052,交通事故,交叉路口,臺南市佳里區南勢里成功路段號祥和三街,1,晴,30,交岔路,交叉路口,無號誌,車與車,未依規定讓車
11004AC791B3468,20210422,120.175665,23.164109,交通事故,一般地址,臺南市佳里區六安里進學路段256號0,1,晴,50,單路部分,路段,無號誌,車與車,未保持行車安全間隔
11004AC791B3469,20210422,120.202864,23.170952,交通事故,其他,臺南市佳里區段號子龍里子良廟176公路14.7公里處,1,晴,30,交岔路,交叉路口,無號誌,車與車,未依規定讓車
11004AC791B3470,20210427,120.156952,23.108805,交通事故,其他,臺南市七股區段號樹林里樹林122號往東200公尺未命名道路口,1,雨,30,交岔路,交叉路口,無號誌,車與車,未依規定讓車
11004AC791B3471,20210427,120.197911,23.120554,交通事故,一般地址,臺南市西港區慶安里慶安路段196之2號0,1,晴,50,單路部分,路段,無號誌,車與車,起步未注意其他車(人)安全
11004AC791B3472,20210428,120.175587,23.160088,交通事故,一般地址,臺南市佳里區建南里新生路段303號0,1,晴,50,單路部分,路段,無號誌,車與車,起步未注意其他車(人)安全
11004AC791B3473,20210428,120.181446,23.176451,交通事故,無,臺南市佳里區段號,1,晴,30,交岔路,交叉路口,無號誌,車與車,未依規定讓車
11004AC7O1B0815,20210412,120.14965,23.173134,交通事故,交叉路口,臺南市佳里區下營里區道南26線段號區道南29線,2,晴,50,單路部分,路段,無號誌,車與車,逆向行駛
11004AC7V1B2067,20210424,120.133074,23.132017,交通事故,無,臺南市七股區段號,1,晴,50,單路部分,路段,無號誌,車與車,未保持行車安全間隔
11004AC7W1B0166,20210403,120.180025,23.12735,交通事故,其他,臺南市西港區段號劉厝里南34與南41路口處,2,晴,50,交岔路,交叉路口,行車管制號誌,車與車,違反號誌管制或指揮
11004AC7W1B2022,20210408,120.203201,23.112509,交通事故,其他,臺南市西港區段號新興街1之16號前,1,晴,50,單路部分,路段,行車管制號誌,車與車,未注意車前狀態
11004AC7X1B0399,20210406,120.176888,23.16032,交通事故,交叉路口,臺南市佳里區中山路段號新生路,1,晴,40,交岔路,交叉路口,行車管制號誌,車與車,違反號誌管制或指揮
11004AC7X1B0982,20210409,120.167608,23.158188,交通事故,交叉路口,臺南市佳里區新生路段號佳西路,1,晴,50,交岔路,交叉路口,行車管制號誌,車與車,未依規定讓車