案件編號,發生日期,GPS經度,GPS緯度,案件類別名稱,地址類型名稱,發生縣市名稱,受傷人數,天候名稱, 速限-第1當事者,道路型態大類別名稱,事故位置大類別名稱,號誌-號誌種類名稱,事故類型及型態大類別名稱,肇因研判子類別名稱-主要
11004AC893A0014,20210429,120.129744,23.278386,交通事故,交叉路口,臺南市北門區永隆里省道臺17線段號臺84下東西平面道路,2,晴,60,交岔路,交叉路口,行車管制號誌,車與車,違反號誌管制或指揮
11004AC893B0074,20210402,120.160525,23.247366,交通事故,無,臺南市學甲區段號,1,晴,50,交岔路,交叉路口,無號誌,車與車,違規超車
11004AC893B0111,20210402,120.101337,23.21777,交通事故,交叉路口,臺南市將軍區長沙里市道173甲線段號區道南20線,1,晴,50,交岔路,交叉路口,行車管制號誌,車與車,違反號誌管制或指揮
11004AC893B0118,20210402,120.090946,23.21078,交通事故,交叉路口,臺南市將軍區平沙里區道南312線段號區道南25-1線,1,晴,50,交岔路,交叉路口,閃光號誌,汽(機)車本身,未注意車前狀態
11004AC893B0130,20210403,120.184469,23.218628,交通事故,其他,臺南市學甲區段號大灣里台19線116.9公里,1,晴,50,單路部分,路段,無號誌,汽(機)車本身,其他引起事故之違規或不當行為
11004AC893B0250,20210404,120.118351,23.257963,交通事故,其他,臺南市北門區段號南10線與南15線路口,1,晴,50,交岔路,交叉路口,行車管制號誌,車與車,左轉彎未依規定
11004AC893B0537,20210408,120.199671,23.282673,交通事故,其他,臺南市學甲區段號三慶里南13線學甲區路燈桿第021180號,1,晴,50,單路部分,路段,無號誌,汽(機)車本身,未注意車前狀態
11004AC893B0561,20210409,120.170162,23.222362,交通事故,無,臺南市將軍區段號,1,晴,50,交岔路,交叉路口,無號誌,車與車,未依規定讓車
11004AC893B0620,20210409,120.127521,23.215253,交通事故,其他,臺南市將軍區段號廣山里將軍高分154-1號前,2,晴,50,交岔路,交叉路口,行車管制號誌,車與車,左轉彎未依規定
11004AC893B0631,20210409,120.185217,23.232335,交通事故,其他,臺南市學甲區段號慈福里民族路44號前,2,晴,50,單路部分,路段,無號誌,車與車,未注意車前狀態
11004AC893B0670,20210410,120.122556,23.268236,交通事故,無,臺南市北門區段號,1,晴,30,交岔路,交叉路口,無號誌,車與車,未依規定讓車
11004AC893B0816,20210412,120.142476,23.290251,交通事故,其他,臺南市北門區段號蚵寮里五王大橋南下車道,1,晴,30,單路部分,路段,無號誌,車與車,未保持行車安全距離
11004AC893B0888,20210413,120.171994,23.193713,交通事故,其他,臺南市將軍區段號長榮里南24線5公里,1,晴,50,單路部分,路段,無號誌,汽(機)車本身,未依規定減速
11004AC893B0914,20210413,120.158447,23.191853,交通事故,其他,臺南市將軍區段號長榮里佳?高幹87左1號前,1,晴,50,單路部分,路段,無號誌,汽(機)車本身,未注意車前狀態
11004AC893B0971,20210414,120.107962,23.191058,交通事故,其他,臺南市將軍區段號鯤溟里南26線臺電鯤鯓高幹第97M8631AD84號電桿前,1,晴,60,單路部分,路段,無號誌,車與車,未注意車前狀態
11004AC893B1017,20210414,120.143294,23.218498,交通事故,其他,臺南市將軍區段號向埔里將軍路燈J003號前,1,晴,50,單路部分,路段,無號誌,車與車,未保持行車安全間隔
11004AC893B1020,20210414,120.159303,23.245282,交通事故,其他,臺南市學甲區段號中洲里463-1號前,1,晴,50,交岔路,交叉路口,無號誌,車與車,未依規定讓車
11004AC893B1112,20210415,120.163299,23.218749,交通事故,交叉路口,臺南市將軍區苓和里區道南18線段號區道南22線,1,晴,50,交岔路,交叉路口,無號誌,汽(機)車本身,未注意車前狀態
11004AC893B1115,20210415,120.157721,23.202769,交通事故,一般地址,臺南市將軍區忠興里忠興段72號,1,晴,50,交岔路,交叉路口,無號誌,車與車,未依規定讓車
11004AC893B1186,20210416,120.210561,23.259838,交通事故,無,臺南市學甲區段號,2,晴,40,交岔路,交叉路口,無號誌,車與車,未依規定讓車
11004AC893B1267,20210417,120.142538,23.24259,交通事故,其他,臺南市學甲區段號中洲里174線臺電佳學高幹第277M8943D395號電桿前路口,1,晴,50,交岔路,交叉路口,無號誌,車與車,未依規定讓車
11004AC893B1297,20210417,120.124747,23.267359,交通事故,其他,臺南市北門區段號北門里舊埕91號前路口,2,晴,50,交岔路,交叉路口,無號誌,汽(機)車本身,違反特定標誌(線)禁制
11004AC893B1355,20210418,120.180595,23.231281,交通事故,交叉路口,臺南市學甲區仁得里成功路段號民權路,1,晴,50,交岔路,交叉路口,無號誌,車與車,未依規定讓車
11004AC893B1421,20210417,120.16688,23.240906,交通事故,其他,臺南市學甲區段號秀昌里174線7.5公里處路口,1,晴,50,交岔路,交叉路口,無號誌,車與車,未依規定讓車
11004AC893B1621,20210420,120.144879,23.243036,交通事故,其他,臺南市學甲區段號中洲里中洲207-11號,2,晴,50,單路部分,路段,無號誌,車與車,逆向行駛
11004AC893B1622,20210420,120.199002,23.249181,交通事故,其他,臺南市學甲區段號宅港里台19線學甲交流道,1,晴,50,交岔路,交叉路口,行車管制號誌,車與車,未依規定讓車
11004AC893B1738,20210421,120.125788,23.261689,交通事故,無,臺南市北門區段號,1,晴,70,單路部分,路段,無號誌,車與車,未依規定讓車
11004AC893B1903,20210423,120.149893,23.208589,交通事故,無,臺南市將軍區段號,2,陰,50,交岔路,交叉路口,無號誌,車與車,左轉彎未依規定
11004AC893B2303,20210427,120.180606,23.234463,交通事故,交叉路口,臺南市學甲區明宜里中山路段號中正路,1,晴,50,交岔路,交叉路口,行車管制號誌,車與車,未依規定讓車
11004AC893B2342,20210427,120.13319,23.241243,交通事故,其他,臺南市北門區段號文山區二重港119號前,1,晴,50,單路部分,路段,無號誌,車與車,未保持行車安全距離
11004AC893B2534,20210429,120.181639,23.23014,交通事故,一般地址,臺南市學甲區仁得里建國路段46號,1,晴,50,單路部分,路段,無號誌,汽(機)車本身,未待乘客安全上下開車
11004AC893B2628,20210430,120.150273,23.243644,交通事故,其他,臺南市學甲區段號中洲里174線中華電信西幹84號電桿前,1,晴,50,單路部分,路段,無號誌,汽(機)車本身,疲勞(患病)駕駛失控
11004AC893B2696,20210430,120.197686,23.224419,交通事故,交叉路口,臺南市學甲區豐和里市道171線段號區道南53線,2,晴,50,交岔路,交叉路口,閃光號誌,車與車,未依規定讓車
11004AC8W1B2933,20210430,120.186991,23.222974,交通事故,其他,臺南市學甲區段號忠孝街與中華路,1,晴,50,交岔路,交叉路口,行車管制號誌,車與車,左轉彎未依規定
11004AC991A0001,20210402,120.307239,23.119163,交通事故,一般地址,臺南市善化區蓮潭里目加溜灣大道段號0,0,陰,50,單路部分,路段,無號誌,汽(機)車本身,酒醉(後)駕駛失控
11004AC991A0008,20210416,120.285453,23.135285,交通事故,交叉路口,臺南市善化區文正里光復路段號陽明路142,0,晴,50,交岔路,交叉路口,閃光號誌,車與車,未注意車前狀態
11004AC991A0012,20210426,120.331601,23.148216,交通事故,一般地址,臺南市善化區嘉北里省道臺1線段號0嘉北里臺1線311K處,0,晴,40,交岔路,路段,無號誌,車與車,左轉彎未依規定
11004AC991B0001,20210401,120.2872,23.127827,交通事故,交叉路口,臺南市善化區南關里三民路段號光復路,2,晴,50,交岔路,交叉路口,行車管制號誌,車與車,違反號誌管制或指揮
11004AC991B0002,20210401,120.285168,23.125712,交通事故,一般地址,臺南市善化區南關里三民路段44208號0,2,晴,30,交岔路,交叉路口,無號誌,車與車,未依規定讓車
11004AC991B0006,20210401,120.291566,23.095551,交通事故,一般地址,臺南市新市區三舍里區道南137線段三舍194-3號0,2,晴,30,交岔路,交叉路口,閃光號誌,車與車,迴轉未依規定
11004AC991B0058,20210401,120.286901,23.153129,交通事故,一般地址,臺南市善化區溪美里省道臺19甲線段號0,3,晴,40,單路部分,路段,無號誌,車與車,未保持行車安全距離
11004AC991B0059,20210402,120.281412,23.146816,交通事故,一般地址,臺南市善化區什乃里什乃段18-28號0,1,晴,30,單路部分,路段,無號誌,車與車,未保持行車安全間隔
11004AC991B0072,20210402,120.209475,23.085292,交通事故,一般地址,臺南市安定區新吉里新吉段59-18號0,1,晴,30,交岔路,交叉路口,無號誌,車與車,未依規定讓車
11004AC991B0085,20210402,120.223626,23.083579,交通事故,一般地址,臺南市安定區嘉同里市道178線段大同89-7號0,1,晴,50,單路部分,路段,無號誌,汽(機)車本身,其他引起事故之違規或不當行為
11004AC991B0095,20210402,120.294311,23.091236,交通事故,一般地址,臺南市新市區三舍里區道南137線段三舍164-8號0,1,晴,50,單路部分,路段,無號誌,車與車,橫越道路不慎
11004AC991B0101,20210402,120.217054,23.076153,交通事故,一般地址,臺南市安定區六嘉里六塊寮段160-1號0,1,晴,30,交岔路,交叉路口,無號誌,車與車,未依規定讓車
11004AC991B0114,20210401,120.29172,23.075834,交通事故,一般地址,臺南市新市區新和里中正路段169號0,1,晴,30,交岔路,交叉路口,無號誌,車與車,倒車未依規定
11004AC991B0122,20210402,120.299609,23.130013,交通事故,交叉路口,臺南市善化區光文里大成路段號信義路,1,晴,50,交岔路,交叉路口,行車管制號誌,車與車,起步未注意其他車(人)安全
11004AC991B0134,20210403,120.307361,23.067373,交通事故,一般地址,臺南市新市區永就里永就段45之30號,2,晴,30,交岔路,交叉路口,無號誌,汽(機)車本身,未注意車前狀態
11004AC991B0135,20210402,120.284015,23.132928,交通事故,交叉路口,臺南市善化區文正里興農路段號中山路,1,晴,60,交岔路,交叉路口,行車管制號誌(附設行人專用號誌),車與車,未保持行車安全間隔
11004AC991B0154,20210403,120.299166,23.132432,交通事故,交叉路口,臺南市善化區光文里中山路段號信義路,1,晴,50,交岔路,交叉路口,行車管制號誌,車與車,迴轉未依規定
11004AC991B0172,20210403,120.293995,23.127776,交通事故,交叉路口,臺南市善化區文昌里中正路段號光復一街,1,晴,50,交岔路,交叉路口,無號誌,車與車,右轉彎未依規定
11004AC991B0212,20210401,120.324294,23.125731,交通事故,一般地址,臺南市善化區小新里成功路段44239號0,1,晴,40,單路部分,路段,無號誌,汽(機)車本身,不明原因肇事
11004AC991B0241,20210404,120.235929,23.11404,交通事故,一般地址,臺南市安定區安加里市道178線段安定258-43號0,1,晴,40,單路部分,路段,無號誌,車與車,逆向行駛
11004AC991B0263,20210402,120.2951,23.070066,交通事故,一般地址,臺南市新市區永就里中山路段181號0,1,晴,50,單路部分,路段,無號誌,車與車,未依規定讓車
11004AC991B0269,20210402,120.207274,23.102818,交通事故,交叉路口,臺南市安定區海寮里臺19線西港大橋段號曾文溪堤側車道海寮里西港大橋南端路口,1,晴,50,交岔路,交叉路口,無號誌,車與車,未依規定讓車
11004AC991B0271,20210405,120.21694,23.099093,交通事故,交叉路口,臺南市安定區海寮里區道南132線段號區道南132-1線,1,晴,50,交岔路,交叉路口,行車管制號誌,車與車,違反號誌管制或指揮
11004AC991B0334,20210406,120.290531,23.132364,交通事故,交叉路口,臺南市善化區東關里中山路段號大同路,2,晴,50,交岔路,交叉路口,行車管制號誌,車與車,起步未注意其他車(人)安全
11004AC991B0343,20210406,120.312993,23.114286,交通事故,一般地址,臺南市善化區蓮潭里小新營段號0蓮潭里產業道路,2,晴,40,交岔路,交叉路口,無號誌,車與車,未依規定讓車
11004AC991B0405,20210407,120.31098,23.137185,交通事故,一般地址,臺南市善化區光文里區道南124線段北子店142號0,2,晴,50,單路部分,其他,無號誌,車與車,未靠右行駛
11004AC991B0408,20210407,120.280581,23.084288,交通事故,交叉路口,臺南市新市區社內里區道南134線段號新港社大道,2,晴,40,單路部分,路段,行車管制號誌,車與車,未注意車前狀態
11004AC991B0428,20210407,120.360486,23.118664,交通事故,一般地址,臺南市大內區大內里內庄段7之2號,1,晴,50,單路部分,路段,無號誌,車與車,逆向行駛
11004AC991B0444,20210406,120.29207,23.078496,交通事故,一般地址,臺南市新市區新市里中正路段298號,1,晴,50,單路部分,路段,無號誌,車與車,未注意車前狀態
11004AC991B0450,20210407,120.198492,23.083771,交通事故,一般地址,臺南市安定區新吉里國道8號側車道段新吉56-58號0,1,晴,40,交岔路,交叉路口,無號誌,汽(機)車本身,未注意車前狀態
11004AC991B0455,20210407,120.220638,23.084349,交通事故,一般地址,臺南市安定區嘉同里六塊寮段17-15號0,1,晴,40,交岔路,交叉路口,無號誌,車與車,未依規定讓車
11004AC991B0461,20210407,120.299477,23.130686,交通事故,交叉路口,臺南市善化區光文里信義路段號民生路,2,晴,50,交岔路,交叉路口,閃光號誌,車與車,未依規定讓車
11004AC991B0470,20210407,120.305118,23.10985,交通事故,一般地址,臺南市善化區蓮潭里陽光南一路段83號,1,晴,30,單路部分,路段,無號誌,車與車,迴轉未依規定
11004AC991B0488,20210408,120.308091,23.118282,交通事故,交叉路口,臺南市善化區蓮潭里陽光大道段號蓮潭北三街,1,晴,50,交岔路,交叉路口,行車管制號誌,車與車,未依規定讓車
11004AC991B0495,20210408,120.222177,23.080327,交通事故,一般地址,臺南市安定區六嘉里六塊寮段45之2號0,2,晴,40,交岔路,交叉路口,無號誌,車與車,未依規定讓車
11004AC991B0519,20210408,120.219728,23.0779,交通事故,一般地址,臺南市安定區嘉同里六塊寮段67-21號0,1,晴,30,單路部分,路段,無號誌,汽(機)車本身,其他引起事故之違規或不當行為
11004AC991B0522,20210408,120.296013,23.142541,交通事故,一般地址,臺南市善化區六分里區道南123線段號0六分里南123線六分寮高幹36電桿處,1,晴,50,單路部分,路段,無號誌,汽(機)車本身,未注意車前狀態
11004AC991B0541,20210408,120.300047,23.152546,交通事故,交叉路口,臺南市善化區六分里區道南122線段號區道南123線,2,晴,50,交岔路,交叉路口,無號誌,車與車,未依規定讓車
11004AC991B0553,20210409,120.269005,23.143529,交通事故,一般地址,臺南市善化區胡厝里區道南122線段胡厝寮217號0,1,晴,50,交岔路,交叉路口,無號誌,車與車,未依規定讓車
11004AC991B0588,20210409,120.315092,23.139784,交通事故,一般地址,臺南市善化區牛庄里牛庄段135之12號0,2,晴,30,交岔路,交叉路口,無號誌,車與車,未依規定讓車
11004AC991B0597,20210402,120.295791,23.061549,交通事故,一般地址,臺南市新市區永就里中華路段212號0,3,晴,50,單路部分,路段,無號誌,車與車,未保持行車安全距離
11004AC991B0612,20210409,120.291733,23.072032,交通事故,一般地址,臺南市新市區新和里中正路段39號,1,晴,50,交岔路,交叉路口,無號誌,車與車,未注意車前狀態
11004AC991B0624,20210409,120.31945,23.076178,交通事故,一般地址,臺南市新市區潭頂里潭頂段534號0,1,晴,30,交岔路,交叉路口,無號誌,車與車,未依規定讓車
11004AC991B0693,20210410,120.296114,23.106956,交通事故,一般地址,臺南市新市區三舍里西拉雅大道段號0三舍里西拉雅大道機慢車優先道上(西向),2,晴,40,單路部分,路段,無號誌,人與汽(機)車,其他引起事故之疏失或行為
11004AC991B0709,20210409,120.235884,23.100614,交通事故,一般地址,臺南市安定區港尾里市道178線段港子尾37-15號0,1,晴,60,交岔路,交叉路口,行車管制號誌(附設行人專用號誌),車與車,左轉彎未依規定
11004AC991B0787,20210410,120.284635,23.081874,交通事故,一般地址,臺南市新市區社內里區道南134線段社內75-58號10,1,晴,50,交岔路,交叉路口,行車管制號誌,車與車,左轉彎未依規定
11004AC991B0788,20210411,120.309155,23.155793,交通事故,一般地址,臺南市善化區田寮里區道南122線段六分寮199-40號0,4,晴,50,單路部分,路段,無號誌,車與車,未保持行車安全距離
11004AC991B0822,20210412,120.249891,23.124245,交通事故,交叉路口,臺南市安定區蘇厝里市道178線段號直加弄大道,1,晴,50,交岔路,交叉路口,行車管制號誌,車與車,違反號誌管制或指揮
11004AC991B0824,20210412,120.223258,23.083277,交通事故,一般地址,臺南市安定區嘉同里市道178線段大同89-19號0,3,晴,60,單路部分,路段,無號誌,車與車,未保持行車安全距離
11004AC991B0854,20210412,120.208959,23.08451,交通事故,一般地址,臺南市安定區新吉里區道南131線段新吉58之10號0,1,晴,40,交岔路,交叉路口,無號誌,車與車,未依規定讓車
11004AC991B0862,20210412,120.218157,23.074705,交通事故,一般地址,臺南市安定區嘉同里六塊寮段157之2號,2,晴,30,交岔路,交叉路口,無號誌,車與車,未依規定讓車
11004AC991B0870,20210412,120.30417,23.133211,交通事故,交叉路口,臺南市善化區光文里中山路段號四維路,1,晴,50,交岔路,交叉路口,行車管制號誌,車與車,未依規定讓車
11004AC991B0894,20210413,120.31849,23.122983,交通事故,一般地址,臺南市善化區小新里省道臺1線段號0,1,晴,40,單路部分,路段,無號誌,車與車,未保持行車安全間隔
11004AC991B0899,20210413,120.318451,23.124046,交通事故,一般地址,臺南市善化區小新里省道臺1線段小新營332號0,2,晴,40,交岔路,交叉路口,行車管制號誌,車與車,未保持行車安全距離
11004AC991B0917,20210413,120.300976,23.074165,交通事故,交叉路口,臺南市新市區港墘里中山路段號長安街,1,晴,70,交岔路,交叉路口,行車管制號誌,車與車,未依規定讓車
11004AC991B0925,20210413,120.252195,23.119277,交通事故,一般地址,臺南市安定區蘇厝里直加弄大道段號0蘇厝里直加弄大道路燈編號1-60道路編號45附近,3,晴,40,單路部分,路段,無號誌,車與車,未保持行車安全間隔
11004AC991B0960,20210412,120.300028,23.152391,交通事故,一般地址,臺南市善化區六分里區道南123線段六分寮14號0,1,晴,50,交岔路,交叉路口,無號誌,車與車,違反特定標誌(線)禁制
11004AC991B0996,20210414,120.234931,23.092834,交通事故,一般地址,臺南市安定區港口里港口段245-10號0,1,晴,50,交岔路,交叉路口,行車管制號誌,車與車,未注意車前狀態
11004AC991B1028,20210414,120.296587,23.119025,交通事故,一般地址,臺南市善化區文昌里目加溜灣大道段號0,2,晴,50,交岔路,交叉路口,無號誌,車與車,未依規定讓車
11004AC991B1051,20210415,120.287491,23.127584,交通事故,交叉路口,臺南市善化區南關里光復路段號文昌路,1,晴,50,交岔路,交叉路口,行車管制號誌,車與車,違反特定標誌(線)禁制
11004AC991B1055,20210415,120.235864,23.102765,交通事故,一般地址,臺南市安定區港尾里市道178線段港子尾54號0,1,晴,50,交岔路,交叉路口,無號誌,車與車,起步未注意其他車(人)安全
11004AC991B1071,20210414,120.306533,23.088947,交通事故,交叉路口,臺南市新市區大營里省道臺1線段號區道南139線,2,晴,50,交岔路,交叉路口,行車管制號誌(附設行人專用號誌),車與車,未依規定讓車
11004AC991B1085,20210415,120.2602,23.101495,交通事故,交叉路口,臺南市新市區豐華里樹谷大道段號王甲路,1,晴,40,交岔路,交叉路口,行車管制號誌(附設行人專用號誌),車與車,違反號誌管制或指揮
11004AC991B1135,20210415,120.277285,23.135246,交通事故,交叉路口,臺南市善化區文正里興農路段188號陽明路141,1,晴,50,交岔路,交叉路口,無號誌,汽(機)車本身,未依規定讓車
11004AC991B1139,20210416,120.223973,23.088372,交通事故,一般地址,臺南市安定區港南里港口段1-57號0,1,晴,30,交岔路,交叉路口,無號誌,車與車,未依規定讓車
11004AC991B1140,20210416,120.226397,23.076024,交通事故,一般地址,臺南市安定區嘉同里區道南133線段牛肉寮79-4號0,2,晴,50,單路部分,路段,無號誌,車與車,未注意車前狀態
11004AC991B1148,20210416,120.267448,23.130812,交通事故,一般地址,臺南市善化區胡厝里烏橋中路段號0胡厝里烏橋中路(善安129左3號電桿)路段,1,晴,50,單路部分,路段,無號誌,車與車,未注意車前狀態
11004AC991B1151,20210416,120.292236,23.070401,交通事故,交叉路口,臺南市新市區新和里中正路段號仁愛街,2,晴,50,交岔路,交叉路口,行車管制號誌,車與車,未依規定讓車
11004AC991B1157,20210413,120.307419,23.111661,交通事故,一般地址,臺南市善化區蓮潭里蓮潭南街段162號0,1,晴,30,單路部分,路段,無號誌,車與車,疲勞(患病)駕駛失控
11004AC991B1158,20210416,120.314204,23.123127,交通事故,一般地址,臺南市善化區小新里小新營段106之10號0,2,晴,40,交岔路,交叉路口,無號誌,車與車,未依規定讓車
11004AC991B1159,20210416,120.261454,23.093078,交通事故,交叉路口,臺南市新市區豐華里樹谷大道段號看西路,1,晴,50,交岔路,交叉路口,行車管制號誌,車與車,違反號誌管制或指揮
11004AC991B1169,20210414,120.233357,23.0872,交通事故,一般地址,臺南市安定區港南里區道南133線段港口21之6號0,1,晴,40,單路部分,路段,無號誌,汽(機)車本身,未注意車前狀態
11004AC991B1172,20210416,120.369484,23.11664,交通事故,交叉路口,臺南市大內區內郭里市道178線段號區道南182線,1,晴,50,交岔路,交叉路口,行車管制號誌,車與車,未依規定讓車
11004AC991B1227,20210416,120.305424,23.109277,交通事故,一般地址,臺南市善化區蓮潭里龍目井路段85號,1,晴,30,單路部分,路段,無號誌,車與車,起步未注意其他車(人)安全
11004AC991B1237,20210414,120.292905,23.129158,交通事故,一般地址,臺南市善化區文昌里大信路段63號,1,晴,50,單路部分,路段,無號誌,車與車,起步未注意其他車(人)安全
11004AC991B1246,20210417,120.21226,23.078773,交通事故,一般地址,臺南市安定區中沙里中崙段15號0,1,晴,30,單路部分,路段,無號誌,車與車,倒車未依規定
11004AC991B1283,20210417,120.29852,23.128484,交通事故,交叉路口,臺南市善化區坐駕里大成路段367號和平路,1,晴,50,交岔路,交叉路口,無號誌,車與車,未依規定讓車
11004AC991B1287,20210417,120.221696,23.081741,交通事故,一般地址,臺南市安定區嘉同里市道178線段六塊寮10-8號0,1,晴,50,單路部分,路段,無號誌,車與車,倒車未依規定
11004AC991B1300,20210409,120.293672,23.128992,交通事故,一般地址,臺南市善化區文昌里光復路段12之1號0,2,晴,50,單路部分,路段,無號誌,車與車,違反特定標誌(線)禁制
11004AC991B1326,20210418,120.305934,23.155363,交通事故,一般地址,臺南市善化區田寮里區道南122線段六分寮186號0,1,晴,50,交岔路,交叉路口,無號誌,汽(機)車本身,未注意車前狀態
11004AC991B1328,20210418,120.211418,23.098392,交通事故,一般地址,臺南市安定區海寮里海寮段32540號,1,晴,30,交岔路,交叉路口,無號誌,車與車,未依規定讓車
11004AC991B1333,20210418,120.22326,23.083906,交通事故,一般地址,臺南市安定區嘉同里大同段29221號0,2,晴,30,交岔路,交叉路口,無號誌,車與車,未依規定讓車
11004AC991B1340,20210418,120.294654,23.111723,交通事故,一般地址,臺南市善化區坐駕里省道臺19甲線段號0坐駕里台19甲線路燈編號420206處路段,1,晴,40,單路部分,路段,無號誌,汽(機)車本身,其他引起事故之故障
11004AC991B1398,20210418,120.312973,23.089314,交通事故,一般地址,臺南市新市區大社里區道南136線段大社583號0,2,晴,50,單路部分,路段,無號誌,車與車,未保持行車安全距離
11004AC991B1410,20210416,120.223772,23.08653,交通事故,一般地址,臺南市安定區港南里國道8號側車道段號0港南里國八P44橋墩東向側車道路口,1,晴,50,交岔路,交叉路口,無號誌,車與車,未依規定讓車
11004AC991B1425,20210419,120.27879,23.072099,交通事故,一般地址,臺南市新市區社內里新港社大道段社內139之121號0,1,晴,40,交岔路,交叉路口,閃光號誌,汽(機)車本身,未注意車前狀態
11004AC991B1462,20210419,120.254931,23.070469,交通事故,一般地址,臺南市新市區大洲里大洲排水線側車道段號0大洲里大洲三號橋往大洲二號橋堤防道路,1,陰,30,單路部分,路段,無號誌,車與車,未注意車前狀態
11004AC991B1486,20210419,120.31084,23.109824,交通事故,交叉路口,臺南市善化區蓮潭里西拉雅大道段號善新大道,1,晴,40,交岔路,交叉路口,行車管制號誌,汽(機)車本身,未注意車前狀態
11004AC991B1488,20210419,120.295413,23.081759,交通事故,一般地址,臺南市新市區新市里復興路段73號0,2,晴,50,單路部分,路段,無號誌,人與汽(機)車,未依規定行走行人穿越道、地下道、天橋而穿越道路
11004AC991B1489,20210419,120.194424,23.087335,交通事故,一般地址,臺南市安定區新吉里安新一路段號0新吉里安新一路(新吉工業區L51-01號路燈)路段,1,晴,30,交岔路,交叉路口,閃光號誌,車與車,未依規定讓車
11004AC991B1494,20210419,120.251445,23.102455,交通事故,一般地址,臺南市新市區新市里區道南133線段豐華38-100號0,1,晴,50,單路部分,路段,無號誌,汽(機)車本身,未注意車前狀態
11004AC991B1508,20210414,120.260157,23.10146,交通事故,交叉路口,臺南市新市區豐華里樹谷大道段號王甲路,3,晴,40,交岔路,交叉路口,行車管制號誌(附設行人專用號誌),車與車,未保持行車安全距離
11004AC991B1511,20210419,120.205635,23.106368,交通事故,一般地址,臺南市安定區海寮里省道臺19線段號0,1,晴,40,單路部分,路段,無號誌,汽(機)車本身,未注意車前狀態
11004AC991B1514,20210419,120.289765,23.073931,交通事故,一般地址,臺南市新市區新和里信義街段23號,1,晴,50,單路部分,路段,無號誌,車與車,迴轉未依規定
11004AC991B1517,20210417,120.288151,23.077488,交通事故,一般地址,臺南市新市區社內里區道南135線段社內1-7號0,1,晴,50,單路部分,路段,無號誌,車與車,起步未注意其他車(人)安全
11004AC991B1547,20210412,120.302498,23.063968,交通事故,一般地址,臺南市新市區永就里區道南144線段號0,1,晴,50,交岔路,交叉路口,行車管制號誌,汽(機)車本身,違反號誌管制或指揮
11004AC991B1551,20210419,120.294303,23.058547,交通事故,交叉路口,臺南市新市區永就里永新路段號永華五街,1,晴,50,交岔路,交叉路口,行車管制號誌,車與車,變換車道或方向不當
11004AC991B1554,20210420,120.247292,23.123152,交通事故,一般地址,臺南市安定區安定里市道178線段號0安定里安定國小旁,1,晴,50,交岔路,交叉路口,行車管制號誌,車與車,違反號誌管制或指揮
11004AC991B1573,20210414,120.213951,23.073639,交通事故,一般地址,臺南市安定區中沙里省道臺19線段沙崙49號0,1,晴,30,單路部分,路段,行車管制號誌,車與車,違反特定標誌(線)禁制
11004AC991B1574,20210420,120.288928,23.079628,交通事故,一般地址,臺南市新市區新和里民生路段84號5,1,晴,50,單路部分,路段,無號誌,車與車,未依規定讓車
11004AC991B1599,20210416,120.221696,23.084228,交通事故,一般地址,臺南市安定區嘉同里六塊寮段44456號,1,晴,50,交岔路,交叉路口,無號誌,車與車,未依規定讓車
11004AC991B1638,20210420,120.296195,23.120483,交通事故,交叉路口,臺南市善化區文昌里建國路段7899號中正路66,1,晴,30,交岔路,交叉路口,無號誌,車與車,未依規定讓車
11004AC991B1663,20210420,120.292759,23.06886,交通事故,交叉路口,臺南市新市區永就里中山路段號中正路,1,晴,70,交岔路,交叉路口,行車管制號誌,車與車,未依規定讓車
11004AC991B1665,20210421,120.302591,23.109336,交通事故,交叉路口,臺南市善化區蓮潭里善新西路段號龍目井路,1,晴,50,交岔路,交叉路口,無號誌,車與車,未依規定讓車
11004AC991B1670,20210421,120.24395,23.098163,交通事故,一般地址,臺南市安定區中榮里區道南133線段號0,1,晴,50,交岔路,交叉路口,行車管制號誌,車與車,未注意車前狀態
11004AC991B1683,20210414,120.291924,23.07184,交通事故,一般地址,臺南市新市區新市里中正路段76號5,1,晴,50,單路部分,路段,無號誌,車與車,疲勞(患病)駕駛失控
11004AC991B1711,20210421,120.23308,23.091154,交通事故,一般地址,臺南市安定區港口里區道南134線段港口212之4號0,2,晴,50,交岔路,路段,無號誌,車與車,左轉彎未依規定
11004AC991B1729,20210421,120.309591,23.113497,交通事故,交叉路口,臺南市善化區蓮潭里陽光三路段號蓮潭路,1,晴,30,交岔路,交叉路口,閃光號誌,車與車,未依規定讓車
11004AC991B1731,20210421,120.384209,23.143563,交通事故,一般地址,臺南市大內區頭社里區道南182線段頭社1-10號0,2,晴,50,單路部分,路段,無號誌,車與車,迴轉未依規定
11004AC991B1742,20210418,120.210227,23.090766,交通事故,一般地址,臺南市安定區海寮里省道臺19線段海寮7之10號0,1,晴,40,單路部分,路段,無號誌,汽(機)車本身,酒醉(後)駕駛失控
11004AC991B1798,20210422,120.294004,23.081108,交通事故,一般地址,臺南市新市區新市里和平街段56號0,1,晴,50,單路部分,路段,無號誌,車與車,未注意車前狀態
11004AC991B1800,20210422,120.261787,23.101709,交通事故,一般地址,臺南市新市區豐華里紫楝路段26號0,1,晴,50,單路部分,路段,無號誌,車與車,迴轉未依規定
11004AC991B1829,20210416,120.300063,23.075189,交通事故,交叉路口,臺南市新市區港墘里長安街段36號中山路106,2,晴,50,交岔路,交叉路口,無號誌,車與車,未依規定讓車