案件編號,發生日期,GPS經度,GPS緯度,案件類別名稱,地址類型名稱,發生縣市名稱,受傷人數,天候名稱, 速限-第1當事者,道路型態大類別名稱,事故位置大類別名稱,號誌-號誌種類名稱,事故類型及型態大類別名稱,肇因研判子類別名稱-主要
11004AC991B1861,20210422,120.25231,23.071807,交通事故,一般地址,臺南市新市區大洲里大洲段號0大洲里135線國道一號下,1,晴,30,交岔路,交叉路口,無號誌,車與車,未依規定讓車
11004AC991B1862,20210422,120.297667,23.071568,交通事故,一般地址,臺南市新市區永就里中山路段173號0,1,晴,70,單路部分,路段,無號誌,車與車,未注意車前狀態
11004AC991B1891,20210423,120.23537,23.113986,交通事故,一般地址,臺南市安定區安加里市道178線段安定258-55號0,2,晴,50,交岔路,交叉路口,行車管制號誌,車與車,違反號誌管制或指揮
11004AC991B1921,20210423,120.280276,23.132396,交通事故,一般地址,臺南市善化區頂街里興農路段26665號0,2,晴,50,單路部分,路段,無號誌,車與車,違反特定標誌(線)禁制
11004AC991B1970,20210423,120.234694,23.090266,交通事故,交叉路口,臺南市安定區港南里區道南134線段號區道南133線,2,晴,50,交岔路,交叉路口,行車管制號誌(附設行人專用號誌),車與車,違反號誌管制或指揮
11004AC991B1974,20210423,120.429164,23.14633,交通事故,一般地址,臺南市大內區環湖里區道南182線段號0環湖里182線,1,晴,50,單路部分,路段,無號誌,汽(機)車本身,其他引起事故之違規或不當行為
11004AC991B1979,20210423,120.298475,23.128928,交通事故,交叉路口,臺南市善化區坐駕里和平路段號自強路,1,晴,50,交岔路,交叉路口,無號誌,車與車,未依規定讓車
11004AC991B2004,20210424,120.285633,23.081485,交通事故,一般地址,臺南市新市區社內里區道南134線段號0,1,晴,40,單路部分,路段,無號誌,車與車,未注意車前狀態
11004AC991B2007,20210424,120.21005,23.089906,交通事故,交叉路口,臺南市安定區新吉里省道臺19線段號國道8號側車道安定區海寮里台19線132K處(台19線與國八匝道口),2,晴,40,交岔路,交叉路口,行車管制號誌,車與車,未保持行車安全距離
11004AC991B2011,20210403,120.285159,23.077318,交通事故,交叉路口,臺南市新市區社內里民權路段號富安一街,2,陰,50,交岔路,交叉路口,行車管制號誌,車與車,未依規定讓車
11004AC991B2013,20210424,120.223619,23.098447,交通事故,一般地址,臺南市安定區文科里區道南134線段港口333-10號0,1,晴,50,單路部分,路段,無號誌,汽(機)車本身,未注意車前狀態
11004AC991B2020,20210424,120.229183,23.094819,交通事故,交叉路口,臺南市安定區港口里區道南134線段號市道178線,1,晴,50,交岔路,交叉路口,行車管制號誌,車與車,違反特定標誌(線)禁制
11004AC991B2023,20210424,120.300476,23.132341,交通事故,交叉路口,臺南市善化區光文里樹人路段號民族路,1,晴,50,交岔路,交叉路口,閃光號誌,車與車,未依規定讓車
11004AC991B2044,20210412,120.317982,23.103655,交通事故,一般地址,臺南市新市區大營里省道臺1線段大營1號0,2,晴,50,單路部分,路段,行車管制號誌,車與車,疲勞(患病)駕駛失控
11004AC991B2075,20210424,120.299645,23.139352,交通事故,一般地址,臺南市善化區光文里*無名道路段號0光文里無名道路,2,晴,30,單路部分,路段,無號誌,汽(機)車本身,未注意車前狀態
11004AC991B2088,20210403,120.239027,23.115367,交通事故,一般地址,臺南市安定區安加里市道178線段安定258-61號0,1,陰,50,交岔路,交叉路口,行車管制號誌,車與車,疲勞(患病)駕駛失控
11004AC991B2098,20210425,120.298349,23.07205,交通事故,交叉路口,臺南市新市區永就里光華街段號中山路,1,晴,50,交岔路,交叉路口,行車管制號誌,車與車,起步未注意其他車(人)安全
11004AC991B2127,20210425,120.22942,23.094803,交通事故,交叉路口,臺南市安定區港口里市道178線段號區道南134線,1,晴,50,交岔路,交叉路口,行車管制號誌,車與車,未依規定讓車
11004AC991B2133,20210425,120.327755,23.141143,交通事故,一般地址,臺南市善化區嘉北里區道南129線段茄拔9-2號0,1,晴,30,單路部分,路段,無號誌,汽(機)車本身,未注意車前狀態
11004AC991B2180,20210406,120.318148,23.110464,交通事故,一般地址,臺南市善化區小新里省道臺1線段小新營519號0,2,晴,40,單路部分,路段,無號誌,車與車,未保持行車安全距離
11004AC991B2182,20210424,120.313457,23.136273,交通事故,一般地址,臺南市善化區光文里北子店段25720號,3,晴,30,交岔路,交叉路口,無號誌,車與車,未依規定讓車
11004AC991B2191,20210426,120.293769,23.076834,交通事故,一般地址,臺南市新市區新和里仁愛街段296之1號0,1,晴,50,單路部分,路段,行車管制號誌,車與車,未保持行車安全間隔
11004AC991B2251,20210426,120.314848,23.13747,交通事故,一般地址,臺南市善化區牛庄里區道南124線段牛庄220-11號0,1,晴,30,單路部分,路段,無號誌,車與車,未保持行車安全間隔
11004AC991B2255,20210426,120.293215,23.132197,交通事故,一般地址,臺南市善化區東關里中山路段356號0,1,晴,50,單路部分,路段,無號誌,車與車,迴轉未依規定
11004AC991B2258,20210426,120.228822,23.087752,交通事故,一般地址,臺南市安定區港口里港口段44209號0,1,陰,50,單路部分,路段,無號誌,車與車,迴轉未依規定
11004AC991B2318,20210427,120.293655,23.076763,交通事故,一般地址,臺南市新市區新和里仁愛街段263號,2,雨,50,單路部分,路段,無號誌,車與車,未保持行車安全距離
11004AC991B2387,20210428,120.294382,23.064443,交通事故,一般地址,臺南市新市區永就里中華路段51號0,1,晴,50,單路部分,路段,無號誌,車與車,未保持行車安全距離
11004AC991B2389,20210428,120.234038,23.117124,交通事故,一般地址,臺南市安定區安加里安定段271號0,1,晴,50,交岔路,交叉路口,無號誌,車與車,未依規定讓車
11004AC991B2395,20210428,120.274657,23.076932,交通事故,一般地址,臺南市新市區大洲里大洲排水線側車道段號0大洲排水左岸道(大洲五號橋附近),2,晴,30,單路部分,路段,無號誌,車與車,未保持行車安全距離
11004AC991B2417,20210428,120.316191,23.151876,交通事故,一般地址,臺南市善化區昌隆里區道南127線段東勢寮277號0,1,晴,50,單路部分,路段,無號誌,汽(機)車本身,酒醉(後)駕駛失控
11004AC991B2432,20210428,120.292696,23.093148,交通事故,一般地址,臺南市新市區三舍里區道南137線段三舍171-2號0,1,晴,50,單路部分,路段,無號誌,車與車,未注意車前狀態
11004AC991B2495,20210429,120.298156,23.072095,交通事故,交叉路口,臺南市新市區港墘里光華街段號中山路,1,雨,50,交岔路,交叉路口,行車管制號誌,車與車,未依規定讓車
11004AC991B2497,20210429,120.268468,23.161941,交通事故,一般地址,臺南市善化區胡厝里胡厝寮段號0胡厝里未命名道路(陽明88號電桿)路段,1,雨,50,單路部分,路段,無號誌,汽(機)車本身,未注意車前狀態
11004AC991B2500,20210429,120.302808,23.079076,交通事故,交叉路口,臺南市新市區港墘里中山路段號興業路,1,雨,50,交岔路,交叉路口,行車管制號誌,車與車,違反號誌管制或指揮
11004AC991B2521,20210429,120.293515,23.080812,交通事故,交叉路口,臺南市新市區新市里和平街段號中正路323,1,晴,50,交岔路,交叉路口,無號誌,車與車,左轉彎未依規定
11004AC991B2526,20210428,120.280053,23.068467,交通事故,一般地址,臺南市新市區社內里新港社大道段號0社內里新港社大道慢車道(編號19號路燈)路段,1,晴,40,單路部分,路段,無號誌,車與車,未注意車前狀態
11004AC991B2537,20210429,120.212384,23.09484,交通事故,一般地址,臺南市安定區海寮里海寮段25-26號0,1,晴,50,交岔路,交叉路口,無號誌,車與車,未依規定讓車
11004AC991B2547,20210429,120.281171,23.064413,交通事故,交叉路口,臺南市新市區社內里富強路段號新港社大道,1,晴,50,交岔路,交叉路口,行車管制號誌,車與車,違反號誌管制或指揮
11004AC991B2568,20210427,120.321228,23.077375,交通事故,一般地址,臺南市新市區潭頂里區道南177線段號0潭頂里南177線與未命名道路口,1,雨,30,交岔路,交叉路口,行車管制號誌,車與車,未依規定讓車
11004AC991B2569,20210428,120.28573,23.126253,交通事故,一般地址,臺南市善化區南關里三民路段44207號,1,晴,50,單路部分,路段,無號誌,汽(機)車本身,酒醉(後)駕駛失控
11004AC991B2624,20210430,120.293907,23.130115,交通事故,交叉路口,臺南市善化區坐駕里文昌路段號中正路,1,晴,50,交岔路,交叉路口,行車管制號誌,汽(機)車本身,未注意車前狀態
11004AC991B2630,20210401,120.303369,23.113634,交通事故,交叉路口,臺南市善化區蓮潭里善新西路段號蓮潭路,1,晴,50,交岔路,交叉路口,無號誌,車與車,未依規定讓車
11004AC991B2631,20210430,120.234697,23.091265,交通事故,一般地址,臺南市安定區港口里港口段235-6號0,1,晴,50,交岔路,交叉路口,無號誌,車與車,起步未注意其他車(人)安全
11004AC991B2657,20210409,120.285191,23.125722,交通事故,一般地址,臺南市善化區南關里三民路段號,1,陰,50,交岔路,交叉路口,無號誌,車與車,未依規定讓車
11004AC991B2668,20210430,120.289589,23.153164,交通事故,一般地址,臺南市善化區溪美里區道南122線段號0溪美里南122線(溪尾幹7右之1),3,晴,50,交岔路,交叉路口,閃光號誌,車與車,未依規定讓車
11004AC991B2670,20210430,120.302862,23.079012,交通事故,交叉路口,臺南市新市區港墘里中山路段號興業路,1,晴,70,交岔路,交叉路口,行車管制號誌,車與車,未依規定讓車
11004AC991B2677,20210430,120.308628,23.097362,交通事故,一般地址,臺南市新市區大營里區道南139線段大營326號0,2,晴,30,交岔路,交叉路口,無號誌,車與車,未依規定讓車
11004AC991B2703,20210430,120.303187,23.130426,交通事故,一般地址,臺南市善化區光文里大成路段100號0,3,晴,50,單路部分,路段,無號誌,車與車,未保持行車安全間隔
11004AC991B2707,20210430,120.280971,23.06472,交通事故,交叉路口,臺南市新市區社內里新港社大道段號國道8號匝道,1,晴,50,交岔路,交叉路口,行車管制號誌,車與車,違反號誌管制或指揮
11004AC991B2755,20210407,120.210034,23.092471,交通事故,一般地址,臺南市安定區海寮里省道臺19線段海寮7之8號0,1,陰,50,交岔路,交叉路口,無號誌,車與車,未依規定讓車
11004AC991B2767,20210401,120.211671,23.078523,交通事故,一般地址,臺南市安定區中沙里省道臺19線段中崙150號0,1,晴,40,單路部分,路段,無號誌,車與車,開啟車門不當而肇事
11004AC991B2792,20210428,120.281518,23.062308,交通事故,交叉路口,臺南市新市區社內里新港社大道段號省道臺1線,2,晴,50,交岔路,路段,行車管制號誌,車與車,未保持行車安全距離
11004AC991B2793,20210408,120.356446,23.119054,交通事故,一般地址,臺南市大內區大內里區道南181線段內庄9號0,2,陰,30,單路部分,路段,無號誌,車與車,未保持行車安全間隔
11004AC991B2795,20210408,120.326998,23.12872,交通事故,一般地址,臺南市善化區嘉南里茄拔段62之19號,1,晴,30,交岔路,交叉路口,無號誌,汽(機)車本身,未注意車前狀態
11004AC991B2799,20210407,120.294037,23.078159,交通事故,交叉路口,臺南市新市區新市里中興街段號仁愛街,2,晴,50,交岔路,交叉路口,行車管制號誌,車與車,未依規定讓車
11004AC991B2801,20210411,120.268439,23.159432,交通事故,其他,臺南市善化區段號溪美里未命名道路路燈421346附近,1,晴,50,單路部分,路段,無號誌,車與車,未注意車前狀態
11004AC991B2814,20210429,120.288372,23.120783,交通事故,交叉路口,臺南市善化區文昌里文昌路段107號中正路107,1,晴,50,交岔路,交叉路口,無號誌,車與車,未保持行車安全距離
11004AC991B2822,20210428,120.237434,23.114663,交通事故,一般地址,臺南市安定區安加里市道178線段安定258之76號0,1,晴,50,單路部分,路段,無號誌,汽(機)車本身,未注意車前狀態
11004AC991B2826,20210418,120.303407,23.133072,交通事故,交叉路口,臺南市善化區光文里中山路段號光華路,2,晴,50,交岔路,交叉路口,行車管制號誌,車與車,未依規定讓車
11004AC991B2862,20210413,120.307714,23.115186,交通事故,交叉路口,臺南市善化區蓮潭里陽光大道段號蓮潭北一街,1,晴,50,交岔路,交叉路口,行車管制號誌,車與車,未依規定讓車
11004AC991B2899,20210407,120.285953,23.128853,交通事故,一般地址,臺南市善化區南關里光復路段423號0,1,晴,50,交岔路,交叉路口,無號誌,車與車,未注意車前狀態
11004AC991B3022,20210424,120.292536,23.07886,交通事故,一般地址,臺南市新市區新市里中正路段320號0,1,晴,50,交岔路,交叉路口,無號誌,車與車,未依規定讓車
11004AC991B3029,20210416,120.312955,23.156041,交通事故,一般地址,臺南市善化區昌隆里區道南122線段東勢寮207-3號0,1,晴,50,單路部分,路段,無號誌,汽(機)車本身,未注意車前狀態
11004AC991B3074,20210402,120.280798,23.066278,交通事故,一般地址,臺南市新市區社內里新港社大道段社內50-96號0,1,晴,40,交岔路,交叉路口,行車管制號誌(附設行人專用號誌),汽(機)車本身,疲勞(患病)駕駛失控
11004AC991B3117,20210420,120.413157,23.166469,交通事故,一般地址,臺南市大內區環湖里燒灰子段號0環湖里竹圍高分43左2電桿處,1,晴,30,單路部分,路段,無號誌,汽(機)車本身,未注意車前狀態
11004AC991B3170,20210423,120.27876,23.072084,交通事故,一般地址,臺南市新市區社內里新港社大道段社內139-120號0,1,晴,50,交岔路,交叉路口,行車管制號誌,車與車,未依規定讓車
11004AC991B3172,20210429,120.21399,23.073553,交通事故,一般地址,臺南市安定區中沙里省道臺19線段中崙1-13號0,1,晴,50,交岔路,交叉路口,行車管制號誌,車與車,未保持行車安全間隔
11004AC991B3190,20210419,120.295086,23.090391,交通事故,交叉路口,臺南市新市區三舍里省道臺19甲線段號區道南137線,2,陰,50,交岔路,交叉路口,行車管制號誌,車與車,未依規定讓車
11004AC991B3225,20210413,120.298691,23.127505,交通事故,交叉路口,臺南市善化區坐駕里和平路段號興華路,1,晴,50,交岔路,交叉路口,閃光號誌,車與車,未依規定讓車
11004AC991B3227,20210427,120.292681,23.129682,交通事故,交叉路口,臺南市善化區文昌里文昌路段44502號大信路,1,陰,50,交岔路,交叉路口,行車管制號誌,人與汽(機)車,未依標誌、標線、號誌或手勢指揮穿越道路
11004AC991B3235,20210423,120.303874,23.16071,交通事故,一般地址,臺南市善化區六德里六分寮段號0六德里里內道路,1,晴,30,單路部分,路段,無號誌,汽(機)車本身,未注意車前狀態
11004AC991B3252,20210425,120.295362,23.130781,交通事故,一般地址,臺南市善化區坐駕里青年路段141號0,1,陰,50,單路部分,路段,無號誌,車與車,違反特定標誌(線)禁制
11004AC991B3254,20210425,120.293565,23.135514,交通事故,一般地址,臺南市善化區東關里中正路段621號0,1,晴,50,交岔路,交叉路口,無號誌,人與汽(機)車,穿越道路未注意左右來車
11004AC991B3259,20210423,120.213981,23.073816,交通事故,一般地址,臺南市安定區嘉同里省道臺19線段中崙1-20號0,2,晴,50,交岔路,交叉路口,行車管制號誌(附設行人專用號誌),車與車,未依規定讓車
11004AC991B3277,20210426,120.210095,23.091549,交通事故,一般地址,臺南市安定區海寮里省道臺19線段海寮7-49號0,2,晴,50,單路部分,路段,無號誌,車與車,其他引起事故之違規或不當行為
11004AC991B3286,20210426,120.283074,23.082898,交通事故,交叉路口,臺南市新市區社內里環東路1段號民生路,1,雨,50,交岔路,交叉路口,行車管制號誌,車與車,未依規定讓車
11004AC991B3306,20210428,120.286686,23.078344,交通事故,交叉路口,臺南市新市區社內里富安二街段號富林路,1,晴,50,交岔路,交叉路口,閃光號誌,車與車,未依規定讓車
11004AC991B3324,20210429,120.28068,23.157951,交通事故,一般地址,臺南市善化區六分里省道臺19甲線段號0,1,晴,40,單路部分,路段,無號誌,車與車,未保持行車安全距離
11004AC991B3327,20210428,120.304444,23.145857,交通事故,一般地址,臺南市善化區光文里區道南125-1線段北子店7-1號0,1,陰,30,交岔路,交叉路口,無號誌,車與車,未依規定讓車
11004AC991B3344,20210424,120.297317,23.060498,交通事故,一般地址,臺南市新市區永就里區道南144線段永就55-7號0,1,晴,50,單路部分,路段,無號誌,車與車,未依規定讓車
11004AC991B3347,20210425,120.215426,23.087755,交通事故,一般地址,臺南市安定區新吉里新吉段44274號,1,晴,30,交岔路,交叉路口,無號誌,車與車,其他引起事故之違規或不當行為
11004AC991B3355,20210409,120.247334,23.12319,交通事故,一般地址,臺南市安定區蘇厝里市道178線段安定1號0蘇厝里178線與未命名道路口(安定1號前),1,晴,50,交岔路,交叉路口,行車管制號誌,車與車,未保持行車安全距離
11004AC991B3391,20210414,120.29319,23.132111,交通事故,一般地址,臺南市善化區東關里中山路段351之2號0,2,晴,50,單路部分,路段,無號誌,車與車,逆向行駛
11004AC991B3395,20210424,120.228411,23.093665,交通事故,一般地址,臺南市安定區港口里市道178線段港口333-15號0,1,晴,40,單路部分,路段,無號誌,汽(機)車本身,未注意車前狀態
11004AC991B3396,20210425,120.318498,23.121848,交通事故,一般地址,臺南市善化區小新里省道臺1線段小新營399號0,1,雨,50,單路部分,路段,閃光號誌,車與車,未保持行車安全距離
11004AC991B3398,20210418,120.235887,23.101775,交通事故,一般地址,臺南市安定區港尾里市道178線段港子尾37-28號0,1,晴,50,交岔路,交叉路口,行車管制號誌,車與車,未依規定讓車
11004AC991B3407,20210418,120.299019,23.129931,交通事故,一般地址,臺南市善化區光文里大成路段274號0,1,晴,50,單路部分,路段,無號誌,車與車,未保持行車安全間隔
11004AC991B3421,20210426,120.293998,23.130609,交通事故,一般地址,臺南市善化區坐駕里中正路段438號0,1,雨,50,單路部分,路段,無號誌,車與車,未依規定讓車
11004AC9M1B1424,20210419,120.300236,23.074122,交通事故,交叉路口,臺南市新市區港墘里長安街段號長安街36,2,晴,50,交岔路,交叉路口,無號誌,車與車,未依規定讓車
11004AC9M1B1657,20210405,120.280403,23.062833,交通事故,其他,臺南市新市區段號南135、國8橋下,1,晴,40,交岔路,交叉路口,無號誌,車與車,未保持行車安全距離
11004AC9M1B2356,20210421,120.290712,23.098817,交通事故,一般地址,臺南市新市區三舍段195-57號2,1,晴,50,單路部分,路段,無號誌,車與車,右轉彎未依規定
11004AC9M1B2436,20210423,120.292119,23.078596,交通事故,其他,臺南市新市區段號新市里中正路與中正路300巷口,1,晴,50,交岔路,交叉路口,無號誌,車與車,未保持行車安全距離
11004AC9M1B3329,20210425,120.293764,23.076975,交通事故,交叉路口,臺南市新市區新和里仁愛街段號華興街,1,晴,50,單路部分,其他,行車管制號誌,人與汽(機)車,未依標誌、標線、號誌或手勢指揮穿越道路
11004AC9Q1B1110,20210415,120.318815,23.127077,交通事故,交叉路口,臺南市善化區小新里省道臺1線段號市道178線,1,晴,50,交岔路,交叉路口,行車管制號誌,車與車,未依規定讓車
11004AC9T1B2159,20210422,120.230345,23.088897,交通事故,其他,臺南市安定區段號港南里港口3之3號附近,1,晴,50,單路部分,路段,無號誌,車與車,違規超車
11004AC9U1B0487,20210407,120.208409,23.103058,交通事故,其他,臺南市安定區段號西港大橋下堤防道路(海寮151-3號附近),1,晴,50,交岔路,交叉路口,無號誌,車與車,未注意車前狀態
11004AC9U1B0494,20210407,120.209492,23.095732,交通事故,一般地址,臺南市安定區海寮里海寮段44318號,1,晴,50,單路部分,路段,無號誌,車與車,未保持行車安全間隔
11004AC9U1B2299,20210425,120.210471,23.084491,交通事故,一般地址,臺南市安定區新吉里新吉段126之3號,1,雨,50,單路部分,路段,無號誌,車與車,未依規定讓車
11004AC9U1B2873,20210422,120.208927,23.089241,交通事故,一般地址,臺南市安定區新吉里國道8號側車道段146-6號,1,晴,50,單路部分,路段,無號誌,車與車,未注意車前狀態
11004AC9Y1B0075,20210402,120.284429,23.125185,交通事故,一般地址,臺南市善化區南關里三民路段44213號0,1,晴,50,單路部分,路段,無號誌,汽(機)車本身,未注意車前狀態
11004AC9Y1B0096,20210402,120.325584,23.075129,交通事故,交叉路口,臺南市新市區潭頂里區道南175線段170-9號0區道南177線,1,晴,50,交岔路,交叉路口,行車管制號誌,車與車,未依規定讓車
11004AC9Y1B0218,20210404,120.315899,23.087525,交通事故,一般地址,臺南市新市區大社里大社段783號0,2,陰,30,單路部分,路段,無號誌,車與車,未注意車前狀態
11004AC9Y1B0295,20210405,120.297352,23.073604,交通事故,交叉路口,臺南市新市區港墘里光華街段號長安街,1,晴,50,交岔路,交叉路口,行車管制號誌,車與車,違反號誌管制或指揮
11004AC9Y1B0400,20210407,120.292741,23.068832,交通事故,交叉路口,臺南市新市區新和里中山路段號中正路,1,晴,50,交岔路,交叉路口,行車管制號誌,車與車,左轉彎未依規定
11004AC9Y1B0475,20210407,120.324628,23.141873,交通事故,一般地址,臺南市善化區嘉北里省道臺1線段號0,1,晴,40,單路部分,路段,無號誌,車與車,不明原因肇事
11004AC9Y1B0480,20210406,120.294439,23.126807,交通事故,交叉路口,臺南市善化區中正路段號興華路,1,晴,50,單路部分,路段,無號誌,車與車,迴轉未依規定
11004AC9Y1B0571,20210409,120.300448,23.125052,交通事故,其他,臺南市善化區段號坐駕里6-4號附近產業道路口,1,晴,50,交岔路,交叉路口,無號誌,車與車,未注意車前狀態
11004AC9Y1B0699,20210410,120.245731,23.118738,交通事故,一般地址,臺南市安定區安定里安定段44513號0,1,晴,40,單路部分,路段,無號誌,車與車,逆向行駛
11004AC9Y1B0797,20210411,120.268703,23.130311,交通事故,一般地址,臺南市善化區胡厝里興農路段461號,1,晴,60,交岔路,交叉路口,行車管制號誌,車與車,未注意車前狀態
11004AC9Y1B1329,20210418,120.291158,23.132325,交通事故,其他,臺南市善化區段號中山路與進學路口,1,晴,50,交岔路,交叉路口,無號誌,汽(機)車本身,未注意車前狀態
11004AC9Y1B1456,20210419,120.304835,23.130742,交通事故,一般地址,臺南市善化區光文里大成路大成陸橋段號0,1,晴,40,單路部分,路段,無號誌,汽(機)車本身,未注意車前狀態
11004AC9Y1B1616,20210420,120.283887,23.133033,交通事故,交叉路口,臺南市善化區文正里陽明路段號中山路,1,晴,50,交岔路,交叉路口,行車管制號誌,汽(機)車本身,未注意車前狀態
11004AC9Y1B1902,20210423,120.21986,23.105733,交通事故,一般地址,臺南市安定區文科里區道南132-1線段管寮124-1號0,2,晴,30,交岔路,交叉路口,無號誌,車與車,未依規定讓車
11004AC9Y1B2055,20210424,120.308026,23.127612,交通事故,一般地址,臺南市善化區小新里成功路段3498號0,1,晴,30,交岔路,交叉路口,無號誌,車與車,未注意車前狀態
11004AC9Y1B2151,20210425,120.293271,23.065438,交通事故,一般地址,臺南市新市區永就里中華路段45號0,2,晴,50,交岔路,交叉路口,行車管制號誌,車與車,違反號誌管制或指揮
11004AC9Y1B2168,20210425,120.289026,23.054828,交通事故,一般地址,臺南市新市區永就里區道南144線段號0,1,晴,30,單路部分,路段,無號誌,車與車,逆向行駛
11004AC9Y1B2170,20210425,120.300106,23.152451,交通事故,交叉路口,臺南市善化區六德里區道南123線段號區道南122線,1,雨,50,交岔路,交叉路口,無號誌,汽(機)車本身,未注意車前狀態
11004AC9Y1B2392,20210428,120.244109,23.118007,交通事故,交叉路口,臺南市安定區安加里市道178線段號0國1安定交流道北上匝,1,晴,50,交岔路,交叉路口,行車管制號誌,車與車,違反號誌管制或指揮
11004AC9Y1B2416,20210428,120.303099,23.154304,交通事故,一般地址,臺南市善化區六德里六分寮段277-1號,1,晴,30,單路部分,路段,無號誌,車與車,未保持行車安全間隔
11004AC9Y1B2441,20210428,120.29832,23.07912,交通事故,一般地址,臺南市新市區港墘里國際路段13號0,1,晴,30,交岔路,交叉路口,無號誌,車與車,未注意車前狀態
11004AC9Y1B2489,20210429,120.264979,23.089725,交通事故,交叉路口,臺南市新市區豐華里區道南134線段號堤塘港路,1,雨,40,交岔路,交叉路口,行車管制號誌,車與車,未注意車前狀態
11004AC9Y1B2493,20210429,120.260811,23.089225,交通事故,交叉路口,臺南市新市區豐華里區道南134線段號區道南135線,1,雨,50,交岔路,交叉路口,行車管制號誌,車與車,未依規定讓車
11004AC9Y1B2702,20210430,120.29925,23.132167,交通事故,交叉路口,臺南市善化區光文里信義路段號民族路,1,晴,50,交岔路,交叉路口,無號誌,車與車,未依規定讓車
11004ACA91A0005,20210410,120.242058,22.926463,交通事故,交叉路口,臺南市仁德區中正路一段段號中正路一段376,0,晴,50,交岔路,交叉路口,行車管制號誌,車與車,酒醉(後)駕駛失控
11004ACA91B0032,20210401,120.29546,22.967761,交通事故,交叉路口,臺南市歸仁區歸仁里大通路段號和平五街,1,晴,50,交岔路,交叉路口,無號誌,車與車,未依規定讓車
11004ACA91B0061,20210401,120.256017,22.971183,交通事故,交叉路口,臺南市仁德區仁義里中山路段號中清路,1,晴,50,交岔路,交叉路口,行車管制號誌,車與車,右轉彎未依規定
11004ACA91B0069,20210401,120.279687,22.977447,交通事故,交叉路口,臺南市歸仁區大廟里和順路2段號南丁路,1,晴,50,交岔路,交叉路口,行車管制號誌,車與車,違反號誌管制或指揮
11004ACA91B0143,20210402,120.287894,22.966317,交通事故,交叉路口,臺南市歸仁區後市里民權七街段號民權南路,1,晴,50,交岔路,交叉路口,閃光號誌,車與車,左轉彎未依規定
11004ACA91B0144,20210401,120.230997,22.93094,交通事故,交叉路口,臺南市仁德區保安里文賢路1段號保安路1,1,晴,50,交岔路,交叉路口,行車管制號誌,車與車,違反號誌管制或指揮
11004ACA91B0187,20210402,120.247627,22.972914,交通事故,一般地址,臺南市仁德區中山路段688號,1,晴,60,單路部分,路段,無號誌,車與車,右轉彎未依規定
11004ACA91B0226,20210404,120.327814,22.963004,交通事故,一般地址,臺南市關廟區花園里中正路段517號,1,晴,50,單路部分,路段,無號誌,車與車,起步未注意其他車(人)安全
11004ACA91B0240,20210404,120.225818,22.918422,交通事故,交叉路口,臺南市仁德區保安里中正路一段段號二仁路一段,1,晴,70,交岔路,交叉路口,行車管制號誌,車與車,未注意車前狀態
11004ACA91B0244,20210403,120.240426,22.923625,交通事故,一般地址,臺南市仁德區保安里永德路段10號,1,晴,50,單路部分,路段,無號誌,車與車,未注意車前狀態
11004ACA91B0251,20210402,120.327057,22.959661,交通事故,一般地址,臺南市關廟區中山路2段號,1,晴,50,單路部分,路段,無號誌,車與車,逆向行駛
11004ACA91B0306,20210405,120.283295,22.969874,交通事故,交叉路口,臺南市歸仁區保興街段號保興一街,1,晴,50,交岔路,交叉路口,無號誌,車與車,未依規定讓車
11004ACA91B0318,20210405,120.249493,22.938098,交通事故,交叉路口,臺南市仁德區上崙里上崙街段號中正路一段766,1,晴,50,交岔路,交叉路口,無號誌,車與車,違規超車
11004ACA91B0426,20210402,120.275957,22.996559,交通事故,其他,臺南市歸仁區段號大廟里台三九、保大路三段,1,晴,50,交岔路,交叉路口,行車管制號誌,車與車,未注意車前狀態
11004ACA91B0449,20210404,120.293944,22.966724,交通事故,一般地址,臺南市歸仁區辜厝里中山路2段1號,1,晴,50,圓環廣場,交流道,無號誌,車與車,未保持行車安全距離
11004ACA91B0463,20210407,120.32765,22.966818,交通事故,交叉路口,臺南市關廟區南雄路2段號忠孝街263,1,晴,50,交岔路,交叉路口,閃光號誌,車與車,未依規定讓車
11004ACA91B0486,20210406,120.221074,22.93942,交通事故,一般地址,臺南市仁德區二仁路2段300號0,1,晴,60,單路部分,路段,無號誌,車與車,未注意車前狀態
11004ACA91B0496,20210402,120.248781,22.972281,交通事故,其他,臺南市仁德區段號仁德里中山路仁德交流道西側,1,晴,50,交岔路,其他,行車管制號誌,車與車,違反號誌管制或指揮
11004ACA91B0524,20210408,120.251968,22.972451,交通事故,一般地址,臺南市仁德區仁德里中正路3段5號,1,晴,50,交岔路,其他,無號誌,車與車,其他引起事故之違規或不當行為
11004ACA91B0583,20210406,120.248404,22.911478,交通事故,交叉路口,臺南市仁德區中洲里中洲路段號依仁路,1,晴,50,交岔路,交叉路口,行車管制號誌,車與車,違反特定標誌(線)禁制
11004ACA91B0591,20210406,120.290318,22.974818,交通事故,交叉路口,臺南市歸仁區八甲里中正北路1段231號大德路502,0,晴,30,交岔路,交叉路口,無號誌,車與車,未依規定讓車
11004ACA91B0594,20210406,120.218159,22.952018,交通事故,交叉路口,臺南市仁德區仁愛里大同路三段段號大同路三段490,1,晴,60,交岔路,交叉路口,行車管制號誌,車與車,右轉彎未依規定
11004ACA91B0595,20210401,120.29555,22.972959,交通事故,交叉路口,臺南市歸仁區八甲里中正北路1段號大德路,1,晴,50,交岔路,交叉路口,行車管制號誌,車與車,右轉彎未依規定