案件編號,發生日期,GPS經度,GPS緯度,案件類別名稱,地址類型名稱,發生縣市名稱,受傷人數,天候名稱, 速限-第1當事者,道路型態大類別名稱,事故位置大類別名稱,號誌-號誌種類名稱,事故類型及型態大類別名稱,肇因研判子類別名稱-主要
11004ACA91B0599,20210401,120.23037,22.935054,交通事故,無,臺南市仁德區段號,1,晴,90,單路部分,路段,無號誌,車與車,未保持行車安全距離
11004ACA91B0600,20210401,120.218264,22.928607,交通事故,其他,臺南市仁德區段號成功里台1線接台86下方機車迴轉道(南向),4,晴,40,單路部分,路段,無號誌,汽(機)車本身,不明原因肇事
11004ACA91B0601,20210402,120.287687,22.963171,交通事故,一般地址,臺南市歸仁區南保里民權南路段182號,2,晴,50,交岔路,交叉路口,無號誌,車與車,起步未注意其他車(人)安全
11004ACA91B0602,20210403,120.248758,22.972297,交通事故,其他,臺南市仁德區段號仁德里中山路，仁德交流道,2,晴,60,交岔路,交叉路口,行車管制號誌,車與車,違反特定標誌(線)禁制
11004ACA91B0603,20210404,120.281074,22.965764,交通事故,一般地址,臺南市歸仁區南保里民生南街1段81號,1,晴,50,單路部分,路段,無號誌,汽(機)車本身,不明原因肇事
11004ACA91B0633,20210409,120.229361,22.919113,交通事故,一般地址,臺南市仁德區保安里中正路1段88號,1,晴,50,單路部分,路段,行車管制號誌,車與車,酒醉(後)駕駛失控
11004ACA91B0658,20210406,120.294256,22.967017,交通事故,其他,臺南市歸仁區段號後市里歸仁圓環,1,晴,50,圓環廣場,路段,無號誌,車與車,未依規定讓車
11004ACA91B0659,20210410,120.327957,22.966488,交通事故,一般地址,臺南市關廟區山西里南雄路2段462號,1,晴,50,單路部分,路段,無號誌,車與車,起步未注意其他車(人)安全
11004ACA91B0700,20210410,120.294085,22.965638,交通事故,交叉路口,臺南市歸仁區辜厝里中正南路一段段號復興路,1,晴,50,交岔路,交叉路口,行車管制號誌,車與車,左轉彎未依規定
11004ACA91B0724,20210407,120.239788,22.924482,交通事故,交叉路口,臺南市仁德區保安里中正路1段號永德路,1,晴,50,交岔路,交叉路口,行車管制號誌,車與車,其他裝載不當肇事
11004ACA91B0795,20210406,120.27642,22.929289,交通事故,交叉路口,臺南市歸仁區武東里光明街段號光明街36,1,晴,50,交岔路,交叉路口,無號誌,汽(機)車本身,不明原因肇事
11004ACA91B0806,20210403,120.294491,22.966906,交通事故,其他,臺南市歸仁區段號歸仁圓環(東北側),1,晴,50,圓環廣場,路段,無號誌,車與車,未注意車前狀態
11004ACA91B0809,20210403,120.276759,22.997345,交通事故,一般地址,臺南市歸仁區保大路3段219號,1,晴,50,單路部分,路段,無號誌,車與車,橫越道路不慎
11004ACA91B0832,20210402,120.256086,22.972373,交通事故,交叉路口,臺南市仁德區中清路段號正義路,1,晴,50,交岔路,交叉路口,閃光號誌,車與車,不明原因肇事
11004ACA91B0877,20210412,120.253633,22.961618,交通事故,交叉路口,臺南市仁德區仁德里中正路二段段號仁德五街,1,晴,50,交岔路,交叉路口,行車管制號誌,車與車,未注意車前狀態
11004ACA91B0911,20210408,120.326158,22.969161,交通事故,交叉路口,臺南市關廟區山西里南雄路2段號文衡路,1,晴,50,交岔路,交叉路口,行車管制號誌,車與車,未依規定讓車
11004ACA91B0970,20210407,120.288122,22.970172,交通事故,交叉路口,臺南市歸仁區南保里民權北路段號民權北路106,1,晴,50,交岔路,其他,無號誌,車與車,不明原因肇事
11004ACA91B0981,20210402,120.327861,22.961084,交通事故,其他,臺南市關廟區段號北安二街與北新路口,1,晴,50,交岔路,交叉路口,閃光號誌,車與車,未依規定讓車
11004ACA91B1054,20210408,120.274653,22.952674,交通事故,交叉路口,臺南市歸仁區六甲里六甲路段號六甲六街,1,晴,50,交岔路,其他,無號誌,車與車,未依規定讓車
11004ACA91B1093,20210409,120.219714,22.945986,交通事故,一般地址,臺南市仁德區仁愛里大同路3段755號,2,晴,70,單路部分,路段,行車管制號誌,人與汽(機)車,未注意車前狀態
11004ACA91B1118,20210407,120.251681,22.972431,交通事故,一般地址,臺南市仁德區中正路三段段5號,1,晴,50,交岔路,交叉路口,無號誌,車與車,未依規定讓車
11004ACA91B1119,20210407,120.278588,22.926534,交通事故,交叉路口,臺南市歸仁區歸仁八路段號高鐵十路,1,陰,50,交岔路,交叉路口,閃光號誌,車與車,未依規定讓車
11004ACA91B1121,20210408,120.284176,22.992694,交通事故,交叉路口,臺南市歸仁區和順路1段號和順路1336,1,晴,50,交岔路,交叉路口,無號誌,車與車,尚未發現肇事因素
11004ACA91B1122,20210409,120.29235,22.9681,交通事故,交叉路口,臺南市歸仁區民族北街段號大通路,2,晴,50,交岔路,交叉路口,閃光號誌,車與車,未依規定讓車
11004ACA91B1123,20210413,120.252423,22.970833,交通事故,交叉路口,臺南市仁德區中正路二段段1160號仁義一街37,1,晴,50,交岔路,交叉路口,無號誌,車與車,左轉彎未依規定
11004ACA91B1124,20210413,120.241502,22.963587,交通事故,交叉路口,臺南市仁德區文華路3段號文華路3189,1,晴,50,交岔路,交叉路口,行車管制號誌,車與車,左轉彎未依規定
11004ACA91B1125,20210414,120.242049,22.926479,交通事故,交叉路口,臺南市仁德區中正路一段段號三甲子道路,1,晴,50,交岔路,交叉路口,閃光號誌,車與車,未依規定讓車
11004ACA91B1126,20210414,120.289366,23.010704,交通事故,其他,臺南市歸仁區段號西埔一街與西埔一街630巷,1,晴,40,交岔路,交叉路口,無號誌,車與車,未依規定讓車
11004ACA91B1141,20210415,120.288984,22.928169,交通事故,其他,臺南市歸仁區段號高發二路與歸仁七路口,2,晴,50,交岔路,交叉路口,閃光號誌,車與車,未依規定減速
11004ACA91B1144,20210410,120.264028,22.970112,交通事故,交叉路口,臺南市仁德區仁義里中山路段號義林路,1,晴,50,交岔路,交叉路口,行車管制號誌,車與車,未依規定讓車
11004ACA91B1145,20210412,120.258973,22.957238,交通事故,交叉路口,臺南市仁德區新田里勝利路段號勝利一街,1,晴,50,交岔路,交叉路口,行車管制號誌,車與車,未注意車前狀態
11004ACA91B1150,20210415,120.234355,22.925076,交通事故,一般地址,臺南市仁德區保安里文賢路1段830號,1,晴,50,單路部分,路段,無號誌,車與車,左轉彎未依規定
11004ACA91B1173,20210410,120.24886,22.972264,交通事故,其他,臺南市仁德區段號仁德里中山路仁德交流道西側,1,晴,50,單路部分,其他,行車管制號誌,車與車,違反號誌管制或指揮
11004ACA91B1174,20210406,120.283789,22.957908,交通事故,交叉路口,臺南市歸仁區中正南路一段段號中正十六街,1,陰,50,交岔路,交叉路口,無號誌,車與車,逆向行駛
11004ACA91B1202,20210413,120.336635,22.96346,交通事故,一般地址,臺南市關廟區花園里中正路段588號,1,晴,50,單路部分,路段,無號誌,車與車,其他引起事故之違規或不當行為
11004ACA91B1208,20210416,120.23697,22.933733,交通事故,其他,臺南市仁德區段號保安路二段與三甲一街口,1,晴,40,交岔路,交叉路口,無號誌,車與車,未依規定讓車
11004ACA91B1255,20210409,120.22533,22.918429,交通事故,交叉路口,臺南市仁德區中正西路段號中正西路1,1,晴,50,交岔路,交叉路口,無號誌,車與車,未依規定讓車
11004ACA91B1276,20210414,120.257947,22.946123,交通事故,一般地址,臺南市仁德區德南路段25163號0,1,晴,50,單路部分,路段,無號誌,汽(機)車本身,未注意車前狀態
11004ACA91B1302,20210417,120.281279,22.992463,交通事故,交叉路口,臺南市歸仁區大廟里和順路2段號大廟3街,2,晴,50,交岔路,交叉路口,行車管制號誌,車與車,酒醉(後)駕駛失控
11004ACA91B1348,20210415,120.275909,22.927277,交通事故,交叉路口,臺南市歸仁區光明街段號歸仁八路,2,晴,50,交岔路,交叉路口,無號誌,車與車,未依規定讓車
11004ACA91B1349,20210418,120.238612,22.972043,交通事故,交叉路口,臺南市仁德區文忠路段號文南街,1,晴,50,單路部分,路段,無號誌,車與車,未依規定讓車
11004ACA91B1362,20210412,120.247933,22.955664,交通事故,一般地址,臺南市仁德區民安路一段段310號,1,晴,50,單路部分,路段,行車管制號誌,車與車,違反號誌管制或指揮
11004ACA91B1375,20210418,120.278548,22.987066,交通事故,交叉路口,臺南市歸仁區南丁路段號南丁路571,1,晴,50,交岔路,交叉路口,行車管制號誌,車與車,左轉彎未依規定
11004ACA91B1387,20210409,120.286657,22.965199,交通事故,交叉路口,臺南市歸仁區南保里大順街段號大順五街,1,晴,50,交岔路,交叉路口,無號誌,車與車,左轉彎未依規定
11004ACA91B1396,20210412,120.294095,22.909763,交通事故,交叉路口,臺南市歸仁區大潭里省道臺39線段號長榮路,1,晴,50,交岔路,交叉路口,行車管制號誌,車與車,變換車道或方向不當
11004ACA91B1408,20210416,120.288365,22.925791,交通事故,其他,臺南市歸仁區段號台39線與高發一路,1,晴,50,單路部分,路段,無號誌,汽(機)車本身,不明原因肇事
11004ACA91B1427,20210413,120.251299,22.971754,交通事故,一般地址,臺南市仁德區仁德里中山路段604號,1,晴,50,交岔路,其他,行車管制號誌,車與車,違反號誌管制或指揮
11004ACA91B1432,20210405,120.251685,22.97243,交通事故,其他,臺南市仁德區段號區中正路二段57號前,1,晴,50,單路部分,路段,無號誌,車與車,未保持行車安全距離
11004ACA91B1440,20210414,120.25318,22.959739,交通事故,一般地址,臺南市仁德區仁德里中正路2段667號,1,晴,50,單路部分,路段,行車管制號誌,車與車,變換車道或方向不當
11004ACA91B1469,20210416,120.293061,22.968011,交通事故,交叉路口,臺南市歸仁區後市里大通路段號中山六街,1,晴,50,交岔路,交叉路口,無號誌,車與車,逆向行駛
11004ACA91B1471,20210414,120.260908,22.953601,交通事故,交叉路口,臺南市仁德區義林南路段號民安路二段97,2,晴,50,交岔路,交叉路口,行車管制號誌,車與車,違反號誌管制或指揮
11004ACA91B1518,20210414,120.248704,22.972316,交通事故,其他,臺南市仁德區段號仁德里中山路仁德交流道(西側),1,晴,50,單路部分,其他,行車管制號誌,車與車,其他引起事故之違規或不當行為
11004ACA91B1523,20210415,120.265567,22.991406,交通事故,一般地址,臺南市仁德區土庫里太子路段143號,1,晴,50,單路部分,路段,無號誌,車與車,未依規定讓車
11004ACA91B1533,20210404,120.422302,22.934261,交通事故,其他,臺南市龍崎區段號牛埔里182線東向27.7K,1,晴,50,交岔路,交叉路口,無號誌,人與汽(機)車,超速失控
11004ACA91B1536,20210411,120.284435,22.927803,交通事故,其他,臺南市歸仁區段號歸仁大道98號(台39線小馬租車)前,1,晴,50,單路部分,路段,無號誌,車與車,未依規定讓車
11004ACA91B1586,20210416,120.243633,22.960892,交通事故,其他,臺南市仁德區段號文華路三段與文華一街口,1,晴,50,交岔路,交叉路口,行車管制號誌,車與車,不明原因肇事
11004ACA91B1590,20210415,120.235315,22.923826,交通事故,一般地址,臺南市仁德區保安里文賢路1段821號,1,晴,50,單路部分,路段,無號誌,車與車,變換車道或方向不當
11004ACA91B1592,20210413,120.262505,22.972968,交通事故,交叉路口,臺南市仁德區仁義里義林一街段號義林十二街,1,晴,50,交岔路,交叉路口,無號誌,車與車,右轉彎未依規定
11004ACA91B1595,20210419,120.238217,22.972217,交通事故,其他,臺南市仁德區段號仁德里文南街,1,晴,50,單路部分,路段,無號誌,車與車,未注意車前狀態
11004ACA91B1597,20210419,120.223195,22.924002,交通事故,交叉路口,臺南市仁德區二行里二仁路1段號二仁路1315,1,晴,50,交岔路,交叉路口,行車管制號誌,車與車,未注意車前狀態
11004ACA91B1598,20210414,120.263569,22.968653,交通事故,交叉路口,臺南市仁德區仁義里義林路段號義林五街,1,晴,50,交岔路,交叉路口,閃光號誌,車與車,左轉彎未依規定
11004ACA91B1602,20210407,120.289817,22.9652,交通事故,一般地址,臺南市歸仁區後市里大順街段118號,1,晴,50,單路部分,路段,無號誌,車與車,迴轉未依規定
11004ACA91B1606,20210419,120.25193,22.972403,交通事故,一般地址,臺南市仁德區仁德里中正路3段5號,1,晴,50,交岔路,其他,無號誌,車與車,未依規定讓車
11004ACA91B1654,20210420,120.293233,22.964276,交通事故,交叉路口,臺南市歸仁區中正南路一段段號大順街,3,晴,50,交岔路,交叉路口,行車管制號誌,車與車,違反號誌管制或指揮
11004ACA91B1669,20210403,120.228894,22.939086,交通事故,其他,臺南市仁德區段號文華路二段290號旁,1,晴,50,交岔路,交叉路口,閃光號誌,車與車,右轉彎未依規定
11004ACA91B1680,20210413,120.251087,22.97151,交通事故,一般地址,臺南市仁德區中山路段645號,2,晴,50,單路部分,路段,行車管制號誌,車與車,未保持行車安全間隔
11004ACA91B1701,20210415,120.234525,22.925031,交通事故,一般地址,臺南市仁德區文賢路1段757號,3,晴,50,交岔路,路段,無號誌,車與車,未保持行車安全距離
11004ACA91B1709,20210416,120.2689,22.969794,交通事故,一般地址,臺南市仁德區中山路段30號,1,晴,50,單路部分,路段,無號誌,車與車,未保持行車安全距離
11004ACA91B1716,20210415,120.259079,22.989602,交通事故,一般地址,臺南市仁德區太子里太興路段15號,1,晴,50,單路部分,路段,無號誌,車與車,橫越道路不慎
11004ACA91B1721,20210416,120.253393,22.952533,交通事故,交叉路口,臺南市仁德區新田里民安路二段段號民安路二段63,1,晴,30,交岔路,交叉路口,無號誌,車與車,未依規定讓車
11004ACA91B1725,20210418,120.25144,22.950219,交通事故,交叉路口,臺南市仁德區後壁里中正路二段段號德洋路,1,晴,50,交岔路,交叉路口,行車管制號誌,車與車,未依規定讓車
11004ACA91B1726,20210417,120.243989,22.97372,交通事故,交叉路口,臺南市仁德區中山路段號文華路3,1,晴,60,單路部分,路段,行車管制號誌,車與車,未注意車前狀態
11004ACA91B1757,20210407,120.294438,22.966996,交通事故,其他,臺南市歸仁區段號歸仁里歸仁圓環北出口,1,晴,50,圓環廣場,其他,無號誌,車與車,右轉彎未依規定
11004ACA91B1761,20210408,120.231281,22.91925,交通事故,其他,臺南市仁德區段號保安里中正路一段，抽水站,1,晴,50,單路部分,路段,無號誌,車與車,尚未發現肇事因素
11004ACA91B1765,20210410,120.221075,22.937093,交通事故,交叉路口,臺南市仁德區成功里二仁路1段號文華路2,1,晴,40,單路部分,路段,行車管制號誌,車與車,未保持行車安全距離
11004ACA91B1766,20210410,120.42205,22.936173,交通事故,無,臺南市龍崎區段號,1,晴,50,單路部分,路段,無號誌,汽(機)車本身,不明原因肇事
11004ACA91B1767,20210415,120.257645,22.981749,交通事故,交叉路口,臺南市仁德區土庫里中正路3段號太乙路,1,晴,50,交岔路,交叉路口,行車管制號誌,車與車,其他引起事故之違規或不當行為
11004ACA91B1788,20210422,120.242928,22.969345,交通事故,一般地址,臺南市仁德區仁德里文華路3段366號0,1,晴,50,單路部分,路段,無號誌,汽(機)車本身,不明原因肇事
11004ACA91B1805,20210404,120.313653,22.962501,交通事故,一般地址,臺南市歸仁區看東里中山路1段1號,1,晴,60,交岔路,交叉路口,行車管制號誌,車與車,未注意車前狀態
11004ACA91B1823,20210404,120.419865,22.925134,交通事故,其他,臺南市龍崎區段號182線東向29K處,2,晴,50,交岔路,交叉路口,無號誌,車與車,左轉彎未依規定
11004ACA91B1832,20210418,120.261905,22.970328,交通事故,一般地址,臺南市仁德區中山路段229號,1,晴,60,交岔路,交叉路口,行車管制號誌,車與車,未保持行車安全距離
11004ACA91B1838,20210407,120.329771,22.96085,交通事故,一般地址,臺南市關廟區香洋里仁愛路段26號,2,晴,50,單路部分,路段,無號誌,車與車,橫越道路不慎
11004ACA91B1839,20210422,120.251694,22.971678,交通事故,交叉路口,臺南市仁德區仁義里中山路段號中正路三段,1,晴,50,交岔路,交叉路口,行車管制號誌,車與車,未注意車前狀態
11004ACA91B1845,20210416,120.257895,22.971645,交通事故,交叉路口,臺南市仁德區仁義里正義路段196號中山路32811,1,晴,30,交岔路,交叉路口,無號誌,車與車,未依規定讓車
11004ACA91B1856,20210420,120.278421,22.968619,交通事故,一般地址,臺南市歸仁區南興里中山路3段400號,1,晴,50,單路部分,其他,行車管制號誌,車與車,迴轉未依規定
11004ACA91B1860,20210421,120.261148,22.970641,交通事故,一般地址,臺南市仁德區仁義里中山路段246號,1,晴,50,單路部分,其他,無號誌,車與車,倒車未依規定
11004ACA91B1890,20210407,120.283142,22.965978,交通事故,一般地址,臺南市歸仁區辜厝里中山路二段段65號,1,晴,50,交岔路,交叉路口,行車管制號誌,車與車,迴轉未依規定
11004ACA91B1911,20210417,120.290226,22.967149,交通事故,交叉路口,臺南市歸仁區後市里中山路二段段號中山八街,1,晴,50,交岔路,交叉路口,行車管制號誌,車與車,不明原因肇事
11004ACA91B1923,20210423,120.19749,22.990302,交通事故,一般地址,臺南市仁德區保安里保安路1段112號0,1,晴,50,單路部分,路段,無號誌,車與車,迴轉未依規定
11004ACA91B1924,20210409,120.327979,22.960462,交通事故,交叉路口,臺南市關廟區香洋里南雄路2段號巡府路,1,晴,50,交岔路,交叉路口,無號誌,車與車,未依規定讓車
11004ACA91B1925,20210421,120.256276,22.970589,交通事故,一般地址,臺南市仁德區仁義里中清路段82號,2,晴,50,單路部分,路段,無號誌,車與車,未保持行車安全間隔
11004ACA91B1977,20210418,120.270499,22.912264,交通事故,交叉路口,臺南市歸仁區大潭里中正南路3段號大潭一街,1,晴,50,交岔路,交叉路口,行車管制號誌,車與車,未依規定讓車
11004ACA91B2008,20210423,120.243985,22.973867,交通事故,交叉路口,臺南市仁德區仁德里中山路段號文華路,1,晴,50,交岔路,交叉路口,行車管制號誌,車與車,右轉彎未依規定
11004ACA91B2041,20210421,120.327979,22.960462,交通事故,交叉路口,臺南市關廟區香洋里南雄路2段號巡府路,1,晴,50,交岔路,交叉路口,無號誌,車與車,橫越道路不慎
11004ACA91B2046,20210415,120.32157,22.93901,交通事故,一般地址,臺南市歸仁區沙崙里歸仁十三路段號,1,晴,50,交岔路,交叉路口,行車管制號誌,車與車,未注意車前狀態
11004ACA91B2052,20210421,120.293492,22.993324,交通事故,交叉路口,臺南市歸仁區媽廟里中正北路3段號和順路1,1,晴,50,交岔路,交叉路口,行車管制號誌,車與車,未依規定讓車
11004ACA91B2056,20210421,120.233321,22.926186,交通事故,一般地址,臺南市仁德區文賢路1段770號,1,晴,50,單路部分,路段,無號誌,車與車,未依規定讓車
11004ACA91B2087,20210419,120.333498,22.959776,交通事故,交叉路口,臺南市關廟區和平路段號中央路,1,晴,50,交岔路,交叉路口,無號誌,車與車,未依規定讓車
11004ACA91B2090,20210422,120.302863,22.96565,交通事故,交叉路口,臺南市歸仁區看東里中山路1段號忠孝南路,1,晴,50,交岔路,交叉路口,行車管制號誌,車與車,未依規定讓車
11004ACA91B2092,20210421,120.221504,22.928362,交通事故,其他,臺南市仁德區段號台86線台南交流道北上機車迴轉道,1,晴,50,單路部分,路段,無號誌,汽(機)車本身,不明原因肇事
11004ACA91B2093,20210403,120.223275,22.923748,交通事故,一般地址,臺南市仁德區二仁路一段段148號,1,晴,70,單路部分,路段,無號誌,汽(機)車本身,尚未發現肇事因素
11004ACA91B2114,20210425,120.220981,22.917749,交通事故,一般地址,臺南市仁德區中正西路段211號,1,晴,50,交岔路,交叉路口,行車管制號誌,車與車,違反號誌管制或指揮
11004ACA91B2131,20210425,120.275614,22.998871,交通事故,一般地址,臺南市歸仁區大廟里保大路3段291號,1,晴,50,交岔路,路段,無號誌,車與車,不明原因肇事
11004ACA91B2150,20210425,120.231995,22.947776,交通事故,其他,臺南市仁德區段號成功里文華路二段、特27號道路,1,晴,50,交岔路,交叉路口,行車管制號誌,車與車,不明原因肇事
11004ACA91B2193,20210421,120.256066,22.945914,交通事故,交叉路口,臺南市仁德區德南路段號德南路194,1,晴,50,交岔路,交叉路口,無號誌,人與汽(機)車,未注意車前狀態
11004ACA91B2194,20210420,120.231371,22.955106,交通事故,一般地址,臺南市仁德區保生東路段102號,1,晴,50,單路部分,路段,無號誌,車與車,其他引起事故之故障
11004ACA91B2244,20210422,120.269853,22.991659,交通事故,其他,臺南市仁德區段號太子路70號對面,1,晴,50,單路部分,路段,行車管制號誌,車與車,不明原因肇事
11004ACA91B2295,20210404,120.294725,22.967057,交通事故,其他,臺南市歸仁區段號歸仁圓環(近中正北路),1,晴,50,圓環廣場,其他,無號誌,車與車,未依規定讓車
11004ACA91B2322,20210427,120.281,22.968219,交通事故,交叉路口,臺南市歸仁區南興里中山路段號民生北街,1,陰,60,交岔路,交叉路口,行車管制號誌,車與車,不明原因肇事
11004ACA91B2325,20210419,120.253444,22.975203,交通事故,一般地址,臺南市仁德區一甲里中正路3段146號,1,晴,50,單路部分,路段,無號誌,車與車,橫越道路不慎
11004ACA91B2326,20210419,120.248855,22.955069,交通事故,一般地址,臺南市仁德區新田里民安路1段369號,1,晴,50,單路部分,路段,無號誌,車與車,變換車道或方向不當
11004ACA91B2335,20210411,120.22434,22.922421,交通事故,其他,臺南市仁德區段號二仁路一段120號前,1,晴,60,交岔路,交叉路口,無號誌,車與車,未依規定讓車
11004ACA91B2340,20210409,120.308485,23.004737,交通事故,一般地址,臺南市關廟區埤頭里關新路2段387號,1,晴,60,交岔路,交叉路口,無號誌,車與車,倒車未依規定
11004ACA91B2350,20210426,120.230981,22.930942,交通事故,交叉路口,臺南市仁德區文賢路1段號保安路1,1,陰,50,交岔路,交叉路口,行車管制號誌,車與車,未依規定讓車
11004ACA91B2394,20210419,120.248049,22.937837,交通事故,其他,臺南市仁德區段號中正路一段682號,1,晴,50,交岔路,交叉路口,行車管制號誌,車與車,未注意車前狀態
11004ACA91B2408,20210427,120.240612,22.925251,交通事故,其他,臺南市仁德區段號保安里中正路一段與三甲一街口,1,陰,50,交岔路,交叉路口,閃光號誌,車與車,未依規定讓車
11004ACA91B2414,20210412,120.296162,22.966538,交通事故,交叉路口,臺南市歸仁區歸仁里中山路1段號和平北街,1,晴,60,交岔路,交叉路口,行車管制號誌,車與車,迴轉未依規定
11004ACA91B2422,20210401,120.278168,22.947907,交通事故,其他,臺南市歸仁區段號中正南路與歸仁八路口,1,晴,50,交岔路,交叉路口,行車管制號誌,車與車,左轉彎未依規定
11004ACA91B2430,20210419,120.230867,22.931259,交通事故,其他,臺南市仁德區段號文賢路一段566號,1,晴,50,單路部分,路段,無號誌,車與車,違反特定標誌(線)禁制
11004ACA91B2445,20210416,120.25631,22.937639,交通事故,其他,臺南市仁德區段號崑崙路往南(近台86橋),1,晴,50,單路部分,路段,無號誌,車與車,使用手持行動電話失控
11004ACA91B2446,20210428,120.251409,22.953419,交通事故,交叉路口,臺南市仁德區後壁里民安路段號德洋一街,1,晴,50,交岔路,交叉路口,無號誌,車與車,橫越道路不慎
11004ACA91B2452,20210423,120.283767,22.925919,交通事故,交叉路口,臺南市歸仁區武當路段號歸仁十路,1,晴,50,單路部分,路段,無號誌,車與車,未保持行車安全距離
11004ACA91B2543,20210422,120.221336,22.943592,交通事故,其他,臺南市仁德區段號文賢路一段29巷口,1,晴,50,交岔路,交叉路口,無號誌,車與車,未依規定讓車
11004ACA91B2599,20210415,120.28768,22.96041,交通事故,交叉路口,臺南市歸仁區辜厝里中正南路1段號民權南路,2,晴,50,交岔路,交叉路口,行車管制號誌,車與車,橫越道路不慎
11004ACA91B2607,20210416,120.224485,22.922034,交通事故,一般地址,臺南市仁德區保安里二仁路1段112-1號,1,晴,70,單路部分,路段,無號誌,車與車,未注意車前狀態
11004ACA91B2637,20210423,120.253002,22.95953,交通事故,其他,臺南市仁德區段號中正路與勝利路口,1,晴,50,交岔路,交叉路口,行車管制號誌,車與車,未保持行車安全距離
11004ACA91B2638,20210430,120.252103,22.948656,交通事故,一般地址,臺南市仁德區德南路段21號,1,晴,50,單路部分,路段,無號誌,汽(機)車本身,酒醉(後)駕駛失控
11004ACA91B2651,20210417,120.21832,22.917787,交通事故,一般地址,臺南市仁德區中正西路段337號,1,晴,50,單路部分,路段,無號誌,車與車,橫越道路不慎
11004ACA91B2663,20210419,120.265223,22.993308,交通事故,交叉路口,臺南市仁德區長興二街段72號長興一街,1,晴,30,交岔路,交叉路口,閃光號誌,車與車,未依規定讓車
11004ACA91B2682,20210429,120.253587,22.970839,交通事故,一般地址,臺南市仁德區中山路段50918號,1,晴,50,單路部分,路段,無號誌,車與車,起步未注意其他車(人)安全
11004ACA91B2698,20210423,120.26932,22.910457,交通事故,一般地址,臺南市歸仁區大潭里長榮路1段200號,1,晴,50,交岔路,交叉路口,無號誌,車與車,橫越道路不慎
11004ACA91B2712,20210424,120.221081,22.935106,交通事故,其他,臺南市仁德區段號成功里二仁路2段往北奇美博物館前,1,晴,70,單路部分,路段,無號誌,車與車,未保持行車安全距離
11004ACA91B2715,20210427,120.251891,22.972245,交通事故,交叉路口,臺南市仁德區仁德里中正路3段號正義一街,1,晴,50,交岔路,交叉路口,無號誌,車與車,橫越道路不慎
11004ACA91B2724,20210425,120.248298,22.911511,交通事故,交叉路口,臺南市仁德區中洲里中洲路段號依仁路,1,陰,50,交岔路,交叉路口,行車管制號誌,車與車,右轉彎未依規定
11004ACA91B2734,20210409,120.221613,22.927664,交通事故,其他,臺南市仁德區段號成功里台86線北上機車迴轉道,1,晴,40,單路部分,其他,無號誌,車與車,其他引起事故之違規或不當行為
11004ACA91B2740,20210430,120.225016,22.921357,交通事故,一般地址,臺南市仁德區二仁路一段段72號0,1,晴,60,單路部分,路段,無號誌,車與車,變換車道或方向不當
11004ACA91B2797,20210408,120.273265,22.954796,交通事故,其他,臺南市歸仁區段號六甲里民生12街與台39線,1,晴,50,交岔路,交叉路口,行車管制號誌,車與車,違反號誌管制或指揮
11004ACA91B2798,20210410,120.298746,22.971088,交通事故,一般地址,臺南市歸仁區歸仁里忠孝北路段220號,1,晴,50,單路部分,路段,無號誌,車與車,起步未注意其他車(人)安全
11004ACA91B2805,20210421,120.229679,22.934319,交通事故,其他,臺南市仁德區段號成功里文賢路一段北往南,1,晴,50,單路部分,其他,閃光號誌,汽(機)車本身,其他引起事故之違規或不當行為
11004ACA91B2811,20210420,120.25355,22.975534,交通事故,交叉路口,臺南市仁德區一甲里中正路3段號中正路3162,2,晴,50,交岔路,交叉路口,無號誌,車與車,違規超車
11004ACA91B2813,20210419,120.254029,22.976654,交通事故,交叉路口,臺南市仁德區一甲里中正路三段段號忠義路,1,晴,50,交岔路,交叉路口,行車管制號誌,車與車,左轉彎未依規定
11004ACA91B2819,20210403,120.287789,22.968183,交通事故,其他,臺南市歸仁區段號民權北路35號前,2,晴,50,交岔路,交叉路口,行車管制號誌,車與車,迴轉未依規定
11004ACA91B2823,20210403,120.324312,22.960731,交通事故,其他,臺南市關廟區段號中山路與民生街口,1,晴,50,交岔路,交叉路口,行車管制號誌,車與車,未注意車前狀態
11004ACA91B2829,20210407,120.254345,22.97137,交通事故,交叉路口,臺南市仁德區仁義里中山路段77號中山路,1,晴,50,交岔路,交叉路口,無號誌,車與車,左轉彎未依規定
11004ACA91B2831,20210426,120.30867,22.964114,交通事故,交叉路口,臺南市歸仁區歸仁里中山路1段號成功路1,1,晴,50,交岔路,交叉路口,行車管制號誌,車與車,違反號誌管制或指揮
11004ACA91B2845,20210428,120.326213,22.960195,交通事故,其他,臺南市關廟區段號中山路二段與民生街口,1,晴,50,交岔路,交叉路口,行車管制號誌,車與車,左轉彎未依規定
11004ACA91B2848,20210410,120.252797,22.956661,交通事故,一般地址,臺南市仁德區新田里中正路二段段552號,1,晴,50,單路部分,路段,無號誌,車與車,起步未注意其他車(人)安全
11004ACA91B2849,20210411,120.329485,22.959931,交通事故,交叉路口,臺南市關廟區中央路段165號巡府路,1,晴,50,交岔路,交叉路口,無號誌,車與車,左轉彎未依規定
11004ACA91B2860,20210427,120.220486,22.945099,交通事故,一般地址,臺南市仁德區仁愛里大同路三段段825號,1,晴,50,單路部分,路段,無號誌,車與車,右轉彎未依規定
11004ACA91B2876,20210428,120.242855,22.9684,交通事故,一般地址,臺南市仁德區文華路3段366號,2,晴,50,單路部分,路段,無號誌,車與車,起步未注意其他車(人)安全
11004ACA91B2885,20210428,120.245519,22.956951,交通事故,其他,臺南市仁德區段號德糖路與德洋路口,1,晴,50,交岔路,交叉路口,行車管制號誌,車與車,左轉彎未依規定
11004ACA91B2888,20210428,120.225797,22.918612,交通事故,交叉路口,臺南市仁德區二行里中正路一段段號二仁路一段,1,晴,50,交岔路,交叉路口,行車管制號誌,車與車,違反號誌管制或指揮
11004ACA91B2890,20210423,120.295697,22.972937,交通事故,交叉路口,臺南市歸仁區八甲里中正北路1段號大德路,1,晴,50,交岔路,交叉路口,行車管制號誌,車與車,左轉彎未依規定