案件編號,發生日期,GPS經度,GPS緯度,案件類別名稱,地址類型名稱,發生縣市名稱,受傷人數,天候名稱, 速限-第1當事者,道路型態大類別名稱,事故位置大類別名稱,號誌-號誌種類名稱,事故類型及型態大類別名稱,肇因研判子類別名稱-主要
11004ACA91B2897,20210430,120.238719,22.960191,交通事故,一般地址,臺南市仁德區成功里民安路一段段30之2號,1,晴,50,單路部分,路段,無號誌,車與車,其他引起事故之違規或不當行為
11004ACA91B2906,20210416,120.256528,22.958135,交通事故,交叉路口,臺南市仁德區新田里勝利路段號仁義六街,1,晴,50,交岔路,交叉路口,行車管制號誌,車與車,左轉彎未依規定
11004ACA91B2911,20210427,120.328724,22.960735,交通事故,交叉路口,臺南市關廟區巡府路段號中山路620,2,陰,30,交岔路,交叉路口,無號誌,車與車,違反特定標誌(線)禁制
11004ACA91B2945,20210401,120.272986,22.95483,交通事故,其他,臺南市歸仁區段號臺39、民生十二街口,2,晴,50,交岔路,交叉路口,行車管制號誌,車與車,左轉彎未依規定
11004ACA91B2966,20210428,120.242378,22.958425,交通事故,交叉路口,臺南市仁德區新田里民安路一段段號文華一街,1,晴,50,交岔路,交叉路口,行車管制號誌,車與車,未依規定讓車
11004ACA91B2969,20210429,120.300636,22.962704,交通事故,交叉路口,臺南市歸仁區看西里仁愛南街段號仁愛五街,1,雨,50,交岔路,交叉路口,無號誌,車與車,未依規定讓車
11004ACA91B2971,20210430,120.251874,22.970456,交通事故,交叉路口,臺南市仁德區仁義里中正路二段段號仁義一街,1,晴,50,交岔路,交叉路口,行車管制號誌,車與車,未注意車前狀態
11004ACA91B2972,20210428,120.24026,22.959124,交通事故,交叉路口,臺南市仁德區民安路一段段號文華路2,2,晴,50,交岔路,交叉路口,行車管制號誌,車與車,左轉彎未依規定
11004ACA91B2983,20210424,120.232229,22.948663,交通事故,其他,臺南市仁德區段號文華路二段(南勢高幹41電桿),1,晴,50,單路部分,路段,無號誌,車與車,未保持行車安全距離
11004ACA91B2985,20210429,120.271697,22.91078,交通事故,其他,臺南市歸仁區段號大潭一街71號旁,1,陰,50,單路部分,路段,無號誌,車與車,左轉彎未依規定
11004ACA91B2988,20210407,120.294073,22.965987,交通事故,一般地址,臺南市歸仁區中正南路1段44222號,1,晴,50,交岔路,路段,行車管制號誌,車與車,違反特定標誌(線)禁制
11004ACA91B2989,20210413,120.330045,22.959217,交通事故,一般地址,臺南市關廟區中山路1段281號,2,晴,50,單路部分,路段,無號誌,車與車,起步未注意其他車(人)安全
11004ACA91B2990,20210426,120.253018,22.95949,交通事故,交叉路口,臺南市仁德區中正路2段號勝利路,2,晴,50,交岔路,交叉路口,行車管制號誌,車與車,違反號誌管制或指揮
11004ACA91B3023,20210428,120.256027,22.943765,交通事故,交叉路口,臺南市仁德區德崙路段號德崙路230,1,晴,50,交岔路,交叉路口,無號誌,車與車,未依規定讓車
11004ACA91B3038,20210402,120.295264,22.963647,交通事故,一般地址,臺南市歸仁區公園路段200號0,2,晴,50,單路部分,路段,無號誌,車與車,不明原因肇事
11004ACA91B3041,20210401,120.23806,22.930275,交通事故,其他,臺南市仁德區段號三甲五街311號,1,晴,30,單路部分,路段,無號誌,車與車,未靠右行駛
11004ACA91B3114,20210408,120.251685,22.97243,交通事故,其他,臺南市仁德區段號中山路與中正路口,1,晴,60,交岔路,交叉路口,行車管制號誌,車與車,右轉彎未依規定
11004ACA91B3115,20210422,120.254588,22.97647,交通事故,一般地址,臺南市仁德區一甲里忠義路段339號,1,晴,50,單路部分,路段,無號誌,車與車,違規超車
11004ACA91B3118,20210426,120.285747,22.959185,交通事故,交叉路口,臺南市歸仁區六甲里中正南路1段號中正南路1565,1,晴,50,交岔路,交叉路口,無號誌,車與車,未依規定讓車
11004ACA91B3126,20210408,120.2518,22.953178,交通事故,交叉路口,臺南市仁德區中正路二段段號民安路二段,1,晴,50,單路部分,路段,閃光號誌,汽(機)車本身,未注意車前狀態
11004ACA91B3127,20210408,120.32598,22.960174,交通事故,交叉路口,臺南市關廟區中山路2段號文衡路,1,晴,50,交岔路,交叉路口,行車管制號誌,車與車,違反號誌管制或指揮
11004ACA91B3128,20210430,120.259739,22.947722,交通事故,交叉路口,臺南市仁德區上崙里民安路二段段號民安路二段382,1,晴,30,交岔路,交叉路口,無號誌,車與車,不明原因肇事
11004ACA91B3131,20210407,120.256,22.969731,交通事故,交叉路口,臺南市仁德區仁義三街段號仁義四街,1,晴,30,交岔路,交叉路口,無號誌,車與車,未依規定讓車
11004ACA91B3149,20210429,120.255233,22.939792,交通事故,一般地址,臺南市仁德區上崙里上崙街段16118號,1,晴,30,單路部分,路段,無號誌,車與車,未注意車前狀態
11004ACA91B3158,20210421,120.287791,22.967209,交通事故,一般地址,臺南市歸仁區南保里民權南路段2號,1,晴,50,單路部分,路段,無號誌,車與車,右轉彎未依規定
11004ACA91B3164,20210417,120.327633,22.958544,交通事故,交叉路口,臺南市關廟區中山路2段號南雄路1,1,晴,50,交岔路,交叉路口,行車管制號誌,車與車,其他引起事故之違規或不當行為
11004ACA91B3166,20210419,120.279815,22.921275,交通事故,其他,臺南市歸仁區段號歸仁14路、高鐵5路,1,晴,50,交岔路,交叉路口,無號誌,車與車,未依規定讓車
11004ACA91B3174,20210429,120.239134,22.920302,交通事故,一般地址,臺南市仁德區文賢路2段55號,2,晴,50,單路部分,路段,無號誌,車與車,未注意車前狀態
11004ACA91B3179,20210412,120.228116,22.939093,交通事故,其他,臺南市仁德區段號文華路二段(虎山橋下),2,晴,50,交岔路,路段,無號誌,車與車,未注意車前狀態
11004ACA91B3192,20210419,120.243286,22.961552,交通事故,其他,臺南市仁德區段號文華一街106號前,2,晴,50,單路部分,路段,無號誌,車與車,未保持行車安全距離
11004ACA91B3201,20210405,120.288172,22.970519,交通事故,其他,臺南市歸仁區段號民權北路147號,1,晴,50,單路部分,路段,無號誌,車與車,橫越道路不慎
11004ACA91B3241,20210423,120.253454,22.965059,交通事故,一般地址,臺南市仁德區仁義里中正路2段908號0,1,晴,50,單路部分,路段,無號誌,車與車,未注意車前狀態
11004ACA91B3245,20210424,120.28839,22.97273,交通事故,一般地址,臺南市歸仁區文化里民權北路段180號,2,晴,50,單路部分,路段,無號誌,車與車,起步未注意其他車(人)安全
11004ACA91B3248,20210430,120.243943,22.973866,交通事故,其他,臺南市仁德區段號中山路與文華路口,1,晴,50,交岔路,交叉路口,行車管制號誌,車與車,不明原因肇事
11004ACA91B3269,20210427,120.293193,22.964292,交通事故,交叉路口,臺南市歸仁區辜厝里中正南路1段號大順街,1,晴,50,交岔路,交叉路口,行車管制號誌,車與車,右轉彎未依規定
11004ACA91B3270,20210412,120.252591,22.971645,交通事故,其他,臺南市仁德區段號中山路554號,1,晴,50,交岔路,交叉路口,無號誌,車與車,橫越道路不慎
11004ACA91B3271,20210426,120.25175,22.970545,交通事故,交叉路口,臺南市仁德區中正路二段段號仁義一街,2,晴,50,交岔路,交叉路口,行車管制號誌,車與車,變換車道或方向不當
11004ACA91B3274,20210405,120.296453,22.966413,交通事故,一般地址,臺南市歸仁區中山路一段段549號0,1,晴,50,單路部分,路段,行車管制號誌,車與車,變換車道或方向不當
11004ACA91B3287,20210430,120.288608,22.961119,交通事故,一般地址,臺南市歸仁區中正南路1段392號0,2,晴,50,單路部分,路段,無號誌,車與車,違反特定標誌(線)禁制
11004ACA91B3310,20210406,120.277374,22.943457,交通事故,交叉路口,臺南市歸仁區中正南路段號省道臺39線,1,晴,50,交岔路,交叉路口,行車管制號誌,車與車,不明原因肇事
11004ACA91B3319,20210411,120.326199,22.969157,交通事故,交叉路口,臺南市關廟區南雄路段號文衡路,2,晴,50,交岔路,交叉路口,行車管制號誌,車與車,不明原因肇事
11004ACA91B3321,20210401,120.261724,22.959705,交通事故,其他,臺南市仁德區段號義林路與義林三街口,1,晴,50,交岔路,交叉路口,行車管制號誌,車與車,未注意車前狀態
11004ACA91B3332,20210429,120.244746,22.929128,交通事故,交叉路口,臺南市仁德區中正路一段段號崑崙街,2,晴,50,交岔路,交叉路口,行車管制號誌,車與車,違反特定標誌(線)禁制
11004ACA91B3346,20210426,120.257503,22.952698,交通事故,其他,臺南市仁德區段號德糖路201號旁,1,晴,50,單路部分,路段,無號誌,車與車,未注意車前狀態
11004ACA91B3357,20210412,120.251231,22.949344,交通事故,一般地址,臺南市仁德區中正路二段段219號,2,晴,50,單路部分,路段,無號誌,車與車,未注意車前狀態
11004ACA91B3358,20210407,120.304332,22.965445,交通事故,其他,臺南市歸仁區段號中山路一段260號前,1,晴,50,單路部分,路段,無號誌,車與車,右轉彎未依規定
11004ACA91B3372,20210428,120.223865,22.916492,交通事故,一般地址,臺南市仁德區二行里行大街段2號,2,晴,50,交岔路,交叉路口,無號誌,車與車,不明原因肇事
11004ACA91B3373,20210429,120.251409,22.953419,交通事故,交叉路口,臺南市仁德區後壁里民安路1段號德洋一街,1,晴,50,交岔路,交叉路口,無號誌,車與車,迴轉未依規定
11004ACA91B3375,20210426,120.279333,22.952795,交通事故,其他,臺南市歸仁區段號六甲路與六甲三街口,2,晴,50,交岔路,交叉路口,無號誌,車與車,未注意車前狀態
11004ACA91B3376,20210413,120.290698,22.967296,交通事故,其他,臺南市歸仁區段號中山路二段128號前,1,晴,50,單路部分,路段,無號誌,人與汽(機)車,未注意車前狀態
11004ACA91B3382,20210402,120.290871,22.993084,交通事故,交叉路口,臺南市歸仁區和順路1段號和順路163,1,晴,30,交岔路,交叉路口,行車管制號誌,車與車,倒車未依規定
11004ACA91B3384,20210406,120.334601,22.93842,交通事故,一般地址,臺南市關廟區南雄路1段388號,2,晴,40,單路部分,路段,無號誌,車與車,違反特定標誌(線)禁制
11004ACA91B3385,20210417,120.250136,22.971981,交通事故,一般地址,臺南市仁德區中山路段號,1,晴,50,單路部分,路段,行車管制號誌,車與車,未保持行車安全間隔
11004ACA91B3386,20210406,120.325293,22.960349,交通事故,交叉路口,臺南市關廟區中山路2段號正義街,1,晴,50,交岔路,交叉路口,閃光號誌,車與車,左轉彎未依規定
11004ACA91B3387,20210407,120.317173,22.961508,交通事故,一般地址,臺南市關廟區中山路2段249號0,2,晴,50,單路部分,路段,閃光號誌,車與車,不明原因肇事
11004ACA91B3389,20210405,120.276876,22.996747,交通事故,一般地址,臺南市歸仁區大廟一街段19號,1,晴,50,單路部分,路段,無號誌,車與車,違反特定標誌(線)禁制
11004ACA91B3397,20210430,120.295446,22.961296,交通事故,其他,臺南市歸仁區段號大成路與大成路182巷口,1,晴,30,交岔路,交叉路口,無號誌,車與車,未依規定讓車
11004ACA91B3399,20210418,120.231349,22.957258,交通事故,交叉路口,臺南市仁德區保生東路段號成功三街,1,晴,50,交岔路,交叉路口,閃光號誌,車與車,不明原因肇事
11004ACA91B3400,20210430,120.267577,22.957289,交通事故,其他,臺南市仁德區段號新田二街與新田二街116巷口,1,晴,50,交岔路,交叉路口,閃光號誌,車與車,未依規定讓車
11004ACA91B3402,20210420,120.292125,22.936671,交通事故,一般地址,臺南市歸仁區省道臺86線快速公路段號,1,晴,90,單路部分,路段,無號誌,車與車,未注意車前狀態
11004ACA91B3404,20210420,120.227645,22.938737,交通事故,交叉路口,臺南市仁德區文賢路1段號文華路2,1,晴,50,交岔路,交叉路口,行車管制號誌,車與車,左轉彎未依規定
11004ACA91B3406,20210429,120.281009,22.971118,交通事故,其他,臺南市歸仁區段號民生北街新撰高幹7右23,1,晴,50,單路部分,路段,無號誌,汽(機)車本身,未注意車前狀態
11004ACA91B3412,20210413,120.216921,22.959289,交通事故,其他,臺南市仁德區段號大同路三段70號前,2,晴,50,單路部分,路段,無號誌,車與車,起步未注意其他車(人)安全
11004ACA91B3416,20210409,120.245749,22.971442,交通事故,其他,臺南市仁德區段號文華路三段428巷口,2,晴,50,交岔路,交叉路口,行車管制號誌,車與車,違反號誌管制或指揮
11004ACA91B3417,20210409,120.293861,22.966529,交通事故,其他,臺南市歸仁區段號歸仁圓環與中山路二段口,1,晴,50,圓環廣場,路段,無號誌,車與車,右轉彎未依規定
11004ACA91B3423,20210425,120.231265,22.955367,交通事故,一般地址,臺南市仁德區成功里保生東路段120號,1,晴,50,單路部分,路段,無號誌,汽(機)車本身,其他引起事故之違規或不當行為
11004ACA91B3424,20210430,120.277284,22.943017,交通事故,交叉路口,臺南市歸仁區省道臺39線段號中正南路,1,晴,50,交岔路,交叉路口,行車管制號誌,車與車,不明原因肇事
11004ACA91B3432,20210414,120.254169,22.964864,交通事故,其他,臺南市仁德區段號中正路2段862巷33弄46號前,1,晴,50,交岔路,交叉路口,無號誌,車與車,未依規定讓車
11004ACA91B3440,20210420,120.239526,22.926237,交通事故,其他,臺南市仁德區段號三甲一街20號,1,晴,30,單路部分,路段,無號誌,車與車,不明原因肇事
11004ACA91B3459,20210407,120.217647,22.953473,交通事故,其他,臺南市仁德區段號大同路三段426前,1,晴,50,單路部分,路段,無號誌,車與車,變換車道或方向不當
11004ACA91B3462,20210415,120.261189,22.912968,交通事故,其他,臺南市仁德區段號中洲路與依仁路口,1,晴,50,交岔路,交叉路口,行車管制號誌,車與車,右轉彎未依規定
11004ACA91B3463,20210419,120.260484,22.988871,交通事故,其他,臺南市仁德區段號土庫路與土庫六街口,1,晴,50,交岔路,交叉路口,閃光號誌,車與車,未依規定讓車
11004ACA91B3475,20210430,120.250961,22.980341,交通事故,交叉路口,臺南市仁德區太乙六街段號太新路,1,晴,50,交岔路,交叉路口,無號誌,車與車,未依規定減速
11004ACA91B3476,20210430,120.22742,22.938913,交通事故,交叉路口,臺南市仁德區文華路段號文賢路,2,晴,50,交岔路,交叉路口,行車管制號誌,車與車,不明原因肇事
11004ACA91B3477,20210423,120.225839,22.918855,交通事故,一般地址,臺南市仁德區二仁路一段段48號0,1,晴,50,單路部分,路段,無號誌,車與車,右轉彎未依規定
11004ACA91B3478,20210424,120.261408,22.956245,交通事故,交叉路口,臺南市仁德區勝利路段號義林路,1,晴,50,交岔路,交叉路口,行車管制號誌,車與車,左轉彎未依規定
11004ACA91B3479,20210418,120.252576,22.973626,交通事故,交叉路口,臺南市仁德區中正路段號正義2街,2,晴,50,交岔路,交叉路口,無號誌,車與車,不明原因肇事
11004ACA91B3480,20210424,120.310313,22.963601,交通事故,交叉路口,臺南市歸仁區中山路段號省道臺86線快速公路,1,晴,50,交岔路,交叉路口,無號誌,車與車,不明原因肇事
11004ACA91B3481,20210413,120.250389,22.991047,交通事故,交叉路口,臺南市仁德區太子路段號太子五街,1,晴,50,交岔路,交叉路口,行車管制號誌,車與車,右轉彎未依規定
11004ACA91B3482,20210414,120.261748,22.969874,交通事故,交叉路口,臺南市仁德區義林七街段號義林一街,1,晴,50,交岔路,交叉路口,無號誌,車與車,不明原因肇事
11004ACA91B3484,20210406,120.256618,22.980271,交通事故,一般地址,臺南市仁德區中正路三段段312號0,1,晴,50,單路部分,路段,無號誌,車與車,不明原因肇事
11004ACA91B3485,20210416,120.251143,22.948759,交通事故,其他,臺南市仁德區段號中正路二段與德南路口,1,晴,50,交岔路,交叉路口,行車管制號誌,車與車,違規停車或暫停不當而肇事
11004ACA91B3486,20210416,120.245612,22.973295,交通事故,其他,臺南市仁德區段號臺一線南下機車迴轉道,1,晴,50,單路部分,路段,行車管制號誌,車與車,未注意車前狀態
11004ACA91B3487,20210420,120.262521,22.95579,交通事故,其他,臺南市仁德區段號勝利路與新田二街116巷口,1,晴,50,交岔路,交叉路口,無號誌,車與車,右轉彎未依規定
11004ACA91B3488,20210426,120.240262,22.964498,交通事故,其他,臺南市仁德區段號文華路三段189巷口,2,晴,50,交岔路,交叉路口,行車管制號誌,車與車,起步未注意其他車(人)安全
11004ACA91B3489,20210427,120.292638,22.96709,交通事故,其他,臺南市歸仁區段號中山路二段50號前,1,晴,50,單路部分,路段,無號誌,車與車,煞車失靈
11004ACA91B3490,20210429,120.269909,22.969704,交通事故,一般地址,臺南市仁德區中山路段22號0,1,陰,50,單路部分,路段,無號誌,車與車,不明原因肇事
11004ACA91B3491,20210427,120.29829,22.971342,交通事故,其他,臺南市歸仁區段號忠孝北路266巷口,2,晴,50,交岔路,交叉路口,無號誌,車與車,未依規定讓車
11004ACA91B3492,20210419,120.247582,22.956016,交通事故,其他,臺南市仁德區段號民安路一段與仁和路口,3,晴,50,交岔路,交叉路口,行車管制號誌,車與車,未保持行車安全間隔
11004ACA91B3493,20210428,120.247586,22.937817,交通事故,其他,臺南市仁德區段號保安路二段與田厝一街口,1,晴,50,交岔路,交叉路口,無號誌,車與車,未依規定讓車
11004ACA91B3494,20210415,120.274139,22.969312,交通事故,一般地址,臺南市歸仁區中山路三段段596號0,1,晴,50,單路部分,路段,無號誌,車與車,不明原因肇事
11004ACAW1B2802,20210425,120.241134,22.974535,交通事故,交叉路口,臺南市仁德區中山路段號裕忠路,1,雨,50,交岔路,交叉路口,行車管制號誌,車與車,尚未發現肇事因素
11004ACB91B0010,20210401,120.250629,22.99868,交通事故,一般地址,臺南市永康區大灣路段1100-1號0,2,晴,50,交岔路,交叉路口,行車管制號誌,車與車,違反號誌管制或指揮
11004ACB91B0017,20210401,120.245366,23.023865,交通事故,交叉路口,臺南市永康區中山東路段365號自強路,1,晴,50,交岔路,交叉路口,無號誌,車與車,未注意車前狀態
11004ACB91B0021,20210401,120.268185,23.031949,交通事故,交叉路口,臺南市永康區龍國街段號龍昌街,1,晴,50,交岔路,交叉路口,行車管制號誌,車與車,未依規定讓車
11004ACB91B0026,20210401,120.235023,23.006466,交通事故,交叉路口,臺南市永康區中華路段號勝華街,1,晴,50,交岔路,交叉路口,行車管制號誌(附設行人專用號誌),車與車,未依規定讓車
11004ACB91B0028,20210401,120.240004,23.005423,交通事故,交叉路口,臺南市永康區忠孝路段號中興街,1,晴,50,交岔路,交叉路口,行車管制號誌,車與車,不明原因肇事
11004ACB91B0029,20210401,120.246463,23.010413,交通事故,其他,臺南市永康區段號復國一路326號前,1,晴,50,交岔路,交叉路口,閃光號誌,汽(機)車本身,其他引起事故之違規或不當行為
11004ACB91B0077,20210402,120.217957,23.023602,交通事故,其他,臺南市永康區段號中華路與中正南路,1,晴,50,交岔路,交叉路口,行車管制號誌(附設行人專用號誌),車與車,違反特定標誌(線)禁制
11004ACB91B0082,20210401,120.225109,23.03319,交通事故,交叉路口,臺南市永康區?洲里洲工街段號國聖街,2,晴,50,交岔路,交叉路口,行車管制號誌,車與車,違反號誌管制或指揮
11004ACB91B0094,20210402,120.25233,23.024577,交通事故,交叉路口,臺南市永康區中山南路段5979號正強街,2,晴,50,交岔路,交叉路口,行車管制號誌,車與車,違反號誌管制或指揮
11004ACB91B0098,20210402,120.2183,23.023595,交通事故,交叉路口,臺南市永康區中華路段號中正南路,1,晴,50,交岔路,交叉路口,行車管制號誌,車與車,違反號誌管制或指揮
11004ACB91B0100,20210402,120.25161,23.029728,交通事故,一般地址,臺南市永康區正強里正強街段233號,2,晴,50,單路部分,路段,無號誌,車與車,起步未注意其他車(人)安全
11004ACB91B0116,20210402,120.271246,23.029557,交通事故,一般地址,臺南市永康區中山北路段519號,1,晴,50,單路部分,路段,無號誌,汽(機)車本身,其他引起事故之違規或不當行為
11004ACB91B0146,20210402,120.275165,23.019,交通事故,其他,臺南市永康區段號西勢里富強路一段(西勢國小前),2,晴,50,單路部分,路段,行車管制號誌,車與車,未注意車前狀態
11004ACB91B0147,20210403,120.241555,23.050046,交通事故,一般地址,臺南市永康區仁愛街段301號,2,晴,50,單路部分,路段,無號誌,車與車,未依規定讓車
11004ACB91B0152,20210403,120.215872,23.023392,交通事故,交叉路口,臺南市永康區甲頂里中華路段號中央路,1,晴,50,交岔路,交叉路口,行車管制號誌,車與車,左轉彎未依規定
11004ACB91B0164,20210403,120.231035,23.010996,交通事故,交叉路口,臺南市永康區中華路段505號六合路,2,晴,50,交岔路,交叉路口,行車管制號誌,車與車,未依規定讓車
11004ACB91B0167,20210403,120.230546,23.025506,交通事故,一般地址,臺南市永康區正南一街段60號,1,晴,50,單路部分,路段,無號誌,人與汽(機)車,未注意車前狀態
11004ACB91B0175,20210403,120.230401,23.027656,交通事故,其他,臺南市永康區段號中正二街與尚頂路,1,晴,50,交岔路,交叉路口,行車管制號誌(附設行人專用號誌),汽(機)車本身,未注意車前狀態
11004ACB91B0176,20210402,120.257746,22.997951,交通事故,一般地址,臺南市永康區崑山里崑大路段8號0,1,晴,50,單路部分,路段,無號誌,車與車,起步未注意其他車(人)安全
11004ACB91B0178,20210403,120.241891,23.037083,交通事故,交叉路口,臺南市永康區中正路段號新中街,1,晴,50,交岔路,交叉路口,行車管制號誌,車與車,未注意車前狀態
11004ACB91B0196,20210401,120.21593,23.023354,交通事故,其他,臺南市永康區段號中華路與中央路口,1,晴,50,交岔路,交叉路口,行車管制號誌(附設行人專用號誌),車與車,逆向行駛
11004ACB91B0208,20210404,120.256838,23.027719,交通事故,其他,臺南市永康區段號中山路與埔聖街口,1,晴,50,交岔路,交叉路口,無號誌,車與車,未依規定讓車
11004ACB91B0217,20210404,120.232515,23.005794,交通事故,一般地址,臺南市永康區勝利街段1976號0,1,晴,30,交岔路,交叉路口,無號誌,車與車,未依規定讓車
11004ACB91B0219,20210401,120.269069,23.018921,交通事故,交叉路口,臺南市永康區中山北路段344號富強路193,2,晴,30,交岔路,交叉路口,無號誌,車與車,未依規定讓車
11004ACB91B0232,20210404,120.231207,23.006618,交通事故,一般地址,臺南市永康區勝學路段225號,1,晴,50,交岔路,路段,行車管制號誌,車與車,未保持行車安全距離
11004ACB91B0237,20210404,120.229111,23.002739,交通事故,其他,臺南市永康區段號柴頭港溪北向便道(勝利街2巷92弄),1,晴,30,交岔路,交叉路口,無號誌,車與車,逆向行駛
11004ACB91B0246,20210404,120.229785,23.02172,交通事故,交叉路口,臺南市永康區大橋三街段號大橋三街261,1,晴,30,交岔路,交叉路口,無號誌,車與車,爭(搶)道行駛
11004ACB91B0258,20210405,120.236751,23.033086,交通事故,交叉路口,臺南市永康區?行里?和街段號?平街,4,晴,50,交岔路,交叉路口,閃光號誌,車與車,未依規定讓車
11004ACB91B0280,20210405,120.230793,23.013513,交通事故,交叉路口,臺南市永康區中華路段號中山南路,1,晴,50,交岔路,交叉路口,行車管制號誌,車與車,未注意車前狀態
11004ACB91B0286,20210402,120.226856,23.011322,交通事故,其他,臺南市永康區段號崑山國中旁(新興街),1,晴,30,交岔路,交叉路口,無號誌,車與車,未保持行車安全距離
11004ACB91B0294,20210405,120.251529,23.03536,交通事故,一般地址,臺南市永康區四維街段165號0,1,晴,50,交岔路,交叉路口,行車管制號誌,車與車,未依規定讓車
11004ACB91B0302,20210405,120.242324,23.051022,交通事故,一般地址,臺南市永康區仁愛街段301號,1,晴,50,單路部分,路段,無號誌,車與車,未保持行車安全距離
11004ACB91B0307,20210404,120.236872,23.007566,交通事故,其他,臺南市永康區段號中華路286巷與中興街69巷,2,晴,30,交岔路,交叉路口,無號誌,車與車,未依規定讓車
11004ACB91B0310,20210405,120.240052,23.050534,交通事故,其他,臺南市永康區段號永安路與河堤道路,1,晴,50,交岔路,交叉路口,閃光號誌,車與車,未注意車前狀態
11004ACB91B0319,20210405,120.235423,23.004208,交通事故,交叉路口,臺南市永康區成功里中華路段號中華一路,1,晴,50,交岔路,交叉路口,行車管制號誌,車與車,未注意車前狀態
11004ACB91B0322,20210404,120.2616,23.032726,交通事故,一般地址,臺南市永康區龍國街段1313號0,1,晴,30,單路部分,其他,無號誌,汽(機)車本身,其他引起事故之違規或不當行為
11004ACB91B0335,20210406,120.263915,23.020522,交通事故,交叉路口,臺南市永康區西勢路段號西勢路738,2,晴,50,交岔路,交叉路口,閃光號誌,車與車,起步未注意其他車(人)安全
11004ACB91B0337,20210406,120.227643,23.016895,交通事故,交叉路口,臺南市永康區安康里大橋一街段號大橋一街128,1,晴,30,交岔路,交叉路口,無號誌,車與車,未注意車前狀態
11004ACB91B0338,20210406,120.233541,23.038114,交通事故,交叉路口,臺南市永康區中正南路段號正南八街,1,晴,50,單路部分,路段,行車管制號誌,車與車,未注意車前狀態
11004ACB91B0342,20210406,120.258129,23.005986,交通事故,一般地址,臺南市永康區大仁街段225號,1,晴,50,單路部分,路段,無號誌,車與車,未保持行車安全距離
11004ACB91B0346,20210401,120.258725,23.013714,交通事故,交叉路口,臺南市永康區永華路段號永榮一街,1,晴,50,交岔路,路段,無號誌,車與車,違反特定標誌(線)禁制
11004ACB91B0351,20210405,120.249346,23.023955,交通事故,交叉路口,臺南市永康區高速二街段號自強路471,1,晴,50,交岔路,交叉路口,行車管制號誌,車與車,違反號誌管制或指揮
11004ACB91B0352,20210406,120.223562,23.022138,交通事故,一般地址,臺南市永康區南台街段11號,1,晴,30,單路部分,路段,無號誌,人與汽(機)車,倒車未依規定
11004ACB91B0362,20210406,120.233472,23.027162,交通事故,一般地址,臺南市永康區正南三路段28號,1,晴,50,單路部分,路段,無號誌,車與車,起步未注意其他車(人)安全
11004ACB91B0363,20210406,120.27267,23.052719,交通事故,交叉路口,臺南市永康區王行路段號王行東路,1,晴,50,交岔路,交叉路口,行車管制號誌,車與車,蛇行、方向不定
11004ACB91B0365,20210406,120.261548,23.040225,交通事故,一般地址,臺南市永康區龍中街段651號,1,晴,50,交岔路,交叉路口,閃光號誌,車與車,未注意車前狀態
11004ACB91B0366,20210406,120.271032,23.003738,交通事故,一般地址,臺南市永康區民族路段181號,1,晴,30,交岔路,交叉路口,閃光號誌,車與車,未依規定讓車
11004ACB91B0370,20210406,120.254035,23.03761,交通事故,一般地址,臺南市永康區中山路段500號,2,晴,50,單路部分,路段,無號誌,車與車,起步未注意其他車(人)安全
11004ACB91B0371,20210405,120.229731,23.014681,交通事故,一般地址,臺南市永康區中華路段623號,2,晴,50,單路部分,路段,行車管制號誌,汽(機)車本身,未注意車前狀態
11004ACB91B0387,20210406,120.248582,23.026072,交通事故,交叉路口,臺南市永康區自強路段號自強路140,1,晴,30,交岔路,交叉路口,無號誌,車與車,未保持行車安全距離
11004ACB91B0389,20210406,120.252074,23.023397,交通事故,一般地址,臺南市永康區中山南路段948號0,1,晴,50,單路部分,路段,無號誌,車與車,變換車道或方向不當
11004ACB91B0390,20210406,120.234296,22.999857,交通事故,其他,臺南市永康區段號中華路23巷1號前,2,晴,50,交岔路,交叉路口,無號誌,車與車,違反特定標誌(線)禁制
11004ACB91B0395,20210406,120.255061,23.033944,交通事故,交叉路口,臺南市永康區中山路段號埔園街,3,晴,50,交岔路,交叉路口,行車管制號誌,車與車,未依規定讓車
11004ACB91B0398,20210406,120.239936,23.008539,交通事故,交叉路口,臺南市永康區中華二路段號中興街,3,晴,50,交岔路,交叉路口,行車管制號誌,車與車,未依規定讓車
11004ACB91B0407,20210406,120.255849,23.031233,交通事故,交叉路口,臺南市永康區中山路段號自強路,2,晴,50,交岔路,交叉路口,行車管制號誌,車與車,違反號誌管制或指揮
11004ACB91B0413,20210406,120.274404,23.045146,交通事故,交叉路口,臺南市永康區王行路段號自強路,1,晴,50,交岔路,交叉路口,行車管制號誌,車與車,右轉彎未依規定
11004ACB91B0418,20210406,120.251516,23.017479,交通事故,交叉路口,臺南市永康區永二街段244號永二街2448,1,晴,30,單路部分,路段,無號誌,汽(機)車本身,未保持行車安全間隔
11004ACB91B0432,20210407,120.247612,23.041645,交通事故,一般地址,臺南市永康區中正北路段321之1號,1,晴,50,交岔路,交叉路口,行車管制號誌,車與車,未保持行車安全間隔
11004ACB91B0441,20210407,120.261025,22.997471,交通事故,一般地址,臺南市永康區南興路段58號,2,晴,50,單路部分,路段,無號誌,車與車,橫越道路不慎
11004ACB91B0443,20210407,120.235533,23.043726,交通事故,交叉路口,臺南市永康區鹽洲二街段號鹽洲二街160,1,晴,50,交岔路,交叉路口,無號誌,車與車,未依規定讓車
11004ACB91B0452,20210407,120.255983,23.002792,交通事故,一般地址,臺南市永康區大灣路段942112號,1,晴,30,交岔路,交叉路口,行車管制號誌,車與車,違反號誌管制或指揮
11004ACB91B0460,20210403,120.247921,22.998635,交通事故,交叉路口,臺南市永康區高速二街段號復興路,2,晴,50,交岔路,交叉路口,行車管制號誌,車與車,違反號誌管制或指揮