案件編號,發生日期,GPS經度,GPS緯度,案件類別名稱,地址類型名稱,發生縣市名稱,受傷人數,天候名稱, 速限-第1當事者,道路型態大類別名稱,事故位置大類別名稱,號誌-號誌種類名稱,事故類型及型態大類別名稱,肇因研判子類別名稱-主要
11004ACB91B0471,20210406,120.230409,23.013776,交通事故,一般地址,臺南市永康區中華路段603號,1,晴,50,單路部分,其他,無號誌,汽(機)車本身,其他引起事故之違規或不當行為
11004ACB91B0477,20210407,120.222606,23.019993,交通事故,其他,臺南市永康區段號大武街與正新街口,1,晴,50,交岔路,交叉路口,無號誌,車與車,未依規定讓車
11004ACB91B0478,20210408,120.229951,23.014629,交通事故,交叉路口,臺南市永康區中華路段號中華路286,1,晴,50,交岔路,交叉路口,閃光號誌,車與車,迴轉未依規定
11004ACB91B0482,20210405,120.256669,23.001042,交通事故,交叉路口,臺南市永康區大仁街段號大仁街31,2,晴,50,交岔路,交叉路口,無號誌,車與車,未依規定讓車
11004ACB91B0491,20210408,120.240199,23.033091,交通事故,其他,臺南市永康區段號正南五街與中正二街口,1,晴,50,交岔路,交叉路口,行車管制號誌(附設行人專用號誌),車與車,違反特定標誌(線)禁制
11004ACB91B0502,20210408,120.239332,23.017822,交通事故,交叉路口,臺南市永康區中山南路段號東橋七路,2,晴,50,交岔路,交叉路口,行車管制號誌,車與車,尚未發現肇事因素
11004ACB91B0528,20210408,120.249755,22.998656,交通事故,其他,臺南市永康區段號復興路與復興路26巷口,1,晴,50,交岔路,交叉路口,行車管制號誌(附設行人專用號誌),車與車,未保持行車安全間隔
11004ACB91B0531,20210408,120.241368,23.039055,交通事故,其他,臺南市永康區段號新行街與新行街33巷口,3,晴,50,交岔路,交叉路口,無號誌,車與車,右轉彎未依規定
11004ACB91B0554,20210408,120.260741,23.027411,交通事故,交叉路口,臺南市永康區永康里中山北路段號永大路2,1,晴,50,交岔路,交叉路口,行車管制號誌,車與車,未依規定讓車
11004ACB91B0557,20210408,120.288895,23.017339,交通事故,其他,臺南市永康區段號高鐵橋下台南段道路(台39線2公里處),3,晴,50,單路部分,路段,無號誌,車與車,未保持行車安全間隔
11004ACB91B0558,20210409,120.221612,23.021367,交通事故,交叉路口,臺南市永康區中華路段號甲頂路,1,晴,50,交岔路,交叉路口,行車管制號誌,車與車,起步未注意其他車(人)安全
11004ACB91B0559,20210408,120.236811,23.041009,交通事故,其他,臺南市永康區段號中正南路843號前,1,晴,50,單路部分,路段,無號誌,車與車,未注意車前狀態
11004ACB91B0576,20210409,120.249258,23.010791,交通事故,其他,臺南市永康區段號高速一街二段450之5號北側50公尺處,3,晴,50,單路部分,路段,無號誌,車與車,不明原因肇事
11004ACB91B0577,20210409,120.241981,23.040514,交通事故,其他,臺南市永康區段號新行街與新民街口,2,晴,50,交岔路,交叉路口,行車管制號誌,車與車,左轉彎未依規定
11004ACB91B0632,20210409,120.25743,23.019254,交通事故,交叉路口,臺南市永康區永華路段號永興路,1,晴,50,交岔路,交叉路口,行車管制號誌,車與車,未保持行車安全間隔
11004ACB91B0635,20210409,120.239366,23.040261,交通事故,一般地址,臺南市永康區中正路段92627號,2,晴,30,單路部分,路段,無號誌,車與車,未注意車前狀態
11004ACB91B0637,20210403,120.24299,23.02007,交通事故,一般地址,臺南市永康區中山南路段363號,1,晴,50,交岔路,交叉路口,行車管制號誌(附設行人專用號誌),車與車,未保持行車安全間隔
11004ACB91B0639,20210406,120.24681,22.998542,交通事故,交叉路口,臺南市永康區復興路段號復國路,1,晴,50,單路部分,路段,無號誌,車與車,未保持行車安全間隔
11004ACB91B0640,20210402,120.236062,23.014373,交通事故,一般地址,臺南市永康區中山東路段42號,1,晴,50,單路部分,路段,無號誌,汽(機)車本身,未注意車前狀態
11004ACB91B0654,20210410,120.237489,23.006421,交通事故,其他,臺南市永康區段號中華路216巷1弄與中華路216巷35弄,2,晴,30,交岔路,交叉路口,無號誌,車與車,左轉彎未依規定
11004ACB91B0660,20210407,120.236083,23.012627,交通事故,其他,臺南市永康區段號振興路105號前,2,晴,50,交岔路,交叉路口,無號誌,汽(機)車本身,未注意車前狀態
11004ACB91B0662,20210410,120.254248,22.999319,交通事故,其他,臺南市永康區段號大灣路972號前,2,晴,50,交岔路,路段,無號誌,車與車,起步未注意其他車(人)安全
11004ACB91B0672,20210406,120.259148,23.018313,交通事故,交叉路口,臺南市永康區永大二路段號永興路,1,晴,50,交岔路,交叉路口,行車管制號誌,車與車,違反號誌管制或指揮
11004ACB91B0674,20210410,120.249759,23.022094,交通事故,交叉路口,臺南市永康區中山南路段號高速二街,1,晴,50,交岔路,交叉路口,行車管制號誌,車與車,未依規定讓車
11004ACB91B0679,20210406,120.244312,23.005422,交通事故,交叉路口,臺南市永康區復華一街段號復華一街66,2,晴,50,交岔路,交叉路口,無號誌,車與車,未注意車前狀態
11004ACB91B0682,20210402,120.234095,23.035869,交通事故,其他,臺南市永康區段號鹽和街與鹽和街282巷,1,晴,50,交岔路,交叉路口,無號誌,車與車,違反特定標誌(線)禁制
11004ACB91B0685,20210410,120.246283,23.007842,交通事故,交叉路口,臺南市永康區復國一路段號復華二街,2,晴,50,交岔路,交叉路口,閃光號誌,車與車,未依規定讓車
11004ACB91B0690,20210410,120.244932,23.038895,交通事故,其他,臺南市永康區段號中正三街175號,1,晴,50,單路部分,路段,無號誌,車與車,未注意車前狀態
11004ACB91B0703,20210410,120.222487,23.027369,交通事故,其他,臺南市永康區段號中正南路246號旁,1,晴,50,單路部分,路段,無號誌,車與車,不明原因肇事
11004ACB91B0704,20210410,120.223091,23.020592,交通事故,交叉路口,臺南市永康區中華路段號大武街,2,晴,30,交岔路,交叉路口,行車管制號誌,車與車,違反號誌管制或指揮
11004ACB91B0716,20210410,120.246989,22.998549,交通事故,交叉路口,臺南市永康區復興里復興路段號復國路,1,晴,50,單路部分,路段,無號誌,車與車,變換車道或方向不當
11004ACB91B0721,20210410,120.235314,23.002913,交通事故,一般地址,臺南市永康區中華路段108號,1,晴,50,單路部分,路段,無號誌,車與車,右轉彎未依規定
11004ACB91B0723,20210409,120.218288,23.023579,交通事故,交叉路口,臺南市永康區中華路段號中正南路,1,晴,50,交岔路,交叉路口,行車管制號誌(附設行人專用號誌),車與車,未保持行車安全距離
11004ACB91B0728,20210411,120.23527,23.00471,交通事故,一般地址,臺南市永康區中華路段199號,1,晴,50,單路部分,路段,無號誌,車與車,起步未注意其他車(人)安全
11004ACB91B0736,20210410,120.234249,23.004057,交通事故,其他,臺南市永康區段號中華一路181巷8號前,1,晴,30,單路部分,路段,無號誌,汽(機)車本身,不明原因肇事
11004ACB91B0738,20210410,120.230618,23.012071,交通事故,其他,臺南市永康區段號新興街與六合路,1,晴,50,交岔路,交叉路口,無號誌,車與車,未依規定讓車
11004ACB91B0749,20210409,120.25221,23.023453,交通事故,一般地址,臺南市永康區中山南路段948號,3,晴,50,單路部分,路段,閃光號誌,車與車,未保持行車安全距離
11004ACB91B0750,20210411,120.241362,23.000639,交通事故,交叉路口,臺南市永康區忠孝路段6號忠孝路625,2,晴,30,交岔路,交叉路口,無號誌,車與車,未依規定讓車
11004ACB91B0751,20210411,120.231613,23.020426,交通事故,其他,臺南市永康區段號大橋一街247巷與大橋一街223巷6弄口,1,晴,30,交岔路,交叉路口,無號誌,車與車,未依規定讓車
11004ACB91B0754,20210408,120.246409,23.010005,交通事故,其他,臺南市永康區段號復國一路301號,2,晴,50,單路部分,路段,無號誌,車與車,起步未注意其他車(人)安全
11004ACB91B0758,20210409,120.234977,23.039534,交通事故,其他,臺南市永康區段號中正南路、鹽忠街口,1,晴,50,交岔路,交叉路口,無號誌,車與車,未依規定讓車
11004ACB91B0761,20210407,120.257991,23.000009,交通事故,其他,臺南市永康區段號大灣路與崑山街,1,晴,50,交岔路,交叉路口,行車管制號誌,車與車,未依規定讓車
11004ACB91B0762,20210411,120.25922,23.004391,交通事故,其他,臺南市永康區段號崑山街191號,1,晴,30,單路部分,路段,無號誌,車與車,迴轉未依規定
11004ACB91B0763,20210410,120.277205,23.036902,交通事故,其他,臺南市永康區段號永科七路、永科環路,1,晴,50,單路部分,路段,無號誌,車與車,酒醉(後)駕駛失控
11004ACB91B0765,20210411,120.228958,23.014903,交通事故,一般地址,臺南市永康區中華路段6192215號,1,晴,50,交岔路,交叉路口,無號誌,車與車,未注意車前狀態
11004ACB91B0770,20210411,120.233092,23.023216,交通事故,其他,臺南市永康區段號東橋三路428號,1,晴,50,單路部分,路段,無號誌,車與車,未依規定讓車
11004ACB91B0772,20210411,120.256987,22.999798,交通事故,其他,臺南市永康區段號大灣路與大仁街口,1,晴,50,交岔路,交叉路口,行車管制號誌(附設行人專用號誌),車與車,未依規定讓車
11004ACB91B0774,20210408,120.250916,23.019505,交通事故,其他,臺南市永康區段號高速一街二段(近永二街244巷62弄口),2,晴,40,單路部分,路段,無號誌,車與車,未保持行車安全距離
11004ACB91B0775,20210410,120.265249,23.00272,交通事故,其他,臺南市永康區段號大灣路437-1號對面,1,晴,50,單路部分,路段,無號誌,車與車,左轉彎未依規定
11004ACB91B0780,20210410,120.268301,23.001972,交通事故,其他,臺南市永康區段號大灣一街與大灣二街,3,晴,30,交岔路,交叉路口,閃光號誌,車與車,未依規定讓車
11004ACB91B0782,20210410,120.236644,23.012749,交通事故,其他,臺南市永康區段號中山東路與振興路,1,晴,50,交岔路,交叉路口,無號誌,汽(機)車本身,其他引起事故之違規或不當行為
11004ACB91B0793,20210411,120.24164,23.019152,交通事故,一般地址,臺南市永康區中山南路段586號,1,晴,50,單路部分,路段,無號誌,車與車,酒醉(後)駕駛失控
11004ACB91B0794,20210411,120.271436,23.053604,交通事故,交叉路口,臺南市永康區中正北路段號和平東路,1,晴,50,交岔路,交叉路口,行車管制號誌,車與車,違反號誌管制或指揮
11004ACB91B0802,20210411,120.276376,23.057836,交通事故,其他,臺南市永康區段號中正北路豐化橋前,2,晴,70,單路部分,路段,無號誌,人與汽(機)車,其他引起事故之疏失或行為
11004ACB91B0817,20210411,120.22573,23.018767,交通事故,交叉路口,臺南市永康區中華路段號大橋三街,1,晴,50,交岔路,交叉路口,行車管制號誌(附設行人專用號誌),車與車,右轉彎未依規定
11004ACB91B0827,20210412,120.262454,23.017547,交通事故,一般地址,臺南市永康區永大路2段627號,1,晴,50,交岔路,交叉路口,無號誌,汽(機)車本身,不明原因肇事
11004ACB91B0842,20210412,120.251512,22.99838,交通事故,其他,臺南市永康區段號崑大路205號前,1,晴,50,交岔路,交叉路口,行車管制號誌,汽(機)車本身,其他引起事故之違規或不當行為
11004ACB91B0863,20210412,120.280924,23.031892,交通事故,其他,臺南市永康區段號中山北路與永科王田大道,1,晴,50,交岔路,交叉路口,行車管制號誌,車與車,左轉彎未依規定
11004ACB91B0866,20210412,120.252773,23.029092,交通事故,交叉路口,臺南市永康區自強路段號自強路330,2,晴,50,交岔路,交叉路口,行車管制號誌,車與車,未保持行車安全間隔
11004ACB91B0874,20210412,120.237749,23.008415,交通事故,交叉路口,臺南市永康區中山東路段號中華二路,1,晴,50,交岔路,交叉路口,行車管制號誌,汽(機)車本身,其他引起事故之違規或不當行為
11004ACB91B0882,20210412,120.268317,23.001913,交通事故,交叉路口,臺南市永康區大灣二街段號大灣一街,1,晴,50,交岔路,交叉路口,行車管制號誌,車與車,未依規定讓車
11004ACB91B0883,20210412,120.265972,23.049179,交通事故,一般地址,臺南市永康區中正北路段838號,2,晴,70,交岔路,交叉路口,行車管制號誌,車與車,未保持行車安全距離
11004ACB91B0885,20210412,120.23562,23.037967,交通事故,一般地址,臺南市永康區正南五街段389號,2,晴,50,單路部分,路段,無號誌,車與車,橫越道路不慎
11004ACB91B0886,20210412,120.233561,23.014541,交通事故,其他,臺南市永康區段號中山南路193號前,1,晴,50,交岔路,交叉路口,行車管制號誌,車與車,未注意車前狀態
11004ACB91B0889,20210412,120.237256,23.020527,交通事故,一般地址,臺南市永康區東橋七路段161號,1,晴,50,單路部分,路段,無號誌,車與車,未注意車前狀態
11004ACB91B0890,20210412,120.238677,23.018573,交通事故,其他,臺南市永康區段號東橋七路1079號路燈附近,1,晴,50,單路部分,路段,無號誌,車與車,未保持行車安全距離
11004ACB91B0898,20210413,120.23988,23.041418,交通事故,一般地址,臺南市永康區中正北路段56號,1,晴,50,交岔路,交叉路口,無號誌,車與車,未保持行車安全距離
11004ACB91B0904,20210413,120.248709,23.052029,交通事故,其他,臺南市永康區段號三民街52號前,2,晴,50,單路部分,路段,無號誌,車與車,其他引起事故之違規或不當行為
11004ACB91B0924,20210402,120.269009,23.011701,交通事故,交叉路口,臺南市永康區大灣七街段號大灣七街111,1,晴,50,交岔路,交叉路口,無號誌,車與車,違規超車
11004ACB91B0926,20210413,120.256109,23.003218,交通事故,其他,臺南市永康區段號大灣路942巷與大仁街107巷,2,晴,30,交岔路,交叉路口,無號誌,車與車,未保持行車安全距離
11004ACB91B0927,20210413,120.257693,23.003189,交通事故,其他,臺南市永康區段號大仁街114巷與國光二街70巷,2,晴,30,交岔路,交叉路口,無號誌,車與車,未依規定讓車
11004ACB91B0938,20210412,120.281119,23.020778,交通事故,一般地址,臺南市永康區西勢路段19號,2,晴,50,交岔路,交叉路口,閃光號誌,車與車,起步未注意其他車(人)安全
11004ACB91B0941,20210412,120.251001,22.99849,交通事故,一般地址,臺南市永康區崑大路段255號,1,晴,50,單路部分,路段,無號誌,車與車,酒醉(後)駕駛失控
11004ACB91B0954,20210413,120.266075,23.035446,交通事故,其他,臺南市永康區段號龍橋街59號前,2,晴,50,交岔路,交叉路口,行車管制號誌,車與車,未注意車前狀態
11004ACB91B0959,20210413,120.241197,23.01895,交通事故,一般地址,臺南市永康區中山南路段570號,1,晴,50,交岔路,交叉路口,行車管制號誌,車與車,違規超車
11004ACB91B0973,20210414,120.23399,23.018375,交通事故,交叉路口,臺南市永康區東橋一路段號東橋一路180,1,晴,50,交岔路,交叉路口,無號誌,車與車,起步未注意其他車(人)安全
11004ACB91B0975,20210414,120.242198,23.043909,交通事故,交叉路口,臺南市永康區新行街段號仁愛街108,2,晴,50,交岔路,交叉路口,無號誌,汽(機)車本身,未注意車前狀態
11004ACB91B0991,20210409,120.248861,23.008897,交通事故,其他,臺南市永康區段號台南市永康區高速一街與大灣路942巷371弄口,1,晴,50,交岔路,交叉路口,行車管制號誌,車與車,未依規定讓車
11004ACB91B0994,20210414,120.241688,23.008761,交通事故,交叉路口,臺南市永康區復華三街段號中華二路,2,晴,50,交岔路,交叉路口,行車管制號誌,車與車,左轉彎未依規定
11004ACB91B0995,20210414,120.229714,23.001857,交通事故,交叉路口,臺南市永康區勝利街段2號勝利街248,3,晴,30,交岔路,交叉路口,無號誌,車與車,未依規定讓車
11004ACB91B1001,20210404,120.236857,23.024883,交通事故,其他,臺南市永康區段號東橋十街與東橋時一路口附近,1,晴,50,單路部分,路段,無號誌,車與車,不明原因肇事
11004ACB91B1002,20210414,120.241565,23.040614,交通事故,交叉路口,臺南市永康區新民街段號新民街778,1,晴,50,交岔路,交叉路口,無號誌,車與車,未依規定讓車
11004ACB91B1003,20210411,120.239985,23.003407,交通事故,一般地址,臺南市永康區神洲里忠孝路段74號,2,晴,50,單路部分,路段,閃光號誌,人與汽(機)車,未注意車前狀態
11004ACB91B1005,20210414,120.2183,23.023595,交通事故,交叉路口,臺南市永康區中華路段號中正南路,1,晴,50,交岔路,交叉路口,行車管制號誌,車與車,未保持行車安全間隔
11004ACB91B1026,20210414,120.231404,23.01342,交通事故,一般地址,臺南市永康區中山南路段152-6號,1,晴,50,單路部分,路段,無號誌,車與車,未保持行車安全間隔
11004ACB91B1034,20210413,120.247135,23.013696,交通事故,交叉路口,臺南市永康區國華街段號國華街93,2,晴,30,交岔路,交叉路口,無號誌,車與車,未依規定讓車
11004ACB91B1056,20210415,120.238842,23.017498,交通事故,交叉路口,臺南市永康區中山南路段號中山南路347,2,晴,50,交岔路,交叉路口,行車管制號誌,車與車,違反號誌管制或指揮
11004ACB91B1061,20210415,120.224979,23.019151,交通事故,一般地址,臺南市永康區中華路段811號,2,晴,50,單路部分,路段,無號誌,車與車,逆向行駛
11004ACB91B1064,20210415,120.245126,23.044997,交通事故,一般地址,臺南市永康區永安路段139號,1,晴,50,單路部分,路段,無號誌,汽(機)車本身,未保持行車安全距離
11004ACB91B1065,20210412,120.227899,23.012532,交通事故,交叉路口,臺南市永康區中山南路段號中華西街,1,晴,50,交岔路,交叉路口,行車管制號誌,車與車,未依規定讓車
11004ACB91B1069,20210415,120.247729,23.009622,交通事故,交叉路口,臺南市永康區復國二路段號復國二路16,2,晴,40,交岔路,交叉路口,無號誌,車與車,未依規定讓車
11004ACB91B1074,20210414,120.236163,23.015731,交通事故,交叉路口,臺南市永康區中山南路段號東橋一路,1,晴,50,交岔路,交叉路口,行車管制號誌,車與車,左轉彎未依規定
11004ACB91B1084,20210415,120.237686,23.039452,交通事故,其他,臺南市永康區段號中正六街210號前,1,晴,30,單路部分,路段,無號誌,車與車,未依規定讓車
11004ACB91B1086,20210415,120.228662,23.016391,交通事故,一般地址,臺南市永康區中華路段691號,1,晴,40,單路部分,路段,無號誌,車與車,右轉彎未依規定
11004ACB91B1095,20210415,120.228584,23.011654,交通事故,其他,臺南市永康區段號新興街10-2號前,1,晴,30,交岔路,路段,無號誌,車與車,未注意車前狀態
11004ACB91B1136,20210413,120.266,23.004132,交通事故,交叉路口,臺南市永康區大灣路段號大灣路798,1,晴,50,交岔路,交叉路口,無號誌,車與車,未依規定讓車
11004ACB91B1142,20210413,120.262108,23.027574,交通事故,其他,臺南市永康區段號中山北路206號對面,2,晴,50,單路部分,路段,無號誌,車與車,未注意車前狀態
11004ACB91B1147,20210416,120.235041,22.998636,交通事故,其他,臺南市永康區段號小東路473號前,1,晴,50,交岔路,交叉路口,行車管制號誌,車與車,未注意車前狀態
11004ACB91B1168,20210416,120.21564,23.021478,交通事故,一般地址,臺南市永康區小北路段56號,1,晴,50,交岔路,交叉路口,無號誌,車與車,未依規定讓車
11004ACB91B1170,20210416,120.273401,23.05251,交通事故,一般地址,臺南市永康區王行里王行路段1154號,2,晴,50,單路部分,路段,無號誌,人與汽(機)車,未依標誌、標線、號誌或手勢指揮穿越道路
11004ACB91B1176,20210416,120.236163,23.015731,交通事故,其他,臺南市永康區段號中山南路與東橋一路,1,晴,50,交岔路,交叉路口,行車管制號誌,車與車,右轉彎未依規定
11004ACB91B1183,20210416,120.234046,23.008188,交通事故,一般地址,臺南市永康區中華路段339號,2,晴,50,單路部分,路段,無號誌,車與車,未保持行車安全間隔
11004ACB91B1184,20210413,120.252698,23.023751,交通事故,交叉路口,臺南市永康區中山南路段號正強街,1,晴,50,交岔路,交叉路口,行車管制號誌,車與車,違反號誌管制或指揮
11004ACB91B1196,20210415,120.246356,22.999733,交通事故,交叉路口,臺南市永康區復國路段號復國路53,1,晴,50,交岔路,交叉路口,行車管制號誌(附設行人專用號誌),汽(機)車本身,未注意車前狀態
11004ACB91B1206,20210416,120.229722,23.014707,交通事故,其他,臺南市永康區段號中華路625號前,1,晴,50,交岔路,交叉路口,行車管制號誌,車與車,未保持行車安全間隔
11004ACB91B1217,20210416,120.25971,23.000688,交通事故,一般地址,臺南市永康區永大路2段44349號,3,晴,50,單路部分,路段,無號誌,車與車,起步未注意其他車(人)安全
11004ACB91B1225,20210416,120.260553,23.027362,交通事故,交叉路口,臺南市永康區永大路3段號中山北路,1,晴,50,交岔路,交叉路口,行車管制號誌,汽(機)車本身,未保持行車安全距離
11004ACB91B1233,20210416,120.241991,23.040512,交通事故,交叉路口,臺南市永康區新行街段號新民街,1,晴,50,交岔路,交叉路口,行車管制號誌,車與車,未注意車前狀態
11004ACB91B1235,20210416,120.264466,23.032135,交通事故,一般地址,臺南市永康區龍國街段287號,1,晴,50,單路部分,路段,無號誌,車與車,橫越道路不慎
11004ACB91B1240,20210416,120.233858,23.008473,交通事故,交叉路口,臺南市永康區中華路段號中華二路,2,晴,50,交岔路,交叉路口,行車管制號誌,車與車,違反號誌管制或指揮
11004ACB91B1247,20210413,120.230371,23.01388,交通事故,其他,臺南市永康區段號中華路與中山南路119巷口,1,晴,50,交岔路,交叉路口,無號誌,車與車,未保持行車安全距離
11004ACB91B1249,20210416,120.239379,23.017865,交通事故,交叉路口,臺南市永康區中山南路段號東橋七路,1,晴,50,單路部分,路段,行車管制號誌,車與車,未保持行車安全間隔
11004ACB91B1252,20210416,120.263259,23.000291,交通事故,交叉路口,臺南市永康區南灣里大灣路段537號南興路112,3,晴,30,交岔路,交叉路口,無號誌,車與車,未依規定讓車
11004ACB91B1254,20210416,120.258692,23.013718,交通事故,交叉路口,臺南市永康區永華路段號永榮一街,1,晴,50,交岔路,交叉路口,閃光號誌,車與車,未依規定讓車
11004ACB91B1257,20210417,120.243807,23.035284,交通事故,交叉路口,臺南市永康區中正路段號中正二街,2,晴,50,交岔路,交叉路口,行車管制號誌,車與車,左轉彎未依規定
11004ACB91B1258,20210416,120.246285,23.007856,交通事故,交叉路口,臺南市永康區復華二街段號復國一路,2,晴,50,交岔路,交叉路口,閃光號誌,車與車,未依規定讓車
11004ACB91B1259,20210417,120.275928,23.020743,交通事故,交叉路口,臺南市永康區西勢路段號西勢路237,1,晴,50,交岔路,交叉路口,無號誌,車與車,逆向行駛
11004ACB91B1265,20210417,120.225416,23.018266,交通事故,交叉路口,臺南市永康區大橋三街段57號大橋三街,2,晴,50,交岔路,路段,無號誌,車與車,違規停車或暫停不當而肇事
11004ACB91B1274,20210417,120.23523,23.004716,交通事故,一般地址,臺南市永康區中華路段199號0,1,晴,50,單路部分,路段,無號誌,車與車,未注意車前狀態
11004ACB91B1277,20210414,120.25974,23.032644,交通事故,交叉路口,臺南市永康區永大路3段號龍國街,1,晴,50,交岔路,交叉路口,行車管制號誌,車與車,違反號誌管制或指揮
11004ACB91B1278,20210416,120.259555,23.010481,交通事故,交叉路口,臺南市永康區西灣里永華路段號永華路201,2,晴,30,交岔路,交叉路口,無號誌,車與車,未依規定讓車
11004ACB91B1279,20210417,120.245677,23.010399,交通事故,交叉路口,臺南市永康區復國一路段315號復華五街55,1,晴,30,交岔路,路段,閃光號誌,車與車,未依規定讓車
11004ACB91B1290,20210417,120.254487,23.035898,交通事故,一般地址,臺南市永康區中山路段351號0,2,晴,50,單路部分,路段,無號誌,車與車,起步未注意其他車(人)安全
11004ACB91B1296,20210416,120.247918,22.998616,交通事故,其他,臺南市永康區段號復興路與高速二街口,2,晴,50,交岔路,交叉路口,行車管制號誌,車與車,未注意車前狀態
11004ACB91B1299,20210405,120.240238,23.050602,交通事故,其他,臺南市永康區段號永安路與河堤道路,2,晴,50,交岔路,交叉路口,行車管制號誌,車與車,未依規定讓車
11004ACB91B1301,20210417,120.249574,22.998859,交通事故,一般地址,臺南市永康區復興路段28號,1,晴,50,交岔路,交叉路口,行車管制號誌,人與汽(機)車,未依規定行走行人穿越道、地下道、天橋而穿越道路
11004ACB91B1310,20210411,120.245774,23.014203,交通事故,一般地址,臺南市永康區復國一路段448號,1,晴,50,單路部分,路段,無號誌,車與車,橫越道路不慎
11004ACB91B1311,20210415,120.224108,23.019491,交通事故,一般地址,臺南市永康區中華路段8931號,2,晴,30,單路部分,路段,無號誌,車與車,未注意車前狀態
11004ACB91B1312,20210416,120.237811,23.035978,交通事故,其他,臺南市永康區段號正南五街南應大後門附近,1,晴,50,交岔路,交叉路口,閃光號誌,車與車,迴轉未依規定
11004ACB91B1315,20210401,120.238742,23.002022,交通事故,交叉路口,臺南市永康區中華路段58號中華路58,1,晴,30,交岔路,交叉路口,閃光號誌,車與車,未依規定讓車
11004ACB91B1322,20210401,120.232981,23.024997,交通事故,一般地址,臺南市永康區東橋一路段546號,2,晴,50,交岔路,交叉路口,無號誌,車與車,未依規定讓車
11004ACB91B1327,20210417,120.237233,23.010577,交通事故,一般地址,臺南市永康區中山東路段272號,1,晴,50,單路部分,路段,無號誌,車與車,迴轉未依規定
11004ACB91B1332,20210403,120.278976,23.02048,交通事故,一般地址,臺南市永康區廣盛街段190號,1,晴,50,單路部分,路段,無號誌,車與車,未保持行車安全間隔
11004ACB91B1334,20210417,120.245379,22.998545,交通事故,其他,臺南市永康區段號復興路162號對面,1,晴,50,單路部分,路段,無號誌,車與車,未注意車前狀態
11004ACB91B1336,20210406,120.239958,23.006979,交通事故,交叉路口,臺南市永康區中興街段號中興街91,2,晴,30,交岔路,交叉路口,無號誌,車與車,未依規定讓車
11004ACB91B1337,20210416,120.218717,23.023121,交通事故,其他,臺南市永康區段號中華路995-1號前,1,晴,50,單路部分,路段,無號誌,車與車,未依規定讓車
11004ACB91B1338,20210414,120.279935,23.035651,交通事故,交叉路口,臺南市永康區永科王田大道段號永科環路,2,晴,50,交岔路,交叉路口,閃光號誌,車與車,未依規定讓車
11004ACB91B1344,20210402,120.235166,23.003586,交通事故,交叉路口,臺南市永康區中華路段號中華路155,1,晴,50,交岔路,交叉路口,行車管制號誌,車與車,未保持行車安全間隔
11004ACB91B1357,20210406,120.242698,23.036263,交通事故,交叉路口,臺南市永康區中正路段號中正三街,1,晴,50,交岔路,交叉路口,行車管制號誌,汽(機)車本身,未注意車前狀態
11004ACB91B1358,20210407,120.244396,23.02022,交通事故,一般地址,臺南市永康區中山南路段690號,2,晴,50,交岔路,交叉路口,無號誌,車與車,未保持行車安全距離
11004ACB91B1363,20210418,120.266137,23.008063,交通事故,交叉路口,臺南市永康區民族路段396號民族路,2,晴,30,交岔路,交叉路口,行車管制號誌,車與車,違反號誌管制或指揮
11004ACB91B1366,20210407,120.223805,23.03192,交通事故,一般地址,臺南市永康區國聖街段8121號,1,晴,30,單路部分,路段,無號誌,車與車,倒車未依規定
11004ACB91B1369,20210418,120.259531,23.010471,交通事故,交叉路口,臺南市永康區永華路段號永華路201,1,晴,50,交岔路,交叉路口,無號誌,車與車,未依規定讓車
11004ACB91B1371,20210418,120.24668,23.01225,交通事故,交叉路口,臺南市永康區復華六街段號復華六街67,2,晴,50,交岔路,交叉路口,無號誌,車與車,未依規定讓車
11004ACB91B1373,20210418,120.256492,23.000587,交通事故,交叉路口,臺南市永康區大仁街段11號大仁街115,2,晴,30,單路部分,路段,無號誌,車與車,起步未注意其他車(人)安全
11004ACB91B1383,20210418,120.25055,23.031077,交通事故,其他,臺南市永康區段號中正路與中正路256巷,1,晴,50,交岔路,交叉路口,行車管制號誌,車與車,未注意車前狀態
11004ACB91B1397,20210418,120.224449,23.029271,交通事故,交叉路口,臺南市永康區中正南路段號正南一街,2,晴,50,交岔路,交叉路口,行車管制號誌,車與車,未依規定讓車
11004ACB91B1400,20210418,120.250661,23.000724,交通事故,其他,臺南市永康區段號大灣路與大灣路1102巷,1,晴,50,交岔路,交叉路口,行車管制號誌,車與車,違反號誌管制或指揮
11004ACB91B1401,20210418,120.28565,23.03351,交通事故,其他,臺南市永康區段號中山北路開運橋(西向東第三燈桿附近),2,晴,50,單路部分,路段,無號誌,汽(機)車本身,未注意車前狀態
11004ACB91B1403,20210416,120.234676,23.042914,交通事故,交叉路口,臺南市永康區鹽洲二街段號鹽行路95,2,晴,30,交岔路,交叉路口,無號誌,車與車,未依規定讓車
11004ACB91B1404,20210417,120.233775,22.999061,交通事故,交叉路口,臺南市永康區中華路段23號中華路7,3,晴,30,交岔路,交叉路口,無號誌,車與車,未依規定讓車
11004ACB91B1405,20210411,120.247966,23.041708,交通事故,其他,臺南市永康區段號中正北路與中正北路318巷口,1,晴,50,交岔路,交叉路口,行車管制號誌,車與車,左轉彎未依規定