案件編號,發生日期,GPS經度,GPS緯度,案件類別名稱,地址類型名稱,發生縣市名稱,受傷人數,天候名稱, 速限-第1當事者,道路型態大類別名稱,事故位置大類別名稱,號誌-號誌種類名稱,事故類型及型態大類別名稱,肇因研判子類別名稱-主要
11004ACB91B1411,20210406,120.257495,23.025711,交通事故,交叉路口,臺南市永康區中山北路段號中山路,1,晴,50,交岔路,交叉路口,行車管制號誌,車與車,未保持行車安全間隔
11004ACB91B1419,20210418,120.236088,23.014248,交通事故,交叉路口,臺南市永康區中山東路段號五福街,2,晴,50,交岔路,交叉路口,無號誌,車與車,未依規定讓車
11004ACB91B1426,20210408,120.249481,23.021699,交通事故,其他,臺南市永康區段號中山南路928號,1,晴,50,單路部分,路段,無號誌,車與車,違反特定標誌(線)禁制
11004ACB91B1439,20210419,120.269871,23.038971,交通事故,交叉路口,臺南市永康區自強路段888號育樂街104,2,晴,30,交岔路,交叉路口,無號誌,車與車,未依規定讓車
11004ACB91B1460,20210408,120.259996,22.998226,交通事故,一般地址,臺南市永康區大灣東路段26號,1,晴,40,交岔路,交叉路口,無號誌,車與車,未注意車前狀態
11004ACB91B1461,20210419,120.253348,22.999131,交通事故,其他,臺南市永康區段號大灣路1012號前,1,晴,50,交岔路,交叉路口,行車管制號誌,車與車,未注意車前狀態
11004ACB91B1464,20210419,120.24652,23.011906,交通事故,其他,臺南市永康區段號復國一路349號前,1,晴,50,交岔路,交叉路口,無號誌,車與車,未注意車前狀態
11004ACB91B1467,20210403,120.266258,23.001067,交通事故,其他,臺南市永康區段號大灣一街與大灣二街71巷口,2,晴,30,交岔路,交叉路口,閃光號誌,車與車,未依規定讓車
11004ACB91B1490,20210419,120.242212,23.044424,交通事故,一般地址,臺南市永康區新行街段272號,2,晴,50,單路部分,路段,無號誌,人與汽(機)車,不明原因肇事
11004ACB91B1506,20210420,120.229951,23.014629,交通事故,交叉路口,臺南市永康區中華路段號中華路155,2,晴,50,交岔路,交叉路口,行車管制號誌,車與車,酒醉(後)駕駛失控
11004ACB91B1516,20210415,120.229493,23.012984,交通事故,一般地址,臺南市永康區中山南路段106之9號,1,晴,50,單路部分,路段,無號誌,人與汽(機)車,其他引起事故之疏失或行為
11004ACB91B1519,20210420,120.257071,22.99374,交通事故,一般地址,臺南市永康區南興路段344531號,2,晴,50,單路部分,路段,無號誌,車與車,未保持行車安全間隔
11004ACB91B1532,20210420,120.253771,23.024391,交通事故,交叉路口,臺南市永康區中山南路段號永平街45,2,晴,50,交岔路,交叉路口,無號誌,車與車,未依規定讓車
11004ACB91B1540,20210420,120.252068,23.02336,交通事故,一般地址,臺南市永康區中山南路段948號,2,晴,50,單路部分,其他,行車管制號誌,車與車,違反號誌管制或指揮
11004ACB91B1549,20210420,120.228055,23.024928,交通事故,交叉路口,臺南市永康區正南一街段92號正南一街,1,晴,50,交岔路,交叉路口,閃光號誌,車與車,左轉彎未依規定
11004ACB91B1555,20210415,120.238926,23.039881,交通事故,一般地址,臺南市永康區?行里中正路段928號,2,晴,50,單路部分,路段,無號誌,車與車,迴轉未依規定
11004ACB91B1556,20210401,120.226463,23.011482,交通事故,交叉路口,臺南市永康區中山南路段號新興街,1,晴,50,交岔路,交叉路口,行車管制號誌,車與車,違反號誌管制或指揮
11004ACB91B1557,20210408,120.251726,23.016067,交通事故,交叉路口,臺南市永康區永二街段號永二街196,1,晴,50,交岔路,交叉路口,無號誌,車與車,未依規定讓車
11004ACB91B1559,20210402,120.23268,23.019866,交通事故,交叉路口,臺南市永康區東橋一路段號大橋一街,1,晴,50,交岔路,交叉路口,行車管制號誌,車與車,未依規定讓車
11004ACB91B1560,20210402,120.260682,23.027435,交通事故,交叉路口,臺南市永康區中山北路段號永大路3,1,晴,50,交岔路,交叉路口,行車管制號誌,車與車,右轉彎未依規定
11004ACB91B1561,20210403,120.245573,23.020526,交通事故,交叉路口,臺南市永康區中山南路段號永二街447,2,晴,50,交岔路,交叉路口,行車管制號誌,車與車,未注意車前狀態
11004ACB91B1563,20210406,120.245459,22.998539,交通事故,交叉路口,臺南市永康區復興路段號復興路128,1,晴,50,交岔路,交叉路口,行車管制號誌,車與車,未保持行車安全間隔
11004ACB91B1564,20210420,120.234572,23.014703,交通事故,一般地址,臺南市永康區中山南路段193號,2,晴,50,單路部分,其他,行車管制號誌,車與車,未保持行車安全距離
11004ACB91B1565,20210407,120.252377,23.033228,交通事故,交叉路口,臺南市永康區四維街段號埔園街,2,晴,50,交岔路,交叉路口,行車管制號誌,車與車,右轉彎未依規定
11004ACB91B1566,20210407,120.23749,23.00076,交通事故,交叉路口,臺南市永康區華興街段號小東路591,2,晴,50,交岔路,交叉路口,無號誌,車與車,右轉彎未依規定
11004ACB91B1567,20210409,120.261765,23.045882,交通事故,交叉路口,臺南市永康區中正北路段號龍橋街,2,晴,50,交岔路,交叉路口,行車管制號誌,車與車,未依規定讓車
11004ACB91B1568,20210408,120.235758,23.015463,交通事故,交叉路口,臺南市永康區中山南路段號中山南路231,1,晴,50,交岔路,交叉路口,行車管制號誌,車與車,未注意車前狀態
11004ACB91B1569,20210409,120.2479,22.99853,交通事故,其他,臺南市永康區段號復興路與高速二街口,2,晴,40,交岔路,交叉路口,行車管制號誌,車與車,其他引起事故之違規或不當行為
11004ACB91B1570,20210409,120.242505,23.041704,交通事故,一般地址,臺南市永康區中正北路段167號,1,晴,50,單路部分,路段,無號誌,車與車,右轉彎未依規定
11004ACB91B1571,20210412,120.238131,23.00732,交通事故,交叉路口,臺南市永康區中山東路段號中興街69,2,晴,50,交岔路,交叉路口,無號誌,車與車,未注意車前狀態
11004ACB91B1576,20210413,120.247264,23.00406,交通事故,交叉路口,臺南市永康區復國二路段號復國二路38,1,晴,50,交岔路,交叉路口,無號誌,車與車,未依規定減速
11004ACB91B1578,20210413,120.234874,22.999843,交通事故,交叉路口,臺南市永康區中華路段號中華路10,2,晴,50,交岔路,交叉路口,行車管制號誌,車與車,未注意車前狀態
11004ACB91B1580,20210420,120.243619,23.019272,交通事故,其他,臺南市永康區段號忠孝路與忠孝路450巷口,2,晴,30,交岔路,交叉路口,無號誌,車與車,未依規定讓車
11004ACB91B1582,20210420,120.256719,23.036936,交通事故,交叉路口,臺南市永康區八德街段1405號八德街140,1,晴,30,交岔路,交叉路口,無號誌,汽(機)車本身,其他引起事故之違規或不當行為
11004ACB91B1585,20210412,120.245835,23.012367,交通事故,交叉路口,臺南市永康區復華六街段號復華七街32,1,晴,30,交岔路,交叉路口,無號誌,汽(機)車本身,其他引起事故之違規或不當行為
11004ACB91B1587,20210419,120.241725,23.008801,交通事故,其他,臺南市永康區段號復華三街與忠孝路口,1,晴,50,交岔路,交叉路口,行車管制號誌,車與車,未注意車前狀態
11004ACB91B1591,20210407,120.241743,23.010057,交通事故,其他,臺南市永康區段號復國里忠孝路(永康區路燈1173號前),1,晴,50,單路部分,路段,無號誌,車與車,逆向行駛
11004ACB91B1600,20210413,120.215964,23.023304,交通事故,交叉路口,臺南市永康區中華路段號中央路,1,晴,50,交岔路,交叉路口,行車管制號誌,車與車,未依規定讓車
11004ACB91B1607,20210415,120.273057,23.035783,交通事故,交叉路口,臺南市永康區王行里王行路段號王行路254,1,晴,30,交岔路,交叉路口,無號誌,車與車,未注意車前狀態
11004ACB91B1608,20210419,120.236896,23.021858,交通事故,其他,臺南市永康區段號東橋七路199號前,1,晴,50,單路部分,路段,無號誌,汽(機)車本身,未注意車前狀態
11004ACB91B1611,20210410,120.246509,23.01174,交通事故,一般地址,臺南市永康區復國一路段341號,2,晴,50,交岔路,交叉路口,無號誌,車與車,未依規定讓車
11004ACB91B1614,20210420,120.234863,23.000805,交通事故,其他,臺南市永康區段號中華路、華興街口,1,晴,50,交岔路,交叉路口,行車管制號誌,車與車,未注意車前狀態
11004ACB91B1615,20210415,120.244823,23.020198,交通事故,交叉路口,臺南市永康區中山南路段號永二街,2,晴,50,交岔路,交叉路口,行車管制號誌,車與車,起步未注意其他車(人)安全
11004ACB91B1636,20210420,120.26306,23.04218,交通事故,一般地址,臺南市永康區龍橋街段386號,2,晴,50,交岔路,交叉路口,無號誌,人與汽(機)車,穿越道路未注意左右來車
11004ACB91B1641,20210409,120.236567,23.013248,交通事故,一般地址,臺南市永康區中山東路段89號,2,晴,50,單路部分,路段,無號誌,人與汽(機)車,未注意車前狀態
11004ACB91B1642,20210410,120.251823,23.028439,交通事故,交叉路口,臺南市永康區自強路段號正強街,1,晴,50,交岔路,交叉路口,閃光號誌,車與車,未依規定讓車
11004ACB91B1658,20210412,120.224316,23.019769,交通事故,其他,臺南市永康區段號中華路陸橋上北上車道第2支路燈桿處,2,晴,50,單路部分,路段,無號誌,車與車,未注意車前狀態
11004ACB91B1660,20210420,120.234077,23.008426,交通事故,其他,臺南市永康區段號中華路與中華二路口,2,晴,40,交岔路,交叉路口,行車管制號誌(附設行人專用號誌),車與車,未注意車前狀態
11004ACB91B1671,20210420,120.213657,23.0202,交通事故,一般地址,臺南市永康區小北路段2之1號,1,晴,50,交岔路,交叉路口,行車管制號誌,車與車,未保持行車安全距離
11004ACB91B1677,20210421,120.236904,23.011541,交通事故,一般地址,臺南市永康區中山東路段210號,2,晴,50,單路部分,路段,無號誌,車與車,違反特定標誌(線)禁制
11004ACB91B1678,20210415,120.215977,23.023429,交通事故,其他,臺南市永康區段號中央路與河堤道路口,1,晴,40,交岔路,交叉路口,行車管制號誌,車與車,逆向行駛
11004ACB91B1682,20210421,120.240185,23.050596,交通事故,其他,臺南市永康區段號永安橋,1,晴,50,交岔路,交叉路口,行車管制號誌,車與車,未注意車前狀態
11004ACB91B1685,20210421,120.25599,23.025933,交通事故,其他,臺南市永康區段號中山南路永康國小前,1,晴,50,交岔路,交叉路口,行車管制號誌,車與車,變換車道或方向不當
11004ACB91B1690,20210421,120.266058,23.017249,交通事故,交叉路口,臺南市永康區大灣路段40號大灣路40208,1,晴,50,交岔路,交叉路口,無號誌,車與車,未依規定讓車
11004ACB91B1694,20210418,120.247937,22.998471,交通事故,其他,臺南市永康區段號復興路與高速二街,1,晴,50,交岔路,交叉路口,行車管制號誌(附設行人專用號誌),車與車,違反特定標誌(線)禁制
11004ACB91B1696,20210405,120.247509,23.041837,交通事故,其他,臺南市永康區段號中正北路317巷口,1,晴,50,交岔路,交叉路口,行車管制號誌,車與車,未注意車前狀態
11004ACB91B1700,20210421,120.272554,23.002126,交通事故,一般地址,臺南市永康區民族路段31079號,1,晴,50,單路部分,路段,無號誌,車與車,未依規定讓車
11004ACB91B1704,20210421,120.241505,22.998551,交通事故,其他,臺南市永康區段號復興路327號前,1,晴,50,單路部分,路段,無號誌,車與車,迴轉未依規定
11004ACB91B1706,20210421,120.242267,23.041678,交通事故,交叉路口,臺南市永康區中正北路段號新行街,2,晴,50,交岔路,交叉路口,行車管制號誌,車與車,未依規定讓車
11004ACB91B1707,20210415,120.228872,23.017566,交通事故,一般地址,臺南市永康區大橋一街段222號,2,晴,50,單路部分,路段,無號誌,車與車,未保持行車安全距離
11004ACB91B1710,20210420,120.239966,22.99855,交通事故,其他,臺南市永康區段號忠孝路與小東路口,3,晴,50,交岔路,交叉路口,行車管制號誌(附設行人專用號誌),車與車,違反特定標誌(線)禁制
11004ACB91B1712,20210414,120.255883,23.031254,交通事故,交叉路口,臺南市永康區中山路段號自強路,1,晴,50,交岔路,交叉路口,行車管制號誌,車與車,左轉彎未依規定
11004ACB91B1715,20210420,120.265612,23.057423,交通事故,交叉路口,臺南市永康區三民里和平路段號和平路258,2,晴,30,交岔路,交叉路口,無號誌,車與車,未依規定讓車
11004ACB91B1717,20210405,120.248444,23.040144,交通事故,其他,臺南市永康區段號中正北路318巷18號旁,1,晴,50,交岔路,交叉路口,無號誌,汽(機)車本身,未注意車前狀態
11004ACB91B1720,20210420,120.248958,22.998697,交通事故,一般地址,臺南市永康區建國里復興路段52號,1,晴,50,交岔路,交叉路口,無號誌,車與車,未注意車前狀態
11004ACB91B1722,20210410,120.229215,23.013178,交通事故,交叉路口,臺南市永康區中山南路段119號中山南路123,1,晴,30,交岔路,交叉路口,閃光號誌,車與車,未依規定讓車
11004ACB91B1730,20210419,120.229075,23.011745,交通事故,交叉路口,臺南市永康區新興街段號新興街37,1,晴,30,交岔路,交叉路口,無號誌,車與車,未靠右行駛
11004ACB91B1732,20210408,120.220564,23.02383,交通事故,其他,臺南市永康區段號南台街154巷與中正南路210巷口,1,晴,30,交岔路,交叉路口,無號誌,車與車,起步未注意其他車(人)安全
11004ACB91B1733,20210421,120.225753,23.015881,交通事故,其他,臺南市永康區段號中華西街與大橋一街口,1,晴,50,交岔路,交叉路口,行車管制號誌,車與車,未依規定讓車
11004ACB91B1736,20210409,120.246976,23.032504,交通事故,其他,臺南市永康區段號中正路277之2號前,2,晴,50,交岔路,交叉路口,無號誌,車與車,未保持行車安全距離
11004ACB91B1739,20210409,120.253309,23.030898,交通事故,其他,臺南市永康區段號中正路與四維街口,1,晴,50,交岔路,交叉路口,行車管制號誌,車與車,未依規定讓車
11004ACB91B1746,20210410,120.26046,23.011979,交通事故,其他,臺南市永康區段號國光八街90巷與永華路362巷口,2,晴,30,交岔路,交叉路口,無號誌,車與車,未注意車前狀態
11004ACB91B1748,20210421,120.231062,23.006542,交通事故,其他,臺南市永康區段號勝華街與柴頭港溪堤岸道路,3,晴,30,交岔路,交叉路口,無號誌,車與車,逆向行駛
11004ACB91B1763,20210421,120.223774,23.020072,交通事故,其他,臺南市永康區段號中華路永康橋上,3,晴,50,單路部分,路段,無號誌,車與車,未保持行車安全距離
11004ACB91B1768,20210414,120.254735,22.99854,交通事故,交叉路口,臺南市永康區大灣路段891號大灣路89130,2,晴,30,交岔路,交叉路口,無號誌,車與車,未注意車前狀態
11004ACB91B1769,20210415,120.25876,23.000883,交通事故,交叉路口,臺南市永康區大灣路段798號國光一街,1,晴,50,交岔路,交叉路口,無號誌,車與車,未依規定讓車
11004ACB91B1770,20210407,120.235529,23.00371,交通事故,一般地址,臺南市永康區中華路段162號,1,晴,50,單路部分,路段,無號誌,車與車,未注意車前狀態
11004ACB91B1772,20210408,120.233567,23.010109,交通事故,交叉路口,臺南市永康區成功路段號成功路172,2,晴,30,交岔路,交叉路口,閃光號誌,車與車,未依規定讓車
11004ACB91B1774,20210409,120.226612,23.014545,交通事故,交叉路口,臺南市永康區中華西街段號中華西街104,2,晴,30,交岔路,交叉路口,無號誌,車與車,未依規定讓車
11004ACB91B1775,20210413,120.230838,23.002075,交通事故,一般地址,臺南市永康區勝學路段53號,1,晴,30,單路部分,路段,無號誌,車與車,未保持行車安全距離
11004ACB91B1776,20210419,120.258428,23.025384,交通事故,一般地址,臺南市永康區永中街段142號,1,晴,50,單路部分,路段,無號誌,車與車,違反特定標誌(線)禁制
11004ACB91B1777,20210420,120.252518,23.032774,交通事故,交叉路口,臺南市永康區四維街段號四維街79,1,晴,50,單路部分,路段,無號誌,車與車,未注意車前狀態
11004ACB91B1783,20210421,120.219407,23.022949,交通事故,其他,臺南市永康區段號中華路與南台街口,1,晴,50,交岔路,交叉路口,閃光號誌,車與車,未注意車前狀態
11004ACB91B1791,20210420,120.24712,23.009618,交通事故,其他,臺南市永康區段號復華三街與國華街,1,晴,50,交岔路,交叉路口,無號誌,車與車,未注意車前狀態
11004ACB91B1794,20210419,120.259505,23.007594,交通事故,交叉路口,臺南市永康區國光六街段號永華路,1,晴,50,交岔路,交叉路口,行車管制號誌,車與車,未依規定讓車
11004ACB91B1799,20210422,120.248331,23.041561,交通事故,其他,臺南市永康區段號中正北路320號旁,1,晴,50,單路部分,路段,無號誌,車與車,變換車道或方向不當
11004ACB91B1803,20210422,120.261576,23.04782,交通事故,一般地址,臺南市永康區正北一路段98號0,1,晴,50,單路部分,路段,無號誌,汽(機)車本身,未保持行車安全距離
11004ACB91B1806,20210421,120.230201,23.012773,交通事故,其他,臺南市永康區段號中山南路118巷10號,1,晴,30,交岔路,交叉路口,無號誌,車與車,未依規定讓車
11004ACB91B1808,20210416,120.254864,22.999419,交通事故,交叉路口,臺南市永康區大灣路段號大灣路891,1,晴,50,交岔路,交叉路口,行車管制號誌,車與車,未依規定讓車
11004ACB91B1809,20210416,120.224327,23.019315,交通事故,其他,臺南市永康區段號中正陸橋,1,晴,50,單路部分,路段,無號誌,車與車,未保持行車安全距離
11004ACB91B1810,20210422,120.228268,23.011519,交通事故,一般地址,臺南市永康區新興街段2號,2,晴,30,單路部分,路段,無號誌,人與汽(機)車,穿越道路未注意左右來車
11004ACB91B1811,20210422,120.233474,23.018213,交通事故,一般地址,臺南市永康區中山南路段1955215號0,1,晴,30,交岔路,交叉路口,無號誌,車與車,未依規定讓車
11004ACB91B1826,20210422,120.274821,23.018382,交通事故,其他,臺南市永康區段號富強路一段239號前,1,晴,50,交岔路,路段,無號誌,車與車,未依規定讓車
11004ACB91B1833,20210401,120.259711,23.002644,交通事故,其他,臺南市永康區段號大灣路798巷66號,1,晴,30,交岔路,交叉路口,無號誌,車與車,未依規定讓車
11004ACB91B1835,20210410,120.236051,23.014108,交通事故,其他,臺南市永康區段號中山東路48號,1,晴,50,單路部分,路段,無號誌,車與車,未保持行車安全距離
11004ACB91B1844,20210422,120.240542,23.041144,交通事故,其他,臺南市永康區段號中正七街96號旁,1,晴,50,單路部分,路段,無號誌,車與車,橫越道路不慎
11004ACB91B1863,20210421,120.243625,23.03963,交通事故,交叉路口,臺南市永康區新中街段號新中街281,2,晴,50,交岔路,交叉路口,無號誌,車與車,左轉彎未依規定
11004ACB91B1864,20210422,120.272665,23.040444,交通事故,一般地址,臺南市永康區王行路段464號,1,晴,50,單路部分,路段,無號誌,汽(機)車本身,超速失控
11004ACB91B1870,20210422,120.236351,23.012015,交通事故,交叉路口,臺南市永康區中山東路段號振興路,1,晴,50,單路部分,路段,無號誌,車與車,違反特定標誌(線)禁制
11004ACB91B1874,20210422,120.240373,23.043959,交通事故,一般地址,臺南市永康區三村一街段1389226號,1,晴,30,單路部分,路段,無號誌,車與車,未保持行車安全距離
11004ACB91B1877,20210422,120.262595,23.006513,交通事故,交叉路口,臺南市永康區大灣三街段號南灣街138,1,晴,50,交岔路,交叉路口,閃光號誌,車與車,未依規定讓車
11004ACB91B1878,20210417,120.238616,23.04309,交通事故,交叉路口,臺南市永康區仁愛街段號三村一街,3,晴,50,交岔路,交叉路口,閃光號誌,車與車,未依規定讓車
11004ACB91B1880,20210420,120.226577,23.01454,交通事故,交叉路口,臺南市永康區中華西街段號中華西街104,2,晴,30,交岔路,交叉路口,無號誌,車與車,未依規定讓車
11004ACB91B1885,20210422,120.238167,23.019096,交通事故,交叉路口,臺南市永康區東橋七路段號東橋二街,1,晴,50,交岔路,交叉路口,行車管制號誌,車與車,左轉彎未依規定
11004ACB91B1892,20210422,120.261824,23.045824,交通事故,交叉路口,臺南市永康區中正北路段號龍橋街,1,晴,70,交岔路,交叉路口,行車管制號誌,車與車,未保持行車安全間隔
11004ACB91B1893,20210422,120.234446,23.020177,交通事故,交叉路口,臺南市永康區東橋三路段號東橋三路151,1,晴,50,單路部分,路段,無號誌,車與車,迴轉未依規定
11004ACB91B1898,20210423,120.221263,23.022897,交通事故,一般地址,臺南市永康區南台街段99號,2,晴,30,單路部分,路段,無號誌,人與汽(機)車,穿越道路未注意左右來車
11004ACB91B1899,20210422,120.249658,23.018231,交通事故,其他,臺南市永康區段號永二街與永二街323巷口,3,晴,50,交岔路,交叉路口,閃光號誌,車與車,未依規定讓車
11004ACB91B1901,20210423,120.274993,23.018601,交通事故,其他,臺南市永康區段號富強路一段與富強路一段276巷口,1,陰,50,交岔路,交叉路口,閃光號誌,車與車,未依規定讓車
11004ACB91B1905,20210422,120.258682,23.022052,交通事故,交叉路口,臺南市永康區永華路段號永平街,2,晴,50,交岔路,交叉路口,行車管制號誌,汽(機)車本身,違反號誌管制或指揮
11004ACB91B1908,20210422,120.231655,23.036403,交通事故,其他,臺南市永康區段號中正南路與洲尾街口,1,晴,50,交岔路,交叉路口,行車管制號誌,汽(機)車本身,未注意車前狀態
11004ACB91B1914,20210423,120.2485,22.998631,交通事故,交叉路口,臺南市永康區復興路段號高速一街2,1,晴,50,交岔路,交叉路口,行車管制號誌,車與車,未注意車前狀態
11004ACB91B1919,20210423,120.218647,23.024195,交通事故,其他,臺南市永康區段號中正南路177號前,3,晴,50,單路部分,路段,無號誌,車與車,未依規定讓車
11004ACB91B1922,20210408,120.234872,22.999761,交通事故,其他,臺南市永康區段號中華路與中華路10巷口,3,晴,50,交岔路,交叉路口,行車管制號誌,車與車,未注意車前狀態
11004ACB91B1929,20210420,120.248475,22.998455,交通事故,其他,臺南市永康區段號復興路與高速一街口,1,晴,50,交岔路,交叉路口,行車管制號誌,車與車,未注意車前狀態
11004ACB91B1934,20210416,120.251963,22.998438,交通事故,交叉路口,臺南市永康區崑大路段號崑大路201,2,晴,50,交岔路,交叉路口,行車管制號誌(附設行人專用號誌),車與車,未保持行車安全距離
11004ACB91B1943,20210423,120.230482,23.027569,交通事故,一般地址,臺南市永康區尚頂路段65號,1,晴,50,單路部分,路段,無號誌,車與車,其他裝載不當肇事
11004ACB91B1944,20210405,120.241248,23.018827,交通事故,其他,臺南市永康區段號中山南路566號,1,晴,50,單路部分,路段,行車管制號誌,車與車,未注意車前狀態
11004ACB91B1950,20210423,120.240198,23.033093,交通事故,交叉路口,臺南市永康區中正二街段號正南五街,1,晴,50,交岔路,交叉路口,行車管制號誌,車與車,未依規定讓車
11004ACB91B1958,20210423,120.243569,23.018363,交通事故,交叉路口,臺南市永康區中山南路段54439號忠孝路410,1,晴,50,交岔路,交叉路口,行車管制號誌(附設行人專用號誌),車與車,左轉彎未依規定
11004ACB91B1969,20210423,120.25304,23.031565,交通事故,交叉路口,臺南市永康區四維街段號四維街19,1,晴,50,交岔路,交叉路口,無號誌,車與車,起步未注意其他車(人)安全
11004ACB91B1980,20210423,120.2598,23.025402,交通事故,一般地址,臺南市永康區永明街段76號,1,晴,50,單路部分,路段,無號誌,車與車,未注意車前狀態
11004ACB91B1997,20210423,120.260705,23.025428,交通事故,一般地址,臺南市永康區永大路2段999號,1,晴,50,單路部分,路段,無號誌,車與車,起步未注意其他車(人)安全
11004ACB91B2000,20210408,120.25959,23.009016,交通事故,其他,臺南市永康區西灣里永華路段125號西灣里永華路125號前,1,晴,50,單路部分,路段,無號誌,車與車,未保持行車安全距離
11004ACB91B2002,20210424,120.259073,23.000114,交通事故,交叉路口,臺南市永康區大灣路段號永大路,1,晴,50,交岔路,交叉路口,行車管制號誌,車與車,逆向行駛
11004ACB91B2010,20210422,120.241227,23.019015,交通事故,交叉路口,臺南市永康區中山南路段號中山南路568,1,晴,50,交岔路,交叉路口,行車管制號誌,車與車,右轉彎未依規定
11004ACB91B2017,20210424,120.270915,23.011995,交通事故,交叉路口,臺南市永康區大灣路段號文賢街,3,晴,50,交岔路,交叉路口,行車管制號誌,車與車,未注意車前狀態
11004ACB91B2027,20210423,120.2183,23.023595,交通事故,交叉路口,臺南市永康區中華路段號中正南路,1,晴,50,交岔路,交叉路口,行車管制號誌,車與車,未注意車前狀態
11004ACB91B2033,20210424,120.235027,23.017059,交通事故,交叉路口,臺南市永康區東橋一路段號東橋二街,3,晴,50,交岔路,交叉路口,行車管制號誌,車與車,未保持行車安全距離
11004ACB91B2045,20210424,120.237278,23.008502,交通事故,一般地址,臺南市永康區中華二路段207號,1,晴,50,單路部分,路段,無號誌,車與車,迴轉未依規定
11004ACB91B2059,20210424,120.2465,23.010531,交通事故,其他,臺南市永康區段號復國一路330號前,1,晴,50,單路部分,路段,無號誌,人與汽(機)車,穿越道路未注意左右來車
11004ACB91B2064,20210423,120.235594,23.015338,交通事故,交叉路口,臺南市永康區中山南路段號中山東路,1,晴,50,交岔路,交叉路口,行車管制號誌,車與車,違反號誌管制或指揮
11004ACB91B2073,20210424,120.229792,23.021757,交通事故,交叉路口,臺南市永康區大橋三街段號大橋三街261,1,晴,30,交岔路,交叉路口,無號誌,車與車,未依規定讓車
11004ACB91B2077,20210424,120.241182,23.037824,交通事故,其他,臺南市永康區段號中正路798-10號前,2,晴,50,單路部分,路段,無號誌,車與車,變換車道或方向不當
11004ACB91B2080,20210424,120.257895,23.000477,交通事故,其他,臺南市永康區段號崑山街與崑山街4巷口,1,晴,30,交岔路,交叉路口,無號誌,車與車,未依規定讓車
11004ACB91B2085,20210424,120.258488,23.000123,交通事故,一般地址,臺南市永康區大灣路段810號,1,晴,50,單路部分,路段,無號誌,車與車,起步未注意其他車(人)安全
11004ACB91B2101,20210425,120.25217,22.998896,交通事故,一般地址,臺南市永康區大灣路段1060號0,1,晴,50,單路部分,路段,無號誌,車與車,違規超車
11004ACB91B2108,20210425,120.216218,23.021413,交通事故,一般地址,臺南市永康區中正南路段108號,3,晴,50,單路部分,路段,無號誌,車與車,未依規定讓車
11004ACB91B2109,20210425,120.258956,23.001698,交通事故,交叉路口,臺南市永康區國光二街段號國光一街70,2,陰,30,交岔路,交叉路口,無號誌,車與車,未依規定讓車
11004ACB91B2118,20210425,120.256496,23.004276,交通事故,一般地址,臺南市永康區大灣路段942186號,1,陰,30,單路部分,路段,無號誌,車與車,起步未注意其他車(人)安全
11004ACB91B2123,20210421,120.258299,22.994481,交通事故,一般地址,臺南市永康區大灣東路段22120號,1,晴,30,單路部分,路段,無號誌,車與車,未依規定讓車
11004ACB91B2124,20210409,120.256327,23.025769,交通事故,交叉路口,臺南市永康區中山南路段號永康街,1,晴,50,交岔路,交叉路口,行車管制號誌,車與車,未依規定讓車
11004ACB91B2132,20210412,120.241764,23.049772,交通事故,一般地址,臺南市永康區仁愛街段301號,1,晴,50,單路部分,路段,無號誌,汽(機)車本身,未注意車前狀態
11004ACB91B2136,20210407,120.238096,23.042277,交通事故,其他,臺南市永康區段號鹽興里仁愛街36號前,1,晴,50,單路部分,路段,閃光號誌,車與車,違規超車
11004ACB91B2140,20210412,120.245706,23.020654,交通事故,一般地址,臺南市永康區中山南路段363號,1,晴,50,交岔路,交叉路口,行車管制號誌,車與車,未保持行車安全距離
11004ACB91B2161,20210425,120.25186,22.998852,交通事故,交叉路口,臺南市永康區大灣路段號大灣路1090,2,晴,50,交岔路,交叉路口,行車管制號誌,車與車,未保持行車安全距離
11004ACB91B2173,20210425,120.230512,23.013262,交通事故,其他,臺南市永康區段號中山南路142號前,2,晴,50,單路部分,路段,無號誌,車與車,未保持行車安全間隔
11004ACB91B2176,20210425,120.228215,23.017171,交通事故,其他,臺南市永康區段號中華路與大橋一街口,1,晴,50,交岔路,交叉路口,行車管制號誌(附設行人專用號誌),汽(機)車本身,其他引起事故之違規或不當行為
11004ACB91B2183,20210425,120.229899,23.018156,交通事故,一般地址,臺南市永康區大橋一街段246號,1,雨,30,單路部分,路段,無號誌,車與車,開啟車門不當而肇事
11004ACB91B2185,20210425,120.23293,23.004427,交通事故,交叉路口,臺南市永康區中華一路段號勝利街,3,雨,30,交岔路,交叉路口,無號誌,汽(機)車本身,未注意車前狀態
11004ACB91B2188,20210424,120.246088,23.001878,交通事故,其他,臺南市永康區段號復國一路與興國街,1,晴,50,交岔路,路段,行車管制號誌(附設行人專用號誌),汽(機)車本身,煞車失靈
11004ACB91B2204,20210418,120.249225,23.031571,交通事故,交叉路口,臺南市永康區東橋里中正路段號高速二街,1,晴,50,交岔路,交叉路口,行車管制號誌,車與車,未保持行車安全間隔
11004ACB91B2207,20210426,120.254691,23.019372,交通事故,一般地址,臺南市永康區永二街段77號,1,晴,50,單路部分,路段,無號誌,車與車,起步未注意其他車(人)安全
11004ACB91B2208,20210417,120.248839,23.008851,交通事故,交叉路口,臺南市永康區高速一街段號大灣路942371,2,晴,50,單路部分,路段,行車管制號誌,車與車,未保持行車安全距離