案件編號,發生日期,GPS經度,GPS緯度,案件類別名稱,地址類型名稱,發生縣市名稱,受傷人數,天候名稱, 速限-第1當事者,道路型態大類別名稱,事故位置大類別名稱,號誌-號誌種類名稱,事故類型及型態大類別名稱,肇因研判子類別名稱-主要
11004ACB91B2216,20210402,120.244186,23.020287,交通事故,其他,臺南市永康區段號中山南路近忠孝路,1,晴,50,單路部分,路段,行車管制號誌,車與車,違規超車
11004ACB91B2219,20210426,120.245238,23.020027,交通事故,交叉路口,臺南市永康區二王里永二街段號永二街459,1,晴,50,交岔路,交叉路口,閃光號誌,車與車,逆向行駛
11004ACB91B2220,20210420,120.256843,23.027704,交通事故,交叉路口,臺南市永康區永康里中山路段號埔聖街,1,晴,50,交岔路,交叉路口,無號誌,車與車,未依規定讓車
11004ACB91B2222,20210426,120.230902,23.013426,交通事故,其他,臺南市永康區段號中華路與中山南路口,1,晴,50,交岔路,路段,行車管制號誌(附設行人專用號誌),車與車,右轉彎未依規定
11004ACB91B2223,20210422,120.240221,23.008525,交通事故,交叉路口,臺南市永康區中華二路段號南工街,1,晴,50,交岔路,交叉路口,行車管制號誌,車與車,未依規定讓車
11004ACB91B2228,20210426,120.244377,22.998567,交通事故,一般地址,臺南市永康區復興路段123號,1,晴,50,單路部分,路段,行車管制號誌,車與車,迴轉未依規定
11004ACB91B2229,20210420,120.240242,23.050578,交通事故,其他,臺南市永康區段號永安路與河堤便道口,1,晴,50,單路部分,路段,無號誌,車與車,變換車道或方向不當
11004ACB91B2239,20210426,120.261703,23.018105,交通事故,交叉路口,臺南市永康區永康里永大一路段號永福街,1,晴,50,交岔路,交叉路口,閃光號誌,車與車,未依規定讓車
11004ACB91B2248,20210424,120.223576,23.034379,交通事故,其他,臺南市永康區段號鹽洲里洲工街與鹽水溪堤岸道路口,1,晴,40,交岔路,交叉路口,行車管制號誌,車與車,違規超車
11004ACB91B2252,20210425,120.255221,23.029522,交通事故,交叉路口,臺南市永康區中正路段號正義街,1,雨,50,交岔路,交叉路口,行車管制號誌,車與車,未保持行車安全距離
11004ACB91B2259,20210426,120.241676,23.009126,交通事故,交叉路口,臺南市永康區忠孝路段號忠孝路410,1,雨,50,交岔路,交叉路口,行車管制號誌,車與車,未依規定讓車
11004ACB91B2264,20210407,120.222221,23.020939,交通事故,其他,臺南市永康區段號奇美陸橋上(北往南),1,晴,50,單路部分,路段,無號誌,車與車,未依規定讓車
11004ACB91B2268,20210426,120.247041,23.032614,交通事故,其他,臺南市永康區段號中正路橋下機慢車道,1,晴,40,單路部分,路段,無號誌,汽(機)車本身,不明原因肇事
11004ACB91B2269,20210414,120.251952,23.027345,交通事故,交叉路口,臺南市永康區正義街段號正強街,2,晴,50,交岔路,交叉路口,行車管制號誌,車與車,違反特定標誌(線)禁制
11004ACB91B2270,20210414,120.247238,23.021178,交通事故,一般地址,臺南市永康區中山南路段425-1號,1,晴,50,單路部分,路段,無號誌,車與車,違反特定標誌(線)禁制
11004ACB91B2275,20210417,120.2545,22.992936,交通事故,交叉路口,臺南市永康區崑大路段155號崑大路155168,2,晴,30,交岔路,交叉路口,行車管制號誌,車與車,違反號誌管制或指揮
11004ACB91B2282,20210421,120.247765,23.001493,交通事故,其他,臺南市永康區段號高速二街第50號路燈,1,晴,50,單路部分,路段,無號誌,車與車,未保持行車安全距離
11004ACB91B2284,20210423,120.240071,22.998006,交通事故,其他,臺南市永康區段號復興路421號,1,晴,50,單路部分,路段,無號誌,車與車,違反特定標誌(線)禁制
11004ACB91B2290,20210420,120.234818,22.998496,交通事故,交叉路口,臺南市永康區小東路段號中華路,1,晴,50,交岔路,交叉路口,行車管制號誌,汽(機)車本身,不明原因肇事
11004ACB91B2291,20210424,120.222934,23.020425,交通事故,其他,臺南市永康區段號中華路永康橋往北便道與大武街口,1,晴,50,交岔路,交叉路口,行車管制號誌,車與車,違反號誌管制或指揮
11004ACB91B2293,20210424,120.233001,22.998676,交通事故,交叉路口,臺南市永康區小東路段號小東路423,2,晴,50,交岔路,交叉路口,無號誌,車與車,未保持行車安全距離
11004ACB91B2309,20210427,120.234966,23.03022,交通事故,一般地址,臺南市永康區中正二街段258號,1,陰,50,單路部分,路段,無號誌,車與車,未注意車前狀態
11004ACB91B2311,20210426,120.259069,23.00618,交通事故,一般地址,臺南市永康區永華路段12號,1,雨,50,交岔路,路段,無號誌,汽(機)車本身,未保持行車安全距離
11004ACB91B2313,20210424,120.23747,23.041198,交通事故,交叉路口,臺南市永康區?行里中正南路段號中正路,2,晴,50,交岔路,交叉路口,行車管制號誌,車與車,未依規定讓車
11004ACB91B2314,20210426,120.261361,22.998822,交通事故,交叉路口,臺南市永康區大灣東路段號南興路,2,晴,50,交岔路,交叉路口,行車管制號誌,車與車,未保持行車安全間隔
11004ACB91B2331,20210423,120.255048,23.033949,交通事故,其他,臺南市永康區段號中山路與埔園街口,1,晴,50,交岔路,交叉路口,行車管制號誌,車與車,未依規定讓車
11004ACB91B2332,20210427,120.235297,23.034721,交通事故,交叉路口,臺南市永康區?和街段號?信街,1,陰,50,交岔路,交叉路口,無號誌,車與車,未依規定讓車
11004ACB91B2355,20210415,120.247775,23.003359,交通事故,交叉路口,臺南市永康區復國二路段號復國二路18,1,晴,40,交岔路,交叉路口,無號誌,汽(機)車本身,其他引起事故之違規或不當行為
11004ACB91B2362,20210427,120.22228,23.021011,交通事故,交叉路口,臺南市永康區中華路段號南台街13,2,晴,50,交岔路,交叉路口,行車管制號誌,車與車,違反號誌管制或指揮
11004ACB91B2366,20210421,120.237539,23.006002,交通事故,交叉路口,臺南市永康區中華路段216號中華路21640,2,晴,30,交岔路,交叉路口,無號誌,車與車,未依規定讓車
11004ACB91B2373,20210421,120.234164,23.023932,交通事故,一般地址,臺南市永康區東橋五路段335號,1,晴,50,交岔路,交叉路口,無號誌,車與車,未依規定讓車
11004ACB91B2380,20210422,120.247444,23.007824,交通事故,交叉路口,臺南市永康區復國二路段號復國一路250,1,晴,30,交岔路,交叉路口,無號誌,車與車,未依規定讓車
11004ACB91B2381,20210424,120.234875,22.999835,交通事故,交叉路口,臺南市永康區中華路段號中華路10,1,晴,40,交岔路,交叉路口,行車管制號誌,車與車,未保持行車安全距離
11004ACB91B2385,20210410,120.227033,23.038184,交通事故,其他,臺南市永康區段號正南六街與洲工街口,1,晴,30,交岔路,交叉路口,閃光號誌,車與車,未依規定讓車
11004ACB91B2386,20210426,120.240086,23.046575,交通事故,其他,臺南市永康區段號仁愛街119號前,3,晴,50,交岔路,交叉路口,閃光號誌,車與車,左轉彎未依規定
11004ACB91B2393,20210405,120.255154,23.042277,交通事故,其他,臺南市永康區段號中正北路447號,1,晴,50,交岔路,交叉路口,行車管制號誌,車與車,違反號誌管制或指揮
11004ACB91B2405,20210428,120.232663,23.029045,交通事故,交叉路口,臺南市永康區中正二街段號中正二街162,2,晴,50,交岔路,交叉路口,無號誌,車與車,未保持行車安全距離
11004ACB91B2407,20210420,120.226657,23.018162,交通事故,交叉路口,臺南市永康區中華路段號大橋二街,2,晴,50,交岔路,交叉路口,行車管制號誌(附設行人專用號誌),車與車,其他引起事故之違規或不當行為
11004ACB91B2410,20210428,120.239996,22.997992,交通事故,其他,臺南市永康區段號復興路421號前,1,晴,50,單路部分,路段,無號誌,車與車,違反特定標誌(線)禁制
11004ACB91B2411,20210428,120.239799,23.03593,交通事故,一般地址,臺南市永康區新中街段51號,1,晴,50,單路部分,路段,無號誌,汽(機)車本身,不明原因肇事
11004ACB91B2415,20210422,120.268908,23.042784,交通事故,其他,臺南市永康區段號環工路63號,1,晴,30,單路部分,路段,無號誌,車與車,未依規定讓車
11004ACB91B2418,20210428,120.249258,23.010791,交通事故,其他,臺南市永康區段號高速一街二段536號,2,晴,50,單路部分,路段,無號誌,車與車,未注意車前狀態
11004ACB91B2421,20210421,120.26277,23.046591,交通事故,交叉路口,臺南市永康區中正北路段號正北一路,2,晴,50,單路部分,路段,行車管制號誌,車與車,未保持行車安全距離
11004ACB91B2428,20210413,120.271303,23.053656,交通事故,一般地址,臺南市永康區中正北路段991號0,1,晴,70,交岔路,交叉路口,行車管制號誌,車與車,其他引起事故之違規或不當行為
11004ACB91B2434,20210415,120.226623,23.014569,交通事故,其他,臺南市永康區段號中華西街與中華西街85巷口,1,晴,50,交岔路,交叉路口,無號誌,車與車,未依規定讓車
11004ACB91B2438,20210428,120.215874,23.02339,交通事故,交叉路口,臺南市永康區中華路段號中央路,1,晴,50,交岔路,交叉路口,行車管制號誌(附設行人專用號誌),車與車,左轉彎未依規定
11004ACB91B2440,20210416,120.263248,23.002052,交通事故,其他,臺南市永康區段號大灣一街與立興街,2,晴,30,交岔路,交叉路口,閃光號誌,車與車,未依規定讓車
11004ACB91B2443,20210422,120.273311,23.042153,交通事故,其他,臺南市永康區段號王行路與永科一路口,2,晴,50,交岔路,交叉路口,行車管制號誌,車與車,未注意車前狀態
11004ACB91B2444,20210421,120.216256,23.022086,交通事故,交叉路口,臺南市永康區中正南路段號中央路,2,晴,50,交岔路,交叉路口,行車管制號誌,車與車,其他引起事故之違規或不當行為
11004ACB91B2451,20210428,120.248589,23.02171,交通事故,一般地址,臺南市永康區中山南路段471號,1,晴,50,交岔路,交叉路口,行車管制號誌,車與車,未依規定讓車
11004ACB91B2469,20210428,120.234919,23.001163,交通事故,一般地址,臺南市永康區中華路段81號0,1,晴,50,單路部分,路段,行車管制號誌,車與車,變換車道或方向不當
11004ACB91B2470,20210427,120.230032,23.019067,交通事故,其他,臺南市永康區段號大橋一街139巷22弄61號旁,1,晴,30,交岔路,交叉路口,無號誌,車與車,違規超車
11004ACB91B2475,20210423,120.227373,23.032235,交通事故,其他,臺南市永康區段號中正南路、中正南路344巷口,1,晴,50,交岔路,交叉路口,行車管制號誌,車與車,迴轉未依規定
11004ACB91B2480,20210426,120.243849,22.99867,交通事故,其他,臺南市永康區段號復興路123號,2,晴,50,單路部分,路段,行車管制號誌,車與車,未保持行車安全距離
11004ACB91B2481,20210427,120.261185,23.027587,交通事故,其他,臺南市永康區段號中山北路、龍中街口,1,陰,50,單路部分,路段,行車管制號誌,車與車,變換車道或方向不當
11004ACB91B2487,20210427,120.22666,23.018131,交通事故,其他,臺南市永康區段號中華路、中華西街口,1,陰,50,交岔路,交叉路口,行車管制號誌(附設行人專用號誌),車與車,未注意車前狀態
11004ACB91B2488,20210428,120.247835,22.998642,交通事故,交叉路口,臺南市永康區高速二街段號復興路,1,晴,50,交岔路,交叉路口,行車管制號誌,車與車,未依規定讓車
11004ACB91B2502,20210427,120.254963,23.030585,交通事故,其他,臺南市永康區段號自強路與自強路379巷口,2,晴,50,交岔路,交叉路口,無號誌,人與汽(機)車,穿越道路未注意左右來車
11004ACB91B2504,20210429,120.221715,23.02145,交通事故,交叉路口,臺南市永康區中華路段號南台街75,1,雨,5,交岔路,交叉路口,行車管制號誌(附設行人專用號誌),車與車,未保持行車安全間隔
11004ACB91B2505,20210426,120.25957,23.01301,交通事故,其他,臺南市永康區段號公園路147號前,1,晴,50,交岔路,交叉路口,無號誌,汽(機)車本身,其他引起事故之違規或不當行為
11004ACB91B2506,20210428,120.257884,23.001096,交通事故,其他,臺南市永康區段號崑山街22號對面,1,晴,30,單路部分,路段,無號誌,車與車,逆向行駛
11004ACB91B2507,20210413,120.266763,23.007816,交通事故,交叉路口,臺南市永康區民族路段號大民街,3,晴,50,交岔路,交叉路口,行車管制號誌,車與車,未依規定讓車
11004ACB91B2527,20210429,120.240321,23.05037,交通事故,其他,臺南市永康區段號永安路北往南(靠近永安橋),1,雨,50,單路部分,路段,無號誌,車與車,未保持行車安全距離
11004ACB91B2530,20210429,120.241891,23.037089,交通事故,交叉路口,臺南市永康區中正路段號新中街,1,陰,50,交岔路,交叉路口,行車管制號誌,車與車,未依規定讓車
11004ACB91B2541,20210423,120.227369,23.040021,交通事故,其他,臺南市永康區段號洲尾街191巷11弄58號,1,晴,30,單路部分,路段,無號誌,汽(機)車本身,不明原因肇事
11004ACB91B2542,20210425,120.272292,23.002187,交通事故,其他,臺南市永康區段號民族路85號,1,雨,50,單路部分,路段,無號誌,車與車,迴轉未依規定
11004ACB91B2545,20210428,120.233942,23.021064,交通事故,交叉路口,臺南市永康區東橋三路段號東橋八街,1,晴,50,交岔路,交叉路口,行車管制號誌,車與車,違反號誌管制或指揮
11004ACB91B2549,20210429,120.252776,23.029109,交通事故,一般地址,臺南市永康區自強路段330號,2,陰,50,交岔路,交叉路口,行車管制號誌,車與車,未注意車前狀態
11004ACB91B2552,20210429,120.241122,23.049432,交通事故,一般地址,臺南市永康區永安路段350號,1,晴,50,交岔路,交叉路口,無號誌,車與車,左轉彎未依規定
11004ACB91B2555,20210429,120.249749,22.998662,交通事故,交叉路口,臺南市永康區復興路段號復興路26,1,雨,50,交岔路,交叉路口,行車管制號誌,汽(機)車本身,未注意車前狀態
11004ACB91B2605,20210429,120.231114,23.041396,交通事故,一般地址,臺南市永康區鹽行路段219號,1,晴,30,單路部分,路段,無號誌,汽(機)車本身,未注意車前狀態
11004ACB91B2622,20210412,120.259767,23.032647,交通事故,交叉路口,臺南市永康區永大路段號龍國街,1,晴,50,交岔路,交叉路口,行車管制號誌,車與車,違反號誌管制或指揮
11004ACB91B2639,20210430,120.250465,23.02251,交通事故,交叉路口,臺南市永康區中山南路段號永興路,1,晴,50,單路部分,路段,行車管制號誌,車與車,未保持行車安全距離
11004ACB91B2653,20210430,120.251979,22.998448,交通事故,交叉路口,臺南市永康區崑大路段號崑大路201,1,晴,30,交岔路,交叉路口,行車管制號誌,車與車,其他引起事故之違規或不當行為
11004ACB91B2656,20210428,120.252249,23.033186,交通事故,交叉路口,臺南市永康區埔園街段號四維街,1,晴,50,交岔路,交叉路口,行車管制號誌,車與車,未保持行車安全距離
11004ACB91B2659,20210426,120.251463,22.998991,交通事故,其他,臺南市永康區段號大灣路1100-1號,1,晴,50,交岔路,交叉路口,行車管制號誌,車與車,未注意車前狀態
11004ACB91B2665,20210430,120.237489,23.006421,交通事故,其他,臺南市永康區段號中華路216巷1弄與中山東路386巷,1,晴,30,交岔路,交叉路口,無號誌,車與車,未依規定讓車
11004ACB91B2679,20210426,120.27527,23.016198,交通事故,其他,臺南市永康區段號富強路一段194巷50號,1,晴,30,交岔路,交叉路口,無號誌,車與車,左轉彎未依規定
11004ACB91B2681,20210430,120.238825,23.004497,交通事故,交叉路口,臺南市永康區中山東路段號中華一路,1,晴,50,交岔路,交叉路口,行車管制號誌,人與汽(機)車,未注意車前狀態
11004ACB91B2683,20210430,120.248471,22.998605,交通事故,交叉路口,臺南市永康區高速一街1段號復興路,1,晴,50,交岔路,交叉路口,行車管制號誌,車與車,違反特定標誌(線)禁制
11004ACB91B2692,20210429,120.276308,23.057782,交通事故,其他,臺南市永康區段號中正北路豐化橋北往南,1,晴,50,交岔路,路段,無號誌,車與車,未依規定讓車
11004ACB91B2710,20210430,120.215735,23.023347,交通事故,一般地址,臺南市永康區中央路段61號,1,晴,40,單路部分,路段,無號誌,車與車,未保持行車安全距離
11004ACB91B2728,20210430,120.264438,23.012335,交通事故,交叉路口,臺南市永康區大安街段號文賢街,1,晴,50,交岔路,交叉路口,行車管制號誌,車與車,未依規定讓車
11004ACB91B2731,20210419,120.22646,23.011452,交通事故,交叉路口,臺南市永康區六合里中山南路段號新興街,2,晴,50,交岔路,交叉路口,行車管制號誌,車與車,違反號誌管制或指揮
11004ACB91B2732,20210402,120.24612,23.001888,交通事故,交叉路口,臺南市永康區復國路段號興國街,1,晴,50,交岔路,交叉路口,行車管制號誌,人與汽(機)車,搶越行人穿越道
11004ACB91B2733,20210426,120.259298,23.026859,交通事故,其他,臺南市永康區段號中山北路與永埔街口,2,雨,50,交岔路,交叉路口,行車管制號誌,車與車,未依規定讓車
11004ACB91B2738,20210424,120.235377,22.99985,交通事故,交叉路口,臺南市永康區中華里中華路段10號小東路477,2,晴,30,交岔路,交叉路口,無號誌,車與車,未依規定讓車
11004ACB91B2745,20210421,120.23012,23.037785,交通事故,交叉路口,臺南市永康區洲尾街段號國聖街,1,晴,50,交岔路,交叉路口,閃光號誌,汽(機)車本身,未依規定讓車
11004ACB91B2749,20210427,120.268927,23.006658,交通事故,其他,臺南市永康區段號中灣五街5號,2,晴,50,單路部分,路段,無號誌,人與汽(機)車,未依標誌、標線、號誌或手勢指揮穿越道路
11004ACB91B2750,20210424,120.250258,23.022315,交通事故,交叉路口,臺南市永康區中山南路段號高速一街,2,晴,50,單路部分,路段,行車管制號誌(附設行人專用號誌),車與車,變換車道或方向不當
11004ACB91B2753,20210416,120.258381,23.030245,交通事故,一般地址,臺南市永康區埔聖街段8175號,1,晴,50,交岔路,交叉路口,閃光號誌,車與車,未依規定讓車
11004ACB91B2758,20210424,120.247628,23.04198,交通事故,一般地址,臺南市永康區中正北路段319號,1,晴,50,交岔路,交叉路口,行車管制號誌(附設行人專用號誌),車與車,未依規定讓車
11004ACB91B2763,20210426,120.256856,23.042088,交通事故,交叉路口,臺南市永康區中正北路段號中正北路521,1,晴,50,交岔路,路段,行車管制號誌,車與車,未注意車前狀態
11004ACB91B2764,20210417,120.232446,23.04193,交通事故,一般地址,臺南市永康區鹽忠街段148號,1,晴,50,單路部分,路段,無號誌,汽(機)車本身,不明原因肇事
11004ACB91B2765,20210426,120.223046,23.022138,交通事故,一般地址,臺南市永康區南台街段31號,1,陰,30,單路部分,路段,無號誌,人與汽(機)車,未注意車前狀態
11004ACB91B2768,20210430,120.231446,23.025982,交通事故,其他,臺南市永康區段號正南一街與尚頂路59巷口,2,晴,50,交岔路,交叉路口,閃光號誌,車與車,未注意車前狀態
11004ACB91B2773,20210418,120.235827,23.024005,交通事故,交叉路口,臺南市永康區東橋七路段號東橋十街,2,晴,50,交岔路,交叉路口,行車管制號誌,車與車,未依規定讓車
11004ACB91B2794,20210426,120.240267,23.038619,交通事故,其他,臺南市永康區段號中正路846號前,1,陰,50,單路部分,路段,無號誌,車與車,未注意車前狀態
11004ACB91B2800,20210422,120.246681,23.015531,交通事故,交叉路口,臺南市永康區復華七街段117號國華街132,1,晴,30,交岔路,交叉路口,無號誌,車與車,未依規定讓車
11004ACB91B2803,20210428,120.235665,23.004957,交通事故,一般地址,臺南市永康區中華路段204號,2,晴,50,單路部分,路段,無號誌,車與車,未注意車前狀態
11004ACB91B2809,20210422,120.263846,23.014023,交通事故,交叉路口,臺南市永康區永大路2段號公園路,1,晴,50,交岔路,交叉路口,行車管制號誌,車與車,未依規定讓車
11004ACB91B2812,20210418,120.244161,23.041735,交通事故,交叉路口,臺南市永康區中正北路段號新中街,1,晴,50,交岔路,交叉路口,行車管制號誌,車與車,倒車未依規定
11004ACB91B2815,20210429,120.247349,23.019694,交通事故,一般地址,臺南市永康區永二街段386號,1,晴,50,單路部分,路段,無號誌,車與車,未注意車前狀態
11004ACB91B2818,20210402,120.24557,23.03374,交通事故,其他,臺南市永康區段號中正路299旁地下道,1,晴,40,單路部分,路段,無號誌,汽(機)車本身,不明原因肇事
11004ACB91B2820,20210416,120.252373,23.007912,交通事故,其他,臺南市永康區段號大灣路942巷371弄100號旁,1,晴,30,交岔路,交叉路口,無號誌,車與車,未依規定讓車
11004ACB91B2825,20210428,120.264687,23.038039,交通事故,交叉路口,臺南市永康區自強路段號龍橋街,1,晴,50,交岔路,交叉路口,行車管制號誌(附設行人專用號誌),車與車,未注意車前狀態
11004ACB91B2827,20210422,120.252532,22.998959,交通事故,交叉路口,臺南市永康區大灣路段號大灣路1044,3,晴,30,交岔路,交叉路口,無號誌,車與車,未依規定讓車
11004ACB91B2828,20210426,120.230793,23.013513,交通事故,交叉路口,臺南市永康區中華路段號中山南路,1,晴,50,交岔路,交叉路口,行車管制號誌,車與車,未注意車前狀態
11004ACB91B2852,20210423,120.259546,23.002607,交通事故,交叉路口,臺南市永康區大灣路段798號崑山街116,3,晴,30,交岔路,交叉路口,無號誌,車與車,未依規定讓車
11004ACB91B2854,20210426,120.247364,23.005002,交通事故,交叉路口,臺南市永康區復國一路段210號復國二路,2,雨,30,交岔路,交叉路口,無號誌,車與車,未依規定讓車
11004ACB91B2858,20210426,120.265739,23.014296,交通事故,交叉路口,臺南市永康區大同街段號北興路,1,晴,50,交岔路,交叉路口,閃光號誌,車與車,未依規定讓車
11004ACB91B2861,20210414,120.281864,23.031942,交通事故,一般地址,臺南市永康區中山北路段818號,1,晴,50,單路部分,路段,行車管制號誌,車與車,未保持行車安全間隔
11004ACB91B2863,20210401,120.219845,23.02486,交通事故,一般地址,臺南市永康區中正南路段200號,1,晴,50,交岔路,交叉路口,行車管制號誌,車與車,未注意車前狀態
11004ACB91B2864,20210401,120.239537,23.041738,交通事故,一般地址,臺南市永康區中正北路段65號,1,晴,50,交岔路,交叉路口,無號誌,車與車,起步未注意其他車(人)安全
11004ACB91B2884,20210420,120.234593,23.012134,交通事故,其他,臺南市永康區段號振興路與五福街82巷口,1,晴,50,交岔路,交叉路口,行車管制號誌,車與車,未注意車前狀態
11004ACB91B2886,20210423,120.241889,23.037079,交通事故,其他,臺南市永康區段號中正路與新中街口,1,晴,50,交岔路,交叉路口,行車管制號誌,車與車,未依規定讓車
11004ACB91B2887,20210422,120.245748,23.009068,交通事故,其他,臺南市永康區段號復國二路與復華三街口,2,晴,50,交岔路,交叉路口,行車管制號誌,車與車,違反號誌管制或指揮
11004ACB91B2889,20210419,120.234555,23.031724,交通事故,其他,臺南市永康區段號正南三路與鹽平街口,1,晴,50,交岔路,交叉路口,行車管制號誌,車與車,尚未發現肇事因素
11004ACB91B2894,20210419,120.263784,23.019474,交通事故,一般地址,臺南市永康區大同街段740號,1,晴,50,交岔路,交叉路口,行車管制號誌,車與車,起步未注意其他車(人)安全
11004ACB91B2896,20210426,120.252291,23.024559,交通事故,其他,臺南市永康區段號正強街與中山南路471巷口,1,晴,50,交岔路,交叉路口,行車管制號誌,車與車,違反號誌管制或指揮
11004ACB91B2898,20210427,120.234577,23.013569,交通事故,其他,臺南市永康區段號五福街與五福街110巷口,1,陰,30,交岔路,交叉路口,行車管制號誌,車與車,未依規定讓車
11004ACB91B2901,20210427,120.236351,23.000729,交通事故,其他,臺南市永康區段號華興街與忠義街口,2,晴,50,交岔路,交叉路口,行車管制號誌,車與車,左轉彎未依規定
11004ACB91B2908,20210428,120.229127,23.015767,交通事故,其他,臺南市永康區段號中華路663之1號,1,晴,50,交岔路,交叉路口,行車管制號誌,車與車,未依規定讓車
11004ACB91B2910,20210422,120.272919,23.055056,交通事故,其他,臺南市永康區段號中正北路1051號前,1,晴,50,單路部分,路段,無號誌,汽(機)車本身,其他引起事故之違規或不當行為
11004ACB91B2914,20210430,120.234359,23.039001,交通事故,其他,臺南市永康區段號中正南路與正南五街,1,晴,50,交岔路,交叉路口,行車管制號誌,車與車,違反號誌管制或指揮
11004ACB91B2916,20210426,120.245353,23.038401,交通事故,其他,臺南市永康區段號中正五街11巷內,1,陰,30,單路部分,路段,無號誌,汽(機)車本身,其他引起事故之違規或不當行為
11004ACB91B2917,20210422,120.254279,22.998458,交通事故,其他,臺南市永康區段號崑大路與大灣路891巷30弄,2,晴,50,交岔路,交叉路口,無號誌,車與車,逆向行駛
11004ACB91B2921,20210424,120.2183,23.023595,交通事故,其他,臺南市永康區段號中華路與中正南路,1,晴,50,交岔路,交叉路口,行車管制號誌,車與車,未保持行車安全距離
11004ACB91B2922,20210421,120.235148,23.003743,交通事故,其他,臺南市永康區段號中華路181號前,1,晴,50,單路部分,路段,無號誌,汽(機)車本身,未依規定讓車
11004ACB91B2925,20210427,120.228463,23.04147,交通事故,其他,臺南市永康區段號洲尾街122號前,1,陰,30,單路部分,路段,無號誌,人與汽(機)車,倒車未依規定
11004ACB91B2930,20210428,120.235379,23.013804,交通事故,一般地址,臺南市永康區五福街段158號,2,晴,30,單路部分,路段,無號誌,車與車,左轉彎未依規定
11004ACB91B2938,20210426,120.243256,23.03475,交通事故,一般地址,臺南市永康區中正二街段620號,1,晴,50,單路部分,路段,無號誌,車與車,橫越道路不慎
11004ACB91B2939,20210427,120.271436,23.053604,交通事故,交叉路口,臺南市永康區中正北路段號和平東路,1,雨,60,交岔路,交叉路口,行車管制號誌(附設行人專用號誌),車與車,違反號誌管制或指揮
11004ACB91B2943,20210428,120.234985,23.039338,交通事故,其他,臺南市永康區段號中正南路680號前,3,晴,40,單路部分,路段,無號誌,車與車,未保持行車安全間隔
11004ACB91B2944,20210429,120.247338,23.00551,交通事故,其他,臺南市永康區段號復國二路56號,1,雨,30,交岔路,交叉路口,無號誌,車與車,未依規定讓車
11004ACB91B2946,20210425,120.233841,23.038181,交通事故,其他,臺南市永康區段號中正南路626號,1,雨,50,交岔路,交叉路口,行車管制號誌(附設行人專用號誌),車與車,未依規定讓車
11004ACB91B2960,20210429,120.249728,23.041415,交通事故,其他,臺南市永康區段號中正北路與中正北路318巷口,1,晴,50,交岔路,交叉路口,行車管制號誌,車與車,未注意車前狀態
11004ACB91B2998,20210424,120.265739,23.014296,交通事故,交叉路口,臺南市永康區北興路段號大同街,3,晴,50,交岔路,交叉路口,閃光號誌,車與車,未依規定讓車
11004ACB91B3003,20210425,120.251189,23.01642,交通事故,一般地址,臺南市永康區永二街段244號,1,陰,50,交岔路,交叉路口,閃光號誌,車與車,橫越道路不慎
11004ACB91B3004,20210429,120.240518,23.041394,交通事故,其他,臺南市永康區段號南科連環道路,1,晴,30,交岔路,交叉路口,行車管制號誌,汽(機)車本身,不明原因肇事
11004ACB91B3006,20210430,120.261808,23.006902,交通事故,其他,臺南市永康區段號永大路二段與大灣三街口,1,晴,50,交岔路,交叉路口,行車管制號誌,汽(機)車本身,酒醉(後)駕駛失控
11004ACB91B3077,20210429,120.271377,23.053529,交通事故,其他,臺南市永康區段號中正北路與王行路,1,晴,50,交岔路,交叉路口,行車管制號誌(附設行人專用號誌),車與車,未依規定讓車
11004ACB91B3130,20210429,120.261824,23.045824,交通事故,交叉路口,臺南市永康區中正北路段號龍橋街,1,晴,50,交岔路,交叉路口,行車管制號誌,車與車,不明原因肇事
11004ACB91B3143,20210421,120.23685,23.007569,交通事故,其他,臺南市永康區段號中華路286巷與中興街69巷口,1,晴,50,交岔路,交叉路口,無號誌,車與車,左轉彎未依規定
11004ACB91B3155,20210425,120.239989,22.998542,交通事故,交叉路口,臺南市永康區復興路段號忠孝路,2,陰,50,交岔路,交叉路口,行車管制號誌,車與車,不明原因肇事
11004ACB91B3161,20210426,120.256066,23.025692,交通事故,一般地址,臺南市永康區中山南路段1070號,2,晴,50,單路部分,其他,行車管制號誌,人與汽(機)車,未注意車前狀態
11004ACB91B3169,20210429,120.245593,23.041435,交通事故,一般地址,臺南市永康區中正北路段266號,1,暴雨,50,單路部分,路段,無號誌,汽(機)車本身,其他引起事故之違規或不當行為
11004ACB91B3171,20210430,120.219418,23.022918,交通事故,交叉路口,臺南市永康區中華路段號南台街,1,晴,50,交岔路,交叉路口,閃光號誌,車與車,未依規定讓車
11004ACB91B3175,20210401,120.25442,23.033774,交通事故,交叉路口,臺南市永康區埔園街段號埔園街406,1,晴,50,交岔路,交叉路口,無號誌,車與車,未依規定讓車
11004ACB91B3176,20210402,120.261408,23.041607,交通事故,一般地址,臺南市永康區龍中街段266號,2,晴,50,交岔路,交叉路口,無號誌,車與車,左轉彎未依規定
11004ACB91B3177,20210403,120.257991,23.000009,交通事故,交叉路口,臺南市永康區大灣路段號崑山街,2,晴,50,交岔路,交叉路口,行車管制號誌,車與車,起步未注意其他車(人)安全
11004ACB91B3178,20210420,120.260139,23.034596,交通事故,交叉路口,臺南市永康區自強路段號龍埔街,1,晴,50,交岔路,交叉路口,行車管制號誌,車與車,未依規定讓車