案件編號,發生日期,GPS經度,GPS緯度,案件類別名稱,地址類型名稱,發生縣市名稱,受傷人數,天候名稱, 速限-第1當事者,道路型態大類別名稱,事故位置大類別名稱,號誌-號誌種類名稱,事故類型及型態大類別名稱,肇因研判子類別名稱-主要
11004ACB91B3180,20210403,120.262351,23.032357,交通事故,一般地址,臺南市永康區龍國街段189號,1,晴,50,單路部分,路段,無號誌,車與車,開啟車門不當而肇事
11004ACB91B3181,20210406,120.227899,23.012532,交通事故,交叉路口,臺南市永康區中山南路段號中華西街,1,晴,50,交岔路,交叉路口,行車管制號誌,人與汽(機)車,其他引起事故之違規或不當行為
11004ACB91B3182,20210406,120.262907,23.020125,交通事故,一般地址,臺南市永康區西勢路段715號,1,晴,50,單路部分,路段,無號誌,車與車,其他引起事故之違規或不當行為
11004ACB91B3183,20210403,120.250921,22.998436,交通事故,一般地址,臺南市永康區崑大路段259號,1,晴,50,單路部分,路段,無號誌,人與汽(機)車,穿越道路未注意左右來車
11004ACB91B3185,20210406,120.225281,23.030072,交通事故,交叉路口,臺南市永康區中正南路段號中正南路349,1,晴,50,交岔路,交叉路口,行車管制號誌,車與車,未依規定讓車
11004ACB91B3186,20210408,120.275061,23.046686,交通事故,交叉路口,臺南市永康區永科王田大道段號王行路,2,晴,50,交岔路,交叉路口,行車管制號誌,車與車,未保持行車安全距離
11004ACB91B3199,20210409,120.262577,23.009398,交通事故,交叉路口,臺南市永康區永大路2段號國光七街,2,晴,50,交岔路,交叉路口,行車管制號誌,車與車,未保持行車安全距離
11004ACB91B3208,20210409,120.254571,22.999387,交通事故,交叉路口,臺南市永康區大灣路段號大灣路960,1,晴,50,交岔路,交叉路口,無號誌,車與車,其他引起事故之違規或不當行為
11004ACB91B3210,20210413,120.217498,23.023549,交通事故,一般地址,臺南市永康區中華路段1038號,1,晴,50,單路部分,路段,無號誌,車與車,未依規定讓車
11004ACB91B3213,20210414,120.253732,23.042361,交通事故,一般地址,臺南市永康區中正北路段403號,1,晴,50,單路部分,路段,無號誌,車與車,未注意車前狀態
11004ACB91B3214,20210416,120.236186,23.040279,交通事故,一般地址,臺南市永康區中正南路段736號,1,晴,50,單路部分,路段,無號誌,車與車,未保持行車安全間隔
11004ACB91B3217,20210415,120.233858,23.008473,交通事故,交叉路口,臺南市永康區中華路段號中華二路,1,晴,50,交岔路,交叉路口,行車管制號誌,車與車,違反號誌管制或指揮
11004ACB91B3228,20210409,120.243618,23.01838,交通事故,交叉路口,臺南市永康區忠孝路段號忠孝路42915,1,晴,50,交岔路,交叉路口,行車管制號誌,車與車,未依規定讓車
11004ACB91B3229,20210415,120.233349,23.009288,交通事故,一般地址,臺南市永康區中華路段381號,1,晴,40,單路部分,路段,無號誌,車與車,變換車道或方向不當
11004ACB91B3230,20210420,120.211231,23.022654,交通事故,一般地址,臺南市永康區中華路段1069號,1,晴,50,單路部分,路段,無號誌,車與車,起步未注意其他車(人)安全
11004ACB91B3231,20210426,120.227178,23.017968,交通事故,一般地址,臺南市永康區中華路段796-2號,1,雨,50,單路部分,路段,無號誌,汽(機)車本身,其他引起事故之違規或不當行為
11004ACB91B3264,20210429,120.23081,23.013083,交通事故,其他,臺南市永康區段號中華路595號前,3,晴,50,單路部分,路段,無號誌,車與車,未依規定減速
11004ACB91B3285,20210424,120.230618,23.012071,交通事故,交叉路口,臺南市永康區新興街段34號六合路71,1,晴,30,交岔路,交叉路口,無號誌,車與車,未依規定讓車
11004ACB91B3289,20210406,120.266139,23.049825,交通事故,一般地址,臺南市永康區中正北路段837號,1,晴,50,交岔路,交叉路口,行車管制號誌,汽(機)車本身,未注意車前狀態
11004ACB91B3290,20210407,120.25944,23.034651,交通事故,交叉路口,臺南市永康區龍埔街段號龍埔街303,1,晴,50,交岔路,交叉路口,無號誌,車與車,尚未發現肇事因素
11004ACB91B3291,20210407,120.238114,23.04165,交通事故,一般地址,臺南市永康區中正北路段191號,2,晴,50,單路部分,路段,無號誌,車與車,未保持行車安全距離
11004ACB91B3292,20210415,120.243807,23.035284,交通事故,交叉路口,臺南市永康區中正路段號中正二街,1,晴,50,交岔路,交叉路口,行車管制號誌,車與車,未依規定讓車
11004ACB91B3293,20210409,120.259422,23.011333,交通事故,交叉路口,臺南市永康區永華路段376號國光八街90,1,晴,50,交岔路,路段,無號誌,車與車,未依規定讓車
11004ACB91B3294,20210412,120.232808,23.010678,交通事故,一般地址,臺南市永康區中華路段456號,1,晴,50,單路部分,路段,無號誌,人與汽(機)車,穿越道路未注意左右來車
11004ACB91B3295,20210419,120.244687,23.034486,交通事故,交叉路口,臺南市永康區中正路段號中正路542,1,晴,50,交岔路,交叉路口,無號誌,車與車,未依規定讓車
11004ACB91B3296,20210412,120.236255,23.013487,交通事故,一般地址,臺南市永康區中山東路段88號,1,晴,50,單路部分,路段,無號誌,汽(機)車本身,未注意車前狀態
11004ACB91B3297,20210420,120.241638,23.008277,交通事故,其他,臺南市永康區段號忠孝路燈桿1179,1,晴,50,單路部分,路段,無號誌,車與車,起步未注意其他車(人)安全
11004ACB91B3298,20210412,120.219255,23.024277,交通事故,一般地址,臺南市永康區中正南路段198號,2,晴,50,交岔路,交叉路口,行車管制號誌,車與車,未注意車前狀態
11004ACB91B3299,20210421,120.22533,23.037812,交通事故,其他,臺南市永康區段號鹽水溪河堤道路往南燈桿尚頂里296,2,晴,50,單路部分,路段,無號誌,車與車,未保持行車安全距離
11004ACB91B3300,20210413,120.229951,23.014629,交通事故,交叉路口,臺南市永康區中華路段212號中華路216,1,晴,30,交岔路,交叉路口,無號誌,車與車,未注意車前狀態
11004ACB91B3308,20210413,120.225281,23.030072,交通事故,交叉路口,臺南市永康區中正南路段220號中正南路22030,1,晴,30,交岔路,交叉路口,無號誌,車與車,未靠右行駛
11004ACB91B3311,20210413,120.250372,22.998634,交通事故,其他,臺南市永康區段號復興路網寮橋(西往東),2,晴,50,單路部分,路段,行車管制號誌,車與車,變換車道或方向不當
11004ACB91B3312,20210421,120.22779,23.032648,交通事故,一般地址,臺南市永康區中正南路段463號,1,晴,50,單路部分,路段,無號誌,車與車,未依規定讓車
11004ACB91B3313,20210413,120.229032,23.021235,交通事故,一般地址,臺南市永康區大橋三街段236號,1,晴,50,交岔路,交叉路口,無號誌,汽(機)車本身,未注意車前狀態
11004ACB91B3314,20210424,120.243168,23.044371,交通事故,一般地址,臺南市永康區永安一街段98號,1,晴,50,單路部分,路段,無號誌,車與車,未依規定讓車
11004ACB91B3315,20210401,120.241227,23.019015,交通事故,交叉路口,臺南市永康區中正南路段號中正南路453,2,晴,50,交岔路,交叉路口,行車管制號誌,車與車,違反號誌管制或指揮
11004ACB91B3316,20210424,120.217778,23.023539,交通事故,一般地址,臺南市永康區中華路段1003號,1,晴,50,交岔路,交叉路口,無號誌,車與車,未依規定讓車
11004ACB91B3317,20210414,120.268018,23.006787,交通事故,一般地址,臺南市永康區民族路段369號0,2,晴,50,單路部分,路段,無號誌,車與車,未保持行車安全距離
11004ACB91B3318,20210408,120.246346,23.04012,交通事故,一般地址,臺南市永康區竹林街段2410號,1,晴,30,交岔路,交叉路口,無號誌,車與車,左轉彎未依規定
11004ACB91B3322,20210414,120.268185,23.031949,交通事故,交叉路口,臺南市永康區龍國街段號龍昌街,1,晴,50,交岔路,交叉路口,行車管制號誌,車與車,未保持行車安全距離
11004ACB91B3323,20210415,120.270915,23.011995,交通事故,交叉路口,臺南市永康區大灣路段號文賢街,1,晴,50,交岔路,交叉路口,行車管制號誌,車與車,未依規定讓車
11004ACB91B3333,20210402,120.231229,23.006517,交通事故,交叉路口,臺南市永康區勝華街段號勝學路,1,晴,30,單路部分,路段,無號誌,車與車,未保持行車安全距離
11004ACB91B3334,20210430,120.23352,23.009475,交通事故,一般地址,臺南市永康區中華路段388號0,1,晴,50,單路部分,路段,無號誌,車與車,未保持行車安全距離
11004ACB91B3336,20210414,120.254783,22.998557,交通事故,交叉路口,臺南市永康區崑大路段891號崑大路89130,2,晴,30,交岔路,交叉路口,無號誌,車與車,未依規定讓車
11004ACB91B3337,20210406,120.235063,22.998698,交通事故,一般地址,臺南市永康區小東路段473-3號,1,晴,50,單路部分,路段,無號誌,車與車,未保持行車安全距離
11004ACB91B3388,20210423,120.258957,23.022949,交通事故,其他,臺南市永康區段號永華路435號,1,晴,50,交岔路,交叉路口,行車管制號誌,汽(機)車本身,尚未發現肇事因素
11004ACB91B3401,20210425,120.226147,23.01896,交通事故,其他,臺南市永康區段號奇美陸橋上(南往北),1,晴,50,單路部分,路段,無號誌,車與車,不明原因肇事
11004ACB91B3403,20210413,120.234359,23.039001,交通事故,交叉路口,臺南市永康區中正南路段號正南五街,1,晴,50,交岔路,交叉路口,行車管制號誌,車與車,未依規定讓車
11004ACB91B3414,20210415,120.26889,23.035601,交通事故,交叉路口,臺南市永康區自強路段888號育樂街104,2,晴,30,交岔路,交叉路口,無號誌,車與車,未依規定讓車
11004ACB91B3415,20210419,120.226636,23.000174,交通事故,交叉路口,臺南市永康區小東路段號小東路647,1,晴,50,交岔路,交叉路口,無號誌,車與車,未依規定讓車
11004ACB91B3418,20210420,120.26889,23.035601,交通事故,交叉路口,臺南市永康區自強路段888號育樂街104,2,晴,30,交岔路,交叉路口,無號誌,車與車,未依規定讓車
11004ACB91B3419,20210421,120.259193,23.006151,交通事故,交叉路口,臺南市永康區永華路段32號崑山街,3,晴,30,交岔路,交叉路口,無號誌,車與車,未依規定讓車
11004ACB91B3420,20210430,120.244961,23.014813,交通事故,一般地址,臺南市永康區復國一路段471號0,1,晴,50,單路部分,路段,無號誌,汽(機)車本身,未注意車前狀態
11004ACB91B3427,20210424,120.241555,23.050046,交通事故,一般地址,臺南市永康區仁愛街段301號,1,晴,50,交岔路,交叉路口,無號誌,車與車,未依規定讓車
11004ACB91B3428,20210420,120.225147,23.019091,交通事故,其他,臺南市永康區段號中華路奇美路橋上,2,晴,50,單路部分,路段,無號誌,車與車,未注意車前狀態
11004ACB91B3429,20210414,120.243024,22.998511,交通事故,其他,臺南市永康區段號復興路268號對面,1,晴,50,單路部分,路段,無號誌,汽(機)車本身,不明原因肇事
11004ACB91B3431,20210429,120.266141,23.01299,交通事故,其他,臺南市永康區段號大同街281號前,1,晴,50,單路部分,路段,無號誌,汽(機)車本身,不明原因肇事
11004ACB91B3447,20210408,120.265464,23.015743,交通事故,交叉路口,臺南市永康區大同街段號大同街320,1,晴,50,交岔路,交叉路口,無號誌,車與車,未靠右行駛
11004ACB91B3448,20210424,120.252067,23.033075,交通事故,一般地址,臺南市永康區埔園街段321號,1,晴,50,單路部分,路段,無號誌,汽(機)車本身,未注意車前狀態
11004ACB91B3449,20210430,120.226702,23.016536,交通事故,交叉路口,臺南市永康區中山南路段號高速一街,1,晴,50,交岔路,交叉路口,行車管制號誌,車與車,未注意車前狀態
11004ACB91B3450,20210421,120.242863,22.998667,交通事故,一般地址,臺南市永康區復興路段278號,1,晴,50,單路部分,路段,無號誌,車與車,未保持行車安全距離
11004ACB91B3451,20210429,120.264987,23.007325,交通事故,交叉路口,臺南市永康區大灣五街段號大安街,2,晴,50,交岔路,交叉路口,行車管制號誌,車與車,違反號誌管制或指揮
11004ACB91B3474,20210417,120.226913,23.018158,交通事故,一般地址,臺南市永康區中華路段796之1號,1,晴,50,單路部分,路段,無號誌,汽(機)車本身,未保持行車安全距離
11004ACB91B3483,20210421,120.242465,23.04169,交通事故,交叉路口,臺南市永康區?行里中正北路段號新行街,2,晴,50,單路部分,路段,無號誌,車與車,未保持行車安全距離
11004ACB91B3495,20210429,120.275437,23.017905,交通事故,交叉路口,臺南市永康區富強路1段194號富強路1254,1,晴,30,交岔路,交叉路口,無號誌,車與車,未依規定讓車
11004ACC91B0008,20210401,120.353924,23.102248,交通事故,其他,臺南市山上區段號南洲里南洲127之1號前,1,晴,50,交岔路,交叉路口,無號誌,車與車,倒車未依規定
11004ACC91B0013,20210401,120.289262,23.019612,交通事故,無,臺南市新化區段號,1,晴,50,交岔路,交叉路口,行車管制號誌,車與車,未依規定讓車
11004ACC91B0044,20210401,120.338467,23.120628,交通事故,其他,臺南市山上區段號明和里178甲線0.2K處外側車道,1,晴,50,單路部分,路段,無號誌,車與車,未注意車前狀態
11004ACC91B0067,20210402,120.311315,23.052487,交通事故,無,臺南市新化區段號,2,晴,40,單路部分,路段,無號誌,車與車,未保持行車安全距離
11004ACC91B0088,20210402,120.380034,23.097652,交通事故,其他,臺南市山上區段號新莊里南184線1公里處,1,晴,40,單路部分,路段,無號誌,汽(機)車本身,未注意車前狀態
11004ACC91B0092,20210402,120.297995,23.038001,交通事故,一般地址,臺南市新化區協興里中山路段66050號0,1,晴,30,交岔路,交叉路口,無號誌,汽(機)車本身,路況危險無安全(警告)設施
11004ACC91B0115,20210401,120.329589,23.059145,交通事故,其他,臺南市新化區段號那拔里牧場112號前,1,晴,60,單路部分,路段,行車管制號誌,車與車,未注意車前狀態
11004ACC91B0133,20210402,120.298099,23.03787,交通事故,其他,臺南市新化區段號協興里中山路660巷50號前,1,晴,30,交岔路,路段,無號誌,汽(機)車本身,路況危險無安全(警告)設施
11004ACC91B0179,20210403,120.292994,23.030344,交通事故,其他,臺南市新化區段號全興里竹子腳95之1號前,1,晴,30,單路部分,路段,無號誌,汽(機)車本身,未靠右行駛
11004ACC91B0183,20210403,120.319427,23.049005,交通事故,交叉路口,臺南市新化區護國里省道臺20線段號省道臺19甲線,3,晴,40,交岔路,交叉路口,行車管制號誌,車與車,違反號誌管制或指揮
11004ACC91B0191,20210403,120.292773,23.02746,交通事故,其他,臺南市新化區段號全興里竹子腳174號,2,晴,50,單路部分,路段,無號誌,人與汽(機)車,未注意車前狀態
11004ACC91B0204,20210402,120.321446,23.028684,交通事故,交叉路口,臺南市新化區東榮里省道臺19甲線段號中興路,1,晴,50,交岔路,交叉路口,行車管制號誌,車與車,違反號誌管制或指揮
11004ACC91B0206,20210402,120.308239,23.035199,交通事故,一般地址,臺南市新化區中正路段409號,2,晴,50,單路部分,路段,無號誌,車與車,逆向行駛
11004ACC91B0277,20210405,120.326196,23.056442,交通事故,無,臺南市新化區段號,2,晴,60,單路部分,路段,無號誌,車與車,未注意車前狀態
11004ACC91B0279,20210404,120.302885,23.036147,交通事故,一般地址,臺南市新化區協興里正新路段233號0,2,晴,50,單路部分,路段,無號誌,車與車,逆向行駛
11004ACC91B0345,20210406,120.297864,23.041954,交通事故,其他,臺南市新化區段號唪口里唪口90號,2,晴,30,交岔路,交叉路口,無號誌,車與車,未依規定讓車
11004ACC91B0378,20210404,120.297299,23.024778,交通事故,無,臺南市新化區段號,3,晴,40,單路部分,路段,無號誌,車與車,未依規定讓車
11004ACC91B0383,20210404,120.4138,23.053535,交通事故,無,臺南市左鎮區段號,4,晴,60,單路部分,路段,無號誌,車與車,酒醉(後)駕駛失控
11004ACC91B0388,20210405,120.393039,23.059878,交通事故,無,臺南市左鎮區段號,1,晴,60,單路部分,路段,無號誌,車與車,變換車道或方向不當
11004ACC91B0402,20210405,120.295125,23.021328,交通事故,其他,臺南市新化區段號全興里慈聖高分16右4號電桿旁路口,2,晴,30,交岔路,交叉路口,無號誌,車與車,其他引起事故之違規或不當行為
11004ACC91B0422,20210407,120.348654,23.067754,交通事故,其他,臺南市新化區段號台20線與南177線路口處,1,晴,60,交岔路,交叉路口,行車管制號誌,車與車,未保持行車安全間隔
11004ACC91B0433,20210405,120.309735,23.036341,交通事故,其他,臺南市新化區段號護國里中山路205號前路口,2,晴,50,交岔路,交叉路口,行車管制號誌,汽(機)車本身,酒醉(後)駕駛失控
11004ACC91B0442,20210407,120.308713,23.032459,交通事故,交叉路口,臺南市新化區武安里中正路段號正新南路,2,晴,50,交岔路,交叉路口,行車管制號誌,車與車,未依規定讓車
11004ACC91B0464,20210404,120.358688,23.100563,交通事故,其他,臺南市山上區段號山上里山上57號前,2,晴,50,單路部分,路段,無號誌,車與車,違反特定標誌(線)禁制
11004ACC91B0485,20210404,120.288876,23.022723,交通事故,無,臺南市新化區段號,1,晴,50,單路部分,路段,無號誌,車與車,未依規定讓車
11004ACC91B0501,20210408,120.292386,23.018942,交通事故,其他,臺南市新化區段號崙頂里崙子頂30之30號旁,1,晴,30,單路部分,路段,無號誌,車與車,未靠右行駛
11004ACC91B0515,20210408,120.307117,23.03842,交通事故,交叉路口,臺南市新化區太平里忠孝路段號中正路,1,晴,50,交岔路,交叉路口,行車管制號誌,車與車,左轉彎未依規定
11004ACC91B0538,20210407,120.294893,23.058707,交通事故,其他,臺南市新化區段號北勢里永新路與永華二街,1,晴,50,交岔路,交叉路口,行車管制號誌,車與車,違反號誌管制或指揮
11004ACC91B0562,20210409,120.30862,23.023789,交通事故,交叉路口,臺南市新化區全興里中正路段號區道南170線,1,晴,50,交岔路,交叉路口,行車管制號誌,車與車,右轉彎未依規定
11004ACC91B0604,20210409,120.2881,23.054257,交通事故,交叉路口,臺南市新化區北勢里區道南144線段號省道臺39線,1,晴,50,單路部分,路段,無號誌,汽(機)車本身,不明原因肇事
11004ACC91B0606,20210409,120.304841,23.036447,交通事故,交叉路口,臺南市新化區武安里民權街段號長青街,1,晴,30,交岔路,交叉路口,無號誌,車與車,未依規定讓車
11004ACC91B0607,20210409,120.315434,23.024881,交通事故,一般地址,臺南市新化區知義里無名道路段90號0,1,晴,30,單路部分,路段,無號誌,汽(機)車本身,不明原因肇事
11004ACC91B0643,20210410,120.295006,23.035631,交通事故,其他,臺南市新化區段號協興里中山路788號前,1,晴,50,單路部分,路段,無號誌,車與車,逆向行駛
11004ACC91B0677,20210410,120.342017,23.113326,交通事故,其他,臺南市山上區段號明和里明和256號前路口,1,晴,50,交岔路,交叉路口,閃光號誌,車與車,未注意車前狀態
11004ACC91B0681,20210410,120.412784,23.009586,交通事故,無,臺南市左鎮區段號,3,晴,50,交岔路,交叉路口,無號誌,汽(機)車本身,超載人員而失控
11004ACC91B0740,20210411,120.321067,23.042618,交通事故,交叉路口,臺南市新化區中山路段111號省道臺19甲線,1,晴,30,交岔路,交叉路口,閃光號誌,車與車,未依規定讓車
11004ACC91B0747,20210405,120.355808,23.101086,交通事故,其他,臺南市山上區段號山上里山上250號前,1,晴,50,單路部分,路段,無號誌,車與車,起步未注意其他車(人)安全
11004ACC91B0776,20210411,120.309542,23.023796,交通事故,無,臺南市新化區段號,1,晴,50,交岔路,交叉路口,閃光號誌,車與車,左轉彎未依規定
11004ACC91B0846,20210412,120.297799,23.03538,交通事故,其他,臺南市新化區段號豐榮里洋子70之2號,2,晴,30,交岔路,交叉路口,無號誌,車與車,未依規定讓車
11004ACC91B0872,20210411,120.306856,23.040062,交通事故,一般地址,臺南市新化區中正路段540-1號0,2,晴,30,單路部分,路段,無號誌,車與車,起步未注意其他車(人)安全
11004ACC91B0891,20210405,120.295487,23.035682,交通事故,無,臺南市新化區段號,2,晴,60,單路部分,路段,行車管制號誌,車與車,使用手持行動電話失控
11004ACC91B0892,20210411,120.302882,23.038639,交通事故,交叉路口,臺南市新化區正新路段號太平街,2,晴,50,交岔路,交叉路口,行車管制號誌,車與車,違反號誌管制或指揮
11004ACC91B0916,20210413,120.300952,23.035839,交通事故,其他,臺南市新化區段號豐榮里大智路25號前,1,晴,50,單路部分,路段,無號誌,人與汽(機)車,其他引起事故之疏失或行為
11004ACC91B0957,20210413,120.307375,23.037504,交通事故,一般地址,臺南市新化區護國里中正路段517號0仁愛街,1,晴,50,單路部分,路段,行車管制號誌,車與車,變換車道或方向不當
11004ACC91B0985,20210413,120.288637,23.048182,交通事故,交叉路口,臺南市新化區北勢里區道南144線段號省道臺39線,3,晴,50,交岔路,交叉路口,行車管制號誌,車與車,未依規定讓車
11004ACC91B0988,20210414,120.28922,23.019576,交通事故,其他,臺南市新化區段號崙頂里台39線1.7公里處路口,1,晴,50,交岔路,路段,行車管制號誌,車與車,未依規定讓車
11004ACC91B1066,20210415,120.299816,23.034768,交通事故,交叉路口,臺南市新化區豐榮里大智路段77號大智路,1,晴,50,交岔路,交叉路口,閃光號誌,車與車,變換車道或方向不當
11004ACC91B1097,20210415,120.366441,23.0776,交通事故,其他,臺南市山上區段號豐德里豐德變電所前,1,晴,60,單路部分,路段,無號誌,汽(機)車本身,未注意車前狀態
11004ACC91B1098,20210415,120.309081,23.038031,交通事故,一般地址,臺南市新化區太平里建國街段35號0,1,晴,50,單路部分,路段,無號誌,車與車,開啟車門不當而肇事
11004ACC91B1161,20210416,120.303437,23.045596,交通事故,一般地址,臺南市新化區中正路段855號0,1,晴,50,單路部分,路段,行車管制號誌,車與車,疲勞(患病)駕駛失控
11004ACC91B1226,20210416,120.308402,23.040232,交通事故,其他,臺南市新化區段號太平里民生路199號旁巷口,2,晴,30,交岔路,路段,無號誌,車與車,未依規定讓車
11004ACC91B1248,20210417,120.294023,23.019261,交通事故,其他,臺南市新化區段號全興里竹子腳1之90號東側旁,2,晴,30,交岔路,交叉路口,無號誌,車與車,未依規定讓車
11004ACC91B1261,20210417,120.287475,23.021861,交通事故,其他,臺南市新化區段號崙頂里崙仔頂394號旁,1,晴,30,交岔路,交叉路口,無號誌,車與車,未依規定讓車
11004ACC91B1292,20210417,120.304985,23.034613,交通事故,交叉路口,臺南市新化區武安里信義路段號健康路,2,晴,30,交岔路,交叉路口,無號誌,車與車,未依規定讓車
11004ACC91B1313,20210416,120.300557,23.036572,交通事故,其他,臺南市新化區段號協興里中山路610號前,1,晴,50,圓環廣場,路段,行車管制號誌,車與車,違反特定標誌(線)禁制
11004ACC91B1346,20210418,120.289205,23.019548,交通事故,無,臺南市新化區段號,2,晴,50,交岔路,交叉路口,行車管制號誌,車與車,未注意車前狀態
11004ACC91B1352,20210418,120.311544,23.039856,交通事故,其他,臺南市新化區段號護國里中山路129號前,1,晴,50,單路部分,路段,無號誌,汽(機)車本身,未注意車前狀態
11004ACC91B1388,20210416,120.457313,23.001654,交通事故,其他,臺南市左鎮區段號草山里小玉山農路(120.456659，23.001427),1,晴,30,單路部分,路段,無號誌,汽(機)車本身,未注意車前狀態
11004ACC91B1409,20210418,120.417736,23.036614,交通事故,無,臺南市左鎮區段號,1,晴,50,單路部分,路段,無號誌,汽(機)車本身,酒醉(後)駕駛失控
11004ACC91B1428,20210419,120.312924,23.051676,交通事故,其他,臺南市新化區段號台19甲線35.3K處,1,晴,40,單路部分,路段,無號誌,車與車,未保持行車安全距離
11004ACC91B1431,20210419,120.36694,23.05189,交通事故,其他,臺南市新化區段號羊林里產業道路(電桿編號:眾生高支10),1,晴,30,單路部分,路段,無號誌,車與車,未靠右行駛
11004ACC91B1478,20210419,120.289194,23.019577,交通事故,無,臺南市新化區段號,1,晴,50,交岔路,交叉路口,行車管制號誌,車與車,未注意車前狀態
11004ACC91B1481,20210419,120.354788,23.049833,交通事故,其他,臺南市新化區段號南173線道2.9K,1,晴,30,單路部分,路段,無號誌,汽(機)車本身,未注意車前狀態
11004ACC91B1522,20210417,120.302412,23.052127,交通事故,無,臺南市新化區段號,1,晴,40,單路部分,路段,無號誌,汽(機)車本身,酒醉(後)駕駛失控
11004ACC91B1543,20210420,120.311511,23.031781,交通事故,一般地址,臺南市新化區東榮里復興路段1879號,1,晴,50,單路部分,路段,無號誌,車與車,起步未注意其他車(人)安全
11004ACC91B1594,20210420,120.304998,23.035859,交通事故,一般地址,臺南市新化區武安里中山路段414號0,1,晴,50,單路部分,路段,無號誌,車與車,橫越道路不慎
11004ACC91B1668,20210421,120.294111,23.042673,交通事故,其他,臺南市新化區段號唪口里唪口142之5號旁路口,1,晴,30,交岔路,交叉路口,閃光號誌,車與車,未注意車前狀態
11004ACC91B1734,20210421,120.307745,23.019069,交通事故,其他,臺南市新化區段號山腳里頂山腳53之62號,3,晴,30,單路部分,路段,無號誌,車與車,違規超車
11004ACC91B1801,20210422,120.307043,23.039084,交通事故,一般地址,臺南市新化區太平里中正路段520號0,1,晴,50,單路部分,路段,無號誌,車與車,未依規定使用燈光
11004ACC91B1883,20210423,120.307081,23.034845,交通事故,交叉路口,臺南市新化區武安里信義路段號大同街,1,晴,30,交岔路,交叉路口,無號誌,車與車,逆向行駛
11004ACC91B1888,20210420,120.352035,23.068821,交通事故,其他,臺南市新化區段號那拔里那拔林115之2號前,1,晴,30,單路部分,路段,無號誌,汽(機)車本身,未注意車前狀態
11004ACC91B1935,20210423,120.304841,23.036447,交通事故,交叉路口,臺南市新化區長青街段號民權街,2,晴,30,交岔路,交叉路口,無號誌,車與車,未依規定讓車
11004ACC91B1963,20210423,120.290384,23.035006,交通事故,交叉路口,臺南市新化區中山路段號中山路898,2,晴,60,交岔路,交叉路口,行車管制號誌,車與車,違反號誌管制或指揮
11004ACC91B2015,20210424,120.28921,23.019624,交通事故,其他,臺南市新化區段號台39線1.7K處,1,晴,50,交岔路,交叉路口,行車管制號誌,車與車,未保持行車安全距離
11004ACC91B2042,20210424,120.306064,23.035842,交通事故,其他,臺南市新化區段號中山路與和平街口,1,晴,50,交岔路,交叉路口,行車管制號誌,車與車,未依規定讓車
11004ACC91B2049,20210424,120.33202,23.028087,交通事故,其他,臺南市新化區段號高鐵橋下台南段道路(台39線0K向北1.5公里處),1,晴,50,交岔路,交叉路口,行車管制號誌,車與車,左轉彎未依規定
11004ACC91B2063,20210424,120.33815,23.110528,交通事故,無,臺南市山上區段號,1,晴,50,交岔路,交叉路口,行車管制號誌,車與車,違反號誌管制或指揮
11004ACC91B2069,20210423,120.289141,23.019023,交通事故,無,臺南市新化區段號,1,晴,50,單路部分,路段,無號誌,汽(機)車本身,酒醉(後)駕駛失控
11004ACC91B2070,20210423,120.30679,23.039433,交通事故,交叉路口,臺南市新化區太平里中正路段號太平街,2,晴,50,交岔路,交叉路口,行車管制號誌,車與車,未依規定使用燈光
11004ACC91B2186,20210424,120.35204,23.023476,交通事故,無,臺南市新化區段號,1,晴,50,單路部分,其他,無號誌,汽(機)車本身,其他引起事故之違規或不當行為
11004ACC91B2237,20210426,120.351223,23.104693,交通事故,其他,臺南市山上區段號明和里明和196之1號(全家超商)前,1,陰,50,單路部分,路段,無號誌,車與車,起步未注意其他車(人)安全
11004ACC91B2245,20210425,120.311515,23.031986,交通事故,交叉路口,臺南市新化區東榮里民生路段號復興路187,2,晴,50,交岔路,交叉路口,行車管制號誌,車與車,未依規定讓車
11004ACC91B2419,20210428,120.29702,23.059046,交通事故,一般地址,臺南市新化區中正路段1181號0,1,陰,50,單路部分,路段,無號誌,車與車,起步未注意其他車(人)安全
11004ACC91B2459,20210428,120.335761,23.102809,交通事故,交叉路口,臺南市山上區明和里區道南140線段號區道南140-1線,1,晴,50,交岔路,交叉路口,行車管制號誌,車與車,未依規定讓車
11004ACC91B2593,20210429,120.3238,23.027357,交通事故,一般地址,臺南市新化區知義里中興路段385號0,2,晴,50,單路部分,路段,無號誌,車與車,起步未注意其他車(人)安全
11004ACC91B2613,20210428,120.309134,23.036161,交通事故,其他,臺南市新化區段號護國里中山路與護安街口,2,晴,50,交岔路,路段,無號誌,車與車,起步未注意其他車(人)安全
11004ACC91B2621,20210430,120.308291,23.034494,交通事故,一般地址,臺南市新化區武安里中正路段363號0,2,晴,50,交岔路,交叉路口,行車管制號誌,車與車,違反號誌管制或指揮
11004ACC91B2642,20210430,120.303212,23.046254,交通事故,交叉路口,臺南市新化區太平里中正路段號中正路686,3,晴,50,交岔路,交叉路口,行車管制號誌,車與車,違反號誌管制或指揮
11004ACC91B2655,20210430,120.305137,23.042542,交通事故,其他,臺南市新化區段號中正路588號前,1,晴,50,交岔路,路段,行車管制號誌,車與車,其他引起事故之違規或不當行為