案件編號,發生日期,GPS經度,GPS緯度,案件類別名稱,地址類型名稱,發生縣市名稱,受傷人數,天候名稱, 速限-第1當事者,道路型態大類別名稱,事故位置大類別名稱,號誌-號誌種類名稱,事故類型及型態大類別名稱,肇因研判子類別名稱-主要
11004ACD91A0011,20210423,120.320635,23.326986,交通事故,一般地址,臺南市新營區埤寮里埤寮段96號,0,晴,30,交岔路,交叉路口,閃光號誌,車與車,未依規定讓車
11004ACD91B0031,20210401,120.325306,23.280772,交通事故,無,臺南市柳營區段號,2,晴,70,交岔路,交叉路口,無號誌,車與車,未依規定讓車
11004ACD91B0041,20210401,120.33527,23.320028,交通事故,交叉路口,臺南市新營區土庫里開元路段號開元路283,1,晴,50,交岔路,交叉路口,行車管制號誌,車與車,未依規定讓車
11004ACD91B0042,20210401,120.306216,23.305027,交通事故,交叉路口,臺南市新營區民生里公園路1段號中華路,3,晴,50,交岔路,交叉路口,行車管制號誌,車與車,未依規定讓車
11004ACD91B0045,20210401,120.313917,23.3107,交通事故,交叉路口,臺南市新營區民權里民治路段號府西路,1,晴,40,交岔路,交叉路口,行車管制號誌,汽(機)車本身,疲勞(患病)駕駛失控
11004ACD91B0062,20210402,120.316528,23.315868,交通事故,一般地址,臺南市新營區中正路段110-6號,2,晴,50,單路部分,路段,無號誌,車與車,未保持行車安全距離
11004ACD91B0066,20210402,120.401191,23.249437,交通事故,交叉路口,臺南市柳營區旭山里市道165線段號區道南107線,1,晴,50,交岔路,交叉路口,行車管制號誌,車與車,未依規定讓車
11004ACD91B0076,20210402,120.308652,23.309659,交通事故,一般地址,臺南市新營區民生里民治路段65號0,1,晴,30,交岔路,交叉路口,閃光號誌,車與車,未依規定讓車
11004ACD91B0090,20210402,120.316891,23.299571,交通事故,其他,臺南市新營區段號中興路新營糖廠前,1,晴,50,單路部分,路段,無號誌,車與車,起步未注意其他車(人)安全
11004ACD91B0093,20210402,120.310966,23.330277,交通事故,交叉路口,臺南市新營區護鎮里建國路段號建國路169,1,晴,50,交岔路,交叉路口,無號誌,車與車,起步未注意其他車(人)安全
11004ACD91B0103,20210402,120.313628,23.300433,交通事故,其他,臺南市新營區段號延平路77號前,1,晴,50,單路部分,路段,無號誌,車與車,未依規定讓車
11004ACD91B0108,20210402,120.298273,23.311926,交通事故,交叉路口,臺南市新營區新南里長榮路2段號秦漢街,1,晴,50,交岔路,交叉路口,行車管制號誌,車與車,未依規定讓車
11004ACD91B0110,20210402,120.313569,23.301285,交通事故,交叉路口,臺南市新營區永平里延平路段號康樂街,1,晴,50,交岔路,交叉路口,閃光號誌,車與車,未依規定讓車
11004ACD91B0139,20210403,120.325306,23.280772,交通事故,其他,臺南市柳營區段號台1線路燈049570208,2,晴,50,單路部分,路段,無號誌,車與車,未注意車前狀態
11004ACD91B0163,20210403,120.295241,23.297642,交通事故,交叉路口,臺南市新營區南紙里建業路段26920號南紙街11740,1,晴,30,交岔路,交叉路口,無號誌,車與車,未依規定讓車
11004ACD91B0165,20210403,120.312774,23.275751,交通事故,交叉路口,臺南市柳營區士林里柳營路1段757號柳營路1,2,晴,40,交岔路,交叉路口,無號誌,車與車,未依規定讓車
11004ACD91B0168,20210403,120.310439,23.325381,交通事故,其他,臺南市新營區段號中正路479巷60號前,1,晴,30,交岔路,交叉路口,無號誌,車與車,未依規定讓車
11004ACD91B0186,20210401,120.288888,23.307911,交通事故,其他,臺南市新營區段號嘉芳里新營交流道往鹽水方向外側車道,1,晴,50,單路部分,路段,無號誌,車與車,違反特定標誌(線)禁制
11004ACD91B0198,20210404,120.309292,23.324018,交通事故,一般地址,臺南市新營區護鎮里中正路段439128號0,1,晴,50,單路部分,路段,無號誌,車與車,未保持行車安全距離
11004ACD91B0220,20210404,120.327887,23.312628,交通事故,無,臺南市新營區段號,1,晴,40,交岔路,路段,無號誌,車與車,未依規定讓車
11004ACD91B0222,20210404,120.323145,23.312292,交通事故,交叉路口,臺南市新營區新東里無名道路段號無名道路,1,晴,30,交岔路,交叉路口,無號誌,車與車,未依規定讓車
11004ACD91B0229,20210404,120.307883,23.309465,交通事故,交叉路口,臺南市新營區民生里民治路段號民生路,1,晴,50,交岔路,交叉路口,行車管制號誌,車與車,未依規定讓車
11004ACD91B0238,20210404,120.243043,23.288282,交通事故,一般地址,臺南市鹽水區歡雅里區道南67線段號,1,晴,50,單路部分,路段,行車管制號誌,汽(機)車本身,未注意車前狀態
11004ACD91B0242,20210404,120.307236,23.302353,交通事故,交叉路口,臺南市新營區民榮里裕民路段號濟安街,1,晴,30,交岔路,交叉路口,無號誌,車與車,未依規定讓車
11004ACD91B0273,20210405,120.313547,23.30063,交通事故,交叉路口,臺南市新營區永平里新進路段號延平路,1,陰,40,交岔路,交叉路口,行車管制號誌,車與車,未依規定讓車
11004ACD91B0301,20210405,120.367175,23.290504,交通事故,一般地址,臺南市柳營區篤農里小腳腿段56之8號,1,晴,50,交岔路,交叉路口,無號誌,車與車,未注意車前狀態
11004ACD91B0323,20210406,120.281947,23.306936,交通事故,一般地址,臺南市新營區嘉芳里新工路段44210號0,1,晴,50,單路部分,路段,無號誌,車與車,停車操作時，未注意其他車(人)安全
11004ACD91B0341,20210406,120.31286,23.304873,交通事故,交叉路口,臺南市新營區民權里中華路段號民權路,1,晴,50,交岔路,交叉路口,行車管制號誌,車與車,違反特定標誌(線)禁制
11004ACD91B0372,20210406,120.309057,23.303321,交通事故,交叉路口,臺南市新營區民生里復興路段號復興路148,2,晴,50,交岔路,交叉路口,無號誌,車與車,未依規定讓車
11004ACD91B0373,20210406,120.269496,23.322559,交通事故,一般地址,臺南市鹽水區水秀里忠義路段44417號0,1,晴,50,單路部分,路段,無號誌,車與車,迴轉未依規定
11004ACD91B0396,20210405,120.317547,23.271037,交通事故,無,臺南市柳營區段號,1,晴,70,交岔路,交叉路口,行車管制號誌,汽(機)車本身,違反號誌管制或指揮
11004ACD91B0409,20210407,120.271721,23.323089,交通事故,一般地址,臺南市鹽水區水秀里朝琴路段140-4號,1,晴,50,單路部分,路段,無號誌,車與車,未保持行車安全間隔
11004ACD91B0416,20210407,120.325843,23.291288,交通事故,交叉路口,臺南市柳營區太康里義士路3段號省道臺1線,2,陰,50,單路部分,路段,無號誌,車與車,未依規定讓車
11004ACD91B0429,20210407,120.325859,23.289596,交通事故,一般地址,臺南市柳營區太康里太康段201號,1,晴,70,交岔路,交叉路口,行車管制號誌,車與車,未依規定讓車
11004ACD91B0430,20210407,120.316902,23.301364,交通事故,交叉路口,臺南市新營區興業里中興路段號廠前街,1,晴,30,交岔路,交叉路口,閃光號誌,車與車,未依規定讓車
11004ACD91B0454,20210407,120.325711,23.286331,交通事故,其他,臺南市柳營區段號太康里臺壹線293.1公里附近,1,陰,40,交岔路,路段,無號誌,汽(機)車本身,未依規定減速
11004ACD91B0459,20210407,120.318978,23.314394,交通事故,交叉路口,臺南市新營區王公里樂利街段號中正路,1,晴,50,交岔路,交叉路口,行車管制號誌,車與車,未依規定讓車
11004ACD91B0469,20210407,120.315077,23.305109,交通事故,交叉路口,臺南市新營區民權里中華路段號信義街,1,晴,30,交岔路,交叉路口,閃光號誌,車與車,未依規定讓車
11004ACD91B0489,20210408,120.310272,23.312125,交通事故,一般地址,臺南市新營區三仙里三興街段75號0,1,晴,30,單路部分,路段,無號誌,車與車,未靠右行駛
11004ACD91B0500,20210408,120.378794,23.266128,交通事故,其他,臺南市柳營區市道165線段號區道南112線165線道、未命名道路,2,晴,50,交岔路,路段,無號誌,車與車,左轉彎未依規定
11004ACD91B0505,20210408,120.320214,23.30658,交通事故,交叉路口,臺南市新營區大宏里文昌街段號同濟街,1,晴,50,交岔路,交叉路口,無號誌,車與車,未依規定讓車
11004ACD91B0506,20210408,120.315953,23.30393,交通事故,一般地址,臺南市新營區民權里中山路段178號0,1,晴,50,單路部分,路段,無號誌,人與汽(機)車,倒車未依規定
11004ACD91B0510,20210407,120.326434,23.320089,交通事故,交叉路口,臺南市新營區長榮路段號東泰路,1,晴,50,交岔路,交叉路口,行車管制號誌,車與車,違反號誌管制或指揮
11004ACD91B0516,20210402,120.312703,23.276869,交通事故,交叉路口,臺南市柳營區士林里柳營路2段號中山西路3,1,晴,50,交岔路,交叉路口,行車管制號誌,車與車,迴轉未依規定
11004ACD91B0520,20210408,120.30671,23.330204,交通事故,其他,臺南市新營區段號建國路293號旁,2,晴,50,交岔路,交叉路口,行車管制號誌,車與車,違反號誌管制或指揮
11004ACD91B0551,20210409,120.313569,23.301285,交通事故,交叉路口,臺南市新營區延平路段號成功街,2,晴,30,交岔路,交叉路口,閃光號誌,車與車,未依規定讓車
11004ACD91B0567,20210409,120.310832,23.311294,交通事故,其他,臺南市新營區段號新營區三仙里無名路道、育德一街-路口,1,晴,30,交岔路,交叉路口,無號誌,車與車,未依規定讓車
11004ACD91B0570,20210409,120.316902,23.301364,交通事故,交叉路口,臺南市新營區中興路段號廠前街,1,晴,50,單路部分,路段,行車管制號誌,車與車,起步未注意其他車(人)安全
11004ACD91B0582,20210409,120.316489,23.310836,交通事故,交叉路口,臺南市新營區民權里民治路段號中正路,1,晴,40,交岔路,交叉路口,行車管制號誌,車與車,違反號誌管制或指揮
11004ACD91B0590,20210409,120.273708,23.297223,交通事故,其他,臺南市新營區段號太北里台19甲線太鐵高幹12B1前,1,晴,50,單路部分,路段,無號誌,車與車,逆向行駛
11004ACD91B0610,20210409,120.316619,23.311278,交通事故,其他,臺南市新營區段號王公里中正路44號之2,1,晴,40,單路部分,路段,無號誌,車與車,未依規定讓車
11004ACD91B0616,20210409,120.249993,23.275875,交通事故,其他,臺南市鹽水區段號南72線與無名道路,1,晴,30,交岔路,交叉路口,無號誌,車與車,未依規定讓車
11004ACD91B0617,20210408,120.316692,23.311851,交通事故,一般地址,臺南市新營區中正路段44313號,1,晴,50,單路部分,路段,無號誌,人與汽(機)車,未依規定行走行人穿越道、地下道、天橋而穿越道路
11004ACD91B0625,20210409,120.285634,23.31194,交通事故,其他,臺南市新營區段號新運一路電桿:新鹽幹27北支8.31.1,2,晴,50,單路部分,路段,無號誌,汽(機)車本身,其他引起事故之違規或不當行為
11004ACD91B0657,20210410,120.31112,23.31049,交通事故,一般地址,臺南市新營區三仙里民治路段78-14號,1,晴,50,單路部分,路段,無號誌,汽(機)車本身,未注意車前狀態
11004ACD91B0664,20210410,120.311582,23.315764,交通事故,其他,臺南市新營區段號三仙里育德北路-第613804號燈桿前,1,晴,50,單路部分,路段,無號誌,汽(機)車本身,未注意車前狀態
11004ACD91B0692,20210410,120.301174,23.304558,交通事故,一般地址,臺南市新營區新南里復興路段380號0,1,晴,50,交岔路,交叉路口,行車管制號誌,車與車,未保持行車安全間隔
11004ACD91B0708,20210409,120.292235,23.330298,交通事故,其他,臺南市鹽水區段號汫水里溪州寮2之16號附近,2,晴,50,單路部分,路段,無號誌,汽(機)車本身,不明原因肇事
11004ACD91B0725,20210411,120.322204,23.302904,交通事故,無,臺南市新營區段號,1,晴,50,單路部分,路段,無號誌,汽(機)車本身,酒醉(後)駕駛失控
11004ACD91B0733,20210411,120.325982,23.309101,交通事故,交叉路口,臺南市新營區中營里省道臺1線段號東山路,2,晴,50,交岔路,交叉路口,行車管制號誌,車與車,未依規定讓車
11004ACD91B0737,20210411,120.317329,23.3109,交通事故,一般地址,臺南市新營區王公里民治路段28之1號0,1,晴,40,單路部分,路段,無號誌,車與車,未注意車前狀態
11004ACD91B0741,20210411,120.323033,23.316329,交通事故,交叉路口,臺南市新營區新東里東興路段號東興八街,1,晴,50,交岔路,路段,行車管制號誌,車與車,未注意車前狀態
11004ACD91B0746,20210411,120.310429,23.305545,交通事故,交叉路口,臺南市新營區三仙里武昌街段號三興街,2,晴,30,交岔路,交叉路口,無號誌,車與車,未依規定讓車
11004ACD91B0769,20210411,120.308752,23.319394,交通事故,交叉路口,臺南市新營區新北里三興街段號長榮路2,1,晴,50,交岔路,交叉路口,行車管制號誌,車與車,違反號誌管制或指揮
11004ACD91B0803,20210405,120.321423,23.305386,交通事故,一般地址,臺南市新營區永平里新進路2段42號0,1,晴,40,單路部分,路段,無號誌,車與車,逆向行駛
11004ACD91B0804,20210405,120.271115,23.318579,交通事故,交叉路口,臺南市鹽水區津城里信義路段號行昌路,1,晴,50,交岔路,交叉路口,行車管制號誌,車與車,違反號誌管制或指揮
11004ACD91B0805,20210405,120.322098,23.305879,交通事故,一般地址,臺南市新營區中營里新進路段23號,1,晴,40,單路部分,路段,無號誌,車與車,違反特定標誌(線)禁制
11004ACD91B0808,20210406,120.334799,23.291003,交通事故,其他,臺南市柳營區段號太康里義士路三段(副產高幹34),1,晴,40,交岔路,交叉路口,無號誌,車與車,未依規定讓車
11004ACD91B0828,20210412,120.273115,23.322719,交通事故,一般地址,臺南市鹽水區水秀里土庫段27334號,2,晴,50,單路部分,路段,無號誌,車與車,迴轉未依規定
11004ACD91B0835,20210412,120.315082,23.310786,交通事故,一般地址,臺南市新營區忠政里民治路段36號0,1,晴,40,交岔路,交叉路口,行車管制號誌,車與車,違反號誌管制或指揮
11004ACD91B0840,20210412,120.315877,23.312808,交通事故,交叉路口,臺南市新營區忠政里中正路段35號安和街25,2,晴,30,交岔路,交叉路口,無號誌,車與車,未依規定讓車
11004ACD91B0912,20210413,120.325982,23.309101,交通事故,交叉路口,臺南市新營區中營里開元路段號東山路,1,晴,50,交岔路,交叉路口,行車管制號誌,車與車,違反號誌管制或指揮
11004ACD91B0944,20210407,120.30319,23.298295,交通事故,交叉路口,臺南市新營區建業路段269號建業路22716,2,晴,30,交岔路,路段,無號誌,車與車,未依規定讓車
11004ACD91B0962,20210406,120.31392,23.310697,交通事故,交叉路口,臺南市新營區民權里民治路段號府西路,1,晴,50,交岔路,交叉路口,行車管制號誌,車與車,違反號誌管制或指揮
11004ACD91B0979,20210414,120.309067,23.305944,交通事故,交叉路口,臺南市新營區民生里三民路段號民生路,1,晴,50,交岔路,交叉路口,行車管制號誌,車與車,未依規定讓車
11004ACD91B0980,20210414,120.312533,23.276673,交通事故,交叉路口,臺南市柳營區光福里柳營路2段號中山西路3,2,晴,50,交岔路,交叉路口,行車管制號誌,車與車,未依規定讓車
11004ACD91B0989,20210414,120.300275,23.30477,交通事故,一般地址,臺南市新營區復興路段371號,2,晴,50,單路部分,路段,行車管制號誌,車與車,蛇行、方向不定
11004ACD91B1004,20210414,120.278911,23.322641,交通事故,其他,臺南市鹽水區段號水秀里土庫14號前,1,晴,30,交岔路,交叉路口,無號誌,車與車,未依規定讓車
11004ACD91B1019,20210414,120.267651,23.32183,交通事故,交叉路口,臺南市鹽水區津城里忠義路段號民生街,1,晴,50,交岔路,交叉路口,無號誌,車與車,未依規定讓車
11004ACD91B1022,20210414,120.263803,23.322606,交通事故,交叉路口,臺南市鹽水區津城里三福路段號文武街,1,晴,50,交岔路,交叉路口,閃光號誌,車與車,未依規定讓車
11004ACD91B1035,20210409,120.313306,23.268264,交通事故,交叉路口,臺南市柳營區柳營路1段號柳營路1279,1,晴,40,交岔路,路段,行車管制號誌,車與車,未保持行車安全距離
11004ACD91B1042,20210407,120.310095,23.312837,交通事故,交叉路口,臺南市新營區三仙里三興街段號育德七街,1,晴,40,交岔路,交叉路口,無號誌,車與車,未依規定讓車
11004ACD91B1063,20210415,120.308669,23.307116,交通事故,交叉路口,臺南市新營區民生里民生路段號公園路1,1,晴,50,交岔路,交叉路口,行車管制號誌,車與車,未保持行車安全間隔
11004ACD91B1099,20210415,120.259878,23.269352,交通事故,其他,臺南市新營區段號姑爺47之12號前,1,晴,30,單路部分,路段,無號誌,汽(機)車本身,疲勞(患病)駕駛失控
11004ACD91B1106,20210415,120.313526,23.269484,交通事故,一般地址,臺南市柳營區柳營路1段576號0,1,晴,50,交岔路,路段,行車管制號誌,汽(機)車本身,未注意車前狀態
11004ACD91B1116,20210415,120.320169,23.307431,交通事故,交叉路口,臺南市新營區三民路段號同濟街,1,晴,50,交岔路,交叉路口,行車管制號誌,車與車,未依規定讓車
11004ACD91B1120,20210415,120.299531,23.276034,交通事故,交叉路口,臺南市柳營區八翁里中山西路3段號長榮路5,1,晴,50,交岔路,交叉路口,行車管制號誌,車與車,未依規定讓車
11004ACD91B1181,20210416,120.312836,23.295872,交通事故,其他,臺南市柳營區段號急水溪橋往南機車道,1,晴,40,單路部分,路段,無號誌,車與車,未注意車前狀態
11004ACD91B1223,20210416,120.302734,23.298248,交通事故,其他,臺南市新營區段號南興里建業路65號-附近,1,晴,30,單路部分,路段,無號誌,汽(機)車本身,酒醉(後)駕駛失控
11004ACD91B1236,20210417,120.316192,23.321612,交通事故,一般地址,臺南市新營區埤寮里中正路段337號0,1,晴,50,單路部分,路段,無號誌,汽(機)車本身,酒醉(後)駕駛失控
11004ACD91B1244,20210407,120.314794,23.307082,交通事故,交叉路口,臺南市新營區民權里三民路段號信義街,1,晴,50,交岔路,交叉路口,行車管制號誌,車與車,變換車道或方向不當
11004ACD91B1271,20210408,120.318305,23.310817,交通事故,一般地址,臺南市新營區大宏里民族路段16469號,1,晴,50,單路部分,路段,行車管制號誌,車與車,倒車未依規定
11004ACD91B1293,20210417,120.296187,23.307243,交通事故,一般地址,臺南市新營區新南里復興路段620396號0,1,晴,50,單路部分,路段,無號誌,車與車,起步未注意其他車(人)安全
11004ACD91B1303,20210417,120.317026,23.304553,交通事故,一般地址,臺南市新營區中營里中山路段140號,1,晴,50,圓環廣場,路段,無號誌,車與車,未依規定讓車
11004ACD91B1321,20210408,120.299781,23.304159,交通事故,其他,臺南市新營區段號太子路22號旁巷子,1,晴,50,交岔路,交叉路口,無號誌,車與車,右轉彎未依規定
11004ACD91B1331,20210409,120.304558,23.314892,交通事故,交叉路口,臺南市新營區新北里民生路段386號長榮路2430,1,晴,50,交岔路,交叉路口,無號誌,車與車,未依規定讓車
11004ACD91B1342,20210418,120.300482,23.330799,交通事故,一般地址,臺南市新營區建國路段313號,1,晴,30,單路部分,路段,無號誌,汽(機)車本身,未注意車前狀態
11004ACD91B1353,20210418,120.315287,23.307086,交通事故,一般地址,臺南市新營區三仙里三民路段73號0,2,晴,50,單路部分,路段,無號誌,車與車,起步未注意其他車(人)安全
11004ACD91B1412,20210419,120.369514,23.258417,交通事故,其他,臺南市柳營區段號果毅里33-3號前,1,晴,50,單路部分,路段,無號誌,車與車,迴轉未依規定
11004ACD91B1416,20210419,120.303235,23.305716,交通事故,一般地址,臺南市新營區南興里民治路段360號0,1,晴,50,單路部分,路段,無號誌,車與車,起步未注意其他車(人)安全
11004ACD91B1418,20210413,120.31613,23.308595,交通事故,一般地址,臺南市新營區民權里中正路段8號,1,晴,50,單路部分,路段,行車管制號誌,車與車,未注意車前狀態
11004ACD91B1434,20210419,120.311658,23.27918,交通事故,其他,臺南市柳營區段號柳營路二段77號前,1,晴,50,單路部分,路段,無號誌,車與車,未依規定讓車
11004ACD91B1441,20210417,120.297916,23.30884,交通事故,交叉路口,臺南市新營區新南里明清街段號明清二街,1,晴,50,交岔路,交叉路口,無號誌,車與車,未依規定讓車
11004ACD91B1449,20210419,120.36742,23.292427,交通事故,其他,臺南市柳營區段號重溪里小?腿97號旁無名道路、南81線道-十字路口,1,晴,30,交岔路,交叉路口,閃光號誌,車與車,未依規定讓車
11004ACD91B1468,20210419,120.323006,23.316766,交通事故,交叉路口,臺南市新營區東興路段號東興五街,2,晴,50,交岔路,交叉路口,無號誌,車與車,未依規定讓車
11004ACD91B1552,20210420,120.278139,23.290971,交通事故,其他,臺南市新營區段號太南里太子宮275號之2旁T字路口,1,晴,30,交岔路,交叉路口,無號誌,車與車,未依規定讓車
11004ACD91B1610,20210420,120.316676,23.312272,交通事故,一般地址,臺南市新營區忠政里中正路段33之8號,2,晴,50,單路部分,路段,無號誌,車與車,左轉彎未依規定
11004ACD91B1624,20210420,120.310664,23.303967,交通事故,交叉路口,臺南市新營區博愛街段號三興街,2,晴,30,交岔路,交叉路口,無號誌,車與車,未依規定讓車
11004ACD91B1686,20210421,120.302513,23.304158,交通事故,交叉路口,臺南市新營區民生里復興路段號新進路2,3,晴,50,交岔路,交叉路口,行車管制號誌,車與車,違反號誌管制或指揮
11004ACD91B1703,20210421,120.315857,23.313207,交通事故,交叉路口,臺南市新營區忠政里安和街段25號中正路37,1,晴,30,交岔路,交叉路口,無號誌,車與車,未依規定讓車
11004ACD91B1771,20210422,120.293449,23.300947,交通事故,交叉路口,臺南市新營區南紙里太子路段號長榮路3,2,晴,50,交岔路,交叉路口,閃光號誌,汽(機)車本身,未依規定減速
11004ACD91B1849,20210422,120.243448,23.293342,交通事故,其他,臺南市鹽水區段號三明里中央公路、南73之1線道-路口,2,晴,50,交岔路,交叉路口,行車管制號誌,車與車,左轉彎未依規定
11004ACD91B1897,20210423,120.275592,23.29196,交通事故,其他,臺南市新營區段號太北里140-3號前,2,晴,50,單路部分,路段,無號誌,車與車,起步未注意其他車(人)安全
11004ACD91B1916,20210423,120.31659,23.314303,交通事故,交叉路口,臺南市新營區忠政里中正路段號安和街,1,晴,40,單路部分,路段,無號誌,車與車,變換車道或方向不當
11004ACD91B1926,20210423,120.320489,23.278994,交通事故,交叉路口,臺南市柳營區東昇里中山西路1段號建國路,1,晴,50,交岔路,路段,行車管制號誌,車與車,迴轉未依規定
11004ACD91B1932,20210423,120.319456,23.29145,交通事故,其他,臺南市柳營區段號義士路五段(副產高幹15號),1,晴,50,單路部分,路段,無號誌,車與車,蛇行、方向不定
11004ACD91B1936,20210423,120.313003,23.303982,交通事故,一般地址,臺南市新營區三仙里民權路段44274號0,1,晴,50,交岔路,交叉路口,無號誌,車與車,違反特定標誌(線)禁制
11004ACD91B1981,20210423,120.316186,23.326027,交通事故,交叉路口,臺南市新營區埤寮里中正路段號中正路430,2,晴,50,交岔路,交叉路口,行車管制號誌,車與車,違反號誌管制或指揮
11004ACD91B2043,20210424,120.315186,23.304337,交通事故,交叉路口,臺南市新營區信義街段號博愛街,1,晴,30,交岔路,交叉路口,無號誌,車與車,未依規定讓車
11004ACD91B2050,20210424,120.314025,23.311571,交通事故,其他,臺南市新營區段號未命名道路,1,晴,30,單路部分,路段,無號誌,車與車,未保持行車安全間隔
11004ACD91B2097,20210425,120.275196,23.292714,交通事故,交叉路口,臺南市新營區太北里省道臺19甲線段號區道南72線,1,陰,50,交岔路,交叉路口,行車管制號誌,車與車,未依規定讓車
11004ACD91B2111,20210425,120.275428,23.325227,交通事故,交叉路口,臺南市鹽水區水秀里朝琴路段號和平路,1,雨,50,交岔路,交叉路口,行車管制號誌,車與車,右轉彎未依規定
11004ACD91B2171,20210425,120.3378,23.322422,交通事故,交叉路口,臺南市新營區土庫里省道臺1線段號區道南76線,1,晴,70,交岔路,路段,行車管制號誌,車與車,未注意車前狀態
11004ACD91B2198,20210426,120.313138,23.297997,交通事故,交叉路口,臺南市新營區南興里延平路段號中興路66,2,晴,50,交岔路,交叉路口,行車管制號誌,車與車,違反號誌管制或指揮
11004ACD91B2225,20210426,120.313804,23.304971,交通事故,交叉路口,臺南市新營區民權里中華路段號仁愛街,2,晴,50,交岔路,交叉路口,無號誌,汽(機)車本身,未依規定減速
11004ACD91B2227,20210426,120.30667,23.30322,交通事故,其他,臺南市新營區段號復興路182號前,2,晴,50,單路部分,路段,無號誌,人與汽(機)車,其他引起事故之疏失或行為
11004ACD91B2253,20210426,120.315236,23.300389,交通事故,一般地址,臺南市新營區廠前街段號,2,晴,30,單路部分,路段,無號誌,車與車,起步未注意其他車(人)安全
11004ACD91B2257,20210426,120.375784,23.263084,交通事故,其他,臺南市柳營區段號柳營區果毅里果毅後3號之8附近,1,晴,50,單路部分,路段,無號誌,汽(機)車本身,未注意車前狀態
11004ACD91B2278,20210427,120.304693,23.308128,交通事故,一般地址,臺南市新營區民生里民治路段145號0,1,陰,50,單路部分,路段,無號誌,車與車,起步未注意其他車(人)安全
11004ACD91B2279,20210424,120.307139,23.306628,交通事故,一般地址,臺南市新營區民生里公園路1段60號,1,晴,50,單路部分,路段,無號誌,車與車,起步未注意其他車(人)安全
11004ACD91B2298,20210427,120.312542,23.33025,交通事故,交叉路口,臺南市新營區護鎮里建國路段號許丑路,1,陰,50,交岔路,交叉路口,行車管制號誌,車與車,未依規定讓車
11004ACD91B2305,20210427,120.285892,23.328371,交通事故,交叉路口,臺南市鹽水區水秀里區道南74線段號無名路,1,陰,50,交岔路,交叉路口,無號誌,車與車,未依規定減速
11004ACD91B2330,20210427,120.305135,23.308512,交通事故,交叉路口,臺南市新營區新北里民治路段號新北街,1,陰,50,交岔路,交叉路口,行車管制號誌,車與車,未依規定讓車
11004ACD91B2336,20210427,120.318613,23.305241,交通事故,交叉路口,臺南市新營區中營里中山路段號民族路,1,陰,50,交岔路,交叉路口,行車管制號誌,車與車,未保持行車安全距離
11004ACD91B2344,20210427,120.315861,23.277063,交通事故,交叉路口,臺南市柳營區中埕里中山西路2段號中興街,3,晴,50,交岔路,交叉路口,閃光號誌,車與車,未依規定讓車
11004ACD91B2388,20210426,120.302403,23.303406,交通事故,交叉路口,臺南市新營區民榮里新進路2段號新進路2445,1,晴,40,交岔路,交叉路口,行車管制號誌,汽(機)車本身,未注意車前狀態
11004ACD91B2390,20210419,120.358638,23.28059,交通事故,交叉路口,臺南市柳營區大農里腳腿仔大道段號工二路,1,晴,40,交岔路,交叉路口,行車管制號誌,車與車,違反號誌管制或指揮
11004ACD91B2454,20210428,120.310245,23.311734,交通事故,交叉路口,臺南市新營區三仙里三興街段號育德三街,1,晴,30,交岔路,交叉路口,無號誌,車與車,未依規定讓車
11004ACD91B2496,20210429,120.30147,23.305443,交通事故,一般地址,臺南市新營區復興路段378號,1,雨,50,交岔路,交叉路口,行車管制號誌,汽(機)車本身,違反號誌管制或指揮
11004ACD91B2511,20210426,120.323033,23.316329,交通事故,交叉路口,臺南市新營區東興路段號東興八街,2,晴,50,交岔路,路段,行車管制號誌,車與車,左轉彎未依規定
11004ACD91B2529,20210429,120.322812,23.299631,交通事故,一般地址,臺南市新營區工業街段93號,1,陰,30,交岔路,交叉路口,閃光號誌,汽(機)車本身,未保持行車安全距離
11004ACD91B2563,20210429,120.274622,23.29357,交通事故,其他,臺南市新營區段號太北里太子宮145號,1,晴,50,單路部分,路段,無號誌,車與車,迴轉未依規定
11004ACD91B2594,20210429,120.313498,23.269627,交通事故,交叉路口,臺南市柳營區光福里省道臺1線段號柳營路1,1,晴,50,交岔路,交叉路口,行車管制號誌,汽(機)車本身,未注意車前狀態
11004ACD91B2610,20210430,120.286725,23.29957,交通事故,交叉路口,臺南市新營區嘉芳里嘉芳街段號無名道路,2,晴,50,交岔路,交叉路口,無號誌,車與車,違反特定標誌(線)禁制
11004ACD91B2614,20210409,120.276455,23.325414,交通事故,其他,臺南市鹽水區段號蔦松腳11-7號前,1,晴,50,單路部分,路段,無號誌,車與車,未注意車前狀態
11004ACD91B2633,20210430,120.263098,23.324193,交通事故,交叉路口,臺南市鹽水區岸內里金和路段號和平路,1,晴,50,交岔路,交叉路口,行車管制號誌,車與車,未注意車前狀態
11004ACD91B2644,20210430,120.313212,23.304828,交通事故,其他,臺南市新營區段號中華路31-2號前,1,晴,50,單路部分,路段,無號誌,車與車,未保持行車安全間隔
11004ACD91B2646,20210429,120.31359,23.30598,交通事故,交叉路口,臺南市新營區民權里仁愛街段號武昌街,2,晴,30,交岔路,交叉路口,無號誌,車與車,未依規定讓車
11004ACD91B2647,20210430,120.33542,23.309732,交通事故,交叉路口,臺南市新營區中營里東山路段號東山五路,1,晴,50,交岔路,交叉路口,行車管制號誌,車與車,未依規定讓車
11004ACD91B2680,20210430,120.311323,23.30469,交通事故,一般地址,臺南市新營區三仙里中華路段62號0,1,晴,50,單路部分,路段,無號誌,汽(機)車本身,動物竄出
11004ACD91B2867,20210408,120.268286,23.319696,交通事故,交叉路口,臺南市鹽水區月港里中山路段號康樂路,1,晴,50,交岔路,交叉路口,閃光號誌,車與車,未依規定讓車