案件編號,發生日期,GPS經度,GPS緯度,案件類別名稱,地址類型名稱,發生縣市名稱,受傷人數,天候名稱, 速限-第1當事者,道路型態大類別名稱,事故位置大類別名稱,號誌-號誌種類名稱,事故類型及型態大類別名稱,肇因研判子類別名稱-主要
11004ACD91B2875,20210428,120.313675,23.301663,交通事故,一般地址,臺南市新營區永平里延平路段31號,1,晴,40,單路部分,路段,無號誌,車與車,違反特定標誌(線)禁制
11004ACD91B2878,20210427,120.303835,23.310644,交通事故,一般地址,臺南市新營區新北里金華路2段137號,1,晴,40,單路部分,路段,無號誌,汽(機)車本身,未注意車前狀態
11004ACD91B2879,20210423,120.270901,23.322328,交通事故,一般地址,臺南市鹽水區水秀里朝琴路段137號,1,陰,50,單路部分,路段,無號誌,人與汽(機)車,未依規定行走行人穿越道、地下道、天橋而穿越道路
11004ACD91B2880,20210421,120.293856,23.302569,交通事故,交叉路口,臺南市新營區南紙里太子路段238號太子路23842,1,晴,30,交岔路,交叉路口,無號誌,車與車,未依規定讓車
11004ACD91B2881,20210417,120.303168,23.301509,交通事故,一般地址,臺南市新營區民榮里新進路2段332號,1,晴,40,單路部分,路段,無號誌,車與車,違反特定標誌(線)禁制
11004ACD91B2907,20210430,120.381393,23.283652,交通事故,其他,臺南市柳營區段號南81-2線、義士路1段710巷,1,晴,50,交岔路,交叉路口,閃光號誌,車與車,未依規定讓車
11004ACD91B2929,20210430,120.307012,23.311525,交通事故,一般地址,臺南市新營區新北里民生路段172號,1,晴,50,單路部分,路段,無號誌,車與車,右轉彎未依規定
11004ACD91B2931,20210430,120.304305,23.307842,交通事故,一般地址,臺南市新營區新南里民治路段234號,1,晴,40,交岔路,交叉路口,無號誌,車與車,未依規定讓車
11004ACE91B0289,20210405,120.460568,23.124099,交通事故,其他,臺南市玉井區段號中正路48號前,3,晴,50,交岔路,交叉路口,無號誌,車與車,逆向行駛
11004ACE91B0546,20210407,120.44604,23.122676,交通事故,其他,臺南市玉井區段號豐里里5-3號前,1,晴,50,單路部分,路段,無號誌,汽(機)車本身,未注意車前狀態
11004ACE91B0618,20210408,120.48931,23.138121,交通事故,無,臺南市楠西區段號,1,晴,50,單路部分,路段,無號誌,車與車,違反特定標誌(線)禁制
11004ACE91B0859,20210409,120.469051,23.118195,交通事故,無,臺南市玉井區玉田里中華路段451號0,1,晴,50,單路部分,路段,無號誌,汽(機)車本身,未注意車前狀態
11004ACE91B0998,20210414,120.459644,23.122523,交通事故,一般地址,臺南市玉井區玉田里中正路段19號,1,晴,50,單路部分,路段,無號誌,車與車,倒車未依規定
11004ACE91B1031,20210414,120.468654,23.129486,交通事故,交叉路口,臺南市玉井區中正里中正路段號福德街,2,晴,40,交岔路,交叉路口,無號誌,車與車,未注意車前狀態
11004ACE91B1475,20210418,120.47677,23.041333,交通事故,其他,臺南市南化區段號南化里105-1號,2,晴,50,單路部分,路段,無號誌,車與車,迴轉未依規定
11004ACE91B1538,20210420,120.546751,23.224663,交通事故,無,臺南市楠西區段號,1,晴,50,單路部分,路段,無號誌,汽(機)車本身,未注意車前狀態
11004ACE91B1906,20210423,120.486135,23.090817,交通事故,無,臺南市南化區段號,3,晴,60,單路部分,路段,無號誌,車與車,未注意車前狀態
11004ACE91B1940,20210423,120.459354,23.121888,交通事故,交叉路口,臺南市玉井區玉井里中正路段號民權路,1,晴,50,交岔路,交叉路口,行車管制號誌,車與車,左轉彎未依規定
11004ACE91B2573,20210428,120.465803,23.126787,交通事故,交叉路口,臺南市玉井區中正里中山路段號中正路,1,晴,50,單路部分,路段,無號誌,汽(機)車本身,酒醉(後)駕駛失控
11004ACE91B2634,20210429,120.486319,23.174107,交通事故,交叉路口,臺南市楠西區東勢里茄拔路段181號仁愛路17,1,晴,30,交岔路,交叉路口,無號誌,車與車,左轉彎未依規定
11004ACE91B2636,20210430,120.481795,23.141507,交通事故,無,臺南市玉井區段號,1,晴,70,單路部分,路段,無號誌,車與車,未保持行車安全距離
11004ACE91B2697,20210425,120.447745,23.105701,交通事故,其他,臺南市玉井區段號望明里劉陳33號前,2,雨,60,單路部分,路段,無號誌,車與車,未保持行車安全間隔
11004ACE91B2711,20210430,120.462324,23.12492,交通事故,交叉路口,臺南市玉井區玉田里中正路段號中華路,1,晴,50,交岔路,交叉路口,無號誌,車與車,未依規定讓車
11004ACE91B2830,20210427,120.458522,23.123332,交通事故,交叉路口,臺南市玉井區玉井里憲政街段號憲政街66,1,晴,40,交岔路,交叉路口,無號誌,車與車,起步未注意其他車(人)安全
11004ACE91B2947,20210423,120.475713,23.11191,交通事故,無,臺南市玉井區段號,2,晴,60,單路部分,路段,無號誌,汽(機)車本身,未注意車前狀態
11004ACE91B3302,20210405,120.462676,23.046277,交通事故,無,臺南市南化區段號,2,晴,50,交岔路,交叉路口,無號誌,汽(機)車本身,未依規定減速
11004ACE91B3307,20210428,120.459111,23.121473,交通事故,其他,臺南市玉井區段號中正路玉井國小前,2,晴,50,單路部分,路段,無號誌,車與車,未注意車前狀態
11004ACEM1B0466,20210403,120.467899,23.118735,交通事故,交叉路口,臺南市玉井區大成路段號和平街,1,晴,50,交岔路,交叉路口,行車管制號誌,汽(機)車本身,其他引起事故之違規或不當行為
11004ACEU1B1330,20210407,120.462996,23.120292,交通事故,其他,臺南市玉井區段號玉田里中山路與和平街路口,2,晴,50,交岔路,交叉路口,閃光號誌,車與車,未依規定讓車
11004ACF91A0003,20210408,120.351522,23.308267,交通事故,其他,臺南市東山區段號聖賢里南314線4.5公里處,0,晴,60,單路部分,路段,無號誌,汽(機)車本身,酒醉(後)駕駛失控
11004ACF91B0068,20210401,120.356117,23.332844,交通事故,其他,臺南市後壁區段號長安里中寮127-1號前,2,晴,40,交岔路,交叉路口,無號誌,車與車,未依規定讓車
11004ACF91B0155,20210403,120.412598,23.368168,交通事故,其他,臺南市白河區段號大竹里大排竹10之10號,1,晴,40,交岔路,交叉路口,無號誌,車與車,未依規定讓車
11004ACF91B0207,20210403,120.51494,23.286247,交通事故,無,臺南市東山區段號,1,晴,25,單路部分,路段,無號誌,車與車,違反特定標誌(線)禁制
11004ACF91B0221,20210404,120.405078,23.32319,交通事故,交叉路口,臺南市東山區育德街段號青葉路,2,晴,50,交岔路,交叉路口,行車管制號誌,車與車,違反號誌管制或指揮
11004ACF91B0265,20210404,120.414021,23.349874,交通事故,交叉路口,臺南市白河區中正路段號新生路,1,晴,40,交岔路,交叉路口,行車管制號誌,車與車,起步未注意其他車(人)安全
11004ACF91B0293,20210404,120.3879,23.375081,交通事故,其他,臺南市後壁區段號土溝里天山宮前道路,1,晴,30,交岔路,交叉路口,無號誌,車與車,未靠右行駛
11004ACF91B0300,20210404,120.41475,23.348558,交通事故,交叉路口,臺南市白河區中山路段號康樂路,2,晴,40,交岔路,交叉路口,行車管制號誌,車與車,未依規定讓車
11004ACF91B0563,20210408,120.336695,23.38599,交通事故,其他,臺南市後壁區段號南85線與後?外環道,1,晴,50,交岔路,交叉路口,行車管制號誌,汽(機)車本身,未注意車前狀態
11004ACF91B0845,20210411,120.403622,23.322329,交通事故,一般地址,臺南市東山區達雲路1段13號0,1,晴,40,單路部分,路段,無號誌,車與車,違反特定標誌(線)禁制
11004ACF91B1023,20210414,120.410392,23.307391,交通事故,交叉路口,臺南市東山區科里里區道南99線段號區道南102線,2,晴,40,交岔路,交叉路口,閃光號誌,車與車,左轉彎未依規定
11004ACF91B1025,20210414,120.348706,23.333817,交通事故,無,臺南市後壁區段號,1,晴,70,交岔路,交叉路口,無號誌,汽(機)車本身,未注意車前狀態
11004ACF91B1049,20210415,120.502875,23.29734,交通事故,其他,臺南市白河區段號關嶺里坎頂福安宮前道路,3,晴,25,單路部分,路段,無號誌,汽(機)車本身,未注意車前狀態
11004ACF91B1068,20210405,120.354744,23.346057,交通事故,無,臺南市後壁區段號,1,晴,60,交岔路,交叉路口,無號誌,車與車,其他引起事故之違規或不當行為
11004ACF91B1076,20210412,120.416325,23.348281,交通事故,其他,臺南市白河區段號白河里新起街6號前,1,晴,50,單路部分,路段,無號誌,車與車,未依規定讓車
11004ACF91B1103,20210404,120.483226,23.331951,交通事故,其他,臺南市白河區段號172乙3.4公里,1,晴,50,單路部分,路段,無號誌,汽(機)車本身,未注意車前狀態
11004ACF91B1153,20210407,120.361741,23.367314,交通事故,其他,臺南市後壁區段號後壁里後壁98-1號,2,晴,50,交岔路,交叉路口,閃光號誌,車與車,未依規定讓車
11004ACF91B1171,20210415,120.44028,23.394581,交通事故,其他,臺南市白河區段號馬稠後里內角營區前村里道路,1,晴,40,單路部分,路段,無號誌,汽(機)車本身,未注意車前狀態
11004ACF91B1204,20210416,120.324912,23.33635,交通事故,其他,臺南市後壁區段號新東里新港東160-3號旁,1,晴,50,交岔路,交叉路口,無號誌,車與車,未依規定讓車
11004ACF91B1207,20210416,120.461221,23.237613,交通事故,交叉路口,臺南市東山區南勢里市道174線段號區道南105線,1,晴,50,單路部分,路段,無號誌,汽(機)車本身,未注意車前狀態
11004ACF91B1414,20210419,120.357963,23.309582,交通事故,交叉路口,臺南市東山區聖賢里區道南81線段號區道南102線,1,晴,50,交岔路,交叉路口,閃光號誌,車與車,未依規定讓車
11004ACF91B1674,20210420,120.413922,23.347438,交通事故,交叉路口,臺南市白河區永安里中山路段號國泰路,1,陰,50,交岔路,交叉路口,行車管制號誌,車與車,未依規定讓車
11004ACF91B1751,20210421,120.384997,23.352929,交通事故,其他,臺南市後壁區段號嘉苳里本協5號前道路,1,晴,30,交岔路,交叉路口,無號誌,車與車,未依規定讓車
11004ACF91B1812,20210414,120.430871,23.365317,交通事故,其他,臺南市白河區段號昇安里三間厝31號,2,晴,50,單路部分,路段,無號誌,車與車,未注意車前狀態
11004ACF91B2026,20210424,120.503776,23.341891,交通事故,無,臺南市白河區段號,2,晴,40,交岔路,交叉路口,無號誌,車與車,未依規定讓車
11004ACF91B2030,20210424,120.498246,23.267529,交通事故,無,臺南市東山區段號,1,晴,40,單路部分,路段,無號誌,汽(機)車本身,未注意車前狀態
11004ACF91B2031,20210424,120.410665,23.31257,交通事故,無,臺南市東山區段號,1,晴,40,單路部分,路段,無號誌,汽(機)車本身,未注意車前狀態
11004ACF91B2062,20210424,120.412348,23.345406,交通事故,交叉路口,臺南市白河區永安里中山路段號富民路,1,陰,50,交岔路,交叉路口,行車管制號誌,車與車,右轉彎未依規定
11004ACF91B2121,20210416,120.381551,23.340611,交通事故,其他,臺南市後壁區段號市172線與本協路口,1,晴,60,交岔路,交叉路口,行車管制號誌,車與車,違反號誌管制或指揮
11004ACF91B2122,20210418,120.464074,23.352328,交通事故,無,臺南市白河區段號,1,晴,50,單路部分,路段,無號誌,車與車,未保持行車安全距離
11004ACF91B2232,20210426,120.431541,23.380881,交通事故,無,臺南市白河區段號,1,晴,60,單路部分,路段,無號誌,車與車,違反特定標誌(線)禁制
11004ACF91B2233,20210426,120.38699,23.343043,交通事故,無,臺南市後壁區段號,1,晴,60,單路部分,路段,無號誌,汽(機)車本身,疲勞(患病)駕駛失控
11004ACF91B2289,20210427,120.409374,23.314518,交通事故,其他,臺南市東山區段號大客里大庄51之17號前,2,陰,40,單路部分,路段,無號誌,車與車,左轉彎未依規定
11004ACF91B2353,20210402,120.381285,23.387759,交通事故,一般地址,臺南市後壁區上茄苳里區道南88線段44275號0,1,晴,30,交岔路,交叉路口,無號誌,車與車,未依規定讓車
11004ACF91B2357,20210402,120.323792,23.333941,交通事故,一般地址,臺南市後壁區新東里區道南74線段44550號,1,晴,60,單路部分,路段,無號誌,車與車,起步未注意其他車(人)安全
11004ACF91B2383,20210428,120.414639,23.351479,交通事故,交叉路口,臺南市白河區永安里一心街段號新生路,1,晴,50,交岔路,交叉路口,無號誌,車與車,未依規定讓車
11004ACF91B2546,20210418,120.376969,23.390731,交通事故,無,臺南市後壁區段號,1,晴,70,單路部分,路段,無號誌,汽(機)車本身,未注意車前狀態
11004ACF91B2598,20210429,120.353867,23.34306,交通事故,其他,臺南市後壁區段號頂安里台1線285.5公里處南向路口,3,晴,70,交岔路,交叉路口,無號誌,車與車,未保持行車安全距離
11004ACF91B2685,20210402,120.442481,23.347215,交通事故,無,臺南市白河區段號,1,晴,50,單路部分,路段,無號誌,車與車,未保持行車安全間隔
11004ACF91B2687,20210409,120.415342,23.349379,交通事故,一般地址,臺南市白河區白河里中正路段40號,1,晴,50,單路部分,路段,無號誌,車與車,倒車未依規定
11004ACF91B2688,20210409,120.365198,23.347525,交通事故,無,臺南市後壁區段號,1,晴,50,交岔路,交叉路口,無號誌,車與車,未依規定讓車
11004ACF91B2689,20210423,120.413075,23.379717,交通事故,其他,臺南市白河區段號廣蓮里埤口段產業道路,1,晴,30,交岔路,交叉路口,無號誌,車與車,未依規定讓車
11004ACF91B2690,20210423,120.374605,23.362529,交通事故,無,臺南市後壁區段號,1,晴,50,交岔路,交叉路口,無號誌,車與車,未依規定讓車
11004ACF91B2957,20210407,120.428505,23.371851,交通事故,無,臺南市白河區段號,1,晴,60,單路部分,路段,無號誌,汽(機)車本身,未注意車前狀態
11004ACFN2B0142,20210402,120.43343,23.345651,交通事故,其他,臺南市白河區段號河東里糞箕湖99-6號,1,晴,40,交岔路,交叉路口,閃光號誌,車與車,未依規定讓車
11004ACFN2B1797,20210417,120.424569,23.351934,交通事故,交叉路口,臺南市白河區新興路段號長春街,1,晴,50,交岔路,交叉路口,閃光號誌,汽(機)車本身,酒醉(後)駕駛失控
11004ACFU1B2490,20210415,120.311045,23.336375,交通事故,其他,臺南市後壁區段號竹新里南78-1近國道一號便道旁,1,晴,50,單路部分,路段,無號誌,車與車,酒醉(後)駕駛失控
11004ACFX1B1676,20210420,120.447285,23.282501,交通事故,交叉路口,臺南市東山區新東路1段號鳳安二街,1,晴,50,交岔路,交叉路口,行車管制號誌,車與車,酒醉(後)駕駛失控
11004ACFZ1B0743,20210410,120.362608,23.365644,交通事故,其他,臺南市後壁區段號信義路一段、172甲,1,晴,40,交岔路,交叉路口,無號誌,車與車,未注意車前狀態
11004ACFZ1B2649,20210423,120.360328,23.363471,交通事故,其他,臺南市後壁區段號台一線與振興街口,1,晴,50,交岔路,交叉路口,行車管制號誌,車與車,左轉彎未依規定
11004ACG91A0004,20210410,120.228215,23.168182,交通事故,無,臺南市麻豆區段號,0,晴,50,單路部分,路段,無號誌,汽(機)車本身,未依規定減速
11004ACG91A0013,20210429,120.26858,23.229291,交通事故,其他,臺南市下營區段號大吉里南57線0.8公里處,1,晴,50,單路部分,路段,無號誌,汽(機)車本身,未注意車前狀態
11004ACG91B0033,20210401,120.314963,23.236295,交通事故,無,臺南市六甲區段號,2,晴,70,單路部分,路段,無號誌,車與車,未保持行車安全距離
11004ACG91B0034,20210401,120.369281,23.232127,交通事故,其他,臺南市六甲區段號甲東里工研路9-557號路燈桿前,1,晴,50,單路部分,路段,無號誌,汽(機)車本身,酒醉(後)駕駛失控
11004ACG91B0037,20210401,120.31605,23.194252,交通事故,一般地址,臺南市官田區隆田里勝利路段65之2號0,1,晴,50,交岔路,路段,閃光號誌,車與車,違反特定標誌(線)禁制
11004ACG91B0040,20210401,120.258645,23.175776,交通事故,其他,臺南市麻豆區段號溝子墘3-7號前與南48路口,1,晴,50,交岔路,交叉路口,無號誌,車與車,未注意車前狀態
11004ACG91B0051,20210401,120.262147,23.231803,交通事故,交叉路口,臺南市下營區營前里中山路2段號健康路,1,陰,50,交岔路,路段,行車管制號誌,汽(機)車本身,未注意車前狀態
11004ACG91B0052,20210401,120.257718,23.245588,交通事故,其他,臺南市下營區後街里中正北路段213號後街里中正北路與213巷(南67線5.8K),1,陰,50,單路部分,路段,無號誌,汽(機)車本身,未依規定減速
11004ACG91B0055,20210401,120.352651,23.225398,交通事故,交叉路口,臺南市六甲區甲南里中華路段號珊瑚路,1,陰,50,交岔路,交叉路口,閃光號誌,車與車,未依規定讓車
11004ACG91B0056,20210401,120.263149,23.169525,交通事故,無,臺南市麻豆區段號,1,晴,50,單路部分,路段,無號誌,汽(機)車本身,其他引起事故之違規或不當行為
11004ACG91B0057,20210401,120.280736,23.249815,交通事故,一般地址,臺南市下營區賀建里區道南68線段洲子1-10號0,1,晴,50,單路部分,路段,無號誌,汽(機)車本身,未依規定減速
11004ACG91B0070,20210402,120.349248,23.231171,交通事故,其他,臺南市六甲區段號中山路信義街口,2,晴,50,單路部分,路段,無號誌,車與車,違反特定標誌(線)禁制
11004ACG91B0113,20210402,120.261785,23.241617,交通事故,交叉路口,臺南市下營區後街里市道174線段號水池街,2,晴,50,交岔路,交叉路口,閃光號誌,車與車,左轉彎未依規定
11004ACG91B0119,20210402,120.274815,23.241645,交通事故,交叉路口,臺南市下營區新興里市道174線段號省道臺19甲線,1,晴,60,交岔路,交叉路口,行車管制號誌,車與車,未依規定讓車
11004ACG91B0124,20210402,120.357939,23.234415,交通事故,其他,臺南市六甲區段號甲東里曾文街100巷口,1,晴,50,交岔路,交叉路口,無號誌,汽(機)車本身,未注意車前狀態
11004ACG91B0159,20210403,120.339896,23.158393,交通事故,其他,臺南市官田區段號渡拔里三塊厝94號前,1,晴,60,單路部分,路段,無號誌,車與車,未保持行車安全距離
11004ACG91B0180,20210403,120.271431,23.189307,交通事故,其他,臺南市麻豆區段號176與南61線口,2,晴,50,交岔路,交叉路口,行車管制號誌,車與車,違反號誌管制或指揮
11004ACG91B0189,20210403,120.228594,23.17871,交通事故,其他,臺南市麻豆區段號麻口里176線17.6K往東苓子林18號前,1,晴,50,單路部分,路段,無號誌,車與車,未依規定讓車
11004ACG91B0202,20210404,120.315497,23.193044,交通事故,其他,臺南市官田區段號南?里台一線301.5公里燈桿490038號前,1,晴,70,單路部分,路段,無號誌,汽(機)車本身,未注意車前狀態
11004ACG91B0209,20210404,120.249002,23.185701,交通事故,一般地址,臺南市麻豆區大埕里中正路段55號,1,晴,50,交岔路,交叉路口,閃光號誌,車與車,未依規定讓車
11004ACG91B0213,20210403,120.232553,23.233818,交通事故,其他,臺南市下營區段號大屯里大屯寮48之7號附近,1,晴,60,單路部分,路段,無號誌,汽(機)車本身,未注意車前狀態
11004ACG91B0216,20210404,120.275232,23.188224,交通事故,其他,臺南市麻豆區段號寮?里路燈510069號前,1,晴,50,單路部分,路段,無號誌,車與車,變換車道或方向不當
11004ACG91B0236,20210404,120.246285,23.173518,交通事故,其他,臺南市麻豆區段號井東里磚子井139之18號前,1,晴,50,單路部分,路段,無號誌,車與車,倒車未依規定
11004ACG91B0264,20210405,120.332022,23.167485,交通事故,其他,臺南市官田區段號渡拔里渡子頭渡頭高幹20旁,1,晴,50,單路部分,路段,無號誌,汽(機)車本身,疲勞(患病)駕駛失控
11004ACG91B0278,20210405,120.241704,23.184853,交通事故,一般地址,臺南市麻豆區油車里中山路段150號0,2,晴,50,交岔路,路段,無號誌,人與汽(機)車,未依標誌、標線、號誌或手勢指揮穿越道路
11004ACG91B0303,20210405,120.329743,23.21457,交通事故,一般地址,臺南市官田區二鎮里區道南114線段二鎮17-1號,1,晴,50,單路部分,路段,無號誌,汽(機)車本身,其他引起事故之違規或不當行為
11004ACG91B0304,20210405,120.312647,23.258319,交通事故,一般地址,臺南市六甲區龜港里省道臺1線段龜子港280號,2,晴,70,單路部分,路段,無號誌,車與車,開啟車門不當而肇事
11004ACG91B0326,20210406,120.283974,23.194889,交通事故,一般地址,臺南市麻豆區寮?里寮子?段9之37號0,1,晴,50,交岔路,交叉路口,行車管制號誌,車與車,迴轉未依規定
11004ACG91B0327,20210406,120.345403,23.224046,交通事故,其他,臺南市六甲區段號七甲里中華路與進化街口,2,晴,50,交岔路,交叉路口,無號誌,車與車,未依規定讓車
11004ACG91B0336,20210406,120.253528,23.18307,交通事故,交叉路口,臺南市麻豆區?江里興南路段號民生路,1,晴,50,交岔路,交叉路口,無號誌,車與車,未注意車前狀態
11004ACG91B0340,20210406,120.252201,23.178811,交通事故,其他,臺南市麻豆區段號晉江里民權路與建南街口,0,晴,40,交岔路,交叉路口,行車管制號誌,車與車,左轉彎未依規定
11004ACG91B0358,20210406,120.433535,23.239469,交通事故,其他,臺南市六甲區段號大丘里174線40.5K處,1,晴,40,單路部分,路段,無號誌,汽(機)車本身,未注意車前狀態
11004ACG91B0404,20210407,120.276145,23.233597,交通事故,一般地址,臺南市下營區新興里裕農街段269號,2,晴,50,單路部分,路段,無號誌,車與車,逆向行駛
11004ACG91B0412,20210407,120.330881,23.221301,交通事故,其他,臺南市官田區段號二鎮里南318線與南113線路口,1,晴,50,交岔路,交叉路口,行車管制號誌,車與車,違反號誌管制或指揮
11004ACG91B0415,20210405,120.236525,23.149408,交通事故,一般地址,臺南市麻豆區謝厝寮里謝厝寮段82之9號,1,晴,50,交岔路,交叉路口,無號誌,車與車,未保持行車安全距離
11004ACG91B0417,20210405,120.307378,23.214238,交通事故,交叉路口,臺南市官田區南?里省道臺1線段號區道南318線,1,晴,50,交岔路,交叉路口,行車管制號誌,汽(機)車本身,未注意車前狀態
11004ACG91B0419,20210407,120.215746,23.169805,交通事故,其他,臺南市麻豆區段號麻口里番仔寮一般產業道路番寮高幹15左10電桿前,1,晴,50,交岔路,交叉路口,無號誌,車與車,未依規定讓車
11004ACG91B0423,20210401,120.263466,23.235564,交通事故,一般地址,臺南市下營區下營里中山路1段97號,1,晴,50,交岔路,交叉路口,無號誌,車與車,違規超車
11004ACG91B0424,20210402,120.330158,23.21873,交通事故,交叉路口,臺南市官田區二鎮里區道南113線段號工業北路,2,晴,50,交岔路,交叉路口,閃光號誌,車與車,未依規定讓車
11004ACG91B0427,20210407,120.296202,23.187393,交通事故,其他,臺南市官田區段號東西庄里西庄130號前,1,晴,30,單路部分,路段,無號誌,汽(機)車本身,未注意車前狀態
11004ACG91B0438,20210407,120.244295,23.178948,交通事故,其他,臺南市麻豆區段號興農里自由路與和平路口,1,晴,50,交岔路,交叉路口,行車管制號誌,車與車,違反號誌管制或指揮
11004ACG91B0456,20210407,120.253536,23.183132,交通事故,交叉路口,臺南市麻豆區東角里民生路段號興南路,1,晴,50,交岔路,交叉路口,無號誌,車與車,未依規定讓車
11004ACG91B0484,20210408,120.327288,23.168074,交通事故,其他,臺南市官田區段號渡拔里渡子頭130號前,1,晴,30,單路部分,路段,無號誌,車與車,起步未注意其他車(人)安全
11004ACG91B0512,20210407,120.31029,23.209189,交通事故,無,臺南市官田區段號,2,晴,70,單路部分,路段,無號誌,車與車,變換車道或方向不當
11004ACG91B0513,20210408,120.235695,23.179938,交通事故,其他,臺南市麻豆區段號油車里新生南路218巷與高速公路便道,1,晴,50,交岔路,交叉路口,無號誌,車與車,未依規定讓車
11004ACG91B0529,20210408,120.251178,23.189831,交通事故,交叉路口,臺南市麻豆區大埕里新生北路段號區道南55線,1,晴,50,交岔路,交叉路口,閃光號誌,車與車,左轉彎未依規定
11004ACG91B0650,20210410,120.338342,23.173515,交通事故,交叉路口,臺南市官田區渡拔里省道臺1線段號市道171線,1,晴,70,交岔路,交叉路口,行車管制號誌,車與車,右轉彎未依規定
11004ACG91B0651,20210410,120.249853,23.157469,交通事故,其他,臺南市麻豆區段號安業里溪底高幹50-1旁路口,1,晴,30,交岔路,路段,無號誌,車與車,未依規定讓車
11004ACG91B0661,20210410,120.315497,23.193044,交通事故,其他,臺南市官田區段號南?里台一線301.5公里處,3,晴,50,交岔路,交叉路口,閃光號誌,車與車,未依規定讓車
11004ACG91B0671,20210410,120.241133,23.190115,交通事故,一般地址,臺南市麻豆區油車里新生北路段248號,1,晴,50,交岔路,交叉路口,閃光號誌,汽(機)車本身,未依規定減速
11004ACG91B0696,20210410,120.353245,23.230155,交通事故,其他,臺南市六甲區段號六甲里民生街197號,1,晴,30,單路部分,路段,無號誌,車與車,未依規定讓車
11004ACG91B0702,20210410,120.231133,23.190152,交通事故,交叉路口,臺南市麻豆區埤頭里市道171線段號工業路,1,晴,50,交岔路,交叉路口,行車管制號誌,車與車,右轉彎未依規定
11004ACG91B0742,20210411,120.317428,23.192783,交通事故,交叉路口,臺南市官田區隆田里中山路1段號自強街,3,晴,50,交岔路,交叉路口,無號誌,車與車,未依規定讓車
11004ACG91B0783,20210411,120.26964,23.220239,交通事故,無,臺南市下營區段號,1,晴,60,交岔路,交叉路口,無號誌,車與車,未注意車前狀態
11004ACG91B0786,20210409,120.361112,23.18181,交通事故,其他,臺南市官田區段號社子里社子14號之5旁路口,1,晴,40,交岔路,交叉路口,無號誌,車與車,未依規定讓車
11004ACG91B0798,20210411,120.241079,23.185266,交通事故,交叉路口,臺南市麻豆區新興里中山路段號新生北路,1,晴,50,交岔路,交叉路口,行車管制號誌,車與車,違反號誌管制或指揮
11004ACG91B0823,20210412,120.294068,23.206414,交通事故,其他,臺南市官田區段號南部里南318線1.3公里處,1,晴,60,單路部分,路段,無號誌,車與車,未保持行車安全距離
11004ACG91B0825,20210412,120.243311,23.188052,交通事故,交叉路口,臺南市麻豆區油車里自由路段號新興街,1,晴,50,交岔路,交叉路口,閃光號誌,車與車,未依規定讓車
11004ACG91B0848,20210412,120.312157,23.21538,交通事故,其他,臺南市官田區段號南?里三結義20號對面,1,晴,50,單路部分,路段,無號誌,汽(機)車本身,疲勞(患病)駕駛失控
11004ACG91B0893,20210412,120.246574,23.17438,交通事故,其他,臺南市麻豆區段號井東里磚子井141號之21前,2,晴,50,單路部分,路段,無號誌,汽(機)車本身,未注意車前狀態
11004ACG91B0895,20210413,120.247942,23.179637,交通事故,交叉路口,臺南市麻豆區巷口里興國路段號和平路,1,晴,50,交岔路,交叉路口,行車管制號誌,車與車,未依規定讓車
11004ACG91B0903,20210413,120.312635,23.252691,交通事故,交叉路口,臺南市六甲區龜港里省道臺1線段號龜仔港281,1,晴,60,交岔路,交叉路口,行車管制號誌,車與車,未保持行車安全距離
11004ACG91B0937,20210413,120.283591,23.194387,交通事故,交叉路口,臺南市麻豆區寮?里市道176線段號區道南63線,1,晴,50,交岔路,交叉路口,行車管制號誌,車與車,未保持行車安全距離
11004ACG91B0943,20210413,120.247674,23.18984,交通事故,其他,臺南市麻豆區段號大埕里新生北路568號附近路口,1,晴,60,交岔路,交叉路口,閃光號誌,車與車,起步未注意其他車(人)安全
11004ACG91B0945,20210413,120.267334,23.183776,交通事故,交叉路口,臺南市麻豆區南勢里市道171線段號區道南48線,2,晴,50,交岔路,交叉路口,行車管制號誌,車與車,未依規定讓車
11004ACG91B0967,20210414,120.228808,23.178874,交通事故,其他,臺南市麻豆區段號麻口里麻豆口18號附近,1,晴,60,單路部分,路段,無號誌,車與車,變換車道或方向不當
11004ACG91B0972,20210414,120.270956,23.186418,交通事故,無,臺南市麻豆區段號,1,晴,50,單路部分,路段,無號誌,汽(機)車本身,未注意車前狀態
11004ACG91B1009,20210414,120.366509,23.181349,交通事故,無,臺南市官田區段號,1,晴,40,單路部分,路段,無號誌,汽(機)車本身,未注意車前狀態
11004ACG91B1013,20210414,120.258446,23.184945,交通事故,其他,臺南市麻豆區段號忠孝路31巷關帝廟48-12號前,1,晴,50,單路部分,路段,無號誌,車與車,未注意車前狀態
11004ACG91B1014,20210414,120.270296,23.217405,交通事故,無,臺南市下營區段號,1,晴,50,單路部分,路段,無號誌,車與車,變換車道或方向不當
11004ACG91B1015,20210414,120.251155,23.189903,交通事故,其他,臺南市麻豆區段號北勢里新生北路631號附近路口,2,晴,60,交岔路,交叉路口,行車管制號誌,車與車,左轉彎未依規定
11004ACG91B1048,20210415,120.234874,23.19901,交通事故,其他,臺南市麻豆區段號北勢里國道1號301K+817涵洞往西第一個路口,1,晴,30,交岔路,交叉路口,無號誌,車與車,未依規定讓車
11004ACG91B1050,20210415,120.266452,23.244622,交通事故,其他,臺南市下營區段號紅甲里紅毛厝105之5號前,1,晴,50,單路部分,路段,無號誌,汽(機)車本身,未注意車前狀態
11004ACG91B1062,20210415,120.334434,23.163423,交通事故,無,臺南市官田區段號,1,晴,30,交岔路,交叉路口,閃光號誌,車與車,未依規定讓車
11004ACG91B1075,20210415,120.234864,23.178887,交通事故,其他,臺南市麻豆區段號國道1號西向東涵洞,1,晴,30,單路部分,路段,無號誌,汽(機)車本身,未注意車前狀態