案件編號,發生日期,GPS經度,GPS緯度,案件類別名稱,地址類型名稱,發生縣市名稱,受傷人數,天候名稱, 速限-第1當事者,道路型態大類別名稱,事故位置大類別名稱,號誌-號誌種類名稱,事故類型及型態大類別名稱,肇因研判子類別名稱-主要
11004ACG91B1079,20210415,120.275586,23.189571,交通事故,交叉路口,臺南市麻豆區寮?里市道176線段號市道171甲線,1,晴,50,交岔路,交叉路口,行車管制號誌,車與車,左轉彎未依規定
11004ACG91B1090,20210415,120.272432,23.187123,交通事故,其他,臺南市麻豆區段號南勢里總爺86號之20,1,晴,50,單路部分,路段,無號誌,車與車,右轉彎未依規定
11004ACG91B1102,20210414,120.337327,23.180868,交通事故,交叉路口,臺南市官田區官田里省道臺1線段號區道南117線,1,晴,70,交岔路,交叉路口,行車管制號誌,車與車,右轉彎未依規定
11004ACG91B1107,20210415,120.263401,23.232027,交通事故,一般地址,臺南市下營區健康路段45號,1,晴,50,單路部分,路段,無號誌,汽(機)車本身,未注意車前狀態
11004ACG91B1108,20210415,120.271244,23.186516,交通事故,無,臺南市麻豆區段號,2,晴,50,交岔路,交叉路口,無號誌,車與車,起步未注意其他車(人)安全
11004ACG91B1167,20210416,120.257459,23.182089,交通事故,交叉路口,臺南市麻豆區東角里信義路段號國中街,1,晴,50,交岔路,交叉路口,閃光號誌,車與車,未依規定讓車
11004ACG91B1177,20210416,120.274026,23.23913,交通事故,無,臺南市下營區段號,1,晴,50,單路部分,路段,無號誌,車與車,起步未注意其他車(人)安全
11004ACG91B1179,20210416,120.241133,23.190115,交通事故,其他,臺南市麻豆區段號油車里新生北路248號,1,晴,50,交岔路,交叉路口,閃光號誌,汽(機)車本身,未注意車前狀態
11004ACG91B1198,20210416,120.264957,23.234524,交通事故,交叉路口,臺南市下營區營前里文化街段號中華街,1,晴,50,交岔路,交叉路口,無號誌,車與車,未依規定讓車
11004ACG91B1231,20210416,120.231474,23.180205,交通事故,無,臺南市麻豆區段號,0,晴,30,單路部分,路段,無號誌,車與車,未注意車前狀態
11004ACG91B1238,20210416,120.333426,23.235027,交通事故,一般地址,臺南市六甲區水林里中山路段690號0,1,晴,60,交岔路,交叉路口,無號誌,車與車,起步未注意其他車(人)安全
11004ACG91B1250,20210415,120.248121,23.183698,交通事故,一般地址,臺南市麻豆區新興里中山路段10號,1,晴,50,單路部分,路段,無號誌,車與車,違反特定標誌(線)禁制
11004ACG91B1253,20210417,120.291559,23.204035,交通事故,其他,臺南市官田區段號隆本里318線900M處,2,晴,60,單路部分,路段,無號誌,車與車,未保持行車安全距離
11004ACG91B1354,20210418,120.453007,23.204881,交通事故,其他,臺南市六甲區段號大丘里南勢坑斗欄高分61電桿前,1,晴,30,單路部分,路段,無號誌,車與車,未保持行車安全間隔
11004ACG91B1356,20210418,120.255283,23.175526,交通事故,交叉路口,臺南市麻豆區清水里省道臺19甲線段號區道南48線,1,晴,50,交岔路,交叉路口,行車管制號誌,車與車,未依規定讓車
11004ACG91B1392,20210418,120.348807,23.221754,交通事故,一般地址,臺南市六甲區七甲里七甲街段15號0,1,晴,50,單路部分,路段,無號誌,汽(機)車本身,未注意車前狀態
11004ACG91B1395,20210417,120.338342,23.173515,交通事故,交叉路口,臺南市官田區渡拔里省道臺1線段號市道171線,1,晴,60,交岔路,交叉路口,行車管制號誌,車與車,左轉彎未依規定
11004ACG91B1399,20210418,120.227096,23.200673,交通事故,其他,臺南市麻豆區段號埤頭里埤頭125-4號前,1,晴,30,交岔路,交叉路口,無號誌,汽(機)車本身,酒醉(後)駕駛失控
11004ACG91B1417,20210419,120.251583,23.180985,交通事故,一般地址,臺南市麻豆區?江里民權路段49之4號0,1,晴,40,單路部分,路段,無號誌,車與車,未保持行車安全距離
11004ACG91B1435,20210419,120.327913,23.202533,交通事故,一般地址,臺南市官田區二鎮里工業南路段12號,1,晴,50,交岔路,交叉路口,無號誌,車與車,起步未注意其他車(人)安全
11004ACG91B1445,20210419,120.248475,23.183688,交通事故,交叉路口,臺南市麻豆區穀興里中山路段號興中路,2,晴,50,交岔路,交叉路口,行車管制號誌,車與車,起步未注意其他車(人)安全
11004ACG91B1477,20210419,120.285086,23.217864,交通事故,其他,臺南市下營區段號茅營里茅港尾129號前,1,晴,50,單路部分,路段,無號誌,車與車,迴轉未依規定
11004ACG91B1483,20210419,120.23009,23.179496,交通事故,一般地址,臺南市麻豆區埤頭里苓子林段17之7號,1,陰,30,單路部分,路段,無號誌,車與車,未保持行車安全距離
11004ACG91B1485,20210419,120.250862,23.185193,交通事故,交叉路口,臺南市麻豆區大埕里忠孝路段號博愛路,1,晴,50,交岔路,交叉路口,閃光號誌,車與車,未依規定讓車
11004ACG91B1539,20210420,120.245746,23.183306,交通事故,一般地址,臺南市麻豆區三民路段44424號,1,晴,50,單路部分,路段,無號誌,車與車,未注意車前狀態
11004ACG91B1667,20210420,120.233089,23.189435,交通事故,無,臺南市麻豆區段號,2,晴,50,單路部分,路段,無號誌,人與汽(機)車,未注意車前狀態
11004ACG91B1743,20210421,120.310739,23.229383,交通事故,其他,臺南市六甲區段號菁埔里台1線南向300.15公里,1,晴,70,單路部分,路段,無號誌,汽(機)車本身,未注意車前狀態
11004ACG91B1744,20210421,120.241633,23.178459,交通事故,交叉路口,臺南市麻豆區興農里新生南路段號和平路,2,晴,50,交岔路,交叉路口,行車管制號誌,車與車,違反號誌管制或指揮
11004ACG91B1787,20210422,120.262611,23.2334,交通事故,交叉路口,臺南市下營區營前里中山路1段號民權一街,2,晴,30,交岔路,交叉路口,行車管制號誌,車與車,未依規定讓車
11004ACG91B1804,20210422,120.246766,23.183074,交通事故,一般地址,臺南市麻豆區中興里仁愛路段8號,1,晴,50,單路部分,路段,無號誌,車與車,起步未注意其他車(人)安全
11004ACG91B1825,20210422,120.27081,23.228714,交通事故,其他,臺南市下營區段號西連里臺19甲線與南54線口,1,晴,60,交岔路,交叉路口,行車管制號誌,車與車,違反號誌管制或指揮
11004ACG91B1847,20210422,120.216348,23.189009,交通事故,一般地址,臺南市麻豆區麻口里區道南24線段麻豆口33-16號100,1,晴,50,單路部分,路段,無號誌,汽(機)車本身,其他引起事故之違規或不當行為
11004ACG91B1848,20210422,120.315102,23.243948,交通事故,交叉路口,臺南市六甲區中社里省道臺1線段號區道南60線,1,晴,50,交岔路,交叉路口,行車管制號誌,人與汽(機)車,搶越行人穿越道
11004ACG91B1889,20210423,120.247453,23.185547,交通事故,一般地址,臺南市麻豆區大埕里平等路段333號,1,晴,50,交岔路,路段,無號誌,車與車,起步未注意其他車(人)安全
11004ACG91B1915,20210423,120.348553,23.237269,交通事故,交叉路口,臺南市六甲區水林里中山路段414號民族街240,2,晴,30,交岔路,交叉路口,無號誌,車與車,未依規定讓車
11004ACG91B1945,20210423,120.235107,23.182227,交通事故,其他,臺南市麻豆區市道176線段苓子林15-13號埤頭里176線與國道1號北上匝道口,1,陰,50,單路部分,交流道,無號誌,車與車,未注意車前狀態
11004ACG91B1948,20210423,120.24088,23.185279,交通事故,交叉路口,臺南市麻豆區新興里新生北路段號麻學路1,1,晴,50,交岔路,交叉路口,行車管制號誌,車與車,違反號誌管制或指揮
11004ACG91B1952,20210423,120.247803,23.176837,交通事故,其他,臺南市麻豆區段號新生南路麻善高幹10右支6電信桿前,1,晴,50,單路部分,路段,無號誌,車與車,倒車未依規定
11004ACG91B1956,20210423,120.313344,23.204396,交通事故,無,臺南市官田區段號,1,晴,70,交岔路,交叉路口,行車管制號誌,車與車,未保持行車安全距離
11004ACG91B1964,20210422,120.268745,23.224207,交通事故,交叉路口,臺南市下營區營前里健康路段200號環營南路,1,晴,60,交岔路,交叉路口,行車管制號誌,車與車,違反號誌管制或指揮
11004ACG91B1973,20210423,120.363387,23.207888,交通事故,其他,臺南市官田區段號烏山頭里湖山103之4號前,1,晴,50,單路部分,路段,無號誌,汽(機)車本身,未注意車前狀態
11004ACG91B1984,20210423,120.255265,23.183669,交通事故,交叉路口,臺南市麻豆區東角里興中路段號忠孝路,1,晴,50,交岔路,交叉路口,行車管制號誌,車與車,酒醉(後)駕駛失控
11004ACG91B1996,20210424,120.240663,23.180105,交通事故,其他,臺南市麻豆區段號新建里新生南路218巷前班高分10左13電桿前,1,晴,30,交岔路,交叉路口,無號誌,汽(機)車本身,未注意車前狀態
11004ACG91B1999,20210424,120.328847,23.220484,交通事故,一般地址,臺南市官田區二鎮里工社西街段2557號,2,晴,30,交岔路,交叉路口,無號誌,車與車,未依規定讓車
11004ACG91B2040,20210424,120.220291,23.190919,交通事故,交叉路口,臺南市麻豆區海埔里市道171線段號區道南49線,2,晴,50,交岔路,交叉路口,行車管制號誌,汽(機)車本身,未注意車前狀態
11004ACG91B2084,20210424,120.472749,23.229552,交通事故,無,臺南市六甲區段號,1,陰,40,單路部分,路段,無號誌,汽(機)車本身,未依規定減速
11004ACG91B2110,20210425,120.337539,23.180605,交通事故,其他,臺南市官田區段號官田區台一線307公里處,2,晴,70,單路部分,路段,無號誌,車與車,變換車道或方向不當
11004ACG91B2142,20210425,120.281402,23.191011,交通事故,其他,臺南市麻豆區段號寮部里寮子部5之8號旁,1,晴,40,單路部分,路段,無號誌,汽(機)車本身,未依規定減速
11004ACG91B2145,20210425,120.350867,23.225332,交通事故,交叉路口,臺南市六甲區六甲里中正路段號中華路,1,雨,50,交岔路,交叉路口,行車管制號誌,車與車,未依規定讓車
11004ACG91B2199,20210426,120.261139,23.183651,交通事故,其他,臺南市麻豆區段號南勢里南勢36-205號附近路口,3,晴,50,交岔路,交叉路口,行車管制號誌,車與車,逆向行駛
11004ACG91B2206,20210426,120.26469,23.199579,交通事故,其他,臺南市麻豆區段號北勢里171甲線3.9公里路口,2,晴,50,交岔路,交叉路口,閃光號誌,車與車,未依規定讓車
11004ACG91B2246,20210426,120.349651,23.209718,交通事故,其他,臺南市官田區段號烏山頭里烏山頭116號附近,2,晴,60,交岔路,交叉路口,無號誌,人與汽(機)車,未依規定行走行人穿越道、地下道、天橋而穿越道路
11004ACG91B2304,20210427,120.278849,23.186691,交通事故,無,臺南市麻豆區段號,1,雨,100,單路部分,路段,無號誌,汽(機)車本身,未依規定減速
11004ACG91B2310,20210425,120.248633,23.184524,交通事故,交叉路口,臺南市麻豆區大埕里中正路段號光復路,1,晴,50,交岔路,交叉路口,行車管制號誌,車與車,起步未注意其他車(人)安全
11004ACG91B2320,20210427,120.264447,23.180103,交通事故,其他,臺南市麻豆區段號清水里總爺庄3號之150旁路口,1,晴,50,交岔路,路段,無號誌,車與車,未保持行車安全間隔
11004ACG91B2321,20210427,120.222222,23.219896,交通事故,其他,臺南市麻豆區段號南49線真理大學後門口客寮高幹57-1電桿前,1,晴,50,交岔路,交叉路口,閃光號誌,車與車,未依規定讓車
11004ACG91B2327,20210426,120.352199,23.230042,交通事故,一般地址,臺南市六甲區六甲里建國街段36號0,1,晴,50,單路部分,路段,無號誌,汽(機)車本身,未注意車前狀態
11004ACG91B2328,20210427,120.3175,23.193863,交通事故,交叉路口,臺南市官田區隆田里自強街段號大同街,1,晴,50,交岔路,交叉路口,無號誌,車與車,未依規定讓車
11004ACG91B2338,20210427,120.243436,23.186678,交通事故,其他,臺南市麻豆區段號油車里自由路34-23號前路口,1,晴,50,交岔路,交叉路口,無號誌,車與車,未依規定讓車
11004ACG91B2358,20210427,120.26156,23.177419,交通事故,其他,臺南市麻豆區段號龍泉里溝仔墘84-3號附近,1,晴,50,單路部分,路段,無號誌,汽(機)車本身,未注意車前狀態
11004ACG91B2453,20210427,120.31705,23.195208,交通事故,交叉路口,臺南市官田區隆田里勝利路段號忠孝街,1,晴,50,交岔路,交叉路口,閃光號誌,車與車,左轉彎未依規定
11004ACG91B2455,20210428,120.267422,23.182968,交通事故,一般地址,臺南市麻豆區南勢里區道南48線段總爺3-6號,1,晴,50,單路部分,路段,無號誌,汽(機)車本身,不明原因肇事
11004ACG91B2456,20210427,120.232366,23.180817,交通事故,其他,臺南市麻豆區段號埤頭里苓子林20號前路口,1,晴,50,交岔路,交叉路口,行車管制號誌,車與車,未注意車前狀態
11004ACG91B2513,20210429,120.226524,23.222107,交通事故,其他,臺南市麻豆區段號北勢里南50線客寮高幹74電桿前,2,晴,50,交岔路,交叉路口,無號誌,車與車,未注意車前狀態
11004ACG91B2544,20210429,120.248453,23.183598,交通事故,其他,臺南市麻豆區段號巷口里興國路中山路口,1,晴,50,單路部分,路段,行車管制號誌,車與車,違反特定標誌(線)禁制
11004ACG91B2641,20210430,120.250294,23.185143,交通事故,其他,臺南市麻豆區段號大埕里忠孝路12之4號前,1,晴,50,單路部分,路段,無號誌,車與車,未保持行車安全距離
11004ACG91B2672,20210430,120.247089,23.162867,交通事故,其他,臺南市麻豆區段號井東里安業275號前,2,晴,50,單路部分,路段,無號誌,車與車,未依規定讓車
11004ACG91B2674,20210430,120.247257,23.162414,交通事故,交叉路口,臺南市麻豆區井東里市道173線段號區道南49-2線,2,晴,50,交岔路,交叉路口,行車管制號誌,車與車,違反號誌管制或指揮
11004ACG91B2686,20210430,120.242014,23.184716,交通事故,一般地址,臺南市麻豆區油車里中山路段140之3號,2,晴,50,交岔路,交叉路口,無號誌,車與車,未依規定讓車
11004ACG91B2705,20210430,120.257695,23.24557,交通事故,無,臺南市下營區段號,1,晴,50,單路部分,路段,無號誌,汽(機)車本身,未依規定減速
11004ACG91B2720,20210430,120.261121,23.183631,交通事故,其他,臺南市麻豆區段號171線南勢里35-85號前,2,晴,50,交岔路,交叉路口,行車管制號誌,車與車,起步未注意其他車(人)安全
11004ACG91B3133,20210420,120.361812,23.218331,交通事故,其他,臺南市六甲區段號甲東里南318線9K處往東,1,晴,50,單路部分,路段,無號誌,汽(機)車本身,未注意車前狀態
11004ACGM2B1499,20210414,120.249562,23.186313,交通事故,其他,臺南市麻豆區段號大埕22-20號前路段,1,晴,40,單路部分,路段,無號誌,車與車,倒車未依規定
11004ACGX1B0813,20210401,120.342438,23.226646,交通事故,其他,臺南市六甲區段號和平街與進化街81巷口,1,晴,30,交岔路,交叉路口,無號誌,車與車,未依規定讓車
11004ACGX1B0814,20210401,120.345894,23.22411,交通事故,其他,臺南市六甲區段號中華路與中華路231巷口,2,晴,50,交岔路,交叉路口,無號誌,車與車,未依規定讓車
11004ACGX1B0963,20210414,120.374039,23.237939,交通事故,其他,臺南市六甲區段號174線往東32K處,1,晴,50,單路部分,路段,無號誌,汽(機)車本身,未注意車前狀態
11004ACGX1B1502,20210415,120.352364,23.232179,交通事故,其他,臺南市六甲區段號建國街與建國街99巷口,1,晴,50,交岔路,交叉路口,無號誌,車與車,未依規定讓車
11005AC191B0003,20210501,120.223939,22.99505,交通事故,其他,臺南市東區段號林森路二段295號停車格前,1,晴,40,單路部分,路段,無號誌,車與車,未注意車前狀態
11005AC191B0007,20210501,120.219881,22.964726,交通事故,交叉路口,臺南市東區生產路段號崇聖路1,1,晴,50,交岔路,交叉路口,行車管制號誌,車與車,未依規定讓車
11005AC191B0013,20210501,120.218093,22.995384,交通事故,其他,臺南市東區段號勝利路與育樂街路口,2,晴,40,單路部分,路段,行車管制號誌(附設行人專用號誌),車與車,未保持行車安全間隔
11005AC191B0017,20210501,120.233845,22.983234,交通事故,交叉路口,臺南市東區中華東路2段24357號富農街1199,1,晴,30,交岔路,交叉路口,無號誌,車與車,未依規定讓車
11005AC191B0019,20210501,120.220892,22.982287,交通事故,交叉路口,臺南市東區崇善路段號崇善路25,1,晴,50,交岔路,交叉路口,行車管制號誌,車與車,未依規定讓車
11005AC191B0025,20210501,120.227536,22.968211,交通事故,交叉路口,臺南市東區崇德路段號崇德十九街,1,晴,50,交岔路,交叉路口,行車管制號誌,人與汽(機)車,其他引起事故之疏失或行為
11005AC191B0039,20210501,120.234899,22.982721,交通事故,一般地址,臺南市東區富農街1段167號,1,晴,50,交岔路,交叉路口,無號誌,車與車,左轉彎未依規定
11005AC191B0058,20210501,120.217429,22.982548,交通事故,交叉路口,臺南市東區林森路段號長榮路,1,晴,50,交岔路,交叉路口,行車管制號誌,車與車,違反號誌管制或指揮
11005AC191B0062,20210501,120.216556,22.964538,交通事故,交叉路口,臺南市東區大同路2段號生產路,1,晴,50,交岔路,路段,行車管制號誌,車與車,違反特定標誌(線)禁制
11005AC191B0069,20210501,120.219076,22.996188,交通事故,其他,臺南市東區段號大學路1號成大會館前,1,晴,30,單路部分,路段,無號誌,車與車,未依規定讓車
11005AC191B0075,20210502,120.233705,22.993405,交通事故,一般地址,臺南市東區中華東路1段216號0,1,晴,30,單路部分,路段,無號誌,車與車,右轉彎未依規定
11005AC191B0084,20210502,120.223849,22.99351,交通事故,交叉路口,臺南市東區林森路2段號長榮路366,3,晴,40,交岔路,交叉路口,行車管制號誌(附設行人專用號誌),車與車,其他引起事故之違規或不當行為
11005AC191B0088,20210502,120.225628,22.985354,交通事故,一般地址,臺南市東區裕農路段54號,2,晴,40,單路部分,路段,無號誌,車與車,起步未注意其他車(人)安全
11005AC191B0123,20210503,120.22186,22.995098,交通事故,一般地址,臺南市東區長榮路3段123號,1,雨,50,交岔路,交叉路口,閃光號誌,車與車,迴轉未依規定
11005AC191B0126,20210503,120.235097,22.988568,交通事故,一般地址,臺南市東區裕農路段611號,1,雨,50,單路部分,路段,無號誌,車與車,起步未注意其他車(人)安全
11005AC191B0129,20210502,120.226505,22.974703,交通事故,交叉路口,臺南市東區崇德路段號崇德六街,1,晴,50,交岔路,交叉路口,行車管制號誌,車與車,未依規定讓車
11005AC191B0134,20210503,120.21316,22.993658,交通事故,一般地址,臺南市東區前鋒路段110號,1,雨,50,單路部分,路段,無號誌,車與車,開啟車門不當而肇事
11005AC191B0137,20210503,120.231268,22.988999,交通事故,一般地址,臺南市東區東寧路段520號,0,雨,40,單路部分,路段,無號誌,車與車,橫越道路不慎
11005AC191B0140,20210503,120.2118,22.994489,交通事故,交叉路口,臺南市東區北門路段號民族路,2,晴,40,交岔路,交叉路口,行車管制號誌,車與車,其他引起事故之違規或不當行為
11005AC191B0144,20210503,120.232615,22.966536,交通事故,交叉路口,臺南市東區崇善路段號自由路1,1,陰,50,交岔路,交叉路口,行車管制號誌,車與車,未依規定讓車
11005AC191B0149,20210503,120.214335,22.999988,交通事故,其他,臺南市東區段號前鋒路(台電P9889CC26號電箱附近),1,晴,50,單路部分,路段,無號誌,車與車,迴轉未依規定
11005AC191B0157,20210503,120.221093,22.98586,交通事故,一般地址,臺南市東區東門路2段142號,1,晴,50,單路部分,路段,無號誌,車與車,未保持行車安全距離
11005AC191B0165,20210503,120.224609,22.998451,交通事故,交叉路口,臺南市東區林森路段號東和路,1,晴,50,交岔路,交叉路口,行車管制號誌,人與汽(機)車,搶越行人穿越道
11005AC191B0182,20210504,120.230247,22.964035,交通事故,一般地址,臺南市東區長東街段4123號,1,晴,30,交岔路,交叉路口,無號誌,車與車,開啟車門不當而肇事
11005AC191B0190,20210504,120.241929,22.985889,交通事故,交叉路口,臺南市東區裕忠路段號裕誠路,1,晴,50,交岔路,交叉路口,行車管制號誌,車與車,未依規定讓車
11005AC191B0197,20210504,120.234802,22.985033,交通事故,交叉路口,臺南市東區中華東路2段133號中華東路213357,2,晴,30,交岔路,交叉路口,無號誌,車與車,未依規定讓車
11005AC191B0213,20210504,120.213351,22.983777,交通事故,交叉路口,臺南市東區大同路1段175號大同路1197,2,晴,30,交岔路,交叉路口,無號誌,車與車,未依規定讓車
11005AC191B0218,20210504,120.212041,22.994425,交通事故,交叉路口,臺南市東區北門路段號民族路,1,晴,40,交岔路,交叉路口,行車管制號誌(附設行人專用號誌),車與車,未保持行車安全間隔
11005AC191B0220,20210503,120.234004,22.991605,交通事故,交叉路口,臺南市東區中華東路1段號瑞祥街,1,陰,40,交岔路,交叉路口,無號誌,車與車,未依規定讓車
11005AC191B0224,20210503,120.230051,22.971746,交通事故,交叉路口,臺南市東區崇善路段號崇善八街,1,雨,50,交岔路,路段,行車管制號誌(附設行人專用號誌),車與車,變換車道或方向不當
11005AC191B0235,20210504,120.23704,22.992694,交通事故,交叉路口,臺南市東區平實路段號後甲二路,2,晴,50,交岔路,交叉路口,行車管制號誌,車與車,其他引起事故之違規或不當行為
11005AC191B0246,20210504,120.215977,22.982057,交通事故,交叉路口,臺南市東區林森路1段號崇明路,1,晴,50,交岔路,交叉路口,行車管制號誌,車與車,違反號誌管制或指揮
11005AC191B0257,20210505,120.229835,22.972323,交通事故,交叉路口,臺南市東區崇善路段號崇道路,2,晴,40,交岔路,交叉路口,行車管制號誌,車與車,未注意車前狀態
11005AC191B0263,20210505,120.214839,22.985173,交通事故,其他,臺南市東區段號府連路地下道,2,晴,30,單路部分,路段,無號誌,車與車,未保持行車安全距離
11005AC191B0272,20210504,120.229787,22.961683,交通事故,交叉路口,臺南市東區長東街段號德東街,1,晴,50,交岔路,交叉路口,行車管制號誌,車與車,未注意車前狀態
11005AC191B0273,20210504,120.227971,22.979349,交通事故,交叉路口,臺南市東區中華東路3段號中華東路377,2,晴,50,交岔路,交叉路口,行車管制號誌(附設行人專用號誌),車與車,未注意車前狀態
11005AC191B0277,20210504,120.222268,22.985543,交通事故,交叉路口,臺南市東區林森路1段號東門路2,1,晴,40,交岔路,交叉路口,行車管制號誌(附設行人專用號誌),車與車,裝載未盡安全措施
11005AC191B0320,20210505,120.223523,22.985116,交通事故,交叉路口,臺南市東區東門路2段號東門路2167,1,晴,50,交岔路,交叉路口,行車管制號誌(附設行人專用號誌),車與車,違反號誌管制或指揮
11005AC191B0326,20210505,120.242974,22.990317,交通事故,交叉路口,臺南市東區裕農五街段號裕永一街,1,晴,40,交岔路,交叉路口,行車管制號誌,車與車,逆向行駛
11005AC191B0376,20210506,120.230196,22.961896,交通事故,一般地址,臺南市東區德東街段97號,1,晴,50,單路部分,路段,無號誌,汽(機)車本身,未注意車前狀態
11005AC191B0395,20210506,120.216229,22.965855,交通事故,交叉路口,臺南市東區大同路2段號大同路2750,1,晴,50,交岔路,交叉路口,行車管制號誌(附設行人專用號誌),車與車,違反號誌管制或指揮
11005AC191B0403,20210506,120.230735,22.989149,交通事故,交叉路口,臺南市東區東寧路段號東光路,1,晴,30,交岔路,交叉路口,行車管制號誌,車與車,未注意車前狀態
11005AC191B0405,20210506,120.22128,22.978375,交通事故,交叉路口,臺南市東區崇德路段號崇德三街,1,晴,50,交岔路,交叉路口,無號誌,車與車,未依規定讓車
11005AC191B0407,20210506,120.230724,22.960321,交通事故,一般地址,臺南市東區長東街段14342號,4,晴,30,交岔路,交叉路口,無號誌,車與車,未依規定讓車
11005AC191B0420,20210506,120.229521,22.971663,交通事故,交叉路口,臺南市東區崇德十二街段號崇德十二街76,1,晴,30,交岔路,交叉路口,無號誌,車與車,未依規定讓車
11005AC191B0422,20210506,120.229519,22.981103,交通事故,交叉路口,臺南市東區東門路3段號中華東路2,1,晴,50,交岔路,交叉路口,行車管制號誌,車與車,未保持行車安全間隔
11005AC191B0425,20210506,120.234439,22.996938,交通事故,一般地址,臺南市東區中華東路1段24號,1,晴,0,單路部分,路段,行車管制號誌(附設行人專用號誌),車與車,酒醉(後)駕駛失控
11005AC191B0428,20210507,120.23019,22.9788,交通事故,其他,臺南市東區段號文化一街(仁和路27號停車場出入口前),1,晴,50,單路部分,路段,無號誌,車與車,起步未注意其他車(人)安全
11005AC191B0470,20210502,120.213148,22.993935,交通事故,其他,臺南市東區段號前鋒路135號,1,晴,50,交岔路,交叉路口,無號誌,車與車,未依規定讓車
11005AC191B0478,20210507,120.213787,22.994273,交通事故,交叉路口,臺南市東區民族路段號前鋒路,1,晴,50,交岔路,交叉路口,行車管制號誌,車與車,未依規定讓車
11005AC191B0482,20210507,120.219975,22.992147,交通事故,交叉路口,臺南市東區東寧路段號東寧路15,1,晴,30,交岔路,交叉路口,行車管制號誌,車與車,違反號誌管制或指揮
11005AC191B0497,20210507,120.228186,22.999675,交通事故,交叉路口,臺南市東區小東路段號光明街,2,晴,50,交岔路,交叉路口,行車管制號誌(附設行人專用號誌),車與車,違反號誌管制或指揮
11005AC191B0501,20210503,120.227322,22.971443,交通事故,一般地址,臺南市東區崇德路段590號,2,陰,50,單路部分,路段,無號誌,車與車,變換車道或方向不當
11005AC191B0505,20210504,120.233859,22.990436,交通事故,一般地址,臺南市東區中華東路1段179號,1,晴,40,單路部分,路段,無號誌,汽(機)車本身,未注意車前狀態
11005AC191B0512,20210507,120.235597,22.987351,交通事故,交叉路口,臺南市東區富農街2段號富農街2108,1,晴,30,交岔路,交叉路口,閃光號誌,車與車,未依規定讓車
11005AC191B0525,20210508,120.224814,22.984505,交通事故,交叉路口,臺南市東區東門路2段301號東門路30153,1,晴,40,交岔路,交叉路口,無號誌,車與車,未依規定讓車
11005AC191B0529,20210508,120.21388,22.998025,交通事故,其他,臺南市東區段號前鋒路與大學路西段口往北第三支燈桿(前鋒路上),1,晴,50,單路部分,路段,無號誌,車與車,迴轉未依規定
11005AC191B0539,20210508,120.234444,22.994823,交通事故,一般地址,臺南市東區中華東路3段93號,1,晴,40,單路部分,路段,無號誌,車與車,未依規定讓車
11005AC191B0546,20210508,120.219881,22.964744,交通事故,交叉路口,臺南市東區生產路段號崇聖路1,1,晴,50,交岔路,交叉路口,行車管制號誌,車與車,未依規定讓車
11005AC191B0549,20210508,120.225975,22.984849,交通事故,一般地址,臺南市東區裕農路段58之7號0,2,晴,30,交岔路,交叉路口,無號誌,車與車,未依規定讓車
11005AC191B0555,20210508,120.225692,22.970642,交通事故,交叉路口,臺南市東區崇明路段號崇明十七街,2,晴,50,交岔路,交叉路口,無號誌,車與車,未依規定讓車
11005AC191B0556,20210506,120.22751,22.961646,交通事故,交叉路口,臺南市東區崇德路段號崇吉一街,2,晴,50,交岔路,交叉路口,行車管制號誌,車與車,未依規定讓車
11005AC191B0557,20210507,120.232284,22.993471,交通事故,一般地址,臺南市東區莊敬路段218號,1,晴,30,單路部分,路段,無號誌,車與車,起步未注意其他車(人)安全
11005AC191B0558,20210506,120.230451,22.976578,交通事故,一般地址,臺南市東區仁和路段17199號,1,晴,50,單路部分,路段,無號誌,車與車,未依規定讓車
11005AC191B0559,20210507,120.230783,22.987728,交通事故,一般地址,臺南市東區裕農路段387號,1,晴,50,交岔路,交叉路口,行車管制號誌,車與車,未依規定讓車
11005AC191B0562,20210507,120.224369,22.984823,交通事故,一般地址,臺南市東區裕農路段2號,3,晴,40,交岔路,交叉路口,行車管制號誌,車與車,未注意車前狀態
11005AC191B0563,20210507,120.212878,22.991476,交通事故,一般地址,臺南市東區青年路段257號,1,晴,50,交岔路,交叉路口,行車管制號誌,車與車,違反特定標誌(線)禁制
11005AC191B0567,20210507,120.21889,22.97918,交通事故,一般地址,臺南市東區崇明路段153-1號,1,晴,50,交岔路,交叉路口,無號誌,車與車,未依規定讓車
11005AC191B0568,20210508,120.230791,22.995912,交通事故,一般地址,臺南市東區東光路2段2511號,2,晴,30,交岔路,交叉路口,無號誌,車與車,未依規定讓車
11005AC191B0570,20210508,120.227418,22.972108,交通事故,交叉路口,臺南市東區崇道路段號崇德路,1,晴,50,單路部分,路段,無號誌,車與車,未保持行車安全間隔
11005AC191B0574,20210507,120.226218,22.985595,交通事故,交叉路口,臺南市東區裕農路段號裕農路43,2,晴,50,交岔路,交叉路口,行車管制號誌,車與車,違反號誌管制或指揮
11005AC191B0578,20210508,120.220256,22.98617,交通事故,一般地址,臺南市東區東門路2段39號,1,晴,50,單路部分,路段,無號誌,車與車,未依規定讓車
11005AC191B0579,20210508,120.227405,22.990207,交通事故,交叉路口,臺南市東區東寧路段號怡東路,1,陰,50,交岔路,交叉路口,行車管制號誌(附設行人專用號誌),車與車,未依規定讓車
11005AC191B0581,20210504,120.222435,22.991711,交通事故,交叉路口,臺南市東區東寧路段號東寧路134,2,晴,40,交岔路,交叉路口,行車管制號誌,車與車,未注意車前狀態