案件編號,發生日期,GPS經度,GPS緯度,案件類別名稱,地址類型名稱,發生縣市名稱,受傷人數,天候名稱, 速限-第1當事者,道路型態大類別名稱,事故位置大類別名稱,號誌-號誌種類名稱,事故類型及型態大類別名稱,肇因研判子類別名稱-主要
11005AC191B0582,20210507,120.232255,22.96701,交通事故,交叉路口,臺南市東區崇善路段號崇善東路,3,晴,50,交岔路,交叉路口,行車管制號誌,車與車,左轉彎未依規定
11005AC191B0586,20210507,120.22385,22.993439,交通事故,交叉路口,臺南市東區林森路2段號長榮路366,1,陰,50,交岔路,交叉路口,行車管制號誌(附設行人專用號誌),車與車,未依規定讓車
11005AC191B0590,20210504,120.22726,22.977638,交通事故,一般地址,臺南市東區崇善路段301號,1,晴,40,交岔路,交叉路口,行車管制號誌,車與車,起步未注意其他車(人)安全
11005AC191B0605,20210507,120.234906,22.96172,交通事故,交叉路口,臺南市東區德東街段號信東街,2,晴,50,交岔路,交叉路口,無號誌,車與車,未依規定讓車
11005AC191B0607,20210507,120.231442,22.974027,交通事故,一般地址,臺南市東區仁和路段30864號,1,晴,50,單路部分,路段,無號誌,人與汽(機)車,未注意車前狀態
11005AC191B0610,20210508,120.223857,22.993544,交通事故,交叉路口,臺南市東區林森路2段號長榮路366,1,晴,50,交岔路,交叉路口,行車管制號誌,車與車,違反號誌管制或指揮
11005AC191B0636,20210503,120.231788,22.98795,交通事故,交叉路口,臺南市東區裕農路段號裕農路446,1,晴,50,交岔路,交叉路口,行車管制號誌,車與車,未依規定讓車
11005AC191B0638,20210509,120.233335,22.97497,交通事故,交叉路口,臺南市東區文化二街段號文化六街,1,晴,50,交岔路,交叉路口,無號誌,車與車,未依規定讓車
11005AC191B0646,20210504,120.221626,22.984833,交通事故,交叉路口,臺南市東區林森路1段號崇仁街,2,晴,40,交岔路,交叉路口,無號誌,汽(機)車本身,其他引起事故之違規或不當行為
11005AC191B0663,20210505,120.22977,22.997691,交通事故,交叉路口,臺南市東區東興路段號東興路345,1,晴,50,交岔路,交叉路口,無號誌,車與車,未依規定讓車
11005AC191B0688,20210510,120.231133,22.982152,交通事故,一般地址,臺南市東區中華東路2段29512號2,1,晴,30,單路部分,路段,無號誌,汽(機)車本身,酒醉(後)駕駛失控
11005AC191B0690,20210509,120.237275,22.990182,交通事故,一般地址,臺南市東區建東街段425號,2,晴,30,單路部分,路段,無號誌,車與車,起步未注意其他車(人)安全
11005AC191B0693,20210508,120.233549,22.98746,交通事故,交叉路口,臺南市東區中華東路2段號中華東路241,1,晴,50,交岔路,交叉路口,行車管制號誌,車與車,未依規定讓車
11005AC191B0712,20210508,120.231862,22.973349,交通事故,交叉路口,臺南市東區仁和路段號崇善七街,1,晴,0,交岔路,路段,無號誌,車與車,開啟車門不當而肇事
11005AC191B0721,20210510,120.211671,22.991958,交通事故,其他,臺南市東區段號北門路一段108號前,2,晴,50,交岔路,交叉路口,無號誌,車與車,未依規定讓車
11005AC191B0733,20210508,120.21298,22.997132,交通事故,一般地址,臺南市東區北門路2段4號,2,晴,50,單路部分,路段,無號誌,車與車,未依規定讓車
11005AC191B0744,20210510,120.214539,23.001313,交通事故,交叉路口,臺南市東區前鋒路段號小東地下道,1,晴,30,交岔路,交叉路口,行車管制號誌(附設行人專用號誌),車與車,車輪脫落或輪胎爆裂
11005AC191B0749,20210510,120.232195,22.972759,交通事故,交叉路口,臺南市東區仁和路段號崇善八街,1,晴,50,交岔路,交叉路口,無號誌,車與車,未依規定讓車
11005AC191B0753,20210510,120.247635,22.990558,交通事故,交叉路口,臺南市東區裕農路段號裕義路,1,晴,40,交岔路,交叉路口,行車管制號誌,車與車,未依規定讓車
11005AC191B0765,20210510,120.219388,22.986395,交通事故,一般地址,臺南市東區東門路2段26號,3,晴,40,單路部分,路段,無號誌,車與車,未保持行車安全間隔
11005AC191B0766,20210510,120.222729,22.974778,交通事故,一般地址,臺南市東區崇明路段381號,1,晴,30,交岔路,交叉路口,無號誌,車與車,倒車未依規定
11005AC191B0781,20210510,120.2283,22.998869,交通事故,一般地址,臺南市東區光明街段14001號,2,晴,30,交岔路,交叉路口,無號誌,車與車,未依規定讓車
11005AC191B0782,20210510,120.223206,22.979798,交通事故,一般地址,臺南市東區崇學路段155號,2,晴,50,交岔路,交叉路口,行車管制號誌,車與車,未注意車前狀態
11005AC191B0783,20210511,120.226599,22.984363,交通事故,一般地址,臺南市東區裕豐街段27號,1,晴,50,單路部分,路段,無號誌,汽(機)車本身,未注意車前狀態
11005AC191B0789,20210504,120.217332,22.983301,交通事故,一般地址,臺南市東區長榮路1段119號,2,晴,40,交岔路,交叉路口,無號誌,車與車,變換車道或方向不當
11005AC191B0793,20210505,120.235677,22.985464,交通事故,一般地址,臺南市東區富農街2段44209號,2,晴,50,單路部分,路段,無號誌,車與車,起步未注意其他車(人)安全
11005AC191B0794,20210511,120.221285,22.992086,交通事故,一般地址,臺南市東區東寧路段15707號,1,晴,40,單路部分,路段,無號誌,車與車,開啟車門不當而肇事
11005AC191B0796,20210507,120.217699,22.99192,交通事故,一般地址,臺南市東區勝利路段31048號0崇德三街,2,晴,40,單路部分,路段,無號誌,車與車,未依規定讓車
11005AC191B0801,20210507,120.224308,22.998046,交通事故,交叉路口,臺南市東區林森路段號東和路,2,晴,50,交岔路,交叉路口,行車管制號誌,車與車,未保持行車安全間隔
11005AC191B0812,20210511,120.24797,22.984685,交通事故,一般地址,臺南市東區裕義路段226號,1,晴,50,單路部分,路段,無號誌,汽(機)車本身,其他引起事故之違規或不當行為
11005AC191B0824,20210510,120.215611,22.985011,交通事故,一般地址,臺南市東區大同路2段243號0大同路二段243號前,1,晴,40,單路部分,路段,無號誌,車與車,未保持行車安全間隔
11005AC191B0839,20210511,120.217858,22.976462,交通事故,其他,臺南市東區段號榮譽街123巷榮車中心前,2,晴,30,單路部分,路段,無號誌,車與車,未靠右行駛
11005AC191B0862,20210511,120.229764,22.984104,交通事故,一般地址,臺南市東區東門路2段301113號,2,晴,30,交岔路,交叉路口,無號誌,車與車,未依規定讓車
11005AC191B0864,20210511,120.221687,22.99373,交通事故,交叉路口,臺南市東區長榮路3段號長榮路341,1,晴,50,交岔路,交叉路口,行車管制號誌,車與車,違反特定標誌(線)禁制
11005AC191B0873,20210511,120.231339,22.982368,交通事故,一般地址,臺南市東區中華東路2段29511號,2,晴,50,交岔路,交叉路口,無號誌,車與車,未依規定讓車
11005AC191B0882,20210511,120.234108,22.992733,交通事故,交叉路口,臺南市東區中華東路段號平實路,2,晴,60,交岔路,交叉路口,行車管制號誌,車與車,違反號誌管制或指揮
11005AC191B0884,20210511,120.225672,22.968316,交通事故,一般地址,臺南市東區崇明路段710號,2,晴,50,單路部分,路段,無號誌,車與車,迴轉未依規定
11005AC191B0886,20210511,120.21167,22.992167,交通事故,一般地址,臺南市東區北門路1段184號,1,晴,50,單路部分,路段,行車管制號誌,車與車,未注意車前狀態
11005AC191B0889,20210511,120.223831,22.993534,交通事故,交叉路口,臺南市東區林森路2段號長榮路366,1,晴,60,交岔路,交叉路口,行車管制號誌,車與車,違反號誌管制或指揮
11005AC191B0916,20210512,120.214917,22.972375,交通事故,交叉路口,臺南市東區大同路段號中華陸橋,2,晴,50,交岔路,交叉路口,行車管制號誌(附設行人專用號誌),車與車,未依規定讓車
11005AC191B0926,20210512,120.234902,22.961744,交通事故,其他,臺南市東區段號德東街與信東街路口,2,晴,0,交岔路,交叉路口,無號誌,人與汽(機)車,未依規定行走行人穿越道、地下道、天橋而穿越道路
11005AC191B0939,20210512,120.228644,22.97047,交通事故,一般地址,臺南市東區崇德十四街段36號,1,晴,50,交岔路,交叉路口,無號誌,車與車,未依規定讓車
11005AC191B0942,20210512,120.227504,22.969644,交通事故,交叉路口,臺南市東區崇德路段號崇德十六街,1,晴,30,交岔路,交叉路口,無號誌,車與車,未依規定讓車
11005AC191B0946,20210506,120.224287,22.976245,交通事故,交叉路口,臺南市東區崇德路段號崇德四街,2,晴,40,交岔路,交叉路口,行車管制號誌,車與車,未依規定讓車
11005AC191B0949,20210512,120.21816,22.996254,交通事故,交叉路口,臺南市東區大學路段號勝利路,1,晴,50,交岔路,交叉路口,行車管制號誌,車與車,未保持行車安全間隔
11005AC191B0968,20210512,120.228314,22.972099,交通事故,其他,臺南市東區段號崇道路90號前,1,晴,0,單路部分,路段,無號誌,車與車,迴轉未依規定
11005AC191B0970,20210512,120.241627,22.987819,交通事故,交叉路口,臺南市東區裕和路段號裕忠路,2,晴,40,交岔路,交叉路口,行車管制號誌,車與車,未依規定讓車
11005AC191B0988,20210508,120.223738,22.973076,交通事故,交叉路口,臺南市東區中華東路3段357號崇明十三街,2,晴,30,交岔路,交叉路口,無號誌,車與車,未依規定讓車
11005AC191B0993,20210512,120.231293,22.98887,交通事故,一般地址,臺南市東區東寧路段532號,2,晴,40,單路部分,路段,無號誌,車與車,未保持行車安全距離
11005AC191B1019,20210513,120.217459,22.987806,交通事故,交叉路口,臺南市東區勝利路段號勝利路19,1,晴,50,交岔路,交叉路口,無號誌,車與車,橫越道路不慎
11005AC191B1029,20210513,120.231629,22.967743,交通事故,交叉路口,臺南市東區崇善路段號崇德二十一街,2,晴,30,交岔路,交叉路口,無號誌,車與車,未依規定讓車
11005AC191B1042,20210513,120.219415,22.986283,交通事故,一般地址,臺南市東區東門路2段28號,1,晴,40,單路部分,路段,無號誌,車與車,開啟車門不當而肇事
11005AC191B1047,20210513,120.225628,22.983911,交通事故,交叉路口,臺南市東區東門路段號富德街,2,晴,50,交岔路,交叉路口,閃光號誌,車與車,未依規定讓車
11005AC191B1066,20210513,120.217093,22.987236,交通事故,一般地址,臺南市東區東門城圓環段號,2,晴,40,圓環廣場,路段,無號誌,車與車,未保持行車安全間隔
11005AC191B1082,20210502,120.222032,22.978465,交通事故,一般地址,臺南市東區崇學路段103號,3,晴,50,交岔路,交叉路口,無號誌,車與車,未注意車前狀態
11005AC191B1091,20210507,120.216679,22.964164,交通事故,一般地址,臺南市東區大同路2段869號0,2,晴,60,單路部分,路段,無號誌,車與車,未注意車前狀態
11005AC191B1098,20210507,120.225241,22.97734,交通事故,其他,臺南市東區崇德四街段號崇德四街與崇德四街七巷口,1,晴,30,交岔路,交叉路口,無號誌,車與車,未依規定讓車
11005AC191B1100,20210508,120.223235,22.991478,交通事故,一般地址,臺南市東區東寧路段156號0,3,晴,50,單路部分,路段,無號誌,車與車,未注意車前狀態
11005AC191B1102,20210508,120.222005,22.978429,交通事故,交叉路口,臺南市東區崇學路段號崇學路56,1,晴,50,交岔路,交叉路口,無號誌,汽(機)車本身,未注意車前狀態
11005AC191B1103,20210511,120.232228,22.988093,交通事故,一般地址,臺南市東區裕農路段448-8號,1,晴,50,交岔路,交叉路口,無號誌,車與車,未依規定讓車
11005AC191B1108,20210512,120.214694,22.994333,交通事故,交叉路口,臺南市東區育樂街段號民族路1,1,晴,50,交岔路,交叉路口,行車管制號誌,車與車,未依規定讓車
11005AC191B1109,20210512,120.245009,22.981814,交通事故,交叉路口,臺南市東區裕信路段號裕信三街,2,晴,50,交岔路,交叉路口,無號誌,車與車,起步未注意其他車(人)安全
11005AC191B1136,20210513,120.236681,22.987442,交通事故,其他,臺南市東區段號富農街二段108巷與裕農路668巷路口,1,晴,30,交岔路,交叉路口,閃光號誌,車與車,未依規定讓車
11005AC191B1139,20210514,120.229489,22.98098,交通事故,交叉路口,臺南市東區中華東路段號東門路,1,晴,50,交岔路,交叉路口,行車管制號誌,車與車,右轉彎未依規定
11005AC191B1140,20210514,120.229625,22.978697,交通事故,交叉路口,臺南市東區崇善二街段號崇善二街82,1,晴,50,交岔路,交叉路口,無號誌,車與車,未保持行車安全距離
11005AC191B1142,20210514,120.224599,22.991011,交通事故,交叉路口,臺南市東區林森路段號東寧路,1,晴,50,交岔路,交叉路口,行車管制號誌,車與車,右轉彎未依規定
11005AC191B1143,20210514,120.232602,22.966537,交通事故,其他,臺南市東區段號自由路一段與崇善路路口,2,晴,50,交岔路,交叉路口,行車管制號誌,車與車,違反號誌管制或指揮
11005AC191B1155,20210514,120.22952,22.971681,交通事故,一般地址,臺南市東區崇德十二街段76號,1,晴,30,交岔路,交叉路口,無號誌,車與車,未依規定讓車
11005AC191B1157,20210512,120.224041,22.993142,交通事故,其他,臺南市東區段號林森路二段東寧派出所前,2,晴,40,單路部分,路段,無號誌,車與車,未保持行車安全距離
11005AC191B1163,20210514,120.224496,23.000433,交通事故,交叉路口,臺南市東區林森路2段號小東路,1,晴,50,交岔路,交叉路口,行車管制號誌,車與車,未依規定讓車
11005AC191B1177,20210510,120.241243,22.98952,交通事故,交叉路口,臺南市東區裕農路段號裕永路,1,晴,50,交岔路,交叉路口,行車管制號誌,車與車,未依規定讓車
11005AC191B1190,20210514,120.224668,23.000579,交通事故,交叉路口,臺南市東區小東路段號林森路2,1,晴,40,交岔路,交叉路口,行車管制號誌,車與車,未保持行車安全間隔
11005AC191B1194,20210509,120.231575,22.961775,交通事故,其他,臺南市東區段號德東街與德東街151巷口,1,晴,30,交岔路,交叉路口,閃光號誌,車與車,未依規定讓車
11005AC191B1204,20210514,120.246852,22.990462,交通事故,交叉路口,臺南市東區裕農路段號裕農路979,3,晴,50,交岔路,交叉路口,行車管制號誌,車與車,未依規定讓車
11005AC191B1228,20210510,120.21152,22.989952,交通事故,一般地址,臺南市東區北門路1段18號,1,晴,50,單路部分,路段,無號誌,車與車,起步未注意其他車(人)安全
11005AC191B1230,20210510,120.215638,22.985934,交通事故,交叉路口,臺南市東區樹林街1段號慶東街,2,晴,30,交岔路,交叉路口,行車管制號誌,車與車,未依規定讓車
11005AC191B1231,20210515,120.229536,22.966644,交通事故,一般地址,臺南市東區崇德二十二街段66號,2,晴,50,交岔路,交叉路口,閃光號誌,車與車,未依規定讓車
11005AC191B1233,20210513,120.231731,22.967469,交通事故,一般地址,臺南市東區崇善路段698號,1,晴,50,交岔路,交叉路口,無號誌,車與車,左轉彎未依規定
11005AC191B1235,20210513,120.21752,22.996253,交通事故,一般地址,臺南市東區大學路西段段25號,1,晴,30,單路部分,路段,無號誌,車與車,違反特定標誌(線)禁制
11005AC191B1240,20210514,120.228801,22.975516,交通事故,一般地址,臺南市東區崇善路段465號,1,晴,40,單路部分,路段,無號誌,車與車,變換車道或方向不當
11005AC191B1244,20210514,120.232808,22.988537,交通事故,交叉路口,臺南市東區裕農路段號東寧路,2,晴,40,交岔路,交叉路口,行車管制號誌,車與車,未注意車前狀態
11005AC191B1247,20210515,120.212088,22.981167,交通事故,交叉路口,臺南市東區大同路段號林森路,2,晴,40,交岔路,交叉路口,行車管制號誌,車與車,未保持行車安全間隔
11005AC191B1249,20210512,120.236478,22.98239,交通事故,交叉路口,臺南市東區自由路3段215號富農街1188,2,晴,30,交岔路,交叉路口,無號誌,車與車,未依規定讓車
11005AC191B1252,20210514,120.226466,22.983216,交通事故,交叉路口,臺南市東區東門路2段號崇學路,1,晴,40,交岔路,交叉路口,行車管制號誌,車與車,未依規定讓車
11005AC191B1254,20210510,120.212213,22.980934,交通事故,交叉路口,臺南市東區林森路段號大同路,1,晴,50,交岔路,交叉路口,行車管制號誌,車與車,未依規定讓車
11005AC191B1270,20210508,120.213154,22.994543,交通事故,其他,臺南市東區段號前鋒路與民族路口,2,晴,50,交岔路,交叉路口,無號誌,車與車,未依規定讓車
11005AC191B1271,20210515,120.2328,22.988544,交通事故,交叉路口,臺南市東區東寧路段號裕農路,3,晴,50,交岔路,交叉路口,行車管制號誌,車與車,違反號誌管制或指揮
11005AC191B1277,20210509,120.231096,22.992985,交通事故,其他,臺南市東區段號凱旋路與東光路一段路口,1,晴,50,交岔路,交叉路口,行車管制號誌(附設行人專用號誌),車與車,未注意車前狀態
11005AC191B1289,20210514,120.222185,22.999959,交通事故,其他,臺南市東區段號小東路與長榮路三段口南方30公尺處,1,晴,50,單路部分,路段,無號誌,車與車,變換車道或方向不當
11005AC191B1296,20210513,120.215837,22.967359,交通事故,交叉路口,臺南市東區大同路2段號國民路,2,晴,50,交岔路,交叉路口,行車管制號誌,車與車,左轉彎未依規定
11005AC191B1310,20210514,120.217743,22.974912,交通事故,一般地址,臺南市東區榮譽街段85號,1,晴,50,交岔路,交叉路口,無號誌,車與車,未依規定讓車
11005AC191B1326,20210514,120.23313,22.971548,交通事故,一般地址,臺南市東區仁和路段105-8號,1,晴,50,單路部分,路段,無號誌,車與車,違反特定標誌(線)禁制
11005AC191B1328,20210513,120.217063,23.001044,交通事故,其他,臺南市東區段號小東路成大醫院前,1,晴,50,交岔路,其他,行車管制號誌,人與汽(機)車,搶越行人穿越道
11005AC191B1334,20210509,120.216093,22.967085,交通事故,一般地址,臺南市東區大同路2段669號,1,晴,50,單路部分,路段,行車管制號誌,車與車,未注意車前狀態
11005AC191B1343,20210515,120.224077,22.984967,交通事故,一般地址,臺南市東區東門路2段189號,1,晴,50,單路部分,路段,無號誌,車與車,變換車道或方向不當
11005AC191B1361,20210516,120.22712,22.995587,交通事故,交叉路口,臺南市東區東平路段號東安路,3,晴,50,交岔路,交叉路口,行車管制號誌,車與車,左轉彎未依規定
11005AC191B1366,20210514,120.213568,22.981305,交通事故,一般地址,臺南市東區林森路1段100號,1,晴,40,單路部分,路段,無號誌,車與車,未保持行車安全間隔
11005AC191B1370,20210509,120.213615,22.996843,交通事故,交叉路口,臺南市東區前鋒路段號大學路西段,1,晴,40,交岔路,交叉路口,行車管制號誌(附設行人專用號誌),車與車,未保持行車安全距離
11005AC191B1377,20210509,120.214859,22.991324,交通事故,一般地址,臺南市東區青年路段360號,1,晴,40,單路部分,路段,無號誌,車與車,開啟車門不當而肇事
11005AC191B1387,20210510,120.231049,22.969049,交通事故,交叉路口,臺南市東區崇善路段號崇善十二街,1,晴,50,交岔路,交叉路口,無號誌,車與車,未依規定讓車
11005AC191B1397,20210510,120.222348,23.000605,交通事故,交叉路口,臺南市東區長榮路3段號小東路,2,晴,50,交岔路,交叉路口,行車管制號誌,車與車,未注意車前狀態
11005AC191B1428,20210516,120.224522,22.999929,交通事故,一般地址,臺南市東區林森路段500號,1,晴,50,單路部分,其他,無號誌,車與車,其他引起事故之違規或不當行為
11005AC191B1438,20210516,120.230955,22.964082,交通事故,交叉路口,臺南市東區長東街段41號生產路550,1,晴,30,交岔路,交叉路口,無號誌,車與車,未依規定讓車
11005AC191B1446,20210516,120.232604,22.966542,交通事故,交叉路口,臺南市東區崇善路段號自由路,1,晴,50,交岔路,交叉路口,行車管制號誌,車與車,未注意車前狀態
11005AC191B1457,20210514,120.227501,22.990552,交通事故,交叉路口,臺南市東區怡東路段號東興路11,2,晴,30,交岔路,交叉路口,無號誌,車與車,未依規定讓車
11005AC191B1483,20210511,120.222616,22.984484,交通事故,一般地址,臺南市東區崇仁街段5號,1,晴,30,單路部分,路段,無號誌,汽(機)車本身,未注意車前狀態
11005AC191B1487,20210513,120.228125,22.984043,交通事故,交叉路口,臺南市東區東門路2段301號東門路2365,2,晴,30,交岔路,交叉路口,無號誌,車與車,未依規定讓車
11005AC191B1490,20210511,120.214289,22.975205,交通事故,一般地址,臺南市東區大同路2段253號,2,晴,40,單路部分,路段,無號誌,車與車,起步未注意其他車(人)安全
11005AC191B1491,20210517,120.219997,22.979292,交通事故,一般地址,臺南市東區崇德路段144號,1,晴,50,單路部分,路段,無號誌,車與車,其他引起事故之違規或不當行為
11005AC191B1494,20210511,120.226557,22.984009,交通事故,一般地址,臺南市東區裕豐街段9號,2,晴,50,單路部分,路段,無號誌,車與車,未注意車前狀態
11005AC191B1497,20210517,120.219206,22.975636,交通事故,交叉路口,臺南市東區榮譽街段號中華東路3380,1,晴,50,交岔路,路段,無號誌,車與車,未注意車前狀態
11005AC191B1498,20210511,120.227174,22.977847,交通事故,一般地址,臺南市東區崇善路段291號,1,晴,40,單路部分,其他,無號誌,車與車,未注意車前狀態
11005AC191B1503,20210518,120.219889,22.97926,交通事故,一般地址,臺南市東區崇德路段144號,1,晴,40,單路部分,路段,無號誌,車與車,起步未注意其他車(人)安全
11005AC191B1515,20210517,120.235727,22.985312,交通事故,一般地址,臺南市東區富農街2段13號,1,晴,50,交岔路,交叉路口,無號誌,汽(機)車本身,未注意車前狀態
11005AC191B1516,20210517,120.22425,22.96493,交通事故,交叉路口,臺南市東區崇正路段號生產路,1,晴,50,交岔路,交叉路口,行車管制號誌,車與車,違反特定標誌(線)禁制
11005AC191B1518,20210517,120.217729,22.99631,交通事故,其他,臺南市東區段號大學路與勝利路口往西18公尺處(大學路上),1,晴,50,單路部分,路段,無號誌,人與汽(機)車,未依規定行走行人穿越道、地下道、天橋而穿越道路
11005AC191B1522,20210508,120.214049,22.988016,交通事故,一般地址,臺南市東區東門路1段82號,1,晴,30,單路部分,路段,無號誌,車與車,未保持行車安全間隔
11005AC191B1543,20210518,120.223158,22.974319,交通事故,交叉路口,臺南市東區中華東路3段號崇明路,1,晴,50,交岔路,交叉路口,行車管制號誌,車與車,違反號誌管制或指揮
11005AC191B1545,20210518,120.230588,22.996603,交通事故,其他,臺南市東區段號東興路314巷16號前,1,晴,30,單路部分,路段,無號誌,車與車,倒車未依規定
11005AC191B1546,20210518,120.224105,22.991744,交通事故,交叉路口,臺南市東區林森路2段192號東寧路248,1,晴,30,交岔路,交叉路口,無號誌,車與車,未依規定讓車
11005AC191B1560,20210513,120.24492,22.990069,交通事故,交叉路口,臺南市東區裕農路段號裕信路,1,晴,50,交岔路,交叉路口,行車管制號誌,車與車,未依規定讓車
11005AC191B1561,20210518,120.237459,22.975737,交通事故,交叉路口,臺南市東區東門路段號自由路,1,晴,50,交岔路,交叉路口,行車管制號誌,車與車,右轉彎未依規定
11005AC191B1568,20210518,120.23576,22.988767,交通事故,一般地址,臺南市東區裕農路段627號,2,晴,50,單路部分,路段,無號誌,車與車,未依規定讓車
11005AC191B1570,20210518,120.214881,22.996722,交通事故,其他,臺南市東區段號大學路西段與育樂街路口,2,晴,50,交岔路,交叉路口,行車管制號誌(附設行人專用號誌),車與車,未依規定讓車
11005AC191B1576,20210516,120.233538,22.98849,交通事故,交叉路口,臺南市東區中華東路段號裕農路,3,晴,60,交岔路,交叉路口,行車管制號誌,車與車,違反號誌管制或指揮
11005AC191B1590,20210504,120.217748,22.991121,交通事故,交叉路口,臺南市東區勝利路段號青年路,1,晴,50,交岔路,交叉路口,行車管制號誌,車與車,未依規定讓車
11005AC191B1603,20210512,120.235357,22.991008,交通事故,其他,臺南市東區段號裕農路621巷與瑞吉街口,1,晴,30,交岔路,交叉路口,無號誌,車與車,未依規定讓車
11005AC191B1609,20210518,120.226931,22.985845,交通事故,交叉路口,臺南市東區裕農路段號裕豐街,1,晴,50,交岔路,交叉路口,行車管制號誌,車與車,未保持行車安全間隔
11005AC191B1612,20210512,120.228472,22.989905,交通事故,其他,臺南市東區東興路段號東寧路與東興路口,1,晴,50,交岔路,交叉路口,行車管制號誌(附設行人專用號誌),車與車,未依規定讓車
11005AC191B1621,20210519,120.216134,22.987476,交通事故,交叉路口,臺南市東區東門路1段號慶東街,1,晴,50,交岔路,交叉路口,行車管制號誌,車與車,違反號誌管制或指揮
11005AC191B1624,20210519,120.228802,22.98411,交通事故,其他,臺南市東區段號東門路二段301巷81號前,1,晴,30,交岔路,交叉路口,無號誌,車與車,未依規定讓車
11005AC191B1630,20210515,120.227529,22.962852,交通事故,交叉路口,臺南市東區崇德路段號東智街,1,晴,50,交岔路,交叉路口,行車管制號誌,車與車,未依規定讓車
11005AC191B1657,20210513,120.228448,22.998456,交通事故,交叉路口,臺南市東區東和路段號光明街,2,晴,50,交岔路,交叉路口,行車管制號誌,車與車,變換車道或方向不當
11005AC191B1659,20210519,120.234568,22.969213,交通事故,一般地址,臺南市東區仁和路段137-1號,1,晴,50,單路部分,路段,無號誌,人與汽(機)車,其他引起事故之疏失或行為
11005AC191B1665,20210512,120.221516,22.985752,交通事故,交叉路口,臺南市東區東門路2段號東門路2,1,晴,50,交岔路,交叉路口,閃光號誌,車與車,未依規定讓車
11005AC191B1673,20210511,120.224472,22.99843,交通事故,交叉路口,臺南市東區林森路段號東和路,1,晴,40,交岔路,交叉路口,行車管制號誌(附設行人專用號誌),車與車,違規超車
11005AC191B1681,20210519,120.223946,22.991785,交通事故,一般地址,臺南市東區林森路2段250號,1,晴,40,單路部分,路段,無號誌,汽(機)車本身,車輪脫落或輪胎爆裂
11005AC191B1699,20210512,120.233971,22.992767,交通事故,其他,臺南市東區段號中華東路一段與凱旋路口,1,晴,60,交岔路,交叉路口,行車管制號誌(附設行人專用號誌),車與車,未注意車前狀態
11005AC191B1701,20210519,120.234444,22.994823,交通事故,交叉路口,臺南市東區中華東路3段44號崇善一街,1,晴,30,交岔路,交叉路口,無號誌,車與車,未依規定讓車
11005AC191B1720,20210518,120.229761,22.972313,交通事故,交叉路口,臺南市東區崇道路段號崇善路,2,晴,50,交岔路,交叉路口,行車管制號誌,車與車,違反號誌管制或指揮
11005AC191B1724,20210514,120.231017,22.995146,交通事故,一般地址,臺南市東區東平路段90號,1,晴,40,單路部分,路段,無號誌,車與車,橫越道路不慎
11005AC191B1725,20210515,120.223697,22.980229,交通事故,交叉路口,臺南市東區崇善路段號崇學路,1,晴,50,交岔路,交叉路口,行車管制號誌,車與車,違反號誌管制或指揮
11005AC191B1726,20210520,120.218111,22.995361,交通事故,交叉路口,臺南市東區勝利路段號育樂街,1,晴,50,交岔路,交叉路口,行車管制號誌(附設行人專用號誌),車與車,未保持行車安全間隔
11005AC191B1733,20210515,120.229956,22.959789,交通事故,交叉路口,臺南市東區長東街段號崇德三十四街,2,晴,40,交岔路,交叉路口,無號誌,車與車,未依規定讓車
11005AC191B1737,20210516,120.214763,22.985128,交通事故,其他,臺南市東區段號府連路地下道,1,晴,50,單路部分,路段,無號誌,車與車,未保持行車安全距離
11005AC191B1745,20210519,120.223428,22.979993,交通事故,一般地址,臺南市東區崇學路段165號,1,晴,50,單路部分,路段,無號誌,車與車,未注意車前狀態
11005AC191B1751,20210520,120.226652,22.981801,交通事故,交叉路口,臺南市東區崇信街段號崇信街50,1,晴,50,交岔路,交叉路口,無號誌,車與車,迴轉未依規定
11005AC191B1763,20210513,120.222084,22.986333,交通事故,交叉路口,臺南市東區衛國街段號衛國街13,3,晴,30,交岔路,交叉路口,無號誌,車與車,違反特定標誌(線)禁制
11005AC191B1769,20210514,120.212678,22.989192,交通事故,一般地址,臺南市東區東門路1段57號,1,晴,30,單路部分,路段,無號誌,車與車,未注意車前狀態
11005AC191B1817,20210521,120.226584,22.987427,交通事故,交叉路口,臺南市東區裕豐街段147號裕豐街163,2,晴,30,交岔路,交叉路口,無號誌,車與車,未依規定讓車
11005AC191B1822,20210519,120.226171,22.978419,交通事故,其他,臺南市東區段號崇善路與崇德四街口,2,晴,50,交岔路,交叉路口,行車管制號誌,車與車,違反號誌管制或指揮
11005AC191B1823,20210521,120.228207,22.999666,交通事故,交叉路口,臺南市東區光明街段號小東路,2,晴,50,交岔路,交叉路口,行車管制號誌(附設行人專用號誌),車與車,左轉彎未依規定
11005AC191B1837,20210521,120.23125,22.968522,交通事故,其他,臺南市東區段號崇善路743號前,1,晴,0,交岔路,交叉路口,無號誌,車與車,起步未注意其他車(人)安全
11005AC191B1839,20210521,120.231841,22.987539,交通事故,交叉路口,臺南市東區中華東路2段22號裕農路446,1,晴,30,交岔路,交叉路口,無號誌,車與車,未依規定讓車
11005AC191B1843,20210519,120.228756,22.984099,交通事故,一般地址,臺南市東區東門路2段30175號,2,晴,30,交岔路,交叉路口,無號誌,車與車,未依規定讓車