案件編號,發生日期,GPS經度,GPS緯度,案件類別名稱,地址類型名稱,發生縣市名稱,受傷人數,天候名稱, 速限-第1當事者,道路型態大類別名稱,事故位置大類別名稱,號誌-號誌種類名稱,事故類型及型態大類別名稱,肇因研判子類別名稱-主要
11005AC191B1848,20210517,120.213539,22.988146,交通事故,一般地址,臺南市東區東門路1段80號,1,晴,40,單路部分,路段,無號誌,車與車,左轉彎未依規定
11005AC191B1851,20210520,120.229527,22.989964,交通事故,其他,臺南市東區段號東光路一段5巷48之1號前,1,晴,30,交岔路,交叉路口,無號誌,車與車,未依規定讓車
11005AC191B1852,20210521,120.21978,22.989302,交通事故,交叉路口,臺南市東區長榮路2段號懷恩街,1,晴,50,交岔路,交叉路口,行車管制號誌,車與車,未依規定讓車
11005AC191B1855,20210508,120.221611,22.985706,交通事故,一般地址,臺南市東區東門路2段160號,3,晴,50,交岔路,交叉路口,閃光號誌,車與車,未依規定讓車
11005AC191B1866,20210521,120.213769,22.981447,交通事故,一般地址,臺南市東區林森路1段132號0林森路地下道往東方向,1,晴,50,單路部分,路段,無號誌,車與車,未保持行車安全距離
11005AC191B1880,20210521,120.234902,22.961744,交通事故,交叉路口,臺南市東區德東街段號信東街,4,晴,50,交岔路,交叉路口,無號誌,車與車,未保持行車安全距離
11005AC191B1889,20210521,120.236457,22.988637,交通事故,交叉路口,臺南市東區裕農路段號裕農路621,1,晴,50,交岔路,交叉路口,行車管制號誌,車與車,未保持行車安全距離
11005AC191B1894,20210521,120.227363,22.986004,交通事故,一般地址,臺南市東區裕農路段122號0,1,晴,50,交岔路,交叉路口,無號誌,車與車,未保持行車安全距離
11005AC191B1897,20210521,120.230308,22.977072,交通事故,一般地址,臺南市東區仁和路段42之5號,1,晴,50,單路部分,路段,無號誌,車與車,未保持行車安全間隔
11005AC191B1908,20210521,120.23345,22.987677,交通事故,一般地址,臺南市東區中華東路2段10號0,1,晴,40,單路部分,路段,無號誌,車與車,未注意車前狀態
11005AC191B1912,20210521,120.224244,22.984868,交通事故,交叉路口,臺南市東區東門路2段號裕農路,1,晴,50,交岔路,交叉路口,行車管制號誌,車與車,未注意車前狀態
11005AC191B1919,20210522,120.234315,22.994458,交通事故,交叉路口,臺南市東區中華東路段號東平路,1,晴,60,單路部分,路段,無號誌,車與車,未注意車前狀態
11005AC191B1927,20210522,120.235796,22.99257,交通事故,交叉路口,臺南市東區後甲一路段號平實路,1,晴,50,交岔路,交叉路口,行車管制號誌(附設行人專用號誌),車與車,起步未注意其他車(人)安全
11005AC191B1940,20210519,120.213657,22.981757,交通事故,交叉路口,臺南市東區林森路1段號大同路1275,1,晴,40,交岔路,交叉路口,無號誌,車與車,未依規定讓車
11005AC191B1945,20210513,120.233691,22.994728,交通事故,交叉路口,臺南市東區東平路段號東平路9,1,晴,50,交岔路,交叉路口,閃光號誌,車與車,未依規定讓車
11005AC191B1950,20210515,120.232465,22.972298,交通事故,交叉路口,臺南市東區仁和路段號崇善九街,1,晴,30,交岔路,交叉路口,無號誌,車與車,未注意車前狀態
11005AC191B1953,20210521,120.237408,22.97578,交通事故,交叉路口,臺南市東區東門路3段號自由路2,1,晴,60,交岔路,交叉路口,行車管制號誌,車與車,未依規定讓車
11005AC191B1970,20210513,120.224459,22.977918,交通事故,交叉路口,臺南市東區崇善路段182號崇德四街7,2,晴,30,交岔路,交叉路口,無號誌,車與車,未依規定讓車
11005AC191B1980,20210519,120.228539,22.996928,交通事故,交叉路口,臺南市東區光明街段號光明街175,2,晴,30,交岔路,交叉路口,無號誌,車與車,未依規定讓車
11005AC191B1982,20210519,120.23463,22.988582,交通事故,交叉路口,臺南市東區裕農路段號裕農路5712,1,晴,50,交岔路,交叉路口,無號誌,車與車,未依規定讓車
11005AC191B1985,20210520,120.234335,22.97742,交通事故,交叉路口,臺南市東區東門路3段號富農街1,2,晴,50,交岔路,交叉路口,行車管制號誌,車與車,未依規定讓車
11005AC191B1990,20210522,120.247769,22.985515,交通事故,交叉路口,臺南市東區裕平路段號裕義路,1,晴,50,交岔路,交叉路口,行車管制號誌,車與車,未保持行車安全距離
11005AC191B1992,20210517,120.221515,22.973669,交通事故,交叉路口,臺南市東區中華東路3段377號中華東路3,1,晴,50,交岔路,交叉路口,行車管制號誌,車與車,未依規定讓車
11005AC191B1999,20210517,120.23477,22.984987,交通事故,交叉路口,臺南市東區中華東路2段13357號中華東路2133,1,晴,30,交岔路,交叉路口,無號誌,車與車,未依規定讓車
11005AC191B2006,20210517,120.217245,22.982674,交通事故,交叉路口,臺南市東區林森路1段號長榮路1,1,晴,40,交岔路,交叉路口,行車管制號誌,汽(機)車本身,未注意車前狀態
11005AC191B2010,20210518,120.218616,22.985833,交通事故,交叉路口,臺南市東區長榮路1段號府東街,1,晴,5,交岔路,交叉路口,行車管制號誌,車與車,違反特定標誌(線)禁制
11005AC191B2012,20210518,120.22522,22.981834,交通事故,一般地址,臺南市東區崇學路段178號,1,晴,50,單路部分,路段,無號誌,車與車,橫越道路不慎
11005AC191B2013,20210519,120.22738,22.977481,交通事故,一般地址,臺南市東區崇善路段234號,2,晴,40,單路部分,路段,無號誌,車與車,未保持行車安全距離
11005AC191B2016,20210518,120.214978,22.981837,交通事故,一般地址,臺南市東區林森路1段號,1,晴,50,單路部分,路段,無號誌,車與車,未注意車前狀態
11005AC191B2017,20210521,120.236402,22.992677,交通事故,其他,臺南市東區段號平實路平實公園地下停車場旁,1,晴,50,交岔路,交叉路口,無號誌,車與車,未依規定讓車
11005AC191B2018,20210517,120.22663,23.000176,交通事故,交叉路口,臺南市東區小東路段號小東路132,1,晴,50,交岔路,其他,行車管制號誌(附設行人專用號誌),人與汽(機)車,未注意車前狀態
11005AC191B2021,20210523,120.234982,22.963699,交通事故,一般地址,臺南市東區崇善路段926號,1,晴,50,單路部分,路段,無號誌,車與車,未注意車前狀態
11005AC191B2040,20210521,120.245026,22.979836,交通事故,交叉路口,臺南市東區裕信路段號裕敬路,2,晴,50,交岔路,交叉路口,行車管制號誌,車與車,橫越道路不慎
11005AC191B2046,20210523,120.227558,22.984652,交通事故,交叉路口,臺南市東區裕豐街段68號東門路230143,1,晴,30,交岔路,交叉路口,無號誌,車與車,未依規定讓車
11005AC191B2059,20210517,120.215875,22.986671,交通事故,交叉路口,臺南市東區府東街段號光華街229,2,晴,30,交岔路,交叉路口,閃光號誌,車與車,未依規定讓車
11005AC191B2065,20210523,120.241831,22.985891,交通事故,一般地址,臺南市東區裕忠路段105號,1,晴,30,單路部分,路段,無號誌,車與車,起步未注意其他車(人)安全
11005AC191B2078,20210523,120.212298,22.997344,交通事故,其他,臺南市東區段號北門路2段火車站前,1,晴,50,交岔路,交叉路口,行車管制號誌,車與車,未依規定讓車
11005AC191B2092,20210523,120.234669,22.997839,交通事故,交叉路口,臺南市東區中華東路1段號中華東路110,1,晴,30,交岔路,交叉路口,無號誌,車與車,未注意車前狀態
11005AC191B2113,20210503,120.237028,22.990402,交通事故,一般地址,臺南市東區建東街段521號5,2,晴,30,交岔路,交叉路口,無號誌,車與車,未依規定讓車
11005AC191B2122,20210503,120.224139,22.974858,交通事故,一般地址,臺南市東區中華東路3段273號3,1,晴,40,交岔路,交叉路口,無號誌,車與車,未保持行車安全距離
11005AC191B2125,20210524,120.232192,22.972759,交通事故,交叉路口,臺南市東區仁和路段號崇善八街,1,晴,50,交岔路,交叉路口,無號誌,車與車,未依規定讓車
11005AC191B2130,20210524,120.211276,22.984848,交通事故,一般地址,臺南市東區府連路段148號0,1,晴,50,單路部分,路段,無號誌,車與車,迴轉未依規定
11005AC191B2141,20210524,120.231576,22.96178,交通事故,交叉路口,臺南市東區德東街段號德東街151,2,晴,50,交岔路,交叉路口,閃光號誌,車與車,起步未注意其他車(人)安全
11005AC191B2145,20210524,120.213076,22.979102,交通事故,交叉路口,臺南市東區大同路段號大同路2136,2,晴,40,交岔路,交叉路口,無號誌,車與車,迴轉未依規定
11005AC191B2161,20210504,120.212212,22.984944,交通事故,一般地址,臺南市東區府連路段180-2號5,1,晴,50,交岔路,交叉路口,行車管制號誌,車與車,未注意車前狀態
11005AC191B2169,20210524,120.216925,22.980819,交通事故,一般地址,臺南市東區崇明路段61號0,1,晴,50,交岔路,交叉路口,無號誌,車與車,右轉彎未依規定
11005AC191B2174,20210506,120.247547,22.986311,交通事故,一般地址,臺南市東區裕義路段168號5,1,晴,50,單路部分,路段,無號誌,車與車,未保持行車安全距離
11005AC191B2179,20210524,120.237582,22.976668,交通事故,一般地址,臺南市東區自由路3段19號,2,晴,50,單路部分,路段,無號誌,車與車,起步未注意其他車(人)安全
11005AC191B2181,20210523,120.234622,22.998335,交通事故,交叉路口,臺南市東區中華東路1段號小東路,1,晴,60,交岔路,交叉路口,行車管制號誌,車與車,未依規定讓車
11005AC191B2186,20210524,120.228446,22.97657,交通事故,交叉路口,臺南市東區崇善路段號崇德六街,1,晴,50,交岔路,交叉路口,行車管制號誌,車與車,違反號誌管制或指揮
11005AC191B2189,20210524,120.231588,22.961741,交通事故,交叉路口,臺南市東區德東街段號德東街136,2,晴,50,交岔路,交叉路口,閃光號誌,車與車,左轉彎未依規定
11005AC191B2202,20210525,120.227647,22.979146,交通事故,一般地址,臺南市東區中華東路3段48號,2,晴,40,單路部分,路段,無號誌,車與車,未依規定讓車
11005AC191B2206,20210509,120.230903,22.989968,交通事故,其他,臺南市東區段號東光路南紡停車場前,2,晴,50,交岔路,交叉路口,無號誌,車與車,左轉彎未依規定
11005AC191B2207,20210513,120.225709,22.96584,交通事故,交叉路口,臺南市東區崇明路段號崇明二十五街,1,晴,50,交岔路,交叉路口,行車管制號誌,汽(機)車本身,其他引起事故之違規或不當行為
11005AC191B2211,20210516,120.233648,22.982925,交通事故,一般地址,臺南市東區中華東路2段243572號5,2,晴,30,交岔路,交叉路口,無號誌,車與車,未依規定讓車
11005AC191B2212,20210525,120.225721,22.964966,交通事故,交叉路口,臺南市東區生產路段號崇明路,2,晴,50,交岔路,交叉路口,行車管制號誌(附設行人專用號誌),車與車,違反號誌管制或指揮
11005AC191B2214,20210525,120.229446,22.981267,交通事故,交叉路口,臺南市東區中華東路3段號東門路,1,晴,60,交岔路,交叉路口,行車管制號誌(附設行人專用號誌),車與車,未保持行車安全間隔
11005AC191B2215,20210524,120.22918,22.972677,交通事故,交叉路口,臺南市東區崇德十一街段號崇德八街46,1,晴,50,交岔路,交叉路口,無號誌,車與車,未依規定讓車
11005AC191B2235,20210525,120.245639,22.987815,交通事故,一般地址,臺南市東區裕和路段340號,1,晴,50,交岔路,路段,無號誌,汽(機)車本身,其他引起事故之違規或不當行為
11005AC191B2236,20210510,120.24504,22.978239,交通事故,交叉路口,臺南市東區裕信路段號裕孝三街,1,晴,50,交岔路,交叉路口,行車管制號誌,車與車,未注意車前狀態
11005AC191B2241,20210514,120.223883,22.98447,交通事故,其他,臺南市東區段號崇仁街53巷與富德街口,1,晴,50,交岔路,交叉路口,無號誌,汽(機)車本身,未注意車前狀態
11005AC191B2244,20210510,120.221469,22.992044,交通事故,交叉路口,臺南市東區東寧路段號長榮路2,1,晴,50,交岔路,交叉路口,行車管制號誌,車與車,未注意車前狀態
11005AC191B2248,20210511,120.225558,22.976847,交通事故,一般地址,臺南市東區中華東路3段204號,1,晴,60,單路部分,路段,無號誌,車與車,未保持行車安全距離
11005AC191B2256,20210524,120.232602,22.966537,交通事故,交叉路口,臺南市東區生產路段號崇善路,2,晴,50,交岔路,交叉路口,行車管制號誌,車與車,違反號誌管制或指揮
11005AC191B2267,20210525,120.214788,22.995831,交通事故,交叉路口,臺南市東區育樂街段號育樂街148,1,晴,50,交岔路,交叉路口,閃光號誌,車與車,不明原因肇事
11005AC191B2269,20210525,120.233414,22.987271,交通事故,一般地址,臺南市東區中華東路2段30號0中華東路二段30號前,1,晴,40,單路部分,路段,無號誌,車與車,未保持行車安全距離
11005AC191B2274,20210525,120.232255,22.96701,交通事故,交叉路口,臺南市東區崇善東路段號崇善路,2,晴,40,交岔路,交叉路口,行車管制號誌(附設行人專用號誌),車與車,未注意車前狀態
11005AC191B2292,20210525,120.221441,22.976178,交通事故,一般地址,臺南市東區崇明路段384號,1,晴,50,單路部分,路段,無號誌,車與車,未保持行車安全間隔
11005AC191B2307,20210520,120.229559,22.99864,交通事故,交叉路口,臺南市東區東興路段號東和路,2,晴,50,交岔路,交叉路口,行車管制號誌,車與車,其他引起事故之違規或不當行為
11005AC191B2316,20210517,120.234027,22.98516,交通事故,一般地址,臺南市東區中華東路2段13323號,1,晴,30,單路部分,路段,無號誌,車與車,不明原因肇事
11005AC191B2318,20210518,120.229412,22.985971,交通事故,一般地址,臺南市東區裕農路段288108號,1,晴,30,交岔路,交叉路口,無號誌,車與車,未依規定讓車
11005AC191B2319,20210526,120.219683,22.983182,交通事故,交叉路口,臺南市東區林森路段號崇善路,1,晴,50,單路部分,路段,無號誌,汽(機)車本身,未注意車前狀態
11005AC191B2320,20210524,120.231979,22.985291,交通事故,一般地址,臺南市東區中華東路2段9630號,1,晴,30,交岔路,交叉路口,無號誌,車與車,未依規定讓車
11005AC191B2321,20210526,120.21373,22.977369,交通事故,一般地址,臺南市東區大同路2段145號,1,晴,40,單路部分,路段,無號誌,車與車,變換車道或方向不當
11005AC191B2323,20210526,120.241721,22.982638,交通事故,交叉路口,臺南市東區裕文路段號裕忠路,1,晴,50,交岔路,交叉路口,行車管制號誌,人與汽(機)車,未依規定讓車
11005AC191B2324,20210526,120.214,22.998564,交通事故,其他,臺南市東區段號前鋒路(成大光復校區側門附近),1,晴,50,單路部分,路段,無號誌,車與車,迴轉未依規定
11005AC191B2339,20210526,120.227477,22.961424,交通事故,一般地址,臺南市東區崇德路段912號,1,晴,50,單路部分,路段,無號誌,車與車,未依規定讓車
11005AC191B2343,20210526,120.230798,22.995918,交通事故,交叉路口,臺南市東區東興路段296號東光路225,1,晴,30,交岔路,交叉路口,無號誌,車與車,未依規定讓車
11005AC191B2346,20210520,120.221653,22.977515,交通事故,交叉路口,臺南市東區榮譽街段號榮譽街290,2,晴,50,交岔路,交叉路口,無號誌,車與車,未依規定讓車
11005AC191B2349,20210525,120.220403,22.992021,交通事故,一般地址,臺南市東區東寧路段42號,2,晴,50,交岔路,交叉路口,無號誌,車與車,未注意車前狀態
11005AC191B2362,20210526,120.233851,22.982802,交通事故,交叉路口,臺南市東區中華東路2段243號中華東路224357,2,晴,30,交岔路,交叉路口,無號誌,車與車,未依規定讓車
11005AC191B2363,20210508,120.226336,22.98974,交通事故,一般地址,臺南市東區林森路2段19285號,1,晴,30,交岔路,路段,無號誌,車與車,未注意車前狀態
11005AC191B2365,20210515,120.225771,22.985545,交通事故,一般地址,臺南市東區裕農路段33號,2,晴,40,交岔路,交叉路口,無號誌,車與車,未依規定讓車
11005AC191B2366,20210526,120.226741,23.00012,交通事故,一般地址,臺南市東區小東路段138號,1,晴,50,交岔路,交叉路口,行車管制號誌(附設行人專用號誌),車與車,逆向行駛
11005AC191B2368,20210526,120.245023,22.978242,交通事故,其他,臺南市東區段號裕信路與裕孝三街口,1,晴,50,交岔路,交叉路口,行車管制號誌,車與車,未依規定讓車
11005AC191B2369,20210520,120.221708,22.995141,交通事故,一般地址,臺南市東區長榮路3段127號,1,晴,50,交岔路,交叉路口,閃光號誌,車與車,起步未注意其他車(人)安全
11005AC191B2377,20210526,120.223445,22.988096,交通事故,其他,臺南市東區段號林森路二段長榮中學大門對面,2,晴,0,單路部分,路段,無號誌,車與車,未注意車前狀態
11005AC191B2386,20210527,120.22425,22.984827,交通事故,交叉路口,臺南市東區東門路2段號裕農路,1,晴,40,交岔路,交叉路口,行車管制號誌,車與車,未保持行車安全間隔
11005AC191B2411,20210527,120.247181,22.986739,交通事故,交叉路口,臺南市東區裕英街段號裕和五街,1,晴,50,交岔路,交叉路口,閃光號誌,車與車,未依規定讓車
11005AC191B2415,20210519,120.230066,22.971737,交通事故,其他,臺南市東區段號崇善路與崇善八街口,1,晴,50,交岔路,交叉路口,行車管制號誌(附設行人專用號誌),車與車,左轉彎未依規定
11005AC191B2419,20210527,120.223796,22.993527,交通事故,交叉路口,臺南市東區林森路2段號長榮路366,2,晴,40,交岔路,其他,行車管制號誌(附設行人專用號誌),車與車,未注意車前狀態
11005AC191B2433,20210527,120.232874,22.994667,交通事故,一般地址,臺南市東區莊敬路段29952號,1,晴,50,單路部分,路段,無號誌,車與車,違規超車
11005AC191B2440,20210527,120.226673,22.977816,交通事故,一般地址,臺南市東區中華東路3段149號,1,晴,40,單路部分,路段,無號誌,車與車,未保持行車安全距離
11005AC191B2473,20210528,120.223113,22.980678,交通事故,一般地址,臺南市東區崇善路段177號,1,晴,40,單路部分,路段,無號誌,汽(機)車本身,未注意車前狀態
11005AC191B2493,20210528,120.222379,23.000751,交通事故,交叉路口,臺南市東區小東路段號長榮路,1,晴,50,交岔路,交叉路口,行車管制號誌(附設行人專用號誌),車與車,其他引起事故之違規或不當行為
11005AC191B2495,20210528,120.234169,22.971482,交通事故,一般地址,臺南市東區仁和路段10945號,2,晴,30,交岔路,交叉路口,無號誌,車與車,未依規定讓車
11005AC191B2501,20210528,120.211838,22.994427,交通事故,交叉路口,臺南市東區北門路1段號民族路1,1,陰,50,交岔路,交叉路口,行車管制號誌(附設行人專用號誌),車與車,停車操作時，未注意其他車(人)安全
11005AC191B2515,20210528,120.226136,22.982748,交通事故,交叉路口,臺南市東區崇學路段號崇學路230,1,晴,30,交岔路,交叉路口,無號誌,車與車,左轉彎未依規定
11005AC191B2522,20210528,120.214883,22.996706,交通事故,交叉路口,臺南市東區大學路西段段號育樂街,1,晴,0,交岔路,交叉路口,行車管制號誌(附設行人專用號誌),汽(機)車本身,未注意車前狀態
11005AC191B2531,20210518,120.213505,22.978278,交通事故,一般地址,臺南市東區大同路2段115號,1,陰,40,單路部分,路段,無號誌,車與車,變換車道或方向不當
11005AC191B2533,20210513,120.214569,22.977861,交通事故,一般地址,臺南市東區立德十路段21號,3,晴,50,交岔路,交叉路口,無號誌,車與車,逆向行駛
11005AC191B2534,20210528,120.233689,22.970369,交通事故,交叉路口,臺南市東區仁和路段號崇善東路,1,晴,50,交岔路,交叉路口,行車管制號誌,車與車,起步未注意其他車(人)安全
11005AC191B2535,20210527,120.23222,22.976265,交通事故,一般地址,臺南市東區文化三街段90號,1,晴,50,單路部分,路段,無號誌,車與車,未注意車前狀態
11005AC191B2553,20210527,120.227493,22.973053,交通事故,交叉路口,臺南市東區崇德路段號崇德十街,2,晴,40,交岔路,交叉路口,無號誌,車與車,未保持行車安全距離
11005AC191B2557,20210528,120.218424,22.986699,交通事故,一般地址,臺南市東區東門路1段360號,2,晴,40,單路部分,路段,無號誌,車與車,起步未注意其他車(人)安全
11005AC191B2562,20210528,120.23666,22.987439,交通事故,交叉路口,臺南市東區裕農路段668號富農街2108,1,晴,30,交岔路,交叉路口,閃光號誌,車與車,未依規定讓車
11005AC191B2579,20210509,120.222712,22.980997,交通事故,交叉路口,臺南市東區崇善路段號德光街,1,晴,40,交岔路,交叉路口,行車管制號誌,車與車,未依規定讓車
11005AC191B2582,20210529,120.213198,22.994775,交通事故,交叉路口,臺南市東區前鋒路段號民族路1,1,陰,40,交岔路,交叉路口,無號誌,汽(機)車本身,未注意車前狀態
11005AC191B2590,20210529,120.214792,22.99576,交通事故,交叉路口,臺南市東區育樂街段號育樂街148,1,晴,30,交岔路,交叉路口,閃光號誌,車與車,未依規定讓車
11005AC191B2596,20210513,120.22749,22.972108,交通事故,交叉路口,臺南市東區崇德路段號崇道路,2,晴,50,交岔路,交叉路口,行車管制號誌,車與車,未注意車前狀態
11005AC191B2599,20210529,120.218709,22.986563,交通事故,交叉路口,臺南市東區東門路1段號長榮路1,1,晴,50,單路部分,路段,無號誌,車與車,起步未注意其他車(人)安全
11005AC191B2600,20210516,120.225622,22.987129,交通事故,一般地址,臺南市東區裕農路段4339號5,2,晴,30,交岔路,交叉路口,無號誌,車與車,未依規定讓車
11005AC191B2611,20210518,120.22006,22.977641,交通事故,交叉路口,臺南市東區崇明路段號崇學路,1,晴,40,交岔路,交叉路口,行車管制號誌,車與車,未保持行車安全距離
11005AC191B2618,20210522,120.22333,22.987793,交通事故,交叉路口,臺南市東區林森路2段號衛國街114,1,晴,50,交岔路,交叉路口,行車管制號誌,車與車,未依規定讓車
11005AC191B2619,20210522,120.237408,22.97578,交通事故,交叉路口,臺南市東區東門路3段號自由路3,1,晴,50,交岔路,交叉路口,行車管制號誌,車與車,違反號誌管制或指揮
11005AC191B2622,20210523,120.232459,22.961761,交通事故,交叉路口,臺南市東區德東街段號德東街189,1,晴,50,交岔路,交叉路口,閃光號誌,車與車,未依規定讓車
11005AC191B2648,20210530,120.223961,22.993541,交通事故,交叉路口,臺南市東區林森路2段號長榮路366林森路二段與長榮路三段66巷路口,1,雨,30,交岔路,交叉路口,行車管制號誌(附設行人專用號誌),汽(機)車本身,未注意車前狀態
11005AC191B2665,20210530,120.239607,22.984958,交通事故,交叉路口,臺南市東區裕平路段號裕農三街,2,雨,40,交岔路,交叉路口,行車管制號誌,車與車,違反號誌管制或指揮
11005AC191B2676,20210530,120.226045,22.975594,交通事故,交叉路口,臺南市東區崇德五街段號崇善路232,1,陰,30,交岔路,交叉路口,無號誌,車與車,未依規定讓車
11005AC191B2692,20210530,120.219663,22.99221,交通事故,一般地址,臺南市東區東寧路段26號0,2,雨,40,單路部分,路段,無號誌,車與車,不明原因肇事
11005AC191B2717,20210519,120.23384,22.981839,交通事故,交叉路口,臺南市東區富農街1段131號富農街113125,2,晴,50,交岔路,交叉路口,無號誌,車與車,未依規定讓車
11005AC191B2718,20210526,120.245042,22.985076,交通事故,交叉路口,臺南市東區裕信路段號裕平路,1,晴,50,交岔路,交叉路口,行車管制號誌,車與車,未依規定讓車
11005AC191B2727,20210527,120.225658,22.967778,交通事故,一般地址,臺南市東區崇明路段738號,2,晴,40,交岔路,交叉路口,無號誌,車與車,起步未注意其他車(人)安全
11005AC191B2756,20210531,120.212537,22.980552,交通事故,一般地址,臺南市東區大同路2段17號,1,晴,50,交岔路,交叉路口,無號誌,車與車,未注意車前狀態
11005AC191B2759,20210531,120.224803,22.972756,交通事故,交叉路口,臺南市東區崇明路段號崇明十四街崇明路與崇明十四街路口,1,晴,50,交岔路,交叉路口,行車管制號誌,車與車,未依規定讓車
11005AC191B2766,20210531,120.235426,22.967975,交通事故,一般地址,臺南市東區自由路1段103號,1,晴,40,單路部分,路段,無號誌,汽(機)車本身,酒醉(後)駕駛失控
11005AC191B2785,20210531,120.227338,22.997371,交通事故,交叉路口,臺南市東區東安路段號光明街66,1,晴,50,交岔路,路段,無號誌,車與車,未注意車前狀態
11005AC191B2802,20210530,120.216144,22.98743,交通事故,交叉路口,臺南市東區東門路1段號慶東街,1,雨,50,交岔路,交叉路口,行車管制號誌,人與汽(機)車,未依規定讓車
11005AC191B2809,20210519,120.225195,22.961554,交通事故,交叉路口,臺南市東區崇吉一街段號成功一街,1,晴,50,交岔路,交叉路口,無號誌,車與車,違規超車
11005AC191B2821,20210521,120.220977,22.977905,交通事故,交叉路口,臺南市東區崇學路段號崇學路59,1,晴,50,單路部分,路段,無號誌,車與車,變換車道或方向不當
11005AC191B2838,20210517,120.222504,22.98544,交通事故,交叉路口,臺南市東區東門路2段號林森路1,1,晴,50,交岔路,交叉路口,行車管制號誌,車與車,未依規定讓車
11005AC191B2858,20210530,120.217955,22.993973,交通事故,一般地址,臺南市東區勝利路段103號,1,雨,50,交岔路,交叉路口,無號誌,車與車,未依規定使用燈光
11005AC191B2859,20210529,120.235776,22.967265,交通事故,一般地址,臺南市東區仁和路段191號,2,晴,50,交岔路,交叉路口,無號誌,車與車,橫越道路不慎
11005AC191B2925,20210530,120.21202,22.996288,交通事故,一般地址,臺南市東區北門路1段308之1號0,1,雨,50,單路部分,路段,無號誌,車與車,未注意車前狀態
11005AC191B3055,20210531,120.214345,22.978273,交通事故,交叉路口,臺南市東區大同路2段號立德十一路,1,雨,40,交岔路,交叉路口,行車管制號誌,汽(機)車本身,未注意車前狀態
11005AC191B3099,20210531,120.228314,22.998832,交通事故,一般地址,臺南市東區光明街段40號,1,晴,50,交岔路,交叉路口,無號誌,車與車,未注意車前狀態
11005AC191B3176,20210514,120.212918,22.979495,交通事故,交叉路口,臺南市東區大同路2段號大同路261,3,晴,50,交岔路,交叉路口,行車管制號誌,車與車,未依規定讓車
11005AC191B3177,20210527,120.237272,22.985015,交通事故,交叉路口,臺南市東區裕學路段號裕農路66875,2,晴,50,交岔路,交叉路口,行車管制號誌,車與車,違反號誌管制或指揮
11005AC191B3298,20210511,120.211785,22.993467,交通事故,一般地址,臺南市東區北門路1段160號,1,晴,50,單路部分,路段,無號誌,車與車,違反特定標誌(線)禁制
11005AC191B3328,20210514,120.223855,22.991588,交通事故,其他,臺南市東區段號東寧路與林森路二段口北側,1,晴,40,單路部分,路段,無號誌,汽(機)車本身,未注意車前狀態
11005AC191B3329,20210531,120.21802,22.984172,交通事故,交叉路口,臺南市東區長榮路1段號府連東路,1,晴,50,交岔路,交叉路口,行車管制號誌(附設行人專用號誌),車與車,未保持行車安全距離
11005AC191B3334,20210512,120.216671,22.996507,交通事故,其他,臺南市東區段號大學路西段光復校區正門前,1,晴,50,交岔路,交叉路口,行車管制號誌,車與車,未依規定讓車
11005AC191B3337,20210521,120.231408,22.995081,交通事故,交叉路口,臺南市東區東光路段號東平路,1,晴,50,交岔路,交叉路口,行車管制號誌,車與車,起步未注意其他車(人)安全
11005AC191B3343,20210523,120.214319,22.985307,交通事故,交叉路口,臺南市東區府連路段號府連路260,1,晴,30,單路部分,路段,無號誌,汽(機)車本身,未注意車前狀態
11005AC191B3396,20210512,120.233306,22.988774,交通事故,一般地址,臺南市東區後甲圓環段號,1,晴,40,圓環廣場,路段,無號誌,車與車,變換車道或方向不當
11005AC191B3410,20210515,120.233635,22.988085,交通事故,交叉路口,臺南市東區中華東路2段號裕農路,1,晴,50,交岔路,交叉路口,行車管制號誌,汽(機)車本身,不明原因肇事
11005AC191B3411,20210529,120.246817,22.99044,交通事故,交叉路口,臺南市東區裕農路段號裕農路979,2,陰,50,交岔路,交叉路口,行車管制號誌,汽(機)車本身,未注意車前狀態
11005AC191B3417,20210520,120.230298,22.977512,交通事故,一般地址,臺南市東區仁和路段16497號,2,晴,50,單路部分,路段,無號誌,人與汽(機)車,未依規定行走行人穿越道、地下道、天橋而穿越道路
11005AC1O1B0185,20210501,120.229843,22.972308,交通事故,一般地址,臺南市東區崇善路段581號,1,晴,50,單路部分,路段,行車管制號誌,車與車,未注意車前狀態
11005AC1O1B0676,20210504,120.225697,22.979345,交通事故,其他,臺南市東區崇善路段231號崇善路2056崇善一街3巷41號前,1,晴,30,交岔路,交叉路口,無號誌,車與車,未依規定讓車
11005AC1O1B0741,20210509,120.215966,22.967418,交通事故,其他,臺南市東區段號大同路二段與國民路口,2,晴,40,交岔路,交叉路口,行車管制號誌,車與車,違反號誌管制或指揮
11005AC1O1B0996,20210506,120.22349,22.976789,交通事故,一般地址,臺南市東區崇德路段326號,1,晴,50,交岔路,交叉路口,無號誌,車與車,逆向行駛
11005AC1O1B1932,20210519,120.216148,22.987458,交通事故,交叉路口,臺南市東區慶東街段號東門路1,1,晴,50,交岔路,交叉路口,行車管制號誌,車與車,未依規定讓車
11005AC1O1B2117,20210512,120.229539,22.981109,交通事故,交叉路口,臺南市東區中華東路3段號東門路3,2,晴,60,交岔路,交叉路口,行車管制號誌,車與車,未依規定讓車