案件編號,發生日期,GPS經度,GPS緯度,案件類別名稱,地址類型名稱,發生縣市名稱,受傷人數,天候名稱, 速限-第1當事者,道路型態大類別名稱,事故位置大類別名稱,號誌-號誌種類名稱,事故類型及型態大類別名稱,肇因研判子類別名稱-主要
11005AC1O1B2492,20210524,120.229513,22.97168,交通事故,一般地址,臺南市東區崇德十二街段761號0,2,晴,30,交岔路,交叉路口,無號誌,車與車,未依規定讓車
11005AC1O1B2554,20210502,120.227808,22.982357,交通事故,一般地址,臺南市東區東門路2段353號,1,晴,50,交岔路,交叉路口,行車管制號誌,汽(機)車本身,未注意車前狀態
11005AC1O1B2564,20210505,120.228957,22.998508,交通事故,一般地址,臺南市東區東和路段46號,1,晴,50,單路部分,路段,無號誌,車與車,迴轉未依規定
11005AC1O1B2566,20210503,120.22271,22.974777,交通事故,一般地址,臺南市東區崇明路段381-1號,2,晴,40,交岔路,交叉路口,無號誌,車與車,未依規定讓車
11005AC1O1B2641,20210504,120.225835,22.992059,交通事故,一般地址,臺南市東區東寧路段20147號,1,晴,30,交岔路,交叉路口,無號誌,車與車,未保持行車安全間隔
11005AC1O1B2646,20210506,120.214434,22.987167,交通事故,一般地址,臺南市東區府東街段202號,1,晴,30,單路部分,路段,無號誌,汽(機)車本身,尚未發現肇事因素
11005AC1O1B2656,20210513,120.22431,22.996198,交通事故,一般地址,臺南市東區林森路2段260號,1,強風,40,單路部分,路段,無號誌,車與車,未注意車前狀態
11005AC1O1B2659,20210513,120.236855,22.985576,交通事故,其他,臺南市東區段號裕農路668巷91號旁,2,晴,30,交岔路,交叉路口,無號誌,車與車,未依規定讓車
11005AC1O1B2660,20210511,120.219349,22.979685,交通事故,一般地址,臺南市東區崇德路段128號,2,晴,50,交岔路,交叉路口,行車管制號誌,車與車,未保持行車安全距離
11005AC1O1B2797,20210511,120.227513,22.967228,交通事故,一般地址,臺南市東區崇德路段763號,1,晴,30,交岔路,交叉路口,行車管制號誌,車與車,未注意車前狀態
11005AC1O1B2807,20210523,120.226917,22.985816,交通事故,一般地址,臺南市東區裕農路段100號,1,晴,50,交岔路,交叉路口,行車管制號誌,汽(機)車本身,未注意車前狀態
11005AC1O1B2849,20210525,120.212296,22.980842,交通事故,一般地址,臺南市東區大同路2段1號,1,晴,40,交岔路,交叉路口,行車管制號誌(附設行人專用號誌),車與車,未依規定讓車
11005AC1O1B3033,20210509,120.22628,22.992006,交通事故,一般地址,臺南市東區東安路段50號,1,晴,30,交岔路,交叉路口,行車管制號誌,車與車,不明原因肇事
11005AC1O1B3093,20210529,120.226781,22.977961,交通事故,交叉路口,臺南市東區中華東路3段號崇善路,1,陰,60,交岔路,交叉路口,行車管制號誌(附設行人專用號誌),車與車,違反號誌管制或指揮
11005AC1O1B3112,20210523,120.221925,22.97787,交通事故,一般地址,臺南市東區崇德路段273號,3,晴,50,交岔路,交叉路口,無號誌,車與車,未保持行車安全距離
11005AC1O1B3261,20210502,120.221913,22.977876,交通事故,一般地址,臺南市東區崇德路段260號,2,晴,50,交岔路,交叉路口,無號誌,車與車,未依規定讓車
11005AC1O1B3370,20210516,120.223165,22.980628,交通事故,一般地址,臺南市東區崇善路段162號,1,晴,50,單路部分,路段,無號誌,車與車,橫越道路不慎
11005AC1O1B3441,20210516,120.231165,22.992283,交通事故,其他,臺南市東區段號東光路一段(東光國小前外環道),1,晴,40,單路部分,路段,無號誌,汽(機)車本身,未注意車前狀態
11005AC1R1B1365,20210505,120.239777,22.996731,交通事故,交叉路口,臺南市東區平實二街段號裕永路,1,晴,50,交岔路,交叉路口,行車管制號誌,人與汽(機)車,未依規定行走行人穿越道、地下道、天橋而穿越道路
11005AC1R1B1662,20210513,120.219888,22.964857,交通事故,交叉路口,臺南市東區生產路段號崇聖路,1,晴,40,交岔路,交叉路口,行車管制號誌,車與車,右轉彎未依規定
11005AC1R1B1775,20210513,120.232988,22.995915,交通事故,交叉路口,臺南市東區莊敬路段136號東平路12,1,晴,40,交岔路,交叉路口,無號誌,車與車,未依規定讓車
11005AC1R1B1778,20210506,120.241818,22.981231,交通事故,交叉路口,臺南市東區裕忠一街段號裕忠路,1,晴,50,交岔路,交叉路口,無號誌,車與車,未依規定讓車
11005AC1R1B1787,20210505,120.224953,22.980745,交通事故,交叉路口,臺南市東區崇學路段142號崇學路14210,1,晴,30,交岔路,交叉路口,無號誌,車與車,未依規定讓車
11005AC1R1B1799,20210506,120.221314,22.99107,交通事故,其他,臺南市東區段號長榮路二段長榮女中前,2,晴,50,交岔路,交叉路口,行車管制號誌,人與汽(機)車,未依規定讓車
11005AC1R1B2469,20210507,120.216272,22.976125,交通事故,交叉路口,臺南市東區立德九路段號立德五路,2,晴,30,交岔路,交叉路口,無號誌,車與車,左轉彎未依規定
11005AC1R1B2476,20210515,120.241721,22.982638,交通事故,交叉路口,臺南市東區裕文路段號裕忠路,1,晴,40,交岔路,交叉路口,行車管制號誌,車與車,左轉彎未依規定
11005AC1R1B2488,20210514,120.236011,22.970161,交通事故,一般地址,臺南市東區仁東街段56號1,1,晴,40,交岔路,交叉路口,無號誌,車與車,右轉彎未依規定
11005AC1R1B2496,20210520,120.223697,22.980229,交通事故,交叉路口,臺南市東區崇學路段號崇善路,1,晴,50,交岔路,交叉路口,行車管制號誌,車與車,右轉彎未依規定
11005AC1R1B2498,20210514,120.245026,22.979836,交通事故,交叉路口,臺南市東區裕信路段號裕敬路,1,晴,50,交岔路,交叉路口,行車管制號誌,車與車,左轉彎未依規定
11005AC1R1B2542,20210519,120.23129,22.994382,交通事故,其他,臺南市東區段號東光路118號對面,1,晴,40,單路部分,路段,無號誌,車與車,右轉彎未依規定
11005AC1R1B2545,20210527,120.219873,22.964869,交通事故,交叉路口,臺南市東區生產路段號崇聖路,1,晴,40,單路部分,路段,無號誌,車與車,迴轉未依規定
11005AC1R1B2913,20210525,120.219213,22.978685,交通事故,一般地址,臺南市東區崇明路段173號4,1,晴,40,單路部分,路段,無號誌,車與車,迴轉未依規定
11005AC1R1B2915,20210529,120.2115,22.989462,交通事故,其他,臺南市東區段號東門圓環與北門路一段口,1,雨,50,圓環廣場,其他,行車管制號誌,車與車,違反號誌管制或指揮
11005AC1R1B3162,20210506,120.219987,22.983594,交通事故,交叉路口,臺南市東區林森路1段號府連東路,1,晴,40,交岔路,交叉路口,行車管制號誌,車與車,違規超車
11005AC1R1B3315,20210531,120.24416,22.989926,交通事故,一般地址,臺南市東區裕農路段930號0,1,晴,50,單路部分,路段,無號誌,車與車,變換車道或方向不當
11005AC1R1B3317,20210514,120.218445,22.999392,交通事故,其他,臺南市東區段號勝利路成大附設幼稚園前,3,晴,50,單路部分,路段,無號誌,車與車,未注意車前狀態
11005AC1R1B3416,20210526,120.229169,22.97267,交通事故,交叉路口,臺南市東區崇德十一街段號崇德八街46,1,晴,30,交岔路,交叉路口,無號誌,車與車,未依規定讓車
11005AC1R1B3421,20210519,120.217341,23.001,交通事故,其他,臺南市東區段號小東路成大成功校區旁人行道,1,晴,0,單路部分,其他,無號誌,車與車,未注意車前狀態
11005AC291B0054,20210501,120.193748,23.003521,交通事故,交叉路口,臺南市中西區西和路段號文賢路,3,晴,50,交岔路,交叉路口,行車管制號誌,車與車,違反號誌管制或指揮
11005AC291B0055,20210501,120.204608,22.989037,交通事故,交叉路口,臺南市中西區南門路段號府前路,1,晴,50,交岔路,交叉路口,行車管制號誌(附設行人專用號誌),汽(機)車本身,未注意車前狀態
11005AC291B0057,20210502,120.208723,22.982502,交通事故,交叉路口,臺南市中西區五妃街段號法華街,1,晴,50,交岔路,交叉路口,無號誌,車與車,未依規定讓車
11005AC291B0073,20210502,120.200326,22.997939,交通事故,交叉路口,臺南市中西區西門路2段號西門圓環,1,晴,50,交岔路,交叉路口,行車管制號誌(附設行人專用號誌),車與車,未依規定讓車
11005AC291B0082,20210502,120.197053,22.991635,交通事故,其他,臺南市中西區段號國華街二段190號與無名巷口,2,晴,50,交岔路,交叉路口,無號誌,車與車,未注意車前狀態
11005AC291B0089,20210502,120.199533,22.996095,交通事故,交叉路口,臺南市中西區西門路2段號民權路3,1,晴,50,交岔路,交叉路口,行車管制號誌(附設行人專用號誌),車與車,未依規定讓車
11005AC291B0101,20210501,120.200168,22.986288,交通事故,交叉路口,臺南市中西區永福路段號樹林街,1,晴,50,交岔路,交叉路口,行車管制號誌,車與車,未依規定讓車
11005AC291B0122,20210503,120.204596,22.992817,交通事故,其他,臺南市中西區段號民生綠園與民生路口,1,雨,50,交岔路,交叉路口,行車管制號誌(附設行人專用號誌),車與車,未保持行車安全距離
11005AC291B0135,20210503,120.204723,22.990029,交通事故,交叉路口,臺南市中西區南門路段號府中街,1,晴,50,交岔路,交叉路口,行車管制號誌,汽(機)車本身,未注意車前狀態
11005AC291B0136,20210503,120.197642,22.985267,交通事故,一般地址,臺南市中西區西門路1段530號,1,陰,50,單路部分,路段,無號誌,車與車,起步未注意其他車(人)安全
11005AC291B0138,20210503,120.194823,22.988291,交通事故,一般地址,臺南市中西區海安路一段段23號,1,雨,50,單路部分,路段,無號誌,車與車,變換車道或方向不當
11005AC291B0164,20210501,120.198679,22.99276,交通事故,交叉路口,臺南市中西區西門路2段號中正路,1,晴,50,交岔路,交叉路口,行車管制號誌,車與車,右轉彎未依規定
11005AC291B0171,20210501,120.197478,22.988954,交通事故,一般地址,臺南市中西區西門路1段717號,1,晴,50,單路部分,路段,行車管制號誌,車與車,未注意車前狀態
11005AC291B0192,20210504,120.204468,22.987835,交通事故,交叉路口,臺南市中西區南門路段號建業街,1,晴,50,交岔路,交叉路口,行車管制號誌,車與車,未依規定讓車
11005AC291B0204,20210504,120.201803,22.995336,交通事故,交叉路口,臺南市中西區民權路段號永福路,1,晴,50,交岔路,交叉路口,行車管制號誌,人與汽(機)車,其他引起事故之疏失或行為
11005AC291B0206,20210502,120.197389,22.989459,交通事故,一般地址,臺南市中西區西門路1段715號,1,晴,50,單路部分,路段,無號誌,車與車,違規超車
11005AC291B0209,20210504,120.204079,22.996267,交通事故,交叉路口,臺南市中西區忠義路2段號民族路2,1,晴,50,交岔路,交叉路口,行車管制號誌,車與車,未注意車前狀態
11005AC291B0219,20210504,120.199022,22.998439,交通事故,一般地址,臺南市中西區國華街三段段209號,2,晴,50,交岔路,交叉路口,無號誌,人與汽(機)車,未注意車前狀態
11005AC291B0229,20210504,120.184839,23.006087,交通事故,交叉路口,臺南市中西區和緯路5段號和緯路559,2,晴,50,交岔路,交叉路口,無號誌,車與車,未依規定讓車
11005AC291B0237,20210503,120.165728,23.002468,交通事故,其他,臺南市中西區段號民權路四段與公22停車場出入口,2,晴,50,交岔路,交叉路口,行車管制號誌,車與車,違反號誌管制或指揮
11005AC291B0255,20210502,120.195961,22.993301,交通事故,交叉路口,臺南市中西區中正路段號海安路,1,晴,50,交岔路,路段,行車管制號誌(附設行人專用號誌),汽(機)車本身,未注意車前狀態
11005AC291B0274,20210505,120.207658,22.988963,交通事故,交叉路口,臺南市中西區開山路段號府前路,1,晴,50,交岔路,交叉路口,行車管制號誌,車與車,未依規定讓車
11005AC291B0276,20210504,120.208412,22.991106,交通事故,一般地址,臺南市中西區民權路1段149號,1,晴,50,單路部分,路段,無號誌,車與車,其他引起事故之違規或不當行為
11005AC291B0285,20210503,120.207688,22.994882,交通事故,一般地址,臺南市中西區民族路2段131號,1,晴,50,單路部分,路段,無號誌,車與車,起步未注意其他車(人)安全
11005AC291B0289,20210505,120.200817,22.981624,交通事故,一般地址,臺南市中西區健康路1段342號,2,晴,50,單路部分,路段,無號誌,車與車,未注意車前狀態
11005AC291B0293,20210505,120.198047,22.991205,交通事故,交叉路口,臺南市中西區西門路二段段號尊王路,1,晴,50,交岔路,交叉路口,無號誌,車與車,右轉彎未依規定
11005AC291B0294,20210505,120.200199,22.994063,交通事故,一般地址,臺南市中西區民生路1段175號,1,晴,50,單路部分,路段,無號誌,車與車,倒車未依規定
11005AC291B0299,20210505,120.207016,22.992208,交通事故,一般地址,臺南市中西區青年路段52號,1,晴,50,單路部分,路段,無號誌,車與車,開啟車門不當而肇事
11005AC291B0302,20210505,120.19758,22.988496,交通事故,交叉路口,臺南市中西區西門路一段段號和意路,2,晴,50,交岔路,交叉路口,行車管制號誌(附設行人專用號誌),車與車,左轉彎未依規定
11005AC291B0303,20210504,120.195182,22.99896,交通事故,交叉路口,臺南市中西區金華路段號民族路,1,晴,50,交岔路,交叉路口,行車管制號誌(附設行人專用號誌),車與車,右轉彎未依規定
11005AC291B0307,20210505,120.200577,22.997417,交通事故,交叉路口,臺南市中西區西門路段號民族路,1,晴,50,交岔路,交叉路口,行車管制號誌,汽(機)車本身,未注意車前狀態
11005AC291B0313,20210505,120.197495,22.989506,交通事故,交叉路口,臺南市中西區西門路1段號西門路1743,1,晴,50,交岔路,交叉路口,無號誌,車與車,未注意車前狀態
11005AC291B0373,20210501,120.198236,22.99933,交通事故,交叉路口,臺南市中西區海安路段號郡緯街,1,晴,50,交岔路,交叉路口,行車管制號誌,車與車,左轉彎未依規定
11005AC291B0388,20210503,120.187664,22.999043,交通事故,交叉路口,臺南市中西區民權路3段號西和路,1,陰,50,交岔路,交叉路口,行車管制號誌,車與車,迴轉未依規定
11005AC291B0410,20210506,120.208449,22.994773,交通事故,交叉路口,臺南市中西區中山路段號民族路,2,晴,50,交岔路,交叉路口,行車管制號誌,車與車,未保持行車安全距離
11005AC291B0411,20210506,120.197296,22.996856,交通事故,交叉路口,臺南市中西區海安路二段段號民權路3,1,晴,40,交岔路,交叉路口,行車管制號誌(附設行人專用號誌),車與車,未注意車前狀態
11005AC291B0413,20210505,120.195598,22.998975,交通事故,一般地址,臺南市中西區民族路3段162號,2,晴,50,單路部分,路段,無號誌,車與車,迴轉未依規定
11005AC291B0417,20210505,120.211223,22.985813,交通事故,一般地址,臺南市中西區大同路1段104號,1,晴,50,單路部分,路段,無號誌,車與車,未注意車前狀態
11005AC291B0419,20210505,120.201249,22.995633,交通事故,一般地址,臺南市中西區民權路2段212號,1,晴,50,單路部分,其他,無號誌,汽(機)車本身,未注意車前狀態
11005AC291B0436,20210506,120.204951,22.995943,交通事故,交叉路口,臺南市中西區民族路段號中成路,2,晴,50,交岔路,交叉路口,行車管制號誌,車與車,左轉彎未依規定
11005AC291B0452,20210501,120.211291,22.986952,交通事故,交叉路口,臺南市中西區大同路1段號大同路170,2,晴,50,交岔路,交叉路口,無號誌,車與車,逆向行駛
11005AC291B0490,20210501,120.204079,22.996267,交通事故,交叉路口,臺南市中西區民族路段號忠義路,1,晴,50,交岔路,交叉路口,行車管制號誌,車與車,未依規定讓車
11005AC291B0545,20210508,120.19835,22.991605,交通事故,一般地址,臺南市中西區西門路2段54號,1,晴,50,單路部分,路段,無號誌,車與車,未依規定讓車
11005AC291B0572,20210506,120.200612,22.997463,交通事故,交叉路口,臺南市中西區西門路段號民族路,1,晴,50,交岔路,交叉路口,行車管制號誌,車與車,未依規定讓車
11005AC291B0573,20210506,120.197644,22.986317,交通事故,交叉路口,臺南市中西區西門路段號樹林街,1,晴,50,交岔路,交叉路口,行車管制號誌,車與車,未依規定讓車
11005AC291B0609,20210508,120.205723,22.989,交通事故,其他,臺南市中西區段號府前路一段173號旁大樓車庫通道出入口,1,晴,50,交岔路,交叉路口,無號誌,車與車,未依規定讓車
11005AC291B0659,20210509,120.203429,22.982541,交通事故,一般地址,臺南市中西區五妃街段225號,1,晴,50,單路部分,路段,無號誌,車與車,未注意車前狀態
11005AC291B0664,20210509,120.176366,23.002654,交通事故,交叉路口,臺南市中西區西賢二街段號西賢二街187,1,晴,30,交岔路,交叉路口,無號誌,車與車,未依規定讓車
11005AC291B0666,20210509,120.206785,22.995267,交通事故,交叉路口,臺南市中西區民族路2段號民族路2173,1,晴,30,交岔路,交叉路口,無號誌,車與車,未依規定讓車
11005AC291B0667,20210507,120.186757,22.997927,交通事故,交叉路口,臺南市中西區中華西路段號民生路,1,晴,50,交岔路,交叉路口,行車管制號誌,車與車,未注意車前狀態
11005AC291B0668,20210506,120.194689,22.998108,交通事故,交叉路口,臺南市中西區金華路4段號民族路3151,2,晴,50,交岔路,交叉路口,無號誌,人與汽(機)車,未依規定行走行人穿越道、地下道、天橋而穿越道路
11005AC291B0672,20210507,120.204258,22.992481,交通事故,一般地址,臺南市中西區中正路段2號,1,晴,50,單路部分,路段,無號誌,汽(機)車本身,其他引起事故之違規或不當行為
11005AC291B0677,20210507,120.19745,22.992955,交通事故,交叉路口,臺南市中西區中正路段號國華街,2,晴,50,單路部分,路段,無號誌,車與車,起步未注意其他車(人)安全
11005AC291B0685,20210507,120.186639,23.004754,交通事故,交叉路口,臺南市中西區中華西路二段段號中華西路二段791,1,晴,60,交岔路,交叉路口,無號誌,車與車,未依規定讓車
11005AC291B0686,20210506,120.207139,22.981326,交通事故,一般地址,臺南市中西區健康路1段166號,2,晴,50,交岔路,交叉路口,行車管制號誌(附設行人專用號誌),車與車,未注意車前狀態
11005AC291B0711,20210510,120.192122,22.993487,交通事故,交叉路口,臺南市中西區環河街段號金華新路,1,晴,50,交岔路,交叉路口,行車管制號誌,車與車,左轉彎未依規定
11005AC291B0715,20210510,120.211066,22.982777,交通事故,一般地址,臺南市中西區大同路1段210號,2,晴,50,單路部分,路段,無號誌,車與車,左轉彎未依規定
11005AC291B0716,20210510,120.17885,23.003752,交通事故,交叉路口,臺南市中西區湖美街段215號西賢街,2,晴,50,交岔路,交叉路口,無號誌,車與車,未注意車前狀態
11005AC291B0718,20210509,120.198342,22.99929,交通事故,交叉路口,臺南市中西區海安路2段號郡緯街,2,晴,50,交岔路,交叉路口,行車管制號誌,車與車,逆向行駛
11005AC291B0723,20210510,120.207658,22.988963,交通事故,交叉路口,臺南市中西區府前路段號開山路,2,晴,50,交岔路,交叉路口,行車管制號誌(附設行人專用號誌),車與車,左轉彎未依規定
11005AC291B0732,20210509,120.187554,22.992525,交通事故,交叉路口,臺南市中西區府前路二段段號府前二街,1,晴,50,交岔路,交叉路口,閃光號誌,車與車,起步未注意其他車(人)安全
11005AC291B0754,20210510,120.205577,22.992412,交通事故,交叉路口,臺南市中西區青年路段號民生綠園圓環,1,晴,40,交岔路,交叉路口,行車管制號誌(附設行人專用號誌),人與汽(機)車,搶越行人穿越道
11005AC291B0787,20210510,120.184674,23.001565,交通事故,交叉路口,臺南市中西區頂美二街段號頂美一街48,1,晴,50,交岔路,交叉路口,無號誌,車與車,未依規定讓車
11005AC291B0792,20210507,120.20844,22.987943,交通事故,一般地址,臺南市中西區開山路段151號,2,晴,40,交岔路,交叉路口,無號誌,車與車,未依規定讓車
11005AC291B0797,20210507,120.205578,22.992716,交通事故,交叉路口,臺南市中西區民生綠園圓環段號中山路,1,晴,50,交岔路,交叉路口,行車管制號誌,車與車,右轉彎未依規定
11005AC291B0821,20210511,120.200108,22.983843,交通事故,交叉路口,臺南市中西區永福路段號府緯街,1,晴,50,交岔路,交叉路口,閃光號誌,車與車,未依規定讓車
11005AC291B0831,20210506,120.195075,22.997591,交通事故,一般地址,臺南市中西區民權路3段194號,1,晴,50,單路部分,路段,無號誌,車與車,未保持行車安全間隔
11005AC291B0832,20210511,120.191203,22.998064,交通事故,其他,臺南市中西區民權路3段311號民權路三段311號旁巷口,2,晴,50,交岔路,交叉路口,無號誌,車與車,左轉彎未依規定
11005AC291B0833,20210511,120.207048,22.99307,交通事故,一般地址,臺南市中西區民權路1段265號,1,晴,50,單路部分,路段,無號誌,車與車,違反特定標誌(線)禁制
11005AC291B0838,20210511,120.201732,22.995385,交通事故,交叉路口,臺南市中西區民生路段號永福路,1,晴,50,交岔路,交叉路口,行車管制號誌,車與車,未依規定讓車
11005AC291B0840,20210511,120.177692,23.004303,交通事故,一般地址,臺南市中西區西賢一街段246號,1,晴,50,單路部分,路段,無號誌,車與車,逆向行駛
11005AC291B0848,20210506,120.210612,22.985455,交通事故,一般地址,臺南市中西區開山路段289號,1,晴,50,交岔路,交叉路口,無號誌,車與車,未注意車前狀態
11005AC291B0850,20210511,120.209596,22.995274,交通事故,一般地址,臺南市中西區中山路段152號,1,晴,50,單路部分,路段,無號誌,車與車,起步未注意其他車(人)安全
11005AC291B0863,20210511,120.210858,22.994459,交通事故,交叉路口,臺南市中西區萬昌街段號民族路2,2,晴,50,交岔路,交叉路口,行車管制號誌(附設行人專用號誌),車與車,違反號誌管制或指揮
11005AC291B0871,20210511,120.201813,22.986272,交通事故,交叉路口,臺南市中西區忠義路段號樹林街,1,晴,50,交岔路,交叉路口,行車管制號誌,車與車,違反號誌管制或指揮
11005AC291B0877,20210511,120.209843,22.986248,交通事故,交叉路口,臺南市中西區開山路段號樹林街,1,晴,50,交岔路,交叉路口,行車管制號誌(附設行人專用號誌),車與車,未依規定讓車
11005AC291B0885,20210502,120.19399,22.991935,交通事故,一般地址,臺南市中西區尊王路段131號,2,晴,50,單路部分,路段,無號誌,車與車,未注意車前狀態
11005AC291B0887,20210511,120.186934,22.995917,交通事故,交叉路口,臺南市中西區中華西路2段200號府前二街,1,晴,30,交岔路,交叉路口,無號誌,車與車,未依規定讓車
11005AC291B0890,20210510,120.205581,22.992402,交通事故,交叉路口,臺南市中西區民生綠園圓環段號青年路,1,晴,50,交岔路,交叉路口,行車管制號誌(附設行人專用號誌),車與車,違反號誌管制或指揮
11005AC291B0895,20210511,120.186672,22.997759,交通事故,交叉路口,臺南市中西區中華西路2段號民生路2,1,晴,60,交岔路,交叉路口,行車管制號誌(附設行人專用號誌),車與車,未保持行車安全距離
11005AC291B0914,20210507,120.201751,22.985067,交通事故,交叉路口,臺南市中西區忠義路段號南寧街,2,晴,50,交岔路,交叉路口,行車管制號誌(附設行人專用號誌),車與車,違反特定標誌(線)禁制
11005AC291B0929,20210507,120.196361,22.987857,交通事故,一般地址,臺南市中西區國華街2段16號,2,晴,50,單路部分,路段,無號誌,車與車,未保持行車安全間隔
11005AC291B0930,20210508,120.190892,23.006055,交通事故,一般地址,臺南市中西區武聖路段143號,1,晴,50,單路部分,路段,無號誌,車與車,未注意車前狀態
11005AC291B0957,20210508,120.186619,23.005448,交通事故,交叉路口,臺南市中西區中華西路二段段號中華西路二段646,1,晴,60,交岔路,交叉路口,無號誌,車與車,未依規定讓車
11005AC291B0974,20210512,120.205437,22.995346,交通事故,一般地址,臺南市中西區公園路段79號,2,晴,50,單路部分,路段,無號誌,車與車,起步未注意其他車(人)安全
11005AC291B0977,20210512,120.193791,23.001363,交通事故,一般地址,臺南市中西區臨安路1段21277號,1,晴,30,單路部分,路段,無號誌,車與車,停車操作時，未注意其他車(人)安全
11005AC291B0980,20210513,120.211618,22.997,交通事故,其他,臺南市中西區段號中山路和火車站圓環,1,晴,50,交岔路,交叉路口,行車管制號誌,車與車,未注意車前狀態
11005AC291B0989,20210507,120.201712,22.982593,交通事故,交叉路口,臺南市中西區忠義路段號五妃街,3,晴,50,交岔路,交叉路口,行車管制號誌(附設行人專用號誌),車與車,違反號誌管制或指揮
11005AC291B0992,20210509,120.193279,22.993346,交通事故,交叉路口,臺南市中西區金華路3段號金華新路,2,晴,50,交岔路,交叉路口,行車管制號誌,車與車,未保持行車安全間隔
11005AC291B1008,20210512,120.187513,22.997765,交通事故,一般地址,臺南市中西區民生路2段481號,1,晴,50,單路部分,路段,無號誌,汽(機)車本身,不明原因肇事
11005AC291B1013,20210512,120.211774,22.994502,交通事故,交叉路口,臺南市中西區北門路段號民族路,1,晴,50,交岔路,交叉路口,行車管制號誌,車與車,左轉彎未依規定
11005AC291B1017,20210507,120.196333,22.987621,交通事故,交叉路口,臺南市中西區永華路段號國華街,1,晴,50,單路部分,路段,無號誌,車與車,違反特定標誌(線)禁制
11005AC291B1043,20210512,120.202276,22.982031,交通事故,交叉路口,臺南市中西區健康路1段328號南門路68,2,晴,30,交岔路,交叉路口,無號誌,車與車,未依規定讓車
11005AC291B1045,20210513,120.186324,23.00677,交通事故,交叉路口,臺南市中西區中華西路2段號和緯路,2,晴,60,交岔路,交叉路口,行車管制號誌,車與車,未保持行車安全距離
11005AC291B1048,20210507,120.211599,22.991516,交通事故,交叉路口,臺南市中西區北門路段號青年路,1,晴,50,交岔路,交叉路口,行車管制號誌,車與車,未依規定讓車
11005AC291B1067,20210512,120.207391,22.981324,交通事故,一般地址,臺南市中西區健康路1段162號,1,晴,50,單路部分,路段,行車管制號誌,車與車,起步未注意其他車(人)安全
11005AC291B1083,20210513,120.202535,22.990802,交通事故,交叉路口,臺南市中西區永福路段號友愛街,3,晴,50,交岔路,交叉路口,行車管制號誌,車與車,未依規定讓車
11005AC291B1089,20210507,120.175163,22.999306,交通事故,其他,臺南市中西區段號民權路4段381號對面,1,晴,50,單路部分,路段,無號誌,車與車,未注意車前狀態
11005AC291B1090,20210511,120.196344,22.988548,交通事故,交叉路口,臺南市中西區國華街段號西門路1703,2,晴,50,交岔路,交叉路口,行車管制號誌,車與車,未依規定讓車
11005AC291B1092,20210512,120.190144,23.002927,交通事故,其他,臺南市中西區段號武聖路69巷129號對面,1,晴,50,單路部分,路段,無號誌,車與車,起步未注意其他車(人)安全
11005AC291B1094,20210510,120.189593,23.001141,交通事故,一般地址,臺南市中西區西和路段131號,1,晴,50,單路部分,路段,無號誌,車與車,未注意車前狀態
11005AC291B1141,20210514,120.205533,22.99274,交通事故,其他,臺南市中西區段號民生綠園與中山路口,1,晴,50,交岔路,交叉路口,行車管制號誌(附設行人專用號誌),車與車,未保持行車安全距離
11005AC291B1150,20210514,120.211792,22.994498,交通事故,交叉路口,臺南市中西區北門路1段號民族路2,1,晴,50,交岔路,交叉路口,行車管制號誌(附設行人專用號誌),車與車,違反號誌管制或指揮
11005AC291B1173,20210514,120.207256,22.989398,交通事故,交叉路口,臺南市中西區開山路段號開山路122,2,晴,50,交岔路,交叉路口,行車管制號誌(附設行人專用號誌),車與車,未依規定讓車
11005AC291B1184,20210512,120.198314,22.994107,交通事故,一般地址,臺南市中西區正興街段26號,1,晴,50,單路部分,路段,無號誌,車與車,未依規定讓車
11005AC291B1189,20210512,120.205384,22.992219,交通事故,交叉路口,臺南市中西區民生綠園圓環段號開山路,1,晴,50,圓環廣場,其他,行車管制號誌(附設行人專用號誌),人與汽(機)車,搶越行人穿越道
11005AC291B1191,20210513,120.181258,23.000466,交通事故,交叉路口,臺南市中西區湖美一街段號湖美一街32,1,晴,30,交岔路,交叉路口,無號誌,車與車,未依規定讓車
11005AC291B1198,20210513,120.18683,23.000426,交通事故,一般地址,臺南市中西區中華西路二段段631號,1,晴,60,交岔路,交叉路口,無號誌,車與車,未依規定讓車
11005AC291B1224,20210515,120.195969,22.993207,交通事故,交叉路口,臺南市中西區中正路段號海安路2,1,晴,50,交岔路,交叉路口,行車管制號誌(附設行人專用號誌),車與車,未依規定讓車
11005AC291B1248,20210515,120.187046,23.003124,交通事故,一般地址,臺南市中西區中華西路2段592號,2,晴,60,單路部分,路段,無號誌,車與車,未保持行車安全距離
11005AC291B1266,20210513,120.188647,23.004425,交通事故,一般地址,臺南市中西區光賢街段45號,1,晴,50,交岔路,交叉路口,無號誌,車與車,左轉彎未依規定
11005AC291B1272,20210514,120.203844,22.993157,交通事故,一般地址,臺南市中西區民生路1段34號,1,晴,50,單路部分,路段,無號誌,車與車,未保持行車安全間隔
11005AC291B1276,20210509,120.186612,23.00545,交通事故,交叉路口,臺南市中西區中華西路2段號中華西路2646,1,晴,60,交岔路,交叉路口,無號誌,車與車,未注意車前狀態
11005AC291B1311,20210516,120.204214,22.985681,交通事故,一般地址,臺南市中西區南門路段42之2號,1,晴,50,交岔路,交叉路口,無號誌,車與車,起步未注意其他車(人)安全