案件編號,發生日期,GPS經度,GPS緯度,案件類別名稱,地址類型名稱,發生縣市名稱,受傷人數,天候名稱, 速限-第1當事者,道路型態大類別名稱,事故位置大類別名稱,號誌-號誌種類名稱,事故類型及型態大類別名稱,肇因研判子類別名稱-主要
11005AC291B1316,20210516,120.210696,22.994379,交通事故,交叉路口,臺南市中西區民族路2段號萬昌街,2,晴,50,交岔路,交叉路口,行車管制號誌(附設行人專用號誌),車與車,違規超車
11005AC291B1319,20210516,120.186185,23.006668,交通事故,交叉路口,臺南市中西區中華西路段號和緯路,1,晴,50,交岔路,交叉路口,行車管制號誌,車與車,未依規定讓車
11005AC291B1350,20210503,120.199513,22.998896,交通事故,交叉路口,臺南市中西區郡緯街段號國華街,2,陰,50,交岔路,交叉路口,閃光號誌,車與車,未依規定讓車
11005AC291B1376,20210503,120.185641,23.005806,交通事故,交叉路口,臺南市中西區頂美三街段號中華西路2851,1,雨,30,交岔路,交叉路口,無號誌,車與車,其他引起事故之違規或不當行為
11005AC291B1380,20210515,120.212214,22.980918,交通事故,交叉路口,臺南市中西區大同路段號健康路,2,晴,50,交岔路,交叉路口,行車管制號誌,車與車,未保持行車安全間隔
11005AC291B1381,20210514,120.205206,22.992797,交通事故,交叉路口,臺南市中西區民生綠園圓環段號中正路,2,晴,50,交岔路,交叉路口,行車管制號誌(附設行人專用號誌),車與車,未依規定讓車
11005AC291B1385,20210515,120.205245,22.996715,交通事故,一般地址,臺南市中西區中成路段18號,2,晴,30,交岔路,交叉路口,無號誌,車與車,未依規定讓車
11005AC291B1389,20210514,120.209705,22.982511,交通事故,交叉路口,臺南市中西區五妃街段號府連路,3,晴,50,交岔路,交叉路口,行車管制號誌(附設行人專用號誌),車與車,未注意車前狀態
11005AC291B1392,20210515,120.192805,23.003188,交通事故,交叉路口,臺南市中西區西和路段287號西和路,2,晴,30,交岔路,交叉路口,閃光號誌,車與車,未依規定讓車
11005AC291B1400,20210514,120.203778,22.981386,交通事故,交叉路口,臺南市中西區南門路段號健康路,1,晴,50,交岔路,交叉路口,行車管制號誌,車與車,未依規定讓車
11005AC291B1433,20210517,120.209643,22.988931,交通事故,交叉路口,臺南市中西區府前路段號萬昌街,2,晴,50,交岔路,交叉路口,行車管制號誌,車與車,未依規定讓車
11005AC291B1445,20210517,120.204185,22.983826,交通事故,一般地址,臺南市中西區南門路段20944197號0,2,晴,30,交岔路,交叉路口,無號誌,車與車,未依規定讓車
11005AC291B1454,20210517,120.189133,22.991671,交通事故,其他,臺南市中西區段號美學街,2,晴,50,單路部分,路段,無號誌,車與車,未保持行車安全距離
11005AC291B1466,20210517,120.20221,22.989555,交通事故,交叉路口,臺南市中西區忠義路段號府前路,1,晴,50,交岔路,交叉路口,行車管制號誌,車與車,未保持行車安全距離
11005AC291B1468,20210517,120.199513,22.998896,交通事故,交叉路口,臺南市中西區國華街段號郡緯街,3,晴,50,交岔路,交叉路口,閃光號誌,車與車,未依規定讓車
11005AC291B1473,20210517,120.174196,22.999368,交通事故,一般地址,臺南市中西區民權路4段423號,2,晴,50,交岔路,交叉路口,無號誌,車與車,起步未注意其他車(人)安全
11005AC291B1479,20210503,120.192888,22.996551,交通事故,交叉路口,臺南市中西區民生路段號環河街,1,晴,50,交岔路,交叉路口,行車管制號誌,車與車,違規超車
11005AC291B1482,20210517,120.211238,22.988574,交通事故,一般地址,臺南市中西區府前路1段9號,1,晴,40,單路部分,路段,行車管制號誌,車與車,未保持行車安全間隔
11005AC291B1508,20210513,120.208071,22.991651,交通事故,一般地址,臺南市中西區民權路1段184號,1,晴,50,單路部分,路段,無號誌,車與車,迴轉未依規定
11005AC291B1529,20210513,120.205578,22.991954,交通事故,一般地址,臺南市中西區開山路段5號,1,晴,50,單路部分,路段,無號誌,車與車,裝載未盡安全措施
11005AC291B1540,20210512,120.198794,22.990237,交通事故,一般地址,臺南市中西區府前路1段310號0,1,晴,50,單路部分,路段,無號誌,車與車,變換車道或方向不當
11005AC291B1550,20210518,120.192255,22.989069,交通事故,交叉路口,臺南市中西區金華路三段段號武英街,1,晴,50,交岔路,交叉路口,行車管制號誌,車與車,迴轉未依規定
11005AC291B1577,20210518,120.19065,22.99193,交通事故,交叉路口,臺南市中西區府前路二段段號府前路二段235,2,晴,50,交岔路,交叉路口,無號誌,車與車,左轉彎未依規定
11005AC291B1580,20210516,120.19387,22.996108,交通事故,交叉路口,臺南市中西區民生路段號金華路,1,晴,50,交岔路,交叉路口,行車管制號誌(附設行人專用號誌),車與車,違反特定標誌(線)禁制
11005AC291B1581,20210516,120.197516,22.99056,交通事故,交叉路口,臺南市中西區西門路段號府前路,1,晴,50,交岔路,交叉路口,行車管制號誌,車與車,右轉彎未依規定
11005AC291B1595,20210515,120.201332,22.999692,交通事故,交叉路口,臺南市中西區西門路2段號成功路,1,晴,50,交岔路,交叉路口,行車管制號誌,車與車,未依規定讓車
11005AC291B1598,20210518,120.202895,22.989462,交通事故,一般地址,臺南市中西區府前路1段239號,2,晴,50,單路部分,路段,閃光號誌,車與車,迴轉未依規定
11005AC291B1614,20210512,120.211456,22.982207,交通事故,一般地址,臺南市中西區大同路1段230號,2,晴,50,單路部分,路段,無號誌,車與車,迴轉未依規定
11005AC291B1622,20210518,120.202812,22.996629,交通事故,一般地址,臺南市中西區民族路2段319號,2,晴,50,單路部分,路段,無號誌,車與車,迴轉未依規定
11005AC291B1640,20210513,120.20634,22.98901,交通事故,一般地址,臺南市中西區府前路1段176號,3,晴,50,單路部分,路段,無號誌,車與車,左轉彎未依規定
11005AC291B1644,20210519,120.19823,22.991768,交通事故,交叉路口,臺南市中西區西門路二段段號友愛街,1,晴,50,交岔路,交叉路口,行車管制號誌(附設行人專用號誌),車與車,違反號誌管制或指揮
11005AC291B1672,20210510,120.200339,22.989913,交通事故,交叉路口,臺南市中西區永福路1段號府前路1,2,晴,50,交岔路,交叉路口,行車管制號誌,車與車,未保持行車安全距離
11005AC291B1677,20210514,120.20956,22.994496,交通事故,交叉路口,臺南市中西區民族路2段號西華南街,3,晴,50,交岔路,交叉路口,行車管制號誌,車與車,違反號誌管制或指揮
11005AC291B1682,20210514,120.193641,23.004441,交通事故,其他,臺南市中西區段號文賢路中油加油站出口,1,晴,50,交岔路,交叉路口,行車管制號誌,車與車,未保持行車安全距離
11005AC291B1686,20210514,120.198121,22.995544,交通事故,一般地址,臺南市中西區國華街3段87號,1,晴,50,單路部分,路段,無號誌,車與車,迴轉未依規定
11005AC291B1688,20210515,120.203898,22.983656,交通事故,其他,臺南市中西區段號南門路229號對面,1,晴,50,單路部分,路段,無號誌,車與車,起步未注意其他車(人)安全
11005AC291B1697,20210520,120.175828,23.000329,交通事故,一般地址,臺南市中西區華平路段812號,2,晴,50,單路部分,路段,無號誌,車與車,未保持行車安全距離
11005AC291B1762,20210518,120.197663,22.982629,交通事故,交叉路口,臺南市中西區西門路段號五妃街,2,晴,50,交岔路,交叉路口,行車管制號誌,車與車,違反號誌管制或指揮
11005AC291B1765,20210514,120.204483,22.984622,交通事故,一般地址,臺南市中西區南寧街段28號0,1,晴,50,交岔路,交叉路口,無號誌,車與車,未依規定讓車
11005AC291B1767,20210519,120.202535,22.990802,交通事故,交叉路口,臺南市中西區忠義路2段號友愛街,2,晴,50,交岔路,交叉路口,行車管制號誌,車與車,左轉彎未依規定
11005AC291B1770,20210513,120.206931,22.99803,交通事故,交叉路口,臺南市中西區成功路段號公園路,1,晴,50,交岔路,交叉路口,行車管制號誌,車與車,未依規定讓車
11005AC291B1776,20210515,120.202229,22.996938,交通事故,其他,臺南市中西區段號民族路2段赤崁樓前,2,晴,50,單路部分,路段,行車管制號誌,車與車,起步未注意其他車(人)安全
11005AC291B1813,20210520,120.190624,23.004646,交通事故,其他,臺南市中西區段號武聖路69巷40弄24號對面,1,晴,50,交岔路,交叉路口,無號誌,汽(機)車本身,其他引起事故之違規或不當行為
11005AC291B1883,20210521,120.193908,22.996122,交通事故,交叉路口,臺南市中西區金華路3段號民生路2,1,晴,50,交岔路,交叉路口,行車管制號誌(附設行人專用號誌),車與車,未依規定讓車
11005AC291B1887,20210519,120.186042,23.00423,交通事故,一般地址,臺南市中西區頂美三街段2391號,1,晴,30,單路部分,路段,無號誌,車與車,其他引起事故之違規或不當行為
11005AC291B1893,20210521,120.197322,22.99434,交通事故,一般地址,臺南市中西區正興街段74號,1,晴,50,單路部分,路段,無號誌,汽(機)車本身,不明原因肇事
11005AC291B1896,20210520,120.205308,22.995824,交通事故,交叉路口,臺南市中西區民族路段號觀亭街,1,晴,50,交岔路,交叉路口,閃光號誌,車與車,迴轉未依規定
11005AC291B1947,20210522,120.191685,23.002348,交通事故,交叉路口,臺南市中西區西和路段號和美街,1,晴,50,交岔路,交叉路口,行車管制號誌,車與車,違反號誌管制或指揮
11005AC291B1952,20210522,120.196084,22.993195,交通事故,交叉路口,臺南市中西區中正路段號海安路,2,晴,50,交岔路,交叉路口,行車管制號誌,車與車,未保持行車安全距離
11005AC291B1967,20210522,120.202535,22.990802,交通事故,交叉路口,臺南市中西區忠義路段號友愛街,1,晴,50,交岔路,交叉路口,行車管制號誌,車與車,違反號誌管制或指揮
11005AC291B1993,20210521,120.194635,23.002001,交通事故,交叉路口,臺南市中西區臨安路段號文賢路,1,晴,50,交岔路,交叉路口,行車管制號誌,車與車,違反號誌管制或指揮
11005AC291B1996,20210520,120.200673,22.981343,交通事故,交叉路口,臺南市中西區健康路1段號水交社路,3,晴,50,交岔路,交叉路口,行車管制號誌,車與車,違反號誌管制或指揮
11005AC291B2062,20210523,120.205491,22.992293,交通事故,其他,臺南市中西區段號民生綠園與青年路口,2,晴,50,圓環廣場,其他,行車管制號誌,車與車,未依規定讓車
11005AC291B2085,20210521,120.206036,22.989002,交通事故,一般地址,臺南市中西區府前路1段161號,3,晴,40,單路部分,路段,無號誌,車與車,未注意車前狀態
11005AC291B2089,20210520,120.198402,22.996184,交通事故,交叉路口,臺南市中西區國華街段號和平街,2,晴,50,交岔路,交叉路口,無號誌,人與汽(機)車,未注意車前狀態
11005AC291B2091,20210514,120.188753,23.000584,交通事故,一般地址,臺南市中西區文和街段217號,2,晴,30,單路部分,路段,無號誌,車與車,未注意車前狀態
11005AC291B2093,20210523,120.196651,22.995229,交通事故,交叉路口,臺南市中西區民生路段號海安路,1,晴,50,交岔路,交叉路口,行車管制號誌,車與車,未注意車前狀態
11005AC291B2120,20210524,120.197627,22.98151,交通事故,交叉路口,臺南市中西區西門路段號健康路,1,晴,50,交岔路,交叉路口,行車管制號誌,車與車,未依規定讓車
11005AC291B2124,20210518,120.190277,23.001803,交通事故,交叉路口,臺南市中西區和善街段號文和街,2,晴,30,交岔路,交叉路口,閃光號誌,車與車,未依規定讓車
11005AC291B2132,20210520,120.197501,22.990486,交通事故,一般地址,臺南市中西區府前路1段201號,1,晴,50,單路部分,路段,無號誌,車與車,開啟車門不當而肇事
11005AC291B2136,20210518,120.193404,22.993999,交通事故,交叉路口,臺南市中西區金華路段號中正路,1,晴,50,交岔路,交叉路口,行車管制號誌,車與車,未保持行車安全間隔
11005AC291B2138,20210524,120.193652,22.990808,交通事故,一般地址,臺南市中西區保安路段163號,2,晴,40,單路部分,路段,無號誌,車與車,起步未注意其他車(人)安全
11005AC291B2177,20210523,120.200183,22.997989,交通事故,其他,臺南市中西區段號西門路與民族路圓環環外機慢車優先道,1,晴,50,交岔路,交叉路口,行車管制號誌,車與車,變換車道或方向不當
11005AC291B2184,20210524,120.191889,22.991637,交通事故,交叉路口,臺南市中西區府前路段號南華街,1,晴,50,交岔路,交叉路口,行車管制號誌,車與車,未保持行車安全間隔
11005AC291B2187,20210524,120.195969,22.993207,交通事故,交叉路口,臺南市中西區海安路2段號中正路,1,晴,50,交岔路,路段,行車管制號誌,車與車,未注意車前狀態
11005AC291B2233,20210519,120.204796,22.990787,交通事故,其他,臺南市中西區段號南門路孔廟前,1,晴,50,單路部分,路段,行車管制號誌,汽(機)車本身,未注意車前狀態
11005AC291B2243,20210519,120.201184,22.999641,交通事故,交叉路口,臺南市中西區西門路段號成功路,1,晴,50,交岔路,交叉路口,行車管制號誌,車與車,未依規定讓車
11005AC291B2273,20210522,120.19011,22.988538,交通事故,一般地址,臺南市中西區永華路1段258之1號,1,晴,50,單路部分,路段,無號誌,車與車,起步未注意其他車(人)安全
11005AC291B2281,20210525,120.198223,22.99176,交通事故,交叉路口,臺南市中西區西門路段號友愛街,2,晴,50,交岔路,交叉路口,行車管制號誌(附設行人專用號誌),車與車,違反號誌管制或指揮
11005AC291B2295,20210508,120.192965,22.991622,交通事故,交叉路口,臺南市中西區金華路段號府前路,1,晴,50,交岔路,交叉路口,行車管制號誌(附設行人專用號誌),車與車,未注意車前狀態
11005AC291B2300,20210511,120.192401,22.989708,交通事故,交叉路口,臺南市中西區金華路段號大勇街,1,晴,50,交岔路,交叉路口,行車管制號誌(附設行人專用號誌),人與汽(機)車,搶越行人穿越道
11005AC291B2354,20210526,120.206707,22.99022,交通事故,交叉路口,臺南市中西區開山路段號府中街,1,晴,50,交岔路,交叉路口,行車管制號誌,車與車,未保持行車安全間隔
11005AC291B2356,20210525,120.191389,22.989802,交通事故,交叉路口,臺南市中西區南華街段號大勇街,1,晴,50,交岔路,交叉路口,閃光號誌,車與車,未依規定讓車
11005AC291B2359,20210525,120.200168,22.986288,交通事故,交叉路口,臺南市中西區樹林街段號永福路,1,晴,50,交岔路,交叉路口,行車管制號誌,車與車,未依規定讓車
11005AC291B2397,20210527,120.207651,22.992176,交通事故,交叉路口,臺南市中西區青年路段號民權路1,2,晴,50,交岔路,交叉路口,行車管制號誌(附設行人專用號誌),車與車,違規超車
11005AC291B2399,20210508,120.19586,23.000901,交通事故,交叉路口,臺南市中西區金華路段號忠孝街93,3,晴,50,交岔路,路段,行車管制號誌,車與車,未保持行車安全距離
11005AC291B2404,20210527,120.193851,22.987822,交通事故,交叉路口,臺南市中西區永華路段號郡西路,1,晴,50,交岔路,交叉路口,行車管制號誌(附設行人專用號誌),車與車,未依規定讓車
11005AC291B2421,20210502,120.205826,22.993115,交通事故,其他,臺南市中西區段號中山路23巷口,1,晴,50,交岔路,路段,無號誌,車與車,未注意車前狀態
11005AC291B2424,20210515,120.194635,23.002001,交通事故,交叉路口,臺南市中西區臨安路段號文賢路,1,晴,50,交岔路,交叉路口,行車管制號誌(附設行人專用號誌),汽(機)車本身,未注意車前狀態
11005AC291B2446,20210522,120.204614,22.989032,交通事故,交叉路口,臺南市中西區南門路段號府前路,1,晴,50,交岔路,交叉路口,行車管制號誌,車與車,未注意車前狀態
11005AC291B2474,20210519,120.208649,22.987655,交通事故,一般地址,臺南市中西區開山路段179號,1,晴,50,單路部分,路段,無號誌,汽(機)車本身,未注意車前狀態
11005AC291B2489,20210528,120.204903,22.998453,交通事故,交叉路口,臺南市中西區成功路段號忠義路,1,晴,50,交岔路,交叉路口,行車管制號誌,汽(機)車本身,其他引起事故之違規或不當行為
11005AC291B2497,20210528,120.210528,22.992122,交通事故,交叉路口,臺南市中西區萬昌街段號興華街,2,晴,30,交岔路,交叉路口,閃光號誌,車與車,未依規定讓車
11005AC291B2508,20210528,120.204907,22.989433,交通事故,一般地址,臺南市中西區南門路段75號,2,晴,50,單路部分,路段,行車管制號誌,車與車,未注意車前狀態
11005AC291B2521,20210526,120.198972,22.988357,交通事故,其他,臺南市中西區段號和意路停車格023號,1,晴,50,單路部分,路段,無號誌,車與車,起步未注意其他車(人)安全
11005AC291B2524,20210527,120.203771,22.981843,交通事故,交叉路口,臺南市中西區南門路段號南門路259,1,晴,50,交岔路,交叉路口,無號誌,車與車,起步未注意其他車(人)安全
11005AC291B2552,20210529,120.195231,22.999739,交通事故,一般地址,臺南市中西區金華路4段93號,2,晴,50,單路部分,路段,無號誌,車與車,左轉彎未依規定
11005AC291B2565,20210528,120.196052,22.99321,交通事故,交叉路口,臺南市中西區民生路段號海安路,1,晴,50,交岔路,交叉路口,行車管制號誌,車與車,未依規定讓車
11005AC291B2567,20210529,120.209666,22.99033,交通事故,一般地址,臺南市中西區民權路1段96號,2,雨,50,單路部分,路段,無號誌,車與車,違反特定標誌(線)禁制
11005AC291B2568,20210528,120.18693,22.992607,交通事故,交叉路口,臺南市中西區中華西路段號府前路,1,晴,60,交岔路,交叉路口,行車管制號誌(附設行人專用號誌),車與車,未注意車前狀態
11005AC291B2569,20210529,120.199297,22.995164,交通事故,一般地址,臺南市中西區西門路二段段223號0,1,晴,50,單路部分,路段,無號誌,車與車,未注意車前狀態
11005AC291B2571,20210529,120.204079,22.996267,交通事故,交叉路口,臺南市中西區忠義路段號民族路,3,晴,50,交岔路,交叉路口,行車管制號誌,車與車,未依規定讓車
11005AC291B2572,20210529,120.193908,22.996122,交通事故,交叉路口,臺南市中西區金華路三段段號民生路2,1,晴,50,交岔路,交叉路口,行車管制號誌(附設行人專用號誌),汽(機)車本身,未注意車前狀態
11005AC291B2586,20210529,120.204476,22.982623,交通事故,一般地址,臺南市中西區五妃街段224號0,1,晴,50,單路部分,路段,無號誌,車與車,開啟車門不當而肇事
11005AC291B2592,20210529,120.186855,22.998905,交通事故,交叉路口,臺南市中西區中華西路段號民權路,1,晴,60,交岔路,交叉路口,行車管制號誌,車與車,右轉彎未依規定
11005AC291B2603,20210502,120.193878,22.996091,交通事故,交叉路口,臺南市中西區民生路段號金華路,1,晴,50,交岔路,交叉路口,行車管制號誌,車與車,未依規定讓車
11005AC291B2612,20210504,120.206964,22.988958,交通事故,一般地址,臺南市中西區府前路1段154號,1,晴,50,交岔路,路段,無號誌,汽(機)車本身,其他引起事故之故障
11005AC291B2613,20210529,120.206627,22.981359,交通事故,一般地址,臺南市中西區健康路1段182號,1,晴,50,單路部分,路段,無號誌,車與車,未保持行車安全距離
11005AC291B2617,20210509,120.211296,22.986469,交通事故,交叉路口,臺南市中西區大同路段號樹林街,1,晴,50,交岔路,交叉路口,行車管制號誌,汽(機)車本身,未注意車前狀態
11005AC291B2644,20210524,120.209913,22.986214,交通事故,交叉路口,臺南市中西區開山路段號樹林街2,2,晴,50,交岔路,交叉路口,行車管制號誌,車與車,其他引起事故之違規或不當行為
11005AC291B2661,20210530,120.195344,22.990936,交通事故,交叉路口,臺南市中西區海安路一段段號府前路二段,1,晴,50,交岔路,交叉路口,行車管制號誌(附設行人專用號誌),車與車,未依規定讓車
11005AC291B2674,20210524,120.191767,22.998596,交通事故,交叉路口,臺南市中西區大新街段號大新街22,3,晴,30,交岔路,交叉路口,閃光號誌,車與車,未依規定讓車
11005AC291B2734,20210527,120.195774,22.991675,交通事故,交叉路口,臺南市中西區海安路1段號尊王路,3,晴,50,交岔路,交叉路口,行車管制號誌,車與車,違反號誌管制或指揮
11005AC291B2755,20210531,120.194947,22.988641,交通事故,交叉路口,臺南市中西區海安路段號建安街,1,陰,50,交岔路,交叉路口,行車管制號誌,車與車,迴轉未依規定
11005AC291B2767,20210525,120.195292,22.995769,交通事故,交叉路口,臺南市中西區民生路段號康樂街,3,晴,50,交岔路,交叉路口,行車管制號誌,車與車,違反號誌管制或指揮
11005AC291B2769,20210531,120.201082,22.997303,交通事故,交叉路口,臺南市中西區民族路段號新美街,2,晴,50,交岔路,交叉路口,無號誌,車與車,未依規定讓車
11005AC291B2815,20210521,120.205956,22.994373,交通事故,交叉路口,臺南市中西區民權路段號華平路,2,晴,50,交岔路,交叉路口,行車管制號誌,車與車,未依規定讓車
11005AC291B2822,20210517,120.186545,22.997939,交通事故,交叉路口,臺南市中西區中華西路段號民生路,1,晴,60,交岔路,交叉路口,無號誌,車與車,未注意車前狀態
11005AC291B2826,20210510,120.192477,23.000209,交通事故,一般地址,臺南市中西區民族路3段282號,1,晴,50,交岔路,交叉路口,無號誌,車與車,橫越道路不慎
11005AC291B2833,20210511,120.211175,22.989079,交通事故,其他,臺南市中西區段號東門圓環與民權路口,1,晴,50,交岔路,交叉路口,行車管制號誌,車與車,違反號誌管制或指揮
11005AC291B2871,20210514,120.192475,22.998197,交通事故,交叉路口,臺南市中西區民權路段號大新街22,2,晴,50,交岔路,交叉路口,閃光號誌,車與車,未依規定讓車
11005AC291B2920,20210531,120.205403,22.995691,交通事故,交叉路口,臺南市中西區忠義路2段158號民族路2,2,雨,30,交岔路,交叉路口,閃光號誌,車與車,未依規定讓車
11005AC291B2954,20210514,120.194191,22.993861,交通事故,一般地址,臺南市中西區中正路段356號,1,晴,40,單路部分,路段,無號誌,車與車,未注意車前狀態
11005AC291B3017,20210518,120.193677,23.004086,交通事故,一般地址,臺南市中西區文賢路段215號,1,晴,50,單路部分,路段,無號誌,汽(機)車本身,未注意車前狀態
11005AC291B3213,20210508,120.186658,22.998889,交通事故,交叉路口,臺南市中西區中華西路段號民權路,1,晴,50,交岔路,交叉路口,行車管制號誌,車與車,未依規定讓車
11005AC291B3270,20210515,120.186868,23.003404,交通事故,交叉路口,臺南市中西區中華西路段號西湖街,2,晴,50,交岔路,交叉路口,閃光號誌,車與車,未依規定讓車
11005AC291B3273,20210515,120.201897,22.98648,交通事故,一般地址,臺南市中西區忠義路1段58之1號,1,晴,50,單路部分,路段,無號誌,車與車,迴轉未依規定
11005AC291B3276,20210520,120.205493,22.992077,交通事故,一般地址,臺南市中西區開山路段7號,2,晴,50,交岔路,交叉路口,無號誌,車與車,迴轉未依規定
11005AC291B3304,20210527,120.19685,22.990693,交通事故,交叉路口,臺南市中西區府前路段號國華街,2,晴,50,交岔路,交叉路口,行車管制號誌,車與車,違規超車
11005AC291B3358,20210510,120.193951,23.00071,交通事故,其他,臺南市中西區段號文賢路67巷12號,1,晴,50,交岔路,交叉路口,無號誌,車與車,不明原因肇事
11005AC291B3378,20210527,120.189206,22.997433,交通事故,交叉路口,臺南市中西區民生路段號臨安路,1,晴,50,交岔路,交叉路口,行車管制號誌,車與車,違反號誌管制或指揮
11005AC291B3379,20210526,120.189206,22.997433,交通事故,交叉路口,臺南市中西區民生路段號臨安路,1,晴,50,交岔路,交叉路口,行車管制號誌,車與車,右轉彎未依規定
11005AC291B3401,20210514,120.191767,22.998575,交通事故,交叉路口,臺南市中西區大新街段22號大新街,1,晴,30,交岔路,交叉路口,閃光號誌,車與車,未依規定讓車
11005AC2P1B3355,20210521,120.207596,22.985301,交通事故,其他,臺南市中西區段號樹林街二段49號車格,1,晴,50,單路部分,路段,無號誌,車與車,其他引起事故之違規或不當行為
11005AC391A0011,20210515,120.137781,23.028908,交通事故,其他,臺南市安南區段號大眾路(本田高幹114-1號燈桿),0,晴,50,單路部分,路段,無號誌,汽(機)車本身,未注意車前狀態
11005AC391B0011,20210501,120.173977,23.050138,交通事故,一般地址,臺南市安南區安中路3段430號,2,晴,50,單路部分,路段,無號誌,車與車,未依規定讓車
11005AC391B0034,20210501,120.219607,23.070842,交通事故,交叉路口,臺南市安南區安昌街段號安昌街131,2,晴,50,交岔路,交叉路口,無號誌,車與車,未依規定讓車
11005AC391B0053,20210501,120.204352,23.026274,交通事故,一般地址,臺南市安南區府安路5段11號,1,陰,50,交岔路,交叉路口,閃光號誌,車與車,左轉彎未依規定
11005AC391B0067,20210502,120.20405,23.034514,交通事故,一般地址,臺南市安南區北安路2段396號,1,晴,60,單路部分,路段,無號誌,車與車,變換車道或方向不當
11005AC391B0071,20210502,120.220898,23.065543,交通事故,一般地址,臺南市安南區長和路2段1404528號,2,晴,30,交岔路,交叉路口,無號誌,車與車,未依規定讓車
11005AC391B0081,20210502,120.187751,23.03966,交通事故,交叉路口,臺南市安南區海佃路段號海環街,1,晴,50,交岔路,交叉路口,行車管制號誌,車與車,右轉彎未依規定
11005AC391B0083,20210502,120.176357,23.062276,交通事故,交叉路口,臺南市安南區海佃路4段號海佃路4350,1,晴,50,交岔路,交叉路口,無號誌,車與車,未保持行車安全間隔
11005AC391B0131,20210503,120.206202,23.030737,交通事故,交叉路口,臺南市安南區安西一街段號安通二街,3,雨,40,交岔路,交叉路口,無號誌,車與車,未依規定讓車
11005AC391B0160,20210503,120.223332,23.06401,交通事故,一般地址,臺南市安南區長和路2段47號,1,晴,50,單路部分,路段,無號誌,車與車,未依規定讓車
11005AC391B0162,20210503,120.184018,23.027962,交通事故,其他,臺南市安南區段號安通路六段,2,晴,50,單路部分,路段,無號誌,汽(機)車本身,不明原因肇事
11005AC391B0167,20210503,120.20437,23.041302,交通事故,其他,臺南市安南區段號長溪路一段485號,1,晴,50,交岔路,交叉路口,無號誌,汽(機)車本身,不明原因肇事
11005AC391B0172,20210503,120.218818,23.06148,交通事故,其他,臺南市安南區段號安和路四段538巷,1,陰,30,單路部分,路段,行車管制號誌,車與車,未依規定讓車
11005AC391B0177,20210504,120.168744,23.067251,交通事故,交叉路口,臺南市安南區公學路段號佃西路,1,晴,50,交岔路,交叉路口,無號誌,汽(機)車本身,未注意車前狀態
11005AC391B0193,20210503,120.179932,23.05177,交通事故,交叉路口,臺南市安南區海佃路3段號仁安路,2,陰,50,交岔路,交叉路口,行車管制號誌,車與車,未依規定讓車
11005AC391B0194,20210504,120.131719,23.093972,交通事故,其他,臺南市安南區段號國姓橋22號燈桿,2,晴,60,單路部分,路段,無號誌,車與車,未保持行車安全距離
11005AC391B0196,20210504,120.189343,23.022378,交通事故,交叉路口,臺南市安南區國安街段號國安街91,1,晴,50,交岔路,交叉路口,無號誌,車與車,其他引起事故之違規或不當行為
11005AC391B0199,20210504,120.204627,23.029505,交通事故,交叉路口,臺南市安南區北安路2段號安通路5,1,晴,60,交岔路,交叉路口,行車管制號誌,車與車,未注意車前狀態
11005AC391B0217,20210504,120.220235,23.052127,交通事故,一般地址,臺南市安南區安和路4段94號,2,晴,60,交岔路,交叉路口,行車管制號誌,車與車,右轉彎未依規定
11005AC391B0225,20210503,120.19237,23.020138,交通事故,一般地址,臺南市安南區海佃路鹽水溪橋段號,2,晴,50,單路部分,路段,無號誌,車與車,未注意車前狀態
11005AC391B0232,20210504,120.17332,23.023743,交通事故,交叉路口,臺南市安南區安明路2段號安通路6,2,晴,70,交岔路,交叉路口,行車管制號誌,車與車,違反特定標誌(線)禁制
11005AC391B0275,20210505,120.199719,23.057934,交通事故,一般地址,臺南市安南區本原街1段250198號,1,晴,40,交岔路,交叉路口,無號誌,車與車,未依規定讓車
11005AC391B0282,20210505,120.211572,23.047995,交通事故,交叉路口,臺南市安南區培安路段號育安三街,1,晴,50,交岔路,交叉路口,無號誌,汽(機)車本身,不明原因肇事
11005AC391B0308,20210504,120.238813,23.052348,交通事故,其他,臺南市安南區段號長和路一段一巷與永安橋口,1,晴,50,交岔路,交叉路口,行車管制號誌,車與車,左轉彎未依規定
11005AC391B0316,20210505,120.191612,23.024057,交通事故,一般地址,臺南市安南區海佃路1段158號,3,晴,50,交岔路,交叉路口,行車管制號誌,車與車,違反號誌管制或指揮
11005AC391B0321,20210504,120.216047,23.069356,交通事故,交叉路口,臺南市安南區安和路5段號安和路5336,1,晴,60,交岔路,交叉路口,行車管制號誌,車與車,左轉彎未依規定
11005AC391B0329,20210505,120.179866,23.051757,交通事故,交叉路口,臺南市安南區海佃路三段段號仁安路,1,晴,50,交岔路,交叉路口,行車管制號誌,車與車,未注意車前狀態
11005AC391B0341,20210505,120.192239,23.025507,交通事故,一般地址,臺南市安南區海佃路一段段246號,1,陰,50,交岔路,路段,行車管制號誌,車與車,未注意車前狀態
11005AC391B0360,20210505,120.233922,23.057125,交通事故,一般地址,臺南市安南區長和路1段號,1,晴,50,單路部分,路段,無號誌,汽(機)車本身,其他引起事故之違規或不當行為