案件編號,發生日期,GPS經度,GPS緯度,案件類別名稱,地址類型名稱,發生縣市名稱,受傷人數,天候名稱, 速限-第1當事者,道路型態大類別名稱,事故位置大類別名稱,號誌-號誌種類名稱,事故類型及型態大類別名稱,肇因研判子類別名稱-主要
11005AC391B0363,20210506,120.199351,23.039145,交通事故,其他,臺南市安南區段號北安路二段433巷(梅花一路170號),1,晴,40,單路部分,路段,無號誌,汽(機)車本身,未注意車前狀態
11005AC391B0400,20210506,120.165787,23.051334,交通事故,交叉路口,臺南市安南區安中路4段號安中路494,2,晴,50,交岔路,交叉路口,無號誌,車與車,未注意車前狀態
11005AC391B0415,20210506,120.200176,23.040343,交通事故,一般地址,臺南市安南區安中路1段538號,2,晴,50,單路部分,路段,無號誌,車與車,未注意車前狀態
11005AC391B0424,20210505,120.176684,23.025815,交通事故,一般地址,臺南市安南區安通路6段號,2,晴,50,單路部分,路段,無號誌,汽(機)車本身,未注意車前狀態
11005AC391B0431,20210501,120.197219,23.050503,交通事故,交叉路口,臺南市安南區本原街1段號本原街1287,1,晴,30,交岔路,交叉路口,行車管制號誌,車與車,未依規定讓車
11005AC391B0437,20210507,120.191043,23.031262,交通事故,一般地址,臺南市安南區大安街段17號,1,晴,50,單路部分,路段,無號誌,車與車,未依規定讓車
11005AC391B0463,20210506,120.143384,23.060505,交通事故,交叉路口,臺南市安南區安中路5段號北汕尾三路,1,晴,50,交岔路,交叉路口,行車管制號誌,車與車,左轉彎未依規定
11005AC391B0476,20210501,120.214728,23.069897,交通事故,一般地址,臺南市安南區北安路4段665號0,1,晴,60,單路部分,路段,無號誌,車與車,起步未注意其他車(人)安全
11005AC391B0479,20210502,120.195288,23.043341,交通事故,交叉路口,臺南市安南區安中路3段261號樂安一街,2,晴,30,交岔路,交叉路口,無號誌,車與車,未依規定讓車
11005AC391B0480,20210502,120.196242,23.044349,交通事故,一般地址,臺南市安南區怡安路2段安南高幹10號,1,晴,50,單路部分,路段,無號誌,車與車,起步未注意其他車(人)安全
11005AC391B0495,20210505,120.174707,23.049063,交通事故,交叉路口,臺南市安南區安中路段號仁安路,1,晴,50,交岔路,交叉路口,行車管制號誌,車與車,起步未注意其他車(人)安全
11005AC391B0518,20210507,120.22377,23.086634,交通事故,其他,臺南市安南區段號安吉路三段北向南-近公學路三段220巷第三座路燈桿,2,晴,50,單路部分,路段,無號誌,車與車,未保持行車安全距離
11005AC391B0538,20210508,120.192982,23.038517,交通事故,交叉路口,臺南市安南區大安街段號大安街461,3,晴,50,交岔路,交叉路口,行車管制號誌,車與車,違反號誌管制或指揮
11005AC391B0561,20210502,120.188481,23.022237,交通事故,交叉路口,臺南市安南區國安街段156號國安街15651,1,晴,30,交岔路,交叉路口,無號誌,車與車,未依規定讓車
11005AC391B0593,20210508,120.187987,23.045879,交通事故,交叉路口,臺南市安南區安明路段號台江大道,3,晴,70,交岔路,交叉路口,行車管制號誌,車與車,未保持行車安全距離
11005AC391B0599,20210509,120.204404,23.02593,交通事故,交叉路口,臺南市安南區北安路2段63號府安路511,2,晴,30,交岔路,交叉路口,無號誌,車與車,未依規定讓車
11005AC391B0628,20210509,120.218417,23.064403,交通事故,其他,臺南市安南區段號安和路五段57號,1,晴,60,單路部分,路段,無號誌,車與車,迴轉未依規定
11005AC391B0655,20210509,120.218875,23.050907,交通事故,其他,臺南市安南區段號安和路四段15號,1,晴,50,單路部分,路段,無號誌,車與車,迴轉未依規定
11005AC391B0656,20210509,120.218464,23.062346,交通事故,一般地址,臺南市安南區安和路4段569號,1,晴,60,交岔路,路段,無號誌,車與車,起步未注意其他車(人)安全
11005AC391B0705,20210510,120.19569,23.069264,交通事故,一般地址,臺南市安南區公學路2段187號,1,晴,50,交岔路,交叉路口,無號誌,車與車,違反特定標誌(線)禁制
11005AC391B0709,20210510,120.18402,23.047053,交通事故,交叉路口,臺南市安南區海佃路二段段號安中路,1,晴,50,交岔路,交叉路口,行車管制號誌,車與車,未依規定讓車
11005AC391B0736,20210510,120.165787,23.051334,交通事故,交叉路口,臺南市安南區安中路4段290號安中路429080,2,晴,30,交岔路,交叉路口,無號誌,車與車,未依規定讓車
11005AC391B0738,20210510,120.160812,23.068073,交通事故,一般地址,臺南市安南區安興街段211號,1,晴,30,交岔路,交叉路口,無號誌,車與車,起步未注意其他車(人)安全
11005AC391B0790,20210510,120.216342,23.06345,交通事故,交叉路口,臺南市安南區長和路3段號長和路3133,2,晴,50,交岔路,交叉路口,無號誌,車與車,未依規定讓車
11005AC391B0791,20210510,120.143832,23.047225,交通事故,其他,臺南市安南區段號科技五路19號,1,晴,50,單路部分,路段,無號誌,車與車,未注意車前狀態
11005AC391B0799,20210510,120.170156,23.053616,交通事故,一般地址,臺南市安南區安中路4段29029196號,1,晴,50,交岔路,交叉路口,無號誌,汽(機)車本身,未注意車前狀態
11005AC391B0815,20210511,120.21825,23.04757,交通事故,交叉路口,臺南市安南區安和路段號安豐五街,1,晴,50,交岔路,交叉路口,行車管制號誌,車與車,左轉彎未依規定
11005AC391B0830,20210511,120.215695,23.051398,交通事故,其他,臺南市安南區段號總安街一段132號,3,晴,50,交岔路,交叉路口,無號誌,車與車,起步未注意其他車(人)安全
11005AC391B0860,20210509,120.23621,23.054997,交通事故,一般地址,臺南市安南區長和路1段192號,1,晴,50,交岔路,交叉路口,無號誌,車與車,未依規定讓車
11005AC391B0869,20210511,120.156483,23.03708,交通事故,其他,臺南市安南區段號工業二路上-權聖企業有限公司側門,1,晴,40,單路部分,路段,無號誌,車與車,未保持行車安全間隔
11005AC391B0876,20210511,120.20391,23.058685,交通事故,交叉路口,臺南市安南區工明南三路段號工明五路,1,晴,30,交岔路,路段,無號誌,汽(機)車本身,未注意車前狀態
11005AC391B0921,20210511,120.215285,23.026317,交通事故,其他,臺南市安南區段號安和路一段20號,1,晴,50,單路部分,路段,無號誌,車與車,橫越道路不慎
11005AC391B0922,20210512,120.197706,23.065904,交通事故,一般地址,臺南市安南區長溪路3段263號,1,晴,50,交岔路,交叉路口,無號誌,車與車,其他引起事故之違規或不當行為
11005AC391B0943,20210512,120.193391,23.044161,交通事故,一般地址,臺南市安南區同安路段399號,2,晴,50,單路部分,路段,無號誌,車與車,起步未注意其他車(人)安全
11005AC391B0948,20210512,120.221099,23.063538,交通事故,其他,臺南市安南區段號長和路二段74號(東和高幹8號電桿),1,晴,50,單路部分,路段,無號誌,人與汽(機)車,未注意車前狀態
11005AC391B0959,20210512,120.213874,23.044548,交通事故,其他,臺南市安南區段號慶安路220巷5號,1,晴,30,交岔路,交叉路口,無號誌,車與車,未依規定讓車
11005AC391B0979,20210512,120.179739,23.068067,交通事故,交叉路口,臺南市安南區公學路5段號育安街,2,晴,50,交岔路,交叉路口,閃光號誌,車與車,未依規定讓車
11005AC391B0999,20210502,120.216638,23.043116,交通事故,一般地址,臺南市安南區安和路2段299號,1,晴,60,單路部分,路段,無號誌,車與車,倒車未依規定
11005AC391B1000,20210503,120.205265,23.026502,交通事故,一般地址,臺南市安南區北安路2段30號,3,雨,60,單路部分,路段,無號誌,車與車,未保持行車安全間隔
11005AC391B1005,20210503,120.205214,23.026877,交通事故,一般地址,臺南市安南區北安路2段123號,1,雨,50,交岔路,交叉路口,行車管制號誌,車與車,其他引起事故之違規或不當行為
11005AC391B1007,20210512,120.130849,23.066763,交通事故,交叉路口,臺南市安南區城安路段號城北路,1,晴,50,交岔路,交叉路口,行車管制號誌,車與車,違反號誌管制或指揮
11005AC391B1011,20210507,120.204768,23.029315,交通事故,交叉路口,臺南市安南區安通路5段號北安路2,2,晴,50,交岔路,交叉路口,行車管制號誌,車與車,其他引起事故之違規或不當行為
11005AC391B1023,20210513,120.200768,23.039991,交通事故,交叉路口,臺南市安南區安中路1段號安中路1516,1,晴,50,交岔路,交叉路口,閃光號誌,車與車,未依規定讓車
11005AC391B1024,20210508,120.218875,23.050907,交通事故,一般地址,臺南市安南區安和路4段15號,2,晴,60,單路部分,路段,無號誌,車與車,起步未注意其他車(人)安全
11005AC391B1034,20210507,120.218832,23.061259,交通事故,一般地址,臺南市安南區安和路4段516號,1,晴,60,單路部分,路段,無號誌,車與車,橫越道路不慎
11005AC391B1039,20210508,120.193267,23.020774,交通事故,一般地址,臺南市安南區府安路5段257-1號,1,晴,50,交岔路,交叉路口,無號誌,車與車,左轉彎未依規定
11005AC391B1053,20210510,120.216935,23.064378,交通事故,一般地址,臺南市安南區安和路5段81號,2,晴,60,單路部分,路段,無號誌,車與車,左轉彎未依規定
11005AC391B1055,20210512,120.134339,23.086318,交通事故,一般地址,臺南市安南區安明路國姓橋段路燈4號,2,晴,60,單路部分,路段,無號誌,車與車,未注意車前狀態
11005AC391B1059,20210512,120.183782,23.042071,交通事故,一般地址,臺南市安南區海中街段148號,1,晴,50,交岔路,交叉路口,無號誌,汽(機)車本身,未注意車前狀態
11005AC391B1061,20210512,120.187222,23.019741,交通事故,一般地址,臺南市安南區府安路6段10387號,3,晴,30,交岔路,交叉路口,無號誌,車與車,右轉彎未依規定
11005AC391B1065,20210512,120.190606,23.027996,交通事故,一般地址,臺南市安南區海佃路1段381號,1,晴,50,單路部分,路段,無號誌,車與車,起步未注意其他車(人)安全
11005AC391B1077,20210503,120.239005,23.053132,交通事故,一般地址,臺南市安南區長和路1段1號,2,雨,40,單路部分,路段,無號誌,車與車,未保持行車安全間隔
11005AC391B1084,20210511,120.213768,23.028461,交通事故,其他,臺南市安南區段號安和路1段(安順橋南向),1,陰,60,單路部分,路段,無號誌,車與車,未注意車前狀態
11005AC391B1085,20210504,120.161517,23.03659,交通事故,其他,臺南市安南區段號安明路二段北上車道(近本田路口),2,晴,30,單路部分,路段,無號誌,車與車,未保持行車安全距離
11005AC391B1086,20210505,120.22943,23.061134,交通事故,交叉路口,臺南市安南區長和路1段號環館路,1,晴,50,交岔路,交叉路口,行車管制號誌,車與車,未注意車前狀態
11005AC391B1104,20210514,120.239005,23.053132,交通事故,其他,臺南市安南區段號長和路1段2巷(東和高幹79右23號)電桿前,1,晴,30,單路部分,路段,無號誌,車與車,未靠右行駛
11005AC391B1113,20210508,120.136106,23.076579,交通事故,一般地址,臺南市安南區公學路7段97號,1,晴,30,單路部分,路段,無號誌,車與車,未保持行車安全間隔
11005AC391B1115,20210513,120.217688,23.045671,交通事故,交叉路口,臺南市安南區安和路3段號安豐六街,1,晴,60,交岔路,交叉路口,行車管制號誌,汽(機)車本身,未注意車前狀態
11005AC391B1134,20210514,120.192284,23.020453,交通事故,交叉路口,臺南市安南區海佃路段號府安路,1,晴,50,單路部分,路段,無號誌,車與車,未注意車前狀態
11005AC391B1144,20210513,120.218888,23.050871,交通事故,一般地址,臺南市安南區安和路4段13號,1,晴,50,單路部分,路段,無號誌,車與車,迴轉未依規定
11005AC391B1146,20210514,120.200698,23.059213,交通事故,交叉路口,臺南市安南區台江大道2段號長溪路2,1,晴,50,交岔路,交叉路口,行車管制號誌,車與車,違反號誌管制或指揮
11005AC391B1175,20210514,120.189912,23.034449,交通事故,一般地址,臺南市安南區海佃路2段1503910990號,3,晴,30,單路部分,路段,無號誌,汽(機)車本身,動物竄出
11005AC391B1176,20210514,120.218715,23.049293,交通事故,一般地址,臺南市安南區安和路3段193號,1,晴,60,單路部分,路段,無號誌,汽(機)車本身,未注意車前狀態
11005AC391B1188,20210514,120.177351,23.047519,交通事故,一般地址,臺南市安南區樂安二街段154號,1,陰,40,單路部分,路段,無號誌,汽(機)車本身,未注意車前狀態
11005AC391B1201,20210501,120.212579,23.031978,交通事故,一般地址,臺南市安南區安和路1段288號,1,晴,50,單路部分,路段,行車管制號誌,車與車,未保持行車安全距離
11005AC391B1218,20210515,120.190351,23.029819,交通事故,交叉路口,臺南市安南區海佃路2段號安通路6,3,晴,50,交岔路,交叉路口,行車管制號誌,車與車,未保持行車安全間隔
11005AC391B1236,20210515,120.132016,23.016397,交通事故,一般地址,臺南市安南區四草大道段999號,1,晴,50,單路部分,路段,無號誌,車與車,未依規定讓車
11005AC391B1239,20210515,120.213746,23.029537,交通事故,其他,臺南市安南區段號安和路一段安順橋,1,晴,50,單路部分,路段,無號誌,汽(機)車本身,未注意車前狀態
11005AC391B1290,20210511,120.135958,23.001186,交通事故,一般地址,臺南市安南區四草大道段81號,1,晴,50,單路部分,路段,無號誌,汽(機)車本身,未注意車前狀態
11005AC391B1305,20210516,120.191382,23.02571,交通事故,交叉路口,臺南市安南區海佃路一段段號安富街,1,晴,50,交岔路,交叉路口,行車管制號誌(附設行人專用號誌),車與車,未依規定讓車
11005AC391B1321,20210513,120.20491,23.028491,交通事故,交叉路口,臺南市安南區北安路2段號郡安路4,1,晴,50,交岔路,交叉路口,行車管制號誌,車與車,未依規定讓車
11005AC391B1358,20210515,120.212571,23.032,交通事故,一般地址,臺南市安南區安和路1段288號0,1,晴,50,單路部分,路段,行車管制號誌,車與車,未依規定讓車
11005AC391B1359,20210510,120.166176,23.031679,交通事故,其他,臺南市安南區段號安明路(本淵橋南向),3,晴,30,單路部分,路段,無號誌,車與車,未保持行車安全距離
11005AC391B1423,20210502,120.189337,23.026726,交通事故,交叉路口,臺南市安南區國安街段56號海佃路一段345,2,晴,50,交岔路,交叉路口,閃光號誌,車與車,未依規定讓車
11005AC391B1442,20210517,120.18733,23.023783,交通事故,一般地址,臺南市安南區國安街段15657號,1,晴,50,單路部分,路段,無號誌,車與車,未注意車前狀態
11005AC391B1450,20210517,120.200372,23.029739,交通事故,其他,臺南市安南區段號安通路五段(往西慢車道),2,晴,50,單路部分,路段,無號誌,車與車,不明原因肇事
11005AC391B1461,20210517,120.18884,23.022183,交通事故,一般地址,臺南市安南區國安街段113號,1,晴,50,單路部分,路段,無號誌,車與車,未注意車前狀態
11005AC391B1469,20210517,120.155204,23.038058,交通事故,交叉路口,臺南市安南區安明路段號工業二路,1,晴,40,交岔路,交叉路口,行車管制號誌,車與車,違反號誌管制或指揮
11005AC391B1474,20210513,120.147842,23.078236,交通事故,交叉路口,臺南市安南區公學路6段號公學路6469,1,晴,50,交岔路,交叉路口,行車管制號誌,車與車,變換車道或方向不當
11005AC391B1477,20210516,120.185686,23.044791,交通事故,交叉路口,臺南市安南區海佃路2段號海佃路2700,1,晴,50,交岔路,交叉路口,無號誌,車與車,未依規定讓車
11005AC391B1480,20210516,120.192337,23.041213,交通事故,一般地址,臺南市安南區同安路段26229號,1,晴,30,單路部分,路段,無號誌,車與車,其他引起事故之違規或不當行為
11005AC391B1484,20210512,120.216159,23.069441,交通事故,一般地址,臺南市安南區安和路5段336號,2,晴,60,交岔路,交叉路口,行車管制號誌,車與車,左轉彎未依規定
11005AC391B1493,20210512,120.147763,23.034756,交通事故,一般地址,臺南市安南區鹽田路段20號,1,晴,50,單路部分,路段,無號誌,車與車,其他引起事故之違規或不當行為
11005AC391B1511,20210518,120.195467,23.041854,交通事故,其他,臺南市安南區段號安中路一段701巷25號,1,晴,30,交岔路,交叉路口,無號誌,車與車,左轉彎未依規定
11005AC391B1536,20210518,120.161213,23.036992,交通事故,其他,臺南市安南區段號安明路二段施工路段,1,晴,30,單路部分,路段,無號誌,車與車,未保持行車安全距離
11005AC391B1541,20210518,120.183033,23.055003,交通事故,一般地址,臺南市安南區本原街2段363號,1,晴,40,單路部分,路段,無號誌,車與車,開啟車門不當而肇事
11005AC391B1551,20210518,120.223111,23.072287,交通事故,一般地址,臺南市安南區環福街段132號,1,晴,40,交岔路,交叉路口,無號誌,車與車,其他引起事故之違規或不當行為
11005AC391B1553,20210506,120.214555,23.038245,交通事故,一般地址,臺南市安南區安和路2段84號,2,晴,50,交岔路,交叉路口,行車管制號誌,車與車,變換車道或方向不當
11005AC391B1557,20210518,120.226853,23.061084,交通事故,交叉路口,臺南市安南區長和路1段號慶和路,0,晴,50,交岔路,交叉路口,行車管制號誌(附設行人專用號誌),車與車,未注意車前狀態
11005AC391B1573,20210507,120.21506,23.070447,交通事故,其他,臺南市安南區段號北安路四段與北安路四段705巷口,1,晴,60,交岔路,交叉路口,無號誌,汽(機)車本身,超速失控
11005AC391B1592,20210518,120.177886,23.019124,交通事故,其他,臺南市安南區段號安明路一段與九份子大道(21號燈桿),1,晴,70,單路部分,路段,無號誌,車與車,未注意車前狀態
11005AC391B1593,20210519,120.217958,23.033427,交通事故,一般地址,臺南市安南區安通路2段68號,1,晴,50,交岔路,交叉路口,行車管制號誌,車與車,未注意車前狀態
11005AC391B1594,20210513,120.187984,23.045883,交通事故,交叉路口,臺南市安南區安中路段號安吉路,1,晴,60,交岔路,交叉路口,行車管制號誌,車與車,左轉彎未依規定
11005AC391B1596,20210510,120.218399,23.064466,交通事故,一般地址,臺南市安南區安和路5段61號,1,晴,60,單路部分,路段,無號誌,車與車,其他引起事故之違規或不當行為
11005AC391B1601,20210506,120.18648,23.037636,交通事故,交叉路口,臺南市安南區海尾路段號海中街,2,晴,50,交岔路,交叉路口,行車管制號誌,車與車,右轉彎未依規定
11005AC391B1608,20210518,120.19345,23.020823,交通事故,一般地址,臺南市安南區府安路5段265號,1,晴,50,單路部分,路段,無號誌,車與車,未保持行車安全距離
11005AC391B1610,20210504,120.218888,23.050871,交通事故,一般地址,臺南市安南區安和路4段13號,2,晴,50,交岔路,交叉路口,行車管制號誌,車與車,未保持行車安全間隔
11005AC391B1618,20210518,120.236542,23.054016,交通事故,一般地址,臺南市安南區長和路1段95號,1,晴,50,單路部分,路段,無號誌,車與車,未依規定讓車
11005AC391B1627,20210517,120.202898,23.04192,交通事故,一般地址,臺南市安南區北安路3段183號,1,晴,60,單路部分,路段,無號誌,車與車,不明原因肇事
11005AC391B1635,20210518,120.225488,23.051405,交通事故,交叉路口,臺南市安南區台江大道1段號開安路,1,晴,50,交岔路,交叉路口,行車管制號誌,車與車,違反號誌管制或指揮
11005AC391B1637,20210507,120.213347,23.029989,交通事故,交叉路口,臺南市安南區安和路1段號安和路1159,1,晴,50,交岔路,交叉路口,行車管制號誌,車與車,左轉彎未依規定
11005AC391B1645,20210508,120.127683,23.066006,交通事故,交叉路口,臺南市安南區安中路6段號城安一街,2,晴,50,交岔路,交叉路口,無號誌,車與車,未依規定讓車
11005AC391B1668,20210518,120.189322,23.050745,交通事故,一般地址,臺南市安南區安吉路1段601號0,1,晴,60,交岔路,交叉路口,行車管制號誌,車與車,未注意車前狀態
11005AC391B1671,20210519,120.198856,23.07567,交通事故,一般地址,臺南市安南區公學路1段292號,1,晴,50,單路部分,路段,無號誌,汽(機)車本身,動物竄出
11005AC391B1717,20210514,120.190262,23.022515,交通事故,交叉路口,臺南市安南區國安街段號國安街55,2,晴,50,交岔路,交叉路口,無號誌,車與車,違反號誌管制或指揮
11005AC391B1721,20210520,120.135695,23.081362,交通事故,交叉路口,臺南市安南區安明路段號公學路,1,晴,70,交岔路,交叉路口,行車管制號誌,車與車,右轉彎未依規定
11005AC391B1758,20210520,120.238873,23.052446,交通事故,一般地址,臺南市安南區長和路1段2號,2,晴,50,交岔路,交叉路口,行車管制號誌,車與車,違反號誌管制或指揮
11005AC391B1773,20210514,120.223556,23.048008,交通事故,交叉路口,臺南市安南區開安路段號開安二街,2,晴,50,交岔路,交叉路口,無號誌,車與車,未依規定讓車
11005AC391B1824,20210521,120.211083,23.028005,交通事故,交叉路口,臺南市安南區郡安路4段號敬安街,1,晴,50,交岔路,交叉路口,行車管制號誌,車與車,左轉彎未依規定
11005AC391B1862,20210521,120.202087,23.055843,交通事故,交叉路口,臺南市安南區長溪路2段號長溪路2598,1,晴,50,交岔路,交叉路口,行車管制號誌,車與車,左轉彎未依規定
11005AC391B1869,20210521,120.316154,23.305354,交通事故,其他,臺南市安南區段號安明路二段北向南-海尾橋上,2,晴,30,單路部分,路段,閃光號誌,車與車,未保持行車安全距離
11005AC391B1877,20210521,120.178323,23.053568,交通事故,交叉路口,臺南市安南區海佃路段號本原街,1,晴,50,交岔路,交叉路口,行車管制號誌,車與車,左轉彎未依規定
11005AC391B1888,20210521,120.218255,23.068462,交通事故,交叉路口,臺南市安南區安和路段號安昌街,2,晴,60,交岔路,交叉路口,行車管制號誌,車與車,其他引起事故之違規或不當行為
11005AC391B1891,20210521,120.215996,23.041831,交通事故,交叉路口,臺南市安南區安和路段號景安街,3,晴,60,交岔路,交叉路口,行車管制號誌,車與車,違反號誌管制或指揮
11005AC391B1901,20210515,120.160947,23.041981,交通事故,一般地址,臺南市安南區本田路3段防汛道路號0,1,晴,30,交岔路,交叉路口,閃光號誌,車與車,左轉彎未依規定
11005AC391B1916,20210515,120.131518,23.06117,交通事故,一般地址,臺南市安南區安中路6段499-3號,1,晴,50,單路部分,路段,無號誌,車與車,不明原因肇事
11005AC391B1949,20210522,120.135565,23.081455,交通事故,交叉路口,臺南市安南區安明路4段號公學路7,1,晴,50,交岔路,交叉路口,行車管制號誌,車與車,違反特定標誌(線)禁制
11005AC391B1959,20210522,120.174066,23.065397,交通事故,交叉路口,臺南市安南區公學路段號海佃路4590,2,晴,30,交岔路,交叉路口,閃光號誌,車與車,未依規定讓車
11005AC391B1960,20210522,120.194363,23.043587,交通事故,交叉路口,臺南市安南區安中路1段號安中路1757,2,晴,50,交岔路,交叉路口,閃光號誌,車與車,左轉彎未依規定
11005AC391B1962,20210521,120.153878,23.043686,交通事故,其他,臺南市安南區段號安明路三段137號燈桿,1,晴,70,單路部分,路段,無號誌,汽(機)車本身,未注意車前狀態
11005AC391B1998,20210522,120.217432,23.045322,交通事故,一般地址,臺南市安南區安和路3段81號,3,晴,60,單路部分,路段,無號誌,車與車,變換車道或方向不當
11005AC391B2000,20210506,120.218694,23.053272,交通事故,一般地址,臺南市安南區安和路4段123號,2,晴,60,單路部分,路段,無號誌,車與車,未依規定讓車
11005AC391B2009,20210522,120.204652,23.038395,交通事故,一般地址,臺南市安南區安中路1段34619號,1,晴,40,單路部分,路段,無號誌,汽(機)車本身,未注意車前狀態
11005AC391B2025,20210522,120.216516,23.046103,交通事故,交叉路口,臺南市安南區安豐六街段號育安四街,1,晴,50,交岔路,交叉路口,無號誌,車與車,未依規定讓車
11005AC391B2029,20210522,120.213343,23.03553,交通事故,一般地址,臺南市安南區安和路1段429號0,1,晴,50,單路部分,路段,無號誌,車與車,未注意車前狀態
11005AC391B2030,20210502,120.143316,23.078743,交通事故,一般地址,臺南市安南區公學路6段660號,1,晴,50,單路部分,路段,無號誌,汽(機)車本身,未注意車前狀態
11005AC391B2057,20210511,120.192815,23.033866,交通事故,一般地址,臺南市安南區海佃路2段15094號,1,晴,30,交岔路,交叉路口,無號誌,車與車,未依規定讓車
11005AC391B2058,20210523,120.159168,23.063485,交通事故,一般地址,臺南市安南區育英街段116號,1,晴,50,單路部分,路段,無號誌,汽(機)車本身,未注意車前狀態
11005AC391B2064,20210523,120.209805,23.026869,交通事故,一般地址,臺南市安南區郡安路4段8939號,2,晴,50,交岔路,交叉路口,閃光號誌,車與車,未依規定讓車
11005AC391B2071,20210518,120.19237,23.020138,交通事故,交叉路口,臺南市安南區海佃路段號府安路,2,晴,50,單路部分,路段,行車管制號誌,車與車,未保持行車安全距離
11005AC391B2082,20210518,120.218602,23.056974,交通事故,交叉路口,臺南市安南區安和路4段號州南路,2,晴,60,交岔路,交叉路口,無號誌,車與車,未依規定讓車
11005AC391B2086,20210519,120.20375,23.041184,交通事故,一般地址,臺南市安南區北安路3段1222號,1,晴,60,交岔路,交叉路口,無號誌,車與車,未依規定讓車
11005AC391B2087,20210513,120.177736,23.050925,交通事故,交叉路口,臺南市安南區智安二街段號仁安路,1,晴,50,交岔路,交叉路口,無號誌,車與車,左轉彎未依規定
11005AC391B2088,20210514,120.176084,23.04952,交通事故,一般地址,臺南市安南區功安一街段211號,1,晴,30,單路部分,路段,無號誌,車與車,未注意車前狀態
11005AC391B2094,20210519,120.209476,23.036943,交通事故,一般地址,臺南市安南區長溪路1段188號,1,陰,50,交岔路,交叉路口,無號誌,車與車,未依規定讓車
11005AC391B2107,20210524,120.206183,23.04333,交通事故,交叉路口,臺南市安南區怡安路1段號頂安街,2,晴,30,交岔路,交叉路口,行車管制號誌,車與車,未注意車前狀態
11005AC391B2109,20210515,120.177934,23.022449,交通事故,交叉路口,臺南市安南區永續二十二街段號永續十八街,1,晴,50,交岔路,交叉路口,無號誌,車與車,未依規定讓車
11005AC391B2156,20210524,120.191997,23.037998,交通事故,一般地址,臺南市安南區大安街段46135號,1,晴,30,交岔路,交叉路口,閃光號誌,車與車,未依規定讓車
11005AC391B2159,20210524,120.177704,23.074209,交通事故,其他,臺南市安南區段號公學路四段122巷272弄166號,2,晴,30,單路部分,路段,無號誌,車與車,未注意車前狀態
11005AC391B2165,20210524,120.192414,23.020117,交通事故,交叉路口,臺南市安南區府安路6段號海佃路1,1,晴,50,交岔路,交叉路口,行車管制號誌,車與車,起步未注意其他車(人)安全
11005AC391B2176,20210517,120.20326,23.042585,交通事故,一般地址,臺南市安南區北安路3段217號0,1,晴,50,交岔路,路段,無號誌,車與車,未注意車前狀態
11005AC391B2185,20210524,120.216937,23.063369,交通事故,交叉路口,臺南市安南區長和路3段號安和路4537,1,晴,40,交岔路,交叉路口,行車管制號誌,車與車,未依規定讓車
11005AC391B2191,20210523,120.212148,23.033285,交通事故,交叉路口,臺南市安南區長溪路段號安中路,2,陰,50,交岔路,交叉路口,行車管制號誌(附設行人專用號誌),車與車,違反號誌管制或指揮
11005AC391B2203,20210524,120.176193,23.048841,交通事故,一般地址,臺南市安南區安中路3段314號,2,晴,50,交岔路,交叉路口,無號誌,車與車,起步未注意其他車(人)安全
11005AC391B2218,20210518,120.165375,23.032335,交通事故,其他,臺南市安南區段號本淵橋,1,晴,50,單路部分,路段,無號誌,汽(機)車本身,未注意車前狀態
11005AC391B2225,20210525,120.218762,23.064191,交通事故,一般地址,臺南市安南區安和路5段46號,2,晴,50,單路部分,路段,無號誌,車與車,未依規定讓車
11005AC391B2231,20210513,120.194864,23.080287,交通事故,一般地址,臺南市安南區安吉路3段567號,1,晴,60,單路部分,路段,無號誌,車與車,未依規定讓車
11005AC391B2250,20210525,120.202652,23.039449,交通事故,其他,臺南市安南區段號北安路三段,2,晴,60,單路部分,路段,無號誌,車與車,未保持行車安全距離
11005AC391B2254,20210525,120.22548,23.051426,交通事故,交叉路口,臺南市安南區台江大道1段號開安路,3,晴,50,交岔路,交叉路口,行車管制號誌,車與車,違反號誌管制或指揮
11005AC391B2270,20210525,120.221832,23.069172,交通事故,一般地址,臺南市安南區長和路2段12277號,1,晴,50,交岔路,交叉路口,行車管制號誌,車與車,起步未注意其他車(人)安全
11005AC391B2272,20210519,120.217779,23.066313,交通事故,交叉路口,臺南市安南區安和路5段號安和路5171,1,晴,30,交岔路,交叉路口,行車管制號誌,車與車,違反號誌管制或指揮
11005AC391B2297,20210526,120.176075,23.054387,交通事故,一般地址,臺南市安南區海佃路4段5548號,2,晴,30,交岔路,交叉路口,閃光號誌,車與車,未依規定讓車
11005AC391B2341,20210520,120.206755,23.03259,交通事故,一般地址,臺南市安南區慈安路段117號,1,晴,50,單路部分,路段,無號誌,車與車,未保持行車安全距離
11005AC391B2352,20210526,120.218688,23.058095,交通事故,交叉路口,臺南市安南區安和路段號州南六街,1,晴,60,交岔路,交叉路口,行車管制號誌,車與車,未注意車前狀態