案件編號,發生日期,GPS經度,GPS緯度,案件類別名稱,地址類型名稱,發生縣市名稱,受傷人數,天候名稱, 速限-第1當事者,道路型態大類別名稱,事故位置大類別名稱,號誌-號誌種類名稱,事故類型及型態大類別名稱,肇因研判子類別名稱-主要
11005AC391B2355,20210522,120.124132,23.059443,交通事故,交叉路口,臺南市安南區城南路段號城西街1249,2,晴,50,交岔路,交叉路口,無號誌,車與車,未依規定讓車
11005AC391B2389,20210524,120.135287,23.076364,交通事故,交叉路口,臺南市安南區安明路4段號公學路797,2,晴,50,交岔路,交叉路口,行車管制號誌,車與車,其他引起事故之違規或不當行為
11005AC391B2403,20210503,120.203127,23.041214,交通事故,一般地址,臺南市安南區北安路3段112號,2,晴,60,單路部分,路段,無號誌,車與車,其他引起事故之違規或不當行為
11005AC391B2406,20210503,120.18854,23.046184,交通事故,交叉路口,臺南市安南區安中路2段號安吉路1,1,晴,50,交岔路,交叉路口,行車管制號誌,車與車,未依規定讓車
11005AC391B2436,20210527,120.189366,23.034242,交通事故,其他,臺南市安南區段號海佃路二段155號,1,晴,50,單路部分,路段,無號誌,車與車,未保持行車安全間隔
11005AC391B2460,20210525,120.170756,23.051695,交通事故,一般地址,臺南市安南區安中路4段290242號,2,晴,40,交岔路,交叉路口,無號誌,車與車,橫越道路不慎
11005AC391B2470,20210528,120.160782,23.041887,交通事故,一般地址,臺南市安南區本田路3段71號,2,晴,50,交岔路,交叉路口,行車管制號誌,車與車,未注意車前狀態
11005AC391B2490,20210506,120.223071,23.069708,交通事故,一般地址,臺南市安南區長和路2段12272號,1,晴,50,交岔路,交叉路口,行車管制號誌,車與車,其他引起事故之違規或不當行為
11005AC391B2503,20210527,120.20486,23.065555,交通事故,其他,臺南市安南區段號長和路四段,1,晴,50,單路部分,路段,無號誌,車與車,變換車道或方向不當
11005AC391B2505,20210512,120.239005,23.053132,交通事故,一般地址,臺南市安南區長和路2段12272號0,1,晴,50,單路部分,路段,無號誌,車與車,未依規定讓車
11005AC391B2506,20210528,120.308957,22.753903,交通事故,其他,臺南市安南區段號長和路1段(永安橋頭),1,晴,50,交岔路,交叉路口,行車管制號誌,車與車,未依規定讓車
11005AC391B2512,20210513,120.155564,23.072625,交通事故,交叉路口,臺南市安南區安興街段號公學路5697102,1,晴,30,交岔路,交叉路口,無號誌,車與車,其他引起事故之違規或不當行為
11005AC391B2513,20210525,120.193472,23.044267,交通事故,交叉路口,臺南市安南區安中路段號同安路,1,晴,50,交岔路,交叉路口,行車管制號誌,汽(機)車本身,其他引起事故之違規或不當行為
11005AC391B2517,20210521,120.211739,23.034086,交通事故,一般地址,臺南市安南區長溪路1段12055號,1,晴,50,單路部分,路段,無號誌,車與車,起步未注意其他車(人)安全
11005AC391B2525,20210528,120.150575,23.05746,交通事故,一般地址,臺南市安南區安中路5段265號,1,晴,50,單路部分,路段,無號誌,汽(機)車本身,未依規定讓車
11005AC391B2556,20210526,120.214033,23.073069,交通事故,一般地址,臺南市安南區安和路6段133-3號,1,晴,50,單路部分,路段,無號誌,車與車,變換車道或方向不當
11005AC391B2578,20210517,120.174246,23.061378,交通事故,其他,臺南市安南區段號台江大道(近海佃路)燈桿47,1,晴,70,單路部分,路段,無號誌,車與車,右轉彎未依規定
11005AC391B2581,20210518,120.191675,23.037523,交通事故,一般地址,臺南市安南區大安街段46146-25號,1,晴,50,單路部分,路段,無號誌,車與車,變換車道或方向不當
11005AC391B2583,20210523,120.191766,23.042098,交通事故,一般地址,臺南市安南區同安路段213號,1,晴,50,交岔路,交叉路口,行車管制號誌,車與車,未保持行車安全距離
11005AC391B2585,20210518,120.199925,23.029794,交通事故,一般地址,臺南市安南區安通路5段82號,1,晴,30,單路部分,路段,無號誌,車與車,變換車道或方向不當
11005AC391B2591,20210524,120.188368,23.046114,交通事故,交叉路口,臺南市安南區安中路段號安吉路,1,晴,60,交岔路,交叉路口,行車管制號誌,車與車,其他引起事故之違規或不當行為
11005AC391B2598,20210528,120.12972,23.062447,交通事故,一般地址,臺南市安南區安中路6段601號,2,晴,50,交岔路,交叉路口,行車管制號誌,車與車,倒車未依規定
11005AC391B2633,20210530,120.183933,23.047096,交通事故,交叉路口,臺南市安南區海佃路段號安中路,1,雨,50,交岔路,交叉路口,行車管制號誌,車與車,違反號誌管制或指揮
11005AC391B2637,20210518,120.230778,23.059758,交通事故,一般地址,臺南市安南區長和路1段585號,1,晴,50,單路部分,路段,無號誌,車與車,未保持行車安全間隔
11005AC391B2640,20210524,120.206155,23.065221,交通事故,一般地址,臺南市安南區長和路4段253號,2,晴,50,交岔路,交叉路口,無號誌,車與車,變換車道或方向不當
11005AC391B2647,20210518,120.114772,23.058447,交通事故,其他,臺南市安南區段號城西街2段397號對面(鄭成功紀念公園),1,晴,50,單路部分,路段,無號誌,汽(機)車本身,未注意車前狀態
11005AC391B2662,20210519,120.205433,23.026221,交通事故,一般地址,臺南市安南區賢安街段66號,1,晴,50,單路部分,路段,無號誌,車與車,未注意車前狀態
11005AC391B2663,20210525,120.18739,23.041307,交通事故,交叉路口,臺南市安南區海佃路段號安吉路,1,晴,50,交岔路,交叉路口,行車管制號誌,車與車,變換車道或方向不當
11005AC391B2667,20210519,120.193727,23.044978,交通事故,交叉路口,臺南市安南區同安路段號怡安路,1,晴,50,交岔路,交叉路口,行車管制號誌,車與車,不明原因肇事
11005AC391B2668,20210528,120.238744,23.052464,交通事故,其他,臺南市安南區段號長和路1段(永安橋),1,晴,50,單路部分,路段,行車管制號誌,車與車,未保持行車安全距離
11005AC391B2679,20210529,120.194331,23.026271,交通事故,一般地址,臺南市安南區安富街段300號,2,晴,30,交岔路,交叉路口,無號誌,車與車,未依規定讓車
11005AC391B2683,20210530,120.218485,23.065455,交通事故,一般地址,臺南市安南區安和路5段120號,1,雨,40,單路部分,路段,無號誌,車與車,未依規定讓車
11005AC391B2686,20210530,120.214307,23.063726,交通事故,交叉路口,臺南市安南區北安路4段號長和路3,1,雨,60,交岔路,交叉路口,行車管制號誌,車與車,違反號誌管制或指揮
11005AC391B2703,20210529,120.175965,23.022439,交通事故,其他,臺南市安南區段號永續路與永續二十街口,2,晴,50,交岔路,交叉路口,無號誌,車與車,左轉彎未依規定
11005AC391B2708,20210530,120.102899,23.05865,交通事故,交叉路口,臺南市安南區城西街3段號城西街32,1,雨,30,交岔路,交叉路口,無號誌,車與車,未依規定讓車
11005AC391B2721,20210528,120.215345,23.07102,交通事故,交叉路口,臺南市安南區安和路5段276號安和路620120,2,晴,30,交岔路,交叉路口,閃光號誌,車與車,未依規定讓車
11005AC391B2731,20210519,120.2151,23.025858,交通事故,交叉路口,臺南市安南區安和路1段號府安路,1,晴,60,交岔路,交叉路口,行車管制號誌,車與車,未依規定讓車
11005AC391B2732,20210523,120.213117,23.049939,交通事故,一般地址,臺南市安南區北安路3段486號,1,晴,30,單路部分,路段,無號誌,汽(機)車本身,未注意車前狀態
11005AC391B2737,20210531,120.216309,23.041904,交通事故,一般地址,臺南市安南區政安路段19號,1,雨,50,單路部分,路段,無號誌,車與車,未依規定讓車
11005AC391B2745,20210531,120.192408,23.044845,交通事故,一般地址,臺南市安南區安中路1段954號,1,雨,50,單路部分,路段,無號誌,車與車,橫越道路不慎
11005AC391B2765,20210524,120.192728,23.019091,交通事故,其他,臺南市安南區段號鹽水溪橋,1,晴,50,單路部分,路段,無號誌,車與車,未注意車前狀態
11005AC391B2773,20210531,120.188293,23.057285,交通事故,一般地址,臺南市安南區本原街2段10627號,1,晴,30,交岔路,交叉路口,無號誌,車與車,未注意車前狀態
11005AC391B2782,20210522,120.195876,23.067181,交通事故,一般地址,臺南市安南區長溪路3段37338號,1,晴,30,交岔路,交叉路口,無號誌,車與車,未依規定讓車
11005AC391B2783,20210531,120.213719,23.055726,交通事故,交叉路口,臺南市安南區北安路3段號台江大道1,1,晴,60,交岔路,交叉路口,行車管制號誌,車與車,違反號誌管制或指揮
11005AC391B2784,20210521,120.217935,23.061263,交通事故,一般地址,臺南市安南區安和路4段53331號,1,晴,30,單路部分,路段,無號誌,車與車,未注意車前狀態
11005AC391B2791,20210525,120.195288,23.043341,交通事故,一般地址,臺南市安南區安中路1段800號,1,晴,50,單路部分,路段,無號誌,車與車,未注意車前狀態
11005AC391B2792,20210525,120.163033,23.069144,交通事故,一般地址,臺南市安南區安興街段95號,2,晴,30,單路部分,路段,無號誌,車與車,未注意車前狀態
11005AC391B2793,20210526,120.20752,23.044579,交通事故,交叉路口,臺南市安南區北安路3段145號怡和街,1,晴,50,交岔路,交叉路口,無號誌,車與車,左轉彎未依規定
11005AC391B2818,20210526,120.173087,23.054179,交通事故,一般地址,臺南市安南區本原街3段2341062號,1,晴,50,單路部分,路段,無號誌,車與車,其他引起事故之違規或不當行為
11005AC391B2832,20210529,120.202513,23.038871,交通事故,交叉路口,臺南市安南區安中路1段號北安路3,1,晴,50,交岔路,交叉路口,行車管制號誌,車與車,未保持行車安全距離
11005AC391B2839,20210528,120.208828,23.033,交通事故,交叉路口,臺南市安南區安西路段號慈安路,1,晴,40,交岔路,交叉路口,閃光號誌,車與車,未依規定讓車
11005AC391B2843,20210513,120.222335,23.066932,交通事故,一般地址,臺南市安南區長和路2段140167號,1,晴,40,交岔路,交叉路口,無號誌,車與車,違反特定標誌(線)禁制
11005AC391B2887,20210515,120.199479,23.06532,交通事故,一般地址,臺南市安南區鎮安二街段17號,1,晴,30,單路部分,路段,無號誌,車與車,倒車未依規定
11005AC391B2891,20210515,120.217791,23.04602,交通事故,交叉路口,臺南市安南區安和路段號永安路,1,晴,50,交岔路,交叉路口,行車管制號誌,車與車,未依規定讓車
11005AC391B2932,20210512,120.218723,23.04927,交通事故,其他,臺南市安南區段號安和路三段227號,1,晴,60,單路部分,路段,無號誌,汽(機)車本身,不明原因肇事
11005AC391B2942,20210531,120.203103,23.048404,交通事故,其他,臺南市安南區段號長溪路二段297號,1,陰,50,單路部分,路段,無號誌,汽(機)車本身,不明原因肇事
11005AC391B2953,20210511,120.178707,23.067897,交通事故,一般地址,臺南市安南區公學路4段29號,1,晴,50,單路部分,路段,無號誌,車與車,未注意車前狀態
11005AC391B2965,20210531,120.181409,23.049069,交通事故,交叉路口,臺南市安南區仁安六街段號功安二街,1,晴,30,交岔路,交叉路口,無號誌,車與車,未依規定讓車
11005AC391B2972,20210526,120.175127,23.049198,交通事故,一般地址,臺南市安南區安中路3段388號,1,晴,50,單路部分,路段,行車管制號誌,車與車,未保持行車安全距離
11005AC391B2991,20210529,120.213519,23.037083,交通事故,一般地址,臺南市安南區培安路段379號,1,晴,50,交岔路,交叉路口,無號誌,車與車,不明原因肇事
11005AC391B2992,20210512,120.193938,23.027861,交通事故,一般地址,臺南市安南區郡安路5段18452號,1,晴,30,交岔路,交叉路口,無號誌,車與車,未依規定讓車
11005AC391B2994,20210505,120.205673,23.029379,交通事故,交叉路口,臺南市安南區安通路4段號安通路4145,1,晴,50,交岔路,交叉路口,無號誌,車與車,未依規定讓車
11005AC391B2997,20210511,120.224293,23.071595,交通事故,一般地址,臺南市安南區環福街段10613號,1,晴,50,交岔路,交叉路口,無號誌,汽(機)車本身,未注意車前狀態
11005AC391B3006,20210502,120.176286,23.065515,交通事故,交叉路口,臺南市安南區海佃路4段388號海佃路438879,1,晴,50,交岔路,交叉路口,無號誌,車與車,未依規定讓車
11005AC391B3010,20210510,120.212462,23.026757,交通事故,一般地址,臺南市安南區文安街段87號,1,晴,30,單路部分,路段,無號誌,車與車,倒車未依規定
11005AC391B3039,20210527,120.204637,23.02945,交通事故,交叉路口,臺南市安南區北安路2段號安通路5,1,晴,50,交岔路,交叉路口,行車管制號誌,車與車,其他引起事故之違規或不當行為
11005AC391B3054,20210518,120.210354,23.039266,交通事故,交叉路口,臺南市安南區長溪路1段168號培安路356,1,晴,30,交岔路,交叉路口,無號誌,車與車,未依規定讓車
11005AC391B3072,20210514,120.199637,23.04262,交通事故,其他,臺南市安南區段號安中路一段700巷96號,2,晴,50,單路部分,路段,無號誌,車與車,未依規定讓車
11005AC391B3074,20210504,120.216626,23.04327,交通事故,其他,臺南市安南區段號安和路二段301號,1,晴,60,單路部分,路段,無號誌,車與車,未依規定讓車
11005AC391B3075,20210514,120.174931,23.066009,交通事故,其他,臺南市安南區段號公學路四段與公學路四段257巷路口,1,晴,50,交岔路,交叉路口,無號誌,汽(機)車本身,不明原因肇事
11005AC391B3076,20210527,120.187782,23.046268,交通事故,其他,臺南市安南區段號安中路二段140號,1,晴,50,交岔路,交叉路口,無號誌,車與車,未依規定讓車
11005AC391B3077,20210521,120.195891,23.032445,交通事故,其他,臺南市安南區段號義安街128巷與義吉街路口,3,晴,30,交岔路,交叉路口,無號誌,車與車,未依規定讓車
11005AC391B3079,20210519,120.130673,23.061646,交通事故,其他,臺南市安南區段號安中路六段531號,1,晴,50,單路部分,路段,無號誌,車與車,未依規定讓車
11005AC391B3102,20210502,120.172185,23.064524,交通事故,一般地址,臺南市安南區海佃路4段542號,1,晴,50,單路部分,路段,無號誌,車與車,迴轉未依規定
11005AC391B3107,20210503,120.204121,23.027912,交通事故,交叉路口,臺南市安南區北安路2段147號府安路511,1,晴,30,交岔路,交叉路口,無號誌,車與車,未依規定讓車
11005AC391B3113,20210506,120.216784,23.068023,交通事故,其他,臺南市安南區段號安和路五段與安和路五段276巷路口,3,晴,60,交岔路,交叉路口,行車管制號誌,車與車,迴轉未依規定
11005AC391B3117,20210508,120.218703,23.063375,交通事故,其他,臺南市安南區段號安和路五段與長和路二段路口,1,晴,60,交岔路,交叉路口,行車管制號誌,車與車,未依規定讓車
11005AC391B3119,20210507,120.220842,23.036163,交通事故,其他,臺南市安南區段號郡安路三段66號,3,晴,0,單路部分,其他,無號誌,車與車,不明原因肇事
11005AC391B3121,20210509,120.189646,23.033915,交通事故,其他,臺南市安南區段號海佃路二段202號,1,晴,50,交岔路,交叉路口,行車管制號誌,車與車,未依規定讓車
11005AC391B3135,20210526,120.204552,23.035558,交通事故,交叉路口,臺南市安南區安中二街段號北安二街,1,晴,50,交岔路,交叉路口,無號誌,汽(機)車本身,未注意車前狀態
11005AC391B3141,20210503,120.192542,23.038877,交通事故,交叉路口,臺南市安南區大安街段號大安街461,3,晴,50,交岔路,交叉路口,行車管制號誌,車與車,未保持行車安全間隔
11005AC391B3149,20210506,120.213245,23.05136,交通事故,其他,臺南市安南區段號北安路三段863之2號前,1,晴,30,單路部分,路段,無號誌,車與車,未保持行車安全間隔
11005AC391B3150,20210521,120.187807,23.02644,交通事故,其他,臺南市安南區段號國安街56巷141弄72號前,2,晴,30,交岔路,交叉路口,無號誌,車與車,未依規定讓車
11005AC391B3151,20210520,120.225488,23.051412,交通事故,其他,臺南市安南區段號台江大道一段與開安路口,1,晴,50,交岔路,交叉路口,行車管制號誌,車與車,違反號誌管制或指揮
11005AC391B3152,20210526,120.214855,23.027568,交通事故,其他,臺南市安南區段號安和路一段與文安街路口,1,晴,50,單路部分,路段,行車管制號誌,車與車,違反特定標誌(線)禁制
11005AC391B3155,20210509,120.191384,23.024855,交通事故,其他,臺南市安南區段號海佃路一段與海佃路一段213巷路口,1,晴,50,交岔路,交叉路口,行車管制號誌,車與車,未依規定讓車
11005AC391B3156,20210531,120.218749,23.06091,交通事故,其他,臺南市安南區段號安和路四段498號,1,晴,50,單路部分,路段,無號誌,車與車,未依規定讓車
11005AC391B3157,20210521,120.161645,23.073231,交通事故,其他,臺南市安南區段號公學路五段與公學路五段527巷路口,1,晴,50,交岔路,交叉路口,行車管制號誌,車與車,不明原因肇事
11005AC391B3167,20210508,120.195047,23.043267,交通事故,一般地址,臺南市安南區安中路1段725號,1,晴,50,單路部分,路段,無號誌,車與車,左轉彎未依規定
11005AC391B3186,20210528,120.216473,23.033615,交通事故,一般地址,臺南市安南區安和路1段288160號,1,晴,50,單路部分,路段,無號誌,車與車,未注意車前狀態
11005AC391B3188,20210505,120.181937,23.024141,交通事故,其他,臺南市安南區段號樂活路、樂活十八街路口,1,晴,50,交岔路,交叉路口,無號誌,車與車,未依規定讓車
11005AC391B3219,20210515,120.210992,23.026406,交通事故,交叉路口,臺南市安南區文安街段號文安街133,2,晴,30,交岔路,交叉路口,無號誌,車與車,未依規定讓車
11005AC391B3233,20210529,120.212812,23.039208,交通事故,一般地址,臺南市安南區培安路段285號,1,晴,30,交岔路,交叉路口,行車管制號誌,車與車,違反號誌管制或指揮
11005AC391B3257,20210519,120.20491,23.028491,交通事故,交叉路口,臺南市安南區北安路2段號郡安路4,1,晴,60,交岔路,交叉路口,行車管制號誌,汽(機)車本身,未注意車前狀態
11005AC391B3258,20210531,120.214788,23.027297,交通事故,交叉路口,臺南市安南區安和路1段號文安街,1,晴,50,單路部分,路段,無號誌,車與車,迴轉未依規定
11005AC391B3269,20210503,120.197004,23.06716,交通事故,一般地址,臺南市安南區長溪路3段347號,1,晴,50,單路部分,路段,無號誌,車與車,未注意車前狀態
11005AC391B3300,20210506,120.213538,23.029776,交通事故,其他,臺南市安南區段號安和路一段與安通路四段路口,3,晴,50,交岔路,交叉路口,行車管制號誌,車與車,未依規定讓車
11005AC391B3302,20210517,120.11929,23.058095,交通事故,其他,臺南市安南區段號城西街二段237號前,2,晴,50,單路部分,路段,無號誌,車與車,橫越道路不慎
11005AC391B3312,20210504,120.189554,23.060478,交通事故,一般地址,臺南市安南區台江大道3段22號,1,晴,70,交岔路,交叉路口,行車管制號誌,車與車,未依規定讓車
11005AC391B3313,20210504,120.18394,23.047107,交通事故,交叉路口,臺南市安南區海佃路段號安中路,1,晴,50,交岔路,交叉路口,行車管制號誌,車與車,違反號誌管制或指揮
11005AC391B3316,20210505,120.196146,23.021944,交通事故,一般地址,臺南市安南區府安路5段211號,1,晴,50,交岔路,交叉路口,無號誌,汽(機)車本身,未注意車前狀態
11005AC391B3325,20210505,120.15472,23.041414,交通事故,一般地址,臺南市安南區工業一路段18號,1,晴,50,單路部分,路段,無號誌,汽(機)車本身,未注意車前狀態
11005AC391B3326,20210516,120.210985,23.028091,交通事故,交叉路口,臺南市安南區郡安路4段號郡安路489,2,晴,50,交岔路,交叉路口,閃光號誌,車與車,未依規定讓車
11005AC391B3327,20210508,120.16608,23.031506,交通事故,一般地址,臺南市安南區安明路2段號,2,晴,70,單路部分,路段,無號誌,車與車,未依規定讓車
11005AC391B3330,20210511,120.191308,23.060195,交通事故,交叉路口,臺南市安南區台江大道段號安吉路,1,晴,70,交岔路,交叉路口,行車管制號誌,車與車,違反號誌管制或指揮
11005AC391B3335,20210511,120.189468,23.034437,交通事故,一般地址,臺南市安南區海佃路2段206號,2,晴,50,交岔路,交叉路口,行車管制號誌,車與車,未保持行車安全距離
11005AC391B3350,20210517,120.194629,23.043482,交通事故,一般地址,臺南市安南區安中路1段745號,2,晴,50,單路部分,路段,無號誌,車與車,其他引起事故之違規或不當行為
11005AC391B3363,20210512,120.193469,23.044262,交通事故,交叉路口,臺南市安南區安中路段號同安路,2,晴,50,交岔路,交叉路口,行車管制號誌,車與車,違反號誌管制或指揮
11005AC391B3364,20210513,120.202791,23.043021,交通事故,一般地址,臺南市安南區怡安路2段26號,2,晴,30,交岔路,交叉路口,閃光號誌,車與車,起步未注意其他車(人)安全
11005AC391B3372,20210514,120.216114,23.051101,交通事故,交叉路口,臺南市安南區總安街1段號總安街1110,1,晴,50,交岔路,交叉路口,無號誌,車與車,未保持行車安全距離
11005AC391B3377,20210514,120.194775,23.06858,交通事故,交叉路口,臺南市安南區公學路2段號公學路2220,1,晴,50,交岔路,交叉路口,無號誌,車與車,變換車道或方向不當
11005AC391B3384,20210516,120.196268,23.043949,交通事故,交叉路口,臺南市安南區怡安路2段495號怡安路25355,1,晴,50,單路部分,路段,無號誌,車與車,逆向行駛
11005AC391B3385,20210504,120.210459,23.044062,交通事故,一般地址,臺南市安南區頂安街段357號,2,晴,50,單路部分,路段,無號誌,人與汽(機)車,未注意車前狀態
11005AC391B3387,20210519,120.184094,23.046899,交通事故,交叉路口,臺南市安南區海佃路2段號海佃路2725,1,晴,30,交岔路,交叉路口,行車管制號誌,車與車,違反號誌管制或指揮
11005AC391B3388,20210516,120.214578,23.02817,交通事故,一般地址,臺南市安南區安和路1段114號,1,晴,50,交岔路,交叉路口,無號誌,車與車,未注意車前狀態
11005AC391B3389,20210529,120.238995,23.052134,交通事故,其他,臺南市安南區段號永安橋(北上內側車道),1,晴,50,單路部分,路段,行車管制號誌,車與車,未注意車前狀態
11005AC391B3390,20210517,120.183927,23.047123,交通事故,交叉路口,臺南市安南區海佃路段號安中路,2,晴,50,交岔路,交叉路口,行車管制號誌,車與車,未依規定讓車
11005AC391B3392,20210517,120.20321,23.042864,交通事故,交叉路口,臺南市安南區北安路段號怡安路,1,晴,50,交岔路,交叉路口,行車管制號誌,車與車,未注意車前狀態
11005AC391B3398,20210508,120.109995,23.075317,交通事故,交叉路口,臺南市安南區青砂街2段455號城西街2628,1,晴,30,交岔路,交叉路口,無號誌,車與車,未依規定讓車
11005AC391B3400,20210517,120.166173,23.045722,交通事故,一般地址,臺南市安南區本田路3段352號,1,晴,50,單路部分,路段,行車管制號誌,車與車,未注意車前狀態
11005AC391B3404,20210529,120.212649,23.031451,交通事故,一般地址,臺南市安南區安和路1段235號,2,雨,50,單路部分,路段,無號誌,車與車,未保持行車安全間隔
11005AC391B3414,20210517,120.190476,23.028762,交通事故,交叉路口,臺南市安南區海佃路段號郡安路,1,晴,50,交岔路,交叉路口,行車管制號誌,車與車,未注意車前狀態
11005AC391B3415,20210520,120.190982,23.027522,交通事故,一般地址,臺南市安南區海佃路1段356號,1,晴,50,單路部分,路段,無號誌,車與車,開啟車門不當而肇事
11005AC391B3431,20210526,120.191303,23.045509,交通事故,一般地址,臺南市安南區安中路1段863號,1,晴,50,交岔路,交叉路口,行車管制號誌,車與車,逆向行駛
11005AC391B3432,20210526,120.190543,23.028801,交通事故,交叉路口,臺南市安南區海佃路段號郡安路,1,晴,50,交岔路,交叉路口,行車管制號誌,汽(機)車本身,未注意車前狀態
11005AC391B3434,20210528,120.189986,23.023598,交通事故,交叉路口,臺南市安南區國安街段56號海佃路1179,2,晴,30,交岔路,交叉路口,無號誌,車與車,未依規定讓車
11005AC391B3436,20210517,120.202553,23.038705,交通事故,一般地址,臺南市安南區北安路2段640號,2,晴,60,單路部分,路段,無號誌,車與車,未注意車前狀態
11005AC391B3437,20210529,120.214191,23.06372,交通事故,交叉路口,臺南市安南區長和路段號北安路,1,陰,50,交岔路,交叉路口,行車管制號誌,車與車,未依規定讓車
11005AC391B3438,20210529,120.214745,23.067255,交通事故,交叉路口,臺南市安南區北安路4段號安和路5269,1,晴,60,交岔路,交叉路口,行車管制號誌,車與車,違反號誌管制或指揮
11005AC391B3440,20210529,120.18173,23.044812,交通事故,一般地址,臺南市安南區海中街段300號,1,晴,50,單路部分,路段,無號誌,車與車,未保持行車安全間隔
11005AC491A0002,20210504,120.159519,23.002544,交通事故,一般地址,臺南市安平區安北路段180號0,1,晴,50,單路部分,其他,無號誌,人與汽(機)車,搶越行人穿越道
11005AC491B0042,20210501,120.172694,22.998261,交通事故,其他,臺南市安平區段號安平路482號對面,1,晴,50,單路部分,其他,無號誌,車與車,其他引起事故之違規或不當行為
11005AC491B0045,20210501,120.159341,22.983364,交通事故,其他,臺南市安平區段號漁光橋東向車道,2,晴,50,單路部分,路段,無號誌,汽(機)車本身,不明原因肇事
11005AC491B0056,20210502,120.186126,22.993418,交通事故,一般地址,臺南市安平區府前三街段82號,1,晴,50,單路部分,其他,無號誌,車與車,酒醉(後)駕駛失控
11005AC491B0070,20210501,120.16361,22.997399,交通事故,交叉路口,臺南市安平區安億路段號慶平路,1,晴,50,單路部分,路段,無號誌,車與車,變換車道或方向不當
11005AC491B0125,20210503,120.16903,22.992017,交通事故,交叉路口,臺南市安平區建平八街段號健康三街,1,晴,50,交岔路,交叉路口,閃光號誌,車與車,未依規定讓車
11005AC491B0200,20210502,120.181309,22.999075,交通事故,其他,臺南市安平區段號民權路四段與湖美一街口,2,晴,50,交岔路,交叉路口,行車管制號誌(附設行人專用號誌),車與車,違反特定標誌(線)禁制
11005AC491B0283,20210504,120.179548,22.990735,交通事故,其他,臺南市安平區段號建平八街與永華五街口,1,晴,50,交岔路,交叉路口,無號誌,車與車,未依規定讓車
11005AC491B0287,20210503,120.170906,22.991778,交通事故,其他,臺南市安平區段號國平路與建平八街口附近(西側),2,陰,40,單路部分,路段,無號誌,車與車,橫越道路不慎
11005AC491B0351,20210501,120.169631,22.997262,交通事故,一般地址,臺南市安平區健康三街段598號,1,晴,50,交岔路,交叉路口,無號誌,車與車,未注意車前狀態
11005AC491B0364,20210501,120.17597,22.998165,交通事故,交叉路口,臺南市安平區安平路段號華平路,1,晴,50,交岔路,交叉路口,行車管制號誌,車與車,未依規定讓車
11005AC491B0366,20210501,120.154632,23.000595,交通事故,交叉路口,臺南市安平區安北路段號安北路38,1,晴,50,交岔路,交叉路口,閃光號誌,車與車,未注意車前狀態
11005AC491B0641,20210509,120.186246,22.994414,交通事故,一般地址,臺南市安平區中華西路2段415號,1,晴,50,單路部分,路段,無號誌,車與車,變換車道或方向不當
11005AC491B0694,20210509,120.172264,22.991607,交通事故,交叉路口,臺南市安平區永華八街段號建平八街,1,晴,50,交岔路,交叉路口,無號誌,車與車,未依規定讓車
11005AC491B0699,20210509,120.179798,22.985393,交通事故,其他,臺南市安平區段號健康一街與建平三街口附近,1,晴,50,單路部分,路段,無號誌,汽(機)車本身,未注意車前狀態
11005AC491B0730,20210510,120.174134,22.997987,交通事故,交叉路口,臺南市安平區安平路段號安平路426,4,晴,40,交岔路,交叉路口,行車管制號誌,車與車,左轉彎未依規定
11005AC491B0912,20210511,120.176657,22.991049,交通事故,交叉路口,臺南市安平區永華六街段號建平八街,1,晴,50,交岔路,交叉路口,閃光號誌,車與車,未依規定讓車
11005AC491B0917,20210509,120.181227,22.98828,交通事故,一般地址,臺南市安平區建平五街段223632號,1,晴,30,單路部分,其他,無號誌,車與車,其他引起事故之違規或不當行為
11005AC491B0931,20210512,120.167608,22.994076,交通事故,交叉路口,臺南市安平區育平路段號平通路,1,晴,50,交岔路,交叉路口,行車管制號誌,車與車,右轉彎未依規定
11005AC491B1021,20210508,120.166604,22.987697,交通事故,交叉路口,臺南市安平區育平路段號育平三街,1,晴,50,交岔路,交叉路口,無號誌,車與車,未依規定讓車
11005AC491B1025,20210513,120.159791,22.991464,交通事故,交叉路口,臺南市安平區永華路2段號光州路,1,晴,50,交岔路,交叉路口,行車管制號誌,車與車,其他引起事故之違規或不當行為
11005AC491B1027,20210512,120.179022,22.995408,交通事故,交叉路口,臺南市安平區文平路段號建平十二街,1,晴,50,交岔路,交叉路口,閃光號誌,車與車,未依規定讓車
11005AC491B1036,20210512,120.170138,22.989949,交通事故,交叉路口,臺南市安平區永華九街段號建平七街,1,晴,50,交岔路,交叉路口,無號誌,車與車,未依規定讓車
11005AC491B1106,20210512,120.172264,22.991607,交通事故,交叉路口,臺南市安平區永華八街段號建平八街,1,晴,50,交岔路,交叉路口,無號誌,車與車,未依規定讓車