案件編號,發生日期,GPS經度,GPS緯度,案件類別名稱,地址類型名稱,發生縣市名稱,受傷人數,天候名稱, 速限-第1當事者,道路型態大類別名稱,事故位置大類別名稱,號誌-號誌種類名稱,事故類型及型態大類別名稱,肇因研判子類別名稱-主要
11005AC491B1132,20210513,120.186469,22.986997,交通事故,交叉路口,臺南市安平區中華西路2段號永華路2,1,晴,50,交岔路,交叉路口,行車管制號誌,車與車,未注意車前狀態
11005AC491B1160,20210514,120.174441,22.994834,交通事故,交叉路口,臺南市安平區育平九街段號健康二街,1,晴,50,交岔路,交叉路口,閃光號誌,車與車,未依規定讓車
11005AC491B1245,20210515,120.168848,22.990635,交通事故,交叉路口,臺南市安平區健康三街段號育平五街,3,晴,50,單路部分,其他,無號誌,車與車,其他引起事故之違規或不當行為
11005AC491B1269,20210510,120.17919,22.997005,交通事故,交叉路口,臺南市安平區慶平路段號文平路,1,晴,50,交岔路,交叉路口,行車管制號誌,車與車,左轉彎未依規定
11005AC491B1278,20210515,120.185055,22.992235,交通事故,交叉路口,臺南市安平區永華路2段號建平路,2,晴,40,交岔路,交叉路口,行車管制號誌(附設行人專用號誌),車與車,酒醉(後)駕駛失控
11005AC491B1291,20210510,120.162971,22.987585,交通事故,其他,臺南市安平區段號健康四街與光州三街口,1,晴,40,交岔路,交叉路口,無號誌,車與車,迴轉未依規定
11005AC491B1429,20210516,120.166549,22.988867,交通事故,交叉路口,臺南市安平區育平路段號郡平路,2,晴,50,單路部分,路段,無號誌,車與車,未保持行車安全距離
11005AC491B1513,20210515,120.15404,23.000304,交通事故,其他,臺南市安平區段號安北路與安平路990巷口附近,1,晴,50,單路部分,路段,無號誌,車與車,右轉彎未依規定
11005AC491B1521,20210507,120.17597,22.998165,交通事故,交叉路口,臺南市安平區安平路段號華平路,1,晴,50,交岔路,交叉路口,行車管制號誌(附設行人專用號誌),車與車,未依規定讓車
11005AC491B1523,20210517,120.182242,22.99689,交通事故,交叉路口,臺南市安平區慶平路段號永華三街,2,晴,50,交岔路,交叉路口,行車管制號誌,車與車,逆向行駛
11005AC491B1554,20210518,120.168544,22.987328,交通事故,其他,臺南市安平區段號健康三街140號前,1,晴,50,單路部分,路段,無號誌,車與車,未保持行車安全距離
11005AC491B1579,20210514,120.186545,22.997939,交通事故,交叉路口,臺南市安平區中華西路2段號安平路,2,晴,50,交岔路,交叉路口,行車管制號誌(附設行人專用號誌),車與車,未保持行車安全距離
11005AC491B1588,20210518,120.18122,22.982538,交通事故,交叉路口,臺南市安平區健康路3段號建平路,1,晴,50,交岔路,交叉路口,行車管制號誌,車與車,其他引起事故之違規或不當行為
11005AC491B1613,20210512,120.16662,22.997624,交通事故,一般地址,臺南市安平區慶平路段713號,1,晴,40,單路部分,路段,無號誌,汽(機)車本身,未注意車前狀態
11005AC491B1689,20210514,120.181145,22.998566,交通事故,一般地址,臺南市安平區安平路段192號,1,晴,50,單路部分,路段,無號誌,車與車,未注意車前狀態
11005AC491B1693,20210508,120.183948,22.995704,交通事故,交叉路口,臺南市安平區建平路段號建平十四街,1,晴,50,交岔路,交叉路口,無號誌,車與車,未注意車前狀態
11005AC491B1695,20210517,120.176901,22.983566,交通事故,交叉路口,臺南市安平區健康路3段號育平路,1,晴,50,交岔路,交叉路口,行車管制號誌,車與車,未依規定讓車
11005AC491B1698,20210517,120.167521,22.992432,交通事故,交叉路口,臺南市安平區育平路段號育平六街,1,晴,50,交岔路,交叉路口,無號誌,車與車,未依規定讓車
11005AC491B1707,20210514,120.176901,22.983566,交通事故,其他,臺南市安平區段號健康路三段與國平西路口,1,晴,50,交岔路,交叉路口,行車管制號誌,汽(機)車本身,超速失控
11005AC491B1708,20210516,120.171511,22.994088,交通事故,其他,臺南市安平區段號國平路與怡平路口,2,晴,50,交岔路,交叉路口,無號誌,車與車,未依規定讓車
11005AC491B1818,20210514,120.174716,22.996979,交通事故,交叉路口,臺南市安平區慶平路段號健康二街,1,晴,50,交岔路,交叉路口,行車管制號誌,車與車,左轉彎未依規定
11005AC491B1833,20210516,120.153836,22.985023,交通事故,其他,臺南市安平區段號漁光路與無名巷口,1,晴,50,交岔路,交叉路口,無號誌,車與車,其他引起事故之違規或不當行為
11005AC491B1847,20210520,120.174663,22.988249,交通事故,交叉路口,臺南市安平區華平路段號郡平路,2,晴,50,交岔路,交叉路口,行車管制號誌,車與車,未保持行車安全距離
11005AC491B1854,20210515,120.1869,22.990968,交通事故,交叉路口,臺南市安平區中華西路段號南島路,1,晴,50,交岔路,交叉路口,行車管制號誌,車與車,未注意車前狀態
11005AC491B1861,20210519,120.185055,22.992235,交通事故,交叉路口,臺南市安平區永華路2段號華平路,1,晴,40,交岔路,交叉路口,行車管制號誌,車與車,未注意車前狀態
11005AC491B1865,20210520,120.148273,22.997782,交通事故,交叉路口,臺南市安平區安北路段號世平路,1,晴,50,交岔路,交叉路口,行車管制號誌,車與車,其他引起事故之違規或不當行為
11005AC491B1898,20210505,120.164652,22.993157,交通事故,交叉路口,臺南市安平區育平七街段60號育平八街,1,晴,50,交岔路,交叉路口,閃光號誌,車與車,未依規定讓車
11005AC491B1900,20210521,120.174196,22.983594,交通事故,交叉路口,臺南市安平區健康路3段號華平路,1,晴,50,交岔路,交叉路口,無號誌,汽(機)車本身,其他引起事故之違規或不當行為
11005AC491B1956,20210522,120.183921,22.998154,交通事故,其他,臺南市安平區段號安平路108號前,1,晴,50,單路部分,路段,無號誌,車與車,迴轉未依規定
11005AC491B1961,20210507,120.168572,22.989039,交通事故,交叉路口,臺南市安平區郡平路段號健康三街,1,晴,50,交岔路,交叉路口,行車管制號誌,車與車,左轉彎未依規定
11005AC491B2106,20210519,120.180817,22.987362,交通事故,一般地址,臺南市安平區建平五街段45號,1,晴,50,單路部分,路段,無號誌,車與車,起步未注意其他車(人)安全
11005AC491B2147,20210519,120.186489,22.996535,交通事故,交叉路口,臺南市安平區中華西路2段1號中華西路213,1,晴,30,交岔路,交叉路口,無號誌,車與車,未注意車前狀態
11005AC491B2234,20210504,120.161206,22.993668,交通事故,一般地址,臺南市安平區永華十一街段1593號,3,晴,50,單路部分,路段,無號誌,車與車,起步未注意其他車(人)安全
11005AC491B2298,20210512,120.172007,22.989717,交通事故,交叉路口,臺南市安平區建平七街段號永華八街,1,晴,50,交岔路,交叉路口,閃光號誌,車與車,未依規定讓車
11005AC491B2335,20210521,120.171951,22.98499,交通事故,交叉路口,臺南市安平區健康路3段號健康二街,1,晴,50,交岔路,交叉路口,行車管制號誌,車與車,右轉彎未依規定
11005AC491B2413,20210520,120.181349,22.982628,交通事故,其他,臺南市安平區段號健康路三段與建平路口(南側),3,晴,50,交岔路,交叉路口,行車管制號誌(附設行人專用號誌),車與車,違反號誌管制或指揮
11005AC491B2444,20210527,120.170138,22.989949,交通事故,交叉路口,臺南市安平區建平七街段號永華九街,2,晴,50,交岔路,交叉路口,無號誌,車與車,未依規定讓車
11005AC491B2475,20210516,120.182924,22.992735,交通事故,一般地址,臺南市安平區怡平路段1號,1,晴,50,單路部分,路段,無號誌,車與車,倒車未依規定
11005AC491B2480,20210521,120.170511,22.995278,交通事故,交叉路口,臺南市安平區育平九街段號平通路580,1,晴,50,交岔路,交叉路口,閃光號誌,車與車,未依規定讓車
11005AC491B2491,20210507,120.164163,22.99899,交通事故,交叉路口,臺南市安平區運河路段號安平路7518,1,晴,50,交岔路,交叉路口,無號誌,車與車,右轉彎未依規定
11005AC491B2507,20210520,120.183512,22.99825,交通事故,其他,臺南市安平區段號安平路124號旁巷道口,1,晴,50,交岔路,交叉路口,行車管制號誌,車與車,違反號誌管制或指揮
11005AC491B2658,20210530,120.162929,22.988033,交通事故,交叉路口,臺南市安平區健康四街段號光州四街,1,晴,50,交岔路,交叉路口,閃光號誌,車與車,未依規定讓車
11005AC491B2749,20210531,120.165596,23.001733,交通事故,一般地址,臺南市安平區安北路段92號,2,雨,50,單路部分,其他,無號誌,車與車,其他引起事故之違規或不當行為
11005AC491B2774,20210525,120.164523,22.985666,交通事故,交叉路口,臺南市安平區府平路段號育平一街14,1,晴,40,交岔路,交叉路口,無號誌,車與車,其他引起事故之違規或不當行為
11005AC491B2875,20210510,120.186545,22.997939,交通事故,交叉路口,臺南市安平區中華西路段號安平路,1,晴,50,交岔路,交叉路口,行車管制號誌,車與車,未依規定讓車
11005AC491B2885,20210526,120.175939,22.99814,交通事故,其他,臺南市安平區段號安平路與華平路口,1,晴,50,交岔路,交叉路口,行車管制號誌(附設行人專用號誌),車與車,右轉彎未依規定
11005AC491B2950,20210522,120.167392,22.991623,交通事故,交叉路口,臺南市安平區育平路段號永華路2,2,晴,50,交岔路,交叉路口,行車管制號誌,車與車,違反號誌管制或指揮
11005AC491B2963,20210520,120.176657,22.991049,交通事故,交叉路口,臺南市安平區建平八街段號永華六街,1,晴,50,交岔路,交叉路口,閃光號誌,車與車,未依規定讓車
11005AC491B2966,20210517,120.175438,22.994552,交通事故,一般地址,臺南市安平區華平路段545號0,1,晴,50,單路部分,路段,無號誌,車與車,變換車道或方向不當
11005AC491B2967,20210530,120.170849,22.988778,交通事故,交叉路口,臺南市安平區國平路段號郡平路,1,雨,50,交岔路,交叉路口,行車管制號誌,車與車,未依規定讓車
11005AC491B2970,20210529,120.17597,22.998165,交通事故,交叉路口,臺南市安平區安平路段號華平路,1,雨,50,交岔路,交叉路口,行車管制號誌,車與車,不明原因肇事
11005AC491B2973,20210523,120.153834,23.000247,交通事故,一般地址,臺南市安平區安北路段370號,1,晴,50,交岔路,交叉路口,行車管制號誌,車與車,左轉彎未依規定
11005AC491B2974,20210522,120.181403,22.990443,交通事故,交叉路口,臺南市安平區永華三街段號建平八街,1,晴,50,交岔路,交叉路口,閃光號誌,車與車,未依規定讓車
11005AC491B2975,20210519,120.183523,22.998214,交通事故,一般地址,臺南市安平區安平路段120號,2,晴,50,交岔路,交叉路口,行車管制號誌,車與車,未注意車前狀態
11005AC491B2976,20210519,120.176925,22.992792,交通事故,交叉路口,臺南市安平區平通路段號永華六街,1,晴,50,交岔路,交叉路口,行車管制號誌,車與車,違反號誌管制或指揮
11005AC491B2977,20210518,120.179318,22.997471,交通事故,交叉路口,臺南市安平區文平路段號建平十七街,2,晴,50,交岔路,交叉路口,無號誌,車與車,左轉彎未依規定
11005AC491B2978,20210517,120.179867,22.982741,交通事故,交叉路口,臺南市安平區健康路3段號健康一街,1,晴,50,交岔路,交叉路口,行車管制號誌,車與車,未注意車前狀態
11005AC491B2979,20210516,120.15921,22.996492,交通事故,交叉路口,臺南市安平區運河路段號湖內二街,1,晴,50,單路部分,路段,無號誌,車與車,不明原因肇事
11005AC491B2980,20210516,120.16507,22.99174,交通事故,交叉路口,臺南市安平區永華路2段號永華十一街,1,晴,50,交岔路,交叉路口,行車管制號誌,車與車,不明原因肇事
11005AC491B2981,20210512,120.168995,22.991193,交通事故,交叉路口,臺南市安平區健康三街段號永華路,1,晴,50,單路部分,路段,無號誌,車與車,起步未注意其他車(人)安全
11005AC491B2982,20210510,120.182142,22.991314,交通事故,一般地址,臺南市安平區建平九街段225號,1,晴,50,單路部分,路段,無號誌,車與車,倒車未依規定
11005AC491B2983,20210507,120.184032,22.989337,交通事故,一般地址,臺南市安平區永華路2段133號,1,晴,50,單路部分,路段,無號誌,車與車,倒車未依規定
11005AC491B2984,20210507,120.180982,22.989876,交通事故,一般地址,臺南市安平區永華路2段216號,2,晴,50,單路部分,其他,無號誌,車與車,逆向行駛
11005AC491B2986,20210503,120.167984,22.985769,交通事故,交叉路口,臺南市安平區育平二街段號健康三街17,1,雨,50,交岔路,交叉路口,無號誌,車與車,未依規定讓車
11005AC491B2990,20210517,120.182373,22.989463,交通事故,交叉路口,臺南市安平區永華路2段號建平路,1,晴,50,交岔路,交叉路口,行車管制號誌,車與車,右轉彎未依規定
11005AC491B3035,20210526,120.171203,22.991719,交通事故,交叉路口,臺南市安平區國平路段號建平八街,1,晴,40,交岔路,交叉路口,無號誌,車與車,未依規定讓車
11005AC491B3037,20210526,120.181469,22.983844,交通事故,交叉路口,臺南市安平區建平路段號建平一街,1,晴,50,單路部分,路段,無號誌,車與車,變換車道或方向不當
11005AC491B3111,20210520,120.164568,22.987155,交通事故,交叉路口,臺南市安平區平豐路段391號永華十一街,3,晴,50,交岔路,交叉路口,無號誌,車與車,未依規定讓車
11005AC491B3169,20210520,120.171172,22.99115,交通事故,交叉路口,臺南市安平區永華路2段號國平路,1,晴,50,交岔路,交叉路口,行車管制號誌,車與車,未依規定讓車
11005AC491B3216,20210527,120.168583,22.989038,交通事故,其他,臺南市安平區段號郡平路與健康三街口,1,晴,50,交岔路,交叉路口,行車管制號誌(附設行人專用號誌),人與汽(機)車,左轉彎未依規定
11005AC491B3217,20210528,120.174465,22.998034,交通事故,其他,臺南市安平區段號安平路416號前,1,晴,50,單路部分,路段,無號誌,車與車,迴轉未依規定
11005AC491B3218,20210507,120.171127,22.991127,交通事故,交叉路口,臺南市安平區永華路段號國平路,1,晴,50,交岔路,交叉路口,行車管制號誌(附設行人專用號誌),車與車,違反號誌管制或指揮
11005AC491B3274,20210524,120.163997,22.999684,交通事故,交叉路口,臺南市安平區平生路段號安平路,1,晴,50,交岔路,交叉路口,行車管制號誌,車與車,違反號誌管制或指揮
11005AC491B3320,20210515,120.174217,22.990993,交通事故,其他,臺南市安平區段號永華路二段520號前,1,晴,40,單路部分,路段,無號誌,汽(機)車本身,尚未發現肇事因素
11005AC491B3321,20210507,120.186545,22.997939,交通事故,交叉路口,臺南市安平區中華西路段號安平路,2,晴,60,交岔路,交叉路口,行車管制號誌(附設行人專用號誌),車與車,右轉彎未依規定
11005AC491B3324,20210508,120.170849,22.988778,交通事故,交叉路口,臺南市安平區國平路段號郡平路,3,晴,50,交岔路,交叉路口,行車管制號誌(附設行人專用號誌),車與車,左轉彎未依規定
11005AC491B3347,20210513,120.177448,22.997362,交通事故,交叉路口,臺南市安平區永華六街段號建平十七街,2,晴,30,交岔路,交叉路口,無號誌,車與車,左轉彎未依規定
11005AC491B3348,20210513,120.164828,23.002158,交通事故,交叉路口,臺南市安平區安北路段號平生路,1,晴,50,交岔路,交叉路口,行車管制號誌,車與車,左轉彎未依規定
11005AC491B3359,20210530,120.17336,22.994963,交通事故,交叉路口,臺南市安平區育平九街段號怡平路468,1,雨,30,交岔路,交叉路口,無號誌,車與車,未依規定讓車
11005AC491B3367,20210530,120.166471,23.00068,交通事故,一般地址,臺南市安平區安北路段47號,1,陰,50,交岔路,交叉路口,行車管制號誌,車與車,未注意車前狀態
11005AC491B3373,20210521,120.158074,23.002109,交通事故,交叉路口,臺南市安平區安北路段號王城路,1,晴,50,交岔路,交叉路口,行車管制號誌,車與車,違反號誌管制或指揮
11005AC491B3405,20210513,120.175471,22.992897,交通事故,一般地址,臺南市安平區華平路段480號0,2,晴,50,單路部分,路段,無號誌,車與車,變換車道或方向不當
11005AC491B3407,20210513,120.180069,22.988749,交通事故,交叉路口,臺南市安平區建平七街段號永華四街,1,晴,50,交岔路,交叉路口,閃光號誌,車與車,未依規定讓車
11005AC491B3408,20210515,120.185326,22.997237,交通事故,交叉路口,臺南市安平區建平十七街段號府前四街,1,晴,50,交岔路,交叉路口,無號誌,車與車,未注意車前狀態
11005AC491B3409,20210525,120.176604,22.990512,交通事故,交叉路口,臺南市安平區永華路段號永華六街,1,晴,50,交岔路,交叉路口,行車管制號誌,車與車,右轉彎未依規定
11005AC491B3446,20210526,120.168813,22.99064,交通事故,交叉路口,臺南市安平區健康三街段號育平五街,1,晴,50,交岔路,交叉路口,無號誌,車與車,逆向行駛
11005AC591A0018,20210525,120.205117,22.99894,交通事故,交叉路口,臺南市北區忠義路三段段18號佑民街34,1,晴,50,交岔路,交叉路口,閃光號誌,車與車,未依規定讓車
11005AC591B0022,20210501,120.22056,23.003821,交通事故,一般地址,臺南市北區東豐路段22712號,1,晴,30,單路部分,路段,無號誌,車與車,未注意車前狀態
11005AC591B0060,20210501,120.213309,23.009812,交通事故,一般地址,臺南市北區和緯路一段段163號,1,晴,50,交岔路,路段,無號誌,車與車,未注意車前狀態
11005AC591B0077,20210501,120.216092,23.003684,交通事故,交叉路口,臺南市北區東豐路段號東豐路85,1,晴,40,交岔路,交叉路口,無號誌,車與車,左轉彎未依規定
11005AC591B0086,20210501,120.205752,23.022102,交通事故,其他,臺南市北區段號北安橋上,2,晴,40,單路部分,路段,無號誌,人與汽(機)車,未注意車前狀態
11005AC591B0092,20210502,120.216442,23.016226,交通事故,交叉路口,臺南市北區公園路段994號大武街,1,晴,30,交岔路,交叉路口,無號誌,車與車,未依規定讓車
11005AC591B0105,20210502,120.218779,23.00439,交通事故,一般地址,臺南市北區勝利路段403號,1,晴,0,交岔路,交叉路口,無號誌,汽(機)車本身,未注意車前狀態
11005AC591B0106,20210501,120.20578,23.006292,交通事故,其他,臺南市北區段號西門路四段65巷小北旁,2,晴,50,單路部分,路段,無號誌,人與汽(機)車,穿越道路未注意左右來車
11005AC591B0107,20210502,120.1965,23.002682,交通事故,交叉路口,臺南市北區臨安路二段段號金華路五段,1,晴,50,交岔路,交叉路口,行車管制號誌(附設行人專用號誌),汽(機)車本身,其他引起事故之違規或不當行為
11005AC591B0117,20210503,120.217825,23.016584,交通事故,交叉路口,臺南市北區大武街段號公園路994,2,晴,30,交岔路,交叉路口,無號誌,車與車,未依規定讓車
11005AC591B0119,20210503,120.193788,23.008636,交通事故,交叉路口,臺南市北區文賢路段號文賢路596,2,晴,50,交岔路,路段,無號誌,車與車,未保持行車安全距離
11005AC591B0132,20210503,120.184918,23.011048,交通事故,一般地址,臺南市北區中華北路一段段號,2,晴,40,單路部分,路段,無號誌,車與車,未保持行車安全間隔
11005AC591B0168,20210503,120.207425,23.013734,交通事故,一般地址,臺南市北區文成一路段65號,1,晴,0,單路部分,路段,無號誌,車與車,倒車未依規定
11005AC591B0169,20210503,120.193758,23.013927,交通事故,一般地址,臺南市北區文賢路段685號,1,晴,50,單路部分,路段,無號誌,車與車,未保持行車安全距離
11005AC591B0170,20210503,120.225883,23.011003,交通事故,一般地址,臺南市北區開元路段436號,1,晴,50,交岔路,交叉路口,行車管制號誌,車與車,未保持行車安全距離
11005AC591B0179,20210503,120.22295,23.012366,交通事故,交叉路口,臺南市北區北園街段號北園街99,2,晴,50,交岔路,交叉路口,無號誌,車與車,未依規定讓車
11005AC591B0184,20210503,120.183054,23.005465,交通事故,交叉路口,臺南市北區和緯路五段段號和緯路五段138,1,雨,40,交岔路,交叉路口,無號誌,車與車,左轉彎未依規定
11005AC591B0189,20210503,120.178229,23.007301,交通事故,交叉路口,臺南市北區大興街段號大興街652,2,晴,30,交岔路,交叉路口,無號誌,車與車,未保持行車安全距離
11005AC591B0202,20210503,120.193738,23.014625,交通事故,交叉路口,臺南市北區文賢路段號大港街,1,晴,50,交岔路,交叉路口,行車管制號誌,車與車,未依規定讓車
11005AC591B0205,20210504,120.212773,23.016837,交通事故,交叉路口,臺南市北區正覺街段號正覺街66,2,晴,30,交岔路,交叉路口,無號誌,車與車,尚未發現肇事因素
11005AC591B0228,20210504,120.203601,23.002971,交通事故,一般地址,臺南市北區西門路三段段117號,1,晴,50,交岔路,交叉路口,無號誌,車與車,開啟車門不當而肇事
11005AC591B0241,20210504,120.193011,23.00665,交通事故,交叉路口,臺南市北區文賢路段31312號文賢路313,1,晴,30,交岔路,交叉路口,無號誌,車與車,未依規定讓車
11005AC591B0245,20210504,120.220865,23.007686,交通事故,交叉路口,臺南市北區開元路段號長榮路四段,1,晴,50,交岔路,交叉路口,行車管制號誌,車與車,迴轉未依規定
11005AC591B0262,20210505,120.212768,23.018916,交通事故,交叉路口,臺南市北區西門路四段段號正覺街,2,晴,40,交岔路,交叉路口,行車管制號誌,車與車,違反號誌管制或指揮
11005AC591B0268,20210505,120.186869,23.013874,交通事故,一般地址,臺南市北區中華北路一段段362號,1,晴,60,交岔路,交叉路口,行車管制號誌(附設行人專用號誌),車與車,未依規定讓車
11005AC591B0269,20210505,120.216967,23.012774,交通事故,交叉路口,臺南市北區北門路二段段號長榮路五段,1,晴,50,交岔路,交叉路口,行車管制號誌,車與車,起步未注意其他車(人)安全
11005AC591B0278,20210501,120.208786,23.000878,交通事故,交叉路口,臺南市北區公園路段號公園南路,1,晴,50,單路部分,路段,行車管制號誌,汽(機)車本身,未注意車前狀態
11005AC591B0304,20210505,120.220928,23.007678,交通事故,交叉路口,臺南市北區開元路段號長榮路,2,晴,50,交岔路,交叉路口,行車管制號誌,車與車,其他引起事故之違規或不當行為
11005AC591B0309,20210505,120.199744,23.018535,交通事故,交叉路口,臺南市北區海安路3段號北成路,1,晴,50,交岔路,交叉路口,行車管制號誌(附設行人專用號誌),汽(機)車本身,其他引起事故之違規或不當行為
11005AC591B0310,20210505,120.215751,23.018145,交通事故,交叉路口,臺南市北區公園路段1062號公園路,1,晴,30,交岔路,交叉路口,無號誌,車與車,未依規定讓車
11005AC591B0312,20210505,120.193751,23.01433,交通事故,一般地址,臺南市北區文賢路段697-2號,3,晴,50,單路部分,路段,無號誌,車與車,未保持行車安全距離
11005AC591B0331,20210504,120.232356,23.000867,交通事故,交叉路口,臺南市北區勝利街段號小東路30796,1,晴,30,交岔路,交叉路口,無號誌,車與車,左轉彎未依規定
11005AC591B0332,20210502,120.214268,23.003867,交通事故,一般地址,臺南市北區東豐路段號,1,晴,50,單路部分,其他,無號誌,汽(機)車本身,未注意車前狀態
11005AC591B0353,20210503,120.200657,23.012608,交通事故,交叉路口,臺南市北區海安路三段段號文成路,1,晴,40,交岔路,交叉路口,行車管制號誌,車與車,其他引起事故之違規或不當行為
11005AC591B0369,20210501,120.2124,22.998448,交通事故,一般地址,臺南市北區北門路二段段43號,1,晴,50,單路部分,路段,行車管制號誌,車與車,未保持行車安全間隔
11005AC591B0371,20210504,120.222932,23.008841,交通事故,交叉路口,臺南市北區開元路段號林森路三段,1,晴,50,交岔路,交叉路口,行車管制號誌,車與車,未依規定讓車
11005AC591B0386,20210506,120.196383,23.019102,交通事故,一般地址,臺南市北區中華北路二段段65號,2,晴,40,單路部分,路段,無號誌,車與車,未注意車前狀態
11005AC591B0416,20210506,120.22192,23.008312,交通事故,交叉路口,臺南市北區開元路段號開南街,2,晴,50,單路部分,路段,行車管制號誌,車與車,變換車道或方向不當
11005AC591B0418,20210506,120.193186,23.014787,交通事故,一般地址,臺南市北區文賢路段73513號,2,晴,30,交岔路,交叉路口,無號誌,車與車,未依規定讓車
11005AC591B0421,20210506,120.209446,23.0172,交通事故,交叉路口,臺南市北區北安路1段號育賢街,1,晴,50,交岔路,交叉路口,行車管制號誌(附設行人專用號誌),車與車,未依規定讓車
11005AC591B0426,20210507,120.230752,22.999021,交通事故,交叉路口,臺南市北區小東路段號東和路,1,晴,40,單路部分,路段,無號誌,汽(機)車本身,未注意車前狀態
11005AC591B0500,20210507,120.203217,23.005032,交通事故,交叉路口,臺南市北區臨安路2段號民德路,2,晴,50,交岔路,交叉路口,行車管制號誌(附設行人專用號誌),車與車,未注意車前狀態
11005AC591B0502,20210505,120.213093,23.014721,交通事故,交叉路口,臺南市北區公園路段號北安路一段,1,晴,50,交岔路,交叉路口,行車管制號誌(附設行人專用號誌),車與車,未注意車前狀態
11005AC591B0503,20210506,120.213563,23.003954,交通事故,交叉路口,臺南市北區北門路二段段號公園北路,1,晴,50,交岔路,交叉路口,行車管制號誌(附設行人專用號誌),車與車,未保持行車安全間隔
11005AC591B0509,20210507,120.196616,23.015785,交通事故,一般地址,臺南市北區文成三路段918號,1,晴,50,單路部分,路段,無號誌,車與車,未注意車前狀態
11005AC591B0510,20210507,120.220865,23.007686,交通事故,交叉路口,臺南市北區開元路段號長榮路五段,1,晴,50,交岔路,交叉路口,行車管制號誌(附設行人專用號誌),車與車,違反號誌管制或指揮
11005AC591B0527,20210505,120.210836,23.000409,交通事故,交叉路口,臺南市北區公園南路段號西華街,1,晴,50,交岔路,交叉路口,行車管制號誌,車與車,未依規定讓車
11005AC591B0536,20210508,120.203022,23.002177,交通事故,一般地址,臺南市北區西門路三段段67號,1,晴,50,單路部分,路段,無號誌,汽(機)車本身,未注意車前狀態
11005AC591B0550,20210508,120.196983,23.01419,交通事故,一般地址,臺南市北區文賢二街段4311號,2,晴,50,交岔路,交叉路口,閃光號誌,車與車,違規超車
11005AC591B0560,20210508,120.210152,22.997557,交通事故,交叉路口,臺南市北區成功路段號西華街,1,晴,50,交岔路,交叉路口,行車管制號誌,車與車,迴轉未依規定
11005AC591B0583,20210508,120.206512,23.012754,交通事故,交叉路口,臺南市北區文成路段號育德路,1,晴,50,交岔路,交叉路口,行車管制號誌,車與車,未保持行車安全距離
11005AC591B0584,20210508,120.210111,23.015408,交通事故,交叉路口,臺南市北區西門路三段段號文成三路,1,晴,50,交岔路,交叉路口,行車管制號誌,車與車,未依規定讓車
11005AC591B0603,20210508,120.206588,23.013891,交通事故,交叉路口,臺南市北區育德路段號文成一路,1,晴,50,交岔路,交叉路口,行車管制號誌,車與車,其他引起事故之違規或不當行為
11005AC591B0616,20210509,120.213563,23.003954,交通事故,交叉路口,臺南市北區北門路二段段號公園北路,1,晴,50,交岔路,交叉路口,行車管制號誌(附設行人專用號誌),車與車,未保持行車安全間隔
11005AC591B0625,20210504,120.203532,23.007319,交通事故,交叉路口,臺南市北區西門路四段段1號民德路5830,1,晴,50,交岔路,交叉路口,無號誌,汽(機)車本身,未保持行車安全距離
11005AC591B0633,20210509,120.193122,23.01808,交通事故,交叉路口,臺南市北區中華北路段號文賢路,1,晴,60,交岔路,交叉路口,行車管制號誌,車與車,未依規定讓車
11005AC591B0683,20210509,120.21882,23.004332,交通事故,交叉路口,臺南市北區勝利路段號勝利路401,3,晴,50,交岔路,交叉路口,無號誌,車與車,未注意車前狀態
11005AC591B0687,20210509,120.202918,23.00765,交通事故,交叉路口,臺南市北區民德路段58號民德路5834,1,晴,30,交岔路,交叉路口,無號誌,車與車,未依規定讓車
11005AC591B0701,20210509,120.215491,23.008512,交通事故,交叉路口,臺南市北區北門路二段段號精忠街,1,晴,30,交岔路,交叉路口,無號誌,車與車,未注意車前狀態
11005AC591B0710,20210508,120.217367,23.014418,交通事故,交叉路口,臺南市北區北門路二段段號實踐街,1,晴,50,交岔路,交叉路口,行車管制號誌,汽(機)車本身,未注意車前狀態
11005AC591B0724,20210510,120.202443,23.004735,交通事故,交叉路口,臺南市北區臨安路二段段號民德路,2,晴,50,交岔路,路段,無號誌,車與車,其他引起事故之違規或不當行為
11005AC591B0734,20210510,120.211336,22.997582,交通事故,一般地址,臺南市北區成功路段2號,1,晴,40,圓環廣場,路段,無號誌,車與車,未注意車前狀態
11005AC591B0737,20210510,120.220322,23.007447,交通事故,一般地址,臺南市北區開元路段233號,1,晴,50,單路部分,路段,無號誌,車與車,逆向行駛
11005AC591B0758,20210509,120.211677,23.015671,交通事故,一般地址,臺南市北區北安路一段段48號,1,晴,50,交岔路,交叉路口,無號誌,車與車,起步未注意其他車(人)安全
11005AC591B0769,20210510,120.208642,23.017453,交通事故,一般地址,臺南市北區北安路一段段163號,1,晴,40,單路部分,路段,無號誌,人與汽(機)車,起步未注意其他車(人)安全
11005AC591B0777,20210510,120.198845,23.000555,交通事故,交叉路口,臺南市北區成功路段號海安路三段,1,晴,50,交岔路,交叉路口,行車管制號誌(附設行人專用號誌),車與車,右轉彎未依規定
11005AC591B0804,20210502,120.209654,23.002558,交通事故,一般地址,臺南市北區公園路段號,1,晴,50,交岔路,交叉路口,無號誌,車與車,左轉彎未依規定