案件編號,發生日期,GPS經度,GPS緯度,案件類別名稱,地址類型名稱,發生縣市名稱,受傷人數,天候名稱, 速限-第1當事者,道路型態大類別名稱,事故位置大類別名稱,號誌-號誌種類名稱,事故類型及型態大類別名稱,肇因研判子類別名稱-主要
11005AC591B0806,20210507,120.212865,23.014869,交通事故,交叉路口,臺南市北區北安路一段段號正覺街,1,晴,40,交岔路,路段,行車管制號誌,車與車,未注意車前狀態
11005AC591B0807,20210507,120.218549,23.000891,交通事故,交叉路口,臺南市北區勝利路段號小東路,2,晴,50,交岔路,交叉路口,行車管制號誌(附設行人專用號誌),車與車,未注意車前狀態
11005AC591B0808,20210511,120.231817,22.998773,交通事故,交叉路口,臺南市北區小東路段號東光路,1,晴,50,交岔路,交叉路口,行車管制號誌,車與車,違反號誌管制或指揮
11005AC591B0809,20210509,120.222483,23.004221,交通事故,交叉路口,臺南市北區長榮路四段段號東豐路2274,2,晴,50,交岔路,交叉路口,行車管制號誌(附設行人專用號誌),車與車,起步未注意其他車(人)安全
11005AC591B0852,20210511,120.202801,23.00169,交通事故,交叉路口,臺南市北區西門路三段段號北華街,1,晴,30,交岔路,交叉路口,行車管制號誌,車與車,未注意車前狀態
11005AC591B0855,20210511,120.210329,23.016592,交通事故,交叉路口,臺南市北區北安路一段段號北安路一段94,1,晴,40,交岔路,交叉路口,無號誌,汽(機)車本身,未注意車前狀態
11005AC591B0878,20210511,120.221692,23.01853,交通事故,一般地址,臺南市北區大武街段59736號0,2,晴,30,交岔路,交叉路口,行車管制號誌,車與車,未保持行車安全距離
11005AC591B0881,20210511,120.215872,23.018623,交通事故,交叉路口,臺南市北區公園路段1074號公園路,1,晴,50,交岔路,交叉路口,行車管制號誌,車與車,未依規定讓車
11005AC591B0883,20210511,120.220565,23.000884,交通事故,一般地址,臺南市北區小東路段號0,2,晴,40,單路部分,路段,無號誌,車與車,未保持行車安全距離
11005AC591B0898,20210511,120.209029,23.022236,交通事故,交叉路口,臺南市北區中華北路二段段號西門路四段533,2,晴,50,交岔路,交叉路口,行車管制號誌,車與車,違反號誌管制或指揮
11005AC591B0920,20210512,120.223077,23.011486,交通事故,一般地址,臺南市北區北園街段15401號,1,晴,50,交岔路,交叉路口,無號誌,車與車,違規超車
11005AC591B0947,20210512,120.208719,23.011397,交通事故,交叉路口,臺南市北區西門路四段段號和緯路二段,1,晴,50,交岔路,交叉路口,行車管制號誌(附設行人專用號誌),車與車,違反號誌管制或指揮
11005AC591B0963,20210512,120.211613,23.004172,交通事故,交叉路口,臺南市北區公園北路段78號公園北路,1,晴,30,交岔路,交叉路口,無號誌,車與車,未注意車前狀態
11005AC591B0971,20210511,120.200932,23.003432,交通事故,一般地址,臺南市北區公園南路段406號,2,晴,40,單路部分,路段,無號誌,車與車,未保持行車安全距離
11005AC591B0973,20210507,120.197963,23.017782,交通事故,交叉路口,臺南市北區北成路段481號北成路48117,3,晴,30,交岔路,交叉路口,無號誌,車與車,未注意車前狀態
11005AC591B0976,20210505,120.21128,22.997367,交通事故,其他,臺南市北區成功路段號火車站前外側圓環(近成功路),1,晴,40,圓環廣場,路段,行車管制號誌,車與車,其他引起事故之違規或不當行為
11005AC591B0981,20210513,120.2091,23.011954,交通事故,一般地址,臺南市北區西門路四段段262號,2,晴,50,單路部分,路段,無號誌,人與汽(機)車,未依規定行走行人穿越道、地下道、天橋而穿越道路
11005AC591B0982,20210507,120.223026,23.008949,交通事故,交叉路口,臺南市北區開元路段號林森路三段,2,晴,50,交岔路,交叉路口,行車管制號誌,車與車,未保持行車安全距離
11005AC591B0983,20210501,120.185691,23.010185,交通事故,交叉路口,臺南市北區大興街段號大興街300,1,晴,50,交岔路,交叉路口,無號誌,車與車,迴轉未依規定
11005AC591B1040,20210513,120.215015,23.003536,交通事故,其他,臺南市北區段號東豐路與前鋒路口,1,晴,40,單路部分,路段,行車管制號誌(附設行人專用號誌),汽(機)車本身,未注意車前狀態
11005AC591B1069,20210501,120.216967,23.012774,交通事故,交叉路口,臺南市北區長榮路五段段號北門路二段,3,晴,50,交岔路,交叉路口,無號誌,車與車,違反特定標誌(線)禁制
11005AC591B1072,20210507,120.193122,23.018164,交通事故,交叉路口,臺南市北區海佃路鹽水溪橋上段號中華北路一段,1,晴,50,交岔路,交叉路口,行車管制號誌,車與車,未注意車前狀態
11005AC591B1079,20210503,120.187606,23.012427,交通事故,交叉路口,臺南市北區大興街段226號大港街,1,陰,50,交岔路,交叉路口,無號誌,汽(機)車本身,其他引起事故之違規或不當行為
11005AC591B1096,20210503,120.209601,23.00479,交通事故,交叉路口,臺南市北區公園北路段153號公園北路,1,雨,50,單路部分,路段,無號誌,車與車,未依規定讓車
11005AC591B1097,20210503,120.199898,23.003897,交通事故,交叉路口,臺南市北區海安路三段段號臨安路二段,1,陰,50,交岔路,交叉路口,行車管制號誌(附設行人專用號誌),車與車,違反號誌管制或指揮
11005AC591B1119,20210514,120.220949,23.009001,交通事故,交叉路口,臺南市北區開元路段333號開元路33316,2,晴,50,交岔路,交叉路口,無號誌,車與車,違反特定標誌(線)禁制
11005AC591B1145,20210514,120.222816,23.008834,交通事故,交叉路口,臺南市北區開元路段號林森路三段,2,晴,50,交岔路,交叉路口,行車管制號誌,車與車,違反號誌管制或指揮
11005AC591B1181,20210514,120.189478,23.016137,交通事故,其他,臺南市北區段號中華北路一段490號對面,1,晴,40,單路部分,路段,無號誌,車與車,未注意車前狀態
11005AC591B1196,20210514,120.191737,23.011287,交通事故,交叉路口,臺南市北區大興街段號大興街96,1,晴,50,交岔路,交叉路口,閃光號誌,車與車,未依規定讓車
11005AC591B1199,20210513,120.193667,23.006644,交通事故,一般地址,臺南市北區文賢路段500號,1,晴,50,交岔路,交叉路口,行車管制號誌,車與車,違反號誌管制或指揮
11005AC591B1203,20210514,120.196183,23.001665,交通事故,其他,臺南市北區段號金華路五段靠近成功路,1,晴,50,單路部分,路段,無號誌,車與車,迴轉未依規定
11005AC591B1212,20210514,120.206269,23.001738,交通事故,交叉路口,臺南市北區公園南路段號忠義路3,1,晴,50,交岔路,交叉路口,行車管制號誌(附設行人專用號誌),車與車,未保持行車安全距離
11005AC591B1226,20210514,120.201101,23.012074,交通事故,一般地址,臺南市北區和緯路2段522號,3,晴,40,單路部分,路段,無號誌,車與車,起步未注意其他車(人)安全
11005AC591B1242,20210515,120.193923,23.010495,交通事故,交叉路口,臺南市北區文賢路段號文賢路680,1,晴,50,交岔路,交叉路口,行車管制號誌,車與車,違反號誌管制或指揮
11005AC591B1251,20210515,120.202891,23.020567,交通事故,一般地址,臺南市北區育成路段31769號,2,晴,50,交岔路,交叉路口,無號誌,車與車,未依規定讓車
11005AC591B1267,20210515,120.213935,23.013148,交通事故,一般地址,臺南市北區長榮路五段段434號,2,晴,50,單路部分,路段,無號誌,汽(機)車本身,未注意車前狀態
11005AC591B1268,20210511,120.225933,23.008132,交通事故,一般地址,臺南市北區南園街段10123號,2,晴,30,交岔路,交叉路口,無號誌,車與車,未依規定讓車
11005AC591B1282,20210514,120.2247,23.010167,交通事故,一般地址,臺南市北區開元路段485號,1,晴,50,交岔路,交叉路口,行車管制號誌,車與車,其他引起事故之違規或不當行為
11005AC591B1284,20210515,120.191711,23.011289,交通事故,交叉路口,臺南市北區大興街段號大興街96,1,晴,50,交岔路,交叉路口,閃光號誌,車與車,未依規定讓車
11005AC591B1298,20210515,120.217431,23.018617,交通事故,一般地址,臺南市北區公園路段10923044378號,1,晴,30,單路部分,路段,無號誌,車與車,未注意車前狀態
11005AC591B1332,20210515,120.21401,23.005054,交通事故,一般地址,臺南市北區北門路2段號,2,晴,30,交岔路,交叉路口,無號誌,車與車,未依規定讓車
11005AC591B1342,20210516,120.223026,23.008949,交通事故,交叉路口,臺南市北區開元路段號林森路3,2,晴,50,交岔路,交叉路口,行車管制號誌(附設行人專用號誌),車與車,違反號誌管制或指揮
11005AC591B1364,20210513,120.205622,23.021736,交通事故,交叉路口,臺南市北區中華北路二段段號北安路一段,1,晴,60,交岔路,交叉路口,行車管制號誌,車與車,未依規定讓車
11005AC591B1399,20210516,120.213182,23.001701,交通事故,其他,臺南市北區段號小東地下道,1,晴,40,單路部分,路段,無號誌,汽(機)車本身,其他引起事故之違規或不當行為
11005AC591B1403,20210508,120.208764,23.001114,交通事故,交叉路口,臺南市北區公園路段號公園南路,2,晴,50,交岔路,交叉路口,行車管制號誌,車與車,未保持行車安全距離
11005AC591B1416,20210505,120.212739,22.999949,交通事故,交叉路口,臺南市北區北門路二段段號公園南路,3,晴,50,交岔路,交叉路口,行車管制號誌(附設行人專用號誌),車與車,未注意車前狀態
11005AC591B1437,20210513,120.213848,23.01314,交通事故,一般地址,臺南市北區長榮路五段5段393號,1,晴,50,單路部分,路段,無號誌,汽(機)車本身,未注意車前狀態
11005AC591B1459,20210517,120.221632,23.00623,交通事故,一般地址,臺南市北區長榮路四段段167號,1,晴,50,單路部分,路段,無號誌,車與車,未保持行車安全間隔
11005AC591B1499,20210513,120.226636,23.000174,交通事故,交叉路口,臺南市北區小東路段號小東路147,1,晴,30,交岔路,交叉路口,行車管制號誌(附設行人專用號誌),車與車,未依規定讓車
11005AC591B1512,20210513,120.210822,23.010561,交通事故,交叉路口,臺南市北區公園路段號和緯路一段,1,晴,50,交岔路,交叉路口,行車管制號誌(附設行人專用號誌),車與車,未保持行車安全間隔
11005AC591B1525,20210514,120.202099,22.999392,交通事故,交叉路口,臺南市北區成功路段號自強街,2,晴,50,交岔路,交叉路口,行車管制號誌,車與車,未注意車前狀態
11005AC591B1527,20210515,120.197871,23.004529,交通事故,交叉路口,臺南市北區海安路三段段135號臨安路二段143,1,晴,50,交岔路,交叉路口,行車管制號誌,車與車,違反號誌管制或指揮
11005AC591B1533,20210517,120.190807,23.007031,交通事故,交叉路口,臺南市北區和緯路4段117號武聖路1608,1,晴,50,交岔路,交叉路口,無號誌,車與車,未靠右行駛
11005AC591B1542,20210517,120.228426,23.001562,交通事故,交叉路口,臺南市北區東豐路段號東興路2,1,晴,50,交岔路,交叉路口,行車管制號誌,車與車,未注意車前狀態
11005AC591B1548,20210514,120.222517,23.002942,交通事故,交叉路口,臺南市北區東豐路段號長榮路四段,1,晴,40,交岔路,交叉路口,行車管制號誌(附設行人專用號誌),車與車,未保持行車安全間隔
11005AC591B1549,20210518,120.19381,23.009149,交通事故,交叉路口,臺南市北區文賢路段618號文賢路,1,晴,50,交岔路,交叉路口,無號誌,車與車,未依規定讓車
11005AC591B1552,20210518,120.206192,23.011198,交通事故,交叉路口,臺南市北區育德路段號育德路221,1,晴,50,交岔路,交叉路口,無號誌,車與車,變換車道或方向不當
11005AC591B1555,20210518,120.221416,23.006747,交通事故,交叉路口,臺南市北區長榮路四段段號長榮路四段183,2,晴,50,交岔路,交叉路口,行車管制號誌,車與車,未注意車前狀態
11005AC591B1585,20210518,120.200615,23.011732,交通事故,交叉路口,臺南市北區海安路三段段號和緯路三段,2,晴,50,交岔路,交叉路口,行車管制號誌(附設行人專用號誌),車與車,未保持行車安全距離
11005AC591B1634,20210506,120.21493,23.012698,交通事故,一般地址,臺南市北區長榮路五段段38312號,1,晴,30,交岔路,交叉路口,無號誌,車與車,未依規定讓車
11005AC591B1643,20210506,120.205754,23.00053,交通事故,交叉路口,臺南市北區忠義路三段段號北忠街,2,晴,50,交岔路,交叉路口,行車管制號誌,車與車,違反號誌管制或指揮
11005AC591B1646,20210507,120.194268,23.018533,交通事故,一般地址,臺南市北區中華北路二段段23號,1,晴,40,單路部分,路段,無號誌,車與車,未保持行車安全間隔
11005AC591B1648,20210519,120.193908,23.009783,交通事故,交叉路口,臺南市北區和緯路三段段號文賢路,1,晴,40,交岔路,交叉路口,行車管制號誌(附設行人專用號誌),汽(機)車本身,未注意車前狀態
11005AC591B1650,20210519,120.208751,23.001054,交通事故,交叉路口,臺南市北區公園路段號公園南路,1,晴,50,交岔路,交叉路口,行車管制號誌,車與車,左轉彎未依規定
11005AC591B1653,20210519,120.196979,23.013255,交通事故,交叉路口,臺南市北區文賢二街段號海安路三段781,1,晴,50,交岔路,交叉路口,無號誌,車與車,未依規定讓車
11005AC591B1660,20210519,120.222285,23.002692,交通事故,交叉路口,臺南市北區東豐路段號長榮路四段,1,晴,50,交岔路,交叉路口,行車管制號誌,車與車,未依規定讓車
11005AC591B1666,20210508,120.193898,23.012052,交通事故,交叉路口,臺南市北區文賢路段號大興街,1,晴,50,交岔路,交叉路口,行車管制號誌,車與車,未依規定讓車
11005AC591B1683,20210507,120.212597,23.006881,交通事故,一般地址,臺南市北區北門路二段段14195號,1,晴,30,交岔路,交叉路口,無號誌,車與車,未依規定讓車
11005AC591B1687,20210520,120.223352,23.009175,交通事故,交叉路口,臺南市北區開元路段號南園街,2,晴,50,交岔路,交叉路口,行車管制號誌,車與車,未保持行車安全距離
11005AC591B1690,20210517,120.221665,23.002679,交通事故,一般地址,臺南市北區東豐路段270號0,1,晴,40,單路部分,路段,無號誌,汽(機)車本身,其他引起事故之違規或不當行為
11005AC591B1700,20210520,120.201421,23.000062,交通事故,一般地址,臺南市北區西門路三段段19號,1,晴,50,單路部分,路段,無號誌,汽(機)車本身,其他引起事故之違規或不當行為
11005AC591B1715,20210519,120.208697,23.011313,交通事故,交叉路口,臺南市北區西門路四段段號和緯路二段,1,晴,40,交岔路,路段,行車管制號誌,車與車,起步未注意其他車(人)安全
11005AC591B1734,20210507,120.224865,23.002559,交通事故,交叉路口,臺南市北區東豐路段號林森路三段,1,晴,40,交岔路,路段,行車管制號誌,車與車,未注意車前狀態
11005AC591B1746,20210520,120.222375,23.002516,交通事故,交叉路口,臺南市北區東豐路段號長榮路四段,1,晴,50,交岔路,交叉路口,行車管制號誌,車與車,未依規定讓車
11005AC591B1747,20210508,120.204099,23.007351,交通事故,交叉路口,臺南市北區西門路四段段7號育德路,1,晴,30,交岔路,交叉路口,無號誌,車與車,未依規定讓車
11005AC591B1760,20210520,120.193668,23.015232,交通事故,一般地址,臺南市北區文賢路段1082號0,2,晴,50,交岔路,交叉路口,無號誌,車與車,起步未注意其他車(人)安全
11005AC591B1761,20210520,120.220733,23.01057,交通事故,一般地址,臺南市北區北園街段87號,2,晴,30,單路部分,路段,無號誌,車與車,未保持行車安全間隔
11005AC591B1857,20210521,120.21211,23.01345,交通事故,交叉路口,臺南市北區長榮路五段段號公園路,1,晴,50,交岔路,交叉路口,行車管制號誌,車與車,未保持行車安全間隔
11005AC591B1860,20210521,120.224204,23.002296,交通事故,交叉路口,臺南市北區東豐路段號林森路,1,晴,40,單路部分,路段,無號誌,車與車,未依規定讓車
11005AC591B1870,20210521,120.232365,22.999047,交通事故,一般地址,臺南市北區小東路段4015之2號,1,晴,30,單路部分,路段,無號誌,汽(機)車本身,尚未發現肇事因素
11005AC591B1871,20210521,120.223725,23.000877,交通事故,一般地址,臺南市北區小東路段61號,1,晴,30,交岔路,交叉路口,無號誌,車與車,未依規定讓車
11005AC591B1874,20210521,120.202982,23.02072,交通事故,一般地址,臺南市北區育成路段31769號,1,晴,50,交岔路,交叉路口,無號誌,車與車,未依規定讓車
11005AC591B1878,20210521,120.196124,23.006385,交通事故,交叉路口,臺南市北區文賢一路段號文賢路292,1,晴,50,交岔路,交叉路口,行車管制號誌,車與車,起步未注意其他車(人)安全
11005AC591B1910,20210521,120.202797,23.021252,交通事故,交叉路口,臺南市北區中華北路二段段號中華北路二段194,1,晴,50,交岔路,交叉路口,行車管制號誌,車與車,未依規定讓車
11005AC591B1924,20210521,120.20141,23.016713,交通事故,交叉路口,臺南市北區育德三街段號育德二路421,1,晴,50,交岔路,交叉路口,無號誌,車與車,未依規定讓車
11005AC591B1938,20210501,120.215588,23.017773,交通事故,一般地址,臺南市北區公園路段1044號,1,晴,50,單路部分,路段,無號誌,車與車,未注意車前狀態
11005AC591B1963,20210517,120.222906,23.017822,交通事故,一般地址,臺南市北區大武街段54210號,1,晴,30,交岔路,交叉路口,無號誌,車與車,未依規定讓車
11005AC591B1973,20210520,120.193868,23.012054,交通事故,交叉路口,臺南市北區大興街段號文賢路,2,晴,50,交岔路,交叉路口,行車管制號誌,車與車,違反號誌管制或指揮
11005AC591B1979,20210522,120.212788,23.018908,交通事故,交叉路口,臺南市北區西門路四段段號西門路四段507,2,晴,50,交岔路,交叉路口,行車管制號誌,車與車,違反號誌管制或指揮
11005AC591B2027,20210521,120.19363,23.005435,交通事故,交叉路口,臺南市北區文賢路段號武聖路,1,晴,50,交岔路,交叉路口,行車管制號誌,車與車,違反號誌管制或指揮
11005AC591B2031,20210508,120.213974,23.013133,交通事故,一般地址,臺南市北區長榮路五段段393號,1,晴,50,單路部分,路段,無號誌,車與車,起步未注意其他車(人)安全
11005AC591B2033,20210521,120.222424,23.003016,交通事故,交叉路口,臺南市北區東豐路段號長榮路四段,2,晴,50,交岔路,交叉路口,行車管制號誌,車與車,未保持行車安全距離
11005AC591B2036,20210516,120.208936,23.022278,交通事故,交叉路口,臺南市北區中華北路二段段號西門路四段533,3,晴,60,交岔路,交叉路口,行車管制號誌,車與車,未依規定讓車
11005AC591B2067,20210513,120.186302,23.006932,交通事故,交叉路口,臺南市北區和緯路四段段號中華北路一段,1,晴,60,交岔路,交叉路口,行車管制號誌,車與車,未注意車前狀態
11005AC591B2076,20210523,120.186454,23.009173,交通事故,一般地址,臺南市北區大興街段32560號,1,晴,50,單路部分,路段,無號誌,車與車,未注意車前狀態
11005AC591B2097,20210513,120.218737,23.003251,交通事故,交叉路口,臺南市北區勝利路段號東豐路,1,晴,40,交岔路,交叉路口,行車管制號誌,汽(機)車本身,未注意車前狀態
11005AC591B2105,20210514,120.205732,23.009477,交通事故,交叉路口,臺南市北區育德路段號立賢路,1,晴,50,交岔路,交叉路口,行車管制號誌,車與車,未依規定讓車
11005AC591B2115,20210520,120.215083,23.003677,交通事故,交叉路口,臺南市北區東豐路段號前鋒路,1,晴,40,交岔路,交叉路口,行車管制號誌(附設行人專用號誌),車與車,違反號誌管制或指揮
11005AC591B2123,20210523,120.187424,23.010931,交通事故,一般地址,臺南市北區大興街段24644228號0,2,晴,30,單路部分,路段,無號誌,車與車,未注意車前狀態
11005AC591B2127,20210524,120.200061,23.006453,交通事故,交叉路口,臺南市北區海安路三段段號民德路,1,晴,40,交岔路,交叉路口,行車管制號誌(附設行人專用號誌),汽(機)車本身,其他引起事故之違規或不當行為
11005AC591B2163,20210524,120.200746,23.020558,交通事故,一般地址,臺南市北區中華北路二段段155號,1,晴,60,單路部分,路段,無號誌,車與車,未保持行車安全距離
11005AC591B2168,20210501,120.200112,23.003685,交通事故,交叉路口,臺南市北區海安路三段段號公園南路,2,晴,40,交岔路,交叉路口,行車管制號誌,車與車,左轉彎未依規定
11005AC591B2194,20210503,120.182413,23.008994,交通事故,一般地址,臺南市北區大興街段477號,1,晴,50,單路部分,路段,無號誌,人與汽(機)車,未注意車前狀態
11005AC591B2195,20210521,120.193932,23.012039,交通事故,交叉路口,臺南市北區文成路段號文賢路,1,晴,50,交岔路,交叉路口,行車管制號誌,車與車,違反號誌管制或指揮
11005AC591B2197,20210521,120.211627,23.013339,交通事故,交叉路口,臺南市北區公園路段593號西門路四段330,2,晴,30,交岔路,交叉路口,無號誌,車與車,未靠右行駛
11005AC591B2199,20210501,120.215265,23.008957,交通事故,一般地址,臺南市北區北門路二段段311號,1,晴,50,單路部分,路段,無號誌,汽(機)車本身,其他引起事故之違規或不當行為
11005AC591B2226,20210524,120.224439,23.00651,交通事故,交叉路口,臺南市北區林森路三段段號開南街,1,晴,40,交岔路,交叉路口,行車管制號誌,車與車,未保持行車安全距離
11005AC591B2240,20210524,120.224259,23.00502,交通事故,一般地址,臺南市北區開元路段212130號,1,晴,30,交岔路,交叉路口,閃光號誌,車與車,未依規定讓車
11005AC591B2251,20210525,120.224851,23.010322,交通事故,一般地址,臺南市北區開元路段485號,2,晴,30,單路部分,路段,無號誌,車與車,未保持行車安全距離
11005AC591B2255,20210525,120.225484,23.007978,交通事故,交叉路口,臺南市北區南園街段號南園街101,1,晴,30,交岔路,交叉路口,無號誌,車與車,未依規定讓車
11005AC591B2278,20210522,120.226671,23.000294,交通事故,交叉路口,臺南市北區小東路段號小東路147,1,晴,50,交岔路,交叉路口,行車管制號誌,車與車,未依規定讓車
11005AC591B2279,20210525,120.212384,22.99851,交通事故,交叉路口,臺南市北區北門路二段段號北忠街,1,晴,50,交岔路,路段,行車管制號誌,車與車,未保持行車安全距離
11005AC591B2284,20210526,120.223659,23.007541,交通事故,一般地址,臺南市北區林森路三段段197號,2,晴,50,單路部分,路段,無號誌,人與汽(機)車,未依規定行走行人穿越道、地下道、天橋而穿越道路
11005AC591B2285,20210507,120.223945,23.010892,交通事故,一般地址,臺南市北區北園街段856號,2,晴,50,單路部分,路段,無號誌,車與車,未注意車前狀態
11005AC591B2286,20210507,120.20578,23.006292,交通事故,交叉路口,臺南市北區西門路段號小北路,2,晴,50,交岔路,交叉路口,行車管制號誌,車與車,違反號誌管制或指揮
11005AC591B2296,20210526,120.178786,23.008536,交通事故,交叉路口,臺南市北區大興街段528號大興街52849,1,晴,30,交岔路,交叉路口,無號誌,車與車,起步未注意其他車(人)安全
11005AC591B2299,20210504,120.194163,23.014025,交通事故,一般地址,臺南市北區文賢路段10301之2號,1,晴,30,單路部分,路段,無號誌,車與車,起步未注意其他車(人)安全
11005AC591B2314,20210506,120.223352,23.009175,交通事故,交叉路口,臺南市北區開元路段號南園街,1,晴,50,交岔路,交叉路口,行車管制號誌,車與車,未依規定讓車
11005AC591B2317,20210526,120.196114,23.001476,交通事故,交叉路口,臺南市北區成功路段號金華路,1,晴,50,交岔路,交叉路口,行車管制號誌,車與車,未保持行車安全距離
11005AC591B2327,20210514,120.220714,23.003205,交通事故,一般地址,臺南市北區東豐路段227號,2,晴,40,交岔路,交叉路口,行車管制號誌,車與車,變換車道或方向不當
11005AC591B2328,20210512,120.208782,23.011512,交通事故,交叉路口,臺南市北區西門路2段號和緯路二段,1,晴,50,交岔路,交叉路口,行車管制號誌(附設行人專用號誌),車與車,未依規定讓車
11005AC591B2333,20210526,120.207982,23.001262,交通事故,一般地址,臺南市北區公園南路段68號,3,晴,50,單路部分,路段,無號誌,車與車,未注意車前狀態
11005AC591B2350,20210526,120.203587,23.012428,交通事故,交叉路口,臺南市北區和緯路二段段號育德二路,1,晴,50,交岔路,交叉路口,行車管制號誌,車與車,未注意車前狀態
11005AC591B2360,20210526,120.185404,23.010054,交通事故,交叉路口,臺南市北區中華北路段號大興街,1,晴,50,交岔路,交叉路口,行車管制號誌,汽(機)車本身,未注意車前狀態
11005AC591B2371,20210526,120.197922,23.018959,交通事故,交叉路口,臺南市北區海安路三段段985號中華北路二段90,1,晴,50,交岔路,交叉路口,無號誌,車與車,左轉彎未依規定
11005AC591B2376,20210526,120.206707,23.021845,交通事故,一般地址,臺南市北區中華北路2段250號,2,晴,60,單路部分,路段,無號誌,車與車,未注意車前狀態
11005AC591B2392,20210526,120.186139,23.006853,交通事故,交叉路口,臺南市北區中華北路一段段號和緯路四段,2,晴,40,交岔路,交叉路口,行車管制號誌,車與車,未保持行車安全間隔
11005AC591B2395,20210527,120.218549,23.000891,交通事故,交叉路口,臺南市北區小東路段號勝利路,1,晴,50,交岔路,交叉路口,行車管制號誌(附設行人專用號誌),車與車,未依規定讓車
11005AC591B2426,20210509,120.220707,23.007586,交通事故,交叉路口,臺南市北區開元路段號長榮路四段,1,晴,50,交岔路,交叉路口,行車管制號誌,車與車,未注意車前狀態
11005AC591B2427,20210527,120.209177,23.011505,交通事故,一般地址,臺南市北區和緯路2段90號,2,晴,50,交岔路,交叉路口,行車管制號誌,車與車,未保持行車安全距離
11005AC591B2432,20210527,120.213608,23.008133,交通事故,一般地址,臺南市北區北門路二段段2375830號,1,晴,30,單路部分,路段,無號誌,車與車,未保持行車安全間隔
11005AC591B2448,20210526,120.211203,23.011908,交通事故,一般地址,臺南市北區公園路段589之14號,1,晴,30,交岔路,交叉路口,行車管制號誌,車與車,違反號誌管制或指揮
11005AC591B2451,20210527,120.205109,23.013037,交通事故,交叉路口,臺南市北區文成路段號育德一街,1,晴,50,交岔路,交叉路口,行車管制號誌,車與車,未依規定讓車
11005AC591B2452,20210527,120.202699,23.019325,交通事故,交叉路口,臺南市北區北成路段號北成路402,1,晴,0,單路部分,路段,無號誌,車與車,其他引起事故之違規或不當行為
11005AC591B2453,20210524,120.215289,23.007933,交通事故,一般地址,臺南市北區北門路二段段265號,1,晴,30,交岔路,路段,無號誌,車與車,其他引起事故之違規或不當行為
11005AC591B2484,20210528,120.195284,23.007548,交通事故,交叉路口,臺南市北區文賢路段50236號文賢路546,4,晴,30,交岔路,交叉路口,無號誌,車與車,未依規定讓車
11005AC591B2486,20210527,120.205109,23.013037,交通事故,交叉路口,臺南市北區文成路段號育德一街,1,晴,30,交岔路,交叉路口,行車管制號誌,車與車,未依規定讓車
11005AC591B2519,20210528,120.22358,23.005466,交通事故,其他,臺南市北區段號開元路212巷94號,2,晴,30,交岔路,交叉路口,無號誌,車與車,未依規定讓車
11005AC591B2538,20210502,120.216575,23.018424,交通事故,交叉路口,臺南市北區公園路段1092號公園路107417,1,晴,30,交岔路,交叉路口,閃光號誌,車與車,未依規定讓車
11005AC591B2539,20210503,120.211442,23.014008,交通事故,一般地址,臺南市北區公園路段597號,1,晴,50,交岔路,交叉路口,閃光號誌,車與車,逆向行駛
11005AC591B2549,20210529,120.225988,23.011094,交通事故,其他,臺南市北區段號開元路崑山中學前,1,晴,50,交岔路,交叉路口,行車管制號誌,汽(機)車本身,不明原因肇事
11005AC591B2550,20210527,120.207872,23.020453,交通事故,一般地址,臺南市北區北成路段186號,1,晴,30,交岔路,交叉路口,閃光號誌,車與車,未依規定讓車
11005AC591B2559,20210528,120.208552,23.010045,交通事故,交叉路口,臺南市北區西門路四段段號北成路,2,晴,50,交岔路,交叉路口,行車管制號誌(附設行人專用號誌),車與車,違反號誌管制或指揮
11005AC591B2561,20210528,120.193262,23.018015,交通事故,交叉路口,臺南市北區中華北路二段段號文賢路,2,晴,50,交岔路,交叉路口,行車管制號誌(附設行人專用號誌),車與車,違反號誌管制或指揮
11005AC591B2570,20210519,120.198513,23.003317,交通事故,交叉路口,臺南市北區臨安路段號康樂街,1,晴,50,交岔路,交叉路口,行車管制號誌,車與車,違反號誌管制或指揮
11005AC591B2587,20210507,120.220865,23.007686,交通事故,交叉路口,臺南市北區開元路段442號開元路39441,2,晴,30,交岔路,交叉路口,無號誌,車與車,未依規定讓車
11005AC591B2604,20210504,120.184837,23.011646,交通事故,其他,臺南市北區段號中華北路觀海橋,1,晴,60,交岔路,交叉路口,行車管制號誌,車與車,違反特定標誌(線)禁制
11005AC591B2605,20210504,120.196102,23.001492,交通事故,交叉路口,臺南市北區成功路段號金華路五段,1,晴,50,交岔路,其他,行車管制號誌(附設行人專用號誌),人與汽(機)車,搶越行人穿越道
11005AC591B2606,20210505,120.201442,22.999695,交通事故,交叉路口,臺南市北區西門路段號成功路,1,晴,50,交岔路,交叉路口,行車管制號誌,車與車,迴轉未依規定
11005AC591B2607,20210505,120.212731,23.00006,交通事故,交叉路口,臺南市北區北門路二段段號公園南路,1,晴,50,單路部分,路段,無號誌,車與車,變換車道或方向不當
11005AC591B2608,20210510,120.198431,23.001606,交通事故,一般地址,臺南市北區海成街段70號,1,晴,50,單路部分,路段,無號誌,汽(機)車本身,起步未注意其他車(人)安全