案件編號,發生日期,GPS經度,GPS緯度,案件類別名稱,地址類型名稱,發生縣市名稱,受傷人數,天候名稱, 速限-第1當事者,道路型態大類別名稱,事故位置大類別名稱,號誌-號誌種類名稱,事故類型及型態大類別名稱,肇因研判子類別名稱-主要
11005AC591B2615,20210529,120.197853,23.018681,交通事故,一般地址,臺南市北區中華北路二段段9043號,1,晴,50,單路部分,路段,無號誌,車與車,未注意車前狀態
11005AC591B2621,20210511,120.213328,23.013143,交通事故,一般地址,臺南市北區長榮路五段段395號,1,晴,50,交岔路,交叉路口,行車管制號誌,車與車,未保持行車安全間隔
11005AC591B2623,20210530,120.21958,23.006408,交通事故,其他,臺南市北區段號開元路148巷6弄1號,1,晴,30,單路部分,路段,無號誌,汽(機)車本身,酒醉(後)駕駛失控
11005AC591B2624,20210511,120.222363,23.002576,交通事故,交叉路口,臺南市北區東豐路段號長榮路,2,晴,50,交岔路,交叉路口,無號誌,車與車,變換車道或方向不當
11005AC591B2625,20210515,120.23008,22.999259,交通事故,一般地址,臺南市北區小東路段297號,1,晴,50,單路部分,路段,無號誌,車與車,未保持行車安全距離
11005AC591B2626,20210515,120.218478,23.006652,交通事故,交叉路口,臺南市北區開元路段號勝利路,1,晴,50,交岔路,交叉路口,行車管制號誌,車與車,未依規定讓車
11005AC591B2627,20210516,120.205045,22.998889,交通事故,交叉路口,臺南市北區忠義路三段段號裕民街,1,晴,50,交岔路,交叉路口,閃光號誌,車與車,違規超車
11005AC591B2628,20210520,120.220808,23.007641,交通事故,交叉路口,臺南市北區開元路段號長榮路,3,晴,50,交岔路,交叉路口,行車管制號誌,車與車,變換車道或方向不當
11005AC591B2629,20210521,120.214355,23.014341,交通事故,一般地址,臺南市北區公園路段9181012號,1,晴,30,單路部分,路段,無號誌,車與車,開啟車門不當而肇事
11005AC591B2630,20210526,120.206931,22.99803,交通事故,交叉路口,臺南市北區成功路段號公園路,1,晴,50,交岔路,交叉路口,行車管制號誌,車與車,違反號誌管制或指揮
11005AC591B2631,20210528,120.223404,23.013706,交通事故,一般地址,臺南市北區北園街段12410號,1,晴,50,交岔路,交叉路口,無號誌,車與車,逆向行駛
11005AC591B2635,20210528,120.207712,23.020187,交通事故,交叉路口,臺南市北區北成路段186號北成路,1,晴,30,交岔路,交叉路口,閃光號誌,車與車,未依規定讓車
11005AC591B2666,20210514,120.200423,23.013818,交通事故,交叉路口,臺南市北區海安路三段段號文成一路,2,晴,50,交岔路,交叉路口,行車管制號誌,車與車,未注意車前狀態
11005AC591B2684,20210529,120.196171,23.019253,交通事故,其他,臺南市北區段號中華北路二段62巷對面,2,晴,40,單路部分,路段,無號誌,車與車,起步未注意其他車(人)安全
11005AC591B2689,20210528,120.199294,23.02033,交通事故,交叉路口,臺南市北區中華北路二段段號海安路三段,2,晴,50,交岔路,交叉路口,行車管制號誌(附設行人專用號誌),車與車,違反號誌管制或指揮
11005AC591B2712,20210529,120.204384,23.003841,交通事故,交叉路口,臺南市北區西門路三段段號民德路,1,晴,50,交岔路,交叉路口,行車管制號誌,車與車,未注意車前狀態
11005AC591B2714,20210524,120.220288,23.010797,交通事故,交叉路口,臺南市北區長榮路五段段號長榮路五段139,1,晴,50,交岔路,交叉路口,行車管制號誌,車與車,變換車道或方向不當
11005AC591B2739,20210517,120.212113,23.019416,交通事故,交叉路口,臺南市北區北成路段20號西門路四段507,1,晴,50,交岔路,交叉路口,無號誌,車與車,未依規定讓車
11005AC591B2758,20210530,120.198551,23.0033,交通事故,交叉路口,臺南市北區臨安路二段段號康樂街,2,晴,50,交岔路,交叉路口,行車管制號誌,車與車,未保持行車安全間隔
11005AC591B2772,20210518,120.222536,23.00425,交通事故,交叉路口,臺南市北區長榮路四段段號長榮路四段58,1,晴,50,交岔路,交叉路口,行車管制號誌,車與車,未依規定讓車
11005AC591B2786,20210521,120.230649,23.000785,交通事故,一般地址,臺南市北區小東路段30777號0,1,晴,50,單路部分,路段,無號誌,車與車,其他引起事故之違規或不當行為
11005AC591B2806,20210531,120.200346,23.000042,交通事故,一般地址,臺南市北區成功路段372號0,1,晴,40,交岔路,路段,無號誌,汽(機)車本身,其他引起事故之違規或不當行為
11005AC591B2808,20210531,120.213041,23.0147,交通事故,交叉路口,臺南市北區公園路段號北安路一段,1,晴,50,交岔路,交叉路口,行車管制號誌,車與車,違反號誌管制或指揮
11005AC591B2813,20210505,120.215077,23.003935,交通事故,交叉路口,臺南市北區東豐路段號前鋒路,2,晴,40,單路部分,路段,行車管制號誌,車與車,未保持行車安全距離
11005AC591B2814,20210518,120.217718,23.005343,交通事故,一般地址,臺南市北區開元路段9067之1號,4,晴,30,交岔路,交叉路口,無號誌,車與車,未依規定讓車
11005AC591B2816,20210517,120.198513,23.003317,交通事故,交叉路口,臺南市北區康樂街段號臨安路二段90,1,晴,50,交岔路,交叉路口,閃光號誌,車與車,未依規定讓車
11005AC591B2836,20210519,120.206676,23.011882,交通事故,交叉路口,臺南市北區和緯路二段段號育德路,1,晴,50,交岔路,交叉路口,行車管制號誌,車與車,未依規定讓車
11005AC591B2847,20210528,120.208664,22.997833,交通事故,交叉路口,臺南市北區成功路段號成功路22,1,晴,40,交岔路,交叉路口,行車管制號誌,車與車,左轉彎未依規定
11005AC591B2872,20210517,120.193924,23.013532,交通事故,一般地址,臺南市北區文賢路段1008號,2,晴,50,單路部分,路段,無號誌,車與車,橫越道路不慎
11005AC591B2894,20210502,120.220796,23.007619,交通事故,交叉路口,臺南市北區開元路段號長榮路4,1,晴,50,交岔路,交叉路口,行車管制號誌,車與車,未注意車前狀態
11005AC591B2895,20210504,120.185383,23.009978,交通事故,交叉路口,臺南市北區中華北路段號大興街,1,晴,60,單路部分,路段,無號誌,車與車,未注意車前狀態
11005AC591B2896,20210508,120.210299,23.016601,交通事故,交叉路口,臺南市北區北安路1段號北安路194,1,晴,30,交岔路,交叉路口,無號誌,車與車,未依規定讓車
11005AC591B2897,20210509,120.210614,23.015968,交通事故,一般地址,臺南市北區西門路4段450號,1,晴,40,單路部分,路段,無號誌,汽(機)車本身,其他引起事故之違規或不當行為
11005AC591B2898,20210509,120.216631,23.018785,交通事故,交叉路口,臺南市北區公園路段107417號公園路1092,2,晴,30,交岔路,交叉路口,閃光號誌,車與車,未依規定讓車
11005AC591B2899,20210513,120.22093,23.00901,交通事故,一般地址,臺南市北區開元路段33318號,2,晴,50,交岔路,交叉路口,無號誌,車與車,違反特定標誌(線)禁制
11005AC591B2900,20210512,120.210727,23.010514,交通事故,交叉路口,臺南市北區公園路段號和緯路2,3,晴,50,交岔路,交叉路口,行車管制號誌,車與車,違反號誌管制或指揮
11005AC591B2901,20210512,120.205022,23.002125,交通事故,一般地址,臺南市北區公園南路段246號,1,晴,0,單路部分,路段,無號誌,車與車,未注意車前狀態
11005AC591B2902,20210513,120.21065,23.016258,交通事故,交叉路口,臺南市北區西門路4段號北安路1,1,晴,50,交岔路,交叉路口,行車管制號誌,車與車,未依規定讓車
11005AC591B2903,20210514,120.218483,23.006635,交通事故,交叉路口,臺南市北區開元路段號勝利路,1,晴,50,交岔路,交叉路口,行車管制號誌,車與車,未依規定讓車
11005AC591B2905,20210514,120.218639,23.002131,交通事故,一般地址,臺南市北區勝利路段138號,1,晴,30,交岔路,交叉路口,無號誌,車與車,起步未注意其他車(人)安全
11005AC591B2906,20210514,120.211279,23.017043,交通事故,一般地址,臺南市北區西門路4段407號,1,晴,40,單路部分,路段,無號誌,車與車,倒車未依規定
11005AC591B2907,20210524,120.202958,23.020723,交通事故,一般地址,臺南市北區中華北路2段19420號,1,晴,50,交岔路,交叉路口,無號誌,車與車,未依規定讓車
11005AC591B2908,20210525,120.198588,23.000639,交通事故,交叉路口,臺南市北區海安路3段號成功路,1,晴,50,交岔路,交叉路口,行車管制號誌,車與車,未保持行車安全間隔
11005AC591B2909,20210526,120.213466,23.013203,交通事故,交叉路口,臺南市北區公園路段862號長榮路5,1,晴,50,交岔路,交叉路口,行車管制號誌,車與車,未依規定讓車
11005AC591B2910,20210530,120.210831,23.010663,交通事故,交叉路口,臺南市北區公園路段號和緯路2,1,晴,50,交岔路,交叉路口,行車管制號誌,車與車,未依規定讓車
11005AC591B2912,20210528,120.208769,23.001053,交通事故,其他,臺南市北區段號公園南路近公園路口外側車道,1,晴,50,單路部分,路段,無號誌,汽(機)車本身,未注意車前狀態
11005AC591B2923,20210524,120.207723,23.020203,交通事故,一般地址,臺南市北區北成路段186號,2,晴,30,交岔路,交叉路口,閃光號誌,車與車,未依規定讓車
11005AC591B2924,20210531,120.192033,23.011491,交通事故,交叉路口,臺南市北區大興街段號大興街76,1,晴,50,交岔路,交叉路口,無號誌,車與車,其他引起事故之違規或不當行為
11005AC591B2927,20210518,120.185627,23.006626,交通事故,一般地址,臺南市北區和緯路五段段30號,1,晴,50,交岔路,交叉路口,無號誌,車與車,未依規定讓車
11005AC591B2928,20210519,120.210838,23.010566,交通事故,交叉路口,臺南市北區公園路段號和緯路一段,2,晴,50,交岔路,交叉路口,行車管制號誌,汽(機)車本身,其他引起事故之違規或不當行為
11005AC591B2943,20210511,120.226178,23.007111,交通事故,交叉路口,臺南市北區開南街段143號南園街127,1,晴,30,交岔路,交叉路口,無號誌,車與車,未依規定讓車
11005AC591B2944,20210510,120.184846,23.011588,交通事故,交叉路口,臺南市北區中華北路一段段號安明路觀海橋,1,晴,60,交岔路,交叉路口,行車管制號誌,車與車,未依規定讓車
11005AC591B2946,20210516,120.209121,23.011208,交通事故,交叉路口,臺南市北區和緯路二段段號和緯路二段71,1,晴,50,交岔路,交叉路口,行車管制號誌,車與車,未依規定讓車
11005AC591B2951,20210527,120.204384,23.003841,交通事故,交叉路口,臺南市北區西門路三段段號民德路,2,晴,50,交岔路,交叉路口,行車管制號誌,車與車,左轉彎未依規定
11005AC591B2956,20210521,120.220799,23.002803,交通事故,其他,臺南市北區段號東豐路機慢車道往東(227巷口對面),1,晴,40,交岔路,交叉路口,行車管制號誌,車與車,左轉彎未依規定
11005AC591B3044,20210524,120.217932,23.006449,交通事故,交叉路口,臺南市北區開元路段號開元路117,1,晴,50,交岔路,交叉路口,無號誌,車與車,未注意車前狀態
11005AC591B3047,20210511,120.208376,23.000663,交通事故,一般地址,臺南市北區公園路段251號,2,晴,50,單路部分,路段,無號誌,車與車,開啟車門不當而肇事
11005AC591B3049,20210516,120.219643,23.001957,交通事故,其他,臺南市北區段號勝利路成大醫院前,2,晴,0,單路部分,路段,無號誌,車與車,未注意車前狀態
11005AC591B3052,20210529,120.193122,23.01808,交通事故,交叉路口,臺南市北區中華北路段號文賢路,1,陰,50,交岔路,交叉路口,行車管制號誌,車與車,未依規定讓車
11005AC591B3053,20210531,120.210508,22.999054,交通事故,交叉路口,臺南市北區西華街段號北忠街,2,晴,50,交岔路,交叉路口,行車管制號誌,車與車,逆向行駛
11005AC591B3095,20210517,120.218229,22.997063,交通事故,交叉路口,臺南市北區勝利路段188號勝利路190,2,晴,50,交岔路,交叉路口,無號誌,車與車,橫越道路不慎
11005AC591B3114,20210515,120.220865,23.007686,交通事故,交叉路口,臺南市北區開元路段號長榮路五段,1,晴,50,交岔路,交叉路口,行車管制號誌,車與車,未依規定讓車
11005AC591B3129,20210511,120.204164,23.00117,交通事故,交叉路口,臺南市北區北華街段號長北街,2,晴,30,交岔路,交叉路口,閃光號誌,車與車,未依規定讓車
11005AC591B3133,20210512,120.212926,23.019307,交通事故,交叉路口,臺南市北區西門路四段段號西門路四段507,2,晴,40,交岔路,交叉路口,行車管制號誌,車與車,違反號誌管制或指揮
11005AC591B3140,20210510,120.199161,23.012515,交通事故,一般地址,臺南市北區文成路段603號,1,晴,50,單路部分,路段,無號誌,車與車,未保持行車安全間隔
11005AC591B3174,20210503,120.189329,23.013168,交通事故,其他,臺南市北區段號大興街164巷口,1,晴,50,交岔路,交叉路口,無號誌,車與車,未依規定讓車
11005AC591B3183,20210527,120.21484,23.003912,交通事故,交叉路口,臺南市北區東豐路段號前鋒路,1,晴,50,單路部分,路段,無號誌,車與車,其他引起事故之違規或不當行為
11005AC591B3184,20210511,120.216967,23.012774,交通事故,交叉路口,臺南市北區北門路三段段號長榮路五段,1,晴,50,交岔路,交叉路口,行車管制號誌(附設行人專用號誌),車與車,未保持行車安全間隔
11005AC591B3191,20210524,120.213093,23.014721,交通事故,交叉路口,臺南市北區北安路一段段號公園路,2,晴,50,交岔路,交叉路口,行車管制號誌(附設行人專用號誌),車與車,未依規定讓車
11005AC591B3192,20210501,120.193826,23.018179,交通事故,一般地址,臺南市北區中華北路二段段9號,2,晴,0,單路部分,路段,無號誌,車與車,開啟車門不當而肇事
11005AC591B3193,20210502,120.210116,23.015405,交通事故,交叉路口,臺南市北區西門路四段段號文成三路,1,晴,50,交岔路,交叉路口,行車管制號誌,車與車,變換車道或方向不當
11005AC591B3194,20210504,120.201174,23.020994,交通事故,一般地址,臺南市北區中華北路二段段160號,2,晴,60,單路部分,路段,無號誌,汽(機)車本身,未注意車前狀態
11005AC591B3195,20210507,120.210785,23.01061,交通事故,交叉路口,臺南市北區和緯路段號公園路,3,晴,50,交岔路,交叉路口,行車管制號誌(附設行人專用號誌),車與車,違反特定標誌(線)禁制
11005AC591B3196,20210508,120.200057,23.007713,交通事故,交叉路口,臺南市北區海安路三段段276號育德二路51,2,晴,40,交岔路,交叉路口,閃光號誌,汽(機)車本身,未注意車前狀態
11005AC591B3197,20210511,120.203448,23.001451,交通事故,交叉路口,臺南市北區北華街段號自強街,2,晴,30,交岔路,交叉路口,無號誌,車與車,未依規定讓車
11005AC591B3198,20210511,120.205063,23.004601,交通事故,一般地址,臺南市北區西門路三段段270號,1,晴,50,單路部分,路段,無號誌,車與車,違反特定標誌(線)禁制
11005AC591B3199,20210511,120.193299,23.017971,交通事故,交叉路口,臺南市北區中華北路一段段號文賢路,1,晴,50,交岔路,交叉路口,行車管制號誌(附設行人專用號誌),車與車,未保持行車安全距離
11005AC591B3200,20210512,120.204384,23.003841,交通事故,交叉路口,臺南市北區西門路三段段號民德路,1,晴,50,交岔路,交叉路口,行車管制號誌(附設行人專用號誌),車與車,未依規定讓車
11005AC591B3201,20210512,120.202866,22.999184,交通事故,其他,臺南市北區段號成功路238巷口,1,晴,50,交岔路,交叉路口,行車管制號誌(附設行人專用號誌),車與車,未保持行車安全距離
11005AC591B3202,20210513,120.221192,23.010217,交通事故,交叉路口,臺南市北區北園街段87號開元路33316,1,晴,30,交岔路,交叉路口,無號誌,車與車,未依規定讓車
11005AC591B3203,20210513,120.213519,23.015161,交通事故,其他,臺南市北區段號公園路918巷口,1,晴,50,交岔路,交叉路口,無號誌,車與車,未依規定讓車
11005AC591B3204,20210514,120.219435,23.007017,交通事故,其他,臺南市北區段號開元路148巷口,3,晴,50,交岔路,交叉路口,行車管制號誌,車與車,迴轉未依規定
11005AC591B3205,20210518,120.206458,23.012195,交通事故,交叉路口,臺南市北區和緯路二段段號育德路,1,晴,40,交岔路,交叉路口,行車管制號誌,車與車,未保持行車安全距離
11005AC591B3206,20210523,120.212338,23.014897,交通事故,一般地址,臺南市北區公園路段5976號,2,晴,30,交岔路,交叉路口,無號誌,車與車,未依規定讓車
11005AC591B3207,20210524,120.218753,23.003108,交通事故,交叉路口,臺南市北區東豐路段號勝利路,1,晴,50,交岔路,交叉路口,行車管制號誌(附設行人專用號誌),車與車,未依規定讓車
11005AC591B3208,20210527,120.200691,23.011737,交通事故,交叉路口,臺南市北區和緯路二段段號海安路三段,1,晴,40,交岔路,交叉路口,行車管制號誌(附設行人專用號誌),汽(機)車本身,未注意車前狀態
11005AC591B3209,20210528,120.216996,23.017876,交通事故,其他,臺南市北區段號大武街337巷口,2,晴,30,交岔路,交叉路口,閃光號誌,車與車,未依規定讓車
11005AC591B3210,20210529,120.20912,23.022447,交通事故,其他,臺南市北區段號中華北路2段394號對面,1,晴,40,單路部分,路段,無號誌,車與車,疲勞(患病)駕駛失控
11005AC591B3221,20210518,120.203601,23.00964,交通事故,交叉路口,臺南市北區立賢路一段段號立賢路一段499,2,晴,50,交岔路,交叉路口,無號誌,車與車,未依規定讓車
11005AC591B3227,20210523,120.210242,23.006242,交通事故,交叉路口,臺南市北區公園路段1092號公園路107417,1,晴,30,交岔路,交叉路口,閃光號誌,車與車,未依規定讓車
11005AC591B3234,20210530,120.2097,23.007755,交通事故,交叉路口,臺南市北區西門路四段段號小北路,2,雨,50,交岔路,交叉路口,行車管制號誌,車與車,左轉彎未依規定
11005AC591B3235,20210529,120.22501,23.008242,交通事故,交叉路口,臺南市北區南園街段162號南園街16216,1,雨,30,交岔路,交叉路口,無號誌,車與車,未依規定讓車
11005AC591B3266,20210530,120.218419,23.013453,交通事故,一般地址,臺南市北區長榮路五段段24626號,2,雨,30,單路部分,路段,無號誌,人與汽(機)車,未注意車前狀態
11005AC591B3275,20210507,120.212791,23.014158,交通事故,一般地址,臺南市北區公園路段878號,1,晴,50,單路部分,路段,無號誌,人與汽(機)車,未依規定行走行人穿越道、地下道、天橋而穿越道路
11005AC591B3349,20210518,120.220919,23.008362,交通事故,一般地址,臺南市北區長榮路五段段8號,1,晴,50,單路部分,路段,無號誌,車與車,未保持行車安全距離
11005AC591B3369,20210514,120.225278,23.010428,交通事故,一般地址,臺南市北區開元路段402號,1,晴,50,交岔路,交叉路口,行車管制號誌,車與車,其他引起事故之違規或不當行為
11005AC691A0005,20210508,120.189693,22.936597,交通事故,一般地址,臺南市南區萬年路段363號,0,晴,50,單路部分,路段,無號誌,汽(機)車本身,不明原因肇事
11005AC691B0041,20210501,120.190088,22.971137,交通事故,交叉路口,臺南市南區鹽埕路段291號鹽埕路,2,晴,50,交岔路,交叉路口,無號誌,車與車,橫越道路不慎
11005AC691B0052,20210501,120.203598,22.978244,交通事故,交叉路口,臺南市南區南門路段號水交社一街,1,晴,50,交岔路,交叉路口,行車管制號誌,車與車,未依規定讓車
11005AC691B0090,20210502,120.17673,22.935906,交通事故,其他,臺南市南區段號台86快速道路東往西方向濱南端,3,晴,50,單路部分,路段,無號誌,車與車,未保持行車安全距離
11005AC691B0100,20210502,120.19204,22.988118,交通事故,交叉路口,臺南市南區金華路段號永華路,1,晴,50,交岔路,交叉路口,行車管制號誌(附設行人專用號誌),車與車,違反號誌管制或指揮
11005AC691B0104,20210501,120.189991,22.977728,交通事故,交叉路口,臺南市南區新孝路段號慶南街,1,晴,50,交岔路,交叉路口,無號誌,車與車,未依規定讓車
11005AC691B0166,20210503,120.190164,22.967263,交通事故,交叉路口,臺南市南區金華路段號新都路,3,晴,50,交岔路,交叉路口,行車管制號誌,車與車,左轉彎未依規定
11005AC691B0231,20210504,120.190866,22.974418,交通事故,交叉路口,臺南市南區金華路1段號金華路1503,2,晴,50,交岔路,交叉路口,無號誌,車與車,橫越道路不慎
11005AC691B0238,20210504,120.177189,22.935894,交通事故,一般地址,臺南市南區省道臺86線快速公路段號,1,晴,70,單路部分,路段,無號誌,車與車,未注意車前狀態
11005AC691B0244,20210504,120.197978,22.974879,交通事故,交叉路口,臺南市南區西門路1段號大成路,1,晴,50,交岔路,交叉路口,行車管制號誌,車與車,左轉彎未依規定
11005AC691B0247,20210504,120.190586,22.98159,交通事故,交叉路口,臺南市南區健康路段號慶南街,1,晴,50,交岔路,交叉路口,行車管制號誌,車與車,左轉彎未依規定
11005AC691B0314,20210505,120.207266,22.977831,交通事故,交叉路口,臺南市南區體育路段號體育路,2,晴,50,交岔路,交叉路口,無號誌,車與車,未保持行車安全間隔
11005AC691B0315,20210505,120.18532,22.973888,交通事故,交叉路口,臺南市南區新興路段號新建路,1,晴,50,交岔路,交叉路口,行車管制號誌,車與車,違反號誌管制或指揮
11005AC691B0333,20210505,120.187659,22.979896,交通事故,交叉路口,臺南市南區惠南街段號惠南街,1,晴,40,交岔路,交叉路口,無號誌,車與車,未依規定讓車
11005AC691B0336,20210505,120.203254,22.966741,交通事故,一般地址,臺南市南區中華南路一段段號0,5,晴,50,單路部分,路段,無號誌,車與車,裝卸貨物不當
11005AC691B0346,20210505,120.188697,22.974287,交通事故,交叉路口,臺南市南區新興路段48114號新興路481,1,晴,40,交岔路,交叉路口,無號誌,車與車,未依規定讓車
11005AC691B0347,20210505,120.199074,22.968672,交通事故,一般地址,臺南市南區新都路段259號0,2,晴,50,單路部分,路段,無號誌,車與車,起步未注意其他車(人)安全
11005AC691B0375,20210505,120.191493,22.981529,交通事故,交叉路口,臺南市南區金華路2段號健康路2,1,晴,50,交岔路,交叉路口,行車管制號誌,汽(機)車本身,其他引起事故之違規或不當行為
11005AC691B0387,20210505,120.191588,22.982786,交通事故,交叉路口,臺南市南區金華路2段號長南街,2,晴,50,交岔路,交叉路口,行車管制號誌,車與車,違反號誌管制或指揮
11005AC691B0393,20210506,120.183938,22.957613,交通事故,一般地址,臺南市南區濱南路段號0,1,晴,60,單路部分,路段,無號誌,車與車,未保持行車安全間隔
11005AC691B0402,20210506,120.181816,22.941419,交通事故,交叉路口,臺南市南區明興路段號省道臺86線快速公路,2,晴,50,交岔路,交叉路口,行車管制號誌,車與車,未保持行車安全距離
11005AC691B0409,20210506,120.215769,22.967317,交通事故,交叉路口,臺南市南區大同路2段640號國民路140,1,晴,40,交岔路,交叉路口,無號誌,車與車,未依規定讓車
11005AC691B0468,20210503,120.184436,22.930695,交通事故,交叉路口,臺南市南區明興路段1055號明興路105517,1,晴,50,交岔路,交叉路口,無號誌,車與車,未注意車前狀態
11005AC691B0471,20210506,120.188084,22.977514,交通事故,其他,臺南市南區段號金華路二段39巷97號,1,晴,30,交岔路,交叉路口,無號誌,車與車,未依規定讓車
11005AC691B0537,20210508,120.185575,22.981933,交通事故,一般地址,臺南市南區健康路2段423號0,6,晴,50,單路部分,路段,無號誌,車與車,未注意車前狀態
11005AC691B0576,20210507,120.203635,22.976502,交通事故,一般地址,臺南市南區南門路段341-3號,2,晴,40,單路部分,路段,閃光號誌,車與車,迴轉未依規定
11005AC691B0615,20210507,120.192383,22.966814,交通事故,一般地址,臺南市南區德興路段15號0,1,晴,50,單路部分,路段,無號誌,車與車,未注意車前狀態
11005AC691B0620,20210507,120.19646,22.983583,交通事故,交叉路口,臺南市南區西門路1段545號國華街,2,晴,30,交岔路,交叉路口,無號誌,車與車,未依規定讓車
11005AC691B0644,20210509,120.182172,22.926653,交通事故,交叉路口,臺南市南區灣裡路段號灣裡路282,2,晴,40,交岔路,交叉路口,無號誌,車與車,未依規定讓車
11005AC691B0647,20210508,120.209481,22.981152,交通事故,交叉路口,臺南市南區健康路段號健康路1113,2,晴,50,交岔路,交叉路口,行車管制號誌(附設行人專用號誌),車與車,未保持行車安全距離
11005AC691B0703,20210509,120.203873,22.976701,交通事故,一般地址,臺南市南區南門路段335號0,1,晴,50,單路部分,路段,無號誌,車與車,未保持行車安全距離
11005AC691B0760,20210510,120.182754,22.976095,交通事故,一般地址,臺南市南區新仁路段3號0,2,晴,50,單路部分,路段,無號誌,車與車,其他引起事故之違規或不當行為
11005AC691B0816,20210510,120.188491,22.931492,交通事故,交叉路口,臺南市南區萬年五街段102號萬年五街,1,晴,50,交岔路,交叉路口,無號誌,車與車,未依規定讓車
11005AC691B0817,20210506,120.189324,22.961289,交通事故,交叉路口,臺南市南區金華路1段號中華南路二段,1,晴,60,交岔路,交叉路口,行車管制號誌,車與車,未注意車前狀態
11005AC691B0849,20210506,120.189032,22.985056,交通事故,交叉路口,臺南市南區建南路段號文南一街,1,晴,50,交岔路,交叉路口,無號誌,汽(機)車本身,其他引起事故之違規或不當行為
11005AC691B0870,20210511,120.207444,22.97773,交通事故,交叉路口,臺南市南區體育路段21號體育路,2,晴,50,交岔路,交叉路口,無號誌,車與車,左轉彎未依規定
11005AC691B0888,20210511,120.195696,22.951203,交通事故,一般地址,臺南市南區永成路2段596號0,1,晴,60,單路部分,路段,無號誌,汽(機)車本身,其他引起事故之違規或不當行為
11005AC691B0956,20210512,120.187793,22.958849,交通事故,交叉路口,臺南市南區興隆路段號興隆路281,1,晴,50,交岔路,交叉路口,無號誌,車與車,左轉彎未依規定
11005AC691B0984,20210513,120.190867,22.988354,交通事故,一般地址,臺南市南區永華路1段249號,1,晴,50,單路部分,路段,無號誌,車與車,迴轉未依規定
11005AC691B1004,20210502,120.197571,22.980223,交通事故,一般地址,臺南市南區西門路1段411號,1,晴,50,單路部分,路段,無號誌,車與車,未依規定讓車
11005AC691B1030,20210501,120.200594,22.979625,交通事故,交叉路口,臺南市南區新興東路段號水交社路,1,晴,50,交岔路,交叉路口,行車管制號誌,車與車,變換車道或方向不當
11005AC691B1031,20210502,120.21444,22.967405,交通事故,交叉路口,臺南市南區國民路段號國民路50,1,晴,50,交岔路,交叉路口,行車管制號誌,車與車,違反號誌管制或指揮
11005AC691B1032,20210508,120.190586,22.98159,交通事故,交叉路口,臺南市南區健康路段號慶南街,1,晴,50,交岔路,交叉路口,行車管制號誌,車與車,左轉彎未依規定
11005AC691B1037,20210513,120.183843,22.970146,交通事故,交叉路口,臺南市南區中華西路1段號新義路,1,晴,60,交岔路,交叉路口,行車管制號誌,車與車,迴轉未依規定
11005AC691B1038,20210512,120.191582,22.964855,交通事故,交叉路口,臺南市南區永春街段號永興三街,1,晴,50,交岔路,交叉路口,無號誌,車與車,未依規定讓車
11005AC691B1076,20210513,120.195411,22.958808,交通事故,交叉路口,臺南市南區永成路2段號興隆路,3,晴,50,交岔路,交叉路口,行車管制號誌,車與車,違反號誌管制或指揮
11005AC691B1105,20210514,120.21095,22.970109,交通事故,交叉路口,臺南市南區中華南路一段段號中華南路一段175,1,晴,60,交岔路,交叉路口,行車管制號誌(附設行人專用號誌),車與車,未注意車前狀態
11005AC691B1120,20210513,120.194294,22.987711,交通事故,交叉路口,臺南市南區永華路1段號永華路198,1,晴,50,交岔路,交叉路口,無號誌,車與車,起步未注意其他車(人)安全
11005AC691B1127,20210514,120.190343,22.971609,交通事故,交叉路口,臺南市南區金華路1段420號鹽埕路,2,晴,30,交岔路,交叉路口,無號誌,車與車,未依規定讓車
11005AC691B1183,20210509,120.197508,22.986334,交通事故,交叉路口,臺南市南區西門路段號樹林街,2,晴,50,交岔路,交叉路口,行車管制號誌(附設行人專用號誌),車與車,違反特定標誌(線)禁制
11005AC691B1192,20210514,120.215804,22.966963,交通事故,一般地址,臺南市南區大同路2段706號,1,晴,60,單路部分,路段,無號誌,車與車,起步未注意其他車(人)安全
11005AC691B1193,20210509,120.195369,22.966385,交通事故,交叉路口,臺南市南區永成路段號永成路3157,1,晴,50,交岔路,交叉路口,無號誌,車與車,右轉彎未依規定
11005AC691B1215,20210503,120.184818,22.923372,交通事故,交叉路口,臺南市南區明興路段號明興路1312,2,雨,50,交岔路,交叉路口,行車管制號誌,車與車,未注意車前狀態
11005AC691B1285,20210501,120.183781,22.973384,交通事故,其他,臺南市南區段號中華西路往南(近新信路),1,晴,60,單路部分,路段,無號誌,車與車,未注意車前狀態
11005AC691B1349,20210516,120.211741,22.981117,交通事故,交叉路口,臺南市南區健康路1段號大同路2,2,晴,50,交岔路,交叉路口,行車管制號誌,車與車,違反特定標誌(線)禁制
11005AC691B1379,20210507,120.200626,22.979736,交通事故,交叉路口,臺南市南區水交社路段號新興東路,2,晴,50,交岔路,交叉路口,行車管制號誌(附設行人專用號誌),車與車,未依規定讓車
11005AC691B1383,20210516,120.21519,22.970842,交通事故,交叉路口,臺南市南區大同路2段61號大同路2,1,晴,50,交岔路,交叉路口,行車管制號誌,車與車,違反號誌管制或指揮