案件編號,發生日期,GPS經度,GPS緯度,案件類別名稱,地址類型名稱,發生縣市名稱,受傷人數,天候名稱, 速限-第1當事者,道路型態大類別名稱,事故位置大類別名稱,號誌-號誌種類名稱,事故類型及型態大類別名稱,肇因研判子類別名稱-主要
11005AC691B1427,20210517,120.185273,22.967352,交通事故,交叉路口,臺南市南區新和東路段號新建路,1,晴,50,交岔路,交叉路口,行車管制號誌,車與車,未依規定讓車
11005AC691B1475,20210516,120.207104,22.973978,交通事故,交叉路口,臺南市南區國民路段532號大林路,1,晴,50,交岔路,交叉路口,行車管制號誌,車與車,左轉彎未依規定
11005AC691B1481,20210517,120.18429,22.920174,交通事故,交叉路口,臺南市南區灣裡路段211號明興路,1,晴,50,交岔路,交叉路口,行車管制號誌,車與車,未注意車前狀態
11005AC691B1567,20210503,120.183848,22.973218,交通事故,交叉路口,臺南市南區中華西路段號新興路,1,晴,60,交岔路,交叉路口,行車管制號誌,車與車,未依規定讓車
11005AC691B1587,20210508,120.204786,22.97423,交通事故,一般地址,臺南市南區國民路段595號,1,晴,50,單路部分,路段,無號誌,汽(機)車本身,尚未發現肇事因素
11005AC691B1617,20210519,120.193253,22.981522,交通事故,交叉路口,臺南市南區健康路段號福吉路,1,晴,50,交岔路,其他,行車管制號誌(附設行人專用號誌),人與汽(機)車,搶越行人穿越道
11005AC691B1702,20210520,120.18821,22.979493,交通事故,交叉路口,臺南市南區惠南街段號聖南街,2,晴,30,交岔路,交叉路口,無號誌,車與車,未依規定讓車
11005AC691B1729,20210520,120.189469,22.977746,交通事故,一般地址,臺南市南區新孝路段58號,1,晴,40,單路部分,路段,無號誌,人與汽(機)車,其他引起事故之違規或不當行為
11005AC691B1735,20210520,120.190928,22.976362,交通事故,一般地址,臺南市南區金華路2段211號0,1,晴,50,單路部分,路段,無號誌,車與車,未注意車前狀態
11005AC691B1736,20210520,120.185163,22.982155,交通事故,交叉路口,臺南市南區健康路段號中華西路113720,2,晴,50,交岔路,交叉路口,無號誌,車與車,未依規定讓車
11005AC691B1741,20210520,120.172513,22.9619,交通事故,交叉路口,臺南市南區鯤鯓路段102號鯤鯓路232,1,晴,50,交岔路,交叉路口,無號誌,車與車,左轉彎未依規定
11005AC691B1749,20210519,120.188896,22.973028,交通事故,一般地址,臺南市南區利南街段150號0,1,晴,50,單路部分,路段,無號誌,車與車,逆向行駛
11005AC691B1754,20210520,120.177387,22.96337,交通事故,一般地址,臺南市南區新平路段25號,1,晴,50,單路部分,路段,無號誌,車與車,變換車道或方向不當
11005AC691B1757,20210519,120.198897,22.967542,交通事故,其他,臺南市南區段號新都路往南(庫錢爐示範園區),1,晴,50,單路部分,路段,無號誌,汽(機)車本身,其他引起事故之違規或不當行為
11005AC691B1806,20210508,120.189873,22.974442,交通事故,交叉路口,臺南市南區金華路1段503號新興路439,1,晴,30,交岔路,交叉路口,無號誌,車與車,未依規定讓車
11005AC691B1807,20210503,120.198613,22.96361,交通事故,交叉路口,臺南市南區中華南路一段段號西門路,1,雨,50,交岔路,交叉路口,行車管制號誌,車與車,其他引起事故之違規或不當行為
11005AC691B1819,20210521,120.208665,22.970282,交通事故,交叉路口,臺南市南區國民路段50號國民路,3,晴,50,交岔路,交叉路口,行車管制號誌,車與車,未保持行車安全距離
11005AC691B1841,20210521,120.192814,22.967097,交通事故,交叉路口,臺南市南區新都路段475號新都路,2,晴,50,交岔路,交叉路口,無號誌,車與車,左轉彎未依規定
11005AC691B1867,20210521,120.197855,22.975799,交通事故,交叉路口,臺南市南區西門路1段333號西門路1,2,晴,50,交岔路,交叉路口,行車管制號誌,車與車,未注意車前狀態
11005AC691B1879,20210521,120.199241,22.981488,交通事故,交叉路口,臺南市南區健康路1段號永福路,1,晴,50,交岔路,交叉路口,行車管制號誌,車與車,違反號誌管制或指揮
11005AC691B1881,20210521,120.189808,22.964659,交通事故,一般地址,臺南市南區金華路1段136號0,1,晴,50,單路部分,路段,無號誌,人與汽(機)車,其他引起事故之疏失或行為
11005AC691B1890,20210503,120.190586,22.98159,交通事故,交叉路口,臺南市南區健康路段號慶南街,2,晴,50,交岔路,交叉路口,行車管制號誌,車與車,未注意車前狀態
11005AC691B1902,20210504,120.193508,22.964713,交通事故,交叉路口,臺南市南區永興三街段號永吉街,1,晴,50,交岔路,交叉路口,閃光號誌,車與車,未依規定讓車
11005AC691B1903,20210509,120.192556,22.964207,交通事故,一般地址,臺南市南區德興路段113號,1,晴,50,單路部分,路段,無號誌,汽(機)車本身,其他引起事故之違規或不當行為
11005AC691B1906,20210510,120.197555,22.981331,交通事故,交叉路口,臺南市南區西門路段號健康路,2,晴,50,交岔路,交叉路口,行車管制號誌,車與車,未依規定讓車
11005AC691B1909,20210503,120.187704,22.981963,交通事故,交叉路口,臺南市南區健康路段號惠南街,1,晴,50,交岔路,交叉路口,行車管制號誌,汽(機)車本身,其他引起事故之違規或不當行為
11005AC691B1915,20210503,120.19968,22.974981,交通事故,一般地址,臺南市南區大成路1段136號0,1,晴,50,交岔路,交叉路口,閃光號誌,車與車,未依規定讓車
11005AC691B1917,20210504,120.187066,22.926302,交通事故,一般地址,臺南市南區同興路段410號0,1,晴,50,單路部分,路段,無號誌,車與車,裝載貨物不穩妥
11005AC691B1935,20210522,120.188601,22.9797,交通事故,一般地址,臺南市南區惠南街段8412號0,1,晴,50,單路部分,路段,無號誌,車與車,起步未注意其他車(人)安全
11005AC691B1944,20210511,120.190007,22.971039,交通事故,一般地址,臺南市南區鹽埕路段285號,2,晴,50,交岔路,交叉路口,無號誌,車與車,起步未注意其他車(人)安全
11005AC691B1946,20210501,120.193477,22.925272,交通事故,一般地址,臺南市南區同興路段20號,1,晴,50,交岔路,交叉路口,無號誌,汽(機)車本身,尚未發現肇事因素
11005AC691B1948,20210522,120.203778,22.981386,交通事故,交叉路口,臺南市南區南門路段號健康路,1,晴,50,交岔路,交叉路口,行車管制號誌,車與車,左轉彎未依規定
11005AC691B1951,20210512,120.192565,22.963662,交通事故,交叉路口,臺南市南區德興路段號德興路123,1,晴,30,交岔路,交叉路口,無號誌,車與車,未依規定讓車
11005AC691B1965,20210513,120.197348,22.932375,交通事故,其他,臺南市南區段號台86側車道與涵洞口,2,晴,40,交岔路,交叉路口,無號誌,車與車,未依規定讓車
11005AC691B1975,20210521,120.190628,22.971525,交通事故,交叉路口,臺南市南區無名道路段號金華路1,2,晴,40,交岔路,交叉路口,無號誌,車與車,未依規定讓車
11005AC691B2014,20210510,120.183829,22.98244,交通事故,一般地址,臺南市南區健康路2段502號0,2,晴,50,交岔路,交叉路口,無號誌,車與車,變換車道或方向不當
11005AC691B2015,20210515,120.183848,22.973218,交通事故,交叉路口,臺南市南區中華西路段號新興路,1,晴,60,交岔路,交叉路口,行車管制號誌,車與車,未依規定讓車
11005AC691B2020,20210505,120.190701,22.972608,交通事故,交叉路口,臺南市南區金華路1段號金華路1460,1,晴,50,交岔路,交叉路口,行車管制號誌,車與車,未依規定讓車
11005AC691B2095,20210523,120.191493,22.981529,交通事故,交叉路口,臺南市南區金華路段號健康路,1,晴,50,交岔路,交叉路口,行車管制號誌,車與車,未依規定讓車
11005AC691B2111,20210524,120.189889,22.965544,交通事故,交叉路口,臺南市南區金華路1段號永仁街,2,晴,50,交岔路,交叉路口,行車管制號誌,車與車,未依規定讓車
11005AC691B2118,20210517,120.215642,22.968449,交通事故,交叉路口,臺南市南區大同路2段號大同路2656,2,晴,50,交岔路,交叉路口,行車管制號誌,車與車,違反特定標誌(線)禁制
11005AC691B2180,20210524,120.184662,22.950666,交通事故,交叉路口,臺南市南區明興路段號喜樹路,2,晴,50,交岔路,交叉路口,行車管制號誌,車與車,迴轉未依規定
11005AC691B2182,20210524,120.188383,22.962951,交通事故,一般地址,臺南市南區中華南路二段段3003011號0,1,晴,30,單路部分,路段,無號誌,車與車,未注意車前狀態
11005AC691B2209,20210524,120.214077,22.967176,交通事故,一般地址,臺南市南區國民路段69號0,1,晴,50,單路部分,路段,無號誌,車與車,裝卸貨物不當
11005AC691B2217,20210525,120.209965,22.969005,交通事故,交叉路口,臺南市南區中華南路一段段號國民路,1,晴,50,交岔路,交叉路口,行車管制號誌,車與車,左轉彎未依規定
11005AC691B2227,20210524,120.197699,22.974887,交通事故,交叉路口,臺南市南區西門路1段號大成路1,2,晴,50,交岔路,交叉路口,行車管制號誌,車與車,不明原因肇事
11005AC691B2257,20210525,120.195414,22.973272,交通事故,一般地址,臺南市南區永成路3段483號0,1,晴,50,單路部分,路段,無號誌,車與車,變換車道或方向不當
11005AC691B2259,20210525,120.187333,22.966445,交通事故,交叉路口,臺南市南區鹽埕路段10328號鹽埕路10338,2,晴,50,交岔路,交叉路口,無號誌,車與車,未依規定讓車
11005AC691B2268,20210517,120.18841,22.926249,交通事故,交叉路口,臺南市南區同興路段號萬年五街,1,晴,50,交岔路,交叉路口,行車管制號誌,車與車,左轉彎未依規定
11005AC691B2271,20210517,120.191107,22.976715,交通事故,交叉路口,臺南市南區金華路2段號金華路227,1,晴,50,交岔路,交叉路口,無號誌,汽(機)車本身,疲勞(患病)駕駛失控
11005AC691B2276,20210525,120.190108,22.979196,交通事故,交叉路口,臺南市南區金華路2段81號慶南街,2,晴,40,交岔路,交叉路口,無號誌,車與車,未依規定讓車
11005AC691B2280,20210525,120.182231,22.926195,交通事故,一般地址,臺南市南區灣裡路段283號,1,晴,50,單路部分,路段,無號誌,車與車,起步未注意其他車(人)安全
11005AC691B2313,20210513,120.178585,22.979463,交通事故,交叉路口,臺南市南區新樂路段號新忠路,1,晴,50,交岔路,交叉路口,行車管制號誌,車與車,起步未注意其他車(人)安全
11005AC691B2315,20210515,120.194982,22.98134,交通事故,交叉路口,臺南市南區健康路段號夏林路,1,晴,50,交岔路,交叉路口,行車管制號誌,車與車,未依規定讓車
11005AC691B2329,20210501,120.185302,22.973969,交通事故,交叉路口,臺南市南區新興路段號新建路,1,晴,50,交岔路,交叉路口,行車管制號誌,車與車,未注意車前狀態
11005AC691B2332,20210502,120.189999,22.984942,交通事故,交叉路口,臺南市南區建南路段號文南路,1,晴,50,交岔路,交叉路口,行車管制號誌,車與車,違反號誌管制或指揮
11005AC691B2337,20210506,120.195109,22.981446,交通事故,交叉路口,臺南市南區健康路2段號夏林路,1,晴,50,交岔路,交叉路口,行車管制號誌,車與車,左轉彎未依規定
11005AC691B2345,20210507,120.197508,22.986334,交通事故,交叉路口,臺南市南區西門路1段號樹林街2,1,晴,50,交岔路,交叉路口,行車管制號誌,車與車,左轉彎未依規定
11005AC691B2364,20210509,120.18418,22.92009,交通事故,交叉路口,臺南市南區明興路段號灣裡路,1,晴,50,交岔路,交叉路口,無號誌,車與車,未保持行車安全間隔
11005AC691B2418,20210511,120.207109,22.981044,交通事故,交叉路口,臺南市南區體育路段號體育路3,2,晴,50,交岔路,交叉路口,無號誌,車與車,起步未注意其他車(人)安全
11005AC691B2423,20210512,120.18429,22.976333,交通事故,交叉路口,臺南市南區中華西路段號新仁路,1,晴,60,交岔路,交叉路口,行車管制號誌,車與車,變換車道或方向不當
11005AC691B2439,20210518,120.189324,22.961289,交通事故,交叉路口,臺南市南區金華路1段號中華南路二段2,1,晴,50,交岔路,交叉路口,行車管制號誌,車與車,未保持行車安全間隔
11005AC691B2441,20210515,120.197508,22.986334,交通事故,交叉路口,臺南市南區西門路段號樹林街,2,晴,50,交岔路,交叉路口,行車管制號誌,車與車,左轉彎未依規定
11005AC691B2445,20210518,120.183532,22.923676,交通事故,一般地址,臺南市南區興南街段63號0,1,晴,50,單路部分,路段,無號誌,車與車,起步未注意其他車(人)安全
11005AC691B2449,20210514,120.182668,22.981495,交通事故,一般地址,臺南市南區中華西路1段10976號0,1,晴,30,交岔路,交叉路口,無號誌,車與車,未依規定讓車
11005AC691B2454,20210509,120.189991,22.977728,交通事故,交叉路口,臺南市南區新孝路段號慶南街,1,晴,50,交岔路,交叉路口,無號誌,車與車,未依規定讓車
11005AC691B2459,20210505,120.190164,22.967263,交通事故,交叉路口,臺南市南區金華路段號新都路,2,晴,50,交岔路,交叉路口,行車管制號誌,車與車,未保持行車安全間隔
11005AC691B2520,20210510,120.19474,22.967151,交通事故,交叉路口,臺南市南區金華路1段352號新都路,1,晴,30,交岔路,交叉路口,無號誌,車與車,未依規定讓車
11005AC691B2526,20210516,120.176068,22.937894,交通事故,交叉路口,臺南市南區濱南路段號喜樹路340,2,晴,60,交岔路,交叉路口,行車管制號誌,車與車,未注意車前狀態
11005AC691B2548,20210529,120.175239,22.922436,交通事故,一般地址,臺南市南區濱南路段號,1,晴,60,交岔路,交叉路口,無號誌,車與車,未依規定讓車
11005AC691B2574,20210529,120.213369,22.976381,交通事故,一般地址,臺南市南區大林路段8號,1,陰,40,單路部分,路段,無號誌,車與車,開啟車門不當而肇事
11005AC691B2589,20210521,120.208028,22.971332,交通事故,一般地址,臺南市南區國民路段272號0,1,晴,50,單路部分,路段,無號誌,車與車,其他引起事故之違規或不當行為
11005AC691B2616,20210514,120.190953,22.986548,交通事故,一般地址,臺南市南區金華路2段3857號0,2,晴,50,交岔路,交叉路口,無號誌,車與車,未依規定讓車
11005AC691B2632,20210530,120.188558,22.967779,交通事故,一般地址,臺南市南區鹽埕路段100號,1,陰,40,單路部分,路段,無號誌,車與車,未注意車前狀態
11005AC691B2688,20210516,120.195314,22.958589,交通事故,一般地址,臺南市南區永成路2段769號0,1,晴,50,單路部分,路段,無號誌,車與車,不明原因肇事
11005AC691B2691,20210503,120.191177,22.975975,交通事故,一般地址,臺南市南區金華路2段18號0,2,晴,50,單路部分,路段,無號誌,人與汽(機)車,未注意車前狀態
11005AC691B2705,20210508,120.18647,22.983247,交通事故,一般地址,臺南市南區中華西路1段310號0,2,晴,50,單路部分,路段,無號誌,車與車,起步未注意其他車(人)安全
11005AC691B2720,20210503,120.186768,22.95884,交通事故,交叉路口,臺南市南區興隆路段號南和路,1,晴,50,交岔路,交叉路口,行車管制號誌,車與車,未依規定讓車
11005AC691B2730,20210517,120.212994,22.969367,交通事故,一般地址,臺南市南區公英五街段42號0,1,晴,30,交岔路,交叉路口,無號誌,車與車,未依規定讓車
11005AC691B2736,20210510,120.187022,22.98079,交通事故,一般地址,臺南市南區賢南街段95號0,1,晴,50,單路部分,路段,無號誌,車與車,倒車未依規定
11005AC691B2761,20210504,120.184391,22.976335,交通事故,交叉路口,臺南市南區中華西路段號新仁路,2,晴,60,交岔路,交叉路口,行車管制號誌,車與車,違反號誌管制或指揮
11005AC691B2787,20210503,120.189274,22.961582,交通事故,一般地址,臺南市南區金華路1段1號,2,雨,50,交岔路,交叉路口,無號誌,車與車,未依規定讓車
11005AC691B2794,20210527,120.188806,22.977854,交通事故,交叉路口,臺南市南區新孝路段號尊南街,1,晴,50,交岔路,交叉路口,行車管制號誌,車與車,未保持行車安全距離
11005AC691B2796,20210525,120.190711,22.972451,交通事故,一般地址,臺南市南區金華路1段458號,3,晴,50,交岔路,交叉路口,行車管制號誌,車與車,未保持行車安全距離
11005AC691B2800,20210525,120.184759,22.961792,交通事故,交叉路口,臺南市南區中華南路二段段號中華南路二段400,1,晴,40,交岔路,交叉路口,無號誌,汽(機)車本身,未注意車前狀態
11005AC691B2805,20210526,120.192649,22.97493,交通事故,一般地址,臺南市南區大成路2段174號,1,晴,50,交岔路,交叉路口,行車管制號誌,車與車,未保持行車安全距離
11005AC691B2811,20210514,120.203705,22.975678,交通事故,交叉路口,臺南市南區南門路段號新都路,2,晴,50,交岔路,交叉路口,行車管制號誌,車與車,橫越道路不慎
11005AC691B2812,20210514,120.192394,22.981475,交通事故,一般地址,臺南市南區健康路1段191號0,1,晴,50,單路部分,路段,無號誌,車與車,起步未注意其他車(人)安全
11005AC691B2817,20210517,120.189991,22.977728,交通事故,交叉路口,臺南市南區新孝路段號慶南街,1,晴,50,交岔路,交叉路口,無號誌,車與車,起步未注意其他車(人)安全
11005AC691B2819,20210520,120.213612,22.977639,交通事故,一般地址,臺南市南區大同路2段176號0,2,晴,50,交岔路,交叉路口,行車管制號誌,人與汽(機)車,未依標誌、標線、號誌或手勢指揮穿越道路
11005AC691B2824,20210526,120.190194,22.967367,交通事故,交叉路口,臺南市南區金華路段號新都路,2,晴,50,交岔路,交叉路口,行車管制號誌,車與車,左轉彎未依規定
11005AC691B2825,20210526,120.194896,22.981486,交通事故,交叉路口,臺南市南區健康路段號夏林路,1,晴,50,交岔路,交叉路口,行車管制號誌,車與車,未注意車前狀態
11005AC691B2829,20210507,120.203698,22.975776,交通事故,一般地址,臺南市南區南門路段307號0,1,晴,50,單路部分,路段,無號誌,車與車,未注意車前狀態
11005AC691B2830,20210514,120.186004,22.928652,交通事故,交叉路口,臺南市南區灣裡路段211號明興路,1,晴,50,交岔路,交叉路口,行車管制號誌,車與車,未保持行車安全間隔
11005AC691B2834,20210505,120.185154,22.977883,交通事故,交叉路口,臺南市南區新孝路段172號新孝路,1,晴,50,交岔路,交叉路口,無號誌,車與車,未依規定讓車
11005AC691B2837,20210515,120.194542,22.977704,交通事故,一般地址,臺南市南區新興路段165號0,1,晴,50,單路部分,路段,無號誌,車與車,起步未注意其他車(人)安全
11005AC691B2841,20210514,120.190786,22.984398,交通事故,交叉路口,臺南市南區金華路2段289號金華路228923,3,晴,30,交岔路,交叉路口,無號誌,車與車,未依規定讓車
11005AC691B2857,20210515,120.210404,22.968729,交通事故,一般地址,臺南市南區國民路段244號0,1,晴,50,單路部分,路段,無號誌,車與車,未注意車前狀態
11005AC691B2955,20210530,120.195215,22.977345,交通事故,交叉路口,臺南市南區夏林路段號新興路161,1,雨,50,交岔路,交叉路口,無號誌,車與車,未依規定讓車
11005AC691B2959,20210522,120.184191,22.919672,交通事故,交叉路口,臺南市南區明興路段號灣裡路,1,晴,50,交岔路,交叉路口,行車管制號誌,車與車,未依規定讓車
11005AC691B2961,20210522,120.210875,22.968198,交通事故,一般地址,臺南市南區國民路段210號,1,晴,50,單路部分,路段,無號誌,車與車,逆向行駛
11005AC691B2962,20210526,120.200615,22.979682,交通事故,交叉路口,臺南市南區水交社路段號新興東路,1,晴,40,交岔路,交叉路口,行車管制號誌,車與車,違反特定標誌(線)禁制
11005AC691B2969,20210528,120.193122,22.976719,交通事故,一般地址,臺南市南區新興路段237號,2,晴,50,單路部分,路段,無號誌,車與車,違反特定標誌(線)禁制
11005AC691B2971,20210501,120.194157,22.974895,交通事故,一般地址,臺南市南區大成路2段123號0,1,晴,50,交岔路,交叉路口,閃光號誌,車與車,未注意車前狀態
11005AC691B2987,20210524,120.188787,22.977511,交通事故,交叉路口,臺南市南區金華路2段39號尊南街,2,晴,30,交岔路,交叉路口,無號誌,車與車,未依規定讓車
11005AC691B3000,20210505,120.188056,22.960513,交通事故,交叉路口,臺南市南區南和路段號無名道路,2,晴,50,交岔路,交叉路口,無號誌,車與車,其他引起事故之違規或不當行為
11005AC691B3003,20210515,120.194962,22.987526,交通事故,交叉路口,臺南市南區夏林路段號永華路,1,晴,50,交岔路,其他,行車管制號誌,人與汽(機)車,搶越行人穿越道
11005AC691B3005,20210505,120.190247,22.968046,交通事故,交叉路口,臺南市南區金華路1段336號金華路,2,晴,50,交岔路,交叉路口,無號誌,車與車,橫越道路不慎
11005AC691B3011,20210516,120.196354,22.986542,交通事故,一般地址,臺南市南區國華街1段124號0,2,晴,50,單路部分,路段,無號誌,車與車,迴轉未依規定
11005AC691B3038,20210517,120.216062,22.965895,交通事故,一般地址,臺南市南區大同路2段750號0,1,晴,60,交岔路,交叉路口,行車管制號誌,汽(機)車本身,其他裝載不當肇事
11005AC691B3040,20210507,120.184009,22.974276,交通事故,交叉路口,臺南市南區中華西路1段2號中華西路,1,晴,60,交岔路,交叉路口,行車管制號誌,車與車,未依規定讓車
11005AC691B3042,20210510,120.188419,22.929271,交通事故,交叉路口,臺南市南區萬年五街段號萬年八街,3,晴,50,交岔路,交叉路口,無號誌,車與車,未依規定讓車
11005AC691B3043,20210531,120.197526,22.985104,交通事故,交叉路口,臺南市南區西門路段號南寧街,2,晴,50,交岔路,交叉路口,行車管制號誌,車與車,左轉彎未依規定
11005AC691B3046,20210514,120.188183,22.97852,交通事故,交叉路口,臺南市南區惠南街段號惠南街47,1,晴,50,交岔路,交叉路口,無號誌,車與車,未注意車前狀態
11005AC691B3143,20210512,120.19085,22.961425,交通事故,交叉路口,臺南市南區中華南路二段段185號中華南路二段185,1,晴,40,交岔路,交叉路口,無號誌,車與車,起步未注意其他車(人)安全
11005AC691B3144,20210517,120.189709,22.92939,交通事故,交叉路口,臺南市南區萬年五街段400號萬年七街,2,晴,40,交岔路,交叉路口,無號誌,車與車,未依規定讓車
11005AC691B3145,20210517,120.195569,22.939538,交通事故,交叉路口,臺南市南區永成路段號萬年路,1,晴,60,單路部分,路段,行車管制號誌,車與車,未保持行車安全距離
11005AC691B3153,20210524,120.203778,22.981386,交通事故,交叉路口,臺南市南區健康路1段號南門路,3,晴,50,交岔路,交叉路口,行車管制號誌,車與車,左轉彎未依規定
11005AC691B3159,20210503,120.197623,22.978013,交通事故,一般地址,臺南市南區西門路1段339號0,1,晴,50,交岔路,路段,行車管制號誌,車與車,未注意車前狀態
11005AC691B3163,20210525,120.187088,22.968246,交通事故,交叉路口,臺南市南區鹽埕路段131號鹽埕路159,1,晴,30,交岔路,交叉路口,無號誌,車與車,未依規定讓車
11005AC691B3170,20210531,120.195545,22.956604,交通事故,交叉路口,臺南市南區永成路2段699號永成路,2,晴,60,交岔路,交叉路口,行車管制號誌,車與車,違反號誌管制或指揮
11005AC691B3172,20210517,120.191151,22.975608,交通事故,交叉路口,臺南市南區金華路2段147號慶南街,1,晴,40,交岔路,交叉路口,無號誌,車與車,未依規定讓車
11005AC691B3173,20210517,120.192946,22.976768,交通事故,一般地址,臺南市南區新興路段228-1號0,2,晴,50,單路部分,路段,無號誌,車與車,未保持行車安全距離
11005AC691B3178,20210527,120.184806,22.923378,交通事故,交叉路口,臺南市南區明興路段號明興路1312,1,晴,50,交岔路,交叉路口,行車管制號誌,車與車,左轉彎未依規定
11005AC691B3179,20210524,120.18387,22.967362,交通事故,交叉路口,臺南市南區中華西路1段號新和東路,1,晴,60,交岔路,交叉路口,行車管制號誌,汽(機)車本身,未注意車前狀態
11005AC691B3180,20210526,120.187657,22.979893,交通事故,一般地址,臺南市南區惠南街段91號0,2,晴,30,交岔路,交叉路口,無號誌,車與車,未注意車前狀態
11005AC691B3181,20210527,120.203778,22.981386,交通事故,交叉路口,臺南市南區健康路1段號南門路,2,晴,50,交岔路,交叉路口,行車管制號誌,車與車,左轉彎未依規定
11005AC691B3182,20210528,120.188654,22.97538,交通事故,交叉路口,臺南市南區尊南街段號新興路416,1,晴,50,交岔路,交叉路口,無號誌,汽(機)車本身,未注意車前狀態
11005AC691B3229,20210517,120.181518,22.921246,交通事故,一般地址,臺南市南區興南街段200號0,1,晴,50,單路部分,路段,無號誌,車與車,起步未注意其他車(人)安全
11005AC691B3230,20210517,120.200676,22.975003,交通事故,交叉路口,臺南市南區大成路1段號大成路1168,1,晴,50,交岔路,交叉路口,閃光號誌,汽(機)車本身,其他引起事故之違規或不當行為
11005AC691B3237,20210527,120.189503,22.988583,交通事故,交叉路口,臺南市南區永華路段號南樂街,1,晴,50,交岔路,交叉路口,閃光號誌,車與車,未依規定讓車
11005AC691B3239,20210531,120.191151,22.975608,交通事故,交叉路口,臺南市南區金華路2段號金華路263,1,晴,50,交岔路,交叉路口,無號誌,車與車,迴轉未依規定
11005AC691B3241,20210525,120.18001,22.949407,交通事故,一般地址,臺南市南區喜樹路段10號0,1,晴,50,交岔路,交叉路口,無號誌,車與車,未依規定讓車
11005AC691B3243,20210528,120.203778,22.981386,交通事故,交叉路口,臺南市南區健康路1段號南門路,1,晴,50,交岔路,交叉路口,行車管制號誌,人與汽(機)車,搶越行人穿越道
11005AC691B3251,20210527,120.181506,22.932242,交通事故,其他,臺南市南區段號灣裡路67號後方道路,1,晴,30,單路部分,其他,無號誌,車與車,未注意車前狀態
11005AC691B3254,20210528,120.19528,22.96249,交通事故,一般地址,臺南市南區中華南路二段段2號,1,陰,60,交岔路,交叉路口,行車管制號誌,車與車,倒車未依規定
11005AC691B3255,20210528,120.181451,22.929097,交通事故,交叉路口,臺南市南區灣裡路段號灣裡路162,2,晴,50,交岔路,交叉路口,無號誌,車與車,左轉彎未依規定
11005AC691B3259,20210517,120.197603,22.97977,交通事故,交叉路口,臺南市南區西門路段號新興東路,1,晴,50,交岔路,交叉路口,行車管制號誌,車與車,右轉彎未依規定
11005AC691B3260,20210517,120.196308,22.987396,交通事故,交叉路口,臺南市南區永華路段號國華街,2,晴,50,交岔路,交叉路口,行車管制號誌,車與車,左轉彎未依規定
11005AC691B3262,20210518,120.189925,22.965604,交通事故,一般地址,臺南市南區金華路1段172號0,1,晴,50,交岔路,交叉路口,行車管制號誌,車與車,未注意車前狀態
11005AC691B3263,20210518,120.190976,22.975266,交通事故,交叉路口,臺南市南區金華路段號新興路,1,晴,50,交岔路,交叉路口,行車管制號誌,車與車,未保持行車安全距離
11005AC691B3264,20210517,120.195536,22.965685,交通事故,一般地址,臺南市南區永成路3段220號0,2,晴,50,單路部分,路段,無號誌,車與車,起步未注意其他車(人)安全
11005AC691B3267,20210523,120.190163,22.98719,交通事故,一般地址,臺南市南區文南路段314號0,1,晴,50,單路部分,路段,無號誌,車與車,未保持行車安全間隔
11005AC691B3268,20210531,120.1859,22.985244,交通事故,交叉路口,臺南市南區建南路段號南功街,1,雨,50,交岔路,交叉路口,無號誌,車與車,未保持行車安全距離
11005AC691B3272,20210512,120.184718,22.977994,交通事故,交叉路口,臺南市南區中華西路段號新孝路,1,晴,60,交岔路,交叉路口,行車管制號誌,汽(機)車本身,其他引起事故之違規或不當行為
11005AC691B3288,20210518,120.187232,22.978008,交通事故,交叉路口,臺南市南區新建路段3號觀光城路,1,晴,50,交岔路,交叉路口,閃光號誌,車與車,未依規定讓車
11005AC691B3294,20210519,120.187606,22.959426,交通事故,交叉路口,臺南市南區明興路段號無名道路,2,晴,40,交岔路,交叉路口,無號誌,車與車,未依規定讓車
11005AC691B3295,20210519,120.200626,22.979736,交通事故,交叉路口,臺南市南區水交社路段號新興東路,1,晴,50,交岔路,交叉路口,行車管制號誌,車與車,左轉彎未依規定
11005AC691B3296,20210531,120.187558,22.978411,交通事故,交叉路口,臺南市南區金華路2段51號觀光城路,1,雨,40,交岔路,交叉路口,無號誌,車與車,未依規定讓車
11005AC691B3297,20210531,120.181011,22.98152,交通事故,交叉路口,臺南市南區中華西路1段109號新樂路,1,晴,50,交岔路,交叉路口,行車管制號誌,車與車,左轉彎未依規定
11005AC691B3322,20210518,120.197446,22.981305,交通事故,一般地址,臺南市南區健康路1段331號,1,晴,50,單路部分,路段,無號誌,汽(機)車本身,其他引起事故之違規或不當行為
11005AC691B3323,20210518,120.192565,22.962496,交通事故,交叉路口,臺南市南區德興路段號德興路139,2,晴,50,交岔路,交叉路口,無號誌,車與車,未依規定讓車
11005AC691B3336,20210528,120.190157,22.988513,交通事故,交叉路口,臺南市南區永華路1段號文南路,1,晴,50,交岔路,交叉路口,行車管制號誌,車與車,未注意車前狀態
11005AC691B3351,20210510,120.183854,22.957625,交通事故,交叉路口,臺南市南區濱南路段號鯤鯓路,3,晴,50,單路部分,路段,無號誌,汽(機)車本身,其他引起事故之違規或不當行為