案件編號,發生日期,GPS經度,GPS緯度,案件類別名稱,地址類型名稱,發生縣市名稱,受傷人數,天候名稱, 速限-第1當事者,道路型態大類別名稱,事故位置大類別名稱,號誌-號誌種類名稱,事故類型及型態大類別名稱,肇因研判子類別名稱-主要
11005AC691B3352,20210509,120.180105,22.933761,交通事故,交叉路口,臺南市南區灣裡路段62號灣裡路,1,晴,50,交岔路,交叉路口,行車管制號誌,車與車,違反號誌管制或指揮
11005AC691B3353,20210502,120.190485,22.980758,交通事故,交叉路口,臺南市南區金華路2段147號慶南街,2,晴,50,交岔路,交叉路口,無號誌,車與車,未依規定讓車
11005AC691B3354,20210515,120.183751,22.967374,交通事故,交叉路口,臺南市南區中華西路段號新和東路,1,晴,50,交岔路,交叉路口,行車管制號誌,汽(機)車本身,其他引起事故之違規或不當行為
11005AC691B3356,20210519,120.188806,22.977854,交通事故,交叉路口,臺南市南區新孝路段號尊南街,1,晴,50,交岔路,交叉路口,行車管制號誌,車與車,違反號誌管制或指揮
11005AC691B3357,20210519,120.194821,22.986342,交通事故,交叉路口,臺南市南區夏林路段號樹林街2,1,晴,50,交岔路,交叉路口,行車管制號誌,車與車,左轉彎未依規定
11005AC691B3366,20210523,120.214527,22.973665,交通事故,一般地址,臺南市南區大同路2段456號0,2,晴,50,交岔路,交叉路口,行車管制號誌,車與車,未保持行車安全距離
11005AC691B3368,20210529,120.181018,22.96592,交通事故,交叉路口,臺南市南區新和一路段號新和橫路,2,晴,50,交岔路,交叉路口,無號誌,車與車,未依規定讓車
11005AC691B3376,20210520,120.176299,22.927016,交通事故,其他,臺南市南區段號濱南路與灣裡路88巷口往南第六根路燈桿處(編號139號),1,晴,70,單路部分,路段,無號誌,汽(機)車本身,其他引起事故之違規或不當行為
11005AC691B3397,20210529,120.187233,22.980801,交通事故,一般地址,臺南市南區賢南街段87號0,1,晴,50,單路部分,路段,無號誌,車與車,其他引起事故之違規或不當行為
11005AC791A0009,20210509,120.119023,23.150047,交通事故,其他,臺南市七股區段號七股區篤加里南25-3公路1.4公尺處,0,晴,50,單路部分,路段,無號誌,汽(機)車本身,酒醉(後)駕駛失控
11005AC791A0023,20210530,120.134359,23.163904,交通事故,無,臺南市七股區段號,1,雨,50,交岔路,交叉路口,閃光號誌,汽(機)車本身,未注意車前狀態
11005AC791B0012,20210501,120.180825,23.11233,交通事故,交叉路口,臺南市西港區市道173線段號區道南41線,1,晴,50,交岔路,交叉路口,行車管制號誌,車與車,違反號誌管制或指揮
11005AC791B0028,20210501,120.117415,23.098813,交通事故,無,臺南市七股區段號,1,晴,50,單路部分,路段,無號誌,車與車,變換車道或方向不當
11005AC791B0061,20210502,120.193546,23.113716,交通事故,無,臺南市西港區段號,1,晴,30,交岔路,交叉路口,無號誌,車與車,未依規定讓車
11005AC791B0063,20210502,120.192838,23.188889,交通事故,其他,臺南市佳里區段號佳化里佳里興209之25號旁三岔路口,2,晴,30,交岔路,交叉路口,無號誌,車與車,未依規定讓車
11005AC791B0064,20210502,120.172399,23.158988,交通事故,一般地址,臺南市佳里區文新里公園路段295號0,1,晴,50,單路部分,路段,無號誌,汽(機)車本身,疲勞(患病)駕駛失控
11005AC791B0130,20210503,120.204823,23.188992,交通事故,無,臺南市佳里區段號,1,雨,30,交岔路,交叉路口,閃光號誌,車與車,未依規定讓車
11005AC791B0155,20210503,120.182364,23.163887,交通事故,交叉路口,臺南市佳里區東寧里佳東路段號進學路,2,晴,50,交岔路,交叉路口,行車管制號誌,車與車,違反號誌管制或指揮
11005AC791B0163,20210503,120.213425,23.119669,交通事故,無,臺南市西港區段號,1,晴,50,交岔路,交叉路口,無號誌,車與車,未注意車前狀態
11005AC791B0176,20210503,120.138396,23.137419,交通事故,其他,臺南市七股區段號大埕里大埕203號之1前一般車道,1,晴,30,單路部分,路段,無號誌,汽(機)車本身,其他引起事故之違規或不當行為
11005AC791B0188,20210504,120.114479,23.151395,交通事故,其他,臺南市七股區段號篤加里南25-3線公路1.6公里處西向一般車道,1,晴,50,單路部分,路段,無號誌,車與車,未依規定讓車
11005AC791B0203,20210504,120.060989,23.097464,交通事故,其他,臺南市七股區段號十份里三股高幹82號電桿前四岔路口,2,晴,30,交岔路,交叉路口,閃光號誌,車與車,未依規定讓車
11005AC791B0226,20210504,120.168761,23.165918,交通事故,一般地址,臺南市佳里區安西里光華街段1962號,3,晴,30,單路部分,路段,無號誌,車與車,未保持行車安全間隔
11005AC791B0243,20210504,120.094832,23.180484,交通事故,無,臺南市七股區段號,1,晴,90,單路部分,路段,無號誌,汽(機)車本身,未注意車前狀態
11005AC791B0251,20210504,120.182419,23.178239,交通事故,無,臺南市佳里區段號,1,晴,50,單路部分,路段,無號誌,汽(機)車本身,未注意車前狀態
11005AC791B0279,20210505,120.176953,23.159923,交通事故,一般地址,臺南市佳里區忠仁里中山路段234號2.9,1,晴,50,單路部分,路段,無號誌,車與車,未保持行車安全間隔
11005AC791B0327,20210506,120.215904,23.123073,交通事故,其他,臺南市西港區段號港東里烏竹林2之11號前路口,1,晴,40,交岔路,交叉路口,無號誌,車與車,未依規定讓車
11005AC791B0330,20210504,120.177651,23.164865,交通事故,一般地址,臺南市佳里區六安里中山路段468號,1,晴,50,單路部分,路段,無號誌,車與車,開啟車門不當而肇事
11005AC791B0361,20210506,120.184301,23.182396,交通事故,其他,臺南市佳里區段號佳興里佳里奇美醫院前,1,晴,50,交岔路,交叉路口,無號誌,車與車,未依規定讓車
11005AC791B0381,20210506,120.196522,23.166888,交通事故,無,臺南市佳里區段號,1,晴,50,交岔路,交叉路口,無號誌,車與車,未注意車前狀態
11005AC791B0412,20210506,120.186198,23.149821,交通事故,無,臺南市佳里區段號,1,晴,50,單路部分,路段,無號誌,車與車,起步未注意其他車(人)安全
11005AC791B0458,20210507,120.183876,23.181358,交通事故,其他,臺南市佳里區段號六安117之46號前,2,晴,50,交岔路,交叉路口,行車管制號誌,車與車,變換車道或方向不當
11005AC791B0459,20210507,120.174004,23.161282,交通事故,交叉路口,臺南市佳里區文新里義民街段號長安街,1,晴,30,交岔路,交叉路口,無號誌,車與車,未依規定讓車
11005AC791B0460,20210507,120.123593,23.128025,交通事故,無,臺南市七股區段號,1,晴,50,單路部分,路段,無號誌,汽(機)車本身,疲勞(患病)駕駛失控
11005AC791B0464,20210502,120.170376,23.16516,交通事故,交叉路口,臺南市佳里區光華街段號光華街130,2,晴,50,交岔路,交叉路口,無號誌,車與車,未依規定讓車
11005AC791B0472,20210504,120.195154,23.119132,交通事故,一般地址,臺南市西港區慶安路段229號,1,晴,50,單路部分,路段,閃光號誌,車與車,未保持行車安全間隔
11005AC791B0474,20210502,120.089696,23.152558,交通事故,交叉路口,臺南市七股區市道173甲線段號市道176線,2,晴,50,交岔路,交叉路口,行車管制號誌,車與車,違反號誌管制或指揮
11005AC791B0475,20210507,120.178719,23.168101,交通事故,交叉路口,臺南市佳里區六安里延平路段號安北路,1,晴,50,交岔路,交叉路口,行車管制號誌,車與車,未依規定讓車
11005AC791B0485,20210507,120.18355,23.157833,交通事故,交叉路口,臺南市佳里區忠仁里佳東路段號平等街,2,晴,60,交岔路,交叉路口,行車管制號誌,車與車,未靠右行駛
11005AC791B0486,20210507,120.184195,23.181942,交通事故,無,臺南市佳里區段號,1,晴,50,交岔路,交叉路口,行車管制號誌,車與車,未依規定讓車
11005AC791B0491,20210506,120.177724,23.155296,交通事故,一般地址,臺南市佳里區建南里中山路段47號,1,晴,50,單路部分,路段,無號誌,車與車,起步未注意其他車(人)安全
11005AC791B0496,20210507,120.196321,23.123335,交通事故,交叉路口,臺南市西港區慶安里慶安路段228號新興街107,1,晴,50,交岔路,交叉路口,閃光號誌,車與車,未依規定讓車
11005AC791B0523,20210508,120.176502,23.158251,交通事故,一般地址,臺南市佳里區建南里建南街段123號,1,晴,50,單路部分,路段,無號誌,車與車,左轉彎未依規定
11005AC791B0530,20210508,120.178047,23.155177,交通事故,一般地址,臺南市佳里區鎮山里中山路段48號,1,晴,50,單路部分,路段,無號誌,車與車,起步未注意其他車(人)安全
11005AC791B0566,20210507,120.134564,23.13634,交通事故,其他,臺南市七股區段號七股分駐所前路口,2,晴,50,交岔路,交叉路口,行車管制號誌,車與車,未注意車前狀態
11005AC791B0626,20210509,120.134696,23.159552,交通事故,交叉路口,臺南市七股區篤加里省道臺17線段號區道南32線,2,晴,70,交岔路,交叉路口,行車管制號誌,車與車,未依規定讓車
11005AC791B0671,20210503,120.185418,23.190422,交通事故,無,臺南市佳里區段號,2,晴,50,交岔路,交叉路口,無號誌,車與車,未保持行車安全距離
11005AC791B0689,20210509,120.221212,23.128698,交通事故,無,臺南市西港區段號,1,晴,40,交岔路,交叉路口,閃光號誌,車與車,未依規定讓車
11005AC791B0713,20210510,120.184889,23.18349,交通事故,無,臺南市佳里區段號,1,晴,50,交岔路,交叉路口,無號誌,車與車,左轉彎未依規定
11005AC791B0755,20210510,120.176888,23.16032,交通事故,交叉路口,臺南市佳里區建南里中山路段號新生路,1,晴,40,交岔路,交叉路口,行車管制號誌,車與車,未保持行車安全間隔
11005AC791B0764,20210510,120.193642,23.166252,交通事故,無,臺南市佳里區段號,1,晴,50,單路部分,路段,無號誌,車與車,未注意車前狀態
11005AC791B0788,20210506,120.180233,23.174527,交通事故,其他,臺南市佳里區段號六安103-2號前,2,晴,50,交岔路,路段,行車管制號誌,車與車,未注意車前狀態
11005AC791B0844,20210511,120.172624,23.161334,交通事故,交叉路口,臺南市佳里區文新里公園路段號義民街,1,晴,30,交岔路,交叉路口,無號誌,車與車,未依規定讓車
11005AC791B0857,20210509,120.173889,23.160974,交通事故,一般地址,臺南市佳里區文新里長安街段41號,1,晴,30,單路部分,路段,無號誌,車與車,未注意車前狀態
11005AC791B0896,20210511,120.133594,23.088516,交通事故,無,臺南市七股區段號,2,晴,50,單路部分,路段,無號誌,車與車,未注意車前狀態
11005AC791B0906,20210512,120.181772,23.163153,交通事故,一般地址,臺南市佳里區東寧里文化路段29號3,1,晴,50,單路部分,路段,無號誌,車與車,未靠右行駛
11005AC791B0913,20210510,120.164305,23.12411,交通事故,一般地址,臺南市佳里區塭內里區道南37線段35之19號,1,晴,50,單路部分,路段,無號誌,汽(機)車本身,未注意車前狀態
11005AC791B0995,20210513,120.134468,23.136408,交通事故,交叉路口,臺南市七股區玉成里省道臺17線段號市道176線,1,晴,50,交岔路,交叉路口,行車管制號誌,車與車,違反號誌管制或指揮
11005AC791B0998,20210513,120.204122,23.116294,交通事故,一般地址,臺南市西港區西港里中山路段52號,1,晴,50,單路部分,路段,無號誌,車與車,橫越道路不慎
11005AC791B1044,20210512,120.194721,23.139887,交通事故,其他,臺南市西港區段號營西里中洲24之10號旁路口,1,晴,30,交岔路,路段,無號誌,車與車,未依規定讓車
11005AC791B1054,20210513,120.202177,23.117263,交通事故,交叉路口,臺南市西港區新興街段號中山路121,1,晴,50,交岔路,交叉路口,行車管制號誌,車與車,右轉彎未依規定
11005AC791B1056,20210513,120.184864,23.183446,交通事故,無,臺南市佳里區段號,1,晴,30,交岔路,交叉路口,無號誌,車與車,未依規定讓車
11005AC791B1057,20210513,120.211488,23.168704,交通事故,無,臺南市佳里區段號,1,晴,50,單路部分,其他,無號誌,汽(機)車本身,未注意車前狀態
11005AC791B1058,20210513,120.191873,23.184089,交通事故,無,臺南市佳里區段號,2,晴,30,交岔路,交叉路口,無號誌,車與車,未依規定讓車
11005AC791B1107,20210513,120.203656,23.122913,交通事故,交叉路口,臺南市西港區西港里文化路段號中山路3902,3,晴,30,交岔路,交叉路口,無號誌,車與車,未依規定讓車
11005AC791B1118,20210514,120.199191,23.143535,交通事故,交叉路口,臺南市西港區營西里區道南51線段號區道南44線,2,晴,50,交岔路,交叉路口,閃光號誌,車與車,未依規定讓車
11005AC791B1121,20210514,120.18419,23.181954,交通事故,無,臺南市佳里區段號,1,晴,50,交岔路,交叉路口,無號誌,車與車,違反號誌管制或指揮
11005AC791B1122,20210514,120.198908,23.120745,交通事故,交叉路口,臺南市西港區慶安里慶安路段號慶安路170,1,晴,50,交岔路,交叉路口,行車管制號誌,車與車,違反號誌管制或指揮
11005AC791B1124,20210514,120.170768,23.169215,交通事故,交叉路口,臺南市佳里區忠孝路段號佳西路,3,晴,50,單路部分,路段,無號誌,車與車,未保持行車安全距離
11005AC791B1165,20210514,120.134394,23.16245,交通事故,無,臺南市七股區段號,1,晴,70,單路部分,路段,無號誌,車與車,未注意車前狀態
11005AC791B1169,20210514,120.145632,23.131765,交通事故,交叉路口,臺南市七股區樹林里區道南34線段號區道南33線,1,晴,40,交岔路,路段,無號誌,汽(機)車本身,未注意車前狀態
11005AC791B1179,20210514,120.172662,23.162146,交通事故,交叉路口,臺南市佳里區安西里公園路段號和平街,2,晴,30,交岔路,交叉路口,無號誌,車與車,未依規定讓車
11005AC791B1180,20210513,120.178373,23.159872,交通事故,其他,臺南市佳里區段號延平路237號,2,晴,50,單路部分,路段,無號誌,車與車,未注意車前狀態
11005AC791B1182,20210511,120.178358,23.160623,交通事故,交叉路口,臺南市佳里區東寧里延平路段號新生路,1,晴,50,交岔路,交叉路口,行車管制號誌,車與車,左轉彎未依規定
11005AC791B1185,20210506,120.179214,23.170701,交通事故,其他,臺南市佳里區段號佳北路與延平路口,1,晴,50,交岔路,交叉路口,行車管制號誌,車與車,左轉彎未依規定
11005AC791B1262,20210515,120.178698,23.167932,交通事故,交叉路口,臺南市佳里區六安里延平路段號安北路,2,晴,50,交岔路,交叉路口,行車管制號誌,車與車,未注意車前狀態
11005AC791B1263,20210514,120.180075,23.148626,交通事故,交叉路口,臺南市佳里區南勢里勝利路段號佳南路,2,晴,50,交岔路,交叉路口,行車管制號誌,車與車,未保持行車安全間隔
11005AC791B1274,20210515,120.201527,23.125275,交通事故,交叉路口,臺南市西港區慶安里新興街段號新興街169,1,晴,50,交岔路,交叉路口,行車管制號誌,車與車,未依規定讓車
11005AC791B1281,20210516,120.172613,23.161322,交通事故,交叉路口,臺南市佳里區文新里公園路段號義民街,3,晴,50,交岔路,交叉路口,無號誌,車與車,未依規定讓車
11005AC791B1283,20210516,120.184196,23.153008,交通事故,一般地址,臺南市佳里區鎮山里佳東路段59號,1,晴,60,單路部分,路段,無號誌,汽(機)車本身,未注意車前狀態
11005AC791B1375,20210516,120.178358,23.160623,交通事故,交叉路口,臺南市佳里區東寧里延平路段號新生路,1,晴,50,交岔路,交叉路口,行車管制號誌,車與車,未依規定讓車
11005AC791B1421,20210517,120.212413,23.156866,交通事故,其他,臺南市西港區段號金砂里金砂橋東側路燈編號080491附近,1,晴,30,單路部分,路段,無號誌,車與車,未保持行車安全間隔
11005AC791B1430,20210517,120.20387,23.110569,交通事故,其他,臺南市西港區段號西港區西港里臺19線與南40線路口,1,晴,50,交岔路,交叉路口,無號誌,車與車,未依規定讓車
11005AC791B1439,20210517,120.185192,23.183984,交通事故,其他,臺南市佳里區段號佳興里571-20號,1,晴,50,單路部分,路段,無號誌,車與車,右轉彎未依規定
11005AC791B1453,20210511,120.184438,23.182335,交通事故,其他,臺南市佳里區段號佳興里606號,1,晴,50,單路部分,路段,無號誌,車與車,起步未注意其他車(人)安全
11005AC791B1458,20210512,120.171344,23.159109,交通事故,其他,臺南市佳里區段號新生路453-2號,1,晴,50,交岔路,交叉路口,無號誌,車與車,未注意車前狀態
11005AC791B1530,20210518,120.173364,23.163249,交通事故,一般地址,臺南市佳里區安西里文化路段350號2,1,晴,50,單路部分,路段,無號誌,車與車,未注意車前狀態
11005AC791B1532,20210518,120.172663,23.16307,交通事故,交叉路口,臺南市佳里區安西里公園路段號文化路,2,晴,30,交岔路,交叉路口,行車管制號誌,車與車,違反號誌管制或指揮
11005AC791B1599,20210518,120.228262,23.135052,交通事故,無,臺南市西港區段號,1,晴,50,交岔路,交叉路口,無號誌,車與車,未依規定讓車
11005AC791B1623,20210519,120.178318,23.161039,交通事故,交叉路口,臺南市佳里區東寧里延平路段號中山路292,1,晴,50,交岔路,交叉路口,無號誌,人與汽(機)車,未注意車前狀態
11005AC791B1639,20210519,120.172663,23.16307,交通事故,交叉路口,臺南市佳里區安西里公園路段號文化路,2,晴,50,交岔路,交叉路口,行車管制號誌,車與車,違反號誌管制或指揮
11005AC791B1642,20210519,120.180789,23.169576,交通事故,一般地址,臺南市佳里區佳北路段69號,1,晴,50,交岔路,交叉路口,無號誌,車與車,逆向行駛
11005AC791B1696,20210520,120.207224,23.124673,交通事故,交叉路口,臺南市西港區西港里文化路段號文化路69,2,晴,50,交岔路,交叉路口,行車管制號誌,車與車,逆向行駛
11005AC791B1753,20210517,120.204294,23.116261,交通事故,其他,臺南市西港區段號西港里中山路52號(中油西港站)出口,1,晴,40,單路部分,其他,無號誌,汽(機)車本身,未注意車前狀態
11005AC791B1764,20210518,120.180419,23.164422,交通事故,交叉路口,臺南市佳里區六安里忠孝東路段號信義二街,1,晴,50,單路部分,路段,無號誌,車與車,起步未注意其他車(人)安全
11005AC791B1815,20210521,120.14594,23.184005,交通事故,其他,臺南市七股區段號後港里港西67號前路口,1,晴,30,交岔路,交叉路口,無號誌,車與車,未依規定讓車
11005AC791B1859,20210503,120.20293,23.113966,交通事故,一般地址,臺南市西港區慶安里新興街段44256號,1,晴,30,交岔路,交叉路口,閃光號誌,車與車,未依規定讓車
11005AC791B1941,20210504,120.152706,23.150502,交通事故,交叉路口,臺南市七股區大埕里市道176線段號區道南29線,2,晴,60,交岔路,交叉路口,行車管制號誌,車與車,未注意車前狀態
11005AC791B1986,20210521,120.153738,23.128218,交通事故,無,臺南市佳里區段號,1,晴,30,交岔路,交叉路口,無號誌,汽(機)車本身,不明原因肇事
11005AC791B2050,20210520,120.160894,23.115584,交通事故,其他,臺南市七股區段號樹林里樹林37-20號,1,晴,50,單路部分,其他,無號誌,汽(機)車本身,未注意車前狀態
11005AC791B2099,20210523,120.199204,23.143556,交通事故,其他,臺南市西港區段號營西里南44線與南51線路口,2,晴,50,交岔路,交叉路口,閃光號誌,車與車,未依規定讓車
11005AC791B2103,20210523,120.086297,23.102791,交通事故,交叉路口,臺南市七股區三股里區道南38線段號市道173甲線,1,晴,50,交岔路,交叉路口,行車管制號誌,車與車,未注意車前狀態
11005AC791B2126,20210524,120.174944,23.158252,交通事故,交叉路口,臺南市佳里區建南里光復路段號建中街,2,晴,40,交岔路,交叉路口,行車管制號誌,車與車,未依規定讓車
11005AC791B2134,20210524,120.178299,23.160577,交通事故,其他,臺南市佳里區段號延平路與新生路口,1,晴,50,交岔路,交叉路口,行車管制號誌,車與車,未保持行車安全間隔
11005AC791B2140,20210524,120.172368,23.16134,交通事故,交叉路口,臺南市佳里區建南里公園路段號義民街,1,晴,50,交岔路,交叉路口,無號誌,車與車,未依規定讓車
11005AC791B2144,20210524,120.178358,23.160623,交通事故,交叉路口,臺南市佳里區東寧里延平路段號新生路,1,晴,50,交岔路,交叉路口,行車管制號誌,車與車,未依規定讓車
11005AC791B2157,20210524,120.18068,23.175165,交通事故,其他,臺南市佳里區段號六安104之17號,1,晴,50,單路部分,路段,行車管制號誌,汽(機)車本身,不明原因肇事
11005AC791B2175,20210523,120.172853,23.192665,交通事故,無,臺南市佳里區段號,1,晴,50,單路部分,路段,無號誌,汽(機)車本身,酒醉(後)駕駛失控
11005AC791B2224,20210525,120.195617,23.138481,交通事故,無,臺南市西港區段號,1,晴,70,交岔路,交叉路口,行車管制號誌,車與車,右轉彎未依規定
11005AC791B2229,20210525,120.180461,23.163891,交通事故,交叉路口,臺南市佳里區東寧里進學路段號信義二街,1,晴,50,交岔路,交叉路口,行車管制號誌,車與車,違反號誌管制或指揮
11005AC791B2258,20210518,120.11457,23.098773,交通事故,其他,臺南市七股區段號三股里三股32號之3前,1,晴,50,單路部分,路段,無號誌,車與車,未依規定讓車
11005AC791B2261,20210525,120.174855,23.15382,交通事故,一般地址,臺南市佳里區建南里成功路段60號,1,晴,50,單路部分,路段,無號誌,車與車,左轉彎未依規定
11005AC791B2294,20210526,120.173044,23.181466,交通事故,一般地址,臺南市佳里區海澄里萊芊寮段44249號,1,晴,30,單路部分,路段,無號誌,汽(機)車本身,未注意車前狀態
11005AC791B2336,20210519,120.195534,23.106972,交通事故,無,臺南市西港區段號,2,晴,50,單路部分,路段,無號誌,車與車,未依規定讓車
11005AC791B2338,20210526,120.229784,23.134737,交通事故,無,臺南市西港區段號,2,晴,50,交岔路,交叉路口,無號誌,車與車,未依規定讓車
11005AC791B2353,20210526,120.211594,23.17981,交通事故,其他,臺南市佳里區段號子龍里路燈編號061093號桿前四岔路口,1,晴,30,交岔路,交叉路口,無號誌,車與車,未依規定讓車
11005AC791B2357,20210526,120.194075,23.166373,交通事故,其他,臺南市佳里區段號民安里176線與南51線路口,2,晴,50,交岔路,交叉路口,行車管制號誌,車與車,未注意車前狀態
11005AC791B2379,20210526,120.134566,23.159536,交通事故,交叉路口,臺南市七股區篤加里省道臺17線段號區道南32線,2,晴,70,交岔路,交叉路口,行車管制號誌,車與車,違反號誌管制或指揮
11005AC791B2387,20210527,120.136278,23.15988,交通事故,無,臺南市七股區段號,1,晴,50,單路部分,路段,無號誌,車與車,未依規定讓車
11005AC791B2408,20210509,120.172983,23.181476,交通事故,其他,臺南市佳里區段號海澄里萊芊寮高幹30左18電桿旁未命名道路,1,晴,30,單路部分,路段,無號誌,車與車,未靠右行駛
11005AC791B2431,20210510,120.203648,23.111718,交通事故,無,臺南市西港區段號,1,晴,50,交岔路,交叉路口,無號誌,汽(機)車本身,未注意車前狀態
11005AC791B2463,20210528,120.188623,23.117299,交通事故,無,臺南市西港區段號,1,晴,30,交岔路,交叉路口,無號誌,車與車,未依規定讓車
11005AC791B2485,20210528,120.1764,23.160206,交通事故,一般地址,臺南市佳里區建南里新生路段269號,1,晴,50,單路部分,路段,無號誌,車與車,迴轉未依規定
11005AC791B2653,20210503,120.195508,23.181515,交通事故,一般地址,臺南市佳里區民安里新宅段17之6號0,2,晴,50,交岔路,交叉路口,行車管制號誌,車與車,違反號誌管制或指揮
11005AC791B2654,20210530,120.174749,23.163853,交通事故,一般地址,臺南市佳里區安西里光復路段355號,1,雨,50,單路部分,路段,無號誌,車與車,開啟車門不當而肇事
11005AC791B2655,20210503,120.214923,23.144658,交通事故,其他,臺南市西港區段號營西里後營137之12號(聖和宮)前未命名道路,2,晴,50,單路部分,路段,無號誌,人與汽(機)車,未注意車前狀態
11005AC791B2681,20210530,120.173903,23.16838,交通事故,其他,臺南市佳里區段號公園路與安北路口,1,雨,50,交岔路,路段,閃光號誌,車與車,起步未注意其他車(人)安全
11005AC791B2687,20210511,120.189434,23.137855,交通事故,無,臺南市西港區段號,1,晴,50,單路部分,路段,無號誌,汽(機)車本身,未注意車前狀態
11005AC791B2690,20210512,120.176768,23.161588,交通事故,交叉路口,臺南市佳里區東寧里中山路段號義民街,1,晴,50,交岔路,交叉路口,無號誌,人與汽(機)車,未注意車前狀態
11005AC791B2699,20210516,120.169082,23.165155,交通事故,交叉路口,臺南市佳里區安西里光華街段號育善街,1,晴,50,交岔路,交叉路口,無號誌,車與車,未依規定讓車
11005AC791B2706,20210518,120.17553,23.160236,交通事故,一般地址,臺南市佳里區建南里新生路段308-1號,1,晴,50,單路部分,路段,無號誌,車與車,未依規定讓車
11005AC791B2725,20210529,120.215048,23.135111,交通事故,其他,臺南市西港區段號營西里後營470號旁路口,1,晴,50,交岔路,交叉路口,無號誌,車與車,未依規定讓車
11005AC791B2746,20210531,120.089242,23.142698,交通事故,無,臺南市七股區段號,1,雨,50,單路部分,路段,無號誌,汽(機)車本身,未注意車前狀態
11005AC791B2751,20210531,120.173507,23.150176,交通事故,交叉路口,臺南市佳里區南勢里成功路段號成功路202,1,晴,50,交岔路,交叉路口,行車管制號誌,車與車,右轉彎未依規定
11005AC791B2762,20210531,120.176888,23.16032,交通事故,交叉路口,臺南市佳里區建南里中山路段號新生路,2,晴,50,交岔路,交叉路口,行車管制號誌,車與車,未依規定讓車
11005AC791B2781,20210531,120.179664,23.153523,交通事故,交叉路口,臺南市佳里區鎮山里延平路段號仁愛路,1,陰,50,交岔路,交叉路口,行車管制號誌,車與車,未注意車前狀態
11005AC791B2861,20210525,120.180633,23.175179,交通事故,一般地址,臺南市佳里區六安里省道臺19線段104-52號,1,晴,50,單路部分,路段,無號誌,車與車,未注意車前狀態
11005AC791B2862,20210522,120.14465,23.095684,交通事故,其他,臺南市七股區段號七股區義合里?榔50-14號前彎路,1,晴,30,單路部分,路段,無號誌,車與車,左轉彎未依規定
11005AC791B2873,20210504,120.175305,23.151818,交通事故,交叉路口,臺南市佳里區南勢里安南路段號四維三街,2,晴,50,交岔路,交叉路口,行車管制號誌,車與車,未保持行車安全間隔
11005AC791B2878,20210504,120.218096,23.138008,交通事故,無,臺南市西港區段號,1,晴,50,單路部分,路段,無號誌,汽(機)車本身,未注意車前狀態
11005AC791B2884,20210504,120.175802,23.162261,交通事故,一般地址,臺南市佳里區東寧里和平街段168號0,1,晴,50,單路部分,路段,無號誌,車與車,起步未注意其他車(人)安全
11005AC791B2922,20210506,120.182967,23.161157,交通事故,一般地址,臺南市佳里區忠仁里佳東路段331號0,1,晴,60,交岔路,交叉路口,閃光號誌,車與車,左轉彎未依規定
11005AC791B2929,20210509,120.179168,23.17069,交通事故,交叉路口,臺南市佳里區六安里佳北路段號延平路,3,晴,50,交岔路,交叉路口,行車管制號誌,車與車,違反號誌管制或指揮
11005AC791B2937,20210510,120.179969,23.170581,交通事故,一般地址,臺南市佳里區六安里佳北路段136號0,1,晴,30,交岔路,交叉路口,無號誌,車與車,未依規定讓車
11005AC791B2957,20210531,120.174884,23.158745,交通事故,其他,臺南市佳里區段號光復路128號前內側車道,1,晴,50,單路部分,路段,無號誌,人與汽(機)車,未注意車前狀態
11005AC791B2998,20210528,120.193898,23.187518,交通事故,一般地址,臺南市佳里區佳化里佳里興段13150號,2,晴,30,交岔路,交叉路口,無號誌,車與車,未依規定讓車
11005AC791B3104,20210531,120.179609,23.163687,交通事故,一般地址,臺南市佳里區進學路段123號,1,雨,50,單路部分,路段,無號誌,車與車,逆向行駛
11005AC791B3165,20210511,120.182879,23.152368,交通事故,交叉路口,臺南市佳里區鎮山里仁愛路段號鎮山街,2,晴,30,交岔路,交叉路口,閃光號誌,車與車,未依規定讓車
11005AC791B3224,20210529,120.133118,23.190178,交通事故,其他,臺南市七股區段號大潭里,1,晴,70,交岔路,交叉路口,無號誌,汽(機)車本身,未注意車前狀態
11005AC791B3225,20210530,120.164372,23.124511,交通事故,其他,臺南市佳里區段號塭內里塭內27號旁路口,1,晴,30,交岔路,交叉路口,無號誌,汽(機)車本身,未注意車前狀態
11005AC791B3228,20210518,120.178587,23.165243,交通事故,一般地址,臺南市佳里區六安里忠孝東路段79號0,1,晴,50,單路部分,路段,無號誌,車與車,起步未注意其他車(人)安全
11005AC791B3318,20210521,120.167582,23.158191,交通事故,交叉路口,臺南市佳里區文新里新生路段號佳西路,2,晴,50,交岔路,交叉路口,行車管制號誌,車與車,未依規定讓車
11005AC791B3374,20210527,120.188615,23.190639,交通事故,交叉路口,臺南市佳里區佳興里省道臺19線段號區道南24線,1,晴,50,交岔路,交叉路口,行車管制號誌,車與車,未保持行車安全距離
11005AC791B3375,20210527,120.233983,23.131783,交通事故,無,臺南市西港區段號,1,晴,50,單路部分,路段,無號誌,汽(機)車本身,疲勞(患病)駕駛失控
11005AC7T1B1997,20210522,120.17441,23.109215,交通事故,其他,臺南市七股區段號竹港里竹港90號,1,晴,50,單路部分,路段,無號誌,車與車,橫越道路不慎