案件編號,發生日期,GPS經度,GPS緯度,案件類別名稱,地址類型名稱,發生縣市名稱,受傷人數,天候名稱, 速限-第1當事者,道路型態大類別名稱,事故位置大類別名稱,號誌-號誌種類名稱,事故類型及型態大類別名稱,肇因研判子類別名稱-主要
11005AC7V1A0015,20210518,120.117431,23.137197,交通事故,其他,臺南市七股區段號龍山里9-2號前,1,晴,40,交岔路,交叉路口,無號誌,車與車,未依規定讓車
11005AC7W1B1424,20210515,120.179136,23.132716,交通事故,其他,臺南市西港區段號劉厝里南41線1.1公里處附近,0,晴,50,單路部分,路段,無號誌,汽(機)車本身,未注意車前狀態
11005AC7W1B2401,20210514,120.195798,23.097659,交通事故,其他,臺南市西港區段號溪埔寮西港橋#37高桿前防汛道路,1,晴,50,單路部分,路段,無號誌,車與車,未保持行車安全距離
11005AC7X1B3433,20210528,120.173996,23.16129,交通事故,交叉路口,臺南市佳里區長安街段號義民街,1,晴,30,交岔路,交叉路口,無號誌,車與車,未依規定讓車
11005AC893A0007,20210509,120.1929,23.286624,交通事故,一般地址,臺南市學甲區三慶里區道南2線段紅茄62-8號,0,晴,40,交岔路,交叉路口,無號誌,車與車,未依規定讓車
11005AC893B0021,20210501,120.101389,23.217781,交通事故,其他,臺南市將軍區段號長沙里南18線與173甲線口,1,晴,40,交岔路,交叉路口,行車管制號誌,車與車,未依規定讓車
11005AC893B0046,20210501,120.198778,23.223628,交通事故,其他,臺南市學甲區段號豐和里171線10.2公里(美和43號前),1,晴,30,交岔路,交叉路口,無號誌,車與車,未依規定讓車
11005AC893B0047,20210501,120.177947,23.229913,交通事故,交叉路口,臺南市學甲區仁得里和平路段號自立街,1,晴,50,交岔路,交叉路口,無號誌,車與車,未依規定讓車
11005AC893B0048,20210501,120.165002,23.236919,交通事故,其他,臺南市學甲區段號中洲里中洲1-80號西側產業道路,1,晴,30,單路部分,路段,無號誌,汽(機)車本身,其他引起事故之違規或不當行為
11005AC893B0102,20210502,120.092617,23.190875,交通事故,一般地址,臺南市將軍區鯤鯓里區道南25-1線段鯤鯓252-1號,1,晴,40,交岔路,交叉路口,無號誌,車與車,未依規定讓車
11005AC893B0208,20210504,120.156964,23.197028,交通事故,其他,臺南市將軍區段號西甲里將軍1號道路與南24線路口,1,陰,50,交岔路,交叉路口,行車管制號誌,車與車,違反號誌管制或指揮
11005AC893B0223,20210504,120.181184,23.234488,交通事故,交叉路口,臺南市學甲區慈福里中山路段號成功路,2,晴,50,交岔路,交叉路口,無號誌,車與車,未依規定讓車
11005AC893B0256,20210505,120.14625,23.293449,交通事故,其他,臺南市北門區段號錦湖里,1,晴,30,單路部分,路段,無號誌,汽(機)車本身,未注意車前狀態
11005AC893B0271,20210505,120.182407,23.231192,交通事故,交叉路口,臺南市學甲區仁得里華宗路段號民權路,1,晴,50,交岔路,交叉路口,行車管制號誌,車與車,違反號誌管制或指揮
11005AC893B0338,20210506,120.156824,23.199841,交通事故,其他,臺南市將軍區段號西甲里西華1之15號前路口,1,晴,50,交岔路,交叉路口,閃光號誌,車與車,未依規定讓車
11005AC893B0390,20210506,120.195459,23.251881,交通事故,無,臺南市學甲區段號,1,晴,40,交岔路,交叉路口,行車管制號誌,車與車,違反號誌管制或指揮
11005AC893B0443,20210507,120.183602,23.224435,交通事故,其他,臺南市學甲區段號新榮里華宗路133號前,2,晴,50,單路部分,路段,無號誌,車與車,未保持行車安全間隔
11005AC893B0448,20210507,120.18391,23.232244,交通事故,交叉路口,臺南市學甲區慈福里民生路段號濟生路,2,晴,50,交岔路,交叉路口,無號誌,車與車,未依規定讓車
11005AC893B0507,20210502,120.159992,23.218682,交通事故,其他,臺南市將軍區段號苓子寮里苓保111-1號,1,晴,50,單路部分,路段,無號誌,汽(機)車本身,未注意車前狀態
11005AC893B0508,20210507,120.184784,23.239337,交通事故,交叉路口,臺南市學甲區新達里中正路段號中華路,2,晴,50,交岔路,交叉路口,行車管制號誌,汽(機)車本身,其他引起事故之違規或不當行為
11005AC893B0532,20210508,120.146274,23.293929,交通事故,交叉路口,臺南市北門區蚵寮里區道南2線段號省道臺17線,1,晴,50,交岔路,交叉路口,行車管制號誌,車與車,左轉彎未依規定
11005AC893B0551,20210508,120.135717,23.225682,交通事故,其他,臺南市將軍區段號將軍里將北高幹29號前,2,晴,50,單路部分,路段,無號誌,汽(機)車本身,未注意車前狀態
11005AC893B0565,20210508,120.127328,23.184987,交通事故,其他,臺南市將軍區段號將軍里電桿玉潭148右27號前,2,晴,40,單路部分,路段,無號誌,汽(機)車本身,未注意車前狀態
11005AC893B0678,20210509,120.17328,23.225081,交通事故,無,臺南市將軍區段號,1,晴,25,交岔路,交叉路口,行車管制號誌,汽(機)車本身,未注意車前狀態
11005AC893B0746,20210509,120.196373,23.248655,交通事故,一般地址,臺南市學甲區新達里省道臺19線段德安寮3-28號,2,晴,50,交岔路,交叉路口,無號誌,汽(機)車本身,疲勞(患病)駕駛失控
11005AC893B0938,20210512,120.100945,23.217747,交通事故,其他,臺南市將軍區段號長沙里南20線與南173甲線,1,晴,40,交岔路,交叉路口,行車管制號誌,車與車,違反號誌管制或指揮
11005AC893B1035,20210513,120.200465,23.208327,交通事故,其他,臺南市學甲區段號豐和里美豐21之3號前路口,2,晴,40,交岔路,交叉路口,無號誌,車與車,未依規定讓車
11005AC893B1195,20210514,120.18246,23.231164,交通事故,交叉路口,臺南市學甲區仁得里民權路段號華宗路,1,晴,50,交岔路,交叉路口,行車管制號誌,車與車,左轉彎未依規定
11005AC893B1220,20210515,120.180901,23.232786,交通事故,交叉路口,臺南市學甲區仁得里成功路段號濟生路,1,晴,50,交岔路,交叉路口,行車管制號誌,車與車,違反號誌管制或指揮
11005AC893B1232,20210515,120.162026,23.195409,交通事故,一般地址,臺南市將軍區長榮里區道南24線段66-19號,3,晴,50,單路部分,路段,無號誌,車與車,迴轉未依規定
11005AC893B1238,20210515,120.185187,23.214165,交通事故,無,臺南市學甲區段號,1,晴,70,單路部分,路段,無號誌,車與車,變換車道或方向不當
11005AC893B1304,20210516,120.140871,23.286704,交通事故,一般地址,臺南市北門區東壁里省道臺17線段蚵寮985號,1,晴,40,交岔路,交叉路口,行車管制號誌,車與車,未依規定讓車
11005AC893B1312,20210516,120.135642,23.214996,交通事故,一般地址,臺南市將軍區將軍里區道南18線段18111號,2,晴,50,單路部分,路段,無號誌,車與車,未依規定讓車
11005AC893B1462,20210517,120.183904,23.232164,交通事故,交叉路口,臺南市學甲區慈福里濟生路段號民生路,1,晴,50,交岔路,交叉路口,無號誌,車與車,未依規定讓車
11005AC893B1559,20210518,120.159701,23.224096,交通事故,其他,臺南市將軍區段號巷埔里仁巷17-6號前,1,晴,50,交岔路,交叉路口,閃光號誌,車與車,未依規定讓車
11005AC893B1655,20210518,120.130665,23.237653,交通事故,其他,臺南市北門區段號文山里村里道路佳學高幹319右12號,1,晴,30,交岔路,交叉路口,無號誌,車與車,未依規定讓車
11005AC893B1658,20210519,120.202747,23.216164,交通事故,其他,臺南市學甲區段號豐和里美和1-25號前,2,晴,60,單路部分,路段,無號誌,人與汽(機)車,未注意車前狀態
11005AC893B1679,20210519,120.165466,23.22039,交通事故,其他,臺南市將軍區段號苓仔寮里苓和54號前彎道。,1,晴,40,單路部分,路段,無號誌,人與汽(機)車,未注意車前狀態
11005AC893B1829,20210521,120.186585,23.227093,交通事故,交叉路口,臺南市學甲區新榮里寶發路段號忠孝路,2,晴,50,交岔路,交叉路口,行車管制號誌,車與車,違反號誌管制或指揮
11005AC893B1884,20210521,120.192354,23.236012,交通事故,交叉路口,臺南市學甲區新達里中山路段號大順路,2,晴,50,交岔路,交叉路口,無號誌,車與車,未依規定讓車
11005AC893B2022,20210511,120.175994,23.241662,交通事故,其他,臺南市學甲區段號秀昌里過竹高幹102號,1,晴,30,單路部分,路段,無號誌,汽(機)車本身,其他引起事故之違規或不當行為
11005AC893B2044,20210523,120.177841,23.233232,交通事故,其他,臺南市學甲區段號仁得里信義路45-3號前,1,晴,50,單路部分,路段,無號誌,車與車,違反特定標誌(線)禁制
11005AC893B2056,20210523,120.200164,23.22154,交通事故,其他,臺南市學甲區段號豐和里171線10.5公里處,1,晴,60,單路部分,路段,無號誌,汽(機)車本身,未注意車前狀態
11005AC893B2170,20210524,120.151811,23.205954,交通事故,其他,臺南市將軍區段號忠嘉里昌平5之21號前,1,晴,50,單路部分,路段,無號誌,人與汽(機)車,未依規定行走行人穿越道、地下道、天橋而穿越道路
11005AC893B2172,20210524,120.175294,23.227834,交通事故,交叉路口,臺南市學甲區仁得里信義路段號寶發路,2,晴,50,交岔路,交叉路口,行車管制號誌,車與車,未保持行車安全距離
11005AC893B2222,20210525,120.142248,23.246418,交通事故,其他,臺南市北門區段號文山里佳學高幹281左10號,1,晴,30,交岔路,交叉路口,無號誌,車與車,未依規定讓車
11005AC893B2223,20210525,120.156427,23.198531,交通事故,其他,臺南市將軍區段號西甲里西華67-8號,2,晴,50,交岔路,交叉路口,閃光號誌,車與車,未依規定讓車
11005AC893B2262,20210525,120.176464,23.277208,交通事故,其他,臺南市學甲區段號三慶里南6線1.3公里(紅蝦幹55-2號),1,晴,50,單路部分,路段,無號誌,車與車,違反特定標誌(線)禁制
11005AC893B2374,20210526,120.096904,23.200349,交通事故,無,臺南市將軍區段號,1,晴,50,單路部分,路段,無號誌,汽(機)車本身,未注意車前狀態
11005AC893B2425,20210527,120.127662,23.275864,交通事故,交叉路口,臺南市北門區北門里省道臺17線段號區道南15線,1,晴,50,交岔路,交叉路口,行車管制號誌,車與車,未保持行車安全距離
11005AC893B2472,20210528,120.1817,23.2348,交通事故,一般地址,臺南市學甲區新達里中山路段887號,2,晴,50,交岔路,交叉路口,無號誌,人與汽(機)車,穿越道路未注意左右來車
11005AC893B2523,20210528,120.202571,23.216608,交通事故,其他,臺南市學甲區段號美和里美豐66-6號前,1,晴,50,單路部分,路段,無號誌,汽(機)車本身,未注意車前狀態
11005AC893B2593,20210529,120.17262,23.22942,交通事故,其他,臺南市學甲區段號仁得里5號道路寶西高幹29-1號電線桿,1,晴,50,交岔路,交叉路口,無號誌,汽(機)車本身,未注意車前狀態
11005AC893B2594,20210529,120.159289,23.245316,交通事故,其他,臺南市學甲區段號中洲里中洲463號前路口,2,晴,50,交岔路,交叉路口,無號誌,車與車,未依規定讓車
11005AC893B2671,20210530,120.129562,23.283718,交通事故,無,臺南市北門區段號,1,雨,90,單路部分,路段,無號誌,汽(機)車本身,其他引起事故之違規或不當行為
11005AC893B2770,20210531,120.189939,23.235568,交通事故,其他,臺南市學甲區段號新達里中山東路3號前,1,晴,50,單路部分,路段,無號誌,車與車,未依規定讓車
11005AC8W1B1517,20210518,120.179081,23.230618,交通事故,其他,臺南市學甲區段號仁得里建國路82號前,1,晴,50,單路部分,路段,無號誌,車與車,倒車未依規定
11005AC991A0014,20210519,120.281876,23.062297,交通事故,交叉路口,臺南市新市區永就里中山路段號新港社大道,1,晴,50,交岔路,交叉路口,行車管制號誌,車與車,違反號誌管制或指揮
11005AC991A0019,20210526,120.20873,23.089265,交通事故,一般地址,臺南市安定區新吉里國道8號側車道段新吉281-19號0,0,陰,40,單路部分,路段,無號誌,車與車,倒車未依規定
11005AC991B0009,20210501,120.323615,23.139772,交通事故,一般地址,臺南市善化區嘉北里省道臺1線段號0,1,晴,70,交岔路,交叉路口,無號誌,車與車,未依規定讓車
11005AC991B0031,20210501,120.281444,23.06176,交通事故,一般地址,臺南市新市區永就里中山路段503之1號0,2,晴,40,單路部分,路段,行車管制號誌,車與車,未保持行車安全間隔
11005AC991B0036,20210501,120.219045,23.08871,交通事故,一般地址,臺南市安定區嘉同里國道8號側車道段號0,3,晴,50,交岔路,交叉路口,無號誌,車與車,未依規定讓車
11005AC991B0059,20210502,120.259133,23.106727,交通事故,交叉路口,臺南市善化區南關里樹谷大道段號木柵港西路,1,晴,40,交岔路,交叉路口,行車管制號誌,汽(機)車本身,其他引起事故之違規或不當行為
11005AC991B0078,20210502,120.354791,23.118862,交通事故,一般地址,臺南市大內區石城里市道178線段號0石城里隆大高幹247左7電桿旁,1,晴,50,交岔路,交叉路口,閃光號誌,車與車,未依規定讓車
11005AC991B0096,20210502,120.287453,23.127529,交通事故,交叉路口,臺南市善化區南關里文昌路段號光復路,1,晴,50,單路部分,路段,無號誌,汽(機)車本身,未注意車前狀態
11005AC991B0098,20210502,120.30182,23.066145,交通事故,一般地址,臺南市新市區永就里區道南144線段永就46之41號0,3,晴,50,單路部分,路段,無號誌,人與汽(機)車,穿越道路未注意左右來車
11005AC991B0111,20210503,120.297047,23.144833,交通事故,一般地址,臺南市善化區六分里區道南123線段東勢宅152號0,4,晴,50,交岔路,交叉路口,無號誌,車與車,未依規定讓車
11005AC991B0124,20210503,120.286131,23.126532,交通事故,一般地址,臺南市善化區南關里三民路段44207號0,2,雨,50,單路部分,路段,無號誌,車與車,未保持行車安全距離
11005AC991B0141,20210503,120.258456,23.106377,交通事故,一般地址,臺南市善化區南關里木柵港西路段13號,1,陰,50,交岔路,交叉路口,行車管制號誌(附設行人專用號誌),車與車,未注意車前狀態
11005AC991B0150,20210503,120.284615,23.133014,交通事故,一般地址,臺南市善化區頂街里中山路段599-9號0,1,晴,50,單路部分,路段,無號誌,車與車,未保持行車安全距離
11005AC991B0156,20210503,120.206272,23.105487,交通事故,一般地址,臺南市安定區海寮里臺19線西港大橋段號0安定區海寮里台19線西港大橋上(路燈編號401275),2,晴,40,單路部分,路段,無號誌,車與車,未保持行車安全距離
11005AC991B0158,20210503,120.281878,23.062283,交通事故,交叉路口,臺南市新市區社內里中山路段號新港社大道,1,晴,50,交岔路,交叉路口,行車管制號誌,車與車,違反號誌管制或指揮
11005AC991B0173,20210504,120.267557,23.129958,交通事故,交叉路口,臺南市善化區胡厝里烏橋中路段號興農路,1,晴,50,交岔路,交叉路口,行車管制號誌,車與車,未依規定讓車
11005AC991B0174,20210503,120.293955,23.128962,交通事故,交叉路口,臺南市善化區文昌里中正路段號光復路,1,雨,50,交岔路,交叉路口,行車管制號誌,車與車,起步未注意其他車(人)安全
11005AC991B0175,20210504,120.272644,23.144146,交通事故,交叉路口,臺南市善化區胡家里區道南128線段號區道南122線,2,晴,50,交岔路,交叉路口,行車管制號誌,車與車,違規停車或暫停不當而肇事
11005AC991B0187,20210504,120.288923,23.09528,交通事故,一般地址,臺南市新市區三舍里三舍段205-8號0,1,晴,40,單路部分,路段,無號誌,車與車,未靠右行駛
11005AC991B0191,20210504,120.246773,23.120363,交通事故,交叉路口,臺南市安定區安定里市道178線段號安定東路,2,晴,40,交岔路,交叉路口,行車管制號誌,車與車,違反號誌管制或指揮
11005AC991B0210,20210504,120.291419,23.068704,交通事故,交叉路口,臺南市新市區新和里仁愛街段號延平街,2,晴,50,交岔路,交叉路口,行車管制號誌,車與車,未注意車前狀態
11005AC991B0215,20210503,120.280681,23.084666,交通事故,一般地址,臺南市新市區社內里新港社大道段號0新港社大道與民生路西側路口附近,2,晴,50,單路部分,路段,無號誌,車與車,未保持行車安全間隔
11005AC991B0230,20210504,120.293884,23.131587,交通事故,一般地址,臺南市善化區東關里中正路段509號0,1,晴,50,單路部分,路段,無號誌,車與車,開啟車門不當而肇事
11005AC991B0261,20210505,120.285518,23.133221,交通事故,一般地址,臺南市善化區文正里中山路段564-1號0,1,晴,50,交岔路,交叉路口,閃光號誌,車與車,未注意車前狀態
11005AC991B0266,20210505,120.295405,23.083675,交通事故,交叉路口,臺南市新市區新市里復興路段號富中街,1,晴,50,交岔路,交叉路口,行車管制號誌,車與車,違反號誌管制或指揮
11005AC991B0306,20210505,120.312745,23.137377,交通事故,一般地址,臺南市善化區光文里區道南124線段北子店84之1號0,2,晴,50,交岔路,路段,無號誌,車與車,左轉彎未依規定
11005AC991B0317,20210505,120.300832,23.130087,交通事故,交叉路口,臺南市善化區坐駕里大成路段號樹人路,1,晴,50,交岔路,交叉路口,行車管制號誌,車與車,違反號誌管制或指揮
11005AC991B0319,20210505,120.238921,23.115221,交通事故,一般地址,臺南市安定區安加里市道178線段安定258之61號0,1,晴,50,交岔路,交叉路口,行車管制號誌,車與車,酒醉(後)駕駛失控
11005AC991B0337,20210506,120.3059,23.131951,交通事故,一般地址,臺南市善化區光文里光文路段44409號0,1,晴,50,交岔路,交叉路口,無號誌,車與車,未依規定讓車
11005AC991B0340,20210506,120.225757,23.075585,交通事故,一般地址,臺南市安定區嘉同里區道南133線段牛肉寮97-25號0,1,晴,25,單路部分,路段,無號誌,車與車,迴轉未依規定
11005AC991B0384,20210506,120.2807,23.06615,交通事故,一般地址,臺南市新市區社內里新港社大道段社內50-96號0,1,晴,40,交岔路,交叉路口,行車管制號誌,車與車,違反特定標誌(線)禁制
11005AC991B0438,20210507,120.263033,23.074461,交通事故,一般地址,臺南市新市區大洲里大洲排水線側車道段號0大洲里大洲二號橋往三號橋堤防道路,3,晴,30,交岔路,交叉路口,無號誌,車與車,未依規定讓車
11005AC991B0444,20210507,120.300483,23.068602,交通事故,一般地址,臺南市新市區永就里區道南144線段永就46-60號0,1,晴,50,交岔路,交叉路口,無號誌,汽(機)車本身,未注意車前狀態
11005AC991B0481,20210507,120.269409,23.145169,交通事故,一般地址,臺南市善化區胡厝里區道南128線段胡厝寮172之1號0,1,晴,30,單路部分,路段,無號誌,汽(機)車本身,未注意車前狀態
11005AC991B0535,20210508,120.296561,23.119002,交通事故,交叉路口,臺南市善化區文昌里目加溜灣大道段號建國路78,1,晴,50,交岔路,交叉路口,無號誌,汽(機)車本身,未注意車前狀態
11005AC991B0542,20210508,120.291746,23.076627,交通事故,交叉路口,臺南市新市區新市里中正路段號勝利街,2,晴,50,交岔路,交叉路口,行車管制號誌(附設行人專用號誌),車與車,逆向行駛
11005AC991B0547,20210503,120.208515,23.103361,交通事故,一般地址,臺南市安定區海寮里曾文溪堤側車道段號0海寮里西港大橋下,1,陰,50,交岔路,交叉路口,無號誌,車與車,未依規定讓車
11005AC991B0552,20210503,120.287244,23.076072,交通事故,一般地址,臺南市新市區社內里社內段15號,1,雨,30,交岔路,交叉路口,無號誌,車與車,未依規定讓車
11005AC991B0569,20210508,120.291066,23.132327,交通事故,一般地址,臺南市善化區東關里中山路段422號0,3,晴,50,單路部分,路段,無號誌,車與車,起步未注意其他車(人)安全
11005AC991B0575,20210508,120.238294,23.093841,交通事故,一般地址,臺南市安定區中榮里區道南133線段號0中榮里南133線2K處(中榮橋路口),1,晴,50,交岔路,交叉路口,無號誌,汽(機)車本身,未注意車前狀態
11005AC991B0589,20210508,120.305763,23.130704,交通事故,一般地址,臺南市善化區光文里大成路大成陸橋段號0光文里大成陸橋上420621路燈桿前,1,晴,50,單路部分,路段,無號誌,車與車,未保持行車安全距離
11005AC991B0591,20210504,120.191272,23.08512,交通事故,一般地址,臺南市安定區新吉里安新二路段號0新吉里安新二路路燈L43-04處,1,晴,50,單路部分,路段,無號誌,汽(機)車本身,未注意車前狀態
11005AC991B0608,20210508,120.315493,23.137585,交通事故,一般地址,臺南市善化區牛庄里區道南124線段牛庄220之1號0,2,晴,50,單路部分,路段,無號誌,車與車,未保持行車安全距離
11005AC991B0618,20210509,120.284381,23.133061,交通事故,一般地址,臺南市善化區文正里中山路段570之10號0,1,晴,50,單路部分,路段,無號誌,車與車,迴轉未依規定
11005AC991B0630,20210509,120.294546,23.069989,交通事故,一般地址,臺南市新市區永就里中山路段202之4號0,1,晴,50,單路部分,路段,無號誌,車與車,未依規定讓車
11005AC991B0635,20210508,120.302504,23.063969,交通事故,交叉路口,臺南市新市區永就里區道南144線段號永就,2,晴,50,交岔路,交叉路口,行車管制號誌,車與車,違反號誌管制或指揮
11005AC991B0639,20210509,120.288098,23.13104,交通事故,交叉路口,臺南市善化區南關里三民路段號平等路,1,晴,50,交岔路,交叉路口,無號誌,汽(機)車本身,未注意車前狀態
11005AC991B0640,20210502,120.386742,23.143467,交通事故,一般地址,臺南市大內區頭社里區道南182線段頭社42之1號0,2,晴,50,交岔路,交叉路口,無號誌,車與車,左轉彎未依規定
11005AC991B0657,20210506,120.249972,23.124141,交通事故,交叉路口,臺南市安定區蘇厝里市道178線段號直加弄大道,1,晴,60,交岔路,交叉路口,行車管制號誌,車與車,違反號誌管制或指揮
11005AC991B0673,20210509,120.274637,23.087597,交通事故,一般地址,臺南市新市區豐華里區道南134線段豐華63-4號0,1,晴,40,交岔路,交叉路口,無號誌,汽(機)車本身,未注意車前狀態
11005AC991B0691,20210508,120.238311,23.093822,交通事故,一般地址,臺南市安定區中榮里區道南133線段號0中榮里中榮橋,1,晴,50,單路部分,路段,無號誌,汽(機)車本身,未注意車前狀態
11005AC991B0735,20210506,120.29726,23.075586,交通事故,一般地址,臺南市新市區新市里南昌街段44240號,1,晴,50,交岔路,交叉路口,無號誌,汽(機)車本身,未注意車前狀態
11005AC991B0751,20210510,120.306165,23.155558,交通事故,一般地址,臺南市善化區田寮里區道南122線段六分寮196號0,1,晴,50,單路部分,路段,無號誌,車與車,起步未注意其他車(人)安全
11005AC991B0768,20210510,120.311366,23.137313,交通事故,一般地址,臺南市善化區光文里區道南124線段北子店140號0,2,晴,50,單路部分,路段,無號誌,人與汽(機)車,未保持行車安全間隔
11005AC991B0773,20210503,120.322152,23.126133,交通事故,一般地址,臺南市善化區小新里成功路段號0成功路善山高幹11左1電桿旁,2,陰,50,單路部分,路段,無號誌,車與車,未依規定讓車
11005AC991B0776,20210511,120.319189,23.128564,交通事故,一般地址,臺南市善化區小新里省道臺1線段號0,2,晴,40,單路部分,路段,行車管制號誌,車與車,起步未注意其他車(人)安全
11005AC991B0778,20210505,120.29492,23.129288,交通事故,交叉路口,臺南市善化區坐駕里大成路段號大智路,1,晴,50,交岔路,交叉路口,行車管制號誌,車與車,未保持行車安全距離
11005AC991B0779,20210509,120.232322,23.119608,交通事故,一般地址,臺南市安定區安加里曾文溪堤側車道段號0安加里堤防道路,2,晴,50,單路部分,路段,無號誌,車與車,未依規定讓車
11005AC991B0798,20210511,120.294816,23.106115,交通事故,交叉路口,臺南市新市區三舍里省道臺19甲線段號西拉雅大道,1,晴,50,交岔路,交叉路口,行車管制號誌,車與車,未注意車前狀態
11005AC991B0820,20210511,120.312839,23.145409,交通事故,一般地址,臺南市善化區光文里區道南127線段號0光文里東勢31-1電桿前路口,2,晴,50,交岔路,交叉路口,無號誌,車與車,未依規定讓車
11005AC991B0842,20210511,120.296184,23.120503,交通事故,交叉路口,臺南市善化區文昌里建國路段7899號0中正路66,1,晴,40,交岔路,交叉路口,無號誌,車與車,未依規定讓車
11005AC991B0843,20210511,120.294539,23.083571,交通事故,一般地址,臺南市新市區新市里富中街段15號0,1,晴,50,單路部分,路段,無號誌,汽(機)車本身,未注意車前狀態
11005AC991B0858,20210511,120.281306,23.061632,交通事故,一般地址,臺南市新市區永就里中山路段501-1號0,2,晴,40,單路部分,路段,無號誌,車與車,未保持行車安全距離
11005AC991B0874,20210511,120.307886,23.124348,交通事故,一般地址,臺南市善化區小新里區道南130線段號0小新里無名道路,3,晴,30,交岔路,交叉路口,無號誌,車與車,未依規定讓車
11005AC991B0891,20210511,120.210633,23.081472,交通事故,一般地址,臺南市安定區新吉里省道臺19線段號0,3,晴,50,單路部分,路段,無號誌,車與車,未保持行車安全距離
11005AC991B0904,20210509,120.299974,23.08027,交通事故,交叉路口,臺南市新市區港墘里永漢路段號興業路,1,晴,50,交岔路,交叉路口,閃光號誌,車與車,未依規定讓車
11005AC991B0909,20210511,120.224816,23.099275,交通事故,一般地址,臺南市安定區文科里區道南132線段油車62號0,1,晴,50,交岔路,交叉路口,無號誌,車與車,起步未注意其他車(人)安全
11005AC991B0910,20210512,120.268726,23.13019,交通事故,一般地址,臺南市善化區胡厝里興農路段461號0,2,晴,50,單路部分,其他,行車管制號誌,車與車,未注意車前狀態
11005AC991B0919,20210512,120.293514,23.064046,交通事故,一般地址,臺南市新市區永就里永就段80號0,2,晴,40,單路部分,路段,無號誌,車與車,起步未注意其他車(人)安全
11005AC991B0923,20210512,120.290435,23.074117,交通事故,一般地址,臺南市新市區新和里銘傳街段69號0,1,晴,50,交岔路,交叉路口,無號誌,車與車,迴轉未依規定
11005AC991B0945,20210511,120.29637,23.079726,交通事故,交叉路口,臺南市新市區新市里復興路段622號民族路,1,晴,50,交岔路,交叉路口,閃光號誌,車與車,未依規定讓車
11005AC991B0952,20210512,120.244222,23.117888,交通事故,交叉路口,臺南市安定區安加里市道178線段號國1安定交流道北上匝178線與安定交流道國一北上匝道路口,1,晴,50,交岔路,交叉路口,行車管制號誌,車與車,迴轉未依規定
11005AC991B0986,20210512,120.318467,23.157323,交通事故,一般地址,臺南市善化區昌隆里東勢寮段141之2號0,1,晴,30,交岔路,交叉路口,無號誌,車與車,未依規定讓車
11005AC991B0987,20210512,120.215315,23.07851,交通事故,一般地址,臺南市安定區中沙里市道178線段中崙1之5號0,2,晴,30,交岔路,交叉路口,閃光號誌,車與車,未依規定讓車
11005AC991B1001,20210513,120.273565,23.131435,交通事故,交叉路口,臺南市善化區胡厝里興農路段號南科北路,1,晴,60,交岔路,交叉路口,行車管制號誌,車與車,右轉彎未依規定
11005AC991B1009,20210513,120.258833,23.089131,交通事故,一般地址,臺南市新市區豐華里區道南134線段豐華47-7號,1,晴,50,交岔路,交叉路口,行車管制號誌,車與車,未依規定讓車
11005AC991B1022,20210513,120.289391,23.131773,交通事故,交叉路口,臺南市善化區頂街里中興路段號中華路,1,晴,50,交岔路,交叉路口,無號誌,車與車,未依規定讓車
11005AC991B1028,20210513,120.208443,23.089148,交通事故,一般地址,臺南市安定區新吉里國道8號側車道段新吉281之11號0,1,晴,50,單路部分,路段,無號誌,車與車,變換車道或方向不當
11005AC991B1033,20210513,120.285845,23.06413,交通事故,一般地址,臺南市新市區永就里中山路段號0,2,晴,70,單路部分,路段,無號誌,車與車,未保持行車安全距離
11005AC991B1050,20210513,120.298327,23.07206,交通事故,交叉路口,臺南市新市區永就里光華街段號中山路,1,晴,50,交岔路,交叉路口,行車管制號誌,車與車,未注意車前狀態
11005AC991B1064,20210513,120.356716,23.118707,交通事故,交叉路口,臺南市大內區內江里區道南181線段號市道178線大內圖書館前路口,1,晴,50,交岔路,交叉路口,行車管制號誌,車與車,未依規定讓車
11005AC991B1074,20210513,120.284981,23.130788,交通事故,一般地址,臺南市善化區南關里光復路段560號0,2,晴,50,交岔路,交叉路口,無號誌,人與汽(機)車,穿越道路未注意左右來車
11005AC991B1088,20210513,120.231437,23.083646,交通事故,一般地址,臺南市安定區港南里區道南133線段港口21-17號0,2,晴,40,單路部分,路段,無號誌,人與汽(機)車,未注意車前狀態
11005AC991B1112,20210514,120.28311,23.082901,交通事故,交叉路口,臺南市新市區社內里區道南134線段號環東路1,1,晴,50,交岔路,交叉路口,行車管制號誌,車與車,未依規定讓車
11005AC991B1114,20210514,120.292213,23.128431,交通事故,交叉路口,臺南市善化區文昌里光復路段號光復二街,1,晴,50,交岔路,交叉路口,無號誌,車與車,未注意車前狀態
11005AC991B1128,20210514,120.213488,23.074593,交通事故,一般地址,臺南市安定區中沙里省道臺19線段沙崙35號0,1,晴,50,單路部分,路段,無號誌,車與車,變換車道或方向不當
11005AC991B1129,20210514,120.297486,23.06068,交通事故,一般地址,臺南市新市區永就里區道南144線段永就55之7號0,2,晴,50,交岔路,路段,無號誌,車與車,違規超車
11005AC991B1138,20210503,120.299522,23.107727,交通事故,一般地址,臺南市善化區蓮潭里西拉雅大道段號0區道南182線蓮潭里西拉雅陸橋下慢車道,1,晴,40,單路部分,路段,無號誌,汽(機)車本身,未注意車前狀態
11005AC991B1147,20210514,120.35779,23.121577,交通事故,一般地址,臺南市大內區石城里石子瀨段65號0,1,晴,40,單路部分,路段,無號誌,車與車,未靠右行駛
11005AC991B1148,20210514,120.234666,23.090262,交通事故,交叉路口,臺南市安定區港南里區道南134線段號區道南133線,1,晴,50,交岔路,交叉路口,行車管制號誌,車與車,違反號誌管制或指揮