案件編號,發生日期,GPS經度,GPS緯度,案件類別名稱,地址類型名稱,發生縣市名稱,受傷人數,天候名稱, 速限-第1當事者,道路型態大類別名稱,事故位置大類別名稱,號誌-號誌種類名稱,事故類型及型態大類別名稱,肇因研判子類別名稱-主要
11005AC991B1151,20210514,120.328374,23.15288,交通事故,一般地址,臺南市善化區東昌里東勢寮段號0東昌里東昌高分左21,1,晴,30,交岔路,交叉路口,無號誌,車與車,未依規定讓車
11005AC991B1159,20210514,120.262747,23.105377,交通事故,一般地址,臺南市新市區豐華里活水路段11號0活水路11號(活水樹谷幼稚園)對面,1,晴,50,單路部分,路段,無號誌,車與車,未保持行車安全距離
11005AC991B1168,20210513,120.284576,23.151546,交通事故,一般地址,臺南市善化區溪美里區道南122線段溪美70號0,0,晴,30,交岔路,交叉路口,無號誌,車與車,未依規定讓車
11005AC991B1197,20210514,120.300388,23.068553,交通事故,一般地址,臺南市新市區永就里區道南144線段永就46之60號0,1,晴,50,單路部分,路段,無號誌,汽(機)車本身,未注意車前狀態
11005AC991B1200,20210514,120.291324,23.068643,交通事故,交叉路口,臺南市新市區新和里仁愛街段號延平街,1,晴,50,交岔路,交叉路口,行車管制號誌,車與車,未保持行車安全距離
11005AC991B1205,20210515,120.2892,23.135003,交通事故,一般地址,臺南市善化區文正里進學路段61號0,1,晴,50,單路部分,路段,行車管制號誌,車與車,未保持行車安全間隔
11005AC991B1208,20210505,120.293389,23.076905,交通事故,一般地址,臺南市新市區新市里華興街段63號,2,晴,50,單路部分,路段,無號誌,人與汽(機)車,穿越道路未注意左右來車
11005AC991B1216,20210509,120.222374,23.083727,交通事故,一般地址,臺南市安定區嘉同里大同段132-1號,1,晴,30,交岔路,交叉路口,無號誌,車與車,未依規定讓車
11005AC991B1221,20210515,120.294802,23.129825,交通事故,交叉路口,臺南市善化區坐駕里青年路段105號大智路,1,晴,30,交岔路,交叉路口,無號誌,車與車,未依規定讓車
11005AC991B1241,20210514,120.306383,23.089129,交通事故,一般地址,臺南市新市區大營里省道臺1線段豐榮130號0,1,晴,50,交岔路,交叉路口,行車管制號誌(附設行人專用號誌),車與車,起步未注意其他車(人)安全
11005AC991B1260,20210515,120.313801,23.128449,交通事故,一般地址,臺南市善化區小新里成功路段173之1號0,1,晴,50,交岔路,交叉路口,行車管制號誌,車與車,違反特定標誌(線)禁制
11005AC991B1273,20210513,120.293765,23.058169,交通事故,一般地址,臺南市新市區永就里永新路段永就68-3號0,2,晴,50,交岔路,交叉路口,行車管制號誌,車與車,未保持行車安全距離
11005AC991B1302,20210504,120.292297,23.070597,交通事故,交叉路口,臺南市新市區新和里仁愛街段26號0中正路,1,晴,50,交岔路,交叉路口,行車管制號誌,車與車,未保持行車安全間隔
11005AC991B1357,20210516,120.255586,23.104913,交通事故,一般地址,臺南市新市區豐華里木柵港西路段號0豐華里木柵港西路三竹82N0312EC24電線杆,1,晴,50,單路部分,路段,無號誌,車與車,未保持行車安全距離
11005AC991B1363,20210514,120.298158,23.130526,交通事故,交叉路口,臺南市善化區光文里和平路段號民生路,1,晴,50,交岔路,交叉路口,閃光號誌,車與車,未依規定讓車
11005AC991B1372,20210514,120.228049,23.077256,交通事故,一般地址,臺南市安定區嘉同里區道南133線段號0,2,晴,50,交岔路,交叉路口,無號誌,車與車,未保持行車安全距離
11005AC991B1404,20210516,120.420552,23.145816,交通事故,一般地址,臺南市大內區環湖里區道南182線段環湖23-12號0,1,晴,50,交岔路,交叉路口,無號誌,車與車,未依規定讓車
11005AC991B1408,20210517,120.318349,23.119018,交通事故,交叉路口,臺南市善化區小新里省道臺1線段號目加溜灣大道,1,晴,70,交岔路,交叉路口,行車管制號誌(附設行人專用號誌),車與車,違反號誌管制或指揮
11005AC991B1431,20210517,120.318177,23.112118,交通事故,交叉路口,臺南市善化區小新里省道臺1線段號西拉雅大道,1,晴,40,交岔路,交叉路口,無號誌,車與車,未保持行車安全距離
11005AC991B1465,20210514,120.300491,23.068572,交通事故,一般地址,臺南市新市區永就里區道南144線段永就46之60號0,1,晴,50,交岔路,交叉路口,無號誌,車與車,未保持行車安全距離
11005AC991B1476,20210515,120.294842,23.058931,交通事故,交叉路口,臺南市新市區永就里永新路段號永華二街,1,晴,50,交岔路,交叉路口,行車管制號誌,車與車,未依規定讓車
11005AC991B1514,20210518,120.236306,23.089835,交通事故,一般地址,臺南市安定區港南里區道南134線段港口239-22號0,1,晴,30,交岔路,交叉路口,無號誌,車與車,未依規定讓車
11005AC991B1519,20210518,120.2884,23.120772,交通事故,交叉路口,臺南市善化區文昌里中正路段107號文昌路107,2,晴,30,交岔路,交叉路口,無號誌,車與車,未依規定讓車
11005AC991B1520,20210518,120.300689,23.13091,交通事故,交叉路口,臺南市善化區光文里樹人路段號民生路,1,晴,50,交岔路,交叉路口,閃光號誌,車與車,未依規定讓車
11005AC991B1526,20210518,120.28935,23.130152,交通事故,交叉路口,臺南市善化區文昌里自由路段號中華路,1,晴,50,交岔路,交叉路口,閃光號誌,車與車,未依規定讓車
11005AC991B1535,20210518,120.294144,23.083546,交通事故,交叉路口,臺南市新市區新和里富中街段號富安七街,1,晴,50,交岔路,交叉路口,閃光號誌,車與車,未注意車前狀態
11005AC991B1572,20210518,120.217142,23.08962,交通事故,一般地址,臺南市安定區新吉里國道8號側車道段新吉19-6號0,1,晴,50,交岔路,交叉路口,無號誌,車與車,未依規定讓車
11005AC991B1604,20210519,120.308005,23.118327,交通事故,交叉路口,臺南市善化區蓮潭里陽光大道段號蓮潭北三街,1,晴,50,交岔路,交叉路口,行車管制號誌,車與車,違反號誌管制或指揮
11005AC991B1615,20210519,120.261338,23.095346,交通事故,一般地址,臺南市新市區豐華里樹谷大道段號0豐華里樹谷大道,6,晴,40,單路部分,路段,無號誌,車與車,未保持行車安全距離
11005AC991B1619,20210519,120.261102,23.097986,交通事故,一般地址,臺南市新市區豐華里樹谷大道段號0豐華里樹谷大道慢車道,2,晴,40,單路部分,路段,無號誌,車與車,未保持行車安全間隔
11005AC991B1641,20210519,120.305773,23.132422,交通事故,交叉路口,臺南市善化區光文里光文路段號民權路,1,晴,50,交岔路,交叉路口,行車管制號誌,車與車,未注意車前狀態
11005AC991B1667,20210515,120.311506,23.094544,交通事故,一般地址,臺南市新市區大營里省道臺1線段大營126-49號10,2,晴,70,交岔路,路段,行車管制號誌(附設行人專用號誌),車與車,左轉彎未依規定
11005AC991B1669,20210520,120.23619,23.11911,交通事故,一般地址,臺南市安定區安定里安定段200之1號,2,晴,30,單路部分,路段,無號誌,人與汽(機)車,未注意車前狀態
11005AC991B1676,20210520,120.235679,23.104241,交通事故,一般地址,臺南市安定區港尾里市道178線段港子尾35-2號0,1,晴,50,交岔路,交叉路口,行車管制號誌,車與車,違反號誌管制或指揮
11005AC991B1703,20210520,120.275288,23.0774,交通事故,交叉路口,臺南市新市區社內里新港社大道段號大洲排水線側車道社內裡新港社大道橋下,1,晴,50,交岔路,交叉路口,行車管制號誌,車與車,未保持行車安全距離
11005AC991B1709,20210517,120.289685,23.079252,交通事故,交叉路口,臺南市新市區新市里民生路段68號0富林路,1,晴,50,交岔路,交叉路口,行車管制號誌(附設行人專用號誌),汽(機)車本身,其他引起事故之違規或不當行為
11005AC991B1714,20210520,120.291175,23.056451,交通事故,一般地址,臺南市新市區永就里永新路段78號0,1,晴,50,單路部分,路段,無號誌,車與車,其他裝載不當肇事
11005AC991B1718,20210520,120.223007,23.083094,交通事故,一般地址,臺南市安定區嘉同里市道178線段大同89號0,1,晴,40,交岔路,交叉路口,行車管制號誌,車與車,違反號誌管制或指揮
11005AC991B1772,20210518,120.293715,23.134337,交通事故,交叉路口,臺南市善化區光文里中正路段號建國路,1,晴,50,交岔路,交叉路口,行車管制號誌,人與汽(機)車,未依規定讓車
11005AC991B1774,20210513,120.296586,23.119003,交通事故,交叉路口,臺南市善化區文昌里建國路段782之3號目加溜灣大道,2,晴,30,交岔路,交叉路口,無號誌,車與車,未依規定讓車
11005AC991B1777,20210518,120.291646,23.132258,交通事故,一般地址,臺南市善化區東關里中山路段377號0,1,晴,50,單路部分,路段,無號誌,車與車,未注意車前狀態
11005AC991B1802,20210518,120.210672,23.082771,交通事故,一般地址,臺南市安定區新吉里省道臺19線段號0新吉里台19線處路段(路燈編號401131),2,晴,50,單路部分,其他,無號誌,汽(機)車本身,未注意車前狀態
11005AC991B1805,20210521,120.263997,23.137308,交通事故,交叉路口,臺南市善化區胡厝里區道南122線段號烏橋中路,1,晴,50,交岔路,交叉路口,閃光號誌,車與車,未依規定讓車
11005AC991B1810,20210521,120.247992,23.128509,交通事故,一般地址,臺南市安定區蘇厝里蘇厝段333之26號,2,晴,30,交岔路,交叉路口,無號誌,車與車,未依規定讓車
11005AC991B1812,20210520,120.282956,23.082979,交通事故,交叉路口,臺南市新市區社內里區道南134線段號環東路1,1,晴,50,交岔路,交叉路口,行車管制號誌,汽(機)車本身,未注意車前狀態
11005AC991B1816,20210517,120.29073,23.067425,交通事故,交叉路口,臺南市新市區永就里中山路段號中華路,1,晴,40,交岔路,交叉路口,行車管制號誌,車與車,未保持行車安全距離
11005AC991B1826,20210518,120.285575,23.081512,交通事故,一般地址,臺南市新市區社內里區道南134線段號0民生路,1,晴,50,單路部分,路段,無號誌,汽(機)車本身,未注意車前狀態
11005AC991B1830,20210520,120.296656,23.060113,交通事故,交叉路口,臺南市新市區永就里永新路段號中華路,2,晴,50,交岔路,交叉路口,行車管制號誌,車與車,未依規定讓車
11005AC991B1858,20210520,120.305378,23.144166,交通事故,一般地址,臺南市善化區光文里*無名道路段號0光文里苓林高分11-1電桿,2,晴,30,交岔路,交叉路口,無號誌,車與車,未依規定讓車
11005AC991B1863,20210517,120.293469,23.080866,交通事故,交叉路口,臺南市新市區新和里中正路段323號和平街,2,晴,50,交岔路,交叉路口,無號誌,車與車,未依規定讓車
11005AC991B1868,20210520,120.224023,23.098512,交通事故,一般地址,臺南市安定區文科里區道南134線段油車62號0,1,晴,50,單路部分,路段,行車管制號誌,車與車,左轉彎未依規定
11005AC991B1907,20210520,120.288891,23.125796,交通事故,一般地址,臺南市善化區南關里文昌路段10790號0,1,晴,50,單路部分,其他,無號誌,汽(機)車本身,未注意車前狀態
11005AC991B1920,20210522,120.293366,23.07921,交通事故,交叉路口,臺南市新市區新和里中正路段號中正路301新和里中正路與中正路301巷,1,晴,50,交岔路,交叉路口,行車管制號誌,車與車,未保持行車安全距離
11005AC991B1977,20210505,120.253148,23.118618,交通事故,一般地址,臺南市安定區蘇厝里直加弄大道段號0蘇厝里直加弄大道機慢車優先車道(電桿編號161),1,晴,40,單路部分,路段,無號誌,車與車,不明原因肇事
11005AC991B1981,20210522,120.273209,23.075943,交通事故,一般地址,臺南市新市區社內里大洲排水線側車道段號0社內里河堤道路(21號路燈路段),1,晴,30,單路部分,路段,無號誌,汽(機)車本身,未注意車前狀態
11005AC991B2001,20210515,120.234042,23.090827,交通事故,一般地址,臺南市安定區港口里港口段231號0,1,晴,50,單路部分,路段,無號誌,車與車,未保持行車安全間隔
11005AC991B2004,20210521,120.29145,23.132255,交通事故,交叉路口,臺南市善化區東關里中山路段號中和街,1,晴,30,交岔路,交叉路口,無號誌,汽(機)車本身,未依規定減速
11005AC991B2007,20210517,120.297615,23.129594,交通事故,一般地址,臺南市善化區坐駕里大成路段329號0,1,晴,50,單路部分,路段,無號誌,汽(機)車本身,未注意車前狀態
11005AC991B2047,20210523,120.294134,23.125555,交通事故,一般地址,臺南市善化區文昌里中正路段238號0,1,晴,50,單路部分,路段,無號誌,車與車,未保持行車安全間隔
11005AC991B2052,20210523,120.228633,23.078391,交通事故,一般地址,臺南市安定區嘉同里區道南133線段牛肉寮65-49號0,1,晴,25,圓環廣場,路段,無號誌,汽(機)車本身,未注意車前狀態
11005AC991B2077,20210523,120.300331,23.062488,交通事故,一般地址,臺南市新市區永就里區道南144線段永就52之5號0,1,晴,50,單路部分,路段,無號誌,車與車,未保持行車安全距離
11005AC991B2079,20210522,120.294316,23.118682,交通事故,一般地址,臺南市善化區坐駕里中正路段號0目加溜灣大道,1,晴,50,單路部分,路段,無號誌,汽(機)車本身,其他引起事故之違規或不當行為
11005AC991B2112,20210524,120.229519,23.106841,交通事故,一般地址,臺南市安定區文科里區道南132線段管寮4-22號,1,晴,30,交岔路,交叉路口,無號誌,車與車,未依規定讓車
11005AC991B2121,20210524,120.301559,23.153228,交通事故,一般地址,臺南市善化區田寮里區道南122線段六分寮155號0,2,晴,50,單路部分,路段,無號誌,車與車,起步未注意其他車(人)安全
11005AC991B2142,20210524,120.286585,23.12694,交通事故,一般地址,臺南市善化區南關里三民路段1-41號0,1,晴,50,單路部分,路段,無號誌,車與車,倒車未依規定
11005AC991B2148,20210524,120.291805,23.131481,交通事故,一般地址,臺南市善化區東關里中興路段101號0,1,晴,50,單路部分,路段,無號誌,汽(機)車本身,未注意車前狀態
11005AC991B2153,20210524,120.287701,23.149356,交通事故,一般地址,臺南市善化區溪美里省道臺19甲線段溪尾596號0,3,晴,30,交岔路,交叉路口,閃光號誌,車與車,未依規定讓車
11005AC991B2178,20210524,120.291609,23.056727,交通事故,一般地址,臺南市新市區永就里永新路段78號0,1,晴,50,交岔路,交叉路口,無號誌,汽(機)車本身,未注意車前狀態
11005AC991B2192,20210504,120.305489,23.089032,交通事故,一般地址,臺南市新市區大營里豐榮段42號0,1,晴,30,交岔路,交叉路口,無號誌,車與車,未依規定讓車
11005AC991B2204,20210524,120.28141,23.064059,交通事故,一般地址,臺南市新市區社內里新港社大道段社內143-17號0,1,晴,40,單路部分,路段,無號誌,車與車,未注意車前狀態
11005AC991B2205,20210525,120.330966,23.12375,交通事故,一般地址,臺南市善化區嘉南里市道178線段號0善化區嘉南里市道178線國3交流道南下砸道口,1,晴,50,交岔路,交叉路口,行車管制號誌,車與車,未注意車前狀態
11005AC991B2210,20210525,120.287205,23.06507,交通事故,一般地址,臺南市新市區社內里中山路段號0,1,晴,70,單路部分,路段,無號誌,車與車,未注意車前狀態
11005AC991B2237,20210506,120.285235,23.125702,交通事故,一般地址,臺南市善化區南關里中正路段223號0,1,晴,30,單路部分,路段,無號誌,車與車,其他引起事故之違規或不當行為
11005AC991B2253,20210525,120.299009,23.13331,交通事故,交叉路口,臺南市善化區光文里信義路段號公園路,1,晴,50,交岔路,交叉路口,無號誌,車與車,未依規定讓車
11005AC991B2277,20210525,120.326029,23.087235,交通事故,一般地址,臺南市新市區大社里大社段號0大社里里內道路（電桿編號：高分水道54左15）,1,晴,50,單路部分,路段,無號誌,汽(機)車本身,其他引起事故之違規或不當行為
11005AC991B2291,20210525,120.281053,23.064328,交通事故,交叉路口,臺南市新市區社內里新港社大道段號國道8號匝道,1,晴,40,交岔路,交叉路口,無號誌,汽(機)車本身,未注意車前狀態
11005AC991B2322,20210526,120.234936,23.091413,交通事故,一般地址,臺南市安定區港口里港口段235之7號0,1,晴,50,單路部分,路段,無號誌,汽(機)車本身,其他引起事故之違規或不當行為
11005AC991B2340,20210526,120.316706,23.156279,交通事故,一般地址,臺南市善化區昌隆里區道南122線段東勢寮185-6號0,1,晴,50,單路部分,路段,無號誌,車與車,橫越道路不慎
11005AC991B2347,20210526,120.208413,23.103154,交通事故,一般地址,臺南市安定區海寮里海寮段155-7號號0,1,晴,50,交岔路,交叉路口,無號誌,車與車,未注意車前狀態
11005AC991B2383,20210527,120.292697,23.129712,交通事故,交叉路口,臺南市善化區文昌里文昌路段號大信路,3,晴,50,交岔路,交叉路口,行車管制號誌,車與車,違反號誌管制或指揮
11005AC991B2384,20210527,120.293645,23.134386,交通事故,交叉路口,臺南市善化區光文里中正路段號建國路,2,晴,50,交岔路,交叉路口,行車管制號誌,車與車,違反號誌管制或指揮
11005AC991B2416,20210527,120.259648,23.086233,交通事故,一般地址,臺南市新市區豐華里區道南135線段號0,3,晴,50,單路部分,路段,無號誌,車與車,變換車道或方向不當
11005AC991B2435,20210527,120.304489,23.145833,交通事故,一般地址,臺南市善化區光文里北子店段7之1號0,2,晴,30,交岔路,交叉路口,行車管制號誌,車與車,未依規定讓車
11005AC991B2442,20210527,120.293051,23.073655,交通事故,交叉路口,臺南市新市區新和里仁愛街段154號仁愛街152,2,晴,50,交岔路,交叉路口,無號誌,車與車,逆向行駛
11005AC991B2462,20210525,120.315255,23.09537,交通事故,交叉路口,臺南市新市區大社里區道南177線段號區道南140線,1,晴,50,交岔路,交叉路口,行車管制號誌,汽(機)車本身,未注意車前狀態
11005AC991B2477,20210528,120.303805,23.121695,交通事故,一般地址,臺南市善化區坐駕里坐駕段30號0,1,晴,30,交岔路,交叉路口,無號誌,車與車,未靠右行駛
11005AC991B2514,20210514,120.233133,23.118738,交通事故,一般地址,臺南市安定區安加里安定段371-5號,1,晴,30,單路部分,路段,無號誌,汽(機)車本身,動物竄出
11005AC991B2558,20210510,120.273717,23.076292,交通事故,一般地址,臺南市新市區大洲里大洲排水線側車道段號0大洲里大洲排水道左岸道（電桿編號21）,1,晴,30,單路部分,路段,無號誌,汽(機)車本身,未注意車前狀態
11005AC991B2601,20210529,120.236283,23.120905,交通事故,一般地址,臺南市安定區安定里安定段443之1號0,1,晴,50,交岔路,交叉路口,無號誌,人與汽(機)車,未注意車前狀態
11005AC991B2634,20210507,120.326646,23.128137,交通事故,一般地址,臺南市善化區嘉南里茄拔段62-19號0,2,晴,30,單路部分,路段,無號誌,車與車,未保持行車安全間隔
11005AC991B2636,20210530,120.302535,23.133009,交通事故,一般地址,臺南市善化區光文里中山路段112號0,1,陰,50,單路部分,路段,無號誌,汽(機)車本身,未注意車前狀態
11005AC991B2638,20210529,120.352028,23.117282,交通事故,一般地址,臺南市大內區內江里曾文溪堤側車道段號0內江里河堤道路(大內橋東側200公尺處),1,晴,30,單路部分,路段,無號誌,汽(機)車本身,不明原因肇事
11005AC991B2642,20210527,120.252167,23.070945,交通事故,一般地址,臺南市新市區大洲里大洲排水線側車道段號0,2,晴,40,單路部分,路段,無號誌,車與車,逆向行駛
11005AC991B2645,20210506,120.230484,23.093251,交通事故,一般地址,臺南市安定區港口里港口段336-2號,1,晴,30,單路部分,路段,無號誌,車與車,未靠右行駛
11005AC991B2650,20210501,120.289976,23.132359,交通事故,一般地址,臺南市善化區東關里中山路段451號0,2,晴,50,單路部分,路段,無號誌,車與車,未依規定讓車
11005AC991B2657,20210524,120.276207,23.075104,交通事故,交叉路口,臺南市新市區社內里民權路段號新港社大道,1,晴,50,交岔路,交叉路口,行車管制號誌,車與車,其他引起事故之違規或不當行為
11005AC991B2664,20210503,120.281723,23.062137,交通事故,一般地址,臺南市新市區社內里中山路段號0新港社大道,1,晴,50,單路部分,路段,行車管制號誌,車與車,未保持行車安全距離
11005AC991B2675,20210530,120.293464,23.075814,交通事故,一般地址,臺南市新市區新和里仁愛街段217號0,1,雨,50,單路部分,路段,無號誌,汽(機)車本身,未注意車前狀態
11005AC991B2680,20210513,120.255143,23.070472,交通事故,一般地址,臺南市新市區大洲里大洲排水線側車道段號0大洲里大洲堤防道路,1,晴,30,單路部分,路段,無號誌,車與車,未保持行車安全距離
11005AC991B2707,20210530,120.291969,23.083425,交通事故,交叉路口,臺南市新市區新和里富安路段號富安六街,1,雨,50,交岔路,交叉路口,閃光號誌,汽(機)車本身,未注意車前狀態
11005AC991B2733,20210531,120.317426,23.089709,交通事故,一般地址,臺南市新市區大社里區道南177線段大社638號0,1,晴,50,單路部分,路段,無號誌,汽(機)車本身,未注意車前狀態
11005AC991B2744,20210531,120.288237,23.128524,交通事故,一般地址,臺南市善化區南關里永安路段59號0,1,陰,50,交岔路,交叉路口,無號誌,車與車,起步未注意其他車(人)安全
11005AC991B2752,20210531,120.291862,23.13227,交通事故,一般地址,臺南市善化區東關里中山路段390號0,1,晴,50,單路部分,路段,無號誌,車與車,開啟車門不當而肇事
11005AC991B2760,20210531,120.30594,23.155484,交通事故,一般地址,臺南市善化區田寮里區道南122線段六分寮186號0,1,晴,50,交岔路,交叉路口,無號誌,車與車,未保持行車安全距離
11005AC991B2764,20210531,120.291636,23.076091,交通事故,一般地址,臺南市新市區新和里中正路段175號0,2,晴,50,單路部分,路段,無號誌,車與車,迴轉未依規定
11005AC991B2788,20210531,120.338059,23.155474,交通事故,一般地址,臺南市善化區昌隆里省道臺1線段號0,1,晴,40,單路部分,路段,無號誌,車與車,未保持行車安全距離
11005AC991B2810,20210529,120.275352,23.062766,交通事故,一般地址,臺南市新市區社內里南科聯絡道段號0社內里國道八號交流道下,1,晴,40,單路部分,路段,無號誌,汽(機)車本身,疲勞(患病)駕駛失控
11005AC991B2820,20210521,120.228086,23.074919,交通事故,一般地址,臺南市安定區嘉同里牛肉寮段65號0,1,晴,40,交岔路,交叉路口,無號誌,車與車,未依規定讓車
11005AC991B2823,20210526,120.218645,23.084522,交通事故,一般地址,臺南市安定區嘉同里大同段115-5號,1,晴,40,交岔路,交叉路口,閃光號誌,車與車,未依規定讓車
11005AC991B2828,20210528,120.293073,23.132144,交通事故,一般地址,臺南市善化區東關里中山路段360號0,2,晴,50,單路部分,路段,無號誌,車與車,未保持行車安全距離
11005AC991B2831,20210516,120.299814,23.073155,交通事故,一般地址,臺南市新市區港墘里中山路段156號10,2,晴,70,單路部分,路段,無號誌,車與車,未注意車前狀態
11005AC991B2846,20210513,120.26928,23.14162,交通事故,一般地址,臺南市善化區胡厝里胡厝寮段218之20號0,2,晴,50,交岔路,交叉路口,閃光號誌,車與車,未依規定讓車
11005AC991B2850,20210506,120.293911,23.130156,交通事故,交叉路口,臺南市善化區文昌里文賢街段號中正路,1,晴,50,交岔路,交叉路口,行車管制號誌,車與車,未注意車前狀態
11005AC991B2865,20210526,120.328737,23.135544,交通事故,一般地址,臺南市善化區嘉南里茄拔段21855號,1,晴,30,交岔路,交叉路口,無號誌,車與車,起步未注意其他車(人)安全
11005AC991B2880,20210515,120.296912,23.129582,交通事故,交叉路口,臺南市善化區坐駕里建國路段號大成路,2,晴,50,交岔路,交叉路口,行車管制號誌(附設行人專用號誌),車與車,左轉彎未依規定
11005AC991B2889,20210525,120.29254,23.069375,交通事故,交叉路口,臺南市新市區新和里延平街段號中正路,2,晴,50,交岔路,交叉路口,閃光號誌,車與車,未依規定讓車
11005AC991B2893,20210503,120.318402,23.127267,交通事故,交叉路口,臺南市善化區小新里成功路段3號成功路,1,陰,50,交岔路,交叉路口,行車管制號誌,車與車,違反號誌管制或指揮
11005AC991B2904,20210507,120.299174,23.077375,交通事故,交叉路口,臺南市新市區港墘里自由街段號華美街,2,晴,50,交岔路,交叉路口,無號誌,車與車,未依規定讓車
11005AC991B2911,20210518,120.290006,23.132404,交通事故,一般地址,臺南市善化區東關里中山路段449號0,1,晴,50,單路部分,路段,無號誌,車與車,不明原因肇事
11005AC991B2931,20210511,120.233834,23.090704,交通事故,一般地址,臺南市安定區港口里區道南134線段港口150號0,2,晴,50,交岔路,交叉路口,無號誌,車與車,未依規定讓車
11005AC991B2935,20210511,120.280383,23.084249,交通事故,交叉路口,臺南市新市區豐華里區道南134線段號南科南路,1,晴,50,交岔路,交叉路口,行車管制號誌,車與車,未依規定讓車
11005AC991B2938,20210531,120.29361,23.074486,交通事故,一般地址,臺南市新市區新和里永福街段71號0,1,晴,50,單路部分,路段,無號誌,車與車,未注意車前狀態
11005AC991B2945,20210510,120.294836,23.104212,交通事故,一般地址,臺南市新市區三舍里省道臺19甲線段號0,2,晴,70,單路部分,路段,無號誌,車與車,未注意車前狀態
11005AC991B3012,20210512,120.298295,23.129801,交通事故,交叉路口,臺南市善化區光文里大成路段號和平路,1,晴,50,交岔路,交叉路口,行車管制號誌,車與車,左轉彎未依規定
11005AC991B3016,20210507,120.298871,23.088174,交通事故,一般地址,臺南市新市區三舍里三舍段號0三舍里里內道路,1,晴,30,單路部分,路段,無號誌,汽(機)車本身,未注意車前狀態
11005AC991B3025,20210507,120.277772,23.080878,交通事故,一般地址,臺南市新市區社內里新港社大道段號0社內里新港社大道,1,晴,50,單路部分,路段,無號誌,汽(機)車本身,不明原因肇事
11005AC991B3031,20210503,120.232327,23.085247,交通事故,一般地址,臺南市安定區港口里區道南133線段港口21-12號0,1,陰,50,交岔路,交叉路口,閃光號誌,車與車,未依規定讓車
11005AC991B3032,20210523,120.291649,23.072648,交通事故,交叉路口,臺南市新市區新和里中正路段92號中正路,1,晴,50,交岔路,交叉路口,行車管制號誌,車與車,未注意車前狀態
11005AC991B3056,20210515,120.292751,23.068872,交通事故,交叉路口,臺南市新市區新和里中山路段號中正路,2,陰,40,交岔路,路段,行車管制號誌,車與車,未注意車前狀態
11005AC991B3057,20210520,120.256061,23.112797,交通事故,一般地址,臺南市安定區蘇厝里直加弄大道段號0蘇厝里直加弄大道(台積電18廠停車場前),1,陰,40,單路部分,路段,行車管制號誌,汽(機)車本身,未注意車前狀態
11005AC991B3058,20210531,120.277498,23.154175,交通事故,一般地址,臺南市善化區溪美里溪尾段72-30號0,1,陰,30,交岔路,交叉路口,無號誌,車與車,未依規定讓車
11005AC991B3066,20210528,120.225734,23.085325,交通事故,交叉路口,臺南市安定區嘉同里國道8號側車道段號市道178線,2,晴,50,交岔路,交叉路口,行車管制號誌,車與車,未依規定讓車
11005AC991B3084,20210503,120.260115,23.104219,交通事故,交叉路口,臺南市新市區豐華里樹谷大道段號活水路,1,雨,50,交岔路,交叉路口,行車管制號誌,車與車,未依規定讓車
11005AC991B3089,20210518,120.297082,23.132156,交通事故,一般地址,臺南市善化區光文里中山路段251號0,2,晴,50,單路部分,路段,無號誌,車與車,未依規定讓車
11005AC991B3105,20210527,120.311667,23.127626,交通事故,交叉路口,臺南市善化區小新里成功路段16996號成功路331,2,晴,50,交岔路,交叉路口,無號誌,車與車,未依規定讓車
11005AC991B3108,20210513,120.241199,23.118344,交通事故,一般地址,臺南市安定區安定里安定段96-25號0,1,晴,30,單路部分,路段,無號誌,車與車,起步未注意其他車(人)安全
11005AC991B3109,20210505,120.296,23.076154,交通事故,一般地址,臺南市新市區新市里光華街段105之5號0,2,晴,50,單路部分,路段,無號誌,人與汽(機)車,未依規定行走行人穿越道、地下道、天橋而穿越道路
11005AC991B3142,20210527,120.312598,23.124305,交通事故,一般地址,臺南市善化區小新里區道南130線段小新營73之1號0,1,晴,30,交岔路,交叉路口,無號誌,車與車,未保持行車安全距離
11005AC991B3147,20210507,120.301035,23.100697,交通事故,一般地址,臺南市新市區大營里大營段287-300號750,1,晴,30,單路部分,路段,無號誌,汽(機)車本身,未注意車前狀態
11005AC991B3148,20210518,120.305287,23.130776,交通事故,一般地址,臺南市善化區光文里大成路大成陸橋段號0,1,晴,40,單路部分,路段,無號誌,汽(機)車本身,未注意車前狀態
11005AC991B3164,20210525,120.286408,23.067972,交通事故,一般地址,臺南市新市區社內里富強路段號0社內里富強路(41號路燈)路段,1,晴,50,單路部分,路段,無號誌,汽(機)車本身,不明原因肇事
11005AC991B3220,20210524,120.207143,23.071368,交通事故,一般地址,臺南市安定區中沙里中工二路段沙崙1-8號0,1,晴,30,交岔路,交叉路口,無號誌,車與車,未注意車前狀態
11005AC991B3249,20210530,120.311371,23.129069,交通事故,一般地址,臺南市善化區小新里成功路段351號0,1,雨,40,交岔路,交叉路口,行車管制號誌,車與車,未保持行車安全距離
11005AC991B3256,20210529,120.294003,23.058352,交通事故,交叉路口,臺南市新市區永就里永新路段號永華三街,1,雨,50,交岔路,交叉路口,行車管制號誌,汽(機)車本身,未注意車前狀態
11005AC991B3271,20210526,120.22872,23.093798,交通事故,一般地址,臺南市安定區港口里市道178線段港口333之2號0,1,晴,50,單路部分,路段,無號誌,車與車,未保持行車安全間隔