案件編號,發生日期,GPS經度,GPS緯度,案件類別名稱,地址類型名稱,發生縣市名稱,受傷人數,天候名稱, 速限-第1當事者,道路型態大類別名稱,事故位置大類別名稱,號誌-號誌種類名稱,事故類型及型態大類別名稱,肇因研判子類別名稱-主要
11005AC991B3287,20210521,120.301169,23.083628,交通事故,交叉路口,臺南市新市區港墘里民族路段81號大同街,2,陰,50,交岔路,交叉路口,無號誌,車與車,未依規定讓車
11005AC991B3290,20210513,120.280748,23.084194,交通事故,交叉路口,臺南市新市區社內里區道南134線段號新港社大道,1,晴,50,交岔路,交叉路口,行車管制號誌,車與車,未依規定讓車
11005AC991B3292,20210519,120.319566,23.076648,交通事故,一般地址,臺南市新市區潭頂里區道南138線段潭頂532號0,2,晴,50,單路部分,路段,無號誌,車與車,未注意車前狀態
11005AC991B3299,20210531,120.24176,23.089388,交通事故,一般地址,臺南市安定區港口里區道南134線段號0港口里南134線,1,晴,50,單路部分,路段,無號誌,汽(機)車本身,不明原因肇事
11005AC991B3360,20210522,120.244789,23.12914,交通事故,一般地址,臺南市安定區蘇厝里曾文溪堤側車道段蘇厝506號0,1,晴,30,單路部分,路段,無號誌,汽(機)車本身,未注意車前狀態
11005AC991B3361,20210511,120.292511,23.078894,交通事故,一般地址,臺南市新市區新市里中正路段267號0,1,晴,50,交岔路,交叉路口,無號誌,車與車,未保持行車安全距離
11005AC991B3406,20210519,120.22192,23.088045,交通事故,一般地址,臺南市安定區港南里國道8號側車道段港口1-85號0,1,晴,30,交岔路,交叉路口,無號誌,車與車,未依規定讓車
11005AC991B3418,20210514,120.288775,23.12648,交通事故,一般地址,臺南市善化區文昌里文昌路段10730號0,2,晴,50,交岔路,交叉路口,無號誌,車與車,起步未注意其他車(人)安全
11005AC9M1B3124,20210507,120.290678,23.093309,交通事故,其他,臺南市新市區段號三舍里三舍203號旁,1,晴,40,交岔路,交叉路口,無號誌,車與車,未注意車前狀態
11005AC9N1B2443,20210513,120.30595,23.088625,交通事故,其他,臺南市新市區段號大營里豐榮150號前路口,1,晴,50,交岔路,交叉路口,閃光號誌,車與車,未依規定讓車
11005AC9T1B1789,20210509,120.227086,23.083485,交通事故,其他,臺南市安定區段號港口1之76號附近,1,晴,30,交岔路,交叉路口,無號誌,車與車,違規超車
11005AC9Y1B0037,20210501,120.297979,23.131964,交通事故,交叉路口,臺南市善化區光文里和平路段號民族路,1,晴,50,交岔路,交叉路口,無號誌,車與車,右轉彎未依規定
11005AC9Y1B0044,20210501,120.248743,23.128305,交通事故,一般地址,臺南市安定區蘇厝里蘇厝段329-1號0,1,晴,50,交岔路,交叉路口,無號誌,車與車,倒車未依規定
11005AC9Y1B0186,20210504,120.25747,23.079752,交通事故,一般地址,臺南市新市區大洲里區道南135線段號0,1,晴,50,單路部分,路段,無號誌,車與車,未保持行車安全距離
11005AC9Y1B0207,20210504,120.297958,23.131988,交通事故,交叉路口,臺南市善化區光文里和平路段號民族路,1,晴,50,交岔路,交叉路口,無號誌,車與車,未依規定讓車
11005AC9Y1B0267,20210505,120.315497,23.156146,交通事故,一般地址,臺南市善化區昌隆里區道南122線段東勢寮200-1號0,4,晴,50,交岔路,交叉路口,無號誌,車與車,未依規定讓車
11005AC9Y1B0300,20210505,120.299571,23.082147,交通事故,交叉路口,臺南市新市區港墘里民族路段號三民街,1,晴,50,交岔路,交叉路口,行車管制號誌,車與車,未保持行車安全距離
11005AC9Y1B0334,20210506,120.303621,23.115331,交通事故,交叉路口,臺南市善化區蓮潭里善新西路段號蓮潭北一街,3,晴,30,交岔路,交叉路口,無號誌,車與車,未保持行車安全距離
11005AC9Y1B0350,20210506,120.252646,23.071075,交通事故,一般地址,臺南市新市區大洲里大洲排水線側車道段號,1,晴,30,交岔路,交叉路口,無號誌,車與車,未依規定讓車
11005AC9Y1B0399,20210506,120.282668,23.065499,交通事故,一般地址,臺南市新市區社內里富強路段500號,1,晴,50,單路部分,路段,無號誌,汽(機)車本身,未注意車前狀態
11005AC9Y1B0456,20210507,120.284746,23.133047,交通事故,交叉路口,臺南市善化區東關里光復路段號中山路,1,晴,50,交岔路,交叉路口,行車管制號誌,車與車,未依規定讓車
11005AC9Y1B0800,20210511,120.210403,23.087996,交通事故,一般地址,臺南市安定區新吉里省道臺19線段新吉1-13附1號0,1,晴,40,單路部分,路段,無號誌,車與車,裝卸貨物不當
11005AC9Y1B0818,20210511,120.312211,23.101216,交通事故,一般地址,臺南市新市區大營里區道南139線段大營203號0,2,晴,40,交岔路,交叉路口,無號誌,車與車,未依規定讓車
11005AC9Y1B0853,20210511,120.232815,23.082035,交通事故,一般地址,臺南市安定區港南里國道8號側車道段港口23-31號0,1,晴,30,交岔路,交叉路口,無號誌,汽(機)車本身,其他引起事故之違規或不當行為
11005AC9Y1B0866,20210511,120.237793,23.12178,交通事故,一般地址,臺南市安定區安定里安定段58-57號0,1,晴,50,交岔路,交叉路口,行車管制號誌,車與車,違反號誌管制或指揮
11005AC9Y1B0966,20210512,120.291103,23.129794,交通事故,交叉路口,臺南市善化區文昌里大同路段號永福路,2,晴,50,交岔路,交叉路口,無號誌,車與車,未依規定讓車
11005AC9Y1B0994,20210513,120.308434,23.108811,交通事故,交叉路口,臺南市新市區大營里西拉雅大道段號陽光大道,1,晴,40,交岔路,交叉路口,行車管制號誌,車與車,違反號誌管制或指揮
11005AC9Y1B1071,20210513,120.275565,23.075053,交通事故,一般地址,臺南市新市區社內里區道南135線段號0,1,晴,50,單路部分,路段,無號誌,車與車,未注意車前狀態
11005AC9Y1B1080,20210513,120.292602,23.132165,交通事故,一般地址,臺南市善化區頂街里中山路段361-1號0,2,晴,50,單路部分,路段,無號誌,人與汽(機)車,未注意車前狀態
11005AC9Y1B1219,20210515,120.318655,23.124007,交通事故,一般地址,臺南市善化區小新里省道臺1線段號0,2,晴,50,交岔路,交叉路口,行車管制號誌,車與車,未注意車前狀態
11005AC9Y1B1257,20210515,120.313546,23.096339,交通事故,交叉路口,臺南市新市區大營里省道臺1線段125號0區道南140線,1,晴,40,交岔路,交叉路口,行車管制號誌,汽(機)車本身,違反號誌管制或指揮
11005AC9Y1B1351,20210516,120.296585,23.119019,交通事故,交叉路口,臺南市善化區文昌里目加溜灣大道段號0建國路78,2,晴,40,交岔路,交叉路口,無號誌,車與車,未依規定減速
11005AC9Y1B1367,20210516,120.293904,23.13016,交通事故,交叉路口,臺南市善化區文昌里中正路段號文賢街,2,晴,50,交岔路,交叉路口,行車管制號誌,車與車,左轉彎未依規定
11005AC9Y1B1413,20210517,120.27629,23.075077,交通事故,交叉路口,臺南市新市區社內里區道南135線段號新港社大道,2,晴,50,交岔路,交叉路口,行車管制號誌,車與車,未注意車前狀態
11005AC9Y1B1955,20210522,120.287996,23.130581,交通事故,一般地址,臺南市善化區頂街里三民路段13636號0,2,晴,50,交岔路,交叉路口,無號誌,車與車,未注意車前狀態
11005AC9Y1B1983,20210522,120.261956,23.105078,交通事故,交叉路口,臺南市新市區豐華里活水路段號中心東路,2,晴,50,交岔路,交叉路口,閃光號誌,車與車,左轉彎未依規定
11005AC9Y1B2073,20210523,120.391729,23.122212,交通事故,一般地址,臺南市大內區二溪里二重溪段150號0,1,晴,50,交岔路,交叉路口,無號誌,車與車,違規超車
11005AC9Y1B2133,20210524,120.286556,23.126836,交通事故,交叉路口,臺南市善化區南關里三民路段號中正路223,2,晴,50,交岔路,交叉路口,無號誌,車與車,逆向行駛
11005AC9Y1B2468,20210528,120.2962,23.120493,交通事故,交叉路口,臺南市善化區文昌里建國路段78號中正路66,2,晴,30,交岔路,交叉路口,無號誌,車與車,未依規定讓車
11005AC9Y1B2540,20210528,120.29203,23.132235,交通事故,一般地址,臺南市善化區東關里中山路段382號0,1,晴,50,單路部分,路段,無號誌,車與車,起步未注意其他車(人)安全
11005AC9Y1B2584,20210529,120.297527,23.127123,交通事故,一般地址,臺南市善化區坐駕里建國路段38號0,1,雨,50,交岔路,交叉路口,行車管制號誌,車與車,倒車未依規定
11005AC9Y1B2799,20210531,120.288149,23.11889,交通事故,一般地址,臺南市善化區文昌里文昌路段107號0,2,晴,50,單路部分,路段,無號誌,車與車,未注意車前狀態
11005ACA91A0003,20210505,120.254018,22.976666,交通事故,交叉路口,臺南市仁德區一甲里中正路三段段號忠義路,2,晴,50,交岔路,交叉路口,行車管制號誌,車與車,違反號誌管制或指揮
11005ACA91A0006,20210509,120.253564,22.910337,交通事故,其他,臺南市仁德區段號中洲里依仁路，中洲橋,0,晴,50,交岔路,交叉路口,閃光號誌,汽(機)車本身,酒醉(後)駕駛失控
11005ACA91A0010,20210514,120.29132,22.968925,交通事故,交叉路口,臺南市歸仁區後市里國光街段號民族一街,0,晴,50,交岔路,交叉路口,行車管制號誌,車與車,未依規定讓車
11005ACA91B0095,20210502,120.277454,22.992205,交通事故,交叉路口,臺南市歸仁區南丁路段號和順路2,1,晴,50,交岔路,交叉路口,行車管制號誌,車與車,不明原因肇事
11005ACA91B0115,20210501,120.277328,22.943423,交通事故,交叉路口,臺南市歸仁區六甲里省道臺39線段號中正南路1,1,晴,70,交岔路,交叉路口,行車管制號誌,車與車,右轉彎未依規定
11005ACA91B0116,20210503,120.272312,22.970523,交通事故,交叉路口,臺南市歸仁區南興里省道臺39線段號文化街3,1,陰,50,交岔路,交叉路口,行車管制號誌,車與車,左轉彎未依規定
11005ACA91B0145,20210503,120.273408,22.952948,交通事故,交叉路口,臺南市歸仁區六甲里省道臺39線段號六甲路,1,雨,50,交岔路,交叉路口,無號誌,汽(機)車本身,未注意車前狀態
11005ACA91B0147,20210503,120.303226,22.965564,交通事故,一般地址,臺南市歸仁區看東里中山路一段段291號,1,雨,50,交岔路,路段,行車管制號誌,車與車,未依規定讓車
11005ACA91B0154,20210501,120.241218,22.974704,交通事故,交叉路口,臺南市仁德區仁德里中山路段號裕忠路,1,晴,60,交岔路,交叉路口,行車管制號誌,車與車,右轉彎未依規定
11005ACA91B0195,20210503,120.324062,22.958175,交通事故,一般地址,臺南市關廟區文化街段99號,1,陰,50,單路部分,路段,無號誌,汽(機)車本身,酒醉(後)駕駛失控
11005ACA91B0252,20210505,120.322567,22.973055,交通事故,其他,臺南市關廟區段號下湖里南雄路二段880巷口,1,晴,0,交岔路,交叉路口,閃光號誌,汽(機)車本身,不明原因肇事
11005ACA91B0284,20210505,120.254345,22.97137,交通事故,一般地址,臺南市仁德區中山路段號,1,晴,50,單路部分,路段,行車管制號誌,車與車,變換車道或方向不當
11005ACA91B0291,20210505,120.293005,22.965091,交通事故,交叉路口,臺南市歸仁區大順二街段號中正南路一段76,1,晴,30,交岔路,交叉路口,無號誌,車與車,未依規定讓車
11005ACA91B0318,20210504,120.253923,22.945426,交通事故,一般地址,臺南市仁德區後壁里德崙路段99號,1,晴,50,單路部分,路段,無號誌,車與車,違反特定標誌(線)禁制
11005ACA91B0345,20210506,120.269014,22.991563,交通事故,一般地址,臺南市仁德區太子路段86號,1,晴,50,單路部分,路段,行車管制號誌,車與車,未依規定讓車
11005ACA91B0349,20210505,120.25115,22.907307,交通事故,其他,臺南市仁德區段號中生街227號,2,晴,30,單路部分,路段,無號誌,車與車,未注意車前狀態
11005ACA91B0355,20210503,120.211685,22.919418,交通事故,其他,臺南市仁德區段號中正西路靠近行大街口,1,晴,50,單路部分,路段,無號誌,汽(機)車本身,動物竄出
11005ACA91B0385,20210506,120.250134,22.908633,交通事故,一般地址,臺南市仁德區中洲路段1306號,2,晴,50,單路部分,路段,無號誌,車與車,未注意車前狀態
11005ACA91B0408,20210504,120.228971,22.919162,交通事故,一般地址,臺南市仁德區保安里中正路一段段73號,1,晴,50,交岔路,交叉路口,行車管制號誌,車與車,未保持行車安全距離
11005ACA91B0414,20210506,120.271847,22.915264,交通事故,其他,臺南市歸仁區段號中正南路三段與中正南路三段51巷口,1,晴,0,交岔路,路段,無號誌,車與車,倒車未依規定
11005ACA91B0451,20210507,120.255783,22.991422,交通事故,交叉路口,臺南市仁德區太子里太子路段號中正路三段,1,晴,50,交岔路,交叉路口,行車管制號誌,車與車,違反號誌管制或指揮
11005ACA91B0462,20210507,120.23976,22.924466,交通事故,交叉路口,臺南市仁德區中正路一段段號永德路,1,晴,50,交岔路,交叉路口,行車管制號誌,車與車,違規超車
11005ACA91B0466,20210502,120.252721,22.958284,交通事故,一般地址,臺南市仁德區仁義里中正路2段607號,1,晴,50,交岔路,路段,閃光號誌,車與車,未注意車前狀態
11005ACA91B0477,20210507,120.240656,22.92526,交通事故,其他,臺南市仁德區段號中正路一段，路燈編號263260,1,晴,50,交岔路,交叉路口,閃光號誌,汽(機)車本身,不明原因肇事
11005ACA91B0564,20210508,120.290321,22.968302,交通事故,交叉路口,臺南市歸仁區後市里中山八街段號國光街,1,晴,50,交岔路,交叉路口,無號誌,車與車,不明原因肇事
11005ACA91B0596,20210504,120.252379,22.968863,交通事故,一般地址,臺南市仁德區中正路二段段1147號,1,晴,50,單路部分,路段,無號誌,車與車,未保持行車安全間隔
11005ACA91B0597,20210504,120.28983,22.935625,交通事故,其他,臺南市歸仁區段號凱旋路二段211巷與台86快速道路便道口,1,晴,50,交岔路,交叉路口,行車管制號誌,車與車,違反號誌管制或指揮
11005ACA91B0598,20210501,120.391798,22.948045,交通事故,無,臺南市龍崎區段號,1,晴,50,單路部分,路段,無號誌,汽(機)車本身,未注意車前狀態
11005ACA91B0600,20210501,120.245658,22.953462,交通事故,一般地址,臺南市仁德區德洋路段130號,1,晴,50,單路部分,路段,無號誌,車與車,左轉彎未依規定
11005ACA91B0601,20210501,120.254342,22.972035,交通事故,一般地址,臺南市仁德區中清二街段9號,1,晴,50,單路部分,路段,無號誌,車與車,未注意車前狀態
11005ACA91B0604,20210507,120.275354,22.968832,交通事故,交叉路口,臺南市歸仁區南興里中山路段號中山十街,1,晴,50,交岔路,交叉路口,行車管制號誌,車與車,未注意車前狀態
11005ACA91B0622,20210504,120.252557,22.97211,交通事故,其他,臺南市仁德區段號正義一街42號旁,1,晴,50,交岔路,交叉路口,無號誌,車與車,未保持行車安全距離
11005ACA91B0634,20210509,120.287596,22.960404,交通事故,交叉路口,臺南市歸仁區辜厝里中正南路一段段號民權南路,1,晴,50,交岔路,交叉路口,行車管制號誌,車與車,橫越道路不慎
11005ACA91B0665,20210508,120.230985,22.930949,交通事故,交叉路口,臺南市仁德區保安里文賢路1段號保安路2,1,晴,50,交岔路,交叉路口,行車管制號誌,車與車,未依規定讓車
11005ACA91B0670,20210508,120.30984,22.988609,交通事故,一般地址,臺南市關廟區埤頭里關新路1段512號,1,晴,50,單路部分,路段,無號誌,車與車,起步未注意其他車(人)安全
11005ACA91B0675,20210507,120.261993,22.990338,交通事故,一般地址,臺南市仁德區土庫里太子二街段415號0,1,晴,30,單路部分,路段,無號誌,車與車,倒車未依規定
11005ACA91B0692,20210506,120.246788,22.974733,交通事故,一般地址,臺南市仁德區仁德里裕華三街段337號,1,晴,50,交岔路,交叉路口,無號誌,車與車,未依規定讓車
11005ACA91B0695,20210508,120.254922,22.944671,交通事故,交叉路口,臺南市仁德區上崙里德崙路段號德崙路175,1,晴,30,交岔路,交叉路口,無號誌,車與車,未依規定讓車
11005ACA91B0697,20210508,120.321555,22.973341,交通事故,一般地址,臺南市關廟區下湖里南雄路2段859號0,1,晴,60,交岔路,交叉路口,無號誌,車與車,起步未注意其他車(人)安全
11005ACA91B0698,20210509,120.339309,22.963961,交通事故,交叉路口,臺南市關廟區花園里中正路段號旺萊路,1,晴,50,交岔路,交叉路口,行車管制號誌,車與車,未依規定讓車
11005ACA91B0708,20210503,120.283107,22.96803,交通事故,其他,臺南市歸仁區段號中山路三段與保興街口,1,晴,50,交岔路,交叉路口,行車管制號誌,車與車,左轉彎未依規定
11005ACA91B0720,20210506,120.250124,22.991111,交通事故,其他,臺南市仁德區段號太子路710號旁,1,晴,50,單路部分,路段,無號誌,車與車,未注意車前狀態
11005ACA91B0771,20210507,120.246626,22.913216,交通事故,一般地址,臺南市仁德區中洲路段1216號,2,晴,50,單路部分,路段,無號誌,車與車,未保持行車安全距離
11005ACA91B0774,20210507,120.277468,22.943075,交通事故,交叉路口,臺南市歸仁區高鐵大道段號中正南路一段,1,晴,50,單路部分,路段,無號誌,車與車,未保持行車安全距離
11005ACA91B0845,20210506,120.242347,22.958365,交通事故,交叉路口,臺南市仁德區仁德里民安路1段號文華一街,1,晴,50,交岔路,交叉路口,行車管制號誌,車與車,左轉彎未依規定
11005ACA91B0846,20210511,120.284979,23.003561,交通事故,一般地址,臺南市歸仁區西埔二街段11011355號,1,晴,30,單路部分,路段,無號誌,車與車,起步未注意其他車(人)安全
11005ACA91B0851,20210504,120.265884,22.991497,交通事故,交叉路口,臺南市仁德區太子路段號長興一街,1,晴,50,交岔路,交叉路口,行車管制號誌,車與車,未依規定讓車
11005ACA91B0859,20210504,120.327676,22.958505,交通事故,其他,臺南市關廟區段號南雄路一段與中山路二段、大仁街口,1,晴,50,交岔路,交叉路口,行車管制號誌,車與車,未保持行車安全間隔
11005ACA91B0880,20210511,120.253947,22.971175,交通事故,一般地址,臺南市仁德區仁義里中山路段513號,1,晴,60,單路部分,路段,無號誌,車與車,不明原因肇事
11005ACA91B0900,20210509,120.30282,22.965698,交通事故,其他,臺南市歸仁區段號中山路一段與忠孝南路口,1,晴,50,交岔路,交叉路口,行車管制號誌,車與車,未依規定讓車
11005ACA91B0902,20210510,120.239795,22.924415,交通事故,其他,臺南市仁德區段號中正路與永德路口,1,晴,50,交岔路,交叉路口,行車管制號誌,車與車,左轉彎未依規定
11005ACA91B0911,20210511,120.248533,22.990744,交通事故,交叉路口,臺南市仁德區太子路段號高速一街,3,晴,50,單路部分,路段,行車管制號誌,車與車,違反號誌管制或指揮
11005ACA91B0915,20210509,120.257428,22.991333,交通事故,交叉路口,臺南市仁德區太子里太子路段號太子南路,1,晴,50,交岔路,交叉路口,行車管制號誌,車與車,未注意車前狀態
11005ACA91B0918,20210510,120.283306,22.969865,交通事故,交叉路口,臺南市歸仁區南興里保興街段號民權六街,1,晴,50,交岔路,交叉路口,無號誌,車與車,未依規定讓車
11005ACA91B0925,20210510,120.240528,22.919197,交通事故,一般地址,臺南市仁德區保安里文賢路2段102號,1,晴,50,單路部分,路段,無號誌,車與車,未注意車前狀態
11005ACA91B0934,20210511,120.294523,22.966875,交通事故,其他,臺南市歸仁區段號歸仁里中山路一段568號(歸仁圓環),1,晴,50,圓環廣場,路段,無號誌,車與車,未注意車前狀態
11005ACA91B0936,20210512,120.295244,22.969888,交通事故,交叉路口,臺南市歸仁區歸仁里中正北路1段號文化街一段,1,晴,50,單路部分,路段,行車管制號誌,車與車,開啟車門不當而肇事
11005ACA91B0937,20210512,120.237786,22.922481,交通事故,交叉路口,臺南市仁德區保安里中正路一段段270號文賢路215,1,晴,30,交岔路,交叉路口,無號誌,車與車,未依規定讓車
11005ACA91B0941,20210511,120.230991,22.931384,交通事故,一般地址,臺南市仁德區保安里文賢路1段569號,1,晴,50,單路部分,路段,無號誌,車與車,未注意車前狀態
11005ACA91B0965,20210512,120.28114,22.99651,交通事故,其他,臺南市仁德區段號台39與保大路三段口,1,晴,50,交岔路,交叉路口,行車管制號誌,車與車,違反號誌管制或指揮
11005ACA91B0997,20210510,120.364971,22.963293,交通事故,一般地址,臺南市龍崎區石?里區道南164線段號0,1,晴,50,單路部分,路段,無號誌,汽(機)車本身,酒醉(後)駕駛失控
11005ACA91B1002,20210508,120.259953,22.942375,交通事故,一般地址,臺南市仁德區德崙路段375號,3,晴,50,單路部分,路段,無號誌,車與車,左轉彎未依規定
11005ACA91B1003,20210508,120.254029,22.976654,交通事故,交叉路口,臺南市仁德區中正路三段段號忠義路,1,晴,50,交岔路,交叉路口,行車管制號誌,車與車,左轉彎未依規定
11005ACA91B1006,20210509,120.243399,22.971226,交通事故,交叉路口,臺南市仁德區文華路3段號文華路3467,1,晴,50,交岔路,交叉路口,無號誌,車與車,未保持行車安全距離
11005ACA91B1012,20210509,120.26983,22.969421,交通事故,一般地址,臺南市仁德區中山路段45號,1,晴,60,單路部分,路段,無號誌,車與車,未保持行車安全距離
11005ACA91B1014,20210509,120.290212,22.971962,交通事故,交叉路口,臺南市歸仁區文化三街段號民權一街,2,晴,50,交岔路,交叉路口,無號誌,車與車,未依規定減速
11005ACA91B1178,20210512,120.248533,22.990744,交通事故,交叉路口,臺南市仁德區太子路段號高速一街,2,晴,50,單路部分,路段,無號誌,車與車,未注意車前狀態
11005ACA91B1229,20210510,120.285662,22.92464,交通事故,交叉路口,臺南市歸仁區武東里高鐵八路段號歸仁八路,1,晴,50,交岔路,交叉路口,無號誌,車與車,右轉彎未依規定
11005ACA91B1292,20210507,120.267803,22.991628,交通事故,一般地址,臺南市仁德區太子里太子路段98號,1,晴,50,交岔路,路段,行車管制號誌,車與車,其他引起事故之違規或不當行為
11005ACA91B1303,20210514,120.289042,22.918819,交通事故,交叉路口,臺南市歸仁區武東里省道臺39線段號大武路2,1,晴,50,交岔路,交叉路口,行車管制號誌,車與車,未依規定讓車
11005ACA91B1313,20210516,120.305606,22.945952,交通事故,一般地址,臺南市歸仁區歸仁里成功三街段503號,1,晴,50,單路部分,路段,無號誌,汽(機)車本身,酒醉(後)駕駛失控
11005ACA91B1314,20210506,120.254556,22.992777,交通事故,交叉路口,臺南市仁德區長興五街段號長興五街42,1,晴,30,交岔路,交叉路口,閃光號誌,車與車,未依規定讓車
11005ACA91B1322,20210510,120.256097,22.991529,交通事故,一般地址,臺南市仁德區太子里太子路段374號,1,晴,50,單路部分,路段,行車管制號誌,車與車,未保持行車安全間隔
11005ACA91B1324,20210506,120.302771,22.957525,交通事故,交叉路口,臺南市歸仁區凱旋路一段段號成功三街,1,晴,50,交岔路,交叉路口,閃光號誌,車與車,未依規定讓車
11005ACA91B1338,20210515,120.332008,22.953995,交通事故,交叉路口,臺南市關廟區五甲里光復街段91號光復街92,1,晴,30,交岔路,交叉路口,無號誌,車與車,未依規定讓車
11005ACA91B1339,20210510,120.293236,22.966991,交通事故,一般地址,臺南市歸仁區中山路二段段28號,1,晴,50,單路部分,路段,無號誌,車與車,起步未注意其他車(人)安全
11005ACA91B1340,20210515,120.279906,22.955538,交通事故,一般地址,臺南市歸仁區六甲里民生南街二段段716號,1,晴,50,單路部分,路段,無號誌,車與車,未保持行車安全距離
11005ACA91B1362,20210516,120.271957,22.910145,交通事故,一般地址,臺南市歸仁區大潭里長榮路1段297-1號,2,晴,30,單路部分,路段,無號誌,人與汽(機)車,穿越道路未注意左右來車
11005ACA91B1405,20210514,120.290199,22.966552,交通事故,交叉路口,臺南市歸仁區大吉街段號大吉一街,1,晴,50,單路部分,路段,無號誌,車與車,未依規定讓車
11005ACA91B1407,20210507,120.29359,22.993366,交通事故,交叉路口,臺南市歸仁區中正北路3段號保順路2,1,晴,50,交岔路,交叉路口,行車管制號誌,車與車,未依規定讓車
11005ACA91B1412,20210510,120.267737,22.991531,交通事故,其他,臺南市仁德區段號太子路101巷口,1,晴,50,交岔路,交叉路口,行車管制號誌,車與車,未依規定讓車
11005ACA91B1415,20210514,120.285563,22.969728,交通事故,交叉路口,臺南市歸仁區民權八街段號民權六街,1,晴,50,交岔路,交叉路口,無號誌,車與車,未依規定讓車
11005ACA91B1419,20210513,120.295702,22.975029,交通事故,一般地址,臺南市歸仁區中正北路1段232號,1,晴,50,單路部分,路段,無號誌,車與車,迴轉未依規定
11005ACA91B1434,20210511,120.225013,22.9184,交通事故,其他,臺南市仁德區段號中正西路與二行一路口,1,晴,50,交岔路,交叉路口,行車管制號誌,車與車,未依規定減速
11005ACA91B1455,20210512,120.281626,22.968397,交通事故,一般地址,臺南市歸仁區中山路三段段262號,1,晴,50,單路部分,路段,無號誌,車與車,未注意車前狀態
11005ACA91B1463,20210517,120.217447,22.958586,交通事故,一般地址,臺南市仁德區大同路三段段109號,1,晴,60,單路部分,路段,無號誌,車與車,未注意車前狀態
11005ACA91B1471,20210517,120.244126,22.95458,交通事故,一般地址,臺南市仁德區德洋路段183號0,2,晴,50,單路部分,路段,無號誌,車與車,未依規定讓車
11005ACA91B1485,20210517,120.234507,22.920435,交通事故,一般地址,臺南市仁德區保安里中正路一段段159號,1,晴,50,單路部分,路段,無號誌,車與車,未注意車前狀態
11005ACA91B1486,20210510,120.30834,23.000102,交通事故,交叉路口,臺南市關廟區關新路2段號關新路2169,1,晴,60,交岔路,交叉路口,行車管制號誌,車與車,不明原因肇事
11005ACA91B1488,20210517,120.241789,22.979345,交通事故,交叉路口,臺南市仁德區仁德里裕忠路段號裕忠三街,1,晴,50,交岔路,交叉路口,行車管制號誌,車與車,左轉彎未依規定
11005ACA91B1496,20210510,120.230576,22.940514,交通事故,一般地址,臺南市仁德區成功里文華路2段326號,1,晴,50,交岔路,交叉路口,無號誌,車與車,不明原因肇事
11005ACA91B1509,20210512,120.22742,22.938913,交通事故,其他,臺南市仁德區段號文華路與文賢路,1,晴,50,交岔路,交叉路口,行車管制號誌,車與車,違反特定標誌(線)禁制
11005ACA91B1558,20210501,120.259085,22.989095,交通事故,交叉路口,臺南市仁德區太子南路段號土庫五街,1,晴,50,交岔路,交叉路口,閃光號誌,車與車,未依規定讓車
11005ACA91B1582,20210518,120.225072,22.919615,交通事故,一般地址,臺南市仁德區二行里二行一路段169號,1,晴,50,單路部分,路段,無號誌,車與車,未保持行車安全距離
11005ACA91B1586,20210511,120.259812,22.991226,交通事故,交叉路口,臺南市仁德區太子路段號長興路,2,晴,50,交岔路,交叉路口,行車管制號誌,車與車,右轉彎未依規定
11005ACA91B1607,20210511,120.232174,22.954676,交通事故,一般地址,臺南市仁德區成功里保生東路段68號,1,晴,50,單路部分,路段,無號誌,車與車,未注意車前狀態
11005ACA91B1620,20210505,120.230283,22.939395,交通事故,其他,臺南市仁德區段號文華路二段十股仁糖文化園區旁平交道,1,晴,50,交岔路,交叉路口,無號誌,車與車,右轉彎未依規定
11005ACA91B1675,20210519,120.391798,22.948045,交通事故,其他,臺南市龍崎區段號182線西向27.6K,0,晴,50,單路部分,路段,無號誌,汽(機)車本身,超速失控
11005ACA91B1691,20210513,120.293033,22.991671,交通事故,交叉路口,臺南市歸仁區媽廟里中正北路3段號媽廟一街,1,晴,40,交岔路,交叉路口,行車管制號誌,車與車,不明原因肇事
11005ACA91B1711,20210514,120.27223,22.969255,交通事故,交叉路口,臺南市歸仁區南興里省道臺39線段號中山路3,1,晴,50,交岔路,交叉路口,行車管制號誌,車與車,違反號誌管制或指揮
11005ACA91B1712,20210513,120.242058,22.926463,交通事故,交叉路口,臺南市仁德區中正路一段段號中正路一段599,1,晴,50,交岔路,交叉路口,無號誌,汽(機)車本身,尚未發現肇事因素
11005ACA91B1713,20210510,120.287823,22.965174,交通事故,交叉路口,臺南市歸仁區民權南路段號大順街,1,晴,50,交岔路,交叉路口,閃光號誌,車與車,未依規定讓車
11005ACA91B1719,20210508,120.239134,22.920302,交通事故,一般地址,臺南市仁德區保安里文賢路2段55號,1,晴,50,單路部分,路段,無號誌,車與車,起步未注意其他車(人)安全
11005ACA91B1811,20210512,120.235244,22.954298,交通事故,交叉路口,臺南市仁德區成功里文華路2段號保生東路,2,晴,50,單路部分,路段,無號誌,人與汽(機)車,未注意車前狀態
11005ACA91B1814,20210510,120.325904,22.970215,交通事故,其他,臺南市關廟區段號南雄路二段880巷口,1,晴,50,交岔路,交叉路口,閃光號誌,車與車,未依規定讓車
11005ACA91B1828,20210512,120.228668,22.919015,交通事故,其他,臺南市仁德區段號中正路一段58號對面,1,晴,50,交岔路,交叉路口,行車管制號誌,車與車,未注意車前狀態
11005ACA91B1834,20210510,120.22094,22.917788,交通事故,交叉路口,臺南市仁德區中正西路段號中正西路211,2,晴,50,交岔路,交叉路口,行車管制號誌,車與車,違反特定標誌(線)禁制
11005ACA91B1844,20210515,120.218452,22.915367,交通事故,其他,臺南市仁德區段號行大街230號,1,晴,50,單路部分,路段,無號誌,車與車,左轉彎未依規定
11005ACA91B1856,20210501,120.301173,22.959907,交通事故,其他,臺南市歸仁區段號成功路一段259號前,1,晴,50,單路部分,路段,無號誌,車與車,違反特定標誌(線)禁制
11005ACA91B1864,20210505,120.294287,22.967018,交通事故,其他,臺南市歸仁區段號圓環靠近中正北路,1,晴,50,圓環廣場,路段,無號誌,車與車,違規超車