案件編號,發生日期,GPS經度,GPS緯度,案件類別名稱,地址類型名稱,發生縣市名稱,受傷人數,天候名稱, 速限-第1當事者,道路型態大類別名稱,事故位置大類別名稱,號誌-號誌種類名稱,事故類型及型態大類別名稱,肇因研判子類別名稱-主要
11005ACA91B1875,20210507,120.231089,22.959995,交通事故,交叉路口,臺南市仁德區保華路段號成功三街,2,晴,50,交岔路,交叉路口,無號誌,車與車,未依規定減速
11005ACA91B1882,20210521,120.233469,22.954497,交通事故,交叉路口,臺南市仁德區成功里文華路2段號保生東路,2,晴,50,交岔路,交叉路口,行車管制號誌,車與車,違反特定標誌(線)禁制
11005ACA91B1892,20210515,120.252058,22.954049,交通事故,一般地址,臺南市仁德區新田里中正路2段421號,1,晴,50,單路部分,路段,無號誌,人與汽(機)車,未依規定行走行人穿越道、地下道、天橋而穿越道路
11005ACA91B1904,20210516,120.243401,22.927705,交通事故,一般地址,臺南市仁德區文賢里三甲子道路段21094號,1,晴,50,單路部分,路段,無號誌,車與車,違規停車或暫停不當而肇事
11005ACA91B1905,20210519,120.28555,22.969777,交通事故,交叉路口,臺南市歸仁區南保里民權六街段號民權八街,1,晴,50,交岔路,交叉路口,無號誌,車與車,未依規定讓車
11005ACA91B1926,20210513,120.225695,22.918616,交通事故,交叉路口,臺南市仁德區二仁路一段段號中正路一段,1,晴,50,交岔路,路段,行車管制號誌,車與車,左轉彎未依規定
11005ACA91B1928,20210514,120.219442,22.951582,交通事故,其他,臺南市仁德區段號亞航街鐵道旁,1,晴,50,單路部分,路段,無號誌,車與車,未靠右行駛
11005ACA91B1929,20210514,120.294262,22.966215,交通事故,交叉路口,臺南市歸仁區中正南路1段號中正一街,1,晴,50,交岔路,交叉路口,閃光號誌,車與車,未依規定讓車
11005ACA91B1931,20210516,120.276515,22.94513,交通事故,其他,臺南市歸仁區段號中正南路一段與台39線往北機車道,2,晴,50,單路部分,路段,無號誌,車與車,未保持行車安全距離
11005ACA91B1933,20210516,120.339758,22.908787,交通事故,一般地址,臺南市關廟區長榮街段318號,1,晴,50,單路部分,路段,無號誌,車與車,未依規定減速
11005ACA91B1936,20210519,120.278694,22.992281,交通事故,其他,臺南市歸仁區段號台39線與和順路二段口,2,晴,50,交岔路,交叉路口,行車管制號誌,車與車,違反號誌管制或指揮
11005ACA91B1937,20210521,120.339322,22.964041,交通事故,交叉路口,臺南市關廟區中正路段號旺萊路,2,晴,50,交岔路,交叉路口,行車管制號誌,車與車,左轉彎未依規定
11005ACA91B1964,20210521,120.26983,22.969421,交通事故,其他,臺南市仁德區段號中山路45號,1,晴,50,單路部分,路段,無號誌,車與車,違反特定標誌(線)禁制
11005ACA91B1987,20210503,120.231089,22.959995,交通事故,交叉路口,臺南市仁德區成功里保華路段號成功三街,2,雨,50,交岔路,交叉路口,無號誌,車與車,左轉彎未依規定
11005ACA91B1988,20210522,120.255884,22.969904,交通事故,其他,臺南市仁德區段號中清路與仁義二街口,1,晴,50,交岔路,交叉路口,無號誌,車與車,未依規定讓車
11005ACA91B2003,20210520,120.287809,22.9645,交通事故,一般地址,臺南市歸仁區辜厝里民權南路段171號,1,晴,50,單路部分,其他,閃光號誌,車與車,未依規定讓車
11005ACA91B2005,20210508,120.286447,22.967484,交通事故,一般地址,臺南市歸仁區南保里中山路3段63號,1,晴,50,單路部分,路段,無號誌,車與車,右轉彎未依規定
11005ACA91B2008,20210520,120.25346,22.964076,交通事故,交叉路口,臺南市仁德區仁義里中正路2段號中正路2862,1,晴,50,交岔路,交叉路口,行車管制號誌,車與車,未依規定讓車
11005ACA91B2028,20210511,120.292442,22.968842,交通事故,交叉路口,臺南市歸仁區民族北街段號民族一街,3,晴,50,交岔路,交叉路口,無號誌,車與車,未注意車前狀態
11005ACA91B2035,20210522,120.261024,22.989174,交通事故,交叉路口,臺南市仁德區土庫里土庫路段號土庫六街,1,晴,50,交岔路,交叉路口,閃光號誌,車與車,未依規定讓車
11005ACA91B2037,20210512,120.280986,22.97188,交通事故,交叉路口,臺南市歸仁區民生北街段號民生北街136,1,晴,50,交岔路,交叉路口,行車管制號誌,車與車,不明原因肇事
11005ACA91B2041,20210510,120.328851,22.965501,交通事故,交叉路口,臺南市關廟區山西里南雄路2段號北安二街,1,晴,50,交岔路,交叉路口,行車管制號誌,車與車,未注意車前狀態
11005ACA91B2042,20210508,120.254423,22.991542,交通事故,交叉路口,臺南市仁德區太子路段號長興五街,1,晴,60,交岔路,交叉路口,行車管制號誌,車與車,違反號誌管制或指揮
11005ACA91B2043,20210512,120.278089,22.929065,交通事故,一般地址,臺南市歸仁區中正南路二段段11號,1,晴,50,交岔路,交叉路口,無號誌,車與車,未靠右行駛
11005ACA91B2045,20210519,120.262239,22.940834,交通事故,其他,臺南市仁德區段號上崙里崑崙路789號,1,晴,50,單路部分,路段,無號誌,車與車,酒醉(後)駕駛失控
11005ACA91B2051,20210515,120.243917,22.975907,交通事故,交叉路口,臺南市仁德區文宏一街段號文宏二街,1,晴,50,交岔路,交叉路口,無號誌,車與車,倒車未依規定
11005ACA91B2053,20210523,120.277884,22.949483,交通事故,交叉路口,臺南市歸仁區大順二街段號中正南路一段76,2,晴,30,交岔路,交叉路口,無號誌,車與車,未依規定讓車
11005ACA91B2069,20210518,120.290266,22.97247,交通事故,交叉路口,臺南市歸仁區文化北街段號文化三街,1,晴,50,交岔路,交叉路口,無號誌,車與車,未依規定讓車
11005ACA91B2074,20210523,120.329545,22.958947,交通事故,一般地址,臺南市關廟區民族街段210號,1,晴,30,交岔路,路段,無號誌,車與車,未依規定讓車
11005ACA91B2084,20210521,120.279302,22.952867,交通事故,一般地址,臺南市歸仁區六甲里中正南路一段段989號,2,晴,50,單路部分,路段,無號誌,車與車,未保持行車安全間隔
11005ACA91B2110,20210515,120.245448,22.957197,交通事故,交叉路口,臺南市仁德區德洋路段號民安路一段,1,晴,50,交岔路,路段,行車管制號誌,車與車,未注意車前狀態
11005ACA91B2190,20210524,120.231868,22.947068,交通事故,一般地址,臺南市仁德區成功里文華路2段號,1,晴,30,單路部分,路段,無號誌,汽(機)車本身,不明原因肇事
11005ACA91B2216,20210522,120.289625,22.919157,交通事故,交叉路口,臺南市歸仁區武東里歸仁大道段號大武路1,1,晴,50,交岔路,交叉路口,行車管制號誌,車與車,其他引起事故之違規或不當行為
11005ACA91B2245,20210502,120.24609,22.956719,交通事故,其他,臺南市仁德區段號民安路一段313之1號旁,1,晴,50,單路部分,路段,無號誌,汽(機)車本身,未注意車前狀態
11005ACA91B2293,20210505,120.22894,22.936391,交通事故,其他,臺南市仁德區段號文賢路一段P4停車場前,1,晴,50,單路部分,路段,行車管制號誌,車與車,未注意車前狀態
11005ACA91B2301,20210508,120.327858,22.959853,交通事故,交叉路口,臺南市關廟區中山路段號南雄路,1,晴,50,交岔路,交叉路口,行車管制號誌,車與車,未依規定讓車
11005ACA91B2304,20210522,120.26476,22.974354,交通事故,交叉路口,臺南市仁德區忠義路段號義林路,1,晴,50,交岔路,交叉路口,無號誌,車與車,左轉彎未依規定
11005ACA91B2306,20210525,120.254419,22.971949,交通事故,交叉路口,臺南市仁德區中清二街段號正義一街,1,晴,50,交岔路,交叉路口,無號誌,車與車,未依規定讓車
11005ACA91B2334,20210525,120.219521,22.94753,交通事故,一般地址,臺南市仁德區仁愛里大同路3段755號,2,晴,50,單路部分,路段,行車管制號誌,車與車,不明原因肇事
11005ACA91B2388,20210511,120.29761,22.957172,交通事故,一般地址,臺南市歸仁區崙頂里成功路2段139號,1,晴,50,單路部分,路段,無號誌,車與車,未注意車前狀態
11005ACA91B2390,20210508,120.257368,22.976293,交通事故,交叉路口,臺南市仁德區一甲里忠義路段號忠義一街,1,晴,50,交岔路,交叉路口,閃光號誌,車與車,左轉彎未依規定
11005ACA91B2393,20210502,120.423754,22.943155,交通事故,其他,臺南市龍崎區段號龍船里182線西向約26.5K,1,晴,50,單路部分,路段,無號誌,汽(機)車本身,其他引起事故之違規或不當行為
11005ACA91B2422,20210527,120.28555,22.969777,交通事故,交叉路口,臺南市歸仁區南保里民權六街段號民權六街81,1,晴,50,交岔路,交叉路口,無號誌,車與車,未依規定讓車
11005ACA91B2428,20210518,120.278179,22.990497,交通事故,交叉路口,臺南市歸仁區省道臺39線段號南丁路,1,晴,50,交岔路,交叉路口,行車管制號誌,車與車,未依規定讓車
11005ACA91B2447,20210526,120.290944,22.967002,交通事故,一般地址,臺南市歸仁區後市里中山路二段段143號,1,晴,50,單路部分,路段,無號誌,車與車,開啟車門不當而肇事
11005ACA91B2455,20210527,120.251382,22.949335,交通事故,一般地址,臺南市仁德區後壁里中正路2段215號,1,晴,50,單路部分,路段,無號誌,人與汽(機)車,未注意車前狀態
11005ACA91B2456,20210520,120.297216,22.966473,交通事故,交叉路口,臺南市歸仁區許厝里中山路1段號大智街,1,晴,50,交岔路,交叉路口,行車管制號誌,車與車,不明原因肇事
11005ACA91B2465,20210527,120.237996,22.975539,交通事故,其他,臺南市仁德區段號仁德里中山路與東門路三段338巷口,1,晴,60,交岔路,交叉路口,行車管制號誌,車與車,未依規定讓車
11005ACA91B2466,20210527,120.253257,22.960115,交通事故,一般地址,臺南市仁德區仁德里中正路二段段681號,1,晴,50,交岔路,交叉路口,行車管制號誌,車與車,煞車失靈
11005ACA91B2511,20210520,120.219894,22.937276,交通事故,交叉路口,臺南市仁德區二仁路段號機場路,1,晴,50,交岔路,交叉路口,無號誌,車與車,不明原因肇事
11005ACA91B2516,20210514,120.288012,22.910393,交通事故,一般地址,臺南市歸仁區大潭里長榮路2段101號,1,晴,50,單路部分,路段,無號誌,車與車,左轉彎未依規定
11005ACA91B2543,20210523,120.290277,22.975662,交通事故,其他,臺南市歸仁區中正北路1段395號0中正北路一段395巷與中正北路一段231巷間之無名路,1,晴,30,單路部分,路段,無號誌,人與汽(機)車,不明原因肇事
11005ACA91B2547,20210512,120.253535,22.991511,交通事故,一般地址,臺南市仁德區太子路段669號0,1,晴,50,單路部分,路段,無號誌,汽(機)車本身,未注意車前狀態
11005ACA91B2595,20210519,120.292093,22.936637,交通事故,其他,臺南市歸仁區段號臺86線15.2K處,5,晴,90,單路部分,路段,無號誌,車與車,未注意車前狀態
11005ACA91B2602,20210506,120.283692,22.957828,交通事故,一般地址,臺南市歸仁區六甲里中正南路1段686號0,2,晴,50,單路部分,路段,無號誌,車與車,違規超車
11005ACA91B2609,20210506,120.276941,22.926934,交通事故,交叉路口,臺南市歸仁區武東里中正南路2段號歸仁八路,2,晴,50,交岔路,交叉路口,行車管制號誌,車與車,起步未注意其他車(人)安全
11005ACA91B2610,20210528,120.251497,22.99129,交通事故,交叉路口,臺南市仁德區太子里太子路段號大發路,1,晴,50,交岔路,交叉路口,行車管制號誌,車與車,右轉彎未依規定
11005ACA91B2643,20210512,120.223664,22.923085,交通事故,一般地址,臺南市仁德區二仁路一段段263號,1,晴,60,單路部分,路段,無號誌,車與車,未注意車前狀態
11005ACA91B2649,20210512,120.310043,22.964259,交通事故,一般地址,臺南市歸仁區中山路一段段99號,1,晴,50,單路部分,路段,無號誌,車與車,未注意車前狀態
11005ACA91B2651,20210529,120.294772,22.965506,交通事故,一般地址,臺南市歸仁區新厝里復興路段130號,1,晴,50,單路部分,路段,無號誌,車與車,未注意車前狀態
11005ACA91B2677,20210530,120.259035,22.987378,交通事故,一般地址,臺南市仁德區土庫里土庫三街段2號,1,雨,50,交岔路,交叉路口,行車管制號誌,車與車,未注意車前狀態
11005ACA91B2678,20210513,120.280995,22.968303,交通事故,交叉路口,臺南市歸仁區中山路三段段號民生南街,2,晴,50,交岔路,交叉路口,行車管制號誌,車與車,未依規定讓車
11005ACA91B2682,20210517,120.254252,22.991453,交通事故,交叉路口,臺南市仁德區太子路段號長興五街,1,晴,50,單路部分,路段,無號誌,車與車,未保持行車安全間隔
11005ACA91B2710,20210523,120.391798,22.948045,交通事故,無,臺南市龍崎區段號,2,晴,50,單路部分,路段,無號誌,車與車,迴轉未依規定
11005ACA91B2726,20210526,120.271916,22.969412,交通事故,其他,臺南市仁德區段號台39線與中山路口,1,晴,70,交岔路,交叉路口,行車管制號誌,車與車,違反特定標誌(線)禁制
11005ACA91B2728,20210531,120.264315,22.971855,交通事故,交叉路口,臺南市仁德區義林路段號林頂街,1,陰,50,交岔路,交叉路口,行車管制號誌,車與車,未依規定讓車
11005ACA91B2729,20210527,120.277683,22.948048,交通事故,一般地址,臺南市歸仁區中正南路一段段1207號,1,晴,50,單路部分,路段,無號誌,車與車,起步未注意其他車(人)安全
11005ACA91B2775,20210531,120.251407,22.987277,交通事故,交叉路口,臺南市仁德區太子里大發路段號大發路177,1,陰,30,交岔路,交叉路口,閃光號誌,車與車,未依規定讓車
11005ACA91B2776,20210531,120.248587,22.990693,交通事故,交叉路口,臺南市仁德區太子里太子路段號高速一街1,1,陰,50,交岔路,交叉路口,行車管制號誌,車與車,違反號誌管制或指揮
11005ACA91B2777,20210517,120.328709,22.964704,交通事故,交叉路口,臺南市關廟區香洋里南雄路2段號成功路,2,晴,0,交岔路,交叉路口,行車管制號誌,車與車,起步未注意其他車(人)安全
11005ACA91B2827,20210526,120.346641,22.967523,交通事故,一般地址,臺南市關廟區花園里中正路段397號,1,晴,50,單路部分,路段,無號誌,車與車,起步未注意其他車(人)安全
11005ACA91B2835,20210508,120.294647,22.966423,交通事故,其他,臺南市歸仁區段號歸仁圓環郵局前,1,晴,50,圓環廣場,路段,無號誌,車與車,未保持行車安全間隔
11005ACA91B2842,20210518,120.251936,22.953398,交通事故,交叉路口,臺南市仁德區中正路二段段號民安路二段,2,晴,50,交岔路,交叉路口,行車管制號誌,車與車,違反號誌管制或指揮
11005ACA91B2844,20210520,120.294522,22.965584,交通事故,一般地址,臺南市歸仁區復興路段150號,2,晴,30,單路部分,路段,無號誌,人與汽(機)車,在道路上嬉戲或奔走不定
11005ACA91B2845,20210523,120.251912,22.953457,交通事故,交叉路口,臺南市仁德區中正路二段段號民安路一段,1,晴,50,交岔路,交叉路口,行車管制號誌,車與車,未保持行車安全間隔
11005ACA91B2848,20210526,120.269837,22.96958,交通事故,一般地址,臺南市仁德區中山路段22號,1,晴,60,單路部分,路段,無號誌,車與車,未注意車前狀態
11005ACA91B2863,20210521,120.288355,22.992992,交通事故,交叉路口,臺南市歸仁區西埔里和順路1段288號和順路1,1,晴,30,交岔路,交叉路口,閃光號誌,車與車,未注意車前狀態
11005ACA91B2868,20210531,120.288138,22.971815,交通事故,一般地址,臺南市歸仁區文化里民權北路段191號,1,晴,50,單路部分,路段,無號誌,車與車,未注意車前狀態
11005ACA91B2869,20210519,120.235285,22.921461,交通事故,一般地址,臺南市仁德區中正路一段段185-1號,2,陰,50,單路部分,路段,無號誌,人與汽(機)車,疲勞(患病)駕駛失控
11005ACA91B2870,20210505,120.232401,22.949402,交通事故,一般地址,臺南市仁德區成功里文華路2段號,2,晴,50,單路部分,路段,無號誌,車與車,未注意車前狀態
11005ACA91B2874,20210514,120.258484,22.991221,交通事故,交叉路口,臺南市仁德區太子里大發路段號太乙三街,1,晴,50,交岔路,交叉路口,閃光號誌,車與車,未依規定讓車
11005ACA91B2876,20210521,120.270923,22.969511,交通事故,交叉路口,臺南市仁德區中山路段號中山路10,1,晴,50,交岔路,交叉路口,行車管制號誌,車與車,未依規定讓車
11005ACA91B2877,20210521,120.268524,22.910539,交通事故,一般地址,臺南市歸仁區大潭里長榮路1段161號,1,晴,50,交岔路,交叉路口,無號誌,車與車,左轉彎未依規定
11005ACA91B2879,20210501,120.279954,23.006003,交通事故,其他,臺南市歸仁區段號保吉路175巷39號旁,2,晴,40,交岔路,交叉路口,無號誌,車與車,未依規定讓車
11005ACA91B2881,20210501,120.285381,22.958967,交通事故,其他,臺南市歸仁區段號中正南路一段588號對面,1,晴,50,單路部分,路段,無號誌,車與車,未注意車前狀態
11005ACA91B2883,20210531,120.249027,22.942898,交通事故,其他,臺南市仁德區段號台86線西向6.8K處,1,雨,90,單路部分,路段,無號誌,車與車,不明原因肇事
11005ACA91B2926,20210503,120.264389,22.994222,交通事故,一般地址,臺南市仁德區太子里長興一街段40號,1,陰,30,單路部分,路段,無號誌,車與車,未靠右行駛
11005ACA91B2939,20210524,120.251468,22.976943,交通事故,其他,臺南市仁德區段號忠義路與太乙五街、正義三街口,1,晴,50,交岔路,交叉路口,無號誌,車與車,未靠右行駛
11005ACA91B2941,20210512,120.281342,22.997646,交通事故,交叉路口,臺南市歸仁區大廟里和順路段號省道臺39線,1,晴,7,交岔路,交叉路口,行車管制號誌,車與車,違反特定標誌(線)禁制
11005ACA91B2949,20210526,120.273337,22.954784,交通事故,交叉路口,臺南市歸仁區六甲里省道臺39線段號民生十二街,1,晴,50,交岔路,交叉路口,行車管制號誌,車與車,違反號誌管制或指揮
11005ACA91B2960,20210517,120.263714,22.953892,交通事故,一般地址,臺南市仁德區新田路段173號0,1,晴,30,交岔路,交叉路口,無號誌,車與車,未依規定讓車
11005ACA91B2989,20210507,120.330251,22.961949,交通事故,交叉路口,臺南市關廟區中正路段號仁愛路,2,晴,50,交岔路,交叉路口,行車管制號誌,車與車,違反號誌管制或指揮
11005ACA91B2993,20210505,120.251899,22.972422,交通事故,其他,臺南市仁德區段號中正路三段5號(區公所)前,1,晴,50,交岔路,交叉路口,無號誌,車與車,未依規定讓車
11005ACA91B2995,20210515,120.224949,22.921201,交通事故,其他,臺南市仁德區段號二仁路一段70號前,1,晴,50,單路部分,路段,無號誌,車與車,未保持行車安全距離
11005ACA91B3001,20210522,120.271781,22.910376,交通事故,其他,臺南市歸仁區段號大潭一街95號,1,晴,50,單路部分,路段,無號誌,車與車,未注意車前狀態
11005ACA91B3004,20210525,120.245448,22.957197,交通事故,其他,臺南市仁德區段號民安路與德洋路口,1,晴,50,交岔路,交叉路口,行車管制號誌,車與車,違反號誌管制或指揮
11005ACA91B3007,20210528,120.261547,22.968386,交通事故,其他,臺南市仁德區段號義林三街與義林一街口,1,晴,50,交岔路,交叉路口,無號誌,車與車,未保持行車安全距離
11005ACA91B3008,20210530,120.235434,22.923955,交通事故,其他,臺南市仁德區段號文賢路一段809號前,1,陰,50,單路部分,其他,無號誌,車與車,不明原因肇事
11005ACA91B3009,20210517,120.294117,22.983785,交通事故,其他,臺南市歸仁區段號七甲二街與七甲一街口,1,晴,50,交岔路,交叉路口,無號誌,車與車,未依規定讓車
11005ACA91B3013,20210525,120.221114,22.934496,交通事故,其他,臺南市仁德區段號二仁路二段奇美博物館前,3,晴,50,單路部分,路段,行車管制號誌,車與車,未注意車前狀態
11005ACA91B3018,20210517,120.217502,22.918004,交通事故,一般地址,臺南市仁德區中正西路段352號,1,晴,30,交岔路,交叉路口,行車管制號誌,車與車,未注意車前狀態
11005ACA91B3021,20210519,120.235113,22.923851,交通事故,交叉路口,臺南市仁德區保安里文賢路1段號文賢路1862,2,晴,50,交岔路,交叉路口,無號誌,車與車,不明原因肇事
11005ACA91B3030,20210514,120.229226,22.935915,交通事故,其他,臺南市仁德區段號文賢路一段奇美博物館P4停車場旁,1,晴,50,單路部分,路段,無號誌,汽(機)車本身,未注意車前狀態
11005ACA91B3034,20210529,120.332812,22.962403,交通事故,交叉路口,臺南市關廟區和平路段號中正路,1,雨,50,交岔路,交叉路口,閃光號誌,車與車,未依規定讓車
11005ACA91B3036,20210509,120.347683,22.920151,交通事故,一般地址,臺南市關廟區布袋里南雄南路段171號,1,晴,40,單路部分,路段,無號誌,車與車,迴轉未依規定
11005ACA91B3041,20210509,120.342191,22.976186,交通事故,一般地址,臺南市關廟區新光里仁愛路段號,1,晴,30,單路部分,路段,無號誌,車與車,未靠右行駛
11005ACA91B3059,20210525,120.244641,22.976326,交通事故,一般地址,臺南市仁德區仁德里文華路3段600號,3,晴,50,交岔路,交叉路口,行車管制號誌,車與車,未保持行車安全距離
11005ACA91B3060,20210526,120.230985,22.930949,交通事故,交叉路口,臺南市仁德區文賢路段號保安路,3,晴,50,交岔路,交叉路口,行車管制號誌,車與車,左轉彎未依規定
11005ACA91B3061,20210526,120.296059,22.965419,交通事故,交叉路口,臺南市歸仁區復興路段號和平南街,1,雨,50,交岔路,交叉路口,閃光號誌,車與車,未依規定讓車
11005ACA91B3062,20210517,120.272321,22.96204,交通事故,其他,臺南市歸仁區段號台39線往北8K處機慢車道,1,晴,50,單路部分,路段,無號誌,車與車,未保持行車安全距離
11005ACA91B3063,20210526,120.248521,22.911316,交通事故,交叉路口,臺南市仁德區中洲里中洲路段號依仁路,2,晴,50,交岔路,交叉路口,行車管制號誌,車與車,左轉彎未依規定
11005ACA91B3064,20210505,120.290734,22.9952,交通事故,交叉路口,臺南市歸仁區中正北路3段205號和順路1112,2,晴,30,交岔路,交叉路口,無號誌,車與車,未依規定讓車
11005ACA91B3065,20210507,120.271237,22.988657,交通事故,一般地址,臺南市仁德區太子路段3138號,1,晴,30,單路部分,路段,無號誌,汽(機)車本身,不明原因肇事
11005ACA91B3067,20210510,120.273442,22.919077,交通事故,交叉路口,臺南市歸仁區武東里中正南路二段段號武東一街,1,晴,50,交岔路,交叉路口,無號誌,車與車,不明原因肇事
11005ACA91B3068,20210510,120.262813,22.941254,交通事故,交叉路口,臺南市仁德區上崙里崑崙路段號德崙路上崙里崑崙路與德崙路口,1,晴,50,交岔路,交叉路口,行車管制號誌,車與車,尚未發現肇事因素
11005ACA91B3069,20210506,120.223199,22.923951,交通事故,交叉路口,臺南市仁德區二仁路一段段號二仁路一段315,1,晴,50,交岔路,交叉路口,行車管制號誌,車與車,未保持行車安全距離
11005ACA91B3071,20210506,120.268951,22.969696,交通事故,一般地址,臺南市仁德區中山路段30號,1,晴,50,單路部分,路段,無號誌,汽(機)車本身,未保持行車安全距離
11005ACA91B3085,20210514,120.22027,22.944064,交通事故,其他,臺南市仁德區段號成功里二仁路二段、文賢路一段、大同路三段,2,晴,70,交岔路,交叉路口,行車管制號誌,車與車,違反號誌管制或指揮
11005ACA91B3088,20210514,120.294453,22.967849,交通事故,交叉路口,臺南市歸仁區後市里大通路段號中正北路,1,晴,50,交岔路,交叉路口,行車管制號誌,車與車,違反號誌管制或指揮
11005ACA91B3090,20210520,120.251259,22.948493,交通事故,其他,臺南市仁德區段號中正路二段209號,1,晴,50,單路部分,路段,無號誌,汽(機)車本身,不明原因肇事
11005ACA91B3091,20210510,120.267009,22.989159,交通事故,一般地址,臺南市仁德區太子里太子一街段4342號0,1,晴,30,交岔路,交叉路口,無號誌,車與車,未依規定讓車
11005ACA91B3092,20210526,120.284839,22.958551,交通事故,一般地址,臺南市歸仁區六甲里中正南路1段625號,2,晴,50,單路部分,路段,無號誌,車與車,違規超車
11005ACA91B3096,20210530,120.296778,22.973459,交通事故,交叉路口,臺南市歸仁區忠孝北路段號大仁街,1,雨,50,交岔路,交叉路口,行車管制號誌,車與車,未注意車前狀態
11005ACA91B3097,20210514,120.290094,22.996959,交通事故,一般地址,臺南市歸仁區保大路2段28號,2,晴,50,交岔路,交叉路口,行車管制號誌,車與車,違反號誌管制或指揮
11005ACA91B3098,20210518,120.313759,22.979238,交通事故,其他,臺南市關廟區段號關新路電線桿(埤頭幹591275H97)旁,1,晴,50,單路部分,路段,無號誌,車與車,未注意車前狀態
11005ACA91B3100,20210509,120.227593,22.938795,交通事故,交叉路口,臺南市仁德區文賢路1段號文華路2,1,晴,50,交岔路,交叉路口,行車管制號誌,車與車,違反特定標誌(線)禁制
11005ACA91B3101,20210526,120.28903,22.965211,交通事故,交叉路口,臺南市歸仁區後市里中山五街段號大順街,2,晴,50,交岔路,交叉路口,無號誌,車與車,尚未發現肇事因素
11005ACA91B3106,20210511,120.256441,22.99142,交通事故,交叉路口,臺南市仁德區太子路段號長興四街,2,晴,50,交岔路,交叉路口,閃光號誌,車與車,左轉彎未依規定
11005ACA91B3110,20210505,120.279658,22.956871,交通事故,交叉路口,臺南市歸仁區民生南街段號民生南街2698,1,晴,50,交岔路,交叉路口,無號誌,車與車,不明原因肇事
11005ACA91B3116,20210506,120.27875,22.986273,交通事故,一般地址,臺南市歸仁區南丁路段500號,1,晴,50,單路部分,路段,無號誌,車與車,逆向行駛
11005ACA91B3122,20210513,120.224663,22.937502,交通事故,其他,臺南市仁德區段號文華路二段(虎山橋西側下橋處),2,晴,50,交岔路,交叉路口,行車管制號誌,車與車,違反號誌管制或指揮
11005ACA91B3125,20210520,120.288469,22.966032,交通事故,其他,臺南市歸仁區段號大順六街44號前,1,晴,30,單路部分,路段,無號誌,汽(機)車本身,動物竄出
11005ACA91B3127,20210520,120.268617,22.973188,交通事故,其他,臺南市仁德區段號義林路256巷119號旁,1,晴,50,單路部分,路段,無號誌,汽(機)車本身,未注意車前狀態
11005ACA91B3128,20210518,120.199094,22.922836,交通事故,交叉路口,臺南市仁德區中正西路段號中正西路1192,1,晴,50,交岔路,路段,行車管制號誌,車與車,未保持行車安全距離
11005ACA91B3130,20210524,120.273665,22.969161,交通事故,一般地址,臺南市歸仁區中山路三段段487號,1,晴,50,單路部分,路段,無號誌,汽(機)車本身,未注意車前狀態
11005ACA91B3131,20210520,120.295056,22.996067,交通事故,一般地址,臺南市歸仁區保大路1段166號,1,晴,50,單路部分,路段,無號誌,汽(機)車本身,未注意車前狀態
11005ACA91B3136,20210528,120.308397,22.994712,交通事故,交叉路口,臺南市關廟區關新路1段號關新路1813,1,晴,60,交岔路,交叉路口,行車管制號誌,車與車,未依規定讓車
11005ACA91B3137,20210527,120.252538,22.954976,交通事故,其他,臺南市仁德區段號中正路二段與北保路口,1,晴,50,交岔路,交叉路口,行車管制號誌,車與車,未注意車前狀態
11005ACA91B3139,20210510,120.294387,22.978999,交通事故,一般地址,臺南市歸仁區七甲里中正北路1段536號,2,晴,50,交岔路,交叉路口,無號誌,車與車,不明原因肇事
11005ACA91B3146,20210511,120.217773,22.917817,交通事故,一般地址,臺南市仁德區二行里中正西路段347號,2,晴,50,單路部分,路段,無號誌,車與車,左轉彎未依規定
11005ACA91B3166,20210525,120.270592,22.969217,交通事故,其他,臺南市仁德區段號中山路3號前,1,晴,50,交岔路,交叉路口,行車管制號誌,車與車,未注意車前狀態
11005ACA91B3168,20210506,120.242952,22.936933,交通事故,其他,臺南市仁德區段號保安路二段459號前,1,晴,50,單路部分,路段,無號誌,人與汽(機)車,在道路上嬉戲或奔走不定
11005ACA91B3189,20210529,120.237965,22.923069,交通事故,一般地址,臺南市仁德區中正路1段262號,2,晴,50,單路部分,路段,無號誌,車與車,未注意車前狀態
11005ACA91B3190,20210511,120.273501,22.907127,交通事故,一般地址,臺南市歸仁區大潭里長大路段11號,3,晴,30,單路部分,路段,無號誌,車與車,右轉彎未依規定
11005ACA91B3212,20210527,120.26636,22.969827,交通事故,一般地址,臺南市仁德區中山路段113號,2,晴,50,交岔路,交叉路口,行車管制號誌,車與車,未注意車前狀態
11005ACA91B3214,20210527,120.333857,22.957939,交通事故,交叉路口,臺南市關廟區和平路段號民族街,2,晴,50,交岔路,交叉路口,無號誌,車與車,未依規定讓車
11005ACA91B3215,20210521,120.251801,22.953046,交通事故,交叉路口,臺南市仁德區中正路2段號民安路1,2,晴,50,單路部分,路段,無號誌,車與車,逆向行駛
11005ACA91B3244,20210524,120.32968,22.954418,交通事故,一般地址,臺南市關廟區南雄路1段926號0,3,晴,50,交岔路,交叉路口,無號誌,車與車,不明原因肇事
11005ACA91B3246,20210524,120.243426,22.943814,交通事故,交叉路口,臺南市仁德區後壁里省道臺86線快速公路段號田厝二街,1,晴,30,交岔路,交叉路口,無號誌,車與車,左轉彎未依規定
11005ACA91B3248,20210519,120.293986,22.96683,交通事故,其他,臺南市歸仁區段號歸仁圓環,1,晴,50,圓環廣場,路段,無號誌,車與車,不明原因肇事
11005ACA91B3253,20210508,120.243985,22.973867,交通事故,交叉路口,臺南市仁德區中山路段號文華路,1,晴,50,交岔路,交叉路口,行車管制號誌,車與車,不明原因肇事
11005ACA91B3277,20210517,120.261438,22.941871,交通事故,交叉路口,臺南市仁德區德崙路段442號德崙路450,2,晴,30,交岔路,交叉路口,無號誌,車與車,不明原因肇事
11005ACA91B3278,20210520,120.245448,22.957197,交通事故,交叉路口,臺南市仁德區後壁里民安路一段段號德洋路,1,晴,50,交岔路,交叉路口,行車管制號誌,車與車,未注意車前狀態