案件編號,發生日期,GPS經度,GPS緯度,案件類別名稱,地址類型名稱,發生縣市名稱,受傷人數,天候名稱, 速限-第1當事者,道路型態大類別名稱,事故位置大類別名稱,號誌-號誌種類名稱,事故類型及型態大類別名稱,肇因研判子類別名稱-主要
11005ACA91B3280,20210517,120.316479,22.976764,交通事故,一般地址,臺南市關廟區關新路1段85號0,2,晴,50,單路部分,路段,閃光號誌,人與汽(機)車,不明原因肇事
11005ACA91B3281,20210515,120.257555,22.971097,交通事故,一般地址,臺南市仁德區仁義里中山路段360號,1,晴,50,單路部分,路段,無號誌,車與車,迴轉未依規定
11005ACA91B3282,20210507,120.24149,22.974445,交通事故,交叉路口,臺南市仁德區中山路段號文心路,1,晴,50,交岔路,交叉路口,行車管制號誌,車與車,不明原因肇事
11005ACA91B3283,20210514,120.333944,22.963771,交通事故,一般地址,臺南市關廟區北勢里成功路段100號,1,晴,50,單路部分,路段,無號誌,車與車,橫越道路不慎
11005ACA91B3285,20210513,120.264675,22.986992,交通事故,一般地址,臺南市仁德區土庫里土庫一街段95號,1,晴,30,單路部分,路段,無號誌,人與汽(機)車,未注意車前狀態
11005ACA91B3286,20210504,120.241695,22.974078,交通事故,交叉路口,臺南市仁德區仁德里中山路段號文德路,1,晴,50,交岔路,交叉路口,行車管制號誌,車與車,左轉彎未依規定
11005ACA91B3301,20210512,120.237792,22.922493,交通事故,一般地址,臺南市仁德區保安里文賢路2段1518號,2,晴,30,交岔路,交叉路口,無號誌,車與車,未依規定讓車
11005ACA91B3303,20210505,120.240322,22.959146,交通事故,交叉路口,臺南市仁德區文華路段號民安路,1,晴,50,交岔路,交叉路口,行車管制號誌,車與車,不明原因肇事
11005ACA91B3305,20210515,120.325752,22.970165,交通事故,一般地址,臺南市關廟區山西里南雄路2段705號,2,晴,50,交岔路,交叉路口,無號誌,車與車,左轉彎未依規定
11005ACA91B3306,20210501,120.221142,22.936747,交通事故,交叉路口,臺南市仁德區二仁路段號文華路,1,晴,50,交岔路,交叉路口,行車管制號誌,車與車,不明原因肇事
11005ACA91B3307,20210502,120.240612,22.960634,交通事故,一般地址,臺南市仁德區文華路3段69號0,1,晴,50,單路部分,路段,無號誌,汽(機)車本身,不明原因肇事
11005ACA91B3308,20210524,120.252234,22.973219,交通事故,交叉路口,臺南市仁德區中正路三段段45號四維街,1,晴,30,交岔路,交叉路口,無號誌,車與車,不明原因肇事
11005ACA91B3314,20210520,120.327979,22.960462,交通事故,交叉路口,臺南市關廟區南雄路段號巡府路,2,晴,50,交岔路,交叉路口,無號誌,車與車,不明原因肇事
11005ACA91B3331,20210508,120.252185,22.953811,交通事故,一般地址,臺南市仁德區中正路2段454號,1,晴,50,單路部分,路段,無號誌,車與車,迴轉未依規定
11005ACA91B3332,20210512,120.279558,22.956838,交通事故,交叉路口,臺南市歸仁區民生南街2段號民生南街2698,1,晴,50,交岔路,交叉路口,無號誌,車與車,未依規定減速
11005ACA91B3333,20210512,120.328104,22.960922,交通事故,交叉路口,臺南市關廟區中央路段號南雄路2,1,晴,50,交岔路,交叉路口,行車管制號誌,車與車,左轉彎未依規定
11005ACA91B3338,20210517,120.334526,22.964557,交通事故,交叉路口,臺南市關廟區北勢里北安一街段號北安三街,1,晴,50,交岔路,交叉路口,無號誌,車與車,未依規定讓車
11005ACA91B3340,20210517,120.283331,22.970358,交通事故,交叉路口,臺南市歸仁區文化街3段號保興街,2,晴,50,交岔路,交叉路口,無號誌,車與車,起步未注意其他車(人)安全
11005ACA91B3341,20210514,120.246798,22.974876,交通事故,其他,臺南市仁德區段號裕華三街南側底,1,晴,50,交岔路,交叉路口,無號誌,車與車,違反特定標誌(線)禁制
11005ACA91B3362,20210503,120.289563,22.962053,交通事故,一般地址,臺南市歸仁區武東里中正八街段1號,1,晴,50,單路部分,路段,無號誌,汽(機)車本身,未注意車前狀態
11005ACA91B3365,20210510,120.225346,22.920997,交通事故,其他,臺南市仁德區段號二仁路與保安路口,1,晴,50,交岔路,交叉路口,行車管制號誌,車與車,右轉彎未依規定
11005ACA91B3371,20210518,120.219255,22.928765,交通事故,無,臺南市仁德區段號,1,晴,90,單路部分,路段,無號誌,車與車,未注意車前狀態
11005ACA91B3380,20210509,120.270639,22.910895,交通事故,其他,臺南市歸仁區段號長榮路一段245巷口,1,晴,50,交岔路,交叉路口,無號誌,車與車,未注意車前狀態
11005ACA91B3381,20210509,120.262074,22.986131,交通事故,其他,臺南市仁德區段號土庫路185巷4號旁,1,晴,40,單路部分,路段,無號誌,車與車,未注意車前狀態
11005ACA91B3382,20210504,120.258467,22.97031,交通事故,其他,臺南市仁德區段號仁義三街243巷與仁義二街口,3,晴,40,交岔路,交叉路口,無號誌,車與車,未依規定讓車
11005ACA91B3383,20210509,120.258467,22.97031,交通事故,其他,臺南市仁德區段號仁義三街243巷與仁義二街口,3,晴,40,交岔路,交叉路口,無號誌,車與車,未依規定讓車
11005ACA91B3386,20210503,120.289418,22.981028,交通事故,其他,臺南市歸仁區段號中正北路二段75巷38弄255號,2,晴,30,單路部分,路段,無號誌,人與汽(機)車,未注意車前狀態
11005ACA91B3393,20210503,120.259029,22.946497,交通事故,其他,臺南市仁德區段號德善路305巷口,1,晴,50,交岔路,交叉路口,無號誌,汽(機)車本身,未注意車前狀態
11005ACA91B3394,20210519,120.252481,22.971803,交通事故,其他,臺南市仁德區段號中山路556巷口,3,晴,50,交岔路,交叉路口,無號誌,車與車,未依規定讓車
11005ACA91B3413,20210507,120.281,22.968219,交通事故,交叉路口,臺南市歸仁區南興里民生北街段號中山路三段,2,晴,50,交岔路,交叉路口,行車管制號誌,車與車,違反號誌管制或指揮
11005ACA91B3419,20210527,120.292584,22.987818,交通事故,其他,臺南市歸仁區段號中正北路二段452巷口,1,晴,50,交岔路,交叉路口,無號誌,車與車,未依規定讓車
11005ACA91B3423,20210521,120.260484,22.988871,交通事故,其他,臺南市仁德區段號中正路三段與土庫三街口,1,晴,50,交岔路,交叉路口,行車管制號誌,車與車,未注意車前狀態
11005ACA91B3424,20210526,120.280439,22.968189,交通事故,其他,臺南市歸仁區段號中山路三段307號前,2,晴,50,單路部分,路段,無號誌,車與車,變換車道或方向不當
11005ACA91B3425,20210526,120.285513,22.967597,交通事故,其他,臺南市歸仁區段號中山路三段97號前,2,晴,50,單路部分,路段,無號誌,車與車,未注意車前狀態
11005ACA91B3426,20210531,120.293251,22.986834,交通事故,其他,臺南市歸仁區段號中正北路二段418巷口,1,晴,50,交岔路,交叉路口,無號誌,車與車,未注意車前狀態
11005ACA91B3427,20210520,120.304183,22.987239,交通事故,其他,臺南市關廟區段號保東一街355號前,1,晴,50,交岔路,交叉路口,無號誌,車與車,違規超車
11005ACA91B3428,20210520,120.228118,22.919231,交通事故,其他,臺南市仁德區段號台一線南下機車迴轉道,1,晴,50,單路部分,路段,無號誌,汽(機)車本身,不明原因肇事
11005ACA91B3429,20210522,120.294356,22.979747,交通事故,其他,臺南市歸仁區段號中正北路二段30號前,1,晴,50,單路部分,路段,無號誌,車與車,迴轉未依規定
11005ACA91B3430,20210525,120.246062,22.972782,交通事故,其他,臺南市仁德區段號中山路與中清二街口,2,晴,50,交岔路,交叉路口,行車管制號誌,車與車,不明原因肇事
11005ACA91B3435,20210518,120.245399,22.937542,交通事故,一般地址,臺南市仁德區保安路2段560號0,1,晴,50,交岔路,交叉路口,無號誌,車與車,不明原因肇事
11005ACA91B3439,20210526,120.328646,22.963786,交通事故,其他,臺南市關廟區段號南雄路二段135號前,1,晴,50,單路部分,路段,無號誌,車與車,變換車道或方向不當
11005ACA91B3442,20210511,120.225341,22.921006,交通事故,一般地址,臺南市仁德區二仁路1段60號0,2,晴,40,單路部分,路段,行車管制號誌(附設行人專用號誌),車與車,未注意車前狀態
11005ACA91B3444,20210531,120.28103,22.970514,交通事故,其他,臺南市歸仁區段號南興里台三九、文化街三段,1,晴,40,交岔路,交叉路口,行車管制號誌,車與車,未保持行車安全間隔
11005ACAW1B3395,20210504,120.243517,22.971599,交通事故,其他,臺南市仁德區段號文華路三段458巷口,2,晴,40,交岔路,交叉路口,無號誌,車與車,未注意車前狀態
11005ACAY1B2219,20210521,120.22843,22.929724,交通事故,其他,臺南市仁德區段號保安路一段59號前,1,晴,40,單路部分,路段,無號誌,汽(機)車本身,尚未發現肇事因素
11005ACAY1B2867,20210520,120.226314,22.958213,交通事故,其他,臺南市仁德區段號成功一街131巷42號前,1,晴,50,單路部分,路段,無號誌,車與車,未注意車前狀態
11005ACB91A0004,20210507,120.273089,23.015514,交通事故,其他,臺南市永康區段號富強路一段97號前,0,晴,50,交岔路,交叉路口,行車管制號誌,車與車,變換車道或方向不當
11005ACB91B0001,20210501,120.237731,23.004448,交通事故,一般地址,臺南市永康區中華一路段39號,2,晴,30,交岔路,交叉路口,閃光號誌,車與車,其他引起事故之違規或不當行為
11005ACB91B0004,20210501,120.212849,23.022924,交通事故,其他,臺南市永康區段號中華路1076號(福懋加油站前),1,晴,50,單路部分,路段,無號誌,車與車,未注意車前狀態
11005ACB91B0006,20210501,120.272264,23.005533,交通事故,其他,臺南市永康區段號文賢街68巷32號,2,晴,30,交岔路,交叉路口,無號誌,車與車,不明原因肇事
11005ACB91B0008,20210501,120.259584,23.008626,交通事故,其他,臺南市永康區段號永華路188號前,2,晴,50,交岔路,交叉路口,無號誌,車與車,未保持行車安全距離
11005ACB91B0015,20210501,120.265585,23.008426,交通事故,其他,臺南市永康區段號民族路與大安街口,1,晴,50,交岔路,交叉路口,行車管制號誌,車與車,未依規定讓車
11005ACB91B0020,20210501,120.262533,23.000777,交通事故,其他,臺南市永康區段號大灣路557號前,1,晴,50,單路部分,路段,無號誌,車與車,未依規定讓車
11005ACB91B0023,20210501,120.228697,23.017477,交通事故,交叉路口,臺南市永康區大橋一街段號大橋一街324,2,晴,30,交岔路,交叉路口,無號誌,車與車,未依規定讓車
11005ACB91B0026,20210501,120.273285,23.016103,交通事故,其他,臺南市永康區段號富強路一段119號前,2,晴,50,單路部分,路段,無號誌,車與車,橫越道路不慎
11005ACB91B0027,20210501,120.253634,23.029517,交通事故,其他,臺南市永康區段號自強路370號,1,晴,50,單路部分,路段,無號誌,車與車,違反特定標誌(線)禁制
11005ACB91B0033,20210501,120.227945,23.032363,交通事故,一般地址,臺南市永康區中正南路段356號,1,晴,50,交岔路,交叉路口,行車管制號誌,汽(機)車本身,不明原因肇事
11005ACB91B0035,20210501,120.253473,23.04208,交通事故,交叉路口,臺南市永康區中正北路段號中正北路401,2,晴,50,交岔路,交叉路口,無號誌,車與車,右轉彎未依規定
11005ACB91B0050,20210501,120.234087,23.007983,交通事故,一般地址,臺南市永康區六合里中華路段331號0,2,晴,50,單路部分,路段,無號誌,車與車,變換車道或方向不當
11005ACB91B0051,20210501,120.215896,23.023355,交通事故,一般地址,臺南市永康區中央路段61號,1,晴,50,交岔路,交叉路口,行車管制號誌,車與車,左轉彎未依規定
11005ACB91B0066,20210502,120.244094,23.017696,交通事故,其他,臺南市永康區段號忠孝路380巷與忠孝路380巷13弄口,1,晴,30,交岔路,交叉路口,閃光號誌,車與車,未依規定讓車
11005ACB91B0072,20210501,120.244093,23.017704,交通事故,交叉路口,臺南市永康區忠孝路段380號忠孝路38020,5,晴,30,交岔路,交叉路口,閃光號誌,車與車,未依規定讓車
11005ACB91B0085,20210502,120.235815,23.043987,交通事故,一般地址,臺南市永康區鹽洲二街段145號,1,晴,50,單路部分,路段,無號誌,汽(機)車本身,未注意車前狀態
11005ACB91B0097,20210502,120.239838,23.004493,交通事故,一般地址,臺南市永康區忠孝路段219號,2,晴,50,單路部分,路段,無號誌,車與車,酒醉(後)駕駛失控
11005ACB91B0109,20210503,120.235263,23.006519,交通事故,交叉路口,臺南市永康區中華路段號勝華街,1,晴,50,交岔路,交叉路口,行車管制號誌,車與車,未依規定讓車
11005ACB91B0114,20210503,120.232859,23.02645,交通事故,其他,臺南市永康區段號正南三路31號前(自行車專用道南往北),2,晴,0,單路部分,其他,無號誌,車與車,未保持行車安全距離
11005ACB91B0121,20210503,120.23193,23.011483,交通事故,其他,臺南市永康區段號中華路481-1號前,1,雨,50,單路部分,路段,無號誌,車與車,未注意車前狀態
11005ACB91B0127,20210503,120.253771,23.024391,交通事故,交叉路口,臺南市永康區中山南路段號永平街,1,雨,50,交岔路,交叉路口,行車管制號誌,車與車,未依規定讓車
11005ACB91B0128,20210503,120.226636,23.000174,交通事故,交叉路口,臺南市永康區小東路段47746號小東路477,2,雨,30,交岔路,交叉路口,無號誌,車與車,未靠右行駛
11005ACB91B0139,20210502,120.256684,23.001058,交通事故,交叉路口,臺南市永康區大仁街段號崑山街21,1,晴,50,交岔路,交叉路口,無號誌,車與車,未依規定讓車
11005ACB91B0142,20210503,120.251582,23.03538,交通事故,其他,臺南市永康區段號四維街與龍埔街口,2,雨,50,交岔路,交叉路口,行車管制號誌,車與車,未依規定讓車
11005ACB91B0143,20210503,120.247219,23.020971,交通事故,交叉路口,臺南市永康區高速一街2段號中山南路471,2,雨,40,交岔路,交叉路口,行車管制號誌,汽(機)車本身,未注意車前狀態
11005ACB91B0161,20210503,120.254402,23.01558,交通事故,其他,臺南市永康區段號文化路242巷30號,2,陰,30,交岔路,交叉路口,無號誌,車與車,左轉彎未依規定
11005ACB91B0180,20210504,120.257346,23.025949,交通事故,一般地址,臺南市永康區中山北路段2號,1,晴,50,交岔路,交叉路口,行車管制號誌,車與車,未保持行車安全距離
11005ACB91B0181,20210504,120.23797,23.014227,交通事故,一般地址,臺南市永康區南工街段287號0,2,晴,30,單路部分,路段,無號誌,車與車,未靠右行駛
11005ACB91B0183,20210504,120.216256,23.022086,交通事故,交叉路口,臺南市永康區中正南路段號中央路,2,晴,50,交岔路,交叉路口,行車管制號誌,車與車,違反號誌管制或指揮
11005ACB91B0211,20210504,120.245661,23.020899,交通事故,其他,臺南市永康區段號中山南路363號前,1,晴,50,單路部分,路段,無號誌,人與汽(機)車,未注意車前狀態
11005ACB91B0214,20210501,120.264747,23.011578,交通事故,其他,臺南市永康區段號大安街402號,1,晴,50,單路部分,路段,無號誌,車與車,未保持行車安全間隔
11005ACB91B0236,20210504,120.239704,23.039066,交通事故,一般地址,臺南市永康區中正路段874號,1,晴,30,單路部分,路段,無號誌,車與車,橫越道路不慎
11005ACB91B0239,20210504,120.258484,23.048002,交通事故,交叉路口,臺南市永康區蔦松三街段號蔦松三街140,1,晴,50,交岔路,交叉路口,無號誌,車與車,迴轉未依規定
11005ACB91B0242,20210502,120.246264,23.007868,交通事故,其他,臺南市永康區段號復國一路、復華二街口,2,晴,50,交岔路,交叉路口,閃光號誌,車與車,未保持行車安全間隔
11005ACB91B0248,20210503,120.276327,23.057809,交通事故,其他,臺南市永康區段號豐化橋、防汛道路口,4,雨,70,交岔路,交叉路口,無號誌,車與車,未保持行車安全距離
11005ACB91B0249,20210503,120.231671,23.021251,交通事故,其他,臺南市永康區段號東橋十街大橋國中前,3,晴,50,單路部分,路段,無號誌,汽(機)車本身,未注意車前狀態
11005ACB91B0250,20210503,120.241867,23.036977,交通事故,其他,臺南市永康區段號中正路、新中街口,1,陰,50,交岔路,交叉路口,行車管制號誌,車與車,未保持行車安全距離
11005ACB91B0254,20210504,120.265001,23.002267,交通事故,其他,臺南市永康區段號大灣路560號前,2,晴,50,單路部分,路段,無號誌,車與車,未注意車前狀態
11005ACB91B0258,20210505,120.248578,23.026152,交通事故,交叉路口,臺南市永康區自強路段號自強路139,1,晴,30,交岔路,交叉路口,無號誌,車與車,未保持行車安全間隔
11005ACB91B0259,20210505,120.22436,23.029357,交通事故,一般地址,臺南市永康區中正南路段343號0,1,晴,50,交岔路,交叉路口,行車管制號誌,車與車,違反號誌管制或指揮
11005ACB91B0260,20210504,120.254306,23.030195,交通事故,交叉路口,臺南市永康區中正路段號自強路,3,晴,50,交岔路,交叉路口,行車管制號誌,車與車,未注意車前狀態
11005ACB91B0265,20210504,120.225761,23.015881,交通事故,交叉路口,臺南市永康區中華西街段號大橋一街,1,晴,50,交岔路,交叉路口,行車管制號誌,車與車,未保持行車安全間隔
11005ACB91B0270,20210503,120.247433,23.067222,交通事故,其他,臺南市永康區段號大洲1號橋北岸往西防汛道路路燈74號附近,1,晴,30,單路部分,路段,無號誌,車與車,未保持行車安全距離
11005ACB91B0286,20210505,120.235393,22.999848,交通事故,交叉路口,臺南市永康區中華路段10號小東路477,1,晴,30,交岔路,交叉路口,無號誌,車與車,爭(搶)道行駛
11005ACB91B0290,20210505,120.233458,23.014274,交通事故,一般地址,臺南市永康區中山南路段193號0,1,晴,50,單路部分,路段,無號誌,車與車,未保持行車安全間隔
11005ACB91B0292,20210505,120.234415,23.007323,交通事故,一般地址,臺南市永康區中華路段297號0,2,晴,50,交岔路,交叉路口,行車管制號誌,車與車,不明原因肇事
11005ACB91B0295,20210505,120.253757,23.014903,交通事故,一般地址,臺南市永康區文化路段262號,1,晴,50,單路部分,路段,無號誌,車與車,未保持行車安全距離
11005ACB91B0298,20210505,120.248106,23.010882,交通事故,其他,臺南市永康區段號復國二路172號前,2,晴,50,單路部分,路段,無號誌,汽(機)車本身,尚未發現肇事因素
11005ACB91B0301,20210505,120.237556,23.006076,交通事故,一般地址,臺南市永康區中華路段21631號,2,晴,30,交岔路,交叉路口,無號誌,車與車,未依規定讓車
11005ACB91B0311,20210505,120.216268,23.022147,交通事故,其他,臺南市永康區段號中正南路與中央路口,2,晴,50,交岔路,交叉路口,行車管制號誌(附設行人專用號誌),車與車,未注意車前狀態
11005ACB91B0322,20210505,120.231273,23.012769,交通事故,其他,臺南市永康區段號中華路與中華路578巷口,2,晴,50,交岔路,交叉路口,無號誌,車與車,未依規定讓車
11005ACB91B0323,20210502,120.223689,23.02873,交通事故,一般地址,臺南市永康區中正南路段333號,1,晴,50,單路部分,路段,無號誌,車與車,未依規定讓車
11005ACB91B0325,20210505,120.227671,23.032343,交通事故,一般地址,臺南市永康區?行里中正南路段350號,1,晴,50,單路部分,路段,行車管制號誌,車與車,未保持行車安全距離
11005ACB91B0344,20210506,120.26872,23.004153,交通事故,一般地址,臺南市永康區大灣路段27329號,1,晴,30,單路部分,路段,無號誌,車與車,未保持行車安全間隔
11005ACB91B0354,20210506,120.269584,23.005307,交通事故,交叉路口,臺南市永康區民族路段號民族路190,1,晴,50,交岔路,交叉路口,行車管制號誌,車與車,未注意車前狀態
11005ACB91B0356,20210506,120.268655,23.019259,交通事故,其他,臺南市永康區段號富強路一段93巷與中山北路344巷口附近,1,晴,30,交岔路,交叉路口,無號誌,車與車,未保持行車安全距離
11005ACB91B0357,20210505,120.221335,23.025289,交通事故,其他,臺南市永康區段號中正南路220巷14號,1,晴,50,單路部分,路段,無號誌,車與車,起步未注意其他車(人)安全
11005ACB91B0359,20210503,120.222568,23.022484,交通事故,交叉路口,臺南市永康區南台街段54號南台街5441,1,晴,30,交岔路,交叉路口,無號誌,車與車,未依規定讓車
11005ACB91B0365,20210506,120.224259,23.019785,交通事故,其他,臺南市永康區段號中華路永康橋上,1,晴,50,單路部分,路段,行車管制號誌,車與車,未保持行車安全距離
11005ACB91B0367,20210501,120.242258,23.019738,交通事故,其他,臺南市永康區段號中山南路砲校前,2,晴,50,交岔路,交叉路口,行車管制號誌,車與車,未保持行車安全間隔
11005ACB91B0370,20210506,120.260999,23.057327,交通事故,其他,臺南市永康區段號三民里和平路261巷(C2電桿前),1,晴,30,單路部分,路段,無號誌,車與車,未靠右行駛
11005ACB91B0372,20210505,120.249026,23.019603,交通事故,其他,臺南市永康區段號二王路92號前,1,晴,50,交岔路,交叉路口,無號誌,車與車,未依規定讓車
11005ACB91B0374,20210506,120.274559,23.032548,交通事故,一般地址,臺南市永康區王行路段68號,2,晴,50,交岔路,交叉路口,無號誌,車與車,起步未注意其他車(人)安全
11005ACB91B0377,20210506,120.274086,23.042368,交通事故,一般地址,臺南市永康區永科一路段號,1,晴,50,單路部分,路段,無號誌,車與車,未注意車前狀態
11005ACB91B0380,20210506,120.231575,23.012076,交通事故,交叉路口,臺南市永康區中華路段號五福街,1,晴,50,單路部分,路段,行車管制號誌(附設行人專用號誌),車與車,未保持行車安全距離
11005ACB91B0389,20210503,120.250551,23.03107,交通事故,其他,臺南市永康區段號中正路與中正路256巷口,1,晴,50,交岔路,交叉路口,行車管制號誌,車與車,未保持行車安全間隔
11005ACB91B0391,20210506,120.23519,23.015155,交通事故,一般地址,臺南市永康區中山南路段201號,2,晴,50,單路部分,路段,行車管制號誌,人與汽(機)車,未注意車前狀態
11005ACB91B0392,20210506,120.227115,23.018788,交通事故,一般地址,臺南市永康區大橋二街段83號,2,晴,50,交岔路,交叉路口,閃光號誌,車與車,未依規定讓車
11005ACB91B0406,20210506,120.230793,23.013513,交通事故,交叉路口,臺南市永康區中華路段號中山南路,2,晴,50,交岔路,交叉路口,行車管制號誌,車與車,未注意車前狀態
11005ACB91B0427,20210506,120.231369,23.008312,交通事故,一般地址,臺南市永康區中華二路段385號,1,晴,50,單路部分,路段,無號誌,車與車,違反特定標誌(線)禁制
11005ACB91B0442,20210507,120.244705,23.034528,交通事故,交叉路口,臺南市永康區中正路段號中正路542,1,晴,50,交岔路,交叉路口,無號誌,車與車,未依規定讓車
11005ACB91B0445,20210506,120.285076,23.033399,交通事故,交叉路口,臺南市永康區中山北路段號王行東路,1,晴,50,單路部分,路段,行車管制號誌,車與車,未保持行車安全距離
11005ACB91B0446,20210507,120.26697,23.005814,交通事故,一般地址,臺南市永康區大灣路段356號0,1,晴,50,交岔路,交叉路口,無號誌,車與車,起步未注意其他車(人)安全
11005ACB91B0447,20210507,120.260505,23.002989,交通事故,其他,臺南市永康區段號永大路二段與大灣一街口,1,晴,50,交岔路,交叉路口,行車管制號誌,汽(機)車本身,其他引起事故之違規或不當行為
11005ACB91B0450,20210507,120.232098,23.024544,交通事故,交叉路口,臺南市永康區東橋一路段號東橋三路,2,晴,50,交岔路,交叉路口,行車管制號誌,車與車,違反特定標誌(線)禁制
11005ACB91B0454,20210503,120.264438,23.012335,交通事故,交叉路口,臺南市永康區文賢街段號大安街,3,晴,50,交岔路,交叉路口,行車管制號誌,車與車,未依規定讓車
11005ACB91B0467,20210507,120.271017,23.003773,交通事故,一般地址,臺南市永康區民族路段183號0,2,晴,50,單路部分,路段,無號誌,車與車,未注意車前狀態
11005ACB91B0473,20210507,120.252949,23.031565,交通事故,其他,臺南市永康區段號四維街19巷口,1,晴,50,交岔路,路段,無號誌,車與車,未注意車前狀態
11005ACB91B0506,20210507,120.262468,23.001728,交通事故,其他,臺南市永康區段號立興街146號對面,1,晴,50,單路部分,路段,無號誌,汽(機)車本身,不明原因肇事
11005ACB91B0511,20210507,120.264754,23.008586,交通事故,一般地址,臺南市永康區民族路段467號0,1,晴,50,單路部分,路段,無號誌,汽(機)車本身,其他引起事故之違規或不當行為
11005ACB91B0513,20210507,120.259583,23.027021,交通事故,一般地址,臺南市永康區中山北路段96號,2,晴,50,交岔路,路段,無號誌,車與車,左轉彎未依規定
11005ACB91B0515,20210503,120.274798,23.049812,交通事故,其他,臺南市永康區段號環工路與經建路口,1,晴,50,單路部分,路段,無號誌,車與車,未注意車前狀態
11005ACB91B0517,20210506,120.239983,23.005507,交通事故,交叉路口,臺南市永康區忠孝路段號中興街,1,晴,50,交岔路,交叉路口,行車管制號誌,車與車,未保持行車安全間隔
11005ACB91B0520,20210508,120.242698,23.036263,交通事故,交叉路口,臺南市永康區中正路段號中正三街,1,晴,50,交岔路,交叉路口,行車管制號誌,車與車,右轉彎未依規定
11005ACB91B0521,20210507,120.240787,23.049963,交通事故,其他,臺南市永康區段號永安路上/仁愛街301號(揮展高爾夫球場)前,2,晴,50,單路部分,路段,無號誌,車與車,未依規定讓車
11005ACB91B0522,20210503,120.235208,23.00354,交通事故,其他,臺南市永康區段號中華路與中華路155巷口,1,雨,50,交岔路,路段,行車管制號誌(附設行人專用號誌),汽(機)車本身,疲勞(患病)駕駛失控
11005ACB91B0526,20210502,120.24986,23.024074,交通事故,其他,臺南市永康區段號高速一街二段與中山南路471巷口,2,晴,50,交岔路,交叉路口,行車管制號誌,車與車,不明原因肇事
11005ACB91B0531,20210506,120.234883,23.038633,交通事故,其他,臺南市永康區段號正南五街516號,2,晴,30,單路部分,路段,無號誌,車與車,未依規定讓車
11005ACB91B0548,20210508,120.235094,23.008439,交通事故,其他,臺南市永康區段號中華二路、中華二路206巷口,2,晴,50,交岔路,交叉路口,無號誌,車與車,酒醉(後)駕駛失控
11005ACB91B0553,20210504,120.266656,23.005575,交通事故,一般地址,臺南市永康區大灣路段370號,1,晴,50,單路部分,路段,閃光號誌,車與車,起步未注意其他車(人)安全
11005ACB91B0554,20210508,120.239983,23.005507,交通事故,交叉路口,臺南市永康區忠孝路段號中興街,1,晴,50,交岔路,交叉路口,行車管制號誌,車與車,其他引起事故之違規或不當行為
11005ACB91B0580,20210509,120.247364,23.005002,交通事故,交叉路口,臺南市永康區復國二路段號國華街96,1,晴,30,交岔路,交叉路口,無號誌,汽(機)車本身,酒醉(後)駕駛失控
11005ACB91B0592,20210508,120.265589,23.020818,交通事故,交叉路口,臺南市永康區西勢路段號西勢路621,1,晴,50,交岔路,交叉路口,行車管制號誌,車與車,未依規定讓車
11005ACB91B0594,20210506,120.218041,23.023616,交通事故,其他,臺南市永康區段號中華路與中正南路口,1,晴,50,交岔路,交叉路口,行車管制號誌(附設行人專用號誌),車與車,起步未注意其他車(人)安全
11005ACB91B0595,20210508,120.241991,23.040512,交通事故,交叉路口,臺南市永康區新民街段號新行街,1,晴,50,交岔路,交叉路口,行車管制號誌,車與車,未依規定讓車
11005ACB91B0606,20210507,120.237817,23.003751,交通事故,其他,臺南市永康區段號中華一路39巷與忠孝路207巷口,2,晴,30,交岔路,交叉路口,無號誌,車與車,未依規定讓車
11005ACB91B0611,20210508,120.276376,23.057836,交通事故,其他,臺南市永康區段號中正北路豐化橋西側,2,晴,70,單路部分,路段,無號誌,車與車,未注意車前狀態
11005ACB91B0612,20210508,120.252021,23.018018,交通事故,一般地址,臺南市永康區永勝街段210號,2,晴,50,交岔路,交叉路口,無號誌,車與車,未注意車前狀態
11005ACB91B0613,20210508,120.274031,23.030044,交通事故,交叉路口,臺南市永康區中山北路段號富強路2,2,晴,50,交岔路,交叉路口,行車管制號誌,車與車,未依規定讓車
11005ACB91B0614,20210508,120.23754,23.008742,交通事故,交叉路口,臺南市永康區中山東路段號中華路216,1,晴,50,交岔路,交叉路口,行車管制號誌,車與車,未注意車前狀態
11005ACB91B0619,20210509,120.235218,23.004273,交通事故,其他,臺南市永康區段號中華一路203巷,1,晴,30,單路部分,路段,行車管制號誌(附設行人專用號誌),人與汽(機)車,違反特定標誌(線)禁制
11005ACB91B0623,20210508,120.267898,23.024699,交通事故,其他,臺南市永康區段號中山北路264巷165弄56號,1,晴,30,單路部分,路段,無號誌,汽(機)車本身,酒醉(後)駕駛失控
11005ACB91B0624,20210509,120.266763,23.007816,交通事故,交叉路口,臺南市永康區大民街段號民族路,2,晴,50,交岔路,交叉路口,閃光號誌,車與車,未依規定讓車
11005ACB91B0629,20210509,120.2183,23.023595,交通事故,交叉路口,臺南市永康區中華路段號中正南路,1,晴,50,交岔路,交叉路口,行車管制號誌,車與車,未注意車前狀態
11005ACB91B0632,20210509,120.24403,23.044285,交通事故,一般地址,臺南市永康區永安一街段57號,1,晴,30,單路部分,路段,無號誌,車與車,起步未注意其他車(人)安全
11005ACB91B0642,20210509,120.247826,23.052251,交通事故,交叉路口,臺南市永康區三民街段112號三民街,1,晴,30,交岔路,交叉路口,閃光號誌,車與車,未依規定讓車