案件編號,發生日期,GPS經度,GPS緯度,案件類別名稱,地址類型名稱,發生縣市名稱,受傷人數,天候名稱, 速限-第1當事者,道路型態大類別名稱,事故位置大類別名稱,號誌-號誌種類名稱,事故類型及型態大類別名稱,肇因研判子類別名稱-主要
11005ACB91B0649,20210509,120.271897,23.002797,交通事故,交叉路口,臺南市永康區大灣東路段號民族路,1,晴,50,交岔路,交叉路口,行車管制號誌,車與車,未依規定讓車
11005ACB91B0650,20210508,120.248927,23.041878,交通事故,一般地址,臺南市永康區中正北路段347號,1,晴,50,單路部分,路段,無號誌,車與車,未依規定讓車
11005ACB91B0653,20210507,120.246118,23.001884,交通事故,其他,臺南市永康區段號復國路與興國街口,3,晴,50,交岔路,交叉路口,行車管制號誌,車與車,未注意車前狀態
11005ACB91B0660,20210509,120.239908,23.005058,交通事故,交叉路口,臺南市永康區忠孝路段號忠孝路239,1,晴,50,交岔路,交叉路口,行車管制號誌,車與車,未依規定讓車
11005ACB91B0696,20210510,120.252347,23.03321,交通事故,交叉路口,臺南市永康區埔園街段號四維街,2,晴,50,交岔路,交叉路口,行車管制號誌,車與車,未依規定讓車
11005ACB91B0700,20210506,120.258815,22.998784,交通事故,一般地址,臺南市永康區永大路1段300號,3,晴,50,單路部分,路段,無號誌,車與車,逆向行駛
11005ACB91B0702,20210505,120.226959,23.017935,交通事故,其他,臺南市永康區段號中華路737號,1,晴,50,單路部分,路段,無號誌,車與車,起步未注意其他車(人)安全
11005ACB91B0704,20210510,120.225003,23.015397,交通事故,其他,臺南市永康區段號大橋一街26號前,1,晴,30,單路部分,路段,無號誌,車與車,未靠右行駛
11005ACB91B0707,20210505,120.261238,23.027545,交通事故,其他,臺南市永康區段號中山北路、龍中街口,1,晴,50,交岔路,交叉路口,行車管制號誌,汽(機)車本身,超速失控
11005ACB91B0717,20210510,120.273976,23.047224,交通事故,一般地址,臺南市永康區環工路段16號,1,晴,50,單路部分,路段,無號誌,車與車,倒車未依規定
11005ACB91B0719,20210510,120.230697,23.013363,交通事故,交叉路口,臺南市永康區中華路段號中山南路,1,晴,50,交岔路,交叉路口,行車管制號誌(附設行人專用號誌),車與車,未保持行車安全間隔
11005ACB91B0725,20210510,120.25974,23.005638,交通事故,交叉路口,臺南市永康區國光五街段號崑山街,2,晴,50,交岔路,交叉路口,閃光號誌,車與車,未依規定讓車
11005ACB91B0726,20210510,120.257532,23.017846,交通事故,交叉路口,臺南市永康區永大二路段號永華路,1,晴,50,交岔路,交叉路口,無號誌,車與車,未依規定讓車
11005ACB91B0727,20210510,120.226612,23.037706,交通事故,一般地址,臺南市永康區洲工街段164號,1,晴,50,單路部分,路段,無號誌,車與車,倒車未依規定
11005ACB91B0731,20210509,120.222933,23.020434,交通事故,其他,臺南市永康區段號中華路、大武街口,1,晴,30,交岔路,交叉路口,行車管制號誌,車與車,左轉彎未依規定
11005ACB91B0739,20210510,120.248956,23.021822,交通事故,一般地址,臺南市永康區中山南路段481號0,1,晴,50,單路部分,路段,無號誌,車與車,未保持行車安全間隔
11005ACB91B0742,20210510,120.234223,23.038916,交通事故,一般地址,臺南市永康區中正南路段699號,1,晴,50,交岔路,交叉路口,行車管制號誌,車與車,未保持行車安全距離
11005ACB91B0745,20210510,120.226746,23.018395,交通事故,其他,臺南市永康區段號東橋二街17號前,1,晴,50,單路部分,路段,無號誌,車與車,未保持行車安全間隔
11005ACB91B0747,20210510,120.226685,23.018167,交通事故,交叉路口,臺南市永康區中華西街段號中華路,1,晴,50,交岔路,交叉路口,行車管制號誌,車與車,其他引起事故之違規或不當行為
11005ACB91B0752,20210510,120.26328,23.000296,交通事故,一般地址,臺南市永康區大灣路段53712號,2,晴,30,交岔路,交叉路口,無號誌,車與車,未依規定讓車
11005ACB91B0759,20210510,120.249699,23.022112,交通事故,交叉路口,臺南市永康區中山南路段號高速二街,1,晴,50,交岔路,交叉路口,行車管制號誌(附設行人專用號誌),車與車,未依規定讓車
11005ACB91B0770,20210510,120.26532,23.02894,交通事故,交叉路口,臺南市永康區中山北路段號龍潭街,2,晴,50,交岔路,交叉路口,行車管制號誌,車與車,違反特定標誌(線)禁制
11005ACB91B0775,20210508,120.233752,22.999086,交通事故,交叉路口,臺南市永康區勝利里小東路段449號中華路7,1,晴,30,交岔路,交叉路口,無號誌,車與車,未依規定讓車
11005ACB91B0780,20210510,120.24151,23.019069,交通事故,一般地址,臺南市永康區中山南路段578號,1,晴,50,交岔路,交叉路口,行車管制號誌,車與車,未注意車前狀態
11005ACB91B0802,20210507,120.231443,23.021479,交通事故,其他,臺南市永康區段號東橋一路與東橋十街,2,晴,50,交岔路,交叉路口,行車管制號誌,車與車,未依規定讓車
11005ACB91B0811,20210506,120.234694,22.999703,交通事故,其他,臺南市永康區段號中華路21號,1,晴,50,交岔路,交叉路口,行車管制號誌,車與車,不明原因肇事
11005ACB91B0813,20210511,120.215908,23.023346,交通事故,其他,臺南市永康區段號中華路與中央路,1,晴,50,交岔路,交叉路口,行車管制號誌,車與車,左轉彎未依規定
11005ACB91B0814,20210511,120.267455,23.039991,交通事故,一般地址,臺南市永康區自強路段953號,1,晴,40,單路部分,路段,無號誌,車與車,起步未注意其他車(人)安全
11005ACB91B0819,20210507,120.245748,23.009068,交通事故,其他,臺南市永康區段號復國一路與復華七街口,1,晴,50,交岔路,交叉路口,閃光號誌,車與車,未依規定讓車
11005ACB91B0822,20210511,120.233388,23.029465,交通事故,一般地址,臺南市永康區中正二街段181號,1,晴,50,交岔路,交叉路口,閃光號誌,車與車,起步未注意其他車(人)安全
11005ACB91B0823,20210510,120.275411,23.019771,交通事故,其他,臺南市永康區段號富強路一段306巷口,1,晴,50,交岔路,交叉路口,無號誌,汽(機)車本身,尚未發現肇事因素
11005ACB91B0826,20210510,120.215908,23.023346,交通事故,交叉路口,臺南市永康區中華路段號中央路,1,晴,50,交岔路,交叉路口,行車管制號誌,車與車,逆向行駛
11005ACB91B0827,20210510,120.226491,23.011459,交通事故,其他,臺南市永康區段號中山南路13號與新興街口,1,晴,50,交岔路,交叉路口,行車管制號誌,車與車,違反號誌管制或指揮
11005ACB91B0828,20210510,120.263137,23.024625,交通事故,其他,臺南市永康區段號永明街189號,1,晴,50,單路部分,路段,無號誌,車與車,未保持行車安全距離
11005ACB91B0829,20210510,120.256472,23.029024,交通事故,一般地址,臺南市永康區中山路段110號,1,晴,0,單路部分,路段,無號誌,車與車,左轉彎未依規定
11005ACB91B0834,20210511,120.267998,23.007894,交通事故,交叉路口,臺南市永康區大灣路段798號國光二街,2,晴,50,交岔路,交叉路口,無號誌,車與車,未依規定讓車
11005ACB91B0836,20210511,120.244152,23.017039,交通事故,一般地址,臺南市永康區復國一路段58611號0,2,晴,30,交岔路,交叉路口,無號誌,車與車,未依規定讓車
11005ACB91B0837,20210510,120.274031,23.030044,交通事故,交叉路口,臺南市永康區中山北路段號王行路,1,晴,50,交岔路,交叉路口,行車管制號誌,車與車,左轉彎未依規定
11005ACB91B0847,20210511,120.243807,23.035284,交通事故,其他,臺南市永康區段號中正二街與中正路,2,晴,50,交岔路,交叉路口,行車管制號誌,車與車,未注意車前狀態
11005ACB91B0854,20210511,120.275332,23.019153,交通事故,交叉路口,臺南市永康區富強路1段號廣興街,1,晴,50,交岔路,交叉路口,行車管制號誌(附設行人專用號誌),車與車,右轉彎未依規定
11005ACB91B0856,20210511,120.24575,23.011124,交通事故,一般地址,臺南市永康區復華五街段55號,2,晴,50,交岔路,交叉路口,無號誌,車與車,未依規定讓車
11005ACB91B0868,20210511,120.247045,23.043404,交通事故,其他,臺南市永康區段號永運路台電39580109電桿旁,1,晴,30,單路部分,路段,無號誌,車與車,變換車道或方向不當
11005ACB91B0875,20210508,120.260707,23.027466,交通事故,其他,臺南市永康區段號中山北路與永大路口,1,晴,50,交岔路,交叉路口,行車管制號誌(附設行人專用號誌),人與汽(機)車,未注意車前狀態
11005ACB91B0893,20210508,120.247887,22.998512,交通事故,其他,臺南市永康區段號復興路與高速二街口,2,晴,50,交岔路,交叉路口,行車管制號誌,車與車,未注意車前狀態
11005ACB91B0894,20210508,120.223334,23.020213,交通事故,其他,臺南市永康區段號奇美橋上,1,晴,40,單路部分,路段,無號誌,車與車,未保持行車安全距離
11005ACB91B0897,20210504,120.257991,23.000009,交通事故,其他,臺南市永康區段號大灣路與崑山街,3,晴,50,交岔路,交叉路口,行車管制號誌,車與車,違反號誌管制或指揮
11005ACB91B0901,20210511,120.251802,22.998593,交通事故,交叉路口,臺南市永康區崑山里大灣路段號崑大路,1,晴,50,交岔路,交叉路口,行車管制號誌,車與車,違反號誌管制或指揮
11005ACB91B0924,20210512,120.262409,23.030383,交通事故,交叉路口,臺南市永康區龍中街段號聖龍街,1,晴,30,交岔路,交叉路口,行車管制號誌,車與車,未注意車前狀態
11005ACB91B0927,20210512,120.257939,23.002112,交通事故,一般地址,臺南市永康區國光二街段53號,1,晴,50,單路部分,路段,無號誌,車與車,開啟車門不當而肇事
11005ACB91B0932,20210509,120.236088,23.014248,交通事故,交叉路口,臺南市永康區中山東路段號五福街,2,晴,50,交岔路,交叉路口,無號誌,車與車,未依規定讓車
11005ACB91B0940,20210512,120.247729,23.009622,交通事故,交叉路口,臺南市永康區復國二路段號復國二路88,1,晴,30,交岔路,交叉路口,無號誌,車與車,未依規定讓車
11005ACB91B0944,20210511,120.244038,23.017707,交通事故,一般地址,臺南市永康區忠孝路段38011號,1,晴,30,交岔路,交叉路口,閃光號誌,車與車,爭(搶)道行駛
11005ACB91B0967,20210512,120.247005,23.023347,交通事故,其他,臺南市永康區段號中山南路365巷2-54號前,1,晴,30,單路部分,路段,無號誌,汽(機)車本身,不明原因肇事
11005ACB91B0972,20210512,120.232032,23.008403,交通事故,其他,臺南市永康區段號中華二路與中華二路361巷口,1,晴,50,交岔路,交叉路口,無號誌,車與車,未注意車前狀態
11005ACB91B0975,20210512,120.241885,22.998695,交通事故,一般地址,臺南市永康區復興路段324號,1,晴,50,單路部分,路段,無號誌,車與車,未注意車前狀態
11005ACB91B0991,20210508,120.26181,23.038245,交通事故,其他,臺南市永康區段號龍中街與竹南街口,1,晴,50,交岔路,交叉路口,行車管制號誌,車與車,違反號誌管制或指揮
11005ACB91B1015,20210512,120.246477,23.036015,交通事故,交叉路口,臺南市永康區中正五街段號中正五街11,1,晴,30,交岔路,交叉路口,無號誌,車與車,未依規定讓車
11005ACB91B1020,20210513,120.27399,23.055601,交通事故,一般地址,臺南市永康區中正北路段948號,1,晴,50,單路部分,路段,無號誌,車與車,未注意車前狀態
11005ACB91B1049,20210513,120.216226,23.021056,交通事故,一般地址,臺南市永康區中正南路段88號,1,晴,50,單路部分,路段,無號誌,車與車,迴轉未依規定
11005ACB91B1062,20210501,120.233723,23.005198,交通事故,其他,臺南市永康區段號勝利里勝華街37巷70號前,2,晴,50,交岔路,交叉路口,無號誌,車與車,起步未注意其他車(人)安全
11005ACB91B1073,20210510,120.257332,23.044936,交通事故,交叉路口,臺南市永康區蔦松一街段號蔦松二街,1,晴,50,交岔路,交叉路口,行車管制號誌,車與車,違反號誌管制或指揮
11005ACB91B1081,20210513,120.216092,23.019703,交通事故,其他,臺南市永康區段號中正南路與甲頂路路口,1,晴,50,交岔路,交叉路口,行車管制號誌,車與車,未依規定讓車
11005ACB91B1093,20210513,120.246249,23.043429,交通事故,交叉路口,臺南市永康區永安路段號永安路105,1,晴,50,交岔路,交叉路口,行車管制號誌,車與車,違反號誌管制或指揮
11005ACB91B1099,20210514,120.234414,22.998482,交通事故,交叉路口,臺南市永康區中華路段號小東路,1,晴,50,交岔路,路段,行車管制號誌(附設行人專用號誌),車與車,酒醉(後)駕駛失控
11005ACB91B1110,20210510,120.249935,23.022099,交通事故,其他,臺南市永康區段號中山南路與高速二街口,4,晴,50,交岔路,交叉路口,行車管制號誌,車與車,變換車道或方向不當
11005ACB91B1123,20210512,120.254115,23.028565,交通事故,一般地址,臺南市永康區正義街段51號,2,晴,50,單路部分,路段,無號誌,人與汽(機)車,未注意車前狀態
11005ACB91B1130,20210508,120.241465,23.049112,交通事故,交叉路口,臺南市永康區永安路段號仁愛街,2,晴,50,交岔路,交叉路口,行車管制號誌,車與車,未依規定讓車
11005ACB91B1137,20210503,120.229425,23.015712,交通事故,其他,臺南市永康區段號大橋里中華路686號前,2,陰,50,交岔路,交叉路口,行車管制號誌,車與車,左轉彎未依規定
11005ACB91B1152,20210514,120.219474,23.022966,交通事故,交叉路口,臺南市永康區中華路段號南台街,3,晴,30,交岔路,交叉路口,閃光號誌,車與車,未依規定讓車
11005ACB91B1154,20210503,120.238565,22.999445,交通事故,交叉路口,臺南市永康區中華里忠勇街段32號小東路647,2,晴,50,交岔路,交叉路口,無號誌,車與車,未依規定讓車
11005ACB91B1156,20210514,120.228903,23.028995,交通事故,交叉路口,臺南市永康區尚頂路段號中正二街,1,晴,50,交岔路,交叉路口,行車管制號誌,車與車,未注意車前狀態
11005ACB91B1162,20210514,120.246813,23.019501,交通事故,交叉路口,臺南市永康區高速一街段號永二街,1,晴,50,交岔路,交叉路口,行車管制號誌,車與車,左轉彎未依規定
11005ACB91B1207,20210514,120.265622,23.019881,交通事故,其他,臺南市永康區段號大同街740巷與西勢路621巷口,3,晴,30,交岔路,交叉路口,無號誌,車與車,未依規定讓車
11005ACB91B1209,20210514,120.229567,23.020338,交通事故,交叉路口,臺南市永康區大橋二街段199號大橋二街148,1,晴,50,交岔路,交叉路口,行車管制號誌,車與車,未保持行車安全距離
11005ACB91B1210,20210514,120.255871,23.031146,交通事故,其他,臺南市永康區段號中山路與自強路口,1,晴,50,交岔路,交叉路口,行車管制號誌,車與車,不明原因肇事
11005ACB91B1211,20210513,120.229943,23.019777,交通事故,其他,臺南市永康區段號大橋一街139巷44弄與大橋二街148巷口,1,晴,30,交岔路,交叉路口,無號誌,車與車,未靠右行駛
11005ACB91B1227,20210506,120.242141,23.041567,交通事故,交叉路口,臺南市永康區?行里中正北路段號新行街,1,晴,50,交岔路,交叉路口,行車管制號誌,車與車,不明原因肇事
11005ACB91B1250,20210515,120.259616,23.037553,交通事故,其他,臺南市永康區段號永大路三段560巷與永大路三段560巷6弄口,1,晴,30,交岔路,交叉路口,無號誌,車與車,未依規定讓車
11005ACB91B1253,20210515,120.232251,23.004531,交通事故,一般地址,臺南市永康區中華一路段288號,1,晴,50,單路部分,路段,無號誌,人與汽(機)車,倒車未依規定
11005ACB91B1255,20210515,120.226687,23.018268,交通事故,其他,臺南市永康區段號中華路與大橋二街及中華西街,1,晴,50,交岔路,交叉路口,行車管制號誌(附設行人專用號誌),人與汽(機)車,違反特定標誌(線)禁制
11005ACB91B1258,20210515,120.243807,23.035284,交通事故,交叉路口,臺南市永康區中正路段號中正二街,1,晴,50,交岔路,交叉路口,行車管制號誌,車與車,起步未注意其他車(人)安全
11005ACB91B1259,20210510,120.228786,23.012982,交通事故,一般地址,臺南市永康區中山南路段111號,1,晴,30,交岔路,交叉路口,無號誌,車與車,未依規定讓車
11005ACB91B1275,20210514,120.2262,23.011288,交通事故,交叉路口,臺南市永康區中山南路段號新興街,2,晴,50,交岔路,交叉路口,行車管制號誌,車與車,違反號誌管制或指揮
11005ACB91B1280,20210515,120.250424,23.017606,交通事故,其他,臺南市永康區段號永二街與高速二街口附近，路燈定位編號342696。,2,晴,50,單路部分,路段,無號誌,汽(機)車本身,未注意車前狀態
11005ACB91B1286,20210508,120.227621,23.019098,交通事故,其他,臺南市永康區段號大橋二街與大橋一街103巷67弄口,1,晴,50,交岔路,交叉路口,無號誌,車與車,未注意車前狀態
11005ACB91B1294,20210513,120.234733,23.019721,交通事故,交叉路口,臺南市永康區東橋三路段號東橋六街,1,晴,50,交岔路,交叉路口,行車管制號誌,車與車,其他引起事故之違規或不當行為
11005ACB91B1297,20210513,120.26472,23.037996,交通事故,一般地址,臺南市永康區自強路段827號0,1,晴,50,交岔路,交叉路口,行車管制號誌,車與車,未依規定讓車
11005ACB91B1299,20210507,120.216314,23.022482,交通事故,一般地址,臺南市永康區中正南路段109號,1,晴,50,交岔路,交叉路口,行車管制號誌,車與車,未依規定讓車
11005ACB91B1301,20210512,120.259966,23.001747,交通事故,一般地址,臺南市永康區永大路2段82號0,1,晴,50,單路部分,路段,無號誌,車與車,未注意車前狀態
11005ACB91B1309,20210512,120.259124,23.009492,交通事故,一般地址,臺南市永康區永華路段159112號0,1,晴,30,交岔路,交叉路口,無號誌,車與車,未依規定讓車
11005ACB91B1315,20210507,120.230311,23.013837,交通事故,其他,臺南市永康區段號中山南路119巷8號,2,晴,50,交岔路,交叉路口,閃光號誌,車與車,未依規定讓車
11005ACB91B1317,20210514,120.225696,23.018698,交通事故,其他,臺南市永康區段號中華路與大橋三街口西側,2,晴,50,單路部分,路段,無號誌,車與車,迴轉未依規定
11005ACB91B1318,20210516,120.241923,23.037081,交通事故,一般地址,臺南市永康區中正路段772號,1,晴,50,交岔路,交叉路口,行車管制號誌,車與車,違規超車
11005ACB91B1323,20210507,120.260332,23.003038,交通事故,交叉路口,臺南市永康區永大路2段號大灣一街,1,晴,50,交岔路,交叉路口,行車管制號誌,車與車,未保持行車安全間隔
11005ACB91B1325,20210514,120.239936,23.008539,交通事故,交叉路口,臺南市永康區中華二路段號中興街,1,晴,50,交岔路,交叉路口,行車管制號誌,車與車,未依規定讓車
11005ACB91B1327,20210511,120.230184,23.013351,交通事故,一般地址,臺南市永康區中山南路段157號,1,晴,50,單路部分,路段,無號誌,車與車,變換車道或方向不當
11005ACB91B1333,20210511,120.226147,23.01896,交通事故,其他,臺南市永康區段號奇美陸橋,3,晴,50,單路部分,路段,行車管制號誌,車與車,未保持行車安全距離
11005ACB91B1336,20210510,120.242267,23.041678,交通事故,交叉路口,臺南市永康區中正北路段號新行街,2,晴,50,交岔路,交叉路口,行車管制號誌,車與車,未保持行車安全距離
11005ACB91B1337,20210516,120.248369,23.012246,交通事故,其他,臺南市永康區段號復國二路208號前,1,晴,30,交岔路,交叉路口,無號誌,車與車,未依規定讓車
11005ACB91B1341,20210515,120.230827,23.013409,交通事故,交叉路口,臺南市永康區中山南路段號中華路,1,晴,50,單路部分,路段,行車管制號誌(附設行人專用號誌),車與車,未保持行車安全間隔
11005ACB91B1346,20210513,120.269544,23.022816,交通事故,交叉路口,臺南市永康區中山北路段344號中山北路264191,1,晴,30,交岔路,交叉路口,無號誌,車與車,未依規定讓車
11005ACB91B1352,20210516,120.24681,22.998542,交通事故,交叉路口,臺南市永康區復興路段號復國路,2,晴,40,交岔路,交叉路口,行車管制號誌(附設行人專用號誌),人與汽(機)車,未注意車前狀態
11005ACB91B1353,20210513,120.265461,23.003157,交通事故,交叉路口,臺南市永康區大灣路段號立興街,2,晴,50,交岔路,交叉路口,行車管制號誌,車與車,未注意車前狀態
11005ACB91B1354,20210502,120.243749,23.016629,交通事故,一般地址,臺南市永康區復國一路段578號,1,晴,50,單路部分,路段,無號誌,車與車,起步未注意其他車(人)安全
11005ACB91B1355,20210516,120.239903,23.008511,交通事故,一般地址,臺南市永康區中華二路段61號0,2,晴,50,交岔路,交叉路口,行車管制號誌,車與車,違反號誌管制或指揮
11005ACB91B1360,20210516,120.23074,23.008427,交通事故,一般地址,臺南市永康區中華二路段350號,1,晴,50,單路部分,路段,無號誌,車與車,未保持行車安全間隔
11005ACB91B1368,20210514,120.252678,23.023742,交通事故,其他,臺南市永康區段號中山南路與正強街口,1,晴,50,交岔路,交叉路口,行車管制號誌,車與車,未保持行車安全距離
11005ACB91B1369,20210502,120.236855,23.021967,交通事故,其他,臺南市永康區段號東橋七路199號前,1,晴,50,單路部分,路段,無號誌,車與車,未保持行車安全間隔
11005ACB91B1371,20210514,120.243438,23.035561,交通事故,其他,臺南市永康區段號中正路700號前,1,晴,50,單路部分,路段,行車管制號誌,車與車,未注意車前狀態
11005ACB91B1373,20210514,120.254803,23.041989,交通事故,其他,臺南市永康區段號蔦松二街、中正北路口,1,晴,50,交岔路,交叉路口,行車管制號誌,車與車,起步未注意其他車(人)安全
11005ACB91B1378,20210511,120.273999,23.029891,交通事故,其他,臺南市永康區段號中山北路、富強路二段,1,晴,50,交岔路,交叉路口,行車管制號誌,車與車,變換車道或方向不當
11005ACB91B1382,20210503,120.235024,23.017008,交通事故,其他,臺南市永康區段號東橋一路與東橋二街口,1,晴,50,交岔路,交叉路口,行車管制號誌,車與車,未注意車前狀態
11005ACB91B1384,20210504,120.263826,23.013958,交通事故,其他,臺南市永康區段號永大路二段與大安街口,1,晴,50,交岔路,交叉路口,行車管制號誌,汽(機)車本身,其他引起事故之違規或不當行為
11005ACB91B1386,20210504,120.272027,23.013742,交通事故,其他,臺南市永康區段號富強路一段2巷口,1,晴,50,交岔路,交叉路口,行車管制號誌,車與車,違反號誌管制或指揮
11005ACB91B1388,20210505,120.26635,23.011896,交通事故,其他,臺南市永康區段號大同街與文賢街口,1,晴,0,交岔路,交叉路口,行車管制號誌,汽(機)車本身,其他引起事故之違規或不當行為
11005ACB91B1390,20210515,120.250262,23.022251,交通事故,其他,臺南市永康區段號高速一街、中山南路口,1,晴,50,交岔路,交叉路口,行車管制號誌,車與車,未依規定讓車
11005ACB91B1391,20210505,120.273933,23.04677,交通事故,其他,臺南市永康區段號環工路25號前,2,晴,50,單路部分,路段,無號誌,車與車,起步未注意其他車(人)安全
11005ACB91B1393,20210511,120.237345,23.041214,交通事故,其他,臺南市永康區段號中正路與中正南路口,1,晴,50,交岔路,交叉路口,行車管制號誌(附設行人專用號誌),車與車,其他引起事故之違規或不當行為
11005ACB91B1394,20210516,120.241676,23.009126,交通事故,交叉路口,臺南市永康區忠孝路段號忠孝路42915,2,晴,50,交岔路,交叉路口,行車管制號誌,車與車,未依規定讓車
11005ACB91B1395,20210510,120.245714,23.04195,交通事故,其他,臺南市永康區段號中正北路271號前,1,晴,50,單路部分,路段,無號誌,汽(機)車本身,其他引起事故之違規或不當行為
11005ACB91B1396,20210516,120.225123,23.020621,交通事故,其他,臺南市永康區段號中華路912巷與南台街3巷59弄口,1,晴,30,交岔路,交叉路口,閃光號誌,車與車,不明原因肇事
11005ACB91B1398,20210511,120.226548,23.018589,交通事故,其他,臺南市永康區段號中華路836號前,1,晴,50,單路部分,路段,無號誌,汽(機)車本身,煞車失靈
11005ACB91B1401,20210511,120.215969,23.023288,交通事故,其他,臺南市永康區段號中華路與中央路口,1,晴,50,交岔路,交叉路口,行車管制號誌,車與車,違反號誌管制或指揮
11005ACB91B1402,20210517,120.262532,23.043242,交通事故,一般地址,臺南市永康區龍橋街段427號,2,晴,50,單路部分,路段,無號誌,車與車,不明原因肇事
11005ACB91B1406,20210510,120.24054,23.018436,交通事故,一般地址,臺南市永康區中山南路段536號,3,晴,50,單路部分,路段,無號誌,車與車,未保持行車安全距離
11005ACB91B1410,20210514,120.26561,23.00835,交通事故,其他,臺南市永康區段號大安街與民族路,1,晴,50,單路部分,路段,行車管制號誌,車與車,未注意車前狀態
11005ACB91B1418,20210517,120.252815,23.03529,交通事故,一般地址,臺南市永康區龍埔街段566號,2,晴,50,單路部分,路段,無號誌,車與車,違規超車
11005ACB91B1435,20210504,120.249773,23.031256,交通事故,交叉路口,臺南市永康區中正路段號高速一街2,1,晴,50,交岔路,交叉路口,行車管制號誌(附設行人專用號誌),車與車,違反號誌管制或指揮
11005ACB91B1436,20210517,120.251761,23.017924,交通事故,其他,臺南市永康區段號永勝街155巷2號前,1,晴,30,單路部分,路段,無號誌,車與車,未靠右行駛
11005ACB91B1440,20210510,120.235897,23.003652,交通事故,其他,臺南市永康區段號中華路154巷內,1,晴,30,單路部分,路段,無號誌,人與汽(機)車,未注意車前狀態
11005ACB91B1444,20210514,120.235241,23.00427,交通事故,其他,臺南市永康區段號中華路與中華一路口,1,晴,50,交岔路,交叉路口,行車管制號誌,車與車,左轉彎未依規定
11005ACB91B1447,20210510,120.238729,23.018527,交通事故,其他,臺南市永康區段號東橋七路150號前,1,晴,50,單路部分,路段,無號誌,車與車,橫越道路不慎
11005ACB91B1448,20210505,120.234119,23.003233,交通事故,交叉路口,臺南市永康區中華路段155號中華路15534,2,晴,30,交岔路,交叉路口,無號誌,車與車,未依規定讓車
11005ACB91B1449,20210517,120.241028,23.018756,交通事故,其他,臺南市永康區段號中山南路560號,1,晴,50,單路部分,路段,無號誌,車與車,未注意車前狀態
11005ACB91B1451,20210517,120.235309,23.002999,交通事故,其他,臺南市永康區段號中華路138-1號前,1,晴,50,單路部分,路段,無號誌,車與車,未保持行車安全距離
11005ACB91B1452,20210516,120.245502,23.03993,交通事故,其他,臺南市永康區段號竹林街28巷13弄口,1,晴,50,交岔路,交叉路口,無號誌,車與車,未依規定讓車
11005ACB91B1467,20210517,120.232752,23.023529,交通事故,交叉路口,臺南市永康區東橋三路段號東橋十二街,1,晴,50,交岔路,交叉路口,閃光號誌,車與車,未依規定讓車
11005ACB91B1492,20210505,120.269148,23.009291,交通事故,其他,臺南市永康區段號大灣路與大同街口,2,晴,50,交岔路,交叉路口,行車管制號誌,車與車,違反號誌管制或指揮
11005ACB91B1495,20210517,120.234318,23.008059,交通事故,其他,臺南市永康區段號中華路381號前,2,晴,50,單路部分,路段,無號誌,車與車,未保持行車安全距離
11005ACB91B1500,20210513,120.215571,23.02151,交通事故,交叉路口,臺南市永康區小北路段號中央路2315,1,晴,50,交岔路,交叉路口,無號誌,車與車,左轉彎未依規定
11005ACB91B1501,20210512,120.259006,23.043717,交通事故,一般地址,臺南市永康區中正北路段629號,1,晴,40,單路部分,路段,無號誌,車與車,未保持行車安全距離
11005ACB91B1504,20210518,120.262591,23.018341,交通事故,其他,臺南市永康區段號永大路二段與永大一路,1,晴,50,交岔路,交叉路口,行車管制號誌,人與汽(機)車,左轉彎未依規定
11005ACB91B1505,20210502,120.273775,23.02843,交通事故,一般地址,臺南市永康區富強路段342號,1,晴,50,單路部分,路段,無號誌,汽(機)車本身,未注意車前狀態
11005ACB91B1528,20210518,120.261468,23.029186,交通事故,交叉路口,臺南市永康區埔聖街段171號埔聖街1711,1,晴,50,單路部分,路段,無號誌,車與車,未注意車前狀態
11005ACB91B1537,20210518,120.226384,23.039779,交通事故,其他,臺南市永康區段號鹽洲里洲尾街191巷與鹽水溪堤岸道路口,2,晴,40,交岔路,交叉路口,行車管制號誌,車與車,未保持行車安全距離
11005ACB91B1538,20210503,120.264352,23.033986,交通事故,交叉路口,臺南市永康區龍安街段號龍安街218,1,雨,30,交岔路,交叉路口,行車管制號誌,汽(機)車本身,其他引起事故之違規或不當行為
11005ACB91B1539,20210517,120.250694,23.022629,交通事故,一般地址,臺南市永康區中山南路段515號,1,晴,50,單路部分,路段,無號誌,車與車,起步未注意其他車(人)安全
11005ACB91B1544,20210517,120.241939,23.010522,交通事故,其他,臺南市永康區段號忠孝路南往北(1171號路燈),1,晴,50,單路部分,路段,無號誌,車與車,酒醉(後)駕駛失控
11005ACB91B1562,20210518,120.278099,23.018055,交通事故,其他,臺南市永康區段號廣興街38巷與廣興街38巷25弄口,1,晴,30,交岔路,交叉路口,無號誌,車與車,未依規定讓車
11005ACB91B1563,20210507,120.244682,23.034518,交通事故,交叉路口,臺南市永康區中正路段號中正路542,2,晴,50,交岔路,交叉路口,無號誌,車與車,未依規定讓車
11005ACB91B1584,20210518,120.254302,23.030197,交通事故,交叉路口,臺南市永康區中正路段號自強路,2,晴,50,交岔路,交叉路口,行車管制號誌,車與車,未注意車前狀態
11005ACB91B1589,20210518,120.254757,22.998249,交通事故,其他,臺南市永康區段號崑大路與崑大路155巷口,1,晴,50,交岔路,交叉路口,行車管制號誌(附設行人專用號誌),車與車,未依規定讓車