案件編號,發生日期,GPS經度,GPS緯度,案件類別名稱,地址類型名稱,發生縣市名稱,受傷人數,天候名稱, 速限-第1當事者,道路型態大類別名稱,事故位置大類別名稱,號誌-號誌種類名稱,事故類型及型態大類別名稱,肇因研判子類別名稱-主要
11005ACB91B1591,20210518,120.232477,23.020233,交通事故,交叉路口,臺南市永康區東橋一路段號東橋八街,2,晴,50,交岔路,交叉路口,行車管制號誌,車與車,酒醉(後)駕駛失控
11005ACB91B1597,20210518,120.246581,23.01286,交通事故,其他,臺南市永康區段號復國一路392-2號,2,晴,50,單路部分,路段,無號誌,車與車,未保持行車安全距離
11005ACB91B1606,20210513,120.22573,23.018767,交通事故,交叉路口,臺南市永康區中華路段號大橋三街,1,晴,40,交岔路,交叉路口,行車管制號誌(附設行人專用號誌),車與車,未依規定讓車
11005ACB91B1611,20210519,120.259148,22.999756,交通事故,其他,臺南市永康區段號永大路一段與永大路一段287巷,1,晴,30,交岔路,交叉路口,無號誌,車與車,右轉彎未依規定
11005ACB91B1626,20210518,120.260855,23.024638,交通事故,交叉路口,臺南市永康區永大路2段號永明街,1,晴,50,交岔路,交叉路口,行車管制號誌,人與汽(機)車,搶越行人穿越道
11005ACB91B1628,20210518,120.221866,23.023995,交通事故,其他,臺南市永康區段號南台街54巷59號,2,晴,30,交岔路,交叉路口,無號誌,車與車,未依規定讓車
11005ACB91B1629,20210519,120.257693,23.003189,交通事故,其他,臺南市永康區段號大仁街114巷與國光二街70巷,2,晴,30,交岔路,交叉路口,無號誌,車與車,未依規定讓車
11005ACB91B1631,20210513,120.247246,23.015277,交通事故,交叉路口,臺南市永康區復華七街段號復華七街117,1,晴,30,單路部分,路段,無號誌,車與車,開啟車門不當而肇事
11005ACB91B1636,20210519,120.227698,23.042381,交通事故,其他,臺南市永康區段號鹽洲里鹽水溪堤岸道路(永康大排抽水站旁),1,晴,40,交岔路,交叉路口,閃光號誌,汽(機)車本身,未保持行車安全距離
11005ACB91B1647,20210519,120.265605,23.035909,交通事故,其他,臺南市永康區段號龍橋街85號對面,1,晴,50,交岔路,交叉路口,無號誌,車與車,迴轉未依規定
11005ACB91B1649,20210519,120.24363,23.035041,交通事故,一般地址,臺南市永康區中正二街段628號,1,晴,50,單路部分,路段,無號誌,車與車,其他引起事故之違規或不當行為
11005ACB91B1654,20210518,120.252285,23.007952,交通事故,其他,臺南市永康區段號大灣路942巷371弄168號旁橋梁,1,晴,30,單路部分,路段,無號誌,車與車,未注意車前狀態
11005ACB91B1661,20210519,120.256218,22.999549,交通事故,其他,臺南市永康區段號大灣路811號前,1,晴,50,單路部分,路段,無號誌,車與車,其他引起事故之違規或不當行為
11005ACB91B1663,20210519,120.239617,23.017992,交通事故,一般地址,臺南市永康區中山南路段492號0,1,晴,50,交岔路,交叉路口,行車管制號誌,車與車,其他引起事故之故障
11005ACB91B1664,20210519,120.24743,22.998675,交通事故,一般地址,臺南市永康區復興路段80之1號,1,晴,50,單路部分,路段,無號誌,車與車,未保持行車安全間隔
11005ACB91B1680,20210520,120.259821,23.044102,交通事故,其他,臺南市永康區段號中正北路566號旁,1,晴,50,單路部分,路段,無號誌,車與車,變換車道或方向不當
11005ACB91B1684,20210509,120.259525,23.021575,交通事故,其他,臺南市永康區段號永平街探索教育公園旁,1,晴,30,單路部分,路段,無號誌,車與車,未注意車前狀態
11005ACB91B1692,20210519,120.218166,23.023661,交通事故,交叉路口,臺南市永康區中正南路段號中華路,1,晴,50,交岔路,交叉路口,行車管制號誌,車與車,變換車道或方向不當
11005ACB91B1705,20210520,120.262098,23.04536,交通事故,交叉路口,臺南市永康區龍橋街段號烏竹街,2,晴,50,交岔路,交叉路口,無號誌,車與車,未注意車前狀態
11005ACB91B1706,20210520,120.237755,23.004411,交通事故,交叉路口,臺南市永康區中華一路段號中華一路58,1,晴,50,交岔路,交叉路口,行車管制號誌,車與車,違反號誌管制或指揮
11005ACB91B1722,20210520,120.232373,23.012509,交通事故,一般地址,臺南市永康區五福街段21號,1,晴,30,單路部分,路段,無號誌,車與車,未依規定讓車
11005ACB91B1727,20210520,120.246341,23.009666,交通事故,交叉路口,臺南市永康區復國一路段號復華三街,1,晴,50,交岔路,交叉路口,行車管制號誌,車與車,未注意車前狀態
11005ACB91B1731,20210519,120.227874,23.027077,交通事故,一般地址,臺南市永康區?信街段58號,1,晴,50,單路部分,路段,無號誌,車與車,開啟車門不當而肇事
11005ACB91B1732,20210520,120.260465,23.011967,交通事故,交叉路口,臺南市永康區國光八街段90號永華路362,2,晴,30,交岔路,交叉路口,無號誌,車與車,未依規定讓車
11005ACB91B1739,20210518,120.265876,23.038261,交通事故,一般地址,臺南市永康區自強路段88822號,1,晴,30,單路部分,路段,無號誌,汽(機)車本身,未注意車前狀態
11005ACB91B1742,20210501,120.234965,23.039511,交通事故,交叉路口,臺南市永康區鹽忠街段號中正南路,3,晴,50,交岔路,交叉路口,無號誌,車與車,未依規定讓車
11005ACB91B1743,20210520,120.256605,23.031817,交通事故,交叉路口,臺南市永康區自強路段號埔東街,1,晴,50,交岔路,交叉路口,行車管制號誌,車與車,違反號誌管制或指揮
11005ACB91B1744,20210509,120.241227,23.019015,交通事故,交叉路口,臺南市永康區中山南路段195號中山南路,3,晴,50,交岔路,交叉路口,行車管制號誌,車與車,違反號誌管制或指揮
11005ACB91B1750,20210517,120.254656,23.035396,交通事故,一般地址,臺南市永康區中山路段398號,2,晴,50,單路部分,路段,無號誌,人與汽(機)車,未注意車前狀態
11005ACB91B1771,20210518,120.232525,23.006455,交通事故,交叉路口,臺南市永康區勝華街段號勝利街1978,1,晴,50,交岔路,交叉路口,無號誌,車與車,未依規定讓車
11005ACB91B1779,20210501,120.264362,23.055156,交通事故,一般地址,臺南市永康區和平東路段160號,1,晴,50,單路部分,路段,無號誌,車與車,起步未注意其他車(人)安全
11005ACB91B1780,20210501,120.229631,23.015144,交通事故,一般地址,臺南市永康區中華路段645號,1,晴,50,單路部分,路段,無號誌,汽(機)車本身,其他引起事故之違規或不當行為
11005ACB91B1781,20210502,120.244576,23.020253,交通事故,交叉路口,臺南市永康區中山南路段號永二街,2,晴,50,交岔路,路段,無號誌,車與車,違反特定標誌(線)禁制
11005ACB91B1782,20210503,120.249705,22.998664,交通事故,交叉路口,臺南市永康區復興路段號復興路26,1,晴,50,交岔路,交叉路口,行車管制號誌,汽(機)車本身,不明原因肇事
11005ACB91B1783,20210519,120.24836,23.012295,交通事故,交叉路口,臺南市永康區復國二路段號復華六街,2,晴,30,交岔路,交叉路口,無號誌,車與車,未依規定讓車
11005ACB91B1784,20210503,120.239092,23.044212,交通事故,交叉路口,臺南市永康區仁愛街段號三村二街,1,晴,50,交岔路,交叉路口,行車管制號誌,車與車,違反特定標誌(線)禁制
11005ACB91B1785,20210506,120.220083,23.025368,交通事故,交叉路口,臺南市永康區中正南路段號中正南路235,1,晴,50,交岔路,交叉路口,行車管制號誌,車與車,違反號誌管制或指揮
11005ACB91B1786,20210519,120.247927,23.041863,交通事故,其他,臺南市永康區段號中正北路與中正北路318巷,1,晴,50,交岔路,交叉路口,行車管制號誌,車與車,左轉彎未依規定
11005ACB91B1788,20210507,120.227695,23.017546,交通事故,一般地址,臺南市永康區中華路段786號,1,晴,50,單路部分,路段,無號誌,車與車,未保持行車安全距離
11005ACB91B1790,20210508,120.243904,22.998522,交通事故,一般地址,臺南市永康區復興路段235號,2,晴,50,單路部分,路段,無號誌,車與車,違反特定標誌(線)禁制
11005ACB91B1791,20210509,120.23574,23.032466,交通事故,交叉路口,臺南市永康區?平街段號?平街86,1,晴,50,交岔路,交叉路口,無號誌,車與車,未保持行車安全距離
11005ACB91B1792,20210519,120.2343,23.004337,交通事故,交叉路口,臺南市永康區中華一路段號中華一路58,1,晴,50,交岔路,交叉路口,行車管制號誌,車與車,未保持行車安全距離
11005ACB91B1793,20210509,120.234864,23.006841,交通事故,一般地址,臺南市永康區中華路段281號,3,晴,50,單路部分,路段,無號誌,車與車,未保持行車安全距離
11005ACB91B1794,20210510,120.235364,23.003598,交通事故,交叉路口,臺南市永康區中華路段號中華路154,1,晴,50,交岔路,交叉路口,行車管制號誌,車與車,違反號誌管制或指揮
11005ACB91B1795,20210519,120.241891,23.037083,交通事故,交叉路口,臺南市永康區中正路段號新中街,1,晴,50,單路部分,路段,無號誌,車與車,未依規定讓車
11005ACB91B1796,20210512,120.234829,22.998461,交通事故,交叉路口,臺南市永康區小東路段號中華路,1,晴,50,交岔路,交叉路口,行車管制號誌,車與車,未注意車前狀態
11005ACB91B1797,20210512,120.240182,23.03314,交通事故,交叉路口,臺南市永康區正南五街段號中正二街,1,晴,50,交岔路,交叉路口,行車管制號誌,車與車,未依規定讓車
11005ACB91B1798,20210513,120.246218,23.016024,交通事故,交叉路口,臺南市永康區復華八街段號復華八街39,2,晴,30,交岔路,交叉路口,無號誌,車與車,未依規定讓車
11005ACB91B1800,20210513,120.23899,23.04401,交通事故,一般地址,臺南市永康區仁愛街段71之2號,1,晴,50,單路部分,路段,無號誌,車與車,起步未注意其他車(人)安全
11005ACB91B1801,20210514,120.232989,22.998674,交通事故,交叉路口,臺南市永康區小東路段號小東路423,1,晴,50,交岔路,交叉路口,無號誌,車與車,未依規定讓車
11005ACB91B1803,20210515,120.256605,23.031817,交通事故,交叉路口,臺南市永康區自強路段號埔東街,2,晴,50,交岔路,交叉路口,行車管制號誌,車與車,未注意車前狀態
11005ACB91B1808,20210520,120.229226,23.01321,交通事故,交叉路口,臺南市永康區安康里中山南路段119號中山南路123,2,晴,30,交岔路,交叉路口,閃光號誌,車與車,未依規定讓車
11005ACB91B1821,20210521,120.234074,23.014471,交通事故,一般地址,臺南市永康區中山南路段193號,1,晴,50,單路部分,其他,行車管制號誌,車與車,違反號誌管制或指揮
11005ACB91B1827,20210503,120.224226,23.01988,交通事故,其他,臺南市永康區段號中華路永康陸橋上,1,晴,50,單路部分,路段,無號誌,車與車,不明原因肇事
11005ACB91B1831,20210521,120.248737,23.031609,交通事故,一般地址,臺南市永康區中正路段229號,1,晴,50,單路部分,路段,無號誌,車與車,未保持行車安全距離
11005ACB91B1838,20210519,120.222093,23.027036,交通事故,交叉路口,臺南市永康區中正南路段號中正南路242,1,晴,50,交岔路,交叉路口,行車管制號誌,汽(機)車本身,其他引起事故之違規或不當行為
11005ACB91B1840,20210517,120.266763,23.007816,交通事故,其他,臺南市永康區段號民族路與大民街,2,晴,50,交岔路,交叉路口,行車管制號誌,車與車,倒車未依規定
11005ACB91B1842,20210520,120.247278,23.004034,交通事故,交叉路口,臺南市永康區復國二路段號復國一路90,1,晴,50,交岔路,交叉路口,無號誌,車與車,未依規定讓車
11005ACB91B1845,20210516,120.266498,23.036691,交通事故,其他,臺南市永康區段號龍安街358巷28號前,1,晴,30,單路部分,路段,無號誌,車與車,其他引起事故之違規或不當行為
11005ACB91B1849,20210517,120.263925,23.018808,交通事故,其他,臺南市永康區段號大同街669號前,1,晴,50,單路部分,路段,無號誌,車與車,未依規定讓車
11005ACB91B1853,20210516,120.274031,23.030044,交通事故,其他,臺南市永康區段號中山北路與王行路,2,晴,50,單路部分,路段,行車管制號誌,車與車,變換車道或方向不當
11005ACB91B1911,20210519,120.237477,23.037113,交通事故,其他,臺南市永康區段號鹽行里中正六街75號前,2,晴,50,單路部分,路段,無號誌,車與車,未依規定讓車
11005ACB91B1913,20210514,120.276837,23.030812,交通事故,其他,臺南市永康區段號王行里中山北路733號前,1,晴,50,單路部分,路段,無號誌,車與車,起步未注意其他車(人)安全
11005ACB91B1914,20210521,120.2356,23.015349,交通事故,交叉路口,臺南市永康區中山南路段號中山東路,1,晴,50,交岔路,交叉路口,行車管制號誌,車與車,未保持行車安全距離
11005ACB91B1918,20210507,120.24567,23.010414,交通事故,其他,臺南市永康區段號復華三街76巷與復國一路315巷,1,晴,30,交岔路,交叉路口,閃光號誌,車與車,未依規定讓車
11005ACB91B1921,20210509,120.223534,23.020276,交通事故,其他,臺南市永康區段號中華路永康陸橋南往北下橋處往南24.9公尺,2,晴,50,單路部分,路段,無號誌,車與車,未保持行車安全間隔
11005ACB91B1922,20210506,120.253094,22.997759,交通事故,其他,臺南市永康區段號大灣路與崑大路口,2,晴,50,交岔路,交叉路口,行車管制號誌,車與車,違反號誌管制或指揮
11005ACB91B1925,20210509,120.251363,23.035578,交通事故,一般地址,臺南市永康區四維街段175號,2,晴,50,單路部分,路段,無號誌,車與車,未注意車前狀態
11005ACB91B1930,20210509,120.242261,23.041553,交通事故,交叉路口,臺南市永康區中正北路段號新行街,1,晴,50,交岔路,交叉路口,行車管制號誌,車與車,未依規定讓車
11005ACB91B1934,20210505,120.247927,23.041863,交通事故,其他,臺南市永康區段號中正北路318巷與中正北路口,1,晴,50,交岔路,交叉路口,行車管制號誌,車與車,未依規定讓車
11005ACB91B1939,20210512,120.24582,23.033599,交通事故,其他,臺南市永康區段號中正陸橋機車專用道東往西71.6公尺,1,晴,40,單路部分,路段,無號誌,汽(機)車本身,未注意車前狀態
11005ACB91B1942,20210512,120.239571,23.017969,交通事故,一般地址,臺南市永康區中山南路段500號,3,晴,50,單路部分,路段,無號誌,車與車,起步未注意其他車(人)安全
11005ACB91B1943,20210513,120.262788,23.02118,交通事故,交叉路口,臺南市永康區中正南路段號正南二街,1,晴,50,交岔路,交叉路口,行車管制號誌,車與車,未注意車前狀態
11005ACB91B1958,20210522,120.245454,23.006589,交通事故,一般地址,臺南市永康區復國一路段173341號0,1,晴,30,交岔路,交叉路口,無號誌,車與車,未依規定讓車
11005ACB91B1969,20210518,120.262216,23.044622,交通事故,其他,臺南市永康區段號烏竹北街與龍橋街,1,晴,50,交岔路,交叉路口,閃光號誌,車與車,右轉彎未依規定
11005ACB91B1971,20210511,120.235752,23.040426,交通事故,其他,臺南市永康區段號中正南路783號,1,晴,50,交岔路,交叉路口,無號誌,車與車,未依規定讓車
11005ACB91B1972,20210517,120.251187,23.016433,交通事故,一般地址,臺南市永康區永二街段244號,1,晴,50,交岔路,交叉路口,閃光號誌,車與車,右轉彎未依規定
11005ACB91B1974,20210522,120.246776,22.998672,交通事故,交叉路口,臺南市永康區復興路段號復國路,2,晴,50,交岔路,交叉路口,行車管制號誌,車與車,違反號誌管制或指揮
11005ACB91B1976,20210522,120.232115,23.012391,交通事故,一般地址,臺南市永康區五福街段11號,1,晴,50,交岔路,交叉路口,無號誌,車與車,未依規定讓車
11005ACB91B1978,20210522,120.26819,23.007103,交通事故,一般地址,臺南市永康區民族路段296號,2,晴,50,單路部分,路段,無號誌,車與車,橫越道路不慎
11005ACB91B1991,20210521,120.237037,23.01133,交通事故,其他,臺南市永康區段號中山東路與中山東路218巷口,2,晴,50,交岔路,交叉路口,行車管制號誌,車與車,左轉彎未依規定
11005ACB91B1994,20210521,120.264338,23.048001,交通事故,交叉路口,臺南市永康區中正北路段號中正北路317,1,晴,50,交岔路,交叉路口,行車管制號誌,車與車,未注意車前狀態
11005ACB91B1995,20210521,120.255209,23.03079,交通事故,其他,臺南市永康區段號自強路391號前,1,晴,50,單路部分,路段,無號誌,車與車,起步未注意其他車(人)安全
11005ACB91B2011,20210521,120.258439,23.028167,交通事故,其他,臺南市永康區段號埔聖街與永埔街,1,晴,50,交岔路,交叉路口,行車管制號誌,車與車,違反號誌管制或指揮
11005ACB91B2023,20210515,120.262538,23.021829,交通事故,其他,臺南市永康區段號永平街609號前,1,晴,50,單路部分,路段,無號誌,車與車,未注意車前狀態
11005ACB91B2026,20210516,120.239252,23.017683,交通事故,其他,臺南市永康區段號中山南路347巷口,1,晴,50,交岔路,交叉路口,行車管制號誌,車與車,違反號誌管制或指揮
11005ACB91B2038,20210521,120.255448,23.041921,交通事故,其他,臺南市永康區段號中正北路與蔦松二街口,1,晴,50,交岔路,交叉路口,行車管制號誌,車與車,未注意車前狀態
11005ACB91B2048,20210521,120.246105,23.001868,交通事故,其他,臺南市永康區段號復國一路與興國街口,1,晴,50,單路部分,路段,無號誌,汽(機)車本身,未注意車前狀態
11005ACB91B2061,20210513,120.259963,23.032776,交通事故,其他,臺南市永康區段號龍國街77號,1,晴,50,交岔路,交叉路口,行車管制號誌,車與車,未依規定讓車
11005ACB91B2063,20210505,120.249036,23.020494,交通事故,一般地址,臺南市永康區二王路段55號,1,晴,50,單路部分,路段,無號誌,汽(機)車本身,動物竄出
11005ACB91B2066,20210523,120.237779,23.008493,交通事故,交叉路口,臺南市永康區中華二路段號中山東路,2,晴,50,交岔路,交叉路口,行車管制號誌,車與車,未保持行車安全距離
11005ACB91B2068,20210505,120.236273,23.010428,交通事故,一般地址,臺南市永康區中山東路段2182336號,1,晴,50,交岔路,路段,無號誌,車與車,倒車未依規定
11005ACB91B2072,20210523,120.240292,23.018244,交通事故,其他,臺南市永康區段號中山南路524號對面,1,晴,50,單路部分,路段,無號誌,車與車,未保持行車安全間隔
11005ACB91B2080,20210523,120.235089,23.006382,交通事故,其他,臺南市永康區段號中華路與勝華街,1,晴,50,單路部分,路段,行車管制號誌(附設行人專用號誌),車與車,未注意車前狀態
11005ACB91B2090,20210523,120.2343,23.004337,交通事故,交叉路口,臺南市永康區中華一路段號中華一路1,1,晴,50,交岔路,交叉路口,閃光號誌,車與車,未依規定讓車
11005ACB91B2098,20210514,120.254859,22.999448,交通事故,交叉路口,臺南市永康區大灣路段號大灣路942,1,晴,50,交岔路,交叉路口,無號誌,車與車,未依規定讓車
11005ACB91B2114,20210524,120.272694,23.052712,交通事故,交叉路口,臺南市永康區王行路段號王行東路,1,晴,50,交岔路,交叉路口,行車管制號誌,車與車,其他引起事故之違規或不當行為
11005ACB91B2128,20210524,120.23282,23.040221,交通事故,交叉路口,臺南市永康區國聖街段號中正南路697,1,晴,50,交岔路,交叉路口,無號誌,車與車,未依規定讓車
11005ACB91B2131,20210524,120.267349,23.00998,交通事故,一般地址,臺南市永康區大同街段135號,1,晴,50,單路部分,路段,無號誌,車與車,未保持行車安全距離
11005ACB91B2135,20210519,120.235002,23.039745,交通事故,一般地址,臺南市永康區中正南路段731號,2,晴,50,單路部分,路段,無號誌,車與車,未保持行車安全距離
11005ACB91B2137,20210524,120.267533,23.007481,交通事故,其他,臺南市永康區段號民族路328號前,1,晴,50,交岔路,交叉路口,行車管制號誌,車與車,未注意車前狀態
11005ACB91B2139,20210522,120.246345,23.009657,交通事故,其他,臺南市永康區段號復國一路與復華三街,1,晴,50,交岔路,交叉路口,行車管制號誌,車與車,未依規定讓車
11005ACB91B2146,20210519,120.214195,23.022798,交通事故,其他,臺南市永康區段號中華路1017號,3,晴,50,單路部分,路段,無號誌,車與車,不明原因肇事
11005ACB91B2150,20210511,120.226274,23.015078,交通事故,交叉路口,臺南市永康區中華西街段號中華西街269,1,晴,50,交岔路,路段,無號誌,車與車,起步未注意其他車(人)安全
11005ACB91B2151,20210519,120.238555,22.99946,交通事故,交叉路口,臺南市永康區忠勇街段32號小東路647,2,晴,50,交岔路,交叉路口,無號誌,車與車,未依規定讓車
11005ACB91B2155,20210519,120.237525,23.041128,交通事故,交叉路口,臺南市永康區中正路段號中正南路,1,晴,50,單路部分,路段,無號誌,車與車,未保持行車安全間隔
11005ACB91B2158,20210521,120.257956,23.042834,交通事故,其他,臺南市永康區段號永大陸橋新市往永康永大路方向,2,晴,40,單路部分,路段,無號誌,車與車,未保持行車安全距離
11005ACB91B2160,20210519,120.273108,23.02967,交通事故,一般地址,臺南市永康區中山北路段492號,3,晴,60,單路部分,路段,無號誌,車與車,起步未注意其他車(人)安全
11005ACB91B2183,20210524,120.281811,23.032128,交通事故,一般地址,臺南市永康區中山北路段818號,1,晴,60,交岔路,交叉路口,行車管制號誌,車與車,不明原因肇事
11005ACB91B2188,20210506,120.229493,23.012984,交通事故,一般地址,臺南市永康區中山南路段106-9號,1,晴,50,單路部分,路段,無號誌,車與車,尚未發現肇事因素
11005ACB91B2196,20210512,120.216256,23.022086,交通事故,交叉路口,臺南市永康區中正南路段號中央路,1,晴,50,交岔路,交叉路口,行車管制號誌,車與車,變換車道或方向不當
11005ACB91B2198,20210513,120.246345,23.009657,交通事故,交叉路口,臺南市永康區復國一路段號復華三街,3,晴,50,交岔路,交叉路口,行車管制號誌,車與車,未依規定讓車
11005ACB91B2200,20210503,120.2643,23.034052,交通事故,交叉路口,臺南市永康區龍埔街段號龍安街,2,晴,50,交岔路,交叉路口,行車管制號誌,車與車,違反號誌管制或指揮
11005ACB91B2213,20210525,120.263556,23.03708,交通事故,一般地址,臺南市永康區自強路段784號0,1,晴,50,單路部分,路段,無號誌,車與車,未保持行車安全間隔
11005ACB91B2220,20210525,120.261103,23.025234,交通事故,一般地址,臺南市永康區永大路2段1530號,1,晴,50,單路部分,路段,無號誌,車與車,未注意車前狀態
11005ACB91B2221,20210525,120.264281,23.022743,交通事故,一般地址,臺南市永康區國民路段2313號,1,晴,30,單路部分,路段,無號誌,車與車,倒車未依規定
11005ACB91B2228,20210521,120.245205,23.025353,交通事故,一般地址,臺南市永康區中山南路段36512號,1,晴,30,單路部分,路段,無號誌,車與車,未靠右行駛
11005ACB91B2238,20210525,120.25199,23.028563,交通事故,一般地址,臺南市永康區自強路段283-1號,1,晴,50,單路部分,路段,無號誌,汽(機)車本身,疲勞(患病)駕駛失控
11005ACB91B2242,20210525,120.249619,23.041756,交通事故,一般地址,臺南市永康區中正北路段326號,1,晴,50,單路部分,路段,無號誌,車與車,變換車道或方向不當
11005ACB91B2247,20210525,120.266,23.004132,交通事故,一般地址,臺南市永康區大灣路段437號0,2,晴,50,單路部分,路段,無號誌,車與車,變換車道或方向不當
11005ACB91B2249,20210525,120.253282,23.029548,交通事故,其他,臺南市永康區段號自強路與中山路,2,晴,50,交岔路,交叉路口,行車管制號誌,車與車,左轉彎未依規定
11005ACB91B2263,20210504,120.243281,22.998775,交通事故,一般地址,臺南市永康區復興路段256號,1,晴,50,交岔路,路段,無號誌,人與汽(機)車,停車操作時，未注意其他車(人)安全
11005ACB91B2266,20210525,120.264453,23.048082,交通事故,一般地址,臺南市永康區中正北路段829號,1,晴,70,交岔路,交叉路口,行車管制號誌,汽(機)車本身,不明原因肇事
11005ACB91B2275,20210525,120.2689,23.014132,交通事故,其他,臺南市永康區段號北興路與大灣七街,2,晴,50,交岔路,交叉路口,閃光號誌,車與車,未依規定讓車
11005ACB91B2282,20210526,120.256852,23.002499,交通事故,一般地址,臺南市永康區大仁街段91號0,3,晴,50,交岔路,交叉路口,閃光號誌,車與車,未依規定讓車
11005ACB91B2283,20210526,120.236617,23.012801,交通事故,交叉路口,臺南市永康區中山東路段號振興路,2,晴,50,交岔路,交叉路口,行車管制號誌(附設行人專用號誌),車與車,違反號誌管制或指揮
11005ACB91B2287,20210526,120.243467,23.017679,交通事故,其他,臺南市永康區段號忠孝路380巷與忠孝路380巷20弄,2,晴,30,交岔路,交叉路口,閃光號誌,車與車,未依規定讓車
11005ACB91B2302,20210525,120.265448,23.02894,交通事故,一般地址,臺南市永康區中山北路段270號,2,晴,60,單路部分,路段,無號誌,車與車,未依規定讓車
11005ACB91B2303,20210517,120.271515,23.003218,交通事故,交叉路口,臺南市永康區民族路段145號民族路,1,晴,30,交岔路,交叉路口,無號誌,車與車,未依規定讓車
11005ACB91B2305,20210517,120.254253,22.999408,交通事故,一般地址,臺南市永康區大灣路段968號,3,晴,50,單路部分,路段,無號誌,車與車,起步未注意其他車(人)安全
11005ACB91B2308,20210517,120.274978,23.023086,交通事故,一般地址,臺南市永康區富強路2段94號,1,晴,50,單路部分,路段,無號誌,車與車,橫越道路不慎
11005ACB91B2310,20210522,120.250465,23.02251,交通事故,交叉路口,臺南市永康區中山南路段號永興路,1,晴,50,單路部分,路段,行車管制號誌,車與車,未注意車前狀態
11005ACB91B2311,20210525,120.241481,23.049211,交通事故,其他,臺南市永康區段號永安路與仁愛街口,1,晴,30,交岔路,交叉路口,行車管制號誌,車與車,不明原因肇事
11005ACB91B2326,20210524,120.216275,23.021847,交通事故,其他,臺南市永康區段號中正南路120號,2,晴,50,交岔路,交叉路口,行車管制號誌,車與車,未保持行車安全距離
11005ACB91B2330,20210519,120.247098,23.021076,交通事故,交叉路口,臺南市永康區二王里中山南路段號中山南路814,2,晴,50,交岔路,交叉路口,無號誌,車與車,未依規定讓車
11005ACB91B2342,20210517,120.264618,23.006152,交通事故,其他,臺南市永康區段號王行路與無名巷口,1,晴,50,交岔路,交叉路口,無號誌,車與車,未依規定讓車
11005ACB91B2358,20210525,120.228531,23.033435,交通事故,其他,臺南市永康區段號中正南路與正南二街口,1,晴,50,交岔路,交叉路口,行車管制號誌,車與車,未注意車前狀態
11005ACB91B2370,20210519,120.25944,23.034651,交通事故,交叉路口,臺南市永康區龍埔街段號龍埔街430,2,晴,50,交岔路,交叉路口,閃光號誌,車與車,未依規定讓車
11005ACB91B2373,20210526,120.273131,23.029826,交通事故,交叉路口,臺南市永康區中山北路段號中山北路499,2,晴,50,交岔路,交叉路口,無號誌,車與車,未依規定讓車
11005ACB91B2375,20210526,120.234812,23.007731,交通事故,一般地址,臺南市永康區中華路段302號,1,晴,50,交岔路,交叉路口,行車管制號誌,汽(機)車本身,不明原因肇事
11005ACB91B2378,20210526,120.231144,23.008837,交通事故,一般地址,臺南市永康區中華二路段34016號,1,晴,30,單路部分,路段,無號誌,車與車,起步未注意其他車(人)安全
11005ACB91B2380,20210526,120.251566,23.035361,交通事故,其他,臺南市永康區段號四維街與龍埔街口,2,晴,50,交岔路,交叉路口,行車管制號誌(附設行人專用號誌),車與車,左轉彎未依規定
11005ACB91B2382,20210527,120.23102,23.010968,交通事故,交叉路口,臺南市永康區六合路段號六合路48,1,晴,50,交岔路,交叉路口,無號誌,車與車,右轉彎未依規定
11005ACB91B2385,20210526,120.266331,23.001056,交通事故,一般地址,臺南市永康區大灣一街段169號,1,晴,50,交岔路,交叉路口,行車管制號誌,車與車,倒車未依規定
11005ACB91B2394,20210527,120.22657,23.038127,交通事故,交叉路口,臺南市永康區防汛道路段號洲工街,1,晴,30,交岔路,交叉路口,行車管制號誌,車與車,違反號誌管制或指揮
11005ACB91B2396,20210527,120.235482,23.043796,交通事故,交叉路口,臺南市永康區?洲里鹽洲二街段號鹽洲二街133,1,晴,50,交岔路,交叉路口,無號誌,車與車,未注意車前狀態
11005ACB91B2405,20210526,120.238426,23.017156,交通事故,其他,臺南市永康區段號中山南路335號前,2,晴,50,單路部分,路段,無號誌,車與車,橫越道路不慎
11005ACB91B2410,20210526,120.251259,23.036282,交通事故,其他,臺南市永康區段號四維街與八德街,1,晴,50,交岔路,交叉路口,行車管制號誌,車與車,未保持行車安全距離
11005ACB91B2412,20210515,120.247493,23.041848,交通事故,其他,臺南市永康區段號中正北路317號,1,晴,50,交岔路,交叉路口,行車管制號誌,車與車,未依規定讓車
11005ACB91B2414,20210527,120.247729,23.009622,交通事故,交叉路口,臺南市永康區復華三街段號復國二路,1,晴,50,交岔路,交叉路口,行車管制號誌,車與車,未依規定讓車
11005ACB91B2420,20210527,120.218732,23.01979,交通事故,一般地址,臺南市永康區甲頂路段號,1,晴,50,交岔路,交叉路口,行車管制號誌,車與車,未依規定讓車
11005ACB91B2430,20210527,120.261248,23.027589,交通事故,交叉路口,臺南市永康區中山北路段號龍中街,1,晴,50,交岔路,交叉路口,行車管制號誌,車與車,其他引起事故之違規或不當行為
11005ACB91B2450,20210527,120.238616,23.04309,交通事故,交叉路口,臺南市永康區三村一街段號仁愛街,1,晴,50,交岔路,交叉路口,閃光號誌,車與車,未依規定讓車
11005ACB91B2458,20210519,120.234773,23.012144,交通事故,其他,臺南市永康區段號振興路86號前,2,晴,50,交岔路,交叉路口,閃光號誌,車與車,未依規定讓車