案件編號,發生日期,GPS經度,GPS緯度,案件類別名稱,地址類型名稱,發生縣市名稱,受傷人數,天候名稱, 速限-第1當事者,道路型態大類別名稱,事故位置大類別名稱,號誌-號誌種類名稱,事故類型及型態大類別名稱,肇因研判子類別名稱-主要
11005ACB91B2482,20210528,120.211038,23.022644,交通事故,一般地址,臺南市永康區中華路段1069號0,1,晴,40,單路部分,路段,無號誌,汽(機)車本身,車輛零件脫落
11005ACB91B2487,20210528,120.223088,23.020605,交通事故,交叉路口,臺南市永康區中華路段號大武街,1,晴,50,交岔路,交叉路口,行車管制號誌,車與車,違反特定標誌(線)禁制
11005ACB91B2499,20210528,120.260796,23.004201,交通事故,交叉路口,臺南市永康區永大路2段號永大路2103,2,晴,50,交岔路,交叉路口,行車管制號誌,車與車,違反號誌管制或指揮
11005ACB91B2509,20210528,120.229651,23.009294,交通事故,其他,臺南市永康區段號六合里活動中心河堤道路,1,晴,30,單路部分,路段,無號誌,汽(機)車本身,煞車失靈
11005ACB91B2510,20210522,120.222243,23.020982,交通事故,其他,臺南市永康區段號中華路奇美醫院前,1,晴,50,交岔路,交叉路口,行車管制號誌,車與車,未注意車前狀態
11005ACB91B2518,20210528,120.235594,23.015338,交通事故,交叉路口,臺南市永康區中山南路段號中山東路,4,晴,50,交岔路,交叉路口,行車管制號誌,車與車,違反號誌管制或指揮
11005ACB91B2527,20210527,120.247909,23.04169,交通事故,其他,臺南市永康區段號中正北路318巷,1,晴,50,交岔路,交叉路口,行車管制號誌,車與車,未保持行車安全距離
11005ACB91B2528,20210517,120.264475,23.012286,交通事故,其他,臺南市永康區段號大安街與文賢街口,1,晴,50,交岔路,交叉路口,行車管制號誌,汽(機)車本身,其他引起事故之違規或不當行為
11005ACB91B2529,20210517,120.255547,23.023742,交通事故,其他,臺南市永康區段號永平街59號前,2,晴,0,單路部分,路段,無號誌,人與汽(機)車,在道路上嬉戲或奔走不定
11005ACB91B2530,20210523,120.259735,23.005596,交通事故,其他,臺南市永康區段號崑山街與國光五街口,2,晴,50,交岔路,交叉路口,閃光號誌,車與車,未依規定讓車
11005ACB91B2532,20210526,120.25948,23.007449,交通事故,其他,臺南市永康區段號永華路、國光六街口,1,晴,50,單路部分,路段,無號誌,車與車,違反特定標誌(線)禁制
11005ACB91B2536,20210526,120.261687,23.000696,交通事故,其他,臺南市永康區段號大灣路與南興路口,2,晴,50,交岔路,交叉路口,行車管制號誌,車與車,未保持行車安全距離
11005ACB91B2537,20210527,120.216119,23.023394,交通事故,其他,臺南市永康區段號中華路與中央路口,2,晴,50,交岔路,交叉路口,行車管制號誌,車與車,未依規定讓車
11005ACB91B2541,20210528,120.256396,23.044327,交通事故,其他,臺南市永康區段號蔦松二街與蔦松二街124巷,1,晴,50,交岔路,交叉路口,無號誌,車與車,右轉彎未依規定
11005ACB91B2544,20210528,120.232805,23.010005,交通事故,一般地址,臺南市永康區中華路段425號,1,晴,50,單路部分,路段,行車管制號誌,車與車,變換車道或方向不當
11005ACB91B2546,20210528,120.264815,23.001541,交通事故,一般地址,臺南市永康區大灣一街段139號,1,晴,50,單路部分,路段,無號誌,車與車,起步未注意其他車(人)安全
11005ACB91B2551,20210529,120.256464,23.024632,交通事故,一般地址,臺南市永康區永康街段68號,1,晴,50,單路部分,路段,無號誌,車與車,迴轉未依規定
11005ACB91B2555,20210528,120.246502,23.041684,交通事故,交叉路口,臺南市永康區中正北路段號竹林街,1,晴,50,交岔路,交叉路口,行車管制號誌,車與車,未依規定讓車
11005ACB91B2560,20210527,120.266819,23.005676,交通事故,其他,臺南市永康區段號大灣路368號前,2,晴,50,單路部分,路段,行車管制號誌(附設行人專用號誌),車與車,停車操作時，未注意其他車(人)安全
11005ACB91B2563,20210518,120.231028,23.031016,交通事故,其他,臺南市永康區段號鹽和街與鹽信街口,2,晴,50,交岔路,交叉路口,無號誌,車與車,未依規定讓車
11005ACB91B2573,20210528,120.24727,23.002725,交通事故,其他,臺南市永康區段號復國二路於復國一路28巷39號旁,2,晴,30,單路部分,路段,無號誌,車與車,未保持行車安全間隔
11005ACB91B2575,20210519,120.270275,23.021031,交通事故,其他,臺南市永康區段號西勢路456之6號,1,晴,50,交岔路,交叉路口,行車管制號誌,車與車,未依規定讓車
11005ACB91B2580,20210529,120.241591,22.99856,交通事故,一般地址,臺南市永康區復興路段327號,1,陰,50,單路部分,路段,無號誌,汽(機)車本身,未注意車前狀態
11005ACB91B2597,20210527,120.263636,23.034083,交通事故,交叉路口,臺南市永康區龍埔街段號自強路75068,2,晴,50,單路部分,路段,無號誌,車與車,未依規定讓車
11005ACB91B2614,20210521,120.228019,23.011436,交通事故,其他,臺南市永康區段號新興街與中山南路30巷,1,晴,30,交岔路,交叉路口,無號誌,車與車,其他引起事故之違規或不當行為
11005ACB91B2620,20210530,120.239912,23.008528,交通事故,其他,臺南市永康區段號中華二路與中興街口,1,晴,50,交岔路,交叉路口,閃光號誌,車與車,未依規定讓車
11005ACB91B2652,20210530,120.271805,23.007897,交通事故,交叉路口,臺南市永康區文賢街段號文賢街136,1,雨,50,交岔路,交叉路口,閃光號誌,汽(機)車本身,未注意車前狀態
11005ACB91B2670,20210530,120.229869,23.013223,交通事故,其他,臺南市永康區段號中山南路151號,1,雨,50,單路部分,路段,無號誌,汽(機)車本身,不明原因肇事
11005ACB91B2672,20210530,120.258797,22.999673,交通事故,其他,臺南市永康區段號永大路一段285-2號,2,晴,50,單路部分,路段,無號誌,汽(機)車本身,未注意車前狀態
11005ACB91B2673,20210512,120.265037,23.04832,交通事故,一般地址,臺南市永康區中正北路段738號0,1,晴,50,單路部分,路段,無號誌,車與車,未注意車前狀態
11005ACB91B2709,20210530,120.251193,23.016621,交通事故,其他,臺南市永康區段號永二街244巷1之1號前,1,雨,30,交岔路,路段,無號誌,汽(機)車本身,其他引起事故之違規或不當行為
11005ACB91B2711,20210530,120.236354,23.015849,交通事故,其他,臺南市永康區段號中山南路247號前,2,雨,50,交岔路,交叉路口,行車管制號誌,車與車,未注意車前狀態
11005ACB91B2713,20210528,120.22707,23.011985,交通事故,其他,臺南市永康區段號中山南路41號前,1,晴,50,交岔路,交叉路口,行車管制號誌,車與車,尚未發現肇事因素
11005ACB91B2715,20210528,120.235046,23.017056,交通事故,其他,臺南市永康區段號東橋一路與東橋二街口,2,晴,50,交岔路,交叉路口,行車管制號誌,車與車,未依規定讓車
11005ACB91B2716,20210529,120.230855,23.011687,交通事故,其他,臺南市永康區段號六合路84號前,1,雨,30,交岔路,交叉路口,行車管制號誌,車與車,未依規定讓車
11005ACB91B2719,20210530,120.255052,23.025115,交通事故,交叉路口,臺南市永康區中山南路段號永平街45,2,陰,30,交岔路,交叉路口,無號誌,車與車,尚未發現肇事因素
11005ACB91B2738,20210530,120.236581,23.022587,交通事故,交叉路口,臺南市永康區東橋七路段號東橋八街,1,雨,50,交岔路,交叉路口,行車管制號誌,汽(機)車本身,不明原因肇事
11005ACB91B2741,20210531,120.257199,23.026225,交通事故,其他,臺南市永康區段號中山路3號旁北往南路肩,1,暴雨,50,單路部分,路段,無號誌,車與車,未注意車前狀態
11005ACB91B2750,20210531,120.252619,23.016004,交通事故,一般地址,臺南市永康區永二街段231號,2,雨,30,交岔路,路段,無號誌,車與車,開啟車門不當而肇事
11005ACB91B2754,20210526,120.264794,23.017787,交通事故,其他,臺南市永康區段號大同街636巷62號,1,晴,30,單路部分,路段,無號誌,汽(機)車本身,未注意車前狀態
11005ACB91B2757,20210531,120.235037,23.012586,交通事故,其他,臺南市永康區段號五福街110巷80號,1,陰,30,單路部分,路段,無號誌,車與車,起步未注意其他車(人)安全
11005ACB91B2789,20210531,120.245283,23.014676,交通事故,交叉路口,臺南市永康區復國一路段號復華八街,2,晴,50,交岔路,交叉路口,無號誌,車與車,未依規定讓車
11005ACB91B2790,20210531,120.275215,23.02106,交通事故,交叉路口,臺南市永康區富強路2段號西勢路,2,晴,50,交岔路,交叉路口,行車管制號誌,車與車,違反特定標誌(線)禁制
11005ACB91B2801,20210531,120.223076,23.020601,交通事故,交叉路口,臺南市永康區大武街段號中華路,2,晴,30,交岔路,交叉路口,行車管制號誌,車與車,違反號誌管制或指揮
11005ACB91B2803,20210531,120.244161,23.041735,交通事故,交叉路口,臺南市永康區中正北路段號新中街,1,晴,40,交岔路,交叉路口,行車管制號誌,汽(機)車本身,未注意車前狀態
11005ACB91B2804,20210531,120.229988,23.013136,交通事故,其他,臺南市永康區段號中山南路與中山南路118巷口,2,晴,50,交岔路,交叉路口,行車管制號誌,車與車,違反號誌管制或指揮
11005ACB91B2840,20210521,120.260268,23.004408,交通事故,交叉路口,臺南市永康區國光三街段10號崑山街200,1,晴,30,交岔路,交叉路口,無號誌,車與車,不明原因肇事
11005ACB91B2851,20210506,120.246225,23.035038,交通事故,一般地址,臺南市永康區中正一街段31號,1,晴,50,單路部分,路段,無號誌,車與車,未保持行車安全間隔
11005ACB91B2852,20210524,120.246348,23.000168,交通事故,交叉路口,臺南市永康區復國路段號復國路75,1,晴,40,交岔路,交叉路口,行車管制號誌,汽(機)車本身,未注意車前狀態
11005ACB91B2853,20210531,120.246669,23.009634,交通事故,一般地址,臺南市永康區復華三街段65號,3,晴,50,單路部分,路段,無號誌,車與車,起步未注意其他車(人)安全
11005ACB91B2854,20210526,120.262222,23.019062,交通事故,交叉路口,臺南市永康區永大路2段號永大二路,1,晴,50,交岔路,交叉路口,行車管制號誌,車與車,未依規定讓車
11005ACB91B2855,20210531,120.23488,23.000861,交通事故,交叉路口,臺南市永康區中華路段號華興街,1,雨,50,交岔路,交叉路口,行車管制號誌,汽(機)車本身,未注意車前狀態
11005ACB91B2856,20210525,120.218145,23.023611,交通事故,交叉路口,臺南市永康區中華路段號中正南路,1,晴,50,交岔路,交叉路口,行車管制號誌,車與車,未依規定讓車
11005ACB91B2860,20210529,120.246337,23.009616,交通事故,其他,臺南市永康區段號復國一路與復華三街口,2,晴,50,單路部分,路段,無號誌,車與車,未注意車前狀態
11005ACB91B2864,20210523,120.252294,23.029664,交通事故,一般地址,臺南市永康區中正路段127463號,1,晴,50,單路部分,路段,無號誌,車與車,倒車未依規定
11005ACB91B2866,20210528,120.278805,23.020731,交通事故,其他,臺南市永康區段號西勢路與廣盛街口,2,晴,50,交岔路,交叉路口,行車管制號誌,車與車,左轉彎未依規定
11005ACB91B2882,20210531,120.24376,23.020102,交通事故,其他,臺南市永康區段號中山南路與忠孝路口,1,雨,50,交岔路,交叉路口,行車管制號誌,車與車,未保持行車安全距離
11005ACB91B2890,20210501,120.235378,23.021887,交通事故,交叉路口,臺南市永康區東橋八街段號東橋五路,1,晴,50,交岔路,交叉路口,行車管制號誌,車與車,未依規定讓車
11005ACB91B2892,20210501,120.249078,23.006691,交通事故,交叉路口,臺南市永康區復興路段號高速二街,2,晴,50,交岔路,交叉路口,行車管制號誌,車與車,未依規定讓車
11005ACB91B2914,20210527,120.260675,23.027426,交通事故,交叉路口,臺南市永康區中山北路段號永大路2,2,晴,50,交岔路,交叉路口,行車管制號誌,車與車,左轉彎未依規定
11005ACB91B2916,20210530,120.23923,23.042856,交通事故,交叉路口,臺南市永康區三村一街段號中正北路19,1,雨,50,交岔路,交叉路口,無號誌,車與車,未依規定讓車
11005ACB91B2917,20210502,120.258844,23.003402,交通事故,交叉路口,臺南市永康區崑山街段號崑山街203,1,晴,40,交岔路,交叉路口,無號誌,車與車,未依規定讓車
11005ACB91B2918,20210507,120.235241,23.00427,交通事故,交叉路口,臺南市永康區中華一路段58號中華路212,1,晴,30,交岔路,交叉路口,無號誌,車與車,未依規定讓車
11005ACB91B2919,20210507,120.225281,23.030072,交通事故,交叉路口,臺南市永康區中正南路段號中正南路52,2,晴,50,交岔路,交叉路口,行車管制號誌,車與車,逆向行駛
11005ACB91B2921,20210531,120.258985,23.012987,交通事故,其他,臺南市永康區段號公園路與永華路,2,晴,50,單路部分,路段,行車管制號誌,汽(機)車本身,未注意車前狀態
11005ACB91B2930,20210531,120.259936,23.032608,交通事故,一般地址,臺南市永康區龍國街段77號0,1,晴,50,交岔路,交叉路口,行車管制號誌,汽(機)車本身,其他引起事故之違規或不當行為
11005ACB91B2933,20210525,120.262777,23.01382,交通事故,一般地址,臺南市永康區公園路段23號,2,晴,50,單路部分,路段,無號誌,車與車,變換車道或方向不當
11005ACB91B2934,20210510,120.259253,23.01886,交通事故,其他,臺南市永康區段號永大五路169號,1,晴,50,交岔路,交叉路口,行車管制號誌,車與車,未注意車前狀態
11005ACB91B2936,20210531,120.232611,23.010438,交通事故,一般地址,臺南市永康區中華路段439號,2,晴,50,單路部分,路段,無號誌,車與車,未注意車前狀態
11005ACB91B2940,20210510,120.246551,23.01229,交通事故,交叉路口,臺南市永康區復國一路段號復華六街,2,晴,50,交岔路,路段,行車管制號誌,車與車,左轉彎未依規定
11005ACB91B2947,20210521,120.252377,23.033228,交通事故,交叉路口,臺南市永康區四維街段號埔園街,1,晴,50,交岔路,交叉路口,行車管制號誌,車與車,未保持行車安全間隔
11005ACB91B2948,20210529,120.242556,23.037707,交通事故,其他,臺南市永康區段號新中街138號前,2,晴,50,單路部分,路段,無號誌,汽(機)車本身,未保持行車安全距離
11005ACB91B2952,20210526,120.241827,23.004351,交通事故,一般地址,臺南市永康區忠孝路段7622號,1,晴,30,交岔路,交叉路口,無號誌,車與車,未依規定讓車
11005ACB91B2958,20210529,120.25652,23.025459,交通事故,其他,臺南市永康區段號永康街11號,1,晴,50,單路部分,路段,無號誌,人與汽(機)車,不明原因肇事
11005ACB91B2964,20210528,120.275312,23.0188,交通事故,其他,臺南市永康區段號富強路一段278號,1,晴,50,交岔路,交叉路口,無號誌,車與車,未依規定讓車
11005ACB91B2985,20210525,120.260094,23.006411,交通事故,其他,臺南市永康區段號永華路32巷24號,1,晴,50,交岔路,交叉路口,無號誌,車與車,未保持行車安全距離
11005ACB91B2988,20210523,120.238938,23.039913,交通事故,其他,臺南市永康區段號中正路930號,1,晴,50,交岔路,交叉路口,無號誌,車與車,未依規定讓車
11005ACB91B2999,20210512,120.234169,23.039113,交通事故,交叉路口,臺南市永康區國聖街段號中正南路349,1,晴,50,交岔路,交叉路口,行車管制號誌,汽(機)車本身,未注意車前狀態
11005ACB91B3014,20210507,120.256221,23.023281,交通事故,交叉路口,臺南市永康區永二街段號永平街,2,晴,50,交岔路,交叉路口,行車管制號誌,車與車,未依規定讓車
11005ACB91B3015,20210509,120.249078,23.006691,交通事故,交叉路口,臺南市永康區自強路段號高速二街,2,晴,50,交岔路,交叉路口,行車管制號誌,車與車,未依規定讓車
11005ACB91B3019,20210512,120.256973,23.025737,交通事故,一般地址,臺南市永康區中山南路段1102號,1,晴,50,單路部分,路段,無號誌,車與車,橫越道路不慎
11005ACB91B3020,20210519,120.247729,23.009622,交通事故,交叉路口,臺南市永康區復國二路段號復國二路104,1,晴,30,交岔路,交叉路口,無號誌,車與車,未依規定讓車
11005ACB91B3022,20210519,120.255726,23.030939,交通事故,一般地址,臺南市永康區中山路段121-5號0,1,晴,50,單路部分,路段,無號誌,車與車,起步未注意其他車(人)安全
11005ACB91B3023,20210520,120.257991,23.000009,交通事故,交叉路口,臺南市永康區崑山街段號大灣路,2,晴,50,交岔路,交叉路口,行車管制號誌,車與車,違反號誌管制或指揮
11005ACB91B3024,20210524,120.233115,23.003071,交通事故,一般地址,臺南市永康區勝利街段104號,1,晴,40,單路部分,路段,無號誌,汽(機)車本身,未注意車前狀態
11005ACB91B3026,20210526,120.264501,23.00105,交通事故,一般地址,臺南市永康區大灣路段505號,1,晴,50,單路部分,路段,無號誌,汽(機)車本身,其他引起事故之違規或不當行為
11005ACB91B3027,20210529,120.245161,23.033694,交通事故,一般地址,臺南市永康區中正路段299號,1,雨,30,交岔路,交叉路口,行車管制號誌,車與車,未保持行車安全距離
11005ACB91B3028,20210530,120.267795,23.007301,交通事故,交叉路口,臺南市永康區大灣路段號民族路,1,陰,50,交岔路,交叉路口,行車管制號誌,車與車,違反號誌管制或指揮
11005ACB91B3029,20210531,120.262101,23.036018,交通事故,交叉路口,臺南市永康區龍中街段號自強路,1,晴,50,交岔路,交叉路口,行車管制號誌,車與車,未依規定讓車
11005ACB91B3045,20210518,120.267464,23.001216,交通事故,一般地址,臺南市永康區大灣一街段228號,1,晴,50,單路部分,路段,無號誌,車與車,未注意車前狀態
11005ACB91B3048,20210523,120.225049,23.013771,交通事故,其他,臺南市永康區段號中華西街85巷北園橋(永康段)前,1,晴,50,交岔路,交叉路口,閃光號誌,車與車,未依規定讓車
11005ACB91B3050,20210529,120.237688,23.004629,交通事故,一般地址,臺南市永康區中華一路段581號0,1,晴,50,單路部分,路段,無號誌,汽(機)車本身,其他引起事故之違規或不當行為
11005ACB91B3051,20210531,120.275215,23.02106,交通事故,交叉路口,臺南市永康區富強路1段號西勢路,1,晴,50,交岔路,交叉路口,行車管制號誌,車與車,未依規定讓車
11005ACB91B3070,20210502,120.266,23.004132,交通事故,交叉路口,臺南市永康區大灣路段號大灣路357,2,晴,50,交岔路,交叉路口,行車管制號誌,車與車,違反號誌管制或指揮
11005ACB91B3073,20210503,120.265484,23.02464,交通事故,交叉路口,臺南市永康區中山北路段264號中山北路264165,1,晴,30,交岔路,交叉路口,閃光號誌,車與車,未依規定讓車
11005ACB91B3078,20210508,120.259525,23.010659,交通事故,一般地址,臺南市永康區永華路段205號,1,晴,50,單路部分,路段,無號誌,車與車,不明原因肇事
11005ACB91B3080,20210509,120.274522,23.045259,交通事故,交叉路口,臺南市永康區王行路段號自強路,1,晴,50,交岔路,交叉路口,行車管制號誌,汽(機)車本身,未注意車前狀態
11005ACB91B3081,20210520,120.229061,23.016005,交通事故,一般地址,臺南市永康區中華路段673號,1,晴,40,單路部分,路段,無號誌,車與車,未保持行車安全距離
11005ACB91B3082,20210507,120.23082,23.00138,交通事故,其他,臺南市永康區段號勝利里勝學路38號前,1,晴,30,單路部分,路段,無號誌,車與車,未靠右行駛
11005ACB91B3083,20210507,120.238552,23.035243,交通事故,交叉路口,臺南市永康區新中街段號正南五街,1,晴,50,交岔路,路段,行車管制號誌,車與車,未注意車前狀態
11005ACB91B3086,20210508,120.258049,23.019055,交通事故,交叉路口,臺南市永康區永康里永興路段號永吉路,1,晴,50,交岔路,交叉路口,無號誌,汽(機)車本身,未依規定減速
11005ACB91B3087,20210506,120.248056,23.017077,交通事故,交叉路口,臺南市永康區復華七街段號復華七街201,1,晴,30,交岔路,交叉路口,行車管制號誌,車與車,未注意車前狀態
11005ACB91B3094,20210506,120.236683,23.034829,交通事故,其他,臺南市永康區段號正南五街與正南五街510巷口,1,晴,50,交岔路,交叉路口,無號誌,車與車,未依規定讓車
11005ACB91B3103,20210527,120.242451,22.99866,交通事故,其他,臺南市永康區段號復興里復興路298號前,1,晴,50,單路部分,路段,無號誌,車與車,未保持行車安全距離
11005ACB91B3115,20210509,120.218239,23.020152,交通事故,一般地址,臺南市永康區中正南路段52581號,1,晴,30,交岔路,交叉路口,無號誌,車與車,未依規定讓車
11005ACB91B3118,20210507,120.231443,23.021479,交通事故,交叉路口,臺南市永康區東橋一路段號大橋二街,2,晴,50,交岔路,交叉路口,行車管制號誌,車與車,違反號誌管制或指揮
11005ACB91B3120,20210519,120.241227,23.019015,交通事故,交叉路口,臺南市永康區中山南路段568號中山南路544,1,晴,50,交岔路,交叉路口,閃光號誌,車與車,未依規定讓車
11005ACB91B3123,20210519,120.23462,23.008465,交通事故,交叉路口,臺南市永康區中華二路段號中華二路266,1,晴,50,交岔路,交叉路口,行車管制號誌,車與車,起步未注意其他車(人)安全
11005ACB91B3126,20210503,120.258204,22.99774,交通事故,交叉路口,臺南市永康區永大路1段號崑大路,1,晴,50,交岔路,交叉路口,行車管制號誌,車與車,右轉彎未依規定
11005ACB91B3132,20210501,120.247509,23.041817,交通事故,交叉路口,臺南市永康區中正北路段號中正北路317,1,晴,50,交岔路,交叉路口,行車管制號誌,車與車,未依規定讓車
11005ACB91B3134,20210519,120.242565,22.998544,交通事故,交叉路口,臺南市永康區復興路段號復興路277,1,晴,50,交岔路,交叉路口,行車管制號誌,車與車,違反號誌管制或指揮
11005ACB91B3154,20210502,120.240498,23.038474,交通事故,一般地址,臺南市永康區中正路段832號,1,晴,50,單路部分,路段,無號誌,車與車,其他引起事故之違規或不當行為
11005ACB91B3158,20210503,120.237333,23.010724,交通事故,一般地址,臺南市永康區中山東路段239號,1,晴,50,單路部分,路段,無號誌,汽(機)車本身,其他引起事故之違規或不當行為
11005ACB91B3160,20210503,120.233478,23.018934,交通事故,交叉路口,臺南市永康區東橋一路段號東橋六街,2,晴,50,交岔路,交叉路口,行車管制號誌,車與車,未依規定讓車
11005ACB91B3161,20210504,120.250648,22.998635,交通事故,交叉路口,臺南市永康區大灣路段號大灣路1102,2,晴,50,單路部分,路段,行車管制號誌,車與車,未注意車前狀態
11005ACB91B3171,20210528,120.234891,23.032312,交通事故,其他,臺南市永康區段號鹽和街與鹽平街口,2,晴,50,單路部分,路段,無號誌,車與車,違反特定標誌(線)禁制
11005ACB91B3185,20210519,120.260914,23.006342,交通事故,其他,臺南市永康區段號國光五街22巷33號,1,晴,50,交岔路,交叉路口,無號誌,車與車,未依規定讓車
11005ACB91B3187,20210525,120.22184,23.021815,交通事故,其他,臺南市永康區段號南台街75巷15號,2,晴,50,單路部分,路段,無號誌,車與車,違反特定標誌(線)禁制
11005ACB91B3211,20210527,120.266797,23.005658,交通事故,其他,臺南市永康區段號大灣路366號前,1,晴,50,單路部分,其他,行車管制號誌,車與車,未注意車前狀態
11005ACB91B3222,20210507,120.246224,23.04344,交通事故,一般地址,臺南市永康區永安路段1032號,2,晴,50,交岔路,交叉路口,行車管制號誌,車與車,其他引起事故之違規或不當行為
11005ACB91B3223,20210508,120.237333,23.010724,交通事故,一般地址,臺南市永康區中山東路段239號,2,晴,50,單路部分,路段,無號誌,車與車,橫越道路不慎
11005ACB91B3226,20210513,120.234588,23.008524,交通事故,交叉路口,臺南市永康區中華二路段號成功路,1,晴,50,交岔路,交叉路口,行車管制號誌,車與車,違反號誌管制或指揮
11005ACB91B3231,20210514,120.227169,23.011896,交通事故,其他,臺南市永康區段號中山南路12-5號前,1,晴,50,交岔路,交叉路口,行車管制號誌,車與車,未注意車前狀態
11005ACB91B3232,20210513,120.238616,23.04309,交通事故,交叉路口,臺南市永康區仁愛街段號三村一街,2,晴,50,交岔路,交叉路口,行車管制號誌,車與車,未依規定讓車
11005ACB91B3236,20210513,120.215908,23.023346,交通事故,交叉路口,臺南市永康區中華路段號中央路,1,晴,50,交岔路,交叉路口,行車管制號誌,車與車,未依規定讓車
11005ACB91B3238,20210515,120.254535,22.999269,交通事故,一般地址,臺南市永康區大灣路段909號,1,晴,50,單路部分,路段,無號誌,車與車,起步未注意其他車(人)安全
11005ACB91B3240,20210512,120.235594,23.015338,交通事故,交叉路口,臺南市永康區中山南路段號中山東路,2,晴,50,交岔路,交叉路口,行車管制號誌,車與車,未保持行車安全距離
11005ACB91B3242,20210519,120.237256,23.040947,交通事故,一般地址,臺南市永康區中正南路段796號0,1,晴,30,單路部分,路段,無號誌,汽(機)車本身,不明原因肇事
11005ACB91B3245,20210521,120.259322,23.011754,交通事故,交叉路口,臺南市永康區永華路段號永華路362,1,晴,50,交岔路,交叉路口,無號誌,車與車,起步未注意其他車(人)安全
11005ACB91B3247,20210525,120.271136,23.053464,交通事故,一般地址,臺南市永康區中正北路段991號,2,晴,40,單路部分,路段,無號誌,車與車,未注意車前狀態
11005ACB91B3250,20210525,120.232388,23.010844,交通事故,交叉路口,臺南市永康區中華路段號振興路,1,晴,50,交岔路,交叉路口,行車管制號誌,車與車,未注意車前狀態
11005ACB91B3252,20210530,120.229333,23.016046,交通事故,一般地址,臺南市永康區中華路段696號,1,雨,50,單路部分,路段,無號誌,汽(機)車本身,未注意車前狀態
11005ACB91B3265,20210510,120.228612,23.032797,交通事故,其他,臺南市永康區段號中正陸橋迴轉道,1,晴,50,單路部分,路段,無號誌,車與車,未注意車前狀態
11005ACB91B3279,20210512,120.261812,23.045788,交通事故,交叉路口,臺南市永康區蔦松里中正北路段號龍橋街,1,晴,50,交岔路,交叉路口,行車管制號誌,車與車,右轉彎未依規定
11005ACB91B3289,20210527,120.280363,23.033896,交通事故,交叉路口,臺南市永康區永科王田大道段號永科南路,1,晴,50,交岔路,交叉路口,閃光號誌,車與車,未依規定讓車
11005ACB91B3291,20210528,120.264672,23.006431,交通事故,一般地址,臺南市永康區大安街段160號,1,晴,50,單路部分,路段,無號誌,汽(機)車本身,不明原因肇事
11005ACB91B3293,20210531,120.281137,23.020771,交通事故,交叉路口,臺南市永康區西勢路段號西勢路13,1,雨,50,交岔路,交叉路口,閃光號誌,車與車,未依規定讓車
11005ACB91B3309,20210526,120.241391,23.049022,交通事故,交叉路口,臺南市永康區?洲里永安路段號仁愛街,1,晴,50,交岔路,交叉路口,行車管制號誌,車與車,未依規定讓車
11005ACB91B3311,20210509,120.251441,22.998764,交通事故,其他,臺南市永康區段號崑山里大灣路1100號前,1,晴,50,單路部分,路段,無號誌,車與車,未保持行車安全距離
11005ACB91B3319,20210523,120.266703,23.005101,交通事故,一般地址,臺南市永康區大灣路段289號,2,晴,50,單路部分,路段,無號誌,車與車,橫越道路不慎
11005ACB91B3342,20210515,120.254714,23.017863,交通事故,交叉路口,臺南市永康區文化路段號永善二街,1,晴,50,交岔路,交叉路口,行車管制號誌,車與車,迴轉未依規定
11005ACB91B3344,20210506,120.223691,23.020064,交通事故,其他,臺南市永康區段號中華路13號,1,晴,50,單路部分,路段,無號誌,車與車,未保持行車安全距離
11005ACB91B3345,20210516,120.248488,22.998534,交通事故,交叉路口,臺南市永康區高速一街段號復興路,1,晴,50,交岔路,交叉路口,行車管制號誌,車與車,違反特定標誌(線)禁制
11005ACB91B3346,20210514,120.245714,23.04195,交通事故,一般地址,臺南市永康區中正北路段271號,1,晴,50,單路部分,路段,無號誌,汽(機)車本身,未注意車前狀態
11005ACB91B3391,20210526,120.240445,23.041616,交通事故,其他,臺南市永康區段號中正七街與中正北路,1,晴,50,交岔路,交叉路口,行車管制號誌,車與車,違反號誌管制或指揮
11005ACB91B3399,20210531,120.239936,23.008539,交通事故,交叉路口,臺南市永康區中華二路段號中興街,2,陰,50,交岔路,交叉路口,行車管制號誌,車與車,未依規定讓車
11005ACB91B3402,20210505,120.239145,23.00735,交通事故,一般地址,臺南市永康區中興里中興街段6979號,1,晴,30,單路部分,路段,無號誌,汽(機)車本身,不明原因肇事
11005ACB91B3403,20210517,120.264165,23.005714,交通事故,交叉路口,臺南市永康區南灣里大灣三街段號大安街,1,晴,50,交岔路,交叉路口,行車管制號誌,車與車,違反號誌管制或指揮
11005ACB91B3412,20210525,120.223931,23.019871,交通事故,其他,臺南市永康區段號中華路永康路橋上,2,晴,50,單路部分,路段,無號誌,車與車,未注意車前狀態
11005ACB91B3420,20210531,120.232067,23.042289,交通事故,交叉路口,臺南市永康區鹽行路段號鹽行路146,1,陰,30,交岔路,交叉路口,無號誌,車與車,未依規定讓車
11005ACB91B3422,20210513,120.259838,23.001515,交通事故,交叉路口,臺南市永康區永大路2段號國光二街,1,晴,50,交岔路,交叉路口,行車管制號誌,車與車,未依規定讓車
11005ACB91B3443,20210530,120.237211,23.041425,交通事故,交叉路口,臺南市永康區鹽行路段號仁愛街,2,雨,50,交岔路,交叉路口,行車管制號誌,車與車,違反特定標誌(線)禁制
11005ACB91B3445,20210516,120.27505,23.046592,交通事故,其他,臺南市永康區段號王行路與永科王田大道路口,2,晴,50,交岔路,交叉路口,行車管制號誌,車與車,左轉彎未依規定