案件編號,發生日期,GPS經度,GPS緯度,案件類別名稱,地址類型名稱,發生縣市名稱,受傷人數,天候名稱, 速限-第1當事者,道路型態大類別名稱,事故位置大類別名稱,號誌-號誌種類名稱,事故類型及型態大類別名稱,肇因研判子類別名稱-主要
11005ACB91B3447,20210515,120.230422,23.027656,交通事故,其他,臺南市永康區段號中正二街與尚頂路口,1,晴,50,交岔路,交叉路口,行車管制號誌,車與車,不明原因肇事
11005ACBQ1B3339,20210501,120.261793,23.036279,交通事故,一般地址,臺南市永康區八德街段7號,1,晴,5,單路部分,其他,無號誌,汽(機)車本身,不明原因肇事
11005ACC91A0013,20210519,120.359667,23.096719,交通事故,其他,臺南市山上區段號178甲線與南184線道路口,0,晴,60,交岔路,交叉路口,行車管制號誌,車與車,未依規定讓車
11005ACC91B0024,20210501,120.304841,23.036447,交通事故,交叉路口,臺南市新化區武安里民權街段號長青街,2,晴,30,交岔路,交叉路口,無號誌,車與車,未依規定讓車
11005ACC91B0032,20210501,120.314093,23.042536,交通事故,其他,臺南市新化區段號中山路111巷6號前,1,晴,30,單路部分,路段,行車管制號誌,汽(機)車本身,未注意車前狀態
11005ACC91B0080,20210502,120.290413,23.034909,交通事故,交叉路口,臺南市新化區全興里省道臺20線段號區道南170線,1,晴,50,交岔路,交叉路口,行車管制號誌,車與車,右轉彎未依規定
11005ACC91B0110,20210503,120.293219,23.027906,交通事故,交叉路口,臺南市新化區全興里區道南170線段號市道180甲線,1,晴,50,交岔路,交叉路口,閃光號誌,車與車,未依規定讓車
11005ACC91B0120,20210503,120.320052,23.046936,交通事故,交叉路口,臺南市新化區護國里省道臺19甲線段號中山路39,1,雨,50,交岔路,交叉路口,閃光號誌,車與車,未依規定讓車
11005ACC91B0151,20210503,120.309384,23.014941,交通事故,其他,臺南市新化區段號山腳里頂山腳53之13號前,3,雨,70,單路部分,其他,行車管制號誌,車與車,未注意車前狀態
11005ACC91B0152,20210503,120.289449,23.02352,交通事故,交叉路口,臺南市新化區全興里省道臺39線段號市道180線,1,雨,70,交岔路,交叉路口,行車管制號誌,車與車,右轉彎未依規定
11005ACC91B0201,20210504,120.354687,23.102017,交通事故,其他,臺南市山上區段號南洲里南洲64號前,2,晴,50,單路部分,路段,無號誌,車與車,起步未注意其他車(人)安全
11005ACC91B0212,20210504,120.29039,23.034943,交通事故,交叉路口,臺南市新化區協興里省道臺20線段號區道南170線,1,晴,60,交岔路,交叉路口,行車管制號誌,車與車,未依規定讓車
11005ACC91B0305,20210505,120.302854,23.046843,交通事故,一般地址,臺南市新化區中正路段899號0,2,晴,50,單路部分,路段,無號誌,車與車,未保持行車安全距離
11005ACC91B0342,20210504,120.36129,23.096009,交通事故,其他,臺南市山上區段號山上里山上11之8號旁路口,2,晴,50,交岔路,交叉路口,無號誌,車與車,未依規定讓車
11005ACC91B0343,20210506,120.290414,23.034878,交通事故,交叉路口,臺南市新化區全興里中山路段號區道南170線,1,晴,60,交岔路,交叉路口,行車管制號誌,車與車,未注意車前狀態
11005ACC91B0368,20210506,120.307463,23.037347,交通事故,其他,臺南市新化區段號中正路與仁愛街口,1,晴,50,交岔路,交叉路口,行車管制號誌,車與車,違反號誌管制或指揮
11005ACC91B0401,20210506,120.339894,23.103594,交通事故,其他,臺南市山上區段號明和里明和76之6號,1,晴,50,交岔路,交叉路口,無號誌,車與車,起步未注意其他車(人)安全
11005ACC91B0430,20210506,120.303796,23.044974,交通事故,一般地址,臺南市新化區太平里中正路段652之5號0,1,晴,50,單路部分,路段,無號誌,車與車,迴轉未依規定
11005ACC91B0435,20210507,120.353588,23.099059,交通事故,其他,臺南市山上區段號南洲里南洲33號旁路口,1,晴,50,交岔路,交叉路口,無號誌,車與車,未保持行車安全距離
11005ACC91B0457,20210507,120.307954,23.036506,交通事故,一般地址,臺南市新化區護國里中正路段424號0,1,晴,50,單路部分,路段,無號誌,車與車,迴轉未依規定
11005ACC91B0492,20210507,120.335048,23.063089,交通事故,其他,臺南市新化區段號那拔里牧場70號,2,晴,60,交岔路,交叉路口,行車管制號誌,車與車,未注意車前狀態
11005ACC91B0528,20210508,120.299726,23.034682,交通事故,一般地址,臺南市新化區豐榮里大智路段85之1號0,2,晴,50,交岔路,交叉路口,行車管制號誌,車與車,違反號誌管制或指揮
11005ACC91B0534,20210508,120.298796,23.033815,交通事故,其他,臺南市新化區段號豐榮里180甲線7公里處,1,晴,50,單路部分,路段,無號誌,車與車,變換車道或方向不當
11005ACC91B0587,20210507,120.313272,23.024945,交通事故,其他,臺南市新化區段號知義里台19甲與復興路口,2,晴,40,交岔路,交叉路口,行車管制號誌,車與車,違反號誌管制或指揮
11005ACC91B0588,20210508,120.294685,23.029736,交通事故,其他,臺南市新化區段號竹子腳33號前,1,晴,50,單路部分,路段,無號誌,車與車,未保持行車安全距離
11005ACC91B0602,20210509,120.289449,23.02352,交通事故,交叉路口,臺南市新化區全興里省道臺39線段號市道180線,1,晴,70,交岔路,交叉路口,行車管制號誌,車與車,右轉彎未依規定
11005ACC91B0643,20210509,120.308124,23.038575,交通事故,一般地址,臺南市新化區太平里忠孝路段46號0,1,晴,50,單路部分,路段,無號誌,車與車,起步未注意其他車(人)安全
11005ACC91B0654,20210509,120.339669,23.118689,交通事故,其他,臺南市山上區段號178甲線0.5K,2,晴,50,單路部分,路段,無號誌,車與車,未注意車前狀態
11005ACC91B0669,20210509,120.300166,23.036617,交通事故,交叉路口,臺南市新化區豐榮里中山路段號忠孝路,1,晴,50,交岔路,交叉路口,行車管制號誌,汽(機)車本身,酒醉(後)駕駛失控
11005ACC91B0729,20210510,120.299396,23.034324,交通事故,交叉路口,臺南市新化區豐榮里大智路段號大智路164,1,晴,50,交岔路,交叉路口,行車管制號誌,車與車,右轉彎未依規定
11005ACC91B0748,20210510,120.307215,23.035828,交通事故,一般地址,臺南市新化區中山路段285號0,1,晴,50,單路部分,路段,無號誌,車與車,起步未注意其他車(人)安全
11005ACC91B0757,20210510,120.308648,23.023852,交通事故,交叉路口,臺南市新化區全興里中正路段號省道臺19甲線,1,晴,50,單路部分,路段,行車管制號誌,車與車,裝卸貨物不當
11005ACC91B0767,20210510,120.294227,23.058357,交通事故,交叉路口,臺南市新化區北勢里永新路段號金華街1,1,晴,50,交岔路,交叉路口,無號誌,車與車,未保持行車安全間隔
11005ACC91B0835,20210511,120.291563,23.026122,交通事故,一般地址,臺南市新化區竹子腳路段161之9號0,1,晴,50,單路部分,路段,無號誌,車與車,未注意車前狀態
11005ACC91B0872,20210511,120.300505,23.036766,交通事故,無,臺南市新化區段號,1,晴,50,圓環廣場,路段,行車管制號誌,車與車,未依規定讓車
11005ACC91B0879,20210511,120.298342,23.033324,交通事故,一般地址,臺南市新化區豐榮里洋子段149號,1,晴,30,單路部分,路段,無號誌,車與車,未注意車前狀態
11005ACC91B0907,20210512,120.308243,23.035175,交通事故,一般地址,臺南市新化區武安里中正路段409號,1,晴,50,單路部分,路段,無號誌,車與車,未保持行車安全間隔
11005ACC91B0953,20210512,120.356044,23.101664,交通事故,其他,臺南市山上區段號山上里山上221之1號前,1,晴,50,單路部分,路段,無號誌,車與車,起步未注意其他車(人)安全
11005ACC91B0954,20210512,120.301311,23.036217,交通事故,交叉路口,臺南市新化區協興里中山路段號大智路,1,晴,50,交岔路,交叉路口,行車管制號誌,車與車,起步未注意其他車(人)安全
11005ACC91B0964,20210511,120.308628,23.039854,交通事故,交叉路口,臺南市新化區太平里民生路段號太平街,2,晴,50,交岔路,交叉路口,閃光號誌,車與車,未注意車前狀態
11005ACC91B0969,20210511,120.309475,23.015565,交通事故,其他,臺南市新化區段號山?里頂山?54-196號前,1,晴,70,交岔路,交叉路口,行車管制號誌,車與車,未注意車前狀態
11005ACC91B1041,20210512,120.300908,23.038264,交通事故,交叉路口,臺南市新化區協興里太平街段號太平街150,2,晴,50,交岔路,交叉路口,無號誌,車與車,未依規定讓車
11005ACC91B1068,20210513,120.290397,23.034963,交通事故,其他,臺南市新化區段號台20線與南170線路口,1,晴,50,交岔路,交叉路口,行車管制號誌,車與車,交通管制設施失靈或損毀
11005ACC91B1131,20210514,120.300642,23.0357,交通事故,一般地址,臺南市新化區豐榮里大智路段14號0,1,晴,50,單路部分,路段,無號誌,車與車,左轉彎未依規定
11005ACC91B1214,20210515,120.367234,23.080754,交通事故,其他,臺南市山上區段號豐德里178甲線5.9公里處,1,晴,50,單路部分,路段,無號誌,車與車,未注意車前狀態
11005ACC91B1217,20210515,120.35995,23.096571,交通事故,無,臺南市山上區段號,1,晴,50,交岔路,交叉路口,無號誌,車與車,右轉彎未依規定
11005ACC91B1223,20210515,120.30474,23.035759,交通事故,一般地址,臺南市新化區武安里中山路段422號0,1,晴,50,單路部分,路段,無號誌,車與車,未依規定讓車
11005ACC91B1234,20210515,120.312713,23.038381,交通事故,其他,臺南市新化區段號信義路120巷,1,晴,30,單路部分,路段,無號誌,汽(機)車本身,其他引起事故之違規或不當行為
11005ACC91B1246,20210515,120.289211,23.019486,交通事故,其他,臺南市新化區段號崙頂里台39線1.7公里處路口,2,晴,70,交岔路,交叉路口,行車管制號誌,車與車,右轉彎未依規定
11005ACC91B1265,20210515,120.321341,23.040423,交通事故,其他,臺南市新化區段號護國里台19甲線37K處,1,晴,50,交岔路,交叉路口,閃光號誌,車與車,未依規定讓車
11005ACC91B1295,20210516,120.349429,23.067718,交通事故,其他,臺南市新化區段號那拔里那拔林23號-16,1,晴,50,交岔路,交叉路口,行車管制號誌,車與車,倒車未依規定
11005ACC91B1460,20210517,120.307112,23.038429,交通事故,交叉路口,臺南市新化區中正路段號忠孝路,1,晴,50,交岔路,交叉路口,行車管制號誌,車與車,違反號誌管制或指揮
11005ACC91B1569,20210518,120.354914,23.102726,交通事故,其他,臺南市山上區段號南洲里南洲90之6號,1,晴,30,交岔路,交叉路口,無號誌,車與車,未依規定讓車
11005ACC91B1583,20210518,120.404469,23.008779,交通事故,無,臺南市左鎮區段號,1,晴,50,單路部分,路段,無號誌,汽(機)車本身,未注意車前狀態
11005ACC91B1625,20210519,120.300191,23.044236,交通事故,一般地址,臺南市新化區唪口里大德路段22433號0,1,晴,30,交岔路,交叉路口,無號誌,汽(機)車本身,未注意車前狀態
11005ACC91B1633,20210519,120.30158,23.041353,交通事故,其他,臺南市新化區段號唪口里中正路707巷76號旁,1,晴,30,單路部分,路段,無號誌,車與車,開啟車門不當而肇事
11005ACC91B1670,20210520,120.306526,23.032165,交通事故,一般地址,臺南市新化區武安里健康路段1號0,1,晴,30,單路部分,路段,無號誌,汽(機)車本身,未注意車前狀態
11005ACC91B1730,20210520,120.349024,23.104478,交通事故,其他,臺南市山上區段號明和里明和65-18號,1,晴,30,交岔路,交叉路口,無號誌,車與車,左轉彎未依規定
11005ACC91B1756,20210520,120.30188,23.022592,交通事故,一般地址,臺南市新化區全興里竹子腳路段249之8號,1,晴,50,單路部分,路段,無號誌,車與車,未依規定讓車
11005ACC91B1835,20210521,120.308536,23.034974,交通事故,一般地址,臺南市新化區東榮里信義路段225號0,2,晴,30,單路部分,路段,無號誌,車與車,尚未發現肇事因素
11005ACC91B2075,20210523,120.331279,23.060978,交通事故,其他,臺南市新化區段號那拔里牧場1-15號前,2,晴,50,單路部分,路段,無號誌,車與車,未注意車前狀態
11005ACC91B2100,20210524,120.307117,23.03842,交通事故,交叉路口,臺南市新化區太平里中正路段號忠孝路,1,晴,50,交岔路,交叉路口,行車管制號誌,車與車,左轉彎未依規定
11005ACC91B2102,20210524,120.306089,23.035755,交通事故,交叉路口,臺南市新化區武安里中山路段號中山路345,1,晴,50,交岔路,交叉路口,行車管制號誌,車與車,未注意車前狀態
11005ACC91B2167,20210524,120.297389,23.058583,交通事故,其他,臺南市新化區段號中正路與金華街一段路口,1,晴,70,交岔路,交叉路口,行車管制號誌,車與車,違反特定標誌(線)禁制
11005ACC91B2232,20210525,120.314394,23.037437,交通事故,其他,臺南市新化區段號信義路與信義路111巷口,1,晴,50,交岔路,交叉路口,閃光號誌,汽(機)車本身,路況危險無安全(警告)設施
11005ACC91B2265,20210525,120.298328,23.038542,交通事故,其他,臺南市新化區段號協興里大新路79號對面,1,晴,50,單路部分,路段,無號誌,車與車,起步未注意其他車(人)安全
11005ACC91B2381,20210524,120.287406,23.034371,交通事故,其他,臺南市新化區段號台20線10K處,1,晴,50,單路部分,路段,無號誌,車與車,未保持行車安全間隔
11005ACC91B2409,20210527,120.353398,23.103262,交通事故,一般地址,臺南市山上區南洲里南洲路段381之1號,1,晴,50,交岔路,交叉路口,無號誌,車與車,未依規定讓車
11005ACC91B2417,20210527,120.334603,23.009358,交通事故,其他,臺南市新化區段號山腳里五甲勢71號,1,晴,30,單路部分,路段,無號誌,汽(機)車本身,未注意車前狀態
11005ACC91B2457,20210528,120.2881,23.054398,交通事故,其他,臺南市新化區段號台39線與永新路口,1,晴,50,交岔路,路段,行車管制號誌,汽(機)車本身,未注意車前狀態
11005ACC91B2669,20210530,120.307486,23.037592,交通事故,一般地址,臺南市新化區武安里中正路段482號0,1,雨,50,單路部分,路段,無號誌,車與車,未注意車前狀態
11005ACC91B2685,20210530,120.359311,23.073443,交通事故,其他,臺南市山上區段號台20線19K處,6,雨,60,單路部分,路段,無號誌,車與車,其他引起事故之違規或不當行為
11005ACC91B2742,20210531,120.305389,23.04178,交通事故,一般地址,臺南市新化區太平里中正路段675號0,1,晴,50,單路部分,路段,無號誌,車與車,迴轉未依規定
11005ACC91B2795,20210531,120.319474,23.049038,交通事故,交叉路口,臺南市新化區省道臺20線段號省道臺19甲線,1,晴,60,交岔路,交叉路口,行車管制號誌,車與車,未依規定讓車
11005ACD91A0008,20210510,120.312899,23.296011,交通事故,其他,臺南市新營區段號興業里延平路急水溪橋北上車道(3851號路燈),0,晴,40,單路部分,路段,無號誌,車與車,變換車道或方向不當
11005ACD91A0012,20210517,120.287342,23.328847,交通事故,交叉路口,臺南市鹽水區水秀里區道南74線段號區道南80線,0,晴,50,交岔路,交叉路口,行車管制號誌,車與車,未依規定讓車
11005ACD91A0016,20210521,120.316341,23.318182,交通事故,交叉路口,臺南市新營區王公里中正路段號中正路107,0,晴,50,交岔路,交叉路口,行車管制號誌,人與汽(機)車,搶越行人穿越道
11005ACD91B0010,20210501,120.316221,23.326004,交通事故,交叉路口,臺南市新營區埤寮里中正路段號中正路430,1,晴,50,交岔路,路段,行車管制號誌,車與車,違反號誌管制或指揮
11005ACD91B0016,20210501,120.332214,23.316896,交通事故,交叉路口,臺南市新營區土庫里開元路段號東山五路,1,晴,50,交岔路,交叉路口,行車管制號誌,車與車,未注意車前狀態
11005ACD91B0018,20210501,120.24206,23.292352,交通事故,其他,臺南市鹽水區段號歡雅里25號前,1,晴,50,交岔路,路段,行車管制號誌,車與車,左轉彎未依規定
11005ACD91B0029,20210501,120.324925,23.324384,交通事故,其他,臺南市新營區段號中正路430巷、未命名道路,1,晴,50,交岔路,交叉路口,閃光號誌,車與車,未依規定讓車
11005ACD91B0030,20210501,120.246721,23.267393,交通事故,其他,臺南市鹽水區段號竹林里竹子?92號之1竹埔國小旁-T字路口,1,晴,50,交岔路,交叉路口,無號誌,車與車,未依規定讓車
11005ACD91B0038,20210501,120.312413,23.315281,交通事故,其他,臺南市新營區段號健康路188號前,1,晴,50,單路部分,路段,無號誌,汽(機)車本身,未注意車前狀態
11005ACD91B0040,20210501,120.31614,23.324295,交通事故,交叉路口,臺南市新營區埤寮里中正路段號中正路386,2,晴,50,交岔路,路段,行車管制號誌,車與車,未依規定讓車
11005ACD91B0049,20210501,120.317614,23.271105,交通事故,其他,臺南市柳營區段號台1線路燈:570093前,1,晴,50,交岔路,交叉路口,行車管制號誌,車與車,未依規定讓車
11005ACD91B0074,20210502,120.313035,23.304168,交通事故,交叉路口,臺南市新營區三仙里民權路段號博愛街,2,晴,50,交岔路,交叉路口,無號誌,車與車,未依規定讓車
11005ACD91B0076,20210502,120.310672,23.303381,交通事故,交叉路口,臺南市新營區民生里復興路段號三興街,2,晴,50,交岔路,路段,無號誌,車與車,未依規定讓車
11005ACD91B0079,20210502,120.316024,23.310817,交通事故,交叉路口,臺南市新營區民權里民治路段號中正路31,1,晴,50,交岔路,交叉路口,無號誌,車與車,未依規定讓車
11005ACD91B0103,20210502,120.29429,23.306509,交通事故,其他,臺南市新營區段號復興路690之1號,3,晴,40,單路部分,路段,無號誌,車與車,未依規定讓車
11005ACD91B0113,20210503,120.320072,23.309291,交通事故,交叉路口,臺南市新營區大宏里綠川北街段號同濟街,1,晴,50,交岔路,交叉路口,行車管制號誌,車與車,未依規定讓車
11005ACD91B0148,20210503,120.319305,23.316654,交通事故,交叉路口,臺南市新營區王公里民族路段號大德街,2,晴,50,交岔路,路段,無號誌,車與車,未依規定讓車
11005ACD91B0153,20210503,120.311917,23.319789,交通事故,其他,臺南市新營區段號護鎮里長榮路2段路燈033附近,1,晴,60,單路部分,路段,無號誌,汽(機)車本身,未注意車前狀態
11005ACD91B0159,20210503,120.31633,23.318162,交通事故,交叉路口,臺南市新營區忠政里中正路段號大公街,3,陰,40,交岔路,路段,行車管制號誌,車與車,未保持行車安全距離
11005ACD91B0178,20210504,120.313178,23.29779,交通事故,交叉路口,臺南市新營區延平路段號延平路140,2,晴,50,交岔路,交叉路口,行車管制號誌,車與車,起步未注意其他車(人)安全
11005ACD91B0198,20210504,120.258174,23.313812,交通事故,無,臺南市鹽水區段號,1,晴,50,單路部分,路段,無號誌,汽(機)車本身,未注意車前狀態
11005ACD91B0227,20210504,120.322577,23.308532,交通事故,一般地址,臺南市新營區大宏里大同路段6號,2,晴,50,單路部分,路段,無號誌,人與汽(機)車,未注意車前狀態
11005ACD91B0233,20210504,120.277459,23.264876,交通事故,無,臺南市新營區段號,1,晴,30,交岔路,路段,無號誌,車與車,未依規定讓車
11005ACD91B0234,20210504,120.273128,23.34574,交通事故,其他,臺南市鹽水區段號汫水里126-6號,1,晴,50,交岔路,交叉路口,無號誌,汽(機)車本身,未注意車前狀態
11005ACD91B0280,20210505,120.312501,23.306919,交通事故,交叉路口,臺南市新營區民權里三民路段號民權路,2,晴,50,交岔路,交叉路口,行車管制號誌,車與車,違反號誌管制或指揮
11005ACD91B0281,20210505,120.316718,23.312234,交通事故,交叉路口,臺南市新營區王公里中正路段號義和街,1,晴,50,交岔路,交叉路口,行車管制號誌,汽(機)車本身,未注意車前狀態
11005ACD91B0296,20210505,120.307092,23.298306,交通事故,交叉路口,臺南市新營區南興里建業路段號裕民路,1,晴,50,交岔路,交叉路口,行車管制號誌,車與車,未依規定讓車
11005ACD91B0297,20210505,120.316823,23.311544,交通事故,一般地址,臺南市新營區中正路段50號0,3,晴,40,單路部分,路段,無號誌,車與車,未保持行車安全距離
11005ACD91B0352,20210506,120.324708,23.273629,交通事故,其他,臺南市柳營區段號台一線與代天院拱門路口,1,晴,50,交岔路,交叉路口,行車管制號誌,車與車,未依規定讓車
11005ACD91B0358,20210506,120.310614,23.303352,交通事故,一般地址,臺南市新營區復興路段109號,1,晴,50,交岔路,交叉路口,無號誌,車與車,未依規定讓車
11005ACD91B0382,20210506,120.321563,23.30218,交通事故,一般地址,臺南市新營區中營里工業街段56號0,1,晴,30,單路部分,路段,無號誌,汽(機)車本身,未注意車前狀態
11005ACD91B0398,20210506,120.295554,23.306055,交通事故,一般地址,臺南市新營區興業里復興路段642號0,1,晴,50,單路部分,路段,無號誌,車與車,起步未注意其他車(人)安全
11005ACD91B0404,20210506,120.300372,23.313954,交通事故,其他,臺南市新營區段號長榮路二段716號前,1,晴,50,單路部分,路段,無號誌,車與車,變換車道或方向不當
11005ACD91B0423,20210501,120.265841,23.314243,交通事故,其他,臺南市鹽水區段號橋南里月津路77號前,4,晴,50,交岔路,交叉路口,無號誌,車與車,逆向行駛
11005ACD91B0432,20210507,120.309931,23.316095,交通事故,交叉路口,臺南市新營區金華路段號三興街,1,晴,50,交岔路,交叉路口,行車管制號誌,車與車,未依規定讓車
11005ACD91B0433,20210507,120.309975,23.310038,交通事故,交叉路口,臺南市新營區民生里民治路段號三興街,1,晴,50,交岔路,交叉路口,行車管制號誌,車與車,未依規定讓車
11005ACD91B0441,20210507,120.312911,23.304879,交通事故,交叉路口,臺南市新營區民權里中華路段號民權路,2,晴,50,交岔路,交叉路口,行車管制號誌,車與車,違反號誌管制或指揮
11005ACD91B0455,20210507,120.267591,23.319302,交通事故,一般地址,臺南市鹽水區中正路段84號,1,晴,50,單路部分,路段,無號誌,車與車,逆向行駛
11005ACD91B0483,20210507,120.315056,23.312757,交通事故,一般地址,臺南市新營區忠政里中正路段3529號,1,晴,30,單路部分,路段,無號誌,汽(機)車本身,未注意車前狀態
11005ACD91B0487,20210507,120.255126,23.325761,交通事故,一般地址,臺南市鹽水區義中里金和路段號,1,晴,50,單路部分,路段,無號誌,車與車,起步未注意其他車(人)安全
11005ACD91B0498,20210507,120.310866,23.299023,交通事故,其他,臺南市新營區段號南興里無名道路、和平路97巷-路口,2,晴,30,交岔路,交叉路口,無號誌,車與車,未依規定讓車
11005ACD91B0499,20210507,120.339242,23.264511,交通事故,其他,臺南市柳營區段號神農里新厝100號-德元埤荷蘭村,1,晴,50,交岔路,交叉路口,無號誌,汽(機)車本身,未注意車前狀態
11005ACD91B0504,20210507,120.383763,23.280111,交通事故,其他,臺南市柳營區段號165線道25.5K,1,晴,50,單路部分,路段,無號誌,汽(機)車本身,未注意車前狀態
11005ACD91B0519,20210508,120.325892,23.288317,交通事故,無,臺南市柳營區省道臺1線段號,1,晴,50,交岔路,交叉路口,行車管制號誌,車與車,未依規定讓車
11005ACD91B0540,20210508,120.308451,23.30056,交通事故,交叉路口,臺南市新營區民榮里新進路2段號興農街,1,晴,40,交岔路,交叉路口,閃光號誌,汽(機)車本身,未注意車前狀態
11005ACD91B0541,20210508,120.301768,23.30418,交通事故,其他,臺南市新營區段號復興路307號前,2,晴,30,交岔路,交叉路口,閃光號誌,車與車,未依規定讓車
11005ACD91B0543,20210508,120.301286,23.308781,交通事故,交叉路口,臺南市新營區新南里金華路段號秦漢街,1,晴,40,交岔路,交叉路口,行車管制號誌,車與車,未依規定讓車
11005ACD91B0571,20210508,120.244652,23.293371,交通事故,其他,臺南市鹽水區段號三明里大莊5之1號旁路口,1,晴,50,交岔路,交叉路口,無號誌,車與車,未依規定讓車
11005ACD91B0577,20210508,120.316446,23.316655,交通事故,其他,臺南市新營區段號忠政里中正路55號旁-T字路口,1,晴,40,交岔路,交叉路口,行車管制號誌,車與車,未依規定讓車
11005ACD91B0621,20210509,120.277421,23.264915,交通事故,無,臺南市新營區段號,1,晴,30,交岔路,交叉路口,無號誌,車與車,未依規定讓車
11005ACD91B0637,20210509,120.286637,23.300136,交通事故,其他,臺南市新營區段號嘉芳里嘉芳街(嘉芳高幹8電桿),1,晴,50,單路部分,路段,無號誌,汽(機)車本身,未注意車前狀態
11005ACD91B0645,20210501,120.271104,23.318596,交通事故,交叉路口,臺南市鹽水區津城里信義路段號行昌路,1,晴,50,交岔路,交叉路口,行車管制號誌,車與車,左轉彎未依規定
11005ACD91B0648,20210505,120.293394,23.300676,交通事故,交叉路口,臺南市新營區南紙里長榮路3段號太子路,1,晴,50,交岔路,交叉路口,閃光號誌,車與車,未依規定讓車
11005ACD91B0651,20210505,120.281619,23.309809,交通事故,交叉路口,臺南市新營區嘉芳里復興路段號新運五路,2,晴,50,交岔路,交叉路口,行車管制號誌,車與車,未依規定讓車
11005ACD91B0658,20210509,120.312656,23.260868,交通事故,一般地址,臺南市柳營區中埕里柳營路1段60號0,1,晴,70,交岔路,交叉路口,閃光號誌,汽(機)車本身,未注意車前狀態
11005ACD91B0662,20210506,120.307094,23.330251,交通事故,一般地址,臺南市新營區護鎮里建國路段312號,1,晴,50,單路部分,路段,無號誌,車與車,未注意車前狀態
11005ACD91B0674,20210509,120.270896,23.323852,交通事故,一般地址,臺南市鹽水區岸內里北門路段33號,1,晴,50,交岔路,交叉路口,無號誌,車與車,未依規定讓車
11005ACD91B0680,20210509,120.316735,23.304678,交通事故,一般地址,臺南市新營區中營里中山路段146號,1,晴,50,圓環廣場,路段,無號誌,車與車,變換車道或方向不當
11005ACD91B0706,20210510,120.285343,23.308879,交通事故,一般地址,臺南市新營區嘉芳里復興路段867號0,1,晴,50,交岔路,交叉路口,行車管制號誌,車與車,未注意車前狀態
11005ACD91B0756,20210510,120.286368,23.303406,交通事故,交叉路口,臺南市新營區嘉芳街段號八德路,2,晴,50,交岔路,交叉路口,行車管制號誌,車與車,違反號誌管制或指揮
11005ACD91B0761,20210510,120.308368,23.305208,交通事故,一般地址,臺南市新營區民生里三民路段180之3號0,1,晴,50,單路部分,路段,無號誌,車與車,迴轉未依規定
11005ACD91B0803,20210511,120.313679,23.314435,交通事故,交叉路口,臺南市新營區忠政里中正路段39號府西路,3,晴,30,交岔路,交叉路口,無號誌,車與車,未依規定讓車
11005ACD91B0810,20210511,120.268081,23.315339,交通事故,交叉路口,臺南市鹽水區橋南里行昌路段號橋南街,2,晴,30,交岔路,交叉路口,閃光號誌,車與車,未依規定讓車
11005ACD91B0825,20210511,120.274695,23.320203,交通事故,其他,臺南市新營區段號護鎮里118號(水秀高幹8左5-1)旁,1,晴,30,交岔路,路段,無號誌,車與車,未依規定讓車
11005ACD91B0841,20210511,120.272899,23.304139,交通事故,交叉路口,臺南市鹽水區八德路段號新太路,2,晴,50,交岔路,交叉路口,無號誌,車與車,未依規定讓車
11005ACD91B0905,20210512,120.325137,23.314218,交通事故,其他,臺南市新營區段號東興六街91號前,1,晴,50,單路部分,路段,無號誌,車與車,起步未注意其他車(人)安全
11005ACD91B0928,20210512,120.311442,23.326975,交通事故,一般地址,臺南市新營區護鎮里中正路段52777號,1,晴,30,交岔路,路段,無號誌,車與車,未依規定讓車
11005ACD91B0951,20210512,120.312223,23.308719,交通事故,一般地址,臺南市新營區民權路段12號,1,晴,50,單路部分,路段,無號誌,車與車,橫越道路不慎
11005ACD91B0961,20210512,120.37138,23.257919,交通事故,交叉路口,臺南市柳營區果毅里市道165線段號區道南110線,1,晴,50,交岔路,交叉路口,行車管制號誌,車與車,未保持行車安全距離
11005ACD91B0978,20210512,120.316749,23.312235,交通事故,交叉路口,臺南市新營區中正路段號義和街,1,晴,50,交岔路,交叉路口,閃光號誌,車與車,逆向行駛
11005ACD91B1010,20210513,120.266953,23.320903,交通事故,一般地址,臺南市鹽水區月港里三福路段15號0,1,晴,50,單路部分,路段,無號誌,車與車,開啟車門不當而肇事
11005ACD91B1018,20210513,120.317547,23.270981,交通事故,無,臺南市柳營區段號,1,晴,50,交岔路,路段,行車管制號誌,車與車,未保持行車安全間隔
11005ACD91B1052,20210513,120.314932,23.306071,交通事故,交叉路口,臺南市新營區三仙里信義街段號武昌街,2,晴,30,交岔路,交叉路口,無號誌,車與車,未依規定讓車
11005ACD91B1060,20210510,120.267496,23.323407,交通事故,交叉路口,臺南市鹽水區岸內里北門路段號民生街,3,晴,30,交岔路,交叉路口,無號誌,車與車,未依規定讓車
11005ACD91B1070,20210513,120.24756,23.27447,交通事故,無,臺南市鹽水區段號,2,晴,50,交岔路,路段,閃光號誌,車與車,未注意車前狀態
11005ACD91B1075,20210513,120.288561,23.307247,交通事故,其他,臺南市新營區段號嘉芳里復興路南側機車便道,1,晴,40,單路部分,路段,無號誌,汽(機)車本身,未注意車前狀態
11005ACD91B1087,20210513,120.315636,23.311064,交通事故,其他,臺南市新營區段號民治路38號前,1,晴,50,單路部分,路段,無號誌,汽(機)車本身,疲勞(患病)駕駛失控
11005ACD91B1101,20210514,120.301712,23.311102,交通事故,一般地址,臺南市新營區新南里新南路段26號,1,晴,50,單路部分,路段,無號誌,汽(機)車本身,酒醉(後)駕駛失控
11005ACD91B1111,20210514,120.313724,23.271535,交通事故,一般地址,臺南市柳營區光福里柳營路1段680號,1,晴,50,單路部分,路段,無號誌,汽(機)車本身,車輪脫落或輪胎爆裂