案件編號,發生日期,GPS經度,GPS緯度,案件類別名稱,地址類型名稱,發生縣市名稱,受傷人數,天候名稱, 速限-第1當事者,道路型態大類別名稱,事故位置大類別名稱,號誌-號誌種類名稱,事故類型及型態大類別名稱,肇因研判子類別名稱-主要
11005ACD91B1116,20210514,120.318496,23.307578,交通事故,一般地址,臺南市新營區大宏里民族路段13號,1,晴,50,單路部分,路段,無號誌,車與車,未注意車前狀態
11005ACD91B1117,20210514,120.316723,23.304082,交通事故,其他,臺南市新營區段號中山路137號前,1,晴,50,圓環廣場,路段,無號誌,車與車,未依規定讓車
11005ACD91B1125,20210514,120.286852,23.327784,交通事故,其他,臺南市鹽水區段號水秀里(南80線客轉高幹50)旁,1,晴,50,單路部分,路段,無號誌,車與車,未注意車前狀態
11005ACD91B1126,20210514,120.284574,23.309303,交通事故,一般地址,臺南市新營區嘉芳里復興路段975號0,1,晴,50,單路部分,路段,無號誌,車與車,未保持行車安全間隔
11005ACD91B1135,20210514,120.383763,23.280111,交通事故,無,臺南市柳營區段號,1,晴,60,交岔路,交叉路口,無號誌,車與車,違反特定標誌(線)禁制
11005ACD91B1158,20210514,120.310237,23.306285,交通事故,交叉路口,臺南市新營區三仙里三民路段號三興街,2,晴,40,交岔路,交叉路口,行車管制號誌,車與車,未依規定讓車
11005ACD91B1170,20210514,120.307917,23.303895,交通事故,一般地址,臺南市新營區民生里三民路段145號0,1,晴,40,交岔路,交叉路口,無號誌,汽(機)車本身,未注意車前狀態
11005ACD91B1172,20210514,120.325114,23.274786,交通事故,無,臺南市柳營區段號,1,晴,70,交岔路,交叉路口,無號誌,車與車,未依規定讓車
11005ACD91B1174,20210514,120.309038,23.303246,交通事故,一般地址,臺南市新營區民榮里復興路段138-2號,1,晴,50,交岔路,路段,無號誌,車與車,未保持行車安全間隔
11005ACD91B1222,20210515,120.333092,23.317621,交通事故,其他,臺南市新營區段號土庫里台一線與長榮路口,1,晴,70,交岔路,交叉路口,行車管制號誌,車與車,未依規定讓車
11005ACD91B1225,20210515,120.267881,23.315613,交通事故,交叉路口,臺南市鹽水區橋南里行昌路段號康樂路,2,晴,50,交岔路,交叉路口,無號誌,車與車,逆向行駛
11005ACD91B1237,20210515,120.358634,23.280596,交通事故,交叉路口,臺南市柳營區大農里工二路段號腳腿仔大道,1,晴,50,交岔路,交叉路口,閃光號誌,車與車,未依規定讓車
11005ACD91B1243,20210515,120.319984,23.311003,交通事故,交叉路口,臺南市新營區同濟街段號民治路,1,晴,50,交岔路,交叉路口,行車管制號誌,車與車,未依規定讓車
11005ACD91B1261,20210515,120.270578,23.311227,交通事故,交叉路口,臺南市鹽水區橋南里南太路段號忠孝路,1,晴,50,交岔路,交叉路口,行車管制號誌,汽(機)車本身,未注意車前狀態
11005ACD91B1264,20210515,120.302913,23.315834,交通事故,交叉路口,臺南市新營區長榮路段號民生路,2,晴,50,交岔路,交叉路口,行車管制號誌,車與車,未依規定讓車
11005ACD91B1287,20210516,120.251562,23.252299,交通事故,其他,臺南市鹽水區段號?頭港里無名道路下竹高幹90號,1,晴,30,單路部分,路段,無號誌,汽(機)車本身,疲勞(患病)駕駛失控
11005ACD91B1288,20210516,120.3118,23.300618,交通事故,一般地址,臺南市新營區永平里新進路2段62之1號,1,晴,40,單路部分,路段,無號誌,車與車,未保持行車安全距離
11005ACD91B1306,20210516,120.312967,23.304592,交通事故,一般地址,臺南市新營區民權里民權路段46號,2,晴,50,單路部分,路段,無號誌,車與車,起步未注意其他車(人)安全
11005ACD91B1307,20210516,120.254135,23.32551,交通事故,交叉路口,臺南市鹽水區仁愛路段號金和路,1,晴,50,交岔路,交叉路口,行車管制號誌,汽(機)車本身,未注意車前狀態
11005ACD91B1308,20210516,120.306322,23.2777,交通事故,一般地址,臺南市柳營區士林里仁愛路段106號0,2,晴,30,交岔路,交叉路口,無號誌,車與車,未依規定讓車
11005ACD91B1320,20210516,120.308514,23.30505,交通事故,其他,臺南市新營區段號三民路135號前,1,晴,50,單路部分,路段,無號誌,車與車,變換車道或方向不當
11005ACD91B1329,20210514,120.312806,23.299943,交通事故,交叉路口,臺南市新營區永平里南昌街段號武侯街,2,晴,50,交岔路,交叉路口,無號誌,汽(機)車本身,未注意車前狀態
11005ACD91B1335,20210516,120.313926,23.312405,交通事故,交叉路口,臺南市新營區府西路段號中正路107,1,晴,50,交岔路,交叉路口,無號誌,車與車,未依規定讓車
11005ACD91B1347,20210516,120.254439,23.324656,交通事故,無,臺南市鹽水區段號,1,晴,30,交岔路,交叉路口,無號誌,車與車,未依規定讓車
11005ACD91B1348,20210516,120.27555,23.292142,交通事故,一般地址,臺南市新營區太北里太子宮段133-6號0,1,晴,50,單路部分,路段,無號誌,車與車,違反特定標誌(線)禁制
11005ACD91B1411,20210517,120.316888,23.301265,交通事故,交叉路口,臺南市新營區興業里中興路段號廠前街,3,晴,30,交岔路,交叉路口,閃光號誌,車與車,未依規定讓車
11005ACD91B1417,20210517,120.267489,23.315136,交通事故,交叉路口,臺南市鹽水區橋南里南門路段號行昌路,1,晴,50,單路部分,路段,無號誌,車與車,倒車未依規定
11005ACD91B1422,20210517,120.316618,23.316513,交通事故,其他,臺南市新營區段號中正路126號前,1,晴,50,單路部分,路段,無號誌,車與車,倒車未依規定
11005ACD91B1426,20210517,120.311741,23.310517,交通事故,交叉路口,臺南市新營區民治路段號民權路,1,晴,40,交岔路,交叉路口,行車管制號誌,車與車,未依規定讓車
11005ACD91B1464,20210517,120.312214,23.317451,交通事故,交叉路口,臺南市新營區忠政里健康路段號府西路231,2,晴,30,交岔路,交叉路口,閃光號誌,車與車,未保持行車安全距離
11005ACD91B1478,20210517,120.330053,23.314601,交通事故,交叉路口,臺南市新營區中營里東山三路段號開元路,1,晴,50,交岔路,交叉路口,行車管制號誌,車與車,違反號誌管制或指揮
11005ACD91B1489,20210510,120.32561,23.285104,交通事故,其他,臺南市柳營區段號太康里台一線北上293.3公里處,1,晴,40,單路部分,路段,無號誌,汽(機)車本身,未注意車前狀態
11005ACD91B1531,20210518,120.315898,23.313165,交通事故,交叉路口,臺南市新營區忠政里中正路段37號安和街25,2,晴,30,交岔路,交叉路口,無號誌,車與車,未依規定讓車
11005ACD91B1556,20210518,120.268686,23.322333,交通事故,一般地址,臺南市鹽水區清?路段91號,1,晴,50,單路部分,路段,無號誌,車與車,起步未注意其他車(人)安全
11005ACD91B1564,20210518,120.303918,23.309704,交通事故,交叉路口,臺南市新營區新北里新北街段號新北二街,3,晴,30,交岔路,交叉路口,無號誌,車與車,未依規定讓車
11005ACD91B1566,20210518,120.321436,23.307432,交通事故,一般地址,臺南市新營區大宏里三民路段17號,1,晴,50,單路部分,路段,無號誌,車與車,迴轉未依規定
11005ACD91B1575,20210518,120.312085,23.319636,交通事故,交叉路口,臺南市新營區長榮路2段號健康路,1,晴,50,單路部分,路段,行車管制號誌,車與車,左轉彎未依規定
11005ACD91B1578,20210518,120.313493,23.300625,交通事故,交叉路口,臺南市新營區永平里延平路段號新進路2,1,晴,50,交岔路,交叉路口,行車管制號誌,車與車,未依規定讓車
11005ACD91B1605,20210519,120.318841,23.313954,交通事故,一般地址,臺南市新營區王公里民族路段114號0,0,晴,50,交岔路,路段,無號誌,車與車,未保持行車安全間隔
11005ACD91B1678,20210520,120.31158,23.325238,交通事故,一般地址,臺南市新營區護鎮里中正路段47960號0,1,晴,30,單路部分,路段,無號誌,車與車,未靠右行駛
11005ACD91B1685,20210520,120.316294,23.319746,交通事故,交叉路口,臺南市新營區王公里中正路段號長榮路,1,晴,50,交岔路,交叉路口,行車管制號誌,車與車,未依規定讓車
11005ACD91B1710,20210512,120.311059,23.268957,交通事故,其他,臺南市柳營區段號士林里長榮路6段513號前機慢車道,2,晴,40,單路部分,路段,無號誌,車與車,逆向行駛
11005ACD91B1728,20210520,120.310416,23.302374,交通事故,一般地址,臺南市新營區永平里濟安街段5號,1,晴,30,單路部分,路段,無號誌,車與車,未靠右行駛
11005ACD91B1740,20210520,120.303199,23.307493,交通事故,一般地址,臺南市新營區新南里隋唐街段31號0,1,晴,50,交岔路,路段,無號誌,車與車,開啟車門不當而肇事
11005ACD91B1755,20210520,120.313027,23.265178,交通事故,一般地址,臺南市柳營區士林里柳營路1段281號,2,晴,70,交岔路,交叉路口,行車管制號誌,車與車,左轉彎未依規定
11005ACD91B1809,20210515,120.316463,23.310869,交通事故,交叉路口,臺南市新營區忠政里中正路段號民治路,2,晴,50,交岔路,交叉路口,行車管制號誌(附設行人專用號誌),車與車,右轉彎未依規定
11005ACD91B1825,20210515,120.309564,23.311599,交通事故,一般地址,臺南市新營區新北里周武街段71號,1,晴,50,交岔路,交叉路口,無號誌,車與車,未保持行車安全距離
11005ACD91B1832,20210521,120.31351,23.330214,交通事故,其他,臺南市新營區段號許丑43-12,1,晴,50,單路部分,路段,無號誌,車與車,未保持行車安全距離
11005ACD91B1836,20210521,120.311679,23.279928,交通事故,其他,臺南市柳營區段號柳營路2段571582路燈前,1,晴,40,單路部分,路段,無號誌,車與車,變換車道或方向不當
11005ACD91B1885,20210521,120.321606,23.307405,交通事故,交叉路口,臺南市新營區大宏里三民路段號三民路8,1,晴,50,交岔路,交叉路口,行車管制號誌,車與車,未依規定讓車
11005ACD91B1923,20210522,120.30875,23.319544,交通事故,交叉路口,臺南市新營區護鎮里長榮路2段號三興街,1,晴,40,交岔路,路段,行車管制號誌,汽(機)車本身,疲勞(患病)駕駛失控
11005ACD91B1954,20210516,120.281666,23.302616,交通事故,一般地址,臺南市新營區嘉芳里新工路段36號,1,晴,40,單路部分,路段,無號誌,汽(機)車本身,未注意車前狀態
11005ACD91B1989,20210522,120.316754,23.307364,交通事故,一般地址,臺南市新營區三民路段27912號0,1,晴,50,單路部分,路段,無號誌,汽(機)車本身,未注意車前狀態
11005ACD91B2024,20210523,120.319032,23.307558,交通事故,一般地址,臺南市新營區大宏里三民路段16923號0,4,晴,40,單路部分,路段,無號誌,車與車,變換車道或方向不當
11005ACD91B2034,20210523,120.312505,23.330357,交通事故,無,臺南市新營區段號,1,晴,50,單路部分,路段,無號誌,汽(機)車本身,未注意車前狀態
11005ACD91B2049,20210520,120.289969,23.299167,交通事故,其他,臺南市新營區段號南紙里太子路321號旁東側腳踏車道路口,1,晴,30,交岔路,其他,閃光號誌,汽(機)車本身,未注意車前狀態
11005ACD91B2054,20210523,120.276958,23.291337,交通事故,其他,臺南市新營區段號太南里新橋街、無名道路-路口,2,晴,30,交岔路,交叉路口,閃光號誌,車與車,未依規定讓車
11005ACD91B2081,20210522,120.307226,23.302971,交通事故,交叉路口,臺南市新營區民榮里復興路段號裕民路,1,晴,50,交岔路,交叉路口,行車管制號誌,車與車,違反號誌管制或指揮
11005ACD91B2083,20210521,120.285291,23.297084,交通事故,其他,臺南市新營區段號南紙里太子路往東路燈2359前,1,晴,50,單路部分,路段,無號誌,汽(機)車本身,疲勞(患病)駕駛失控
11005ACD91B2108,20210524,120.277231,23.294358,交通事故,一般地址,臺南市新營區太南里太子宮段198號,2,晴,50,交岔路,交叉路口,行車管制號誌,車與車,起步未注意其他車(人)安全
11005ACD91B2116,20210524,120.300862,23.28181,交通事故,交叉路口,臺南市柳營區士林里仁愛路段號雙和路,1,晴,50,交岔路,路段,無號誌,車與車,未注意車前狀態
11005ACD91B2143,20210524,120.298988,23.301081,交通事故,交叉路口,臺南市新營區民榮里公園路2段號太子路537,1,晴,50,交岔路,交叉路口,無號誌,車與車,未依規定讓車
11005ACD91B2149,20210524,120.276611,23.264606,交通事故,其他,臺南市新營區段號鐵線橋97號,1,晴,50,單路部分,路段,無號誌,汽(機)車本身,未注意車前狀態
11005ACD91B2152,20210524,120.246352,23.281478,交通事故,其他,臺南市鹽水區段號歡雅里南67線(電桿洪雅高幹36N0252BE91)附近,2,晴,50,交岔路,交叉路口,無號誌,車與車,未保持行車安全距離
11005ACD91B2162,20210524,120.274096,23.29195,交通事故,其他,臺南市新營區段號姑爺里角帶圍1-12號前,1,晴,50,單路部分,路段,無號誌,車與車,未依規定讓車
11005ACD91B2171,20210524,120.25414,23.325509,交通事故,其他,臺南市鹽水區義中里仁愛路段號金和路義中里臺19線中央公路、金和路-路口,1,晴,50,交岔路,交叉路口,行車管制號誌,車與車,未依規定讓車
11005ACD91B2193,20210524,120.311881,23.279129,交通事故,一般地址,臺南市柳營區光福里柳營路2段122號,1,晴,50,單路部分,路段,無號誌,車與車,左轉彎未依規定
11005ACD91B2230,20210525,120.242032,23.292353,交通事故,一般地址,臺南市鹽水區歡雅里歡雅段25號,1,晴,50,交岔路,交叉路口,行車管制號誌,車與車,違反特定標誌(線)禁制
11005ACD91B2246,20210525,120.322443,23.307209,交通事故,一般地址,臺南市新營區中營里中山路段10號,2,晴,50,圓環廣場,路段,無號誌,車與車,未依規定讓車
11005ACD91B2260,20210525,120.303045,23.304879,交通事故,一般地址,臺南市新營區民生里民治路段317號0,2,晴,50,單路部分,路段,無號誌,車與車,逆向行駛
11005ACD91B2264,20210525,120.271115,23.318565,交通事故,交叉路口,臺南市鹽水區津城里信義路段號行昌路,1,晴,50,交岔路,路段,行車管制號誌,車與車,違反號誌管制或指揮
11005ACD91B2288,20210526,120.325139,23.278294,交通事故,無,臺南市柳營區段號,1,晴,70,單路部分,路段,無號誌,汽(機)車本身,未注意車前狀態
11005ACD91B2290,20210526,120.312861,23.302831,交通事故,交叉路口,臺南市新營區三仙里復興路段號成功街29,1,晴,50,交岔路,交叉路口,無號誌,車與車,橫越道路不慎
11005ACD91B2351,20210526,120.302725,23.30767,交通事故,一般地址,臺南市新營區新南里隋唐街段41號,1,晴,50,交岔路,交叉路口,無號誌,汽(機)車本身,未注意車前狀態
11005ACD91B2367,20210526,120.307214,23.302982,交通事故,交叉路口,臺南市新營區民榮里復興路段號三民路,1,晴,50,交岔路,交叉路口,行車管制號誌,車與車,違反特定標誌(線)禁制
11005ACD91B2391,20210527,120.30696,23.309131,交通事故,其他,臺南市新營區段號民治路69號前,2,晴,40,單路部分,路段,無號誌,車與車,其他引起事故之違規或不當行為
11005ACD91B2398,20210527,120.364072,23.266342,交通事故,無,臺南市柳營區段號,1,晴,40,交岔路,交叉路口,無號誌,車與車,未依規定讓車
11005ACD91B2407,20210527,120.321621,23.307402,交通事故,交叉路口,臺南市新營區大宏里三民路段號三民路8,1,晴,50,交岔路,交叉路口,行車管制號誌,車與車,未依規定讓車
11005ACD91B2437,20210527,120.313403,23.30011,交通事故,其他,臺南市新營區段號永平里延平路102號,1,晴,50,單路部分,路段,無號誌,車與車,起步未注意其他車(人)安全
11005ACD91B2438,20210527,120.270656,23.321973,交通事故,其他,臺南市鹽水區段號朝琴路114號前,2,晴,50,單路部分,路段,無號誌,人與汽(機)車,疲勞(患病)駕駛失控
11005ACD91B2467,20210528,120.320296,23.303044,交通事故,一般地址,臺南市新營區興業里新進路段122號0,1,晴,40,單路部分,路段,無號誌,汽(機)車本身,未注意車前狀態
11005ACD91B2471,20210528,120.30161,23.304471,交通事故,一般地址,臺南市新營區新南里復興路段360號,1,晴,50,單路部分,路段,無號誌,車與車,倒車未依規定
11005ACD91B2478,20210528,120.322251,23.306779,交通事故,一般地址,臺南市新營區中營里中山路段20號0,1,晴,50,圓環廣場,路段,無號誌,車與車,變換車道或方向不當
11005ACD91B2483,20210528,120.276028,23.27438,交通事故,其他,臺南市新營區段號新營區五興里省道臺19甲、無名道路-路口,1,晴,50,交岔路,交叉路口,行車管制號誌,車與車,未依規定讓車
11005ACD91B2494,20210528,120.316775,23.305041,交通事故,其他,臺南市新營區段號中山路146號前,1,晴,40,圓環廣場,路段,無號誌,車與車,未依規定讓車
11005ACD91B2743,20210531,120.312971,23.277061,交通事故,交叉路口,臺南市柳營區光福里福德三街段號福安一街,1,陰,50,交岔路,交叉路口,無號誌,車與車,未依規定讓車
11005ACD91B2747,20210531,120.321182,23.315168,交通事故,交叉路口,臺南市新營區新東里民族路段150號義和街,1,陰,30,交岔路,交叉路口,無號誌,車與車,未依規定讓車
11005ACD91B2753,20210531,120.310761,23.301752,交通事故,其他,臺南市新營區段號永平里長春街134巷13號前,1,晴,30,單路部分,路段,無號誌,車與車,未靠右行駛
11005ACD91B2768,20210531,120.323018,23.315267,交通事故,交叉路口,臺南市新營區新東里東興路段號東學路,1,陰,50,交岔路,交叉路口,行車管制號誌,汽(機)車本身,未注意車前狀態
11005ACD91B2771,20210531,120.318487,23.301811,交通事故,交叉路口,臺南市新營區南興里新進路段號公誠街,2,陰,50,單路部分,路段,無號誌,車與車,起步未注意其他車(人)安全
11005ACD91B2798,20210531,120.267719,23.319847,交通事故,交叉路口,臺南市鹽水區月港里中正路段號中山路,2,陰,50,交岔路,交叉路口,行車管制號誌,車與車,未依規定讓車
11005ACDT1B0339,20210506,120.313277,23.277586,交通事故,其他,臺南市柳營區段號福德二街與福安二街口,1,晴,50,交岔路,交叉路口,無號誌,車與車,未依規定讓車
11005ACDV1B0892,20210507,120.316344,23.304056,交通事故,其他,臺南市新營區段號民權里中山路圓環,1,晴,50,圓環廣場,路段,無號誌,汽(機)車本身,未注意車前狀態
11005ACE91B0099,20210501,120.489528,23.0798,交通事故,其他,臺南市南化區段號北寮里64之10號前,1,晴,50,交岔路,交叉路口,無號誌,車與車,未靠右行駛
11005ACE91B0216,20210504,120.462996,23.120292,交通事故,交叉路口,臺南市玉井區玉田里中山路段號和平街,3,晴,50,交岔路,交叉路口,閃光號誌,車與車,右轉彎未依規定
11005ACE91B0661,20210509,120.485677,23.09185,交通事故,無,臺南市南化區段號,1,晴,60,單路部分,路段,無號誌,汽(機)車本身,超速失控
11005ACE91B0763,20210509,120.486135,23.090817,交通事故,無,臺南市南化區段號,3,晴,70,單路部分,路段,無號誌,車與車,逆向行駛
11005ACE91B0805,20210505,120.479657,23.190208,交通事故,無,臺南市楠西區段號,2,晴,50,交岔路,交叉路口,無號誌,車與車,左轉彎未依規定
11005ACE91B1016,20210512,120.486454,23.179606,交通事故,交叉路口,臺南市楠西區東勢里民權路段號民生路,1,晴,50,交岔路,交叉路口,閃光號誌,車與車,未依規定讓車
11005ACE91B1078,20210512,120.484083,23.05899,交通事故,無,臺南市南化區段號,1,晴,60,單路部分,路段,無號誌,車與車,未注意車前狀態
11005ACE91B1149,20210512,120.464187,23.123801,交通事故,一般地址,臺南市玉井區玉田里民族路段67號,1,晴,50,單路部分,路段,無號誌,車與車,開啟車門不當而肇事
11005ACE91B1153,20210514,120.46608,23.121643,交通事故,交叉路口,臺南市玉井區玉田里中山路段號大智街,1,晴,50,交岔路,交叉路口,閃光號誌,車與車,迴轉未依規定
11005ACE91B1186,20210513,120.510358,23.191801,交通事故,無,臺南市楠西區段號,1,晴,40,單路部分,路段,無號誌,汽(機)車本身,未注意車前狀態
11005ACE91B1187,20210513,120.464447,23.121613,交通事故,一般地址,臺南市玉井區玉田里中華路段178號0,2,晴,50,單路部分,路段,無號誌,車與車,起步未注意其他車(人)安全
11005ACE91B1524,20210510,120.458315,23.11973,交通事故,交叉路口,臺南市玉井區玉井里中正路段號中山路,1,晴,50,交岔路,交叉路口,行車管制號誌,車與車,未保持行車安全距離
11005ACE91B1652,20210518,120.468706,23.129397,交通事故,其他,臺南市玉井區段號竹圍里中正路513號對面,1,晴,50,交岔路,交叉路口,無號誌,汽(機)車本身,未注意車前狀態
11005ACE91B1723,20210518,120.475131,23.032608,交通事故,交叉路口,臺南市南化區西埔里省道臺3線段號區道南174線,1,晴,60,交岔路,交叉路口,閃光號誌,汽(機)車本身,疲勞(患病)駕駛失控
11005ACE91B1895,20210520,120.474109,23.044483,交通事故,一般地址,臺南市南化區南化里南化路段44226號,1,晴,50,單路部分,路段,無號誌,汽(機)車本身,未注意車前狀態
11005ACE91B2886,20210522,120.464489,23.123837,交通事故,交叉路口,臺南市玉井區玉田里民族路段號民生路,1,晴,50,交岔路,交叉路口,閃光號誌,車與車,未依規定讓車
11005ACE91B2888,20210528,120.477654,23.133177,交通事故,無,臺南市玉井區段號,2,晴,50,交岔路,交叉路口,閃光號誌,車與車,未依規定讓車
11005ACEU1B2735,20210518,120.458525,23.119769,交通事故,其他,臺南市玉井區段號中山路、中正路路口(東向西),1,晴,60,交岔路,交叉路口,行車管制號誌(附設行人專用號誌),車與車,左轉彎未依規定
11005ACF91B0087,20210502,120.417458,23.352806,交通事故,交叉路口,臺南市白河區庄內里中山路段號新興路,1,晴,50,交岔路,交叉路口,行車管制號誌,車與車,左轉彎未依規定
11005ACF91B0133,20210503,120.413485,23.353132,交通事故,一般地址,臺南市白河區永安里國泰路段327號,1,陰,50,單路部分,路段,無號誌,車與車,未注意車前狀態
11005ACF91B0434,20210505,120.423759,23.317824,交通事故,其他,臺南市東山區段號大客里凹仔腳37-8號前,1,晴,40,交岔路,交叉路口,無號誌,車與車,起步未注意其他車(人)安全
11005ACF91B0440,20210505,120.364861,23.365056,交通事故,其他,臺南市後壁區段號後壁里後壁170-2號前,2,晴,50,交岔路,交叉路口,無號誌,車與車,未依規定讓車
11005ACF91B0449,20210505,120.357011,23.309724,交通事故,交叉路口,臺南市東山區聖賢里區道南314線段號區道南102線,1,晴,50,交岔路,交叉路口,行車管制號誌,車與車,未依規定讓車
11005ACF91B0461,20210505,120.42901,23.402963,交通事故,無,臺南市白河區段號,2,晴,50,單路部分,路段,無號誌,車與車,未注意車前狀態
11005ACF91B0469,20210507,120.358405,23.309729,交通事故,其他,臺南市東山區段號南314線3.5K,1,晴,60,交岔路,交叉路口,無號誌,車與車,右轉彎未依規定
11005ACF91B0493,20210507,120.366757,23.367479,交通事故,其他,臺南市後壁區段號後壁里仁愛路與和平路一段口,1,晴,40,交岔路,交叉路口,閃光號誌,車與車,未依規定讓車
11005ACF91B0722,20210510,120.365214,23.347521,交通事故,其他,臺南市後壁區段號頂安里南81線2公里處,2,晴,30,交岔路,交叉路口,無號誌,車與車,未依規定讓車
11005ACF91B0728,20210510,120.414,23.344995,交通事故,一般地址,臺南市白河區永安里富民路段111號,1,晴,50,單路部分,路段,無號誌,車與車,違反特定標誌(線)禁制
11005ACF91B0762,20210510,120.409316,23.34913,交通事故,其他,臺南市白河區段號永安里中正路與富民路口,1,晴,50,交岔路,交叉路口,行車管制號誌,車與車,左轉彎未依規定
11005ACF91B1046,20210511,120.297961,23.344263,交通事故,其他,臺南市後壁區段號竹新里道路,1,晴,30,單路部分,路段,無號誌,汽(機)車本身,其他引起事故之違規或不當行為
11005ACF91B1167,20210514,120.41165,23.305281,交通事故,無,臺南市東山區段號,1,晴,40,交岔路,交叉路口,無號誌,車與車,未依規定讓車
11005ACF91B1171,20210514,120.417372,23.345204,交通事故,交叉路口,臺南市白河區白河里富民路段號康樂路,2,晴,50,交岔路,交叉路口,行車管制號誌,車與車,未依規定讓車
11005ACF91B1206,20210514,120.371429,23.38321,交通事故,交叉路口,臺南市後壁區嘉民里省道臺1線段號區道南84線,2,晴,70,交岔路,交叉路口,行車管制號誌,車與車,未保持行車安全距離
11005ACF91B1344,20210515,120.358132,23.35612,交通事故,無,臺南市後壁區段號,1,晴,70,單路部分,路段,無號誌,車與車,起步未注意其他車(人)安全
11005ACF91B1414,20210516,120.445379,23.265129,交通事故,其他,臺南市東山區段號東原里南99線東原高幹141號前,3,晴,50,單路部分,路段,無號誌,車與車,未注意車前狀態
11005ACF91B1456,20210517,120.463696,23.330892,交通事故,其他,臺南市白河區段號大林里南96線大林高幹109前,1,晴,30,單路部分,路段,無號誌,車與車,未靠右行駛
11005ACF91B1472,20210515,120.40345,23.328452,交通事故,一般地址,臺南市東山區東山里中興北街段273號,1,晴,50,單路部分,路段,無號誌,車與車,迴轉未依規定
11005ACF91B1571,20210509,120.412348,23.345406,交通事故,交叉路口,臺南市白河區永安里富民路段號中山路,2,晴,50,交岔路,交叉路口,行車管制號誌,車與車,左轉彎未依規定
11005ACF91B1616,20210511,120.394973,23.292563,交通事故,其他,臺南市東山區段號科里里枋子林4-1號,1,晴,50,交岔路,交叉路口,無號誌,車與車,未注意車前狀態
11005ACF91B1766,20210511,120.411356,23.397544,交通事故,無,臺南市白河區段號,1,晴,50,單路部分,路段,無號誌,車與車,起步未注意其他車(人)安全
11005ACF91B2309,20210516,120.419355,23.355249,交通事故,交叉路口,臺南市白河區中山路段號裕農路,1,晴,50,交岔路,交叉路口,行車管制號誌,車與車,未依規定讓車
11005ACF91B2481,20210528,120.403401,23.32252,交通事故,交叉路口,臺南市東山區東山里中興路段號達雲路,2,晴,40,交岔路,交叉路口,行車管制號誌,車與車,逆向行駛
11005ACF91B2576,20210529,120.343099,23.327739,交通事故,其他,臺南市後壁區段號福安里下寮200號之7,1,晴,50,交岔路,交叉路口,無號誌,車與車,未依規定讓車
11005ACF91B2577,20210515,120.421455,23.357936,交通事故,一般地址,臺南市白河區中山路段315號,1,晴,30,單路部分,路段,無號誌,車與車,未注意車前狀態
11005ACF91B2693,20210513,120.412523,23.35526,交通事故,一般地址,臺南市白河區永安里大德街段118號0,1,晴,50,單路部分,路段,無號誌,車與車,倒車未依規定
11005ACF91B2694,20210520,120.448176,23.235532,交通事故,其他,臺南市東山區段號嶺南里小瑞士發電廠入口,1,晴,30,單路部分,路段,無號誌,車與車,未保持行車安全間隔
11005ACF91B2695,20210520,120.406646,23.318212,交通事故,無,臺南市東山區段號,2,晴,50,交岔路,交叉路口,無號誌,車與車,未依規定讓車
11005ACF91B2696,20210520,120.461263,23.237521,交通事故,無,臺南市東山區段號,1,晴,40,單路部分,路段,無號誌,汽(機)車本身,未注意車前狀態
11005ACF91B2698,20210520,120.353335,23.33183,交通事故,其他,臺南市後壁區段號頂安里頂寮94-5號,2,晴,50,交岔路,交叉路口,無號誌,車與車,起步未注意其他車(人)安全
11005ACF91B2700,20210521,120.383485,23.281665,交通事故,無,臺南市東山區段號,1,晴,50,單路部分,路段,無號誌,汽(機)車本身,未注意車前狀態
11005ACF91B2701,20210521,120.436894,23.275208,交通事故,無,臺南市東山區段號,1,晴,40,單路部分,路段,無號誌,汽(機)車本身,未注意車前狀態
11005ACF91B2702,20210527,120.412206,23.367083,交通事故,一般地址,臺南市白河區大竹里區道南89線段120-26號,1,晴,50,單路部分,路段,無號誌,車與車,違反特定標誌(線)禁制
11005ACF91B2704,20210527,120.41816,23.353689,交通事故,一般地址,臺南市白河區庄內里中山路段207號,1,晴,50,單路部分,路段,無號誌,車與車,開啟車門不當而肇事
11005ACF91B2763,20210523,120.415087,23.349516,交通事故,交叉路口,臺南市白河區永安里中山路段號中正路,1,晴,50,交岔路,交叉路口,行車管制號誌,車與車,迴轉未依規定
11005ACF91B3138,20210526,120.417458,23.352806,交通事故,交叉路口,臺南市白河區白河里新興路段號中山路,1,晴,50,交岔路,交叉路口,行車管制號誌,車與車,違反號誌管制或指揮
11005ACF91B3175,20210518,120.347356,23.306381,交通事故,其他,臺南市東山區段號聖賢里頂窩道路,1,晴,30,單路部分,路段,無號誌,汽(機)車本身,其他引起事故之違規或不當行為
11005ACFN2B2639,20210523,120.412521,23.354221,交通事故,交叉路口,臺南市白河區永安里大德街段號大德街90,1,晴,40,交岔路,交叉路口,無號誌,車與車,左轉彎未依規定
11005ACFN2B3002,20210526,120.415851,23.348775,交通事故,一般地址,臺南市白河區白河里新富街段8號,1,晴,50,單路部分,路段,無號誌,人與汽(機)車,貨物超長、寬、高而肇事
11005ACG91B0002,20210501,120.341045,23.160722,交通事故,交叉路口,臺南市官田區渡拔里省道臺1線段號區道南181線,2,晴,50,交岔路,交叉路口,行車管制號誌,車與車,左轉彎未依規定
11005ACG91B0005,20210501,120.346082,23.228429,交通事故,其他,臺南市六甲區段號二甲里民權街與建工街口,1,晴,50,交岔路,交叉路口,無號誌,車與車,未注意車前狀態
11005ACG91B0014,20210501,120.247948,23.181883,交通事故,交叉路口,臺南市麻豆區中興里興國路段號信義路,1,晴,50,交岔路,交叉路口,行車管制號誌,車與車,違反號誌管制或指揮