案件編號,發生日期,GPS經度,GPS緯度,案件類別名稱,地址類型名稱,發生縣市名稱,受傷人數,天候名稱, 速限-第1當事者,道路型態大類別名稱,事故位置大類別名稱,號誌-號誌種類名稱,事故類型及型態大類別名稱,肇因研判子類別名稱-主要
11005ACG91B0043,20210501,120.248263,23.183122,交通事故,交叉路口,臺南市麻豆區中興里興國路段號仁愛路,1,晴,50,交岔路,交叉路口,行車管制號誌,車與車,違反特定標誌(線)禁制
11005ACG91B0065,20210502,120.241103,23.185974,交通事故,一般地址,臺南市麻豆區油車里新生北路段48號,1,晴,50,單路部分,路段,無號誌,車與車,變換車道或方向不當
11005ACG91B0068,20210502,120.266235,23.198589,交通事故,交叉路口,臺南市麻豆區南勢里省道臺19甲線段號市道171甲線,3,晴,50,交岔路,交叉路口,行車管制號誌,車與車,違反號誌管制或指揮
11005ACG91B0091,20210502,120.247231,23.184502,交通事故,交叉路口,臺南市麻豆區新興里光復路段號中華街,3,晴,50,交岔路,交叉路口,無號誌,車與車,未依規定讓車
11005ACG91B0093,20210502,120.243676,23.183904,交通事故,其他,臺南市麻豆區段號新興里中山路128之5號前,1,晴,50,單路部分,路段,無號誌,汽(機)車本身,未注意車前狀態
11005ACG91B0094,20210502,120.232673,23.180796,交通事故,其他,臺南市麻豆區段號埤頭里苓仔林20號附近(新樓醫院),1,晴,30,單路部分,路段,無號誌,汽(機)車本身,未注意車前狀態
11005ACG91B0108,20210502,120.315497,23.193044,交通事故,其他,臺南市官田區段號隆田里台一線305.2公里處,1,晴,70,單路部分,路段,無號誌,車與車,起步未注意其他車(人)安全
11005ACG91B0112,20210503,120.243145,23.190306,交通事故,交叉路口,臺南市麻豆區油車里新生北路段號自由路,1,晴,50,交岔路,交叉路口,閃光號誌,車與車,未依規定讓車
11005ACG91B0118,20210503,120.239734,23.17634,交通事故,交叉路口,臺南市麻豆區海埔里區道南24線段號區道南49線,1,晴,50,交岔路,交叉路口,行車管制號誌,車與車,未依規定讓車
11005ACG91B0146,20210503,120.256044,23.179847,交通事故,其他,臺南市麻豆區段號同仁街與國中街口,1,晴,50,交岔路,交叉路口,無號誌,車與車,未保持行車安全距離
11005ACG91B0221,20210504,120.260985,23.187337,交通事故,一般地址,臺南市麻豆區南勢里區道南61線段南勢5-31號,2,晴,50,交岔路,交叉路口,無號誌,車與車,未依規定讓車
11005ACG91B0240,20210504,120.253647,23.177082,交通事故,交叉路口,臺南市麻豆區?江里省道臺19甲線段號新生南路,1,晴,50,交岔路,交叉路口,行車管制號誌,車與車,違反號誌管制或指揮
11005ACG91B0253,20210504,120.236153,23.233587,交通事故,其他,臺南市下營區段號大吉里大屯寮41號之1前,1,晴,50,單路部分,路段,無號誌,車與車,變換車道或方向不當
11005ACG91B0264,20210505,120.269429,23.224303,交通事故,交叉路口,臺南市下營區營前里環營南路1段號省道臺19甲線,1,晴,60,交岔路,交叉路口,行車管制號誌,車與車,未依規定讓車
11005ACG91B0288,20210505,120.255839,23.215853,交通事故,無,臺南市下營區段號,1,晴,50,單路部分,路段,無號誌,汽(機)車本身,其他引起事故之違規或不當行為
11005ACG91B0324,20210506,120.33202,23.242681,交通事故,其他,臺南市六甲區段號七甲里和平街燈桿550446號(近和平街185-7號),1,晴,50,單路部分,路段,無號誌,汽(機)車本身,酒醉(後)駕駛失控
11005ACG91B0328,20210505,120.322856,23.209443,交通事故,交叉路口,臺南市官田區二鎮里工業路段號建業路,2,晴,40,交岔路,交叉路口,閃光號誌,車與車,未依規定讓車
11005ACG91B0335,20210506,120.341143,23.222828,交通事故,其他,臺南市六甲區段號中華路與和平街口,1,晴,50,交岔路,交叉路口,行車管制號誌,車與車,未注意車前狀態
11005ACG91B0348,20210506,120.344271,23.232385,交通事故,交叉路口,臺南市六甲區二甲里中山路段號和平街,1,晴,50,交岔路,交叉路口,行車管制號誌,車與車,未依規定讓車
11005ACG91B0362,20210506,120.259329,23.18336,交通事故,其他,臺南市麻豆區段號南勢里南勢36-25號前,2,晴,30,交岔路,交叉路口,無號誌,車與車,未依規定讓車
11005ACG91B0378,20210505,120.34996,23.230938,交通事故,一般地址,臺南市六甲區六甲里中山路段71號0,1,晴,50,單路部分,路段,無號誌,汽(機)車本身,未注意車前狀態
11005ACG91B0379,20210505,120.34996,23.230938,交通事故,一般地址,臺南市六甲區六甲里中山路段71號,1,晴,50,單路部分,路段,無號誌,車與車,逆向行駛
11005ACG91B0383,20210506,120.25145,23.183661,交通事故,其他,臺南市麻豆區段號巷口里興中路與民權路口,1,晴,50,交岔路,交叉路口,行車管制號誌,人與汽(機)車,搶越行人穿越道
11005ACG91B0394,20210506,120.259006,23.183714,交通事故,交叉路口,臺南市麻豆區東角里興中路段號興中路251,1,晴,50,交岔路,交叉路口,行車管制號誌,車與車,超速失控
11005ACG91B0396,20210506,120.222936,23.175844,交通事故,其他,臺南市麻豆區段號麻口里麻豆口1之31號前,2,晴,30,單路部分,路段,無號誌,車與車,起步未注意其他車(人)安全
11005ACG91B0397,20210505,120.361412,23.20519,交通事故,其他,臺南市官田區段號烏山頭里路燈491448旁路口,1,晴,50,交岔路,交叉路口,無號誌,車與車,未注意車前狀態
11005ACG91B0429,20210507,120.296864,23.187622,交通事故,其他,臺南市官田區段號東西庄里南62線與隆西街口,1,晴,50,交岔路,交叉路口,閃光號誌,車與車,煞車失靈
11005ACG91B0439,20210507,120.24045,23.185596,交通事故,一般地址,臺南市麻豆區新建里麻學路1段15號0,2,晴,50,單路部分,路段,無號誌,車與車,開啟車門不當而肇事
11005ACG91B0453,20210507,120.323507,23.202562,交通事故,一般地址,臺南市官田區二鎮里工業南路段39號0,1,晴,50,單路部分,路段,無號誌,車與車,迴轉未依規定
11005ACG91B0465,20210507,120.248835,23.183601,交通事故,一般地址,臺南市麻豆區巷口里興中路段12號,3,晴,50,單路部分,路段,無號誌,車與車,違反特定標誌(線)禁制
11005ACG91B0484,20210507,120.238268,23.233735,交通事故,其他,臺南市下營區段號大吉里大屯寮18之16號前,2,晴,50,單路部分,路段,無號誌,車與車,未注意車前狀態
11005ACG91B0488,20210507,120.306121,23.213743,交通事故,其他,臺南市官田區段號南?里102之3號前,1,晴,30,交岔路,交叉路口,無號誌,車與車,未依規定讓車
11005ACG91B0489,20210507,120.259346,23.233593,交通事故,一般地址,臺南市下營區仁里里友愛街段15號,1,晴,50,單路部分,路段,無號誌,車與車,迴轉未依規定
11005ACG91B0514,20210508,120.243145,23.190306,交通事故,交叉路口,臺南市麻豆區油車里新生北路段號自由路,1,晴,30,交岔路,交叉路口,閃光號誌,車與車,未依規定讓車
11005ACG91B0524,20210507,120.376406,23.238305,交通事故,無,臺南市六甲區段號,1,晴,50,單路部分,路段,無號誌,車與車,違規超車
11005ACG91B0533,20210508,120.358487,23.220438,交通事故,其他,臺南市六甲區段號甲東里珊瑚路(南318線8.5公里處),1,晴,50,單路部分,路段,無號誌,汽(機)車本身,未注意車前狀態
11005ACG91B0544,20210508,120.318245,23.195961,交通事故,一般地址,臺南市官田區隆田里文化街段130號0,2,晴,50,單路部分,路段,無號誌,車與車,起步未注意其他車(人)安全
11005ACG91B0617,20210509,120.312433,23.253443,交通事故,其他,臺南市六甲區段號龜港里台一線與174線(往西)路口,1,晴,70,交岔路,交叉路口,行車管制號誌,車與車,違反號誌管制或指揮
11005ACG91B0627,20210509,120.244065,23.18505,交通事故,其他,臺南市麻豆區段號自由路興民街口,1,晴,50,交岔路,交叉路口,閃光號誌,車與車,未依規定讓車
11005ACG91B0631,20210509,120.264797,23.209467,交通事故,其他,臺南市下營區段號西連里連表27號旁路口,1,晴,50,交岔路,交叉路口,無號誌,車與車,未依規定讓車
11005ACG91B0652,20210509,120.342056,23.188788,交通事故,其他,臺南市官田區段號官田里南117線0.3公里處,1,晴,50,交岔路,交叉路口,無號誌,汽(機)車本身,未注意車前狀態
11005ACG91B0679,20210509,120.269257,23.222421,交通事故,交叉路口,臺南市下營區營前里省道臺19甲線段號健康路200,2,晴,60,交岔路,交叉路口,閃光號誌,車與車,未注意車前狀態
11005ACG91B0681,20210509,120.249287,23.183788,交通事故,一般地址,臺南市麻豆區穀興里興中路段33號,1,晴,50,單路部分,路段,無號誌,人與汽(機)車,未依規定行走行人穿越道、地下道、天橋而穿越道路
11005ACG91B0682,20210509,120.312638,23.259182,交通事故,其他,臺南市六甲區段號龜港里龜子港342號前,2,晴,50,單路部分,路段,無號誌,車與車,未保持行車安全距離
11005ACG91B0684,20210509,120.268717,23.184395,交通事故,其他,臺南市麻豆區段號南勢里總爺5號旁,1,晴,40,單路部分,路段,無號誌,汽(機)車本身,未注意車前狀態
11005ACG91B0714,20210510,120.251463,23.183047,交通事故,交叉路口,臺南市麻豆區巷口里民權路段號興南路,1,晴,40,交岔路,交叉路口,行車管制號誌,車與車,未保持行車安全間隔
11005ACG91B0740,20210510,120.252338,23.176986,交通事故,一般地址,臺南市麻豆區巷口里新生南路段766號,1,晴,50,單路部分,路段,無號誌,車與車,變換車道或方向不當
11005ACG91B0743,20210510,120.318242,23.194073,交通事故,一般地址,臺南市官田區隆田里文化街段52號,1,晴,50,單路部分,路段,無號誌,車與車,開啟車門不當而肇事
11005ACG91B0772,20210510,120.2394,23.184574,交通事故,其他,臺南市麻豆區段號新興里176線與麻豆轉運站前路口,2,晴,50,交岔路,交叉路口,行車管制號誌,車與車,違反號誌管制或指揮
11005ACG91B0784,20210510,120.277184,23.251486,交通事故,無,臺南市下營區段號,2,晴,30,交岔路,交叉路口,閃光號誌,車與車,未依規定讓車
11005ACG91B0785,20210510,120.330905,23.221266,交通事故,交叉路口,臺南市官田區二鎮里區道南318線段號區道南113線,2,晴,50,交岔路,交叉路口,行車管制號誌,車與車,左轉彎未依規定
11005ACG91B0786,20210510,120.312371,23.255797,交通事故,其他,臺南市六甲區段號龜港里龜子港198之1號前,2,晴,70,單路部分,路段,無號誌,車與車,未依規定讓車
11005ACG91B0795,20210511,120.252071,23.185215,交通事故,一般地址,臺南市麻豆區大埕里忠孝路段27之1號,1,晴,50,單路部分,路段,無號誌,車與車,起步未注意其他車(人)安全
11005ACG91B0861,20210506,120.261824,23.235541,交通事故,交叉路口,臺南市下營區營前里民族一街段號民權一街,1,晴,30,交岔路,交叉路口,無號誌,車與車,未保持行車安全距離
11005ACG91B0865,20210511,120.316137,23.198184,交通事故,交叉路口,臺南市官田區隆田里忠孝街段號興隆街,1,晴,50,交岔路,交叉路口,無號誌,車與車,未依規定讓車
11005ACG91B0867,20210502,120.337545,23.180494,交通事故,無,臺南市官田區段號,1,晴,70,單路部分,路段,無號誌,車與車,未保持行車安全間隔
11005ACG91B0899,20210511,120.27343,23.189406,交通事故,一般地址,臺南市麻豆區南勢里南勢段87之5號,1,晴,50,單路部分,路段,無號誌,車與車,逆向行駛
11005ACG91B0908,20210512,120.246939,23.183713,交通事故,一般地址,臺南市麻豆區新興里中山路段42之1號0,2,晴,50,單路部分,路段,無號誌,車與車,起步未注意其他車(人)安全
11005ACG91B0933,20210512,120.308761,23.253973,交通事故,交叉路口,臺南市六甲區龜港里市道174線段號龜仔港161,1,晴,50,交岔路,交叉路口,閃光號誌,車與車,違規超車
11005ACG91B0935,20210512,120.423581,23.243,交通事故,無,臺南市六甲區段號,1,晴,40,單路部分,路段,無號誌,車與車,違反特定標誌(線)禁制
11005ACG91B0950,20210512,120.258104,23.224444,交通事故,無,臺南市下營區段號,1,晴,50,交岔路,交叉路口,行車管制號誌,車與車,未注意車前狀態
11005ACG91B0955,20210512,120.249656,23.183075,交通事故,交叉路口,臺南市麻豆區巷口里民族路段號興南路,1,晴,50,交岔路,交叉路口,閃光號誌,車與車,未依規定讓車
11005ACG91B0958,20210512,120.353385,23.230244,交通事故,交叉路口,臺南市六甲區六甲里復興街段號民生街,1,晴,50,交岔路,交叉路口,無號誌,車與車,未注意車前狀態
11005ACG91B0960,20210512,120.295291,23.25346,交通事故,無,臺南市下營區段號,1,晴,50,交岔路,路段,無號誌,汽(機)車本身,未注意車前狀態
11005ACG91B0962,20210512,120.257459,23.182089,交通事故,交叉路口,臺南市麻豆區東角里信義路段號國中街,1,晴,50,交岔路,交叉路口,閃光號誌,車與車,未依規定讓車
11005ACG91B0985,20210512,120.259908,23.241062,交通事故,交叉路口,臺南市下營區後街里市道174線段號區道南67線,1,晴,50,交岔路,交叉路口,行車管制號誌,車與車,違反號誌管制或指揮
11005ACG91B0990,20210513,120.255265,23.183669,交通事故,交叉路口,臺南市麻豆區東角里興中路段號忠孝路,1,晴,50,交岔路,交叉路口,行車管制號誌,車與車,未依規定讓車
11005ACG91B1026,20210513,120.253069,23.189565,交通事故,一般地址,臺南市麻豆區大埕里中正路段366號,1,晴,50,單路部分,路段,無號誌,車與車,未保持行車安全距離
11005ACG91B1051,20210513,120.248074,23.183783,交通事故,一般地址,臺南市麻豆區中山路段12號0,1,晴,50,單路部分,路段,無號誌,車與車,違反特定標誌(線)禁制
11005ACG91B1063,20210513,120.315653,23.240234,交通事故,其他,臺南市六甲區段號中社里臺一線與174線路口,1,晴,50,交岔路,交叉路口,行車管制號誌,車與車,未依規定讓車
11005ACG91B1161,20210514,120.225202,23.17823,交通事故,其他,臺南市麻豆區段號麻口里麻豆口10之12號附近,1,晴,60,交岔路,路段,無號誌,車與車,起步未注意其他車(人)安全
11005ACG91B1164,20210514,120.253647,23.177082,交通事故,交叉路口,臺南市麻豆區?江里新生南路段號民權路,1,晴,50,交岔路,交叉路口,行車管制號誌,車與車,起步未注意其他車(人)安全
11005ACG91B1166,20210514,120.283208,23.193792,交通事故,交叉路口,臺南市麻豆區寮?里市道176線段號區道南63線,1,晴,50,交岔路,交叉路口,無號誌,車與車,未依規定讓車
11005ACG91B1213,20210515,120.244276,23.182987,交通事故,交叉路口,臺南市麻豆區中興里自由路段號仁愛路,1,晴,50,交岔路,交叉路口,行車管制號誌,車與車,未依規定讓車
11005ACG91B1256,20210515,120.245749,23.183028,交通事故,交叉路口,臺南市麻豆區中興里三民路段號仁愛路,1,晴,50,交岔路,交叉路口,閃光號誌,車與車,未依規定讓車
11005ACG91B1293,20210515,120.228875,23.144763,交通事故,無,臺南市麻豆區段號,1,晴,50,交岔路,交叉路口,無號誌,汽(機)車本身,未注意車前狀態
11005ACG91B1300,20210515,120.2443,23.180576,交通事故,一般地址,臺南市麻豆區中興里自由路段9號,1,晴,50,單路部分,路段,無號誌,人與汽(機)車,穿越道路未注意左右來車
11005ACG91B1330,20210516,120.379003,23.236089,交通事故,無,臺南市六甲區段號,1,晴,50,單路部分,路段,無號誌,汽(機)車本身,未注意車前狀態
11005ACG91B1345,20210515,120.24135,23.144854,交通事故,其他,臺南市麻豆區段號謝厝寮里溪底高幹96旁路口,1,晴,30,交岔路,交叉路口,無號誌,車與車,未依規定讓車
11005ACG91B1356,20210516,120.259444,23.183674,交通事故,一般地址,臺南市麻豆區南勢里南勢段35之95號0,2,晴,50,單路部分,路段,無號誌,人與汽(機)車,未注意車前狀態
11005ACG91B1374,20210516,120.252412,23.185207,交通事故,交叉路口,臺南市麻豆區大埕里忠孝路段號文昌路,1,晴,50,交岔路,交叉路口,行車管制號誌,車與車,違反號誌管制或指揮
11005ACG91B1420,20210517,120.267103,23.231301,交通事故,一般地址,臺南市下營區營前里健康路段20022號0,1,晴,30,單路部分,路段,無號誌,汽(機)車本身,未注意車前狀態
11005ACG91B1425,20210517,120.244258,23.183678,交通事故,交叉路口,臺南市麻豆區油車里中山路段號自由路,1,晴,50,交岔路,交叉路口,行車管制號誌,車與車,違反號誌管制或指揮
11005ACG91B1432,20210516,120.315686,23.188787,交通事故,其他,臺南市官田區段號隆田里三民路營南幹15前,1,晴,50,單路部分,路段,無號誌,車與車,迴轉未依規定
11005ACG91B1441,20210517,120.272022,23.186915,交通事故,交叉路口,臺南市麻豆區南勢里市道171線段號區道南61線,2,晴,50,交岔路,交叉路口,行車管制號誌,車與車,起步未注意其他車(人)安全
11005ACG91B1470,20210517,120.256329,23.210757,交通事故,其他,臺南市下營區段號西連里連表13之45號前,1,晴,50,交岔路,交叉路口,無號誌,車與車,未依規定讓車
11005ACG91B1502,20210518,120.282386,23.198949,交通事故,其他,臺南市麻豆區段號寮?里寮子?9-10號前路口,1,晴,50,交岔路,交叉路口,閃光號誌,車與車,未依規定讓車
11005ACG91B1506,20210518,120.219537,23.177914,交通事故,其他,臺南市麻豆區段號麻口里南49線5K處,2,晴,30,交岔路,交叉路口,無號誌,車與車,未依規定讓車
11005ACG91B1507,20210518,120.249704,23.185217,交通事故,其他,臺南市麻豆區段號大埕里興中路55巷與忠孝路口,1,晴,50,交岔路,交叉路口,無號誌,人與汽(機)車,未依規定讓車
11005ACG91B1534,20210518,120.282742,23.216783,交通事故,交叉路口,臺南市下營區茅營里區道南63線段號區道南58線,1,晴,50,交岔路,交叉路口,閃光號誌,車與車,未依規定讓車
11005ACG91B1547,20210518,120.249744,23.157048,交通事故,其他,臺南市麻豆區段號安業里安業78之6號前,1,晴,60,單路部分,路段,無號誌,汽(機)車本身,未注意車前狀態
11005ACG91B1565,20210518,120.247948,23.181883,交通事故,交叉路口,臺南市麻豆區巷口里興國路段號信義路,1,晴,50,交岔路,交叉路口,行車管制號誌,車與車,變換車道或方向不當
11005ACG91B1574,20210518,120.249655,23.181888,交通事故,交叉路口,臺南市麻豆區巷口里信義路段號民族路,2,晴,50,單路部分,路段,行車管制號誌,車與車,違反特定標誌(線)禁制
11005ACG91B1600,20210519,120.341472,23.182698,交通事故,其他,臺南市官田區段號官田里官南高幹12號電桿前,2,晴,50,單路部分,路段,無號誌,車與車,未保持行車安全距離
11005ACG91B1638,20210519,120.353807,23.229096,交通事故,一般地址,臺南市六甲區甲南里文化街段24號,1,晴,50,單路部分,路段,無號誌,汽(機)車本身,未注意車前狀態
11005ACG91B1651,20210519,120.233925,23.192797,交通事故,其他,臺南市麻豆區段號埤頭里埤頭53之18號旁路口,1,晴,30,交岔路,交叉路口,無號誌,車與車,未依規定讓車
11005ACG91B1694,20210520,120.323603,23.219564,交通事故,交叉路口,臺南市官田區二鎮里區道南318線段號工業路,2,晴,50,交岔路,交叉路口,行車管制號誌,車與車,違反特定標誌(線)禁制
11005ACG91B1704,20210520,120.272571,23.253732,交通事故,其他,臺南市下營區段號甲中里南67-1線與中庄子46-2號旁路口,1,晴,30,交岔路,交叉路口,無號誌,車與車,未依規定讓車
11005ACG91B1716,20210520,120.264324,23.242213,交通事故,一般地址,臺南市下營區紅甲里紅毛厝段115-16號150,1,晴,50,單路部分,路段,無號誌,汽(機)車本身,未注意車前狀態
11005ACG91B1752,20210520,120.242047,23.159447,交通事故,其他,臺南市麻豆區段號安業里安業259-6號附近,2,晴,30,單路部分,路段,無號誌,汽(機)車本身,未注意車前狀態
11005ACG91B1759,20210520,120.245927,23.180135,交通事故,其他,臺南市麻豆區段號中興里三民路43之3號前路口,2,晴,50,交岔路,交叉路口,無號誌,汽(機)車本身,未注意車前狀態
11005ACG91B1804,20210521,120.351527,23.180451,交通事故,其他,臺南市官田區段號社子里171線29.1K處,2,晴,60,單路部分,路段,無號誌,車與車,迴轉未依規定
11005ACG91B1820,20210521,120.248266,23.183091,交通事故,交叉路口,臺南市麻豆區新興里興國路段號興南路,2,晴,50,交岔路,交叉路口,行車管制號誌,車與車,違反號誌管制或指揮
11005ACG91B1846,20210521,120.219546,23.176936,交通事故,交叉路口,臺南市麻豆區麻口里市道176線段號區道南49線,1,晴,60,交岔路,交叉路口,行車管制號誌,車與車,未依規定讓車
11005ACG91B1850,20210521,120.259803,23.241311,交通事故,無,臺南市下營區段號,1,晴,30,交岔路,交叉路口,無號誌,車與車,未依規定讓車
11005ACG91B1872,20210521,120.343431,23.229169,交通事故,其他,臺南市六甲區段號和平街347巷口,1,晴,50,交岔路,交叉路口,行車管制號誌,車與車,違反號誌管制或指揮
11005ACG91B1873,20210521,120.249034,23.185559,交通事故,交叉路口,臺南市麻豆區大埕里中正路段號忠孝路,1,晴,50,交岔路,交叉路口,閃光號誌,車與車,未依規定讓車
11005ACG91B1876,20210521,120.353861,23.230284,交通事故,交叉路口,臺南市六甲區六甲里仁愛街段號復興街,2,晴,30,交岔路,交叉路口,閃光號誌,車與車,未依規定讓車
11005ACG91B1886,20210521,120.315441,23.241259,交通事故,無,臺南市六甲區段號,1,晴,70,單路部分,路段,無號誌,車與車,變換車道或方向不當
11005ACG91B1899,20210521,120.322733,23.207241,交通事故,一般地址,臺南市官田區二鎮里工業路段11號,2,晴,40,單路部分,路段,無號誌,車與車,起步未注意其他車(人)安全
11005ACG91B1966,20210522,120.352829,23.230377,交通事故,交叉路口,臺南市六甲區六甲里復興街段號復興街78,2,晴,50,交岔路,交叉路口,無號誌,車與車,未依規定讓車
11005ACG91B1984,20210522,120.31838,23.17457,交通事故,交叉路口,臺南市官田區渡拔里市道171線段號區道南65線,1,晴,50,交岔路,交叉路口,行車管制號誌,汽(機)車本身,未依規定減速
11005ACG91B2002,20210522,120.316186,23.19439,交通事故,交叉路口,臺南市官田區隆田里勝利路段號仁愛街,2,晴,50,交岔路,交叉路口,閃光號誌,車與車,未依規定讓車
11005ACG91B2019,20210523,120.271264,23.193917,交通事故,交叉路口,臺南市麻豆區南勢里區道南61線段號市道171甲線,3,晴,50,交岔路,交叉路口,閃光號誌,車與車,未依規定讓車
11005ACG91B2032,20210523,120.244723,23.14249,交通事故,其他,臺南市麻豆區段號謝厝寮里101之35號旁堤防道路,1,晴,50,單路部分,路段,無號誌,汽(機)車本身,未注意車前狀態
11005ACG91B2039,20210523,120.247971,23.179686,交通事故,交叉路口,臺南市麻豆區巷口里興國路段號和平路,2,晴,50,交岔路,交叉路口,行車管制號誌,車與車,未保持行車安全距離
11005ACG91B2055,20210522,120.26507,23.237447,交通事故,交叉路口,臺南市下營區新興里自由街段號人和一街,1,晴,50,交岔路,交叉路口,閃光號誌,汽(機)車本身,未注意車前狀態
11005ACG91B2060,20210523,120.340581,23.159447,交通事故,無,臺南市官田區段號,1,晴,60,交岔路,交叉路口,行車管制號誌,車與車,迴轉未依規定
11005ACG91B2070,20210523,120.252749,23.199096,交通事故,其他,臺南市麻豆區段號北勢里番巷高幹30旁路口,1,晴,40,交岔路,交叉路口,無號誌,車與車,未注意車前狀態
11005ACG91B2101,20210524,120.265042,23.23743,交通事故,其他,臺南市下營區段號自由街與東興二街口,1,晴,50,交岔路,交叉路口,行車管制號誌,車與車,未依規定讓車
11005ACG91B2104,20210524,120.247304,23.17694,交通事故,交叉路口,臺南市麻豆區巷口里新生南路段號興國路,1,晴,50,交岔路,交叉路口,行車管制號誌,車與車,未依規定讓車
11005ACG91B2119,20210524,120.316408,23.198731,交通事故,其他,臺南市官田區段號隆本里中華路2段9巷2號,1,晴,30,單路部分,路段,無號誌,汽(機)車本身,疲勞(患病)駕駛失控
11005ACG91B2129,20210524,120.283001,23.185991,交通事故,其他,臺南市麻豆區段號寮?里成功路與堤防路,1,晴,30,交岔路,交叉路口,無號誌,車與車,未依規定讓車
11005ACG91B2164,20210524,120.300436,23.196848,交通事故,一般地址,臺南市官田區隆本里中山路2段177號0,1,晴,60,單路部分,路段,無號誌,汽(機)車本身,其他引起事故之違規或不當行為
11005ACG91B2166,20210524,120.246617,23.174611,交通事故,一般地址,臺南市麻豆區井東里市道173線段磚子井139-2號0,2,晴,50,交岔路,交叉路口,閃光號誌,車與車,起步未注意其他車(人)安全
11005ACG91B2173,20210524,120.316242,23.175739,交通事故,無,臺南市官田區段號,1,晴,50,單路部分,路段,無號誌,車與車,未注意車前狀態
11005ACG91B2201,20210524,120.269474,23.224292,交通事故,其他,臺南市下營區段號新興里臺19甲線與環營南路口,1,晴,60,交岔路,交叉路口,行車管制號誌,車與車,違反號誌管制或指揮
11005ACG91B2208,20210525,120.325169,23.186338,交通事故,其他,臺南市官田區段號隆田里南64線0.5公里處路口,1,晴,30,交岔路,交叉路口,無號誌,車與車,未依規定讓車
11005ACG91B2239,20210525,120.32303,23.17199,交通事故,無,臺南市官田區段號,2,晴,40,單路部分,路段,無號誌,車與車,未依規定讓車
11005ACG91B2252,20210525,120.223001,23.190978,交通事故,一般地址,臺南市麻豆區埤頭里市道171線段大山腳1-48號,2,晴,50,交岔路,交叉路口,行車管制號誌,車與車,違反號誌管制或指揮
11005ACG91B2312,20210526,120.26273,23.23332,交通事故,交叉路口,臺南市下營區營前里民權一街段號文明街,2,晴,50,交岔路,交叉路口,無號誌,車與車,未依規定讓車
11005ACG91B2325,20210526,120.246009,23.169341,交通事故,其他,臺南市麻豆區段號磚井里磚子井131-5號附近,2,晴,60,單路部分,路段,無號誌,車與車,逆向行駛
11005ACG91B2344,20210526,120.254898,23.181052,交通事故,一般地址,臺南市麻豆區?江里民生路段42之2號,1,晴,50,單路部分,路段,無號誌,車與車,違反號誌管制或指揮
11005ACG91B2348,20210526,120.26858,23.229291,交通事故,其他,臺南市下營區段號開化里中營333-1號,1,晴,50,交岔路,交叉路口,閃光號誌,車與車,未依規定讓車
11005ACG91B2361,20210526,120.256022,23.212627,交通事故,無,臺南市下營區段號,1,晴,50,交岔路,交叉路口,無號誌,車與車,未依規定讓車
11005ACG91B2372,20210526,120.316033,23.217157,交通事故,其他,臺南市官田區段號南?里南318線3.7K處,1,陰,50,單路部分,路段,無號誌,汽(機)車本身,未注意車前狀態
11005ACG91B2429,20210527,120.241442,23.179291,交通事故,交叉路口,臺南市麻豆區興農里新生南路段號新生南路262,2,晴,50,交岔路,交叉路口,無號誌,車與車,未依規定讓車
11005ACG91B2434,20210527,120.329666,23.217048,交通事故,交叉路口,臺南市官田區二鎮里區道南113線段號工社西街7,1,晴,50,交岔路,交叉路口,無號誌,車與車,未保持行車安全距離
11005ACG91B2461,20210528,120.219707,23.170882,交通事故,其他,臺南市麻豆區段號麻口里南49線番寮高幹13N9927AB72電桿前,1,晴,50,交岔路,交叉路口,無號誌,車與車,未保持行車安全距離
11005ACG91B2464,20210528,120.21916,23.18919,交通事故,無,臺南市麻豆區段號,1,晴,50,單路部分,路段,無號誌,汽(機)車本身,其他引起事故之違規或不當行為
11005ACG91B2479,20210528,120.251522,23.181428,交通事故,一般地址,臺南市麻豆區?江里民權路段47號,1,晴,40,單路部分,路段,無號誌,車與車,迴轉未依規定
11005ACG91B2502,20210528,120.351455,23.230634,交通事故,交叉路口,臺南市六甲區六甲里中山路段號中正路,1,晴,50,交岔路,交叉路口,行車管制號誌,車與車,未依規定讓車
11005ACG91B2504,20210528,120.270982,23.204258,交通事故,交叉路口,臺南市下營區開化里省道臺19甲線段號區道南61線,1,晴,50,交岔路,交叉路口,行車管制號誌,車與車,未依規定讓車
11005ACG91B2588,20210529,120.320885,23.197954,交通事故,一般地址,臺南市官田區二鎮里工業路段2號,1,雨,50,單路部分,路段,無號誌,汽(機)車本身,未注意車前狀態
11005ACG91B2697,20210530,120.221822,23.194101,交通事故,其他,臺南市麻豆區段號海埔里大山腳11-7號前,1,晴,50,交岔路,交叉路口,無號誌,車與車,未依規定讓車
11005ACG91B2722,20210531,120.269099,23.201596,交通事故,無,臺南市麻豆區段號,2,晴,60,單路部分,路段,無號誌,車與車,未注意車前狀態
11005ACG91B2723,20210531,120.256152,23.174793,交通事故,其他,臺南市麻豆區段號清水里台19甲17.6K處,2,雨,50,單路部分,路段,無號誌,車與車,逆向行駛
11005ACG91B2724,20210531,120.219511,23.176987,交通事故,交叉路口,臺南市麻豆區麻口里市道176線段號區道南49線,1,晴,50,交岔路,交叉路口,行車管制號誌,車與車,違反號誌管制或指揮
11005ACG91B2778,20210531,120.24841,23.190018,交通事故,一般地址,臺南市麻豆區新生北路段551號0,1,晴,50,交岔路,交叉路口,行車管制號誌,車與車,倒車未依規定
11005ACG91B2779,20210531,120.239921,23.152623,交通事故,其他,臺南市麻豆區段號謝厝寮里173線4.2K往北,1,晴,50,單路部分,路段,無號誌,車與車,開啟車門不當而肇事
11005ACG91B2780,20210531,120.341142,23.162763,交通事故,無,臺南市官田區段號,1,晴,50,單路部分,路段,無號誌,車與車,變換車道或方向不當
11005ACG91B2968,20210504,120.241869,23.187981,交通事故,交叉路口,臺南市麻豆區油車里新興街段號新生北路82,2,晴,50,交岔路,路段,無號誌,車與車,未保持行車安全距離