案件編號,發生日期,GPS經度,GPS緯度,案件類別名稱,地址類型名稱,發生縣市名稱,受傷人數,天候名稱, 速限-第1當事者,道路型態大類別名稱,事故位置大類別名稱,號誌-號誌種類名稱,事故類型及型態大類別名稱,肇因研判子類別名稱-主要
11005ACGX1B2289,20210502,120.345954,23.225657,交通事故,其他,臺南市六甲區段號進化與建工街口,1,晴,50,交岔路,交叉路口,無號誌,車與車,未依規定讓車
11005ACGX1B2748,20210530,120.351288,23.228648,交通事故,其他,臺南市六甲區段號中正路448號前,1,雨,50,單路部分,路段,無號誌,車與車,未注意車前狀態
11006AC191A0009,20210614,120.230506,22.970421,交通事故,交叉路口,臺南市東區崇善路段號崇德十五街,0,晴,30,交岔路,交叉路口,行車管制號誌,車與車,違反號誌管制或指揮
11006AC191B0002,20210601,120.229951,22.978777,交通事故,交叉路口,臺南市東區仁和路段號崇善二街,1,晴,50,交岔路,交叉路口,行車管制號誌,車與車,違反特定標誌(線)禁制
11006AC191B0005,20210601,120.213627,22.977761,交通事故,一般地址,臺南市東區大同路2段129號0大同路二段129號前,1,晴,0,單路部分,路段,無號誌,車與車,迴轉未依規定
11006AC191B0018,20210601,120.230941,22.995151,交通事故,交叉路口,臺南市東區東平路段號東平路99,1,晴,50,交岔路,交叉路口,無號誌,車與車,未依規定讓車
11006AC191B0019,20210601,120.235512,22.991025,交通事故,交叉路口,臺南市東區瑞吉街段號裕農路621瑞吉街近裕農路621巷路口,1,晴,30,單路部分,路段,無號誌,汽(機)車本身,未注意車前狀態
11006AC191B0022,20210601,120.233905,22.991976,交通事故,其他,臺南市東區段號中華東路一段366號南紡夢時代前,1,晴,40,單路部分,路段,無號誌,汽(機)車本身,不明原因肇事
11006AC191B0034,20210601,120.227622,22.968032,交通事故,一般地址,臺南市東區崇德路段739號,1,晴,50,交岔路,交叉路口,無號誌,車與車,未依規定讓車
11006AC191B0035,20210601,120.231851,22.97887,交通事故,一般地址,臺南市東區東門路3段989號0,1,晴,30,單路部分,路段,無號誌,汽(機)車本身,未注意車前狀態
11006AC191B0037,20210602,120.228036,22.982647,交通事故,一般地址,臺南市東區東門路2段3657號,1,陰,30,單路部分,路段,無號誌,車與車,未注意車前狀態
11006AC191B0044,20210602,120.215978,22.984828,交通事故,一般地址,臺南市東區府連路段342號,1,晴,50,交岔路,交叉路口,無號誌,車與車,未依規定讓車
11006AC191B0046,20210602,120.221489,22.985719,交通事故,交叉路口,臺南市東區東門路2段158號東門路,1,晴,50,交岔路,交叉路口,閃光號誌,車與車,未依規定讓車
11006AC191B0048,20210602,120.236263,22.99833,交通事故,交叉路口,臺南市東區小東路段號後甲一路,1,晴,50,單路部分,路段,無號誌,車與車,變換車道或方向不當
11006AC191B0050,20210602,120.23346,22.963102,交通事故,一般地址,臺南市東區崇善十六街段66號0,2,晴,30,交岔路,交叉路口,無號誌,車與車,未依規定讓車
11006AC191B0052,20210602,120.219823,22.983462,交通事故,其他,臺南市東區段號府連東路與林森路口,2,晴,40,單路部分,路段,無號誌,車與車,未保持行車安全間隔
11006AC191B0058,20210602,120.224265,22.9903,交通事故,一般地址,臺南市東區林森路2段216號,1,晴,50,單路部分,路段,無號誌,車與車,未保持行車安全距離
11006AC191B0064,20210602,120.224572,22.979561,交通事故,交叉路口,臺南市東區崇善路段號崇善路205,1,晴,40,交岔路,交叉路口,無號誌,車與車,迴轉未依規定
11006AC191B0078,20210602,120.238528,22.988822,交通事故,一般地址,臺南市東區裕農路段766號,1,晴,50,單路部分,路段,無號誌,車與車,疲勞(患病)駕駛失控
11006AC191B0079,20210601,120.213124,22.99391,交通事故,交叉路口,臺南市東區前鋒路段號民族路1,1,雨,50,交岔路,交叉路口,無號誌,車與車,未依規定讓車
11006AC191B0081,20210602,120.230982,22.986062,交通事故,一般地址,臺南市東區裕農路段4467021號,3,晴,30,交岔路,交叉路口,無號誌,車與車,未依規定讓車
11006AC191B0083,20210602,120.213182,22.994379,交通事故,交叉路口,臺南市東區民族路段號前鋒路,1,晴,50,交岔路,交叉路口,行車管制號誌,車與車,未依規定讓車
11006AC191B0085,20210603,120.224357,22.99962,交通事故,其他,臺南市東區段號小東路與林森路二段南側100公尺處(427號停車格前),1,晴,40,單路部分,路段,無號誌,汽(機)車本身,尚未發現肇事因素
11006AC191B0101,20210602,120.215272,22.989625,交通事故,交叉路口,臺南市東區新樓街段號東榮街,1,晴,30,交岔路,交叉路口,閃光號誌,車與車,未依規定讓車
11006AC191B0102,20210603,120.218147,22.995925,交通事故,一般地址,臺南市東區勝利路段175號,2,晴,40,交岔路,交叉路口,無號誌,車與車,橫越道路不慎
11006AC191B0103,20210603,120.226801,22.975067,交通事故,交叉路口,臺南市東區崇德六街段號崇德五街2,1,晴,50,交岔路,交叉路口,無號誌,車與車,左轉彎未依規定
11006AC191B0124,20210603,120.243492,22.986318,交通事故,一般地址,臺南市東區裕孝路段120號,1,晴,40,單路部分,路段,無號誌,車與車,迴轉未依規定
11006AC191B0141,20210603,120.233177,22.994801,交通事故,一般地址,臺南市東區東平路段31號,2,陰,50,單路部分,路段,無號誌,車與車,未保持行車安全間隔
11006AC191B0158,20210604,120.229861,22.97226,交通事故,一般地址,臺南市東區崇善路段581號,2,晴,50,交岔路,交叉路口,行車管制號誌(附設行人專用號誌),車與車,迴轉未依規定
11006AC191B0168,20210604,120.22757,22.973915,交通事故,一般地址,臺南市東區崇德路段533號,1,晴,50,交岔路,交叉路口,行車管制號誌,車與車,未保持行車安全間隔
11006AC191B0183,20210604,120.22661,22.982885,交通事故,一般地址,臺南市東區東門路2段338號5,2,晴,50,單路部分,路段,無號誌,車與車,未保持行車安全距離
11006AC191B0190,20210604,120.226472,22.983218,交通事故,交叉路口,臺南市東區東門路段號崇學路,2,晴,50,交岔路,交叉路口,行車管制號誌,車與車,未注意車前狀態
11006AC191B0196,20210604,120.227518,22.97381,交通事故,一般地址,臺南市東區崇德路段535號,1,晴,50,單路部分,路段,無號誌,車與車,未依規定讓車
11006AC191B0200,20210603,120.237636,22.97895,交通事故,一般地址,臺南市東區自由路3段87號,1,晴,40,單路部分,路段,無號誌,車與車,起步未注意其他車(人)安全
11006AC191B0201,20210604,120.234363,22.994892,交通事故,一般地址,臺南市東區中華東路3段268號,1,晴,60,單路部分,路段,無號誌,車與車,未保持行車安全距離
11006AC191B0205,20210603,120.243104,22.989748,交通事故,交叉路口,臺南市東區裕農路段號裕孝路,1,晴,50,交岔路,交叉路口,行車管制號誌,車與車,未依規定讓車
11006AC191B0210,20210603,120.230051,22.971746,交通事故,交叉路口,臺南市東區崇善路段號崇善八街,1,晴,50,交岔路,交叉路口,行車管制號誌,車與車,未依規定讓車
11006AC191B0211,20210603,120.227861,22.977192,交通事故,交叉路口,臺南市東區崇善路段號崇善二街,1,晴,50,交岔路,交叉路口,行車管制號誌,車與車,未依規定讓車
11006AC191B0215,20210603,120.215961,22.982021,交通事故,交叉路口,臺南市東區林森路段號崇明路,1,晴,50,交岔路,交叉路口,行車管制號誌,車與車,其他引起事故之違規或不當行為
11006AC191B0216,20210603,120.223057,22.974359,交通事故,交叉路口,臺南市東區中華東路3段號崇德路,2,晴,40,交岔路,交叉路口,行車管制號誌,車與車,未保持行車安全間隔
11006AC191B0223,20210604,120.241247,22.989419,交通事故,交叉路口,臺南市東區裕農路段號裕忠路,1,陰,50,交岔路,交叉路口,行車管制號誌,車與車,未依規定讓車
11006AC191B0225,20210605,120.212318,22.997354,交通事故,一般地址,臺南市東區北門路2段4號,1,晴,50,圓環廣場,其他,行車管制號誌,車與車,未依規定讓車
11006AC191B0249,20210605,120.224291,22.980798,交通事故,一般地址,臺南市東區崇學路段118號,1,晴,50,單路部分,路段,無號誌,車與車,開啟車門不當而肇事
11006AC191B0263,20210604,120.215836,22.996557,交通事故,交叉路口,臺南市東區大學路西段段號育樂街66,1,晴,30,交岔路,其他,行車管制號誌,人與汽(機)車,搶越行人穿越道
11006AC191B0265,20210603,120.229604,22.964035,交通事故,一般地址,臺南市東區長東街段39號,2,晴,50,交岔路,交叉路口,無號誌,車與車,未保持行車安全距離
11006AC191B0283,20210606,120.223697,22.980229,交通事故,交叉路口,臺南市東區崇善路段號崇學路,1,雨,50,交岔路,交叉路口,行車管制號誌,車與車,違反號誌管制或指揮
11006AC191B0292,20210605,120.211486,22.9824,交通事故,一般地址,臺南市東區大同路1段275號,1,雨,30,交岔路,交叉路口,行車管制號誌(附設行人專用號誌),車與車,未依規定讓車
11006AC191B0293,20210604,120.234213,22.976325,交通事故,一般地址,臺南市東區東門路3段226502號4,2,晴,30,交岔路,交叉路口,無號誌,車與車,未依規定讓車
11006AC191B0295,20210605,120.222269,23.000621,交通事故,交叉路口,臺南市東區長榮路段號小東路,1,陰,50,交岔路,交叉路口,行車管制號誌,車與車,未依規定讓車
11006AC191B0299,20210604,120.214052,22.976526,交通事故,一般地址,臺南市東區大同路2段185號,1,晴,50,交岔路,交叉路口,行車管制號誌,車與車,違反號誌管制或指揮
11006AC191B0308,20210607,120.23539,22.964128,交通事故,一般地址,臺南市東區崇善路段1089162號,1,雨,30,單路部分,路段,無號誌,車與車,開啟車門不當而肇事
11006AC191B0314,20210607,120.225682,22.971586,交通事故,交叉路口,臺南市東區崇明路段號崇明十五街,2,陰,0,交岔路,交叉路口,無號誌,車與車,起步未注意其他車(人)安全
11006AC191B0319,20210607,120.230506,22.970421,交通事故,交叉路口,臺南市東區崇善路段號崇德十五街,1,晴,50,交岔路,交叉路口,行車管制號誌,車與車,未依規定讓車
11006AC191B0339,20210607,120.227516,22.990669,交通事故,交叉路口,臺南市東區怡東路段號東安路30,1,晴,30,交岔路,交叉路口,無號誌,車與車,違反特定標誌(線)禁制
11006AC191B0342,20210607,120.230863,22.986118,交通事故,交叉路口,臺南市東區裕農路段44652號裕農路44670,1,晴,30,交岔路,交叉路口,無號誌,車與車,未依規定讓車
11006AC191B0354,20210608,120.233049,22.971369,交通事故,一般地址,臺南市東區仁和路段105-11號,1,晴,50,單路部分,路段,無號誌,車與車,倒車未依規定
11006AC191B0356,20210603,120.21816,22.996254,交通事故,交叉路口,臺南市東區勝利路段號大學路,1,晴,30,交岔路,交叉路口,行車管制號誌,車與車,未保持行車安全距離
11006AC191B0359,20210608,120.228323,22.983156,交通事故,一般地址,臺南市東區東門路2段365323號0,2,晴,30,交岔路,交叉路口,無號誌,車與車,起步未注意其他車(人)安全
11006AC191B0373,20210608,120.221489,22.985767,交通事故,交叉路口,臺南市東區東門路2段號東門路2158,1,晴,40,交岔路,交叉路口,閃光號誌,車與車,起步未注意其他車(人)安全
11006AC191B0375,20210608,120.222181,22.997293,交通事故,其他,臺南市東區段號長榮路三段化工系機車停車場出入口前,2,晴,50,單路部分,其他,無號誌,車與車,逆向行駛
11006AC191B0382,20210602,120.243533,22.985048,交通事故,交叉路口,臺南市東區裕平路段號裕孝路,1,晴,50,交岔路,交叉路口,行車管制號誌,車與車,違反號誌管制或指揮
11006AC191B0385,20210608,120.240074,22.992937,交通事故,交叉路口,臺南市東區裕永路段號平實路,1,晴,30,交岔路,交叉路口,行車管制號誌,車與車,未注意車前狀態
11006AC191B0389,20210608,120.234338,22.994774,交通事故,一般地址,臺南市東區中華東路1段12號0,1,晴,60,交岔路,交叉路口,無號誌,車與車,變換車道或方向不當
11006AC191B0391,20210607,120.214621,22.993416,交通事故,交叉路口,臺南市東區育樂街段號東寧路西段,2,晴,50,交岔路,交叉路口,行車管制號誌,車與車,未依規定讓車
11006AC191B0399,20210607,120.224535,22.983224,交通事故,交叉路口,臺南市東區崇仁街段號德光街,1,陰,30,交岔路,交叉路口,行車管制號誌,車與車,未注意車前狀態
11006AC191B0401,20210607,120.211371,22.982515,交通事故,交叉路口,臺南市東區大同路1段號五妃街,2,晴,50,交岔路,其他,行車管制號誌(附設行人專用號誌),車與車,違反號誌管制或指揮
11006AC191B0402,20210608,120.230801,22.972831,交通事故,一般地址,臺南市東區崇善七街段38號,1,晴,30,單路部分,路段,無號誌,車與車,未保持行車安全間隔
11006AC191B0405,20210609,120.236008,22.97779,交通事故,一般地址,臺南市東區東門路3段179109號,1,晴,30,單路部分,路段,無號誌,汽(機)車本身,未注意車前狀態
11006AC191B0417,20210609,120.218031,22.996289,交通事故,交叉路口,臺南市東區大學路西段段號勝利路,2,晴,50,交岔路,交叉路口,行車管制號誌,車與車,未注意車前狀態
11006AC191B0421,20210609,120.223713,22.991271,交通事故,交叉路口,臺南市東區東寧路段號東寧路170,1,晴,50,交岔路,交叉路口,閃光號誌,車與車,橫越道路不慎
11006AC191B0423,20210609,120.217646,22.981491,交通事故,一般地址,臺南市東區崇德路段1號,1,晴,0,交岔路,交叉路口,閃光號誌,車與車,其他引起事故之違規或不當行為
11006AC191B0433,20210609,120.219709,22.983447,交通事故,一般地址,臺南市東區林森路1段311號,1,晴,40,單路部分,路段,無號誌,汽(機)車本身,未注意車前狀態
11006AC191B0441,20210609,120.227514,22.964846,交通事故,交叉路口,臺南市東區崇德路段號生產路,1,晴,50,交岔路,交叉路口,行車管制號誌(附設行人專用號誌),車與車,未保持行車安全間隔
11006AC191B0442,20210609,120.224291,22.976291,交通事故,交叉路口,臺南市東區崇德路段號崇明十二街,3,晴,50,交岔路,交叉路口,行車管制號誌,車與車,未依規定讓車
11006AC191B0482,20210606,120.230051,22.971746,交通事故,交叉路口,臺南市東區崇善路段號崇善八街,1,雨,50,交岔路,交叉路口,行車管制號誌,車與車,未依規定讓車
11006AC191B0487,20210610,120.215684,22.982238,交通事故,一般地址,臺南市東區林森路1段167號0,2,晴,40,單路部分,路段,無號誌,車與車,不明原因肇事
11006AC191B0496,20210610,120.227678,22.977389,交通事故,一般地址,臺南市東區崇善路段252號,1,晴,50,單路部分,路段,行車管制號誌,車與車,使用手持行動電話失控
11006AC191B0498,20210610,120.239937,22.998457,交通事故,交叉路口,臺南市東區小東路段號裕永路,1,晴,50,交岔路,交叉路口,行車管制號誌(附設行人專用號誌),車與車,其他引起事故之違規或不當行為
11006AC191B0502,20210610,120.221294,22.98136,交通事故,交叉路口,臺南市東區崇德二街段號德光街62,1,晴,30,交岔路,交叉路口,無號誌,車與車,未依規定讓車
11006AC191B0520,20210602,120.225678,22.971589,交通事故,交叉路口,臺南市東區崇明路段號崇明十五街,2,晴,40,交岔路,交叉路口,無號誌,車與車,未依規定讓車
11006AC191B0521,20210610,120.232822,22.966446,交通事故,一般地址,臺南市東區崇善路段859號,1,雨,40,交岔路,交叉路口,行車管制號誌,汽(機)車本身,未注意車前狀態
11006AC191B0535,20210611,120.218533,22.975353,交通事故,一般地址,臺南市東區榮譽街段121-3號,1,晴,50,交岔路,交叉路口,無號誌,車與車,未保持行車安全間隔
11006AC191B0542,20210610,120.216192,22.967007,交通事故,一般地址,臺南市東區大同路2段671號,1,晴,60,單路部分,路段,無號誌,車與車,未依規定讓車
11006AC191B0543,20210610,120.225049,22.98429,交通事故,一般地址,臺南市東區東門路段2274號,2,晴,50,單路部分,路段,無號誌,車與車,變換車道或方向不當
11006AC191B0547,20210611,120.224803,22.972756,交通事故,交叉路口,臺南市東區崇明路段號崇明十四街,1,晴,50,交岔路,交叉路口,行車管制號誌,車與車,未依規定讓車
11006AC191B0566,20210611,120.228069,22.990141,交通事故,一般地址,臺南市東區東寧路段351號,1,晴,40,單路部分,路段,無號誌,汽(機)車本身,未注意車前狀態
11006AC191B0572,20210611,120.231903,22.986488,交通事故,一般地址,臺南市東區裕農路段446巷33號,1,晴,30,交岔路,交叉路口,無號誌,車與車,其他引起事故之違規或不當行為
11006AC191B0584,20210611,120.235783,22.991595,交通事故,交叉路口,臺南市東區後甲一路段號瑞祥街,1,晴,50,交岔路,交叉路口,閃光號誌,車與車,未依規定讓車
11006AC191B0609,20210612,120.213827,22.9881,交通事故,一般地址,臺南市東區東門路1段96號,1,晴,50,單路部分,路段,無號誌,車與車,未保持行車安全間隔
11006AC191B0624,20210612,120.235973,22.988623,交通事故,一般地址,臺南市東區裕農路段637號,2,晴,50,單路部分,路段,無號誌,車與車,起步未注意其他車(人)安全
11006AC191B0628,20210611,120.213157,22.991606,交通事故,一般地址,臺南市東區青年路段269號,1,雨,40,單路部分,路段,無號誌,車與車,未依規定讓車
11006AC191B0630,20210612,120.226274,22.992022,交通事故,交叉路口,臺南市東區東安路段號東安路48,2,晴,50,交岔路,交叉路口,行車管制號誌,車與車,左轉彎未依規定
11006AC191B0632,20210611,120.22953,22.981103,交通事故,交叉路口,臺南市東區中華東路段號東門路,1,晴,50,交岔路,交叉路口,行車管制號誌(附設行人專用號誌),車與車,右轉彎未依規定
11006AC191B0633,20210610,120.225556,22.990776,交通事故,交叉路口,臺南市東區東寧路段號東寧路201,1,晴,50,交岔路,交叉路口,行車管制號誌,車與車,違反號誌管制或指揮
11006AC191B0639,20210604,120.213626,22.988286,交通事故,一般地址,臺南市東區東門路1段99號,1,晴,30,單路部分,路段,無號誌,汽(機)車本身,未保持行車安全間隔
11006AC191B0640,20210611,120.247634,22.988505,交通事故,一般地址,臺南市東區裕義路段88號3,2,晴,50,單路部分,路段,無號誌,人與汽(機)車,未依規定行走行人穿越道、地下道、天橋而穿越道路
11006AC191B0642,20210612,120.225698,22.966739,交通事故,交叉路口,臺南市東區崇明路段號崇明二十四街,1,晴,50,交岔路,交叉路口,行車管制號誌,車與車,迴轉未依規定
11006AC191B0646,20210613,120.21412,22.984611,交通事故,一般地址,臺南市東區府連路段260215號,1,晴,30,單路部分,路段,無號誌,車與車,酒醉(後)駕駛失控
11006AC191B0672,20210613,120.219979,22.983231,交通事故,交叉路口,臺南市東區崇善路段號林森路1,2,晴,50,交岔路,交叉路口,行車管制號誌,車與車,違反號誌管制或指揮
11006AC191B0684,20210611,120.217614,22.989451,交通事故,交叉路口,臺南市東區勝利路段號懷恩街,1,雨,50,交岔路,交叉路口,行車管制號誌,車與車,違反號誌管制或指揮
11006AC191B0689,20210611,120.227407,22.986275,交通事故,一般地址,臺南市東區裕農路段99號1,2,晴,50,交岔路,交叉路口,無號誌,車與車,未依規定讓車
11006AC191B0697,20210613,120.232602,22.966537,交通事故,交叉路口,臺南市東區崇善路段號自由路1,1,晴,50,交岔路,交叉路口,行車管制號誌,車與車,未依規定讓車
11006AC191B0703,20210614,120.213427,22.978493,交通事故,交叉路口,臺南市東區大同路2段號大同路297,2,晴,50,交岔路,交叉路口,閃光號誌,車與車,未依規定讓車
11006AC191B0721,20210614,120.235544,22.98796,交通事故,一般地址,臺南市東區富農街2段107號,2,晴,30,交岔路,交叉路口,無號誌,車與車,未依規定讓車
11006AC191B0733,20210614,120.231249,22.979823,交通事故,一般地址,臺南市東區東門路3段63號,1,晴,60,單路部分,路段,無號誌,車與車,變換車道或方向不當
11006AC191B0749,20210614,120.247052,22.990435,交通事故,一般地址,臺南市東區裕農路段1046號,2,晴,40,單路部分,路段,無號誌,車與車,未保持行車安全距離
11006AC191B0767,20210615,120.225685,22.970148,交通事故,交叉路口,臺南市東區崇明路段號崇明十八街,2,晴,50,交岔路,交叉路口,無號誌,車與車,未依規定讓車
11006AC191B0773,20210615,120.222764,22.995914,交通事故,其他,臺南市東區段號大學路成功大學自強校區出入口,1,晴,30,交岔路,交叉路口,閃光號誌,車與車,未依規定讓車
11006AC191B0776,20210615,120.233396,22.965669,交通事故,交叉路口,臺南市東區崇善路段號崇善十四街,2,陰,50,交岔路,交叉路口,行車管制號誌,車與車,未依規定讓車
11006AC191B0779,20210615,120.211167,22.984865,交通事故,交叉路口,臺南市東區大同路1段號府連路,2,晴,50,交岔路,交叉路口,行車管制號誌(附設行人專用號誌),汽(機)車本身,未注意車前狀態
11006AC191B0786,20210615,120.215844,22.986673,交通事故,交叉路口,臺南市東區府東街段號慶東街,1,晴,50,交岔路,交叉路口,行車管制號誌,車與車,未注意車前狀態
11006AC191B0792,20210615,120.22751,22.961646,交通事故,交叉路口,臺南市東區崇德路段號德東街,1,晴,50,交岔路,交叉路口,行車管制號誌,汽(機)車本身,未保持行車安全距離
11006AC191B0796,20210615,120.245042,22.985076,交通事故,交叉路口,臺南市東區裕信路段號裕平路,1,晴,50,交岔路,交叉路口,行車管制號誌,車與車,右轉彎未依規定
11006AC191B0827,20210612,120.24761,22.990541,交通事故,交叉路口,臺南市東區裕農路段號裕義路,1,晴,50,交岔路,交叉路口,行車管制號誌,車與車,未依規定讓車
11006AC191B0837,20210605,120.245023,22.990141,交通事故,交叉路口,臺南市東區裕農路段號裕農六街,1,雨,50,交岔路,交叉路口,行車管制號誌,車與車,不明原因肇事
11006AC191B0851,20210616,120.214558,23.001317,交通事故,交叉路口,臺南市東區小東路段號前鋒路,1,晴,50,交岔路,交叉路口,行車管制號誌(附設行人專用號誌),車與車,違反號誌管制或指揮
11006AC191B0891,20210602,120.223083,22.987126,交通事故,交叉路口,臺南市東區林森路2段號衛國街,1,晴,50,交岔路,交叉路口,行車管制號誌,車與車,違反號誌管制或指揮
11006AC191B0896,20210609,120.217577,22.972958,交通事故,其他,臺南市東區段號中華東路陸橋,2,晴,40,單路部分,路段,無號誌,車與車,未注意車前狀態
11006AC191B0901,20210614,120.221285,22.972745,交通事故,一般地址,臺南市東區中華東路3段3992116號,1,晴,30,單路部分,路段,無號誌,汽(機)車本身,未注意車前狀態
11006AC191B0918,20210616,120.212909,22.98111,交通事故,交叉路口,臺南市東區林森路1段號林森路156,3,晴,40,交岔路,交叉路口,無號誌,車與車,未注意車前狀態
11006AC191B0920,20210616,120.226627,22.978063,交通事故,交叉路口,臺南市東區中華東路段號崇善路,1,陰,50,交岔路,交叉路口,行車管制號誌(附設行人專用號誌),車與車,未依規定讓車
11006AC191B0922,20210617,120.225694,22.968538,交通事故,交叉路口,臺南市東區崇明路段號崇興路,1,晴,50,交岔路,路段,行車管制號誌(附設行人專用號誌),車與車,起步未注意其他車(人)安全
11006AC191B0932,20210617,120.241789,22.979345,交通事故,交叉路口,臺南市東區裕忠路段號裕忠三街,1,陰,50,交岔路,交叉路口,行車管制號誌,車與車,未依規定讓車
11006AC191B0933,20210617,120.227447,22.974043,交通事故,交叉路口,臺南市東區崇德路段號崇德八街,1,陰,40,交岔路,交叉路口,行車管制號誌,車與車,未保持行車安全間隔
11006AC191B0945,20210617,120.227118,22.978618,交通事故,一般地址,臺南市東區中華東路3段140號2,1,雨,40,單路部分,路段,無號誌,車與車,未依規定讓車
11006AC191B0957,20210617,120.221758,22.993719,交通事故,交叉路口,臺南市東區長榮路3段號長榮路366,1,雨,50,交岔路,交叉路口,行車管制號誌(附設行人專用號誌),車與車,未注意車前狀態
11006AC191B0958,20210617,120.218616,22.985833,交通事故,交叉路口,臺南市東區長榮路1段號府東街,1,晴,50,交岔路,交叉路口,行車管制號誌,車與車,未依規定讓車
11006AC191B0967,20210608,120.231393,22.984353,交通事故,一般地址,臺南市東區東門路2段301191號,2,晴,30,交岔路,交叉路口,無號誌,車與車,未依規定讓車
11006AC191B0976,20210617,120.229825,22.979028,交通事故,一般地址,臺南市東區仁和路段28號,2,晴,30,交岔路,交叉路口,無號誌,車與車,未依規定讓車
11006AC191B0980,20210615,120.227998,22.960635,交通事故,交叉路口,臺南市東區德東街段16號長東街112,2,晴,30,交岔路,交叉路口,無號誌,車與車,未依規定讓車
11006AC191B0983,20210618,120.219172,22.972301,交通事故,一般地址,臺南市東區中華東路3段3992032號,2,陰,30,交岔路,交叉路口,無號誌,車與車,未依規定讓車
11006AC191B0984,20210618,120.233114,22.971242,交通事故,交叉路口,臺南市東區仁和路段號崇善十一街,2,雨,50,單路部分,路段,無號誌,車與車,左轉彎未依規定
11006AC191B1001,20210618,120.233055,22.965759,交通事故,一般地址,臺南市東區崇善路段782號0,1,晴,50,單路部分,路段,無號誌,車與車,開啟車門不當而肇事
11006AC191B1003,20210618,120.234902,22.961744,交通事故,交叉路口,臺南市東區德東街段號信東街,1,晴,50,交岔路,交叉路口,無號誌,汽(機)車本身,未注意車前狀態
11006AC191B1027,20210618,120.224638,22.981281,交通事故,交叉路口,臺南市東區崇學路段號崇學路239,2,晴,50,交岔路,交叉路口,無號誌,車與車,未依規定讓車
11006AC191B1054,20210618,120.225689,22.998478,交通事故,交叉路口,臺南市東區東和路段號小東路132,2,晴,50,交岔路,其他,無號誌,人與汽(機)車,搶越行人穿越道
11006AC191B1058,20210617,120.231786,22.980276,交通事故,一般地址,臺南市東區東門路3段3762號,1,晴,30,交岔路,交叉路口,無號誌,車與車,未依規定讓車
11006AC191B1060,20210617,120.233369,22.970667,交通事故,一般地址,臺南市東區仁和路段132號2,2,晴,40,單路部分,路段,無號誌,車與車,違反特定標誌(線)禁制
11006AC191B1066,20210612,120.234329,22.980824,交通事故,一般地址,臺南市東區富農街1段87號,1,晴,50,單路部分,路段,無號誌,汽(機)車本身,未注意車前狀態
11006AC191B1068,20210619,120.222785,22.991653,交通事故,交叉路口,臺南市東區東寧路段號東寧路93,2,雨,30,交岔路,交叉路口,無號誌,車與車,未依規定讓車
11006AC191B1085,20210619,120.222743,22.985393,交通事故,交叉路口,臺南市東區東門路2段號崇仁街,1,晴,40,交岔路,交叉路口,無號誌,車與車,未依規定讓車
11006AC191B1102,20210619,120.212622,22.991468,交通事故,一般地址,臺南市東區青年路段251號,2,晴,50,單路部分,路段,無號誌,汽(機)車本身,其他引起事故之違規或不當行為
11006AC191B1113,20210619,120.230654,22.970049,交通事故,交叉路口,臺南市東區崇善路段號崇善十一街,1,晴,40,交岔路,交叉路口,行車管制號誌,車與車,未依規定讓車
11006AC191B1157,20210620,120.227475,22.969185,交通事故,交叉路口,臺南市東區崇德路段號崇明二十街,1,晴,50,交岔路,交叉路口,行車管制號誌,車與車,未依規定讓車
11006AC191B1174,20210620,120.234323,22.980147,交通事故,交叉路口,臺南市東區富農街1段號東成街,1,陰,50,交岔路,交叉路口,行車管制號誌,車與車,不明原因肇事
11006AC191B1175,20210621,120.234121,22.992723,交通事故,交叉路口,臺南市東區中華東路1段號平實路,1,雨,60,交岔路,交叉路口,行車管制號誌(附設行人專用號誌),車與車,違反號誌管制或指揮
11006AC191B1183,20210613,120.233006,22.97147,交通事故,一般地址,臺南市東區仁和路段105號,2,晴,50,單路部分,路段,無號誌,車與車,迴轉未依規定
11006AC191B1193,20210620,120.22356,22.985164,交通事故,交叉路口,臺南市東區東門路2段號東門路2167,1,晴,40,交岔路,交叉路口,行車管制號誌,車與車,違反號誌管制或指揮
11006AC191B1228,20210621,120.220209,22.986131,交通事故,交叉路口,臺南市東區東門路段號東門路2104,1,雨,40,交岔路,交叉路口,行車管制號誌,車與車,未保持行車安全距離
11006AC191B1239,20210621,120.237551,22.970607,交通事故,一般地址,臺南市東區自由路1段322號,1,雨,50,交岔路,交叉路口,行車管制號誌,車與車,未注意車前狀態
11006AC191B1240,20210621,120.220142,22.979168,交通事故,交叉路口,臺南市東區崇德路段號崇明路187,2,陰,40,交岔路,交叉路口,無號誌,車與車,左轉彎未依規定
11006AC191B1241,20210621,120.225571,22.987615,交通事故,一般地址,臺南市東區裕豐街段16354號0,1,陰,30,交岔路,交叉路口,無號誌,車與車,右轉彎未依規定
11006AC191B1242,20210621,120.220203,22.973451,交通事故,交叉路口,臺南市東區中華陸橋段號中華東路3399,1,雨,60,交岔路,交叉路口,行車管制號誌,車與車,未保持行車安全距離
11006AC191B1259,20210621,120.211241,22.984879,交通事故,交叉路口,臺南市東區府連路段號大同路1,1,雨,50,交岔路,交叉路口,行車管制號誌,車與車,起步未注意其他車(人)安全