案件編號,發生日期,GPS經度,GPS緯度,案件類別名稱,地址類型名稱,發生縣市名稱,受傷人數,天候名稱, 速限-第1當事者,道路型態大類別名稱,事故位置大類別名稱,號誌-號誌種類名稱,事故類型及型態大類別名稱,肇因研判子類別名稱-主要
11006AC191B1265,20210621,120.225711,22.998482,交通事故,交叉路口,臺南市東區東和路段號東和路177,1,雨,30,交岔路,交叉路口,無號誌,車與車,未依規定讓車
11006AC191B1285,20210621,120.232989,22.988464,交通事故,一般地址,臺南市東區裕農路段520號,1,雨,50,交岔路,交叉路口,行車管制號誌,車與車,未注意車前狀態
11006AC191B1288,20210622,120.234728,22.963897,交通事故,一般地址,臺南市東區崇善路段910號,1,陰,50,交岔路,交叉路口,閃光號誌,車與車,變換車道或方向不當
11006AC191B1289,20210622,120.214697,22.99431,交通事故,交叉路口,臺南市東區民族路1段號育樂街,2,陰,50,交岔路,交叉路口,行車管制號誌,車與車,未注意車前狀態
11006AC191B1318,20210622,120.236456,22.982739,交通事故,一般地址,臺南市東區裕學路段185173號,1,晴,30,單路部分,路段,無號誌,車與車,未保持行車安全間隔
11006AC191B1331,20210622,120.233045,22.985045,交通事故,一般地址,臺南市東區中華東路2段171號,2,雨,0,單路部分,路段,無號誌,車與車,未注意車前狀態
11006AC191B1337,20210622,120.216197,22.987452,交通事故,一般地址,臺南市東區東門路1段205號,1,雨,40,交岔路,交叉路口,行車管制號誌,車與車,迴轉未依規定
11006AC191B1356,20210623,120.216836,22.974503,交通事故,交叉路口,臺南市東區榮譽街段號大同路2449,1,雨,30,交岔路,交叉路口,閃光號誌,車與車,未依規定讓車
11006AC191B1359,20210622,120.239466,22.988557,交通事故,交叉路口,臺南市東區裕農三街段號裕誠街,1,雨,40,交岔路,交叉路口,無號誌,汽(機)車本身,未注意車前狀態
11006AC191B1365,20210623,120.233029,22.968206,交通事故,交叉路口,臺南市東區崇善東路段號崇善東路45,2,雨,50,交岔路,交叉路口,閃光號誌,車與車,未依規定讓車
11006AC191B1366,20210623,120.229657,22.97283,交通事故,交叉路口,臺南市東區崇善路段號崇善六街,1,陰,0,交岔路,交叉路口,行車管制號誌,車與車,違反號誌管制或指揮
11006AC191B1367,20210622,120.238175,22.969441,交通事故,一般地址,臺南市東區自由路1段23811號,1,陰,3,交岔路,交叉路口,無號誌,汽(機)車本身,其他引起事故之違規或不當行為
11006AC191B1371,20210623,120.224573,22.983204,交通事故,交叉路口,臺南市東區崇仁街段號德光街,2,雨,30,交岔路,交叉路口,行車管制號誌,車與車,違反號誌管制或指揮
11006AC191B1391,20210623,120.235576,22.987412,交通事故,一般地址,臺南市東區富農街2段112號0,1,雨,50,交岔路,交叉路口,閃光號誌,車與車,未依規定讓車
11006AC191B1393,20210623,120.230007,22.986092,交通事故,交叉路口,臺南市東區裕農路段288號裕農路44670,1,陰,30,交岔路,交叉路口,無號誌,車與車,未依規定讓車
11006AC191B1440,20210624,120.225225,22.983964,交通事故,交叉路口,臺南市東區德光街段號富德街,1,晴,50,交岔路,交叉路口,閃光號誌,車與車,未依規定讓車
11006AC191B1459,20210624,120.215341,22.985091,交通事故,交叉路口,臺南市東區府連路段號慶東街,2,雨,40,交岔路,交叉路口,行車管制號誌,車與車,違反號誌管制或指揮
11006AC191B1463,20210624,120.227181,22.964651,交通事故,一般地址,臺南市東區崇德路段790號,1,陰,50,單路部分,路段,無號誌,車與車,違反特定標誌(線)禁制
11006AC191B1471,20210624,120.225864,22.98379,交通事故,一般地址,臺南市東區東門路2段261號,1,晴,50,交岔路,交叉路口,無號誌,車與車,未依規定讓車
11006AC191B1485,20210625,120.237603,22.967171,交通事故,交叉路口,臺南市東區自由路段號德昌路,1,晴,40,交岔路,交叉路口,行車管制號誌,汽(機)車本身,未注意車前狀態
11006AC191B1494,20210625,120.232887,22.966175,交通事故,一般地址,臺南市東區崇善路段762號,1,雨,40,單路部分,路段,無號誌,汽(機)車本身,未注意車前狀態
11006AC191B1498,20210625,120.235661,22.98776,交通事故,一般地址,臺南市東區富農街2段122號,1,晴,50,單路部分,路段,無號誌,車與車,未保持行車安全間隔
11006AC191B1501,20210625,120.232195,22.972759,交通事故,交叉路口,臺南市東區仁和路段號崇善八街,1,陰,50,交岔路,交叉路口,無號誌,車與車,未依規定讓車
11006AC191B1504,20210613,120.220137,22.979178,交通事故,交叉路口,臺南市東區崇德路段號崇明路187,2,晴,50,交岔路,交叉路口,無號誌,車與車,未依規定讓車
11006AC191B1514,20210615,120.2252,22.961587,交通事故,交叉路口,臺南市東區崇吉一街段號崇元二街,2,晴,30,交岔路,交叉路口,無號誌,車與車,未依規定讓車
11006AC191B1521,20210625,120.231891,22.986448,交通事故,一般地址,臺南市東區裕農路段44620455號0,1,晴,30,交岔路,交叉路口,無號誌,車與車,未依規定讓車
11006AC191B1524,20210625,120.234189,22.994675,交通事故,交叉路口,臺南市東區中華東路1段號東平路,1,陰,50,交岔路,交叉路口,行車管制號誌,車與車,未依規定讓車
11006AC191B1557,20210625,120.212866,22.991449,交通事故,交叉路口,臺南市東區青年路段號前鋒路,1,雨,50,交岔路,交叉路口,行車管制號誌,人與汽(機)車,搶越行人穿越道
11006AC191B1568,20210626,120.227468,22.966938,交通事故,一般地址,臺南市東區崇德路段686號,1,晴,40,單路部分,路段,無號誌,車與車,其他引起事故之違規或不當行為
11006AC191B1594,20210626,120.22986,22.987055,交通事故,其他,臺南市東區段號裕農路356號對面停車場出入口,1,陰,40,單路部分,路段,無號誌,車與車,未依規定讓車
11006AC191B1601,20210623,120.228525,22.980192,交通事故,交叉路口,臺南市東區中華東路3段號中華東路344,1,雨,40,交岔路,交叉路口,無號誌,汽(機)車本身,未注意車前狀態
11006AC191B1637,20210627,120.211531,22.984436,交通事故,一般地址,臺南市東區大同路1段17511號,1,雨,30,單路部分,路段,無號誌,汽(機)車本身,未注意車前狀態
11006AC191B1639,20210626,120.215906,22.98445,交通事故,交叉路口,臺南市東區府連路段344號府連路3261,2,陰,30,交岔路,交叉路口,無號誌,車與車,未依規定讓車
11006AC191B1671,20210626,120.230202,22.972546,交通事故,交叉路口,臺南市東區崇善七街段號崇善七街8,1,陰,30,交岔路,交叉路口,無號誌,車與車,未依規定讓車
11006AC191B1672,20210627,120.221995,22.978519,交通事故,一般地址,臺南市東區崇學路段103號,1,雨,50,交岔路,交叉路口,無號誌,車與車,橫越道路不慎
11006AC191B1707,20210628,120.230308,22.977072,交通事故,一般地址,臺南市東區仁和路段45之28號,1,陰,50,單路部分,路段,無號誌,車與車,未依規定讓車
11006AC191B1727,20210628,120.237437,22.964996,交通事故,一般地址,臺南市東區德昌路段58號5,1,雨,40,交岔路,交叉路口,無號誌,車與車,未注意車前狀態
11006AC191B1728,20210628,120.23461,22.996819,交通事故,交叉路口,臺南市東區中華東路1段號平實一街,1,雨,60,交岔路,交叉路口,行車管制號誌(附設行人專用號誌),車與車,未依規定讓車
11006AC191B1729,20210626,120.234903,22.994672,交通事故,其他,臺南市東區段號平實五路東向西方向,1,晴,50,單路部分,路段,無號誌,車與車,未保持行車安全間隔
11006AC191B1732,20210628,120.215437,22.991266,交通事故,交叉路口,臺南市東區青年路段號東榮街,2,晴,50,交岔路,交叉路口,行車管制號誌,車與車,未依規定讓車
11006AC191B1750,20210628,120.2451,22.982236,交通事故,交叉路口,臺南市東區裕文路段號裕信路,1,雨,50,交岔路,交叉路口,行車管制號誌,車與車,違反特定標誌(線)禁制
11006AC191B1762,20210626,120.230967,22.995102,交通事故,交叉路口,臺南市東區東平路段號東平路99,1,晴,40,交岔路,交叉路口,無號誌,汽(機)車本身,停車操作時，未注意其他車(人)安全
11006AC191B1779,20210624,120.230633,22.975737,交通事故,交叉路口,臺南市東區仁和路段號文化三街,1,晴,50,交岔路,交叉路口,行車管制號誌,車與車,未依規定讓車
11006AC191B1793,20210629,120.222739,22.993882,交通事故,一般地址,臺南市東區長榮路3段6627號,2,晴,30,單路部分,路段,無號誌,車與車,起步未注意其他車(人)安全
11006AC191B1804,20210629,120.215437,22.991266,交通事故,交叉路口,臺南市東區青年路段號東榮街,2,晴,50,交岔路,交叉路口,行車管制號誌,車與車,違反號誌管制或指揮
11006AC191B1812,20210629,120.216986,23.001093,交通事故,其他,臺南市東區段號小東路光復校區門口前,2,雨,50,交岔路,交叉路口,行車管制號誌,車與車,未保持行車安全間隔
11006AC191B1815,20210629,120.213934,22.977019,交通事故,一般地址,臺南市東區大同路2段163號,1,暴雨,40,單路部分,路段,無號誌,汽(機)車本身,未注意車前狀態
11006AC191B1816,20210629,120.235889,22.974323,交通事故,交叉路口,臺南市東區自由路2段175號自由路217551,1,雨,40,交岔路,交叉路口,無號誌,車與車,未依規定讓車
11006AC191B1855,20210630,120.215608,22.9859,交通事故,交叉路口,臺南市東區慶東街段號樹林街1,1,晴,30,交岔路,交叉路口,行車管制號誌,車與車,未依規定讓車
11006AC191B1869,20210630,120.226907,22.978159,交通事故,一般地址,臺南市東區中華東路3段139號,1,晴,40,單路部分,路段,無號誌,車與車,未注意車前狀態
11006AC191B1875,20210630,120.233824,22.982746,交通事故,一般地址,臺南市東區中華東路2段24372號,2,晴,40,交岔路,交叉路口,無號誌,車與車,未依規定讓車
11006AC191B1878,20210630,120.233866,22.981849,交通事故,交叉路口,臺南市東區富農街1段131號中華東路224357,2,晴,40,交岔路,交叉路口,無號誌,車與車,未依規定讓車
11006AC191B1892,20210630,120.229126,22.97452,交通事故,交叉路口,臺南市東區崇善路段號崇善四街,1,晴,50,交岔路,交叉路口,無號誌,車與車,未依規定讓車
11006AC191B1896,20210630,120.234313,22.994642,交通事故,交叉路口,臺南市東區中華東路1段號平實五路,1,晴,60,交岔路,交叉路口,行車管制號誌(附設行人專用號誌),車與車,未保持行車安全間隔
11006AC191B1917,20210624,120.223064,22.990356,交通事故,一般地址,臺南市東區東寧路段13439號,1,雨,30,交岔路,交叉路口,無號誌,汽(機)車本身,未注意車前狀態
11006AC191B1919,20210630,120.238111,22.998565,交通事故,交叉路口,臺南市東區小東路段號忠勇街,1,晴,50,交岔路,交叉路口,行車管制號誌,人與汽(機)車,搶越行人穿越道
11006AC191B1923,20210630,120.233078,22.996974,交通事故,交叉路口,臺南市東區莊敬路段號莊敬路205,1,晴,50,交岔路,交叉路口,行車管制號誌,車與車,違反號誌管制或指揮
11006AC191B1925,20210630,120.23578,22.994678,交通事故,交叉路口,臺南市東區後甲一路段號平實五路,2,晴,50,交岔路,交叉路口,行車管制號誌(附設行人專用號誌),車與車,未注意車前狀態
11006AC191B1972,20210629,120.246783,22.978245,交通事故,交叉路口,臺南市東區裕華三街段號裕孝三街,1,雨,50,交岔路,交叉路口,閃光號誌,車與車,未依規定讓車
11006AC191B2003,20210627,120.23407,22.993817,交通事故,交叉路口,臺南市東區中華東路1段號莊敬路58,1,陰,40,交岔路,交叉路口,無號誌,車與車,未依規定讓車
11006AC191B2037,20210629,120.218581,22.985836,交通事故,交叉路口,臺南市東區長榮路1段號府東街,1,陰,50,交岔路,交叉路口,行車管制號誌(附設行人專用號誌),車與車,未注意車前狀態
11006AC191B2040,20210625,120.214623,22.993412,交通事故,一般地址,臺南市東區育樂街段212號,1,雨,50,交岔路,交叉路口,行車管制號誌,車與車,左轉彎未依規定
11006AC191B2046,20210617,120.231515,22.962916,交通事故,一般地址,臺南市東區德東街段15140號,1,晴,50,交岔路,交叉路口,無號誌,車與車,不明原因肇事
11006AC191B2047,20210614,120.230591,22.961817,交通事故,一般地址,臺南市東區德東街段111號,1,晴,30,交岔路,交叉路口,無號誌,人與汽(機)車,不明原因肇事
11006AC191B2073,20210602,120.223975,22.995788,交通事故,交叉路口,臺南市東區大學路段號林森路2,1,晴,30,交岔路,交叉路口,行車管制號誌,汽(機)車本身,其他引起事故之違規或不當行為
11006AC191B2082,20210624,120.225235,22.977346,交通事故,交叉路口,臺南市東區崇德四街段號崇德四街7,2,晴,30,交岔路,交叉路口,無號誌,車與車,未依規定讓車
11006AC191B2150,20210630,120.23374,22.990392,交通事故,一般地址,臺南市東區中華東路1段366號,1,晴,60,單路部分,路段,無號誌,車與車,未注意車前狀態
11006AC191B2183,20210617,120.224549,22.991086,交通事故,交叉路口,臺南市東區林森路2段號東寧路,2,晴,40,交岔路,交叉路口,行車管制號誌,車與車,未依規定讓車
11006AC191B2231,20210617,120.227232,22.996127,交通事故,一般地址,臺南市東區東安路段231號,1,晴,50,單路部分,路段,無號誌,車與車,迴轉未依規定
11006AC191B2267,20210629,120.234888,22.961294,交通事故,交叉路口,臺南市東區明東街段號信東街,2,陰,30,交岔路,交叉路口,無號誌,車與車,未依規定讓車
11006AC191B2273,20210611,120.229802,22.984077,交通事故,一般地址,臺南市東區東門路2段301113號,2,晴,30,交岔路,交叉路口,無號誌,車與車,未依規定讓車
11006AC1O1B0226,20210604,120.21206,22.981293,交通事故,交叉路口,臺南市東區林森路1段號大同路1,2,晴,40,交岔路,交叉路口,行車管制號誌(附設行人專用號誌),車與車,未保持行車安全距離
11006AC1O1B0350,20210607,120.215977,22.97699,交通事故,一般地址,臺南市東區立德八路段80號,2,晴,30,交岔路,交叉路口,無號誌,車與車,未注意車前狀態
11006AC1O1B0537,20210604,120.227495,22.974023,交通事故,交叉路口,臺南市東區崇德路段號崇德八街,2,晴,40,交岔路,交叉路口,行車管制號誌,車與車,逆向行駛
11006AC1O1B0913,20210617,120.220965,22.984397,交通事故,一般地址,臺南市東區林森路1段361號0,1,晴,30,交岔路,交叉路口,行車管制號誌,車與車,未依規定讓車
11006AC1O1B1297,20210622,120.229329,22.972182,交通事故,一般地址,臺南市東區崇道路段120號,1,陰,50,交岔路,交叉路口,無號誌,車與車,未依規定讓車
11006AC1O1B1782,20210628,120.219427,22.986453,交通事故,一般地址,臺南市東區東門路2段19號,2,雨,40,單路部分,路段,無號誌,車與車,未依規定讓車
11006AC1O1B2101,20210625,120.223935,22.991801,交通事故,一般地址,臺南市東區林森路2段250號,1,雨,40,單路部分,路段,無號誌,車與車,其他引起事故之違規或不當行為
11006AC1O1B2279,20210611,120.226864,22.961648,交通事故,交叉路口,臺南市東區崇吉一街段號崇元一街,2,陰,50,交岔路,交叉路口,無號誌,車與車,未依規定讓車
11006AC1R1B0751,20210607,120.22509,22.975719,交通事故,一般地址,臺南市東區崇德路段407號2,1,晴,50,單路部分,路段,無號誌,車與車,橫越道路不慎
11006AC1R1B0752,20210603,120.229316,22.98965,交通事故,一般地址,臺南市東區東寧路段395號5,3,晴,40,單路部分,路段,無號誌,車與車,逆向行駛
11006AC1R1B1177,20210615,120.233114,22.971242,交通事故,交叉路口,臺南市東區仁和路段號崇善十一街,1,晴,50,交岔路,交叉路口,行車管制號誌,車與車,未保持行車安全間隔
11006AC1R1B1432,20210619,120.226153,22.978381,交通事故,交叉路口,臺南市東區崇善路段號崇德四街,1,晴,40,交岔路,交叉路口,行車管制號誌,車與車,變換車道或方向不當
11006AC1R1B1450,20210618,120.21758,22.964815,交通事故,其他,臺南市東區生產路段號崇慶街生產路鐵路平交道前,1,晴,15,單路部分,其他,無號誌,車與車,未注意車前狀態
11006AC1R1B2000,20210621,120.213877,22.976815,交通事故,一般地址,臺南市東區大同路2段171號,1,陰,50,單路部分,路段,無號誌,車與車,逆向行駛
11006AC1R1B2004,20210624,120.227496,22.969646,交通事故,交叉路口,臺南市東區崇德路段號崇德十六街,1,晴,50,交岔路,交叉路口,無號誌,車與車,未依規定讓車
11006AC1R1B2005,20210627,120.231064,22.980229,交通事故,一般地址,臺南市東區東門路3段3723號1,1,晴,30,單路部分,路段,無號誌,車與車,未注意車前狀態
11006AC1R1B2006,20210601,120.222065,22.986318,交通事故,交叉路口,臺南市東區衛國街段號衛國街13,1,晴,30,交岔路,交叉路口,無號誌,車與車,未依規定讓車
11006AC1R1B2119,20210630,120.227505,22.966737,交通事故,交叉路口,臺南市東區崇德路段號崇明二十四街,1,晴,50,交岔路,交叉路口,行車管制號誌,人與汽(機)車,左轉彎未依規定
11006AC1R1B2124,20210630,120.238438,22.984063,交通事故,交叉路口,臺南市東區裕農一街段號裕農一街170,1,晴,30,交岔路,交叉路口,無號誌,車與車,左轉彎未依規定
11006AC1R1B2212,20210613,120.229835,22.972323,交通事故,交叉路口,臺南市東區崇善路段號崇道路,1,晴,50,交岔路,交叉路口,行車管制號誌,車與車,右轉彎未依規定
11006AC291A0006,20210611,120.200645,22.998528,交通事故,交叉路口,臺南市中西區西門路二段段號郡緯街,1,晴,50,交岔路,其他,行車管制號誌,人與汽(機)車,搶越行人穿越道
11006AC291B0057,20210602,120.209782,22.994454,交通事故,一般地址,臺南市中西區民族路2段65號,1,晴,50,交岔路,交叉路口,無號誌,車與車,起步未注意其他車(人)安全
11006AC291B0080,20210601,120.19369,23.004283,交通事故,交叉路口,臺南市中西區文賢路段號文和街,2,晴,50,交岔路,交叉路口,行車管制號誌,車與車,其他引起事故之違規或不當行為
11006AC291B0105,20210603,120.192001,22.991575,交通事故,交叉路口,臺南市中西區府前路一段段號南華街,2,晴,50,交岔路,交叉路口,行車管制號誌(附設行人專用號誌),車與車,違反號誌管制或指揮
11006AC291B0111,20210603,120.19531,22.995767,交通事故,交叉路口,臺南市中西區康樂街段號民生路,1,晴,50,交岔路,交叉路口,行車管制號誌,車與車,未注意車前狀態
11006AC291B0113,20210603,120.21002,22.994385,交通事故,其他,臺南市中西區段號民族路二段57巷口,4,晴,50,交岔路,交叉路口,無號誌,車與車,蛇行、方向不定
11006AC291B0115,20210603,120.197643,22.983558,交通事故,一般地址,臺南市中西區西門路1段486號,1,晴,50,交岔路,交叉路口,無號誌,車與車,其他引起事故之違規或不當行為
11006AC291B0137,20210602,120.201288,22.9897,交通事故,其他,臺南市中西區段號府前路1段美術二館停車場入口對面,1,晴,50,交岔路,交叉路口,無號誌,車與車,其他裝載不當肇事
11006AC291B0138,20210602,120.204608,22.989037,交通事故,交叉路口,臺南市中西區南門路段號府前路,1,晴,50,交岔路,交叉路口,行車管制號誌(附設行人專用號誌),車與車,未依規定讓車
11006AC291B0140,20210601,120.200129,22.997468,交通事故,交叉路口,臺南市中西區西門路段號民族路,1,晴,50,交岔路,交叉路口,行車管制號誌,車與車,違反特定標誌(線)禁制
11006AC291B0145,20210601,120.191694,22.991742,交通事故,交叉路口,臺南市中西區府前路2段號環河街,1,晴,50,交岔路,交叉路口,行車管制號誌,車與車,違反號誌管制或指揮
11006AC291B0174,20210604,120.197398,22.997021,交通事故,其他,臺南市中西區段號海安路水仙宮市場前。,1,晴,50,單路部分,路段,行車管制號誌,車與車,違反號誌管制或指揮
11006AC291B0176,20210604,120.204538,22.992469,交通事故,交叉路口,臺南市中西區民生綠園圓環段號中正路,1,晴,50,交岔路,交叉路口,行車管制號誌,車與車,違反號誌管制或指揮
11006AC291B0191,20210604,120.197286,22.996833,交通事故,交叉路口,臺南市中西區民權路段號海安路,4,晴,50,交岔路,交叉路口,行車管制號誌,車與車,未依規定讓車
11006AC291B0193,20210604,120.206612,22.98886,交通事故,一般地址,臺南市中西區府前路一段段155號,1,晴,50,交岔路,交叉路口,無號誌,車與車,起步未注意其他車(人)安全
11006AC291B0207,20210604,120.193936,22.996112,交通事故,交叉路口,臺南市中西區金華路段號民生路,1,晴,50,交岔路,交叉路口,行車管制號誌,車與車,變換車道或方向不當
11006AC291B0239,20210605,120.204774,22.997921,交通事故,一般地址,臺南市中西區忠義路2段244號,1,陰,50,單路部分,路段,無號誌,車與車,逆向行駛
11006AC291B0247,20210605,120.212049,22.98124,交通事故,交叉路口,臺南市中西區健康路段號大同路,1,陰,50,交岔路,交叉路口,行車管制號誌,車與車,其他引起事故之違規或不當行為
11006AC291B0276,20210605,120.196689,22.995222,交通事故,交叉路口,臺南市中西區民生路段號海安路,1,陰,50,交岔路,交叉路口,行車管制號誌,車與車,起步未注意其他車(人)安全
11006AC291B0379,20210608,120.192366,22.991607,交通事故,一般地址,臺南市中西區府前路2段210號,3,晴,50,單路部分,路段,無號誌,車與車,未保持行車安全距離
11006AC291B0380,20210608,120.186358,23.006777,交通事故,交叉路口,臺南市中西區中華西路段號和緯路,1,晴,50,交岔路,交叉路口,行車管制號誌(附設行人專用號誌),車與車,違反號誌管制或指揮
11006AC291B0386,20210608,120.19531,22.995767,交通事故,交叉路口,臺南市中西區民生路段號康樂街,1,晴,50,交岔路,交叉路口,行車管制號誌,車與車,右轉彎未依規定
11006AC291B0426,20210609,120.205605,22.99681,交通事故,交叉路口,臺南市中西區觀亭街段號慈音街,3,晴,50,交岔路,交叉路口,無號誌,車與車,未依規定讓車
11006AC291B0451,20210608,120.197659,22.987359,交通事故,交叉路口,臺南市中西區西門路1段號永華路1,1,晴,50,交岔路,交叉路口,行車管制號誌(附設行人專用號誌),車與車,未保持行車安全距離
11006AC291B0459,20210609,120.19685,22.990693,交通事故,交叉路口,臺南市中西區國華街2段號府前路2,1,陰,50,交岔路,交叉路口,行車管制號誌,車與車,未依規定讓車
11006AC291B0463,20210609,120.195142,22.997723,交通事故,一般地址,臺南市中西區民權路3段194號,1,雨,50,單路部分,路段,無號誌,人與汽(機)車,未注意車前狀態
11006AC291B0508,20210610,120.201332,22.999692,交通事故,交叉路口,臺南市中西區成功路段號西門路二段,1,晴,50,交岔路,交叉路口,行車管制號誌,車與車,未注意車前狀態
11006AC291B0551,20210611,120.191964,22.99269,交通事故,一般地址,臺南市中西區環河街段26號,1,晴,50,單路部分,路段,無號誌,車與車,迴轉未依規定
11006AC291B0556,20210606,120.191685,23.002348,交通事故,交叉路口,臺南市中西區西和路段號和美街,2,雨,50,交岔路,交叉路口,行車管制號誌,車與車,違反號誌管制或指揮
11006AC291B0570,20210610,120.194561,22.997697,交通事故,交叉路口,臺南市中西區金華路段號民權路,1,晴,50,交岔路,交叉路口,行車管制號誌,車與車,變換車道或方向不當
11006AC291B0613,20210611,120.204944,22.99848,交通事故,交叉路口,臺南市中西區成功路段號忠義路2,1,晴,50,交岔路,交叉路口,行車管制號誌,車與車,未注意車前狀態
11006AC291B0618,20210611,120.211191,22.985337,交通事故,一般地址,臺南市中西區大同路1段128號,1,晴,50,單路部分,路段,無號誌,車與車,未保持行車安全距離
11006AC291B0667,20210613,120.189206,22.997433,交通事故,交叉路口,臺南市中西區民生路段號臨安路,1,晴,50,交岔路,交叉路口,行車管制號誌,車與車,未注意車前狀態
11006AC291B0676,20210613,120.196014,23.001403,交通事故,一般地址,臺南市中西區成功路段451號,2,晴,50,交岔路,交叉路口,行車管制號誌(附設行人專用號誌),車與車,其他引起事故之故障
11006AC291B0728,20210610,120.207658,22.988963,交通事故,交叉路口,臺南市中西區開山路段號府前路,1,雨,50,交岔路,交叉路口,行車管制號誌(附設行人專用號誌),車與車,其他引起事故之違規或不當行為
11006AC291B0734,20210614,120.201501,22.998218,交通事故,交叉路口,臺南市中西區郡緯街段號新美街,3,晴,30,交岔路,交叉路口,閃光號誌,車與車,未依規定讓車
11006AC291B0735,20210614,120.193297,22.993506,交通事故,交叉路口,臺南市中西區金華路三段段號中正路,1,晴,50,交岔路,交叉路口,行車管制號誌,車與車,未依規定讓車
11006AC291B0809,20210614,120.196651,22.995229,交通事故,交叉路口,臺南市中西區海安路段號民生路,1,晴,50,交岔路,交叉路口,行車管制號誌(附設行人專用號誌),車與車,未依規定讓車
11006AC291B0819,20210615,120.195098,23.002086,交通事故,交叉路口,臺南市中西區臨安路段號成功路,2,晴,50,交岔路,交叉路口,行車管制號誌,車與車,違反特定標誌(線)禁制
11006AC291B0842,20210616,120.210327,22.988897,交通事故,一般地址,臺南市中西區府前路1段51號,1,晴,50,交岔路,交叉路口,無號誌,車與車,逆向行駛
11006AC291B0850,20210616,120.19758,22.988496,交通事故,交叉路口,臺南市中西區西門路段號和意路,2,晴,50,交岔路,交叉路口,行車管制號誌,車與車,未保持行車安全距離
11006AC291B0854,20210616,120.18789,23.007443,交通事故,交叉路口,臺南市中西區和緯路4段號武聖路,1,晴,50,交岔路,交叉路口,行車管制號誌(附設行人專用號誌),車與車,違反特定標誌(線)禁制
11006AC291B0875,20210616,120.193929,22.996174,交通事故,交叉路口,臺南市中西區民生路段號金華路,1,晴,50,交岔路,交叉路口,行車管制號誌,車與車,未依規定讓車
11006AC291B0902,20210616,120.197123,22.991972,交通事故,交叉路口,臺南市中西區友愛街段號國華街2,2,晴,30,交岔路,交叉路口,行車管制號誌,車與車,未依規定讓車
11006AC291B0924,20210611,120.192068,22.98817,交通事故,交叉路口,臺南市中西區金華路段號永華路,1,晴,50,交岔路,其他,行車管制號誌(附設行人專用號誌),人與汽(機)車,搶越行人穿越道
11006AC291B0931,20210617,120.187011,23.003408,交通事故,一般地址,臺南市中西區中華西路二段段596之2號,2,雨,60,單路部分,路段,無號誌,車與車,未保持行車安全距離
11006AC291B0946,20210611,120.194307,22.99706,交通事故,交叉路口,臺南市中西區金華路段號忠明街,2,雨,50,交岔路,交叉路口,無號誌,車與車,未依規定讓車
11006AC291B0949,20210617,120.194875,22.988646,交通事故,交叉路口,臺南市中西區海安路段號建安街,1,陰,50,交岔路,交叉路口,行車管制號誌,車與車,起步未注意其他車(人)安全
11006AC291B0970,20210616,120.198705,22.993767,交通事故,一般地址,臺南市中西區西門路二段段171號,2,晴,50,交岔路,交叉路口,無號誌,車與車,左轉彎未依規定
11006AC291B0982,20210615,120.19501,22.987833,交通事故,一般地址,臺南市中西區海安路1段12號,1,晴,50,單路部分,路段,無號誌,車與車,未注意車前狀態
11006AC291B0989,20210612,120.192133,23.000188,交通事故,交叉路口,臺南市中西區臨安路1段號民族路3,1,晴,50,交岔路,交叉路口,行車管制號誌,車與車,左轉彎未依規定
11006AC291B0991,20210618,120.206892,22.998023,交通事故,交叉路口,臺南市中西區公園路段號成功路,1,晴,50,交岔路,交叉路口,行車管制號誌,車與車,未依規定讓車
11006AC291B1008,20210617,120.193438,22.996221,交通事故,交叉路口,臺南市中西區民生路2段號河中街,3,晴,50,交岔路,交叉路口,閃光號誌,車與車,左轉彎未依規定
11006AC291B1012,20210618,120.211634,22.991984,交通事故,交叉路口,臺南市中西區北門路1段號興華街12,2,晴,50,交岔路,交叉路口,無號誌,車與車,未依規定讓車
11006AC291B1038,20210618,120.210088,22.989854,交通事故,交叉路口,臺南市中西區民權路段號萬昌街,1,晴,50,交岔路,交叉路口,行車管制號誌,車與車,未注意車前狀態
11006AC291B1041,20210618,120.189903,23.002336,交通事故,交叉路口,臺南市中西區文祥街段號和善街,1,晴,40,交岔路,交叉路口,無號誌,車與車,未依規定讓車
11006AC291B1046,20210618,120.205535,22.994603,交通事故,一般地址,臺南市中西區公園路段36號,1,晴,50,單路部分,路段,無號誌,車與車,未保持行車安全距離
11006AC291B1057,20210618,120.198986,22.990146,交通事故,交叉路口,臺南市中西區府前路1段號府前路1371,2,晴,50,交岔路,交叉路口,無號誌,車與車,迴轉未依規定
11006AC291B1064,20210604,120.194962,22.987526,交通事故,交叉路口,臺南市中西區永華路段號海安路,2,晴,50,交岔路,交叉路口,行車管制號誌,車與車,左轉彎未依規定
11006AC291B1069,20210616,120.200836,22.99221,交通事故,交叉路口,臺南市中西區中正路段號永福路,2,晴,50,交岔路,交叉路口,行車管制號誌(附設行人專用號誌),車與車,未注意車前狀態
11006AC291B1070,20210616,120.185921,22.99897,交通事故,交叉路口,臺南市中西區民權路4段號頂美三街,1,晴,50,交岔路,交叉路口,無號誌,車與車,未依規定讓車
11006AC291B1083,20210613,120.205744,22.99568,交通事故,交叉路口,臺南市中西區公園路段號民族路,3,晴,50,交岔路,交叉路口,行車管制號誌(附設行人專用號誌),車與車,起步未注意其他車(人)安全
11006AC291B1147,20210620,120.199513,22.998896,交通事故,交叉路口,臺南市中西區郡緯街段號國華街3,2,陰,50,交岔路,交叉路口,閃光號誌,車與車,未依規定讓車