案件編號,發生日期,GPS經度,GPS緯度,案件類別名稱,地址類型名稱,發生縣市名稱,受傷人數,天候名稱, 速限-第1當事者,道路型態大類別名稱,事故位置大類別名稱,號誌-號誌種類名稱,事故類型及型態大類別名稱,肇因研判子類別名稱-主要
11006AC291B1151,20210620,120.207057,22.981324,交通事故,交叉路口,臺南市中西區健康路段號健康路1170,1,陰,50,交岔路,交叉路口,行車管制號誌(附設行人專用號誌),人與汽(機)車,搶越行人穿越道
11006AC291B1201,20210621,120.204079,22.996267,交通事故,交叉路口,臺南市中西區忠義路2段號民族路2,2,雨,50,交岔路,交叉路口,行車管制號誌,車與車,違反特定標誌(線)禁制
11006AC291B1229,20210621,120.204723,22.992284,交通事故,其他,臺南市中西區段號民生綠園文學館前,1,晴,40,圓環廣場,路段,無號誌,車與車,變換車道或方向不當
11006AC291B1249,20210621,120.191685,23.002348,交通事故,交叉路口,臺南市中西區西和路段號和美街,1,陰,50,交岔路,交叉路口,行車管制號誌,車與車,未注意車前狀態
11006AC291B1267,20210621,120.201872,22.999299,交通事故,一般地址,臺南市中西區成功路段271號,1,雨,50,單路部分,路段,行車管制號誌,車與車,其他引起事故之違規或不當行為
11006AC291B1292,20210622,120.207714,22.992085,交通事故,交叉路口,臺南市中西區民權路2段號青年路,1,雨,50,交岔路,交叉路口,行車管制號誌(附設行人專用號誌),車與車,未注意車前狀態
11006AC291B1302,20210617,120.211298,22.982563,交通事故,交叉路口,臺南市中西區大同路段號五妃街,1,晴,50,交岔路,交叉路口,行車管制號誌,車與車,未注意車前狀態
11006AC291B1332,20210620,120.190766,23.003722,交通事故,一般地址,臺南市中西區武聖路段6991號,1,陰,50,單路部分,路段,無號誌,車與車,未注意車前狀態
11006AC291B1377,20210623,120.192931,23.001033,交通事故,一般地址,臺南市中西區臨安路1段207號,2,雨,50,交岔路,交叉路口,無號誌,車與車,未依規定讓車
11006AC291B1381,20210623,120.190777,22.999209,交通事故,交叉路口,臺南市中西區臨安路1段號大新街21,3,雨,50,交岔路,交叉路口,行車管制號誌,車與車,左轉彎未依規定
11006AC291B1388,20210612,120.207362,22.995157,交通事故,一般地址,臺南市中西區民族路2段78號,1,晴,50,單路部分,路段,無號誌,車與車,起步未注意其他車(人)安全
11006AC291B1402,20210622,120.199201,22.982637,交通事故,其他,臺南市中西區段號五妃街280巷口,1,雨,50,交岔路,交叉路口,無號誌,車與車,未注意車前狀態
11006AC291B1415,20210622,120.200422,22.989979,交通事故,交叉路口,臺南市中西區永福路段號府前路,1,雨,50,交岔路,交叉路口,行車管制號誌(附設行人專用號誌),車與車,其他引起事故之違規或不當行為
11006AC291B1416,20210623,120.204608,22.989528,交通事故,其他,臺南市中西區段號南門路73號對面,2,晴,40,單路部分,路段,無號誌,汽(機)車本身,未注意車前狀態
11006AC291B1417,20210623,120.180038,23.001669,交通事故,交叉路口,臺南市中西區湖美街段號湖美街215,1,晴,50,交岔路,交叉路口,閃光號誌,車與車,未依規定讓車
11006AC291B1438,20210618,120.209622,22.982211,交通事故,一般地址,臺南市中西區府連路段39號,1,晴,50,單路部分,路段,無號誌,車與車,開啟車門不當而肇事
11006AC291B1462,20210624,120.197705,22.994266,交通事故,交叉路口,臺南市中西區國華街段號正興街,1,晴,30,交岔路,交叉路口,無號誌,車與車,未依規定讓車
11006AC291B1478,20210624,120.193003,22.992189,交通事故,交叉路口,臺南市中西區金華路段號尊王路,1,雨,50,交岔路,交叉路口,行車管制號誌,車與車,右轉彎未依規定
11006AC291B1486,20210622,120.186127,23.003386,交通事故,交叉路口,臺南市中西區西湖街段號頂美三街,1,陰,50,交岔路,交叉路口,行車管制號誌,車與車,倒車未依規定
11006AC291B1491,20210620,120.211906,22.996217,交通事故,一般地址,臺南市中西區北門路1段147號,2,晴,50,交岔路,交叉路口,無號誌,車與車,迴轉未依規定
11006AC291B1493,20210622,120.195606,22.990946,交通事故,交叉路口,臺南市中西區海安路段號府前路,2,晴,50,交岔路,交叉路口,行車管制號誌,車與車,未依規定讓車
11006AC291B1500,20210601,120.197997,22.996273,交通事故,交叉路口,臺南市中西區仁愛街段號和平街,2,晴,30,交岔路,交叉路口,無號誌,車與車,未依規定讓車
11006AC291B1513,20210621,120.210958,22.984251,交通事故,一般地址,臺南市中西區大同路1段146號,1,雨,50,單路部分,路段,無號誌,汽(機)車本身,未注意車前狀態
11006AC291B1515,20210625,120.207982,22.988395,交通事故,交叉路口,臺南市中西區開山路段號府前路,1,晴,50,單路部分,路段,無號誌,車與車,起步未注意其他車(人)安全
11006AC291B1519,20210625,120.211385,22.991143,交通事故,一般地址,臺南市中西區北門路1段87號,1,陰,50,單路部分,路段,無號誌,車與車,起步未注意其他車(人)安全
11006AC291B1528,20210609,120.199615,22.996014,交通事故,交叉路口,臺南市中西區西門路段號民權路,1,陰,50,交岔路,交叉路口,行車管制號誌,車與車,違反號誌管制或指揮
11006AC291B1538,20210625,120.204556,22.992607,交通事故,其他,臺南市中西區段號民生綠園與民生路口,2,雨,50,交岔路,交叉路口,行車管制號誌(附設行人專用號誌),車與車,未依規定讓車
11006AC291B1541,20210623,120.199212,22.990148,交通事故,一般地址,臺南市中西區府前路1段292號,1,雨,50,交岔路,交叉路口,無號誌,汽(機)車本身,未注意車前狀態
11006AC291B1544,20210624,120.202692,22.991829,交通事故,交叉路口,臺南市中西區中正路段號忠義路,1,雨,50,交岔路,交叉路口,行車管制號誌,車與車,未依規定讓車
11006AC291B1565,20210620,120.186601,23.004821,交通事故,一般地址,臺南市中西區中華西路2段791號,3,晴,40,單路部分,路段,無號誌,車與車,未保持行車安全距離
11006AC291B1573,20210625,120.195098,23.002086,交通事故,交叉路口,臺南市中西區臨安路段號成功路,1,雨,50,交岔路,交叉路口,行車管制號誌,車與車,未依規定讓車
11006AC291B1575,20210625,120.203042,22.993397,交通事故,交叉路口,臺南市中西區忠義路段號民生路,1,雨,50,交岔路,交叉路口,行車管制號誌(附設行人專用號誌),汽(機)車本身,未注意車前狀態
11006AC291B1595,20210613,120.196651,22.995229,交通事故,交叉路口,臺南市中西區民生路段號海安路,2,晴,50,交岔路,交叉路口,行車管制號誌,車與車,違規超車
11006AC291B1604,20210614,120.211306,22.988446,交通事故,其他,臺南市中西區段號東門圓環與大同路口,1,晴,50,交岔路,交叉路口,行車管制號誌,車與車,違反特定標誌(線)禁制
11006AC291B1610,20210626,120.195884,22.99532,交通事故,一般地址,臺南市中西區民生路2段127號,1,晴,50,單路部分,路段,無號誌,車與車,未注意車前狀態
11006AC291B1618,20210624,120.197506,22.989465,交通事故,交叉路口,臺南市中西區西門路1段號西門路1747,1,晴,50,交岔路,交叉路口,無號誌,車與車,未依規定讓車
11006AC291B1620,20210624,120.204723,22.990029,交通事故,交叉路口,臺南市中西區府中街段號南門路,1,雨,40,交岔路,交叉路口,行車管制號誌,汽(機)車本身,未注意車前狀態
11006AC291B1621,20210626,120.20224,22.989534,交通事故,交叉路口,臺南市中西區忠義路段號府前路,1,雨,50,交岔路,交叉路口,行車管制號誌,車與車,未依規定讓車
11006AC291B1622,20210626,120.200103,22.981386,交通事故,交叉路口,臺南市中西區健康路1段號永福路1,1,雨,50,交岔路,交叉路口,行車管制號誌,車與車,違反號誌管制或指揮
11006AC291B1649,20210627,120.209696,22.981319,交通事故,交叉路口,臺南市中西區健康路段號府連路,1,晴,50,交岔路,交叉路口,行車管制號誌,車與車,違反號誌管制或指揮
11006AC291B1659,20210627,120.194275,22.997091,交通事故,交叉路口,臺南市中西區金華路段號和平街118,2,陰,50,交岔路,路段,無號誌,車與車,迴轉未依規定
11006AC291B1660,20210627,120.205502,22.982589,交通事故,交叉路口,臺南市中西區五妃街段號慶中街,2,晴,50,交岔路,交叉路口,行車管制號誌,車與車,違反號誌管制或指揮
11006AC291B1669,20210627,120.208955,22.994672,交通事故,一般地址,臺南市中西區民族路2段76之1號,1,晴,50,單路部分,路段,無號誌,車與車,未依規定讓車
11006AC291B1680,20210626,120.19283,22.999893,交通事故,一般地址,臺南市中西區民族路3段271號,1,晴,50,單路部分,路段,無號誌,車與車,起步未注意其他車(人)安全
11006AC291B1683,20210626,120.198673,22.996944,交通事故,一般地址,臺南市中西區國華街3段141號,1,晴,50,單路部分,路段,無號誌,車與車,不明原因肇事
11006AC291B1686,20210619,120.193171,22.992447,交通事故,一般地址,臺南市中西區金華路3段146號,1,晴,50,單路部分,路段,無號誌,車與車,未注意車前狀態
11006AC291B1692,20210608,120.197757,22.990285,交通事故,交叉路口,臺南市中西區西門路段號府前路,1,晴,50,交岔路,交叉路口,行車管制號誌,車與車,未保持行車安全距離
11006AC291B1723,20210628,120.202324,22.989554,交通事故,交叉路口,臺南市中西區府前路一段段號忠義路1,1,雨,50,交岔路,交叉路口,行車管制號誌(附設行人專用號誌),車與車,右轉彎未依規定
11006AC291B1724,20210628,120.205417,22.992136,交通事故,交叉路口,臺南市中西區民生綠園圓環段號開山路,1,雨,50,交岔路,交叉路口,行車管制號誌,車與車,違反號誌管制或指揮
11006AC291B1730,20210628,120.199513,22.998896,交通事故,交叉路口,臺南市中西區國華街段號郡緯街,2,晴,50,交岔路,交叉路口,閃光號誌,車與車,未依規定讓車
11006AC291B1749,20210628,120.186793,22.998816,交通事故,交叉路口,臺南市中西區中華西路2段號民權路3,1,陰,50,交岔路,交叉路口,行車管制號誌(附設行人專用號誌),車與車,右轉彎未依規定
11006AC291B1756,20210628,120.191389,22.989802,交通事故,交叉路口,臺南市中西區南華街段號大勇街,2,陰,50,交岔路,交叉路口,閃光號誌,車與車,未依規定讓車
11006AC291B1773,20210622,120.20456,22.997777,交通事故,一般地址,臺南市中西區忠義路2段225號,1,雨,50,單路部分,路段,無號誌,車與車,開啟車門不當而肇事
11006AC291B1805,20210629,120.186927,23.00183,交通事故,一般地址,臺南市中西區中華西路二段段675號,1,雨,50,交岔路,交叉路口,無號誌,人與汽(機)車,未注意車前狀態
11006AC291B1809,20210629,120.204484,22.991978,交通事故,交叉路口,臺南市中西區民生綠園圓環段號民生路,1,陰,50,交岔路,交叉路口,行車管制號誌,汽(機)車本身,未注意車前狀態
11006AC291B1819,20210629,120.187897,23.007439,交通事故,交叉路口,臺南市中西區和緯路段號武聖路,1,陰,60,交岔路,交叉路口,行車管制號誌,車與車,右轉彎未依規定
11006AC291B1831,20210627,120.197925,22.981444,交通事故,一般地址,臺南市中西區健康路1段422號,1,雨,50,單路部分,路段,無號誌,車與車,起步未注意其他車(人)安全
11006AC291B1832,20210628,120.191166,23.001843,交通事故,其他,臺南市中西區段號西和路186號旁無名巷,1,雨,30,交岔路,交叉路口,無號誌,車與車,倒車未依規定
11006AC291B1876,20210624,120.200112,22.985061,交通事故,交叉路口,臺南市中西區永福路段號南寧街,3,晴,50,交岔路,交叉路口,行車管制號誌,車與車,左轉彎未依規定
11006AC291B1883,20210629,120.200003,23.000057,交通事故,交叉路口,臺南市中西區成功路段號國華街三段,1,陰,50,交岔路,交叉路口,行車管制號誌,汽(機)車本身,未注意車前狀態
11006AC291B1893,20210630,120.206135,22.991107,交通事故,交叉路口,臺南市中西區開山路段號友愛街,2,晴,50,交岔路,交叉路口,行車管制號誌(附設行人專用號誌),車與車,未依規定讓車
11006AC291B1908,20210630,120.204545,22.99258,交通事故,交叉路口,臺南市中西區民生綠園圓環段號民生路,1,晴,50,交岔路,交叉路口,行車管制號誌(附設行人專用號誌),車與車,未注意車前狀態
11006AC291B1930,20210625,120.20171,22.998109,交通事故,一般地址,臺南市中西區郡緯街段31號,1,晴,50,單路部分,路段,無號誌,車與車,開啟車門不當而肇事
11006AC291B1945,20210626,120.186905,22.992656,交通事故,交叉路口,臺南市中西區中華西路段號府前路,2,晴,50,交岔路,交叉路口,行車管制號誌(附設行人專用號誌),車與車,未保持行車安全距離
11006AC291B1957,20210630,120.200168,22.986288,交通事故,交叉路口,臺南市中西區永福路段號樹林街,2,晴,50,交岔路,交叉路口,行車管制號誌,車與車,未注意車前狀態
11006AC291B2026,20210620,120.186905,22.992656,交通事故,交叉路口,臺南市中西區中華西路段號府前路,2,陰,60,交岔路,交叉路口,行車管制號誌,車與車,未依規定讓車
11006AC291B2052,20210626,120.199336,22.981391,交通事故,一般地址,臺南市中西區健康路1段370之1號,2,晴,50,單路部分,路段,無號誌,汽(機)車本身,未注意車前狀態
11006AC291B2077,20210630,120.186945,22.995929,交通事故,交叉路口,臺南市中西區府前二街段號中華西路2200,1,晴,30,交岔路,交叉路口,無號誌,車與車,未注意車前狀態
11006AC291B2118,20210624,120.201501,22.998218,交通事故,交叉路口,臺南市中西區新美街段號郡緯街,2,晴,40,交岔路,交叉路口,閃光號誌,車與車,未依規定讓車
11006AC391A0002,20210603,120.182833,23.060888,交通事故,其他,臺南市安南區段號台江大道三段,0,晴,70,單路部分,路段,無號誌,車與車,未保持行車安全距離
11006AC391B0007,20210601,120.18649,23.037581,交通事故,交叉路口,臺南市安南區海中街段號海尾路,2,晴,50,交岔路,交叉路口,行車管制號誌,車與車,違反號誌管制或指揮
11006AC391B0013,20210601,120.212662,23.03488,交通事故,一般地址,臺南市安南區安和路1段198號,1,晴,50,單路部分,路段,無號誌,車與車,未依規定讓車
11006AC391B0032,20210601,120.206676,23.05797,交通事故,交叉路口,臺南市安南區工明二路段號工明南三路,2,晴,50,交岔路,交叉路口,閃光號誌,車與車,未依規定讓車
11006AC391B0036,20210601,120.180899,23.026005,交通事故,一般地址,臺南市安南區郡安路6段號,1,晴,50,單路部分,路段,無號誌,車與車,未保持行車安全距離
11006AC391B0049,20210602,120.194733,23.041247,交通事故,其他,臺南市安南區段號安中路一段701巷49號,2,晴,30,單路部分,路段,無號誌,車與車,起步未注意其他車(人)安全
11006AC391B0051,20210602,120.190291,23.040551,交通事故,交叉路口,臺南市安南區大安街段6802號同安路166,1,晴,30,交岔路,交叉路口,無號誌,車與車,未依規定讓車
11006AC391B0056,20210602,120.140388,23.079446,交通事故,一般地址,臺南市安南區公學路7段43號,1,晴,50,單路部分,路段,無號誌,車與車,未注意車前狀態
11006AC391B0066,20210602,120.200714,23.023548,交通事故,一般地址,臺南市安南區府安路5段98號,2,晴,50,交岔路,交叉路口,行車管制號誌,車與車,未保持行車安全間隔
11006AC391B0077,20210602,120.190671,23.045652,交通事故,交叉路口,臺南市安南區安吉路1段號安中路2,3,晴,60,交岔路,交叉路口,行車管制號誌,車與車,違反號誌管制或指揮
11006AC391B0084,20210602,120.194033,23.041362,交通事故,其他,臺南市安南區段號安中路一段703巷47-1號,1,晴,30,交岔路,路段,無號誌,車與車,未注意車前狀態
11006AC391B0107,20210603,120.211805,23.060042,交通事故,交叉路口,臺南市安南區北安路段號州南二街,1,晴,60,交岔路,交叉路口,無號誌,車與車,變換車道或方向不當
11006AC391B0125,20210602,120.19228,23.021901,交通事故,其他,臺南市安南區段號海佃路一段72號,1,晴,50,單路部分,路段,無號誌,汽(機)車本身,不明原因肇事
11006AC391B0126,20210603,120.197005,23.026797,交通事故,交叉路口,臺南市安南區安富街段號安富街199,1,晴,30,交岔路,交叉路口,閃光號誌,車與車,未依規定讓車
11006AC391B0129,20210601,120.218574,23.054618,交通事故,交叉路口,臺南市安南區安和路4段號台江大道1,2,晴,50,交岔路,交叉路口,行車管制號誌,車與車,違反號誌管制或指揮
11006AC391B0130,20210603,120.191257,23.031209,交通事故,一般地址,臺南市安南區大安街段23號,1,晴,30,交岔路,交叉路口,無號誌,車與車,未依規定讓車
11006AC391B0147,20210603,120.18794,23.047043,交通事故,一般地址,臺南市安南區安中路2段138號,1,陰,50,交岔路,路段,無號誌,車與車,未注意車前狀態
11006AC391B0157,20210603,120.218774,23.057765,交通事故,其他,臺南市安南區段號安和路四段330號,1,晴,50,單路部分,路段,無號誌,車與車,迴轉未依規定
11006AC391B0170,20210604,120.215137,23.0713,交通事故,其他,臺南市安南區段號安和路六段與北安路四段口,1,晴,60,交岔路,路段,行車管制號誌,車與車,變換車道或方向不當
11006AC391B0185,20210604,120.191401,23.024854,交通事故,交叉路口,臺南市安南區海佃路1段號海佃路1213,1,晴,50,交岔路,交叉路口,行車管制號誌,汽(機)車本身,未注意車前狀態
11006AC391B0198,20210604,120.233828,23.063308,交通事故,交叉路口,臺南市安南區環館路段號環館三路,1,晴,50,單路部分,路段,無號誌,車與車,未注意車前狀態
11006AC391B0212,20210604,120.205968,23.034199,交通事故,交叉路口,臺南市安南區北安一街段號安中一街,1,雨,50,交岔路,交叉路口,閃光號誌,車與車,未依規定讓車
11006AC391B0227,20210605,120.210632,23.035327,交通事故,一般地址,臺南市安南區長溪路1段109號,2,雨,50,單路部分,路段,無號誌,車與車,迴轉未依規定
11006AC391B0243,20210605,120.191272,23.068244,交通事故,交叉路口,臺南市安南區安吉路3段號公學路3,3,雨,50,交岔路,交叉路口,行車管制號誌,車與車,違反號誌管制或指揮
11006AC391B0258,20210601,120.193328,23.030318,交通事故,交叉路口,臺南市安南區安通路5段號義安街,1,雨,50,交岔路,交叉路口,行車管制號誌,車與車,左轉彎未依規定
11006AC391B0260,20210604,120.204861,23.059411,交通事故,交叉路口,臺南市安南區工明三路段號工明南二路,1,晴,50,交岔路,交叉路口,閃光號誌,汽(機)車本身,未注意車前狀態
11006AC391B0262,20210604,120.188816,23.047605,交通事故,交叉路口,臺南市安南區安吉路1段號安吉路1290,1,晴,60,交岔路,交叉路口,行車管制號誌,車與車,違反號誌管制或指揮
11006AC391B0304,20210607,120.243278,23.06301,交通事故,一般地址,臺南市安南區慶和路和鼎橋段號,1,陰,30,交岔路,交叉路口,無號誌,車與車,未保持行車安全距離
11006AC391B0310,20210606,120.185755,23.040421,交通事故,一般地址,臺南市安南區海環街段32號,1,雨,30,交岔路,交叉路口,閃光號誌,車與車,未依規定讓車
11006AC391B0322,20210607,120.208692,23.035482,交通事故,一般地址,臺南市安南區安中路1段136號,1,陰,50,單路部分,路段,無號誌,車與車,變換車道或方向不當
11006AC391B0337,20210607,120.173511,23.050556,交通事故,一般地址,臺南市安南區安中路4段4號,1,雨,50,交岔路,交叉路口,閃光號誌,車與車,左轉彎未依規定
11006AC391B0340,20210602,120.204889,23.02444,交通事故,交叉路口,臺南市安南區府安路5段162號府安路516249,1,晴,30,交岔路,交叉路口,無號誌,車與車,未依規定讓車
11006AC391B0341,20210604,120.145429,23.078153,交通事故,一般地址,臺南市安南區公學路6段589號,2,晴,50,交岔路,交叉路口,行車管制號誌,車與車,未保持行車安全距離
11006AC391B0346,20210607,120.185249,23.041083,交通事故,交叉路口,臺南市安南區海環街段32號海佃路2483,2,陰,30,交岔路,交叉路口,無號誌,車與車,未依規定讓車
11006AC391B0369,20210608,120.20235,23.042049,交通事故,一般地址,臺南市安南區北安路3段18116號,1,晴,30,交岔路,交叉路口,無號誌,車與車,未依規定讓車
11006AC391B0390,20210607,120.191086,23.041301,交通事故,交叉路口,臺南市安南區同安路段號同安路68,1,晴,50,交岔路,交叉路口,閃光號誌,車與車,未保持行車安全距離
11006AC391B0396,20210608,120.190501,23.029841,交通事故,交叉路口,臺南市安南區安通路5段號海佃路二段,1,晴,50,交岔路,交叉路口,行車管制號誌,汽(機)車本身,不明原因肇事
11006AC391B0419,20210607,120.216075,23.065113,交通事故,一般地址,臺南市安南區安和路5段171號,2,晴,40,交岔路,交叉路口,行車管制號誌(附設行人專用號誌),車與車,違反號誌管制或指揮
11006AC391B0437,20210609,120.182819,23.04261,交通事故,一般地址,臺南市安南區海環街段537號0,2,晴,40,單路部分,路段,無號誌,車與車,未注意車前狀態
11006AC391B0438,20210609,120.20237,23.038972,交通事故,交叉路口,臺南市安南區北安路2段號安中路1,2,晴,60,交岔路,交叉路口,無號誌,車與車,未保持行車安全間隔
11006AC391B0455,20210609,120.243043,23.062396,交通事故,一般地址,臺南市安南區慶和路和鼎橋段號,1,晴,50,交岔路,交叉路口,無號誌,車與車,左轉彎未依規定
11006AC391B0465,20210609,120.21311,23.029645,交通事故,交叉路口,臺南市安南區安通路5段號義安街,1,雨,50,交岔路,交叉路口,行車管制號誌,車與車,未注意車前狀態
11006AC391B0473,20210609,120.21311,23.029645,交通事故,交叉路口,臺南市安南區安通路5段號義安街,1,晴,50,交岔路,交叉路口,行車管制號誌,車與車,違反號誌管制或指揮
11006AC391B0479,20210610,120.189151,23.022433,交通事故,一般地址,臺南市安南區國安街段100號,1,晴,50,單路部分,路段,無號誌,車與車,未注意車前狀態
11006AC391B0485,20210610,120.202753,23.042883,交通事故,交叉路口,臺南市安南區怡安路2段號怡安路259,2,晴,50,交岔路,交叉路口,閃光號誌,車與車,未依規定讓車
11006AC391B0499,20210602,120.158938,23.071163,交通事故,一般地址,臺南市安南區公學路5段697151號,1,晴,30,交岔路,交叉路口,無號誌,車與車,未依規定讓車
11006AC391B0517,20210610,120.191068,23.02705,交通事故,其他,臺南市安南區段號海佃路一段與海佃路一段340巷口,2,陰,50,交岔路,交叉路口,行車管制號誌,車與車,違反號誌管制或指揮
11006AC391B0518,20210610,120.179887,23.051757,交通事故,交叉路口,臺南市安南區海佃路段號仁安路,2,晴,50,交岔路,交叉路口,行車管制號誌,車與車,未依規定讓車
11006AC391B0519,20210610,120.191067,23.027068,交通事故,其他,臺南市安南區段號海佃路一段與海佃路一段340巷口,1,晴,50,交岔路,路段,行車管制號誌,車與車,尚未發現肇事因素
11006AC391B0532,20210610,120.159267,23.040899,交通事故,一般地址,臺南市安南區本田路3段71號,1,晴,50,單路部分,路段,無號誌,汽(機)車本身,不明原因肇事
11006AC391B0574,20210604,120.194758,23.036888,交通事故,一般地址,臺南市安南區大安街段號,2,晴,50,交岔路,交叉路口,無號誌,車與車,未依規定讓車
11006AC391B0577,20210606,120.205461,23.029378,交通事故,交叉路口,臺南市安南區安通路4段號安通三街,1,晴,50,交岔路,交叉路口,無號誌,車與車,未注意車前狀態
11006AC391B0588,20210606,120.195889,23.049338,交通事故,一般地址,臺南市安南區安中路2段2號,1,雨,30,單路部分,其他,無號誌,汽(機)車本身,其他引起事故之違規或不當行為
11006AC391B0591,20210610,120.215461,23.070307,交通事故,一般地址,臺南市安南區安和路5段533號,3,晴,60,單路部分,路段,無號誌,車與車,未依規定讓車
11006AC391B0596,20210611,120.135561,23.081309,交通事故,交叉路口,臺南市安南區安明路4段號公學路7,5,晴,70,交岔路,交叉路口,行車管制號誌,車與車,未注意車前狀態
11006AC391B0601,20210611,120.191855,23.073538,交通事故,一般地址,臺南市安南區公學路2段220號,1,晴,50,交岔路,交叉路口,無號誌,車與車,未依規定讓車
11006AC391B0621,20210612,120.18778,23.022097,交通事故,交叉路口,臺南市安南區國安街段號國安街155,1,晴,50,交岔路,交叉路口,行車管制號誌,車與車,左轉彎未依規定
11006AC391B0625,20210612,120.220529,23.07376,交通事故,交叉路口,臺南市安南區安昌街段174號安昌街17439,2,晴,50,交岔路,交叉路口,無號誌,車與車,未依規定讓車
11006AC391B0635,20210601,120.183403,23.035616,交通事故,交叉路口,臺南市安南區海尾路段號海環街,1,晴,50,交岔路,交叉路口,行車管制號誌,汽(機)車本身,未注意車前狀態
11006AC391B0636,20210608,120.190664,23.03874,交通事故,一般地址,臺南市安南區同安路段8062號,1,晴,30,交岔路,交叉路口,無號誌,車與車,左轉彎未依規定
11006AC391B0644,20210607,120.19868,23.029823,交通事故,一般地址,臺南市安南區安通路5段號,1,晴,30,單路部分,路段,無號誌,汽(機)車本身,其他引起事故之違規或不當行為
11006AC391B0663,20210613,120.170409,23.026899,交通事故,其他,臺南市安南區段號安明路與海尾路(安明路南下車道),2,晴,70,單路部分,路段,無號誌,車與車,未注意車前狀態
11006AC391B0668,20210603,120.172495,23.024634,交通事故,一般地址,臺南市安南區安明路2段號,2,晴,70,單路部分,路段,無號誌,車與車,未注意車前狀態
11006AC391B0709,20210613,120.221878,23.068097,交通事故,其他,臺南市安南區段號長和路二段12巷213弄42號,1,晴,30,交岔路,交叉路口,無號誌,車與車,未依規定讓車
11006AC391B0720,20210614,120.218196,23.063513,交通事故,一般地址,臺南市安南區長和路3段22號,1,晴,50,單路部分,路段,無號誌,車與車,未依規定讓車
11006AC391B0727,20210614,120.19762,23.044216,交通事故,其他,臺南市安南區段號怡安路二段與怡安路二段456巷,1,晴,50,交岔路,路段,行車管制號誌,車與車,不明原因肇事
11006AC391B0732,20210603,120.201231,23.054129,交通事故,一般地址,臺南市安南區長溪路2段4834622號,1,晴,30,交岔路,交叉路口,無號誌,車與車,左轉彎未依規定
11006AC391B0738,20210614,120.212902,23.031155,交通事故,其他,臺南市安南區段號安和路一段238號,1,晴,50,單路部分,路段,無號誌,車與車,迴轉未依規定
11006AC391B0774,20210615,120.144231,23.075393,交通事故,一般地址,臺南市安南區公學路6段721282號,1,晴,50,單路部分,路段,無號誌,汽(機)車本身,未依規定讓車
11006AC391B0778,20210615,120.20469,23.028437,交通事故,其他,臺南市安南區段號郡安路五段與北安路二段口,1,晴,50,交岔路,交叉路口,行車管制號誌,車與車,右轉彎未依規定
11006AC391B0783,20210615,120.179988,23.013971,交通事故,一般地址,臺南市安南區府安路7段3731號,1,雨,30,交岔路,交叉路口,無號誌,車與車,未注意車前狀態
11006AC391B0788,20210615,120.203667,23.045746,交通事故,一般地址,臺南市安南區長溪路2段133號,3,雨,50,交岔路,交叉路口,無號誌,車與車,違反特定標誌(線)禁制
11006AC391B0791,20210615,120.186868,23.026271,交通事故,交叉路口,臺南市安南區國安街段156號國安街156141,2,雨,30,交岔路,交叉路口,閃光號誌,車與車,未依規定讓車
11006AC391B0794,20210615,120.214517,23.057458,交通事故,交叉路口,臺南市安南區州南路段號州南七街,1,雨,50,交岔路,交叉路口,閃光號誌,車與車,未依規定讓車
11006AC391B0799,20210615,120.218228,23.065801,交通事故,一般地址,臺南市安南區安和路5段146號,2,晴,40,單路部分,路段,無號誌,車與車,橫越道路不慎
11006AC391B0800,20210615,120.222761,23.064836,交通事故,一般地址,臺南市安南區長和路2段66號,1,晴,50,交岔路,交叉路口,行車管制號誌,車與車,未依規定讓車
11006AC391B0804,20210615,120.139508,23.054223,交通事故,交叉路口,臺南市安南區安明路段號北汕尾三路,1,晴,70,交岔路,交叉路口,行車管制號誌,汽(機)車本身,未依規定讓車
11006AC391B0814,20210609,120.177242,23.068111,交通事故,交叉路口,臺南市安南區十二佃路段號十二佃路17,1,晴,40,交岔路,交叉路口,無號誌,車與車,變換車道或方向不當
11006AC391B0826,20210613,120.186527,23.016931,交通事故,交叉路口,臺南市安南區府安路6段號宜居路,1,晴,50,交岔路,交叉路口,行車管制號誌,車與車,未保持行車安全間隔
11006AC391B0833,20210615,120.228218,23.062567,交通事故,交叉路口,臺南市安南區長和路1段號環館北路,1,晴,50,交岔路,交叉路口,行車管制號誌,車與車,起步未注意其他車(人)安全
11006AC391B0847,20210615,120.220415,23.072153,交通事故,一般地址,臺南市安南區安昌街段192號,1,晴,50,單路部分,路段,無號誌,汽(機)車本身,未注意車前狀態
11006AC391B0860,20210616,120.210522,23.048285,交通事故,一般地址,臺南市安南區北安路3段743號,1,晴,50,單路部分,路段,無號誌,車與車,起步未注意其他車(人)安全
11006AC391B0865,20210616,120.183921,23.017127,交通事故,交叉路口,臺南市安南區宜居一街段號樂活路,1,雨,50,交岔路,交叉路口,無號誌,車與車,未依規定讓車
11006AC391B0867,20210616,120.138545,22.998565,交通事故,其他,臺南市安南區段號四草大橋36號燈桿,2,晴,50,單路部分,路段,無號誌,車與車,未保持行車安全距離