案件編號,發生日期,GPS經度,GPS緯度,案件類別名稱,地址類型名稱,發生縣市名稱,受傷人數,天候名稱, 速限-第1當事者,道路型態大類別名稱,事故位置大類別名稱,號誌-號誌種類名稱,事故類型及型態大類別名稱,肇因研判子類別名稱-主要
11006AC391B0894,20210615,120.178929,23.011625,交通事故,一般地址,臺南市安南區府安路7段93號,1,陰,40,交岔路,交叉路口,無號誌,車與車,未依規定讓車
11006AC391B0905,20210608,120.190778,23.028557,交通事故,一般地址,臺南市安南區海佃路1段404號,1,晴,50,單路部分,路段,無號誌,車與車,未注意車前狀態
11006AC391B0915,20210617,120.192624,23.029317,交通事故,交叉路口,臺南市安南區郡安路5段號安寧街,1,陰,50,交岔路,交叉路口,閃光號誌,車與車,左轉彎未依規定
11006AC391B0921,20210615,120.190838,23.019497,交通事故,一般地址,臺南市安南區府安路6段27號,2,陰,50,交岔路,交叉路口,行車管制號誌,車與車,其他引起事故之違規或不當行為
11006AC391B0923,20210617,120.199807,23.040559,交通事故,交叉路口,臺南市安南區安中路1段號安中路1560,1,晴,50,交岔路,交叉路口,行車管制號誌,車與車,未注意車前狀態
11006AC391B0936,20210617,120.196149,23.043862,交通事故,交叉路口,臺南市安南區安中路1段702號怡安路25355,1,雨,30,交岔路,交叉路口,無號誌,車與車,未依規定讓車
11006AC391B0941,20210617,120.226114,23.049115,交通事故,一般地址,臺南市安南區開安五街段20號,1,晴,50,單路部分,路段,無號誌,車與車,起步未注意其他車(人)安全
11006AC391B0942,20210617,120.194895,23.041162,交通事故,一般地址,臺南市安南區安中路1段69972號,2,雨,30,交岔路,交叉路口,無號誌,車與車,起步未注意其他車(人)安全
11006AC391B0962,20210617,120.176417,23.052761,交通事故,一般地址,臺南市安南區本原街3段117號,1,晴,50,單路部分,路段,無號誌,車與車,起步未注意其他車(人)安全
11006AC391B0972,20210617,120.188665,23.037278,交通事故,一般地址,臺南市安南區海佃路二段段362之6號,1,雨,50,單路部分,路段,無號誌,車與車,未注意車前狀態
11006AC391B0973,20210610,120.21706,23.027282,交通事故,一般地址,臺南市安南區府安路3段336號,1,晴,50,交岔路,交叉路口,無號誌,車與車,未依規定讓車
11006AC391B0974,20210617,120.11076,23.058473,交通事故,交叉路口,臺南市安南區城西街2段號城西街2628,2,晴,50,交岔路,交叉路口,無號誌,車與車,未保持行車安全距離
11006AC391B0996,20210618,120.209904,23.036372,交通事故,交叉路口,臺南市安南區長溪路1段號長溪路1159,2,晴,30,交岔路,交叉路口,閃光號誌,車與車,未依規定讓車
11006AC391B1005,20210618,120.235611,23.055348,交通事故,一般地址,臺南市安南區長和路1段222號,1,晴,50,單路部分,路段,行車管制號誌,汽(機)車本身,未注意車前狀態
11006AC391B1024,20210615,120.185838,23.03712,交通事故,一般地址,臺南市安南區海尾路段230號,0,晴,50,單路部分,路段,無號誌,車與車,未保持行車安全間隔
11006AC391B1031,20210617,120.214327,23.04789,交通事故,交叉路口,臺南市安南區培安四街段號安豐四街,3,晴,30,交岔路,交叉路口,無號誌,車與車,未依規定讓車
11006AC391B1067,20210609,120.201934,23.039099,交通事故,一般地址,臺南市安南區安中路1段361-56號,1,晴,50,單路部分,路段,無號誌,車與車,未注意車前狀態
11006AC391B1080,20210619,120.203954,23.043211,交通事故,交叉路口,臺南市安南區長溪路2段號北安路3,2,晴,60,交岔路,交叉路口,行車管制號誌,車與車,逆向行駛
11006AC391B1082,20210619,120.211072,23.050532,交通事故,一般地址,臺南市安南區北安路3段74523774號,1,晴,30,交岔路,交叉路口,無號誌,車與車,未注意車前狀態
11006AC391B1095,20210613,120.215497,23.047792,交通事故,交叉路口,臺南市安南區安豐五街段號育安街,1,晴,50,交岔路,交叉路口,無號誌,車與車,其他引起事故之違規或不當行為
11006AC391B1101,20210614,120.191844,23.022865,交通事故,交叉路口,臺南市安南區海佃路段號國安街,1,晴,50,交岔路,交叉路口,行車管制號誌,車與車,未保持行車安全距離
11006AC391B1118,20210617,120.238918,23.052197,交通事故,其他,臺南市安南區段號永安橋,1,晴,50,單路部分,路段,無號誌,車與車,未保持行車安全間隔
11006AC391B1121,20210617,120.198226,23.029921,交通事故,其他,臺南市安南區段號安通路五段B1P9696號電桿,1,晴,20,單路部分,路段,無號誌,汽(機)車本身,不明原因肇事
11006AC391B1126,20210619,120.183365,23.035673,交通事故,交叉路口,臺南市安南區海尾路段號海環街,1,晴,40,交岔路,交叉路口,行車管制號誌,車與車,違反號誌管制或指揮
11006AC391B1142,20210609,120.236571,23.051032,交通事故,其他,臺南市安南區段號長和路一段一巷,1,晴,30,單路部分,路段,無號誌,車與車,未依規定讓車
11006AC391B1156,20210611,120.129404,23.06301,交通事故,交叉路口,臺南市安南區安中路6段號尊安街,1,晴,50,交岔路,交叉路口,無號誌,車與車,未依規定讓車
11006AC391B1158,20210618,120.243405,23.057622,交通事故,其他,臺南市安南區段號鹽水溪堤防道路,1,晴,0,單路部分,其他,無號誌,汽(機)車本身,不明原因肇事
11006AC391B1161,20210614,120.203615,23.035286,交通事故,其他,臺南市安南區段號北安路二段436號,1,晴,60,單路部分,路段,無號誌,車與車,未注意車前狀態
11006AC391B1165,20210601,120.210608,23.026414,交通事故,其他,臺南市安南區段號文安街132號,3,晴,30,交岔路,交叉路口,無號誌,車與車,未依規定讓車
11006AC391B1196,20210617,120.216794,23.031604,交通事故,交叉路口,臺南市安南區安通路3段號安和路1220,2,晴,50,交岔路,交叉路口,行車管制號誌,車與車,其他引起事故之違規或不當行為
11006AC391B1199,20210620,120.206893,23.03635,交通事故,交叉路口,臺南市安南區安中路1段號北安二街,1,陰,50,交岔路,交叉路口,行車管制號誌,車與車,違反號誌管制或指揮
11006AC391B1200,20210617,120.207212,23.05974,交通事故,交叉路口,臺南市安南區工明二路段號工明南一路,1,晴,50,交岔路,交叉路口,閃光號誌,汽(機)車本身,未注意車前狀態
11006AC391B1206,20210621,120.23935,23.053384,交通事故,一般地址,臺南市安南區長和路1段2號,1,雨,30,單路部分,路段,無號誌,車與車,未注意車前狀態
11006AC391B1207,20210616,120.184015,23.047167,交通事故,交叉路口,臺南市安南區海佃路2段號安中路2,1,雨,50,交岔路,交叉路口,行車管制號誌,車與車,未注意車前狀態
11006AC391B1226,20210619,120.206648,23.041243,交通事故,交叉路口,臺南市安南區府安路3段號安和路1,1,晴,50,交岔路,交叉路口,行車管制號誌(附設行人專用號誌),車與車,未注意車前狀態
11006AC391B1234,20210621,120.205709,23.035584,交通事故,一般地址,臺南市安南區安中一街段55號,1,陰,50,交岔路,交叉路口,無號誌,車與車,未依規定讓車
11006AC391B1246,20210621,120.176454,23.048027,交通事故,一般地址,臺南市安南區樂安一街段205號,1,陰,30,單路部分,路段,無號誌,汽(機)車本身,酒醉(後)駕駛失控
11006AC391B1261,20210621,120.217653,23.045752,交通事故,其他,臺南市安南區段號安和路三段與安豐六街,2,陰,50,交岔路,交叉路口,行車管制號誌,車與車,未注意車前狀態
11006AC391B1279,20210621,120.184458,23.039928,交通事故,一般地址,臺南市安南區海中街段68號,1,雨,50,單路部分,路段,無號誌,車與車,未注意車前狀態
11006AC391B1287,20210622,120.190385,23.03064,交通事故,一般地址,臺南市安南區海佃路2段42號,1,晴,50,單路部分,路段,無號誌,汽(機)車本身,未注意車前狀態
11006AC391B1305,20210618,120.145747,23.049596,交通事故,交叉路口,臺南市安南區安明路段號科技五路,1,晴,70,交岔路,交叉路口,行車管制號誌,車與車,未依規定讓車
11006AC391B1311,20210616,120.129355,23.062973,交通事故,交叉路口,臺南市安南區安中路6段號尊安街,1,陰,50,交岔路,交叉路口,無號誌,車與車,未依規定讓車
11006AC391B1319,20210622,120.18751,23.040546,交通事故,一般地址,臺南市安南區海佃路2段417號,1,雨,30,交岔路,交叉路口,閃光號誌,車與車,未依規定讓車
11006AC391B1342,20210612,120.2135,23.029808,交通事故,其他,臺南市安南區段號安和路一段與安通路四段路口,1,晴,50,交岔路,交叉路口,行車管制號誌,車與車,未依規定讓車
11006AC391B1353,20210622,120.154793,23.037765,交通事故,一般地址,臺南市安南區本田路2段500號,1,晴,50,單路部分,路段,無號誌,車與車,未注意車前狀態
11006AC391B1361,20210622,120.183354,23.068484,交通事故,一般地址,臺南市安南區公學路3段320-5號,1,雨,50,單路部分,路段,無號誌,汽(機)車本身,不明原因肇事
11006AC391B1363,20210622,120.178335,23.05353,交通事故,交叉路口,臺南市安南區海佃路4段號本原街3,1,雨,50,交岔路,交叉路口,行車管制號誌,人與汽(機)車,未注意車前狀態
11006AC391B1382,20210622,120.24056,23.054233,交通事故,一般地址,臺南市安南區長和路1段2號,1,雨,30,單路部分,路段,無號誌,汽(機)車本身,未注意車前狀態
11006AC391B1383,20210609,120.21339,23.035666,交通事故,其他,臺南市安南區段號安和路一段443號前,1,晴,50,交岔路,交叉路口,行車管制號誌,車與車,違規停車或暫停不當而肇事
11006AC391B1389,20210623,120.209247,23.030422,交通事故,一般地址,臺南市安南區安西路段79號,1,雨,50,單路部分,路段,無號誌,車與車,迴轉未依規定
11006AC391B1390,20210612,120.161172,23.036587,交通事故,其他,臺南市安南區段號安明路二段本淵橋上南向,2,晴,30,單路部分,路段,無號誌,車與車,不明原因肇事
11006AC391B1396,20210623,120.191489,23.06824,交通事故,交叉路口,臺南市安南區公學路2段號安吉路2,1,雨,50,交岔路,交叉路口,行車管制號誌,車與車,其他引起事故之違規或不當行為
11006AC391B1403,20210623,120.226853,23.061084,交通事故,其他,臺南市安南區段號慶和路上55000114號燈桿旁,1,晴,50,單路部分,路段,無號誌,車與車,未保持行車安全距離
11006AC391B1410,20210623,120.243211,23.062895,交通事故,其他,臺南市安南區段號慶和路一段與和鼎橋口,2,陰,30,交岔路,交叉路口,無號誌,車與車,未依規定讓車
11006AC391B1425,20210623,120.216297,23.042106,交通事故,其他,臺南市安南區段號安和路二段284-3號,1,晴,60,單路部分,路段,無號誌,車與車,橫越道路不慎
11006AC391B1445,20210621,120.203965,23.024293,交通事故,一般地址,臺南市安南區府安路5段27號,1,晴,50,單路部分,路段,無號誌,車與車,未注意車前狀態
11006AC391B1447,20210624,120.213679,23.029609,交通事故,交叉路口,臺南市安南區安和路1段號安和路1101,2,晴,50,交岔路,交叉路口,無號誌,車與車,違反特定標誌(線)禁制
11006AC391B1451,20210621,120.191742,23.071867,交通事故,交叉路口,臺南市安南區安吉路2段號公學路2220,1,雨,60,交岔路,交叉路口,行車管制號誌,車與車,違反特定標誌(線)禁制
11006AC391B1453,20210624,120.207544,23.028271,交通事故,一般地址,臺南市安南區郡安路4段137號,1,晴,40,交岔路,交叉路口,閃光號誌,車與車,未依規定讓車
11006AC391B1454,20210624,120.209072,23.031765,交通事故,交叉路口,臺南市安南區安和路2段381號政安路57,1,晴,50,交岔路,交叉路口,無號誌,車與車,未注意車前狀態
11006AC391B1458,20210624,120.2031,23.025769,交通事故,其他,臺南市安南區段號北安路2段63巷與未命名道路,1,晴,30,交岔路,交叉路口,閃光號誌,車與車,未依規定讓車
11006AC391B1468,20210624,120.195524,23.080334,交通事故,交叉路口,臺南市安南區安吉路3段號公學路1124,1,晴,50,交岔路,交叉路口,行車管制號誌,車與車,未依規定讓車
11006AC391B1472,20210624,120.139753,23.053868,交通事故,一般地址,臺南市安南區安明路3段999號,1,陰,70,單路部分,路段,無號誌,汽(機)車本身,未注意車前狀態
11006AC391B1487,20210621,120.209897,23.041257,交通事故,其他,臺南市安南區段號怡安路一段與怡安路一段249巷路口,1,晴,50,交岔路,交叉路口,行車管制號誌,車與車,未注意車前狀態
11006AC391B1489,20210609,120.190472,23.032836,交通事故,一般地址,臺南市安南區海佃路2段15014號0,2,晴,50,單路部分,路段,無號誌,車與車,起步未注意其他車(人)安全
11006AC391B1490,20210623,120.243201,23.062909,交通事故,其他,臺南市安南區段號慶和路一段和鼎橋旁,1,雨,50,單路部分,路段,無號誌,車與車,違反特定標誌(線)禁制
11006AC391B1495,20210623,120.190671,23.028988,交通事故,其他,臺南市安南區段號海佃路二段海東橋北向,1,晴,50,單路部分,路段,行車管制號誌,車與車,未保持行車安全距離
11006AC391B1508,20210625,120.197422,23.069088,交通事故,交叉路口,臺南市安南區公學路2段125號長溪路3418,2,晴,30,交岔路,交叉路口,無號誌,車與車,未依規定讓車
11006AC391B1510,20210625,120.208052,23.03809,交通事故,交叉路口,臺南市安南區長和路段號長溪路,2,晴,50,交岔路,交叉路口,行車管制號誌,車與車,未依規定讓車
11006AC391B1531,20210625,120.173627,23.050541,交通事故,交叉路口,臺南市安南區安中路段號本原街,1,晴,50,交岔路,交叉路口,閃光號誌,車與車,左轉彎未依規定
11006AC391B1532,20210625,120.208052,23.03809,交通事故,交叉路口,臺南市安南區長溪路1段168號長溪路1168131,1,雨,30,交岔路,交叉路口,無號誌,車與車,未依規定讓車
11006AC391B1543,20210625,120.202338,23.055028,交通事故,一般地址,臺南市安南區長溪路2段570號0,2,陰,50,單路部分,路段,無號誌,車與車,未保持行車安全距離
11006AC391B1580,20210625,120.19197,23.02283,交通事故,其他,臺南市安南區段號海佃路一段與國安街路口,2,晴,50,交岔路,交叉路口,行車管制號誌,車與車,違反號誌管制或指揮
11006AC391B1582,20210624,120.167281,23.046374,交通事故,其他,臺南市安南區段號本田路三段423號之8,1,晴,50,交岔路,交叉路口,無號誌,車與車,倒車未依規定
11006AC391B1583,20210626,120.214459,23.033193,交通事故,其他,臺南市安南區段號安和路一段288巷88號,1,晴,30,交岔路,交叉路口,無號誌,車與車,左轉彎未依規定
11006AC391B1614,20210626,120.218809,23.062891,交通事故,一般地址,臺南市安南區安和路4段604號,3,晴,50,單路部分,路段,無號誌,車與車,左轉彎未依規定
11006AC391B1616,20210618,120.135543,23.002222,交通事故,交叉路口,臺南市安南區四草大道段號四草大道81,1,晴,60,交岔路,交叉路口,行車管制號誌,車與車,未依規定讓車
11006AC391B1623,20210626,120.192681,23.019355,交通事故,一般地址,臺南市安南區海佃路鹽水溪橋段南下路燈3號,2,陰,50,單路部分,路段,無號誌,車與車,未保持行車安全距離
11006AC391B1648,20210624,120.219016,23.05108,交通事故,交叉路口,臺南市安南區安和路4段號安和路436,2,雨,50,交岔路,交叉路口,行車管制號誌,車與車,未依規定讓車
11006AC391B1650,20210622,120.193267,23.044413,交通事故,一般地址,臺南市安南區安中路1段920號,1,陰,50,單路部分,路段,無號誌,車與車,起步未注意其他車(人)安全
11006AC391B1656,20210623,120.17868,23.018032,交通事故,其他,臺南市安南區段號安明路一段(安明九份子往南第5隻路燈),1,晴,70,單路部分,路段,無號誌,車與車,變換車道或方向不當
11006AC391B1666,20210613,120.203165,23.025933,交通事故,一般地址,臺南市安南區北安路2段6346號,1,晴,50,交岔路,交叉路口,閃光號誌,車與車,變換車道或方向不當
11006AC391B1679,20210605,120.204199,23.033741,交通事故,其他,臺南市安南區段號北安路二段(往北慢車道、近北安一街),2,雨,60,單路部分,路段,無號誌,汽(機)車本身,尚未發現肇事因素
11006AC391B1685,20210622,120.18789,23.043046,交通事故,其他,臺南市安南區段號安吉路一段123號(對面),1,雨,50,單路部分,路段,無號誌,車與車,未注意車前狀態
11006AC391B1693,20210609,120.213698,23.040449,交通事故,交叉路口,臺南市安南區怡安路1段號慶安路,2,晴,50,交岔路,交叉路口,無號誌,車與車,未依規定讓車
11006AC391B1704,20210627,120.215217,23.025782,交通事故,交叉路口,臺南市安南區安和路1段號府安路4,1,陰,50,交岔路,交叉路口,行車管制號誌,汽(機)車本身,其他引起事故之違規或不當行為
11006AC391B1733,20210628,120.190175,23.031058,交通事故,交叉路口,臺南市安南區海佃路段號大安街,1,雨,50,交岔路,交叉路口,行車管制號誌,汽(機)車本身,其他引起事故之違規或不當行為
11006AC391B1735,20210628,120.238386,23.05265,交通事故,一般地址,臺南市安南區長和路1段35號,1,晴,50,單路部分,路段,無號誌,車與車,違反特定標誌(線)禁制
11006AC391B1740,20210628,120.219001,23.050587,交通事故,交叉路口,臺南市安南區安和路4段號總安街,1,陰,50,交岔路,交叉路口,行車管制號誌,車與車,未依規定讓車
11006AC391B1742,20210616,120.218685,23.063344,交通事故,交叉路口,臺南市安南區安和路段號長和路,1,晴,50,交岔路,交叉路口,行車管制號誌,汽(機)車本身,未注意車前狀態
11006AC391B1752,20210622,120.207032,23.026366,交通事故,交叉路口,臺南市安南區文安街段號惠安街,1,晴,30,交岔路,交叉路口,無號誌,車與車,未依規定讓車
11006AC391B1758,20210628,120.207212,23.05974,交通事故,交叉路口,臺南市安南區工明二路段號工明南一路,2,雨,50,交岔路,交叉路口,閃光號誌,車與車,未依規定讓車
11006AC391B1784,20210629,120.215374,23.048388,交通事故,交叉路口,臺南市安南區育安街段號安豐四街,1,陰,40,交岔路,交叉路口,無號誌,車與車,未保持行車安全距離
11006AC391B1788,20210629,120.143384,23.060505,交通事故,交叉路口,臺南市安南區安中路5段號北汕尾三路,2,雨,50,交岔路,交叉路口,行車管制號誌,車與車,左轉彎未依規定
11006AC391B1811,20210622,120.176322,23.063175,交通事故,一般地址,臺南市安南區海佃路4段388號,2,雨,50,交岔路,交叉路口,行車管制號誌,車與車,未依規定讓車
11006AC391B1818,20210623,120.194484,23.021186,交通事故,交叉路口,臺南市安南區府安路段號安寧街,1,晴,50,交岔路,交叉路口,行車管制號誌,車與車,未依規定讓車
11006AC391B1830,20210628,120.237366,23.057611,交通事故,其他,臺南市安南區段號慶和路一段(近歷史博物館,1,陰,50,單路部分,路段,無號誌,車與車,未保持行車安全距離
11006AC391B1839,20210608,120.191844,23.022865,交通事故,交叉路口,臺南市安南區海佃路1段179號國安街56,1,晴,50,交岔路,交叉路口,無號誌,車與車,開啟車門不當而肇事
11006AC391B1843,20210616,120.199008,23.062892,交通事故,一般地址,臺南市安南區長溪路3段151號,1,晴,50,單路部分,路段,無號誌,汽(機)車本身,未注意車前狀態
11006AC391B1850,20210628,120.223405,23.065486,交通事故,其他,臺南市安南區段號長和路2段與安南醫院第三停車場出入口,2,雨,50,交岔路,交叉路口,行車管制號誌(附設行人專用號誌),車與車,左轉彎未依規定
11006AC391B1879,20210624,120.212645,23.03086,交通事故,一般地址,臺南市安南區安和路1段205號,2,雨,50,單路部分,路段,無號誌,車與車,左轉彎未依規定
11006AC391B1881,20210630,120.200964,23.050979,交通事故,交叉路口,臺南市安南區本原街段號本原街1195,1,晴,50,交岔路,交叉路口,無號誌,車與車,未依規定讓車
11006AC391B1882,20210630,120.203457,23.042754,交通事故,交叉路口,臺南市安南區北安路3段號怡安路2,1,晴,40,交岔路,交叉路口,行車管制號誌,車與車,違反號誌管制或指揮
11006AC391B1887,20210629,120.213895,23.06057,交通事故,一般地址,臺南市安南區北安路4段103-8號,1,雨,60,單路部分,路段,無號誌,車與車,未注意車前狀態
11006AC391B1895,20210630,120.185794,23.038581,交通事故,交叉路口,臺南市安南區海環街段號海環街32,1,晴,30,交岔路,交叉路口,閃光號誌,車與車,未依規定讓車
11006AC391B1940,20210629,120.214523,23.035946,交通事故,一般地址,臺南市安南區安和路1段46912號,1,晴,30,單路部分,路段,無號誌,汽(機)車本身,其他引起事故之違規或不當行為
11006AC391B1964,20210621,120.190291,23.040551,交通事故,交叉路口,臺南市安南區同安路段號大安街,1,雨,50,交岔路,交叉路口,行車管制號誌,車與車,其他引起事故之違規或不當行為
11006AC391B1965,20210629,120.22058,23.073891,交通事故,交叉路口,臺南市安南區環福街段號安昌街,2,雨,30,交岔路,交叉路口,行車管制號誌,車與車,未注意車前狀態
11006AC391B1967,20210630,120.188026,23.038911,交通事故,交叉路口,臺南市安南區海佃路2段號同安路,2,晴,50,交岔路,交叉路口,行車管制號誌,人與汽(機)車,未依標誌、標線、號誌或手勢指揮穿越道路
11006AC391B1970,20210622,120.215067,23.026898,交通事故,交叉路口,臺南市安南區安和路1段號安和路147,1,陰,50,交岔路,交叉路口,行車管制號誌,車與車,其他引起事故之違規或不當行為
11006AC391B1985,20210625,120.134492,23.058685,交通事故,一般地址,臺南市安南區安明路4段260號,1,雨,70,單路部分,路段,行車管制號誌,車與車,變換車道或方向不當
11006AC391B2008,20210630,120.20532,23.024522,交通事故,交叉路口,臺南市安南區北安路2段號府安路5,2,晴,50,交岔路,交叉路口,行車管制號誌,車與車,未注意車前狀態
11006AC391B2019,20210616,120.175816,23.021108,交通事故,一般地址,臺南市安南區安明路1段號,2,晴,70,單路部分,路段,無號誌,車與車,未注意車前狀態
11006AC391B2032,20210628,120.157859,23.039854,交通事故,一般地址,臺南市安南區本田路2段號,1,雨,50,單路部分,路段,無號誌,車與車,變換車道或方向不當
11006AC391B2034,20210630,120.205255,23.028339,交通事故,一般地址,臺南市安南區郡安路4段281號,3,晴,50,單路部分,路段,無號誌,車與車,起步未注意其他車(人)安全
11006AC391B2053,20210613,120.196702,23.067717,交通事故,交叉路口,臺南市安南區長溪路段號長和路,1,晴,50,交岔路,交叉路口,行車管制號誌,車與車,違反號誌管制或指揮
11006AC391B2063,20210624,120.194759,23.035279,交通事故,交叉路口,臺南市安南區大安街段號大安街264,1,晴,50,交岔路,交叉路口,無號誌,汽(機)車本身,未注意車前狀態
11006AC391B2079,20210618,120.218605,23.053431,交通事故,其他,臺南市安南區段號安和路四段133號,1,晴,50,交岔路,交叉路口,閃光號誌,車與車,未依規定讓車
11006AC391B2100,20210630,120.231356,23.059247,交通事故,交叉路口,臺南市安南區長和路1段號長和路1559,1,晴,50,交岔路,交叉路口,無號誌,車與車,未依規定讓車
11006AC391B2123,20210601,120.191269,23.043166,交通事故,一般地址,臺南市安南區同安路段23751號,2,晴,30,交岔路,交叉路口,無號誌,車與車,起步未注意其他車(人)安全
11006AC391B2137,20210623,120.190179,23.031876,交通事故,一般地址,臺南市安南區海佃路2段102號,1,雨,50,交岔路,交叉路口,無號誌,汽(機)車本身,未注意車前狀態
11006AC391B2147,20210601,120.193208,23.033219,交通事故,交叉路口,臺南市安南區大安街段號大安街145,1,晴,50,交岔路,交叉路口,無號誌,車與車,未注意車前狀態
11006AC391B2152,20210603,120.187981,23.038693,交通事故,交叉路口,臺南市安南區海佃路段號海尾路,2,晴,50,交岔路,交叉路口,行車管制號誌,車與車,未靠右行駛
11006AC391B2174,20210612,120.132674,23.014598,交通事故,一般地址,臺南市安南區四草大道段686號,1,晴,50,交岔路,交叉路口,行車管制號誌,車與車,其他引起事故之違規或不當行為
11006AC391B2202,20210608,120.150516,23.044488,交通事故,一般地址,臺南市安南區工業一路段58號,1,晴,50,單路部分,路段,無號誌,車與車,變換車道或方向不當
11006AC391B2205,20210607,120.215488,23.063548,交通事故,交叉路口,臺南市安南區長和路段號長和一街,1,晴,50,交岔路,交叉路口,行車管制號誌,車與車,起步未注意其他車(人)安全
11006AC391B2226,20210609,120.243754,23.057851,交通事故,一般地址,臺南市安南區長和路1段2號,1,晴,40,單路部分,路段,無號誌,車與車,未注意車前狀態
11006AC391B2227,20210610,120.165211,23.032494,交通事故,一般地址,臺南市安南區安明路2段號,1,晴,70,交岔路,交叉路口,無號誌,車與車,未依規定讓車
11006AC391B2229,20210610,120.19363,23.026153,交通事故,一般地址,臺南市安南區安富街段346號,2,晴,50,單路部分,路段,無號誌,車與車,起步未注意其他車(人)安全
11006AC391B2240,20210615,120.191844,23.022865,交通事故,交叉路口,臺南市安南區海佃路一段段號國安街,1,雨,50,交岔路,交叉路口,行車管制號誌(附設行人專用號誌),車與車,未注意車前狀態
11006AC391B2248,20210613,120.176217,23.062792,交通事故,一般地址,臺南市安南區海佃路4段373號,1,晴,50,交岔路,交叉路口,無號誌,車與車,開啟車門不當而肇事
11006AC391B2249,20210625,120.193347,23.030305,交通事故,交叉路口,臺南市安南區安通路段號義安街,1,雨,50,交岔路,交叉路口,無號誌,汽(機)車本身,未注意車前狀態
11006AC391B2250,20210613,120.217944,23.046544,交通事故,一般地址,臺南市安南區安和路3段122-1號,2,晴,60,單路部分,路段,無號誌,車與車,變換車道或方向不當
11006AC391B2262,20210619,120.193687,23.024531,交通事故,交叉路口,臺南市安南區安寧街段號海佃路一段1158,1,晴,50,交岔路,交叉路口,行車管制號誌,車與車,未依規定讓車
11006AC391B2265,20210620,120.179027,23.054637,交通事故,交叉路口,臺南市安南區本原街2段510號本原街253210,1,晴,30,交岔路,交叉路口,無號誌,車與車,未依規定讓車
11006AC391B2266,20210621,120.176416,23.048773,交通事故,交叉路口,臺南市安南區安中路3段號智安一街13,2,雨,50,交岔路,交叉路口,無號誌,車與車,未依規定讓車
11006AC391B2269,20210630,120.187332,23.041565,交通事故,交叉路口,臺南市安南區海佃路段號安吉路,1,晴,50,交岔路,交叉路口,行車管制號誌,車與車,未保持行車安全距離
11006AC391B2270,20210610,120.212398,23.032615,交通事故,一般地址,臺南市安南區安和路1段295號,1,晴,50,單路部分,路段,無號誌,汽(機)車本身,未注意車前狀態
11006AC391B2271,20210624,120.219556,23.060162,交通事故,交叉路口,臺南市安南區大聖路段號大聖三街,2,晴,50,交岔路,交叉路口,無號誌,車與車,未依規定讓車
11006AC391B2272,20210622,120.212491,23.032292,交通事故,交叉路口,臺南市安南區安和路1段號安和路1285,1,晴,50,交岔路,交叉路口,無號誌,車與車,變換車道或方向不當
11006AC391B2274,20210622,120.204929,23.028478,交通事故,交叉路口,臺南市安南區北安路段號郡安路,1,雨,50,交岔路,交叉路口,行車管制號誌,車與車,未注意車前狀態
11006AC391B2276,20210625,120.204166,23.033614,交通事故,交叉路口,臺南市安南區北安路2段號北安一街,1,晴,60,單路部分,路段,無號誌,汽(機)車本身,未注意車前狀態
11006AC391B2278,20210625,120.207488,23.033673,交通事故,交叉路口,臺南市安南區安通一街段號安通二街136,1,雨,50,交岔路,交叉路口,閃光號誌,車與車,未依規定讓車
11006AC391B2283,20210626,120.22944,23.061194,交通事故,其他,臺南市安南區段號長和路一段和環館路口,1,晴,50,交岔路,交叉路口,行車管制號誌,車與車,不明原因肇事
11006AC491B0047,20210602,120.174413,22.98639,交通事故,交叉路口,臺南市安平區華平路段號府平路,1,晴,50,單路部分,其他,無號誌,汽(機)車本身,其他引起事故之違規或不當行為
11006AC491B0055,20210602,120.178259,22.990223,交通事故,交叉路口,臺南市安平區永華路2段號文平路,1,晴,50,交岔路,交叉路口,行車管制號誌(附設行人專用號誌),車與車,其他引起事故之違規或不當行為
11006AC491B0073,20210601,120.183848,22.994902,交通事故,其他,臺南市安平區段號建平路與建平十二街口,1,晴,50,交岔路,交叉路口,無號誌,車與車,未依規定讓車
11006AC491B0164,20210604,120.173772,22.990661,交通事故,交叉路口,臺南市安平區永華路2段號健康二街,2,晴,50,交岔路,交叉路口,行車管制號誌,車與車,違反號誌管制或指揮
11006AC491B0287,20210606,120.186916,22.989055,交通事故,交叉路口,臺南市安平區中華西路2段號永華路2,3,雨,50,交岔路,交叉路口,行車管制號誌(附設行人專用號誌),車與車,其他引起事故之違規或不當行為
11006AC491B0324,20210607,120.186545,22.997939,交通事故,交叉路口,臺南市安平區中華西路2段號安平路,3,陰,50,交岔路,交叉路口,行車管制號誌(附設行人專用號誌),車與車,其他引起事故之違規或不當行為
11006AC491B0343,20210601,120.184539,22.989297,交通事故,交叉路口,臺南市安平區永華路段號永華二街,1,晴,40,單路部分,路段,無號誌,車與車,未注意車前狀態
11006AC491B0394,20210601,120.185331,22.997051,交通事故,交叉路口,臺南市安平區府前一街段號府前四街,1,晴,50,交岔路,交叉路口,無號誌,車與車,未保持行車安全間隔
11006AC491B0471,20210609,120.184516,22.989327,交通事故,交叉路口,臺南市安平區永華路2段號永華二街,2,晴,50,交岔路,交叉路口,行車管制號誌,車與車,其他引起事故之違規或不當行為