案件編號,發生日期,GPS經度,GPS緯度,案件類別名稱,地址類型名稱,發生縣市名稱,受傷人數,天候名稱, 速限-第1當事者,道路型態大類別名稱,事故位置大類別名稱,號誌-號誌種類名稱,事故類型及型態大類別名稱,肇因研判子類別名稱-主要
11006AC491B0480,20210602,120.185921,22.99897,交通事故,其他,臺南市安平區段號民權路四段與頂美三街(附近),1,晴,50,交岔路,交叉路口,無號誌,車與車,未依規定讓車
11006AC491B0489,20210610,120.175471,22.992897,交通事故,一般地址,臺南市安平區華平路段480號,1,晴,50,單路部分,其他,無號誌,車與車,其他引起事故之違規或不當行為
11006AC491B0513,20210609,120.186545,22.997939,交通事故,交叉路口,臺南市安平區中華西路2段號安平路,2,晴,50,交岔路,交叉路口,行車管制號誌,車與車,爭(搶)道行駛
11006AC491B0616,20210611,120.186675,22.987482,交通事故,其他,臺南市安平區段號中華西路二段51號前,1,晴,60,交岔路,交叉路口,行車管制號誌(附設行人專用號誌),車與車,右轉彎未依規定
11006AC491B0651,20210612,120.168967,22.991202,交通事故,其他,臺南市安平區段號永華路二段與健康三街口,1,晴,50,交岔路,交叉路口,行車管制號誌(附設行人專用號誌),車與車,右轉彎未依規定
11006AC491B0691,20210603,120.17698,22.993413,交通事故,交叉路口,臺南市安平區怡平路段140號怡平路14037,1,晴,30,交岔路,交叉路口,無號誌,車與車,左轉彎未依規定
11006AC491B0713,20210614,120.186132,22.992841,交通事故,其他,臺南市安平區段號府前路二段與府前三街口,1,晴,50,交岔路,交叉路口,行車管制號誌(附設行人專用號誌),車與車,迴轉未依規定
11006AC491B0746,20210614,120.182487,22.998421,交通事故,一般地址,臺南市安平區安平路段154號,1,晴,50,單路部分,其他,無號誌,車與車,其他引起事故之違規或不當行為
11006AC491B0808,20210602,120.177448,22.997362,交通事故,交叉路口,臺南市安平區建平十七街段號永華六街,1,晴,40,交岔路,交叉路口,無號誌,車與車,未依規定讓車
11006AC491B0886,20210608,120.172264,22.991607,交通事故,交叉路口,臺南市安平區建平八街段號永華八街,1,晴,50,交岔路,交叉路口,無號誌,車與車,未依規定讓車
11006AC491B0893,20210607,120.175626,22.996036,交通事故,一般地址,臺南市安平區華平路段605號0,3,晴,40,單路部分,路段,無號誌,車與車,未保持行車安全距離
11006AC491B0940,20210616,120.169794,22.998469,交通事故,交叉路口,臺南市安平區安平路段號健康三街,1,晴,50,交岔路,交叉路口,行車管制號誌,車與車,左轉彎未依規定
11006AC491B0978,20210607,120.174747,22.98375,交通事故,一般地址,臺南市安平區健康路3段236號,1,晴,50,交岔路,交叉路口,無號誌,車與車,未依規定讓車
11006AC491B0979,20210611,120.168229,22.988995,交通事故,一般地址,臺南市安平區郡平路段163號,1,晴,50,單路部分,路段,無號誌,人與汽(機)車,未依規定行走行人穿越道、地下道、天橋而穿越道路
11006AC491B1000,20210618,120.161394,23.001919,交通事故,一般地址,臺南市安平區古堡街段50號,1,晴,50,單路部分,路段,無號誌,汽(機)車本身,不明原因肇事
11006AC491B1055,20210611,120.16903,22.992017,交通事故,交叉路口,臺南市安平區健康三街段號建平八街,1,晴,30,交岔路,交叉路口,閃光號誌,車與車,左轉彎未依規定
11006AC491B1103,20210612,120.166482,22.992467,交通事故,交叉路口,臺南市安平區永華十街段號育平六街,1,晴,50,交岔路,交叉路口,無號誌,車與車,未依規定讓車
11006AC491B1106,20210613,120.163997,22.999684,交通事故,交叉路口,臺南市安平區安平路段號平生路,1,晴,50,交岔路,交叉路口,行車管制號誌,車與車,違反號誌管制或指揮
11006AC491B1111,20210605,120.166027,23.000972,交通事故,一般地址,臺南市安平區安北路段59號,1,暴雨,50,單路部分,路段,閃光號誌,車與車,未注意車前狀態
11006AC491B1143,20210602,120.180069,22.988749,交通事故,交叉路口,臺南市安平區建平七街段號永華四街,1,晴,50,交岔路,交叉路口,閃光號誌,車與車,未依規定讓車
11006AC491B1214,20210621,120.186942,22.988987,交通事故,交叉路口,臺南市安平區中華西路2段號永華路2,2,陰,50,交岔路,交叉路口,行車管制號誌(附設行人專用號誌),車與車,未保持行車安全距離
11006AC491B1442,20210604,120.179961,22.982856,交通事故,交叉路口,臺南市安平區健康路3段號健康一街,2,晴,50,交岔路,交叉路口,行車管制號誌,車與車,未注意車前狀態
11006AC491B1475,20210624,120.16462,22.984958,交通事故,交叉路口,臺南市安平區健康路3段號平豐路,1,晴,50,交岔路,交叉路口,行車管制號誌,車與車,未注意車前狀態
11006AC491B1551,20210609,120.182434,22.989586,交通事故,交叉路口,臺南市安平區永華路段號建平路,2,晴,50,交岔路,交叉路口,行車管制號誌,車與車,右轉彎未依規定
11006AC491B1571,20210612,120.180069,22.988749,交通事故,交叉路口,臺南市安平區建平七街段號永華四街,3,晴,30,交岔路,交叉路口,閃光號誌,車與車,未依規定讓車
11006AC491B1584,20210613,120.160705,23.002729,交通事故,其他,臺南市安平區段號安北路159號前對向車道,1,晴,50,單路部分,路段,無號誌,人與汽(機)車,未依規定行走行人穿越道、地下道、天橋而穿越道路
11006AC491B1627,20210622,120.171948,22.997264,交通事故,交叉路口,臺南市安平區慶平路段號國平路,2,雨,50,交岔路,交叉路口,行車管制號誌,車與車,其他引起事故之違規或不當行為
11006AC491B1737,20210628,120.180355,22.989911,交通事故,一般地址,臺南市安平區永華路2段236號,1,雨,50,單路部分,路段,無號誌,汽(機)車本身,其他引起事故之違規或不當行為
11006AC491B1743,20210601,120.182338,22.997442,交通事故,交叉路口,臺南市安平區永華三街段號建平十七街,1,晴,50,交岔路,交叉路口,無號誌,車與車,左轉彎未依規定
11006AC491B1803,20210617,120.186708,22.992707,交通事故,交叉路口,臺南市安平區中華西路段號府前路,2,晴,7,交岔路,交叉路口,行車管制號誌,車與車,起步未注意其他車(人)安全
11006AC491B1823,20210618,120.185006,22.988174,交通事故,交叉路口,臺南市安平區建平七街段號建平六街80,1,晴,50,交岔路,交叉路口,無號誌,車與車,未依規定讓車
11006AC491B1828,20210625,120.179408,22.990051,交通事故,其他,臺南市安平區段號永華路二段與永華五街口,1,雨,50,交岔路,交叉路口,無號誌,車與車,不明原因肇事
11006AC491B1844,20210619,120.162516,22.992078,交通事故,交叉路口,臺南市安平區永華路2段號永華二街,1,晴,50,交岔路,交叉路口,行車管制號誌,車與車,右轉彎未依規定
11006AC491B1858,20210629,120.163355,22.989736,交通事故,其他,臺南市安平區段號郡平路162號前,1,陰,50,單路部分,路段,無號誌,車與車,開啟車門不當而肇事
11006AC491B1916,20210625,120.176657,22.991049,交通事故,交叉路口,臺南市安平區建平八街段號永華六街,1,晴,30,交岔路,交叉路口,閃光號誌,車與車,未依規定讓車
11006AC491B1958,20210623,120.170845,22.988995,交通事故,其他,臺南市安平區段號國平路211號前,1,雨,50,單路部分,路段,行車管制號誌(附設行人專用號誌),汽(機)車本身,不明原因肇事
11006AC491B1968,20210621,120.180204,22.985374,交通事故,交叉路口,臺南市安平區建平三街段號健康一街,1,陰,50,交岔路,交叉路口,行車管制號誌,車與車,未注意車前狀態
11006AC491B1976,20210621,120.17423,22.99374,交通事故,交叉路口,臺南市安平區怡平路段號健康二街,1,雨,50,交岔路,交叉路口,行車管制號誌,車與車,不明原因肇事
11006AC491B1993,20210620,120.186545,22.997939,交通事故,交叉路口,臺南市安平區中華西路2段號安平路,1,陰,50,交岔路,交叉路口,行車管制號誌,車與車,未保持行車安全間隔
11006AC491B2013,20210622,120.18428,22.987208,交通事故,交叉路口,臺南市安平區永華二街段號建平六街,1,陰,50,交岔路,路段,無號誌,車與車,未依規定讓車
11006AC491B2051,20210630,120.17841,22.988964,交通事故,其他,臺南市安平區段號文平路與建平七街口附近,1,晴,50,單路部分,路段,無號誌,車與車,未注意車前狀態
11006AC491B2085,20210615,120.169115,22.998723,交通事故,交叉路口,臺南市安平區安平路段號安平路606,1,陰,40,交岔路,交叉路口,行車管制號誌,車與車,未依規定讓車
11006AC491B2091,20210605,120.164896,23.000025,交通事故,交叉路口,臺南市安平區效忠街段號延平街70,1,雨,50,交岔路,交叉路口,無號誌,車與車,其他引起事故之違規或不當行為
11006AC491B2095,20210623,120.179628,22.993108,交通事故,交叉路口,臺南市安平區怡平路段號怡平路140,2,陰,40,交岔路,交叉路口,無號誌,車與車,違反特定標誌(線)禁制
11006AC491B2097,20210623,120.165231,23.001705,交通事故,一般地址,臺南市安平區安北路段91號,1,雨,40,交岔路,交叉路口,無號誌,車與車,迴轉未依規定
11006AC491B2102,20210626,120.184655,22.989052,交通事故,一般地址,臺南市安平區永華路2段129號,1,晴,50,單路部分,路段,無號誌,車與車,未注意車前狀態
11006AC491B2103,20210626,120.1841,22.98534,交通事故,交叉路口,臺南市安平區建平路段號永華二街59,1,晴,50,交岔路,交叉路口,閃光號誌,汽(機)車本身,不明原因肇事
11006AC491B2125,20210621,120.185055,22.992235,交通事故,交叉路口,臺南市安平區永華路2段號華平路,1,晴,50,交岔路,交叉路口,行車管制號誌(附設行人專用號誌),車與車,其他引起事故之違規或不當行為
11006AC491B2135,20210606,120.168013,22.990738,交通事故,一般地址,臺南市安平區育平五街段77號,1,陰,50,單路部分,路段,無號誌,車與車,逆向行駛
11006AC491B2203,20210628,120.172993,22.996499,交通事故,交叉路口,臺南市安平區永華八街段號國平路552,1,雨,50,交岔路,交叉路口,閃光號誌,車與車,未依規定讓車
11006AC491B2214,20210601,120.170849,22.988778,交通事故,交叉路口,臺南市安平區國平路段號郡平路,1,陰,50,交岔路,交叉路口,行車管制號誌(附設行人專用號誌),車與車,未注意車前狀態
11006AC491B2216,20210608,120.175436,22.996706,交通事故,一般地址,臺南市安平區慶平路段413號,1,晴,40,單路部分,路段,無號誌,車與車,起步未注意其他車(人)安全
11006AC491B2217,20210625,120.170081,22.984302,交通事故,交叉路口,臺南市安平區健康路3段號國平路,1,雨,50,交岔路,交叉路口,行車管制號誌(附設行人專用號誌),車與車,左轉彎未依規定
11006AC491B2221,20210626,120.182604,22.990289,交通事故,交叉路口,臺南市安平區建平路段號建平八街,1,晴,50,交岔路,交叉路口,無號誌,車與車,未依規定讓車
11006AC491B2222,20210621,120.162691,22.998957,交通事故,一般地址,臺南市安平區運河路段14號,1,陰,50,交岔路,交叉路口,無號誌,車與車,其他引起事故之違規或不當行為
11006AC491B2225,20210629,120.168052,22.999067,交通事故,交叉路口,臺南市安平區安平路段號安北路,1,雨,50,交岔路,交叉路口,行車管制號誌,車與車,違反號誌管制或指揮
11006AC491B2237,20210630,120.184482,22.99905,交通事故,一般地址,臺南市安平區民權路4段71號,1,晴,50,單路部分,路段,無號誌,車與車,未注意車前狀態
11006AC491B2261,20210624,120.175087,22.991251,交通事故,交叉路口,臺南市安平區華平路段號建平八街,2,晴,50,交岔路,交叉路口,行車管制號誌,車與車,違反號誌管制或指揮
11006AC591B0023,20210601,120.203537,23.014036,交通事故,交叉路口,臺南市北區育德二路段號文成一路,1,晴,50,交岔路,交叉路口,行車管制號誌,汽(機)車本身,其他引起事故之違規或不當行為
11006AC591B0053,20210602,120.214485,23.013201,交通事故,交叉路口,臺南市北區長榮路五段段號長榮路五段406,1,晴,50,交岔路,交叉路口,無號誌,車與車,左轉彎未依規定
11006AC591B0093,20210603,120.212503,23.015124,交通事故,其他,臺南市北區段號北安路一段與公園路597巷口,2,晴,30,交岔路,交叉路口,無號誌,車與車,未依規定讓車
11006AC591B0123,20210603,120.193628,23.006109,交通事故,交叉路口,臺南市北區文賢路段號文賢路480,1,晴,30,交岔路,交叉路口,無號誌,車與車,未依規定讓車
11006AC591B0152,20210603,120.211382,22.998817,交通事故,交叉路口,臺南市北區北忠街段號富北街,1,晴,50,交岔路,交叉路口,閃光號誌,車與車,未依規定讓車
11006AC591B0178,20210604,120.219172,23.003024,交通事故,交叉路口,臺南市北區勝利路段號東豐路,1,晴,40,單路部分,路段,無號誌,汽(機)車本身,其他引起事故之違規或不當行為
11006AC591B0180,20210604,120.222492,23.002669,交通事故,交叉路口,臺南市北區東豐路段號長榮路四段,2,晴,40,交岔路,交叉路口,行車管制號誌(附設行人專用號誌),車與車,左轉彎未依規定
11006AC591B0182,20210604,120.225128,23.006065,交通事故,交叉路口,臺南市北區開南街段號開南街121,1,晴,30,交岔路,交叉路口,行車管制號誌,車與車,違反號誌管制或指揮
11006AC591B0220,20210604,120.216793,23.018991,交通事故,其他,臺南市北區段號柴頭港橋與公園路1092巷,1,晴,30,交岔路,交叉路口,閃光號誌,車與車,逆向行駛
11006AC591B0221,20210604,120.186161,23.006869,交通事故,交叉路口,臺南市北區中華北路一段段號和緯路,1,晴,60,交岔路,交叉路口,行車管制號誌(附設行人專用號誌),車與車,左轉彎未依規定
11006AC591B0234,20210605,120.225125,23.006059,交通事故,其他,臺南市北區段號開南街121巷1號前,1,陰,30,交岔路,交叉路口,行車管制號誌,車與車,違反號誌管制或指揮
11006AC591B0236,20210605,120.218471,23.012792,交通事故,交叉路口,臺南市北區長榮路五段段號長榮路五段246,1,晴,30,交岔路,交叉路口,行車管制號誌,車與車,違反號誌管制或指揮
11006AC591B0269,20210605,120.204276,23.013973,交通事故,一般地址,臺南市北區文成一路段148號,2,雨,50,交岔路,交叉路口,無號誌,車與車,起步未注意其他車(人)安全
11006AC591B0284,20210606,120.186041,23.00779,交通事故,一般地址,臺南市北區中華北路一段段28號,1,雨,60,單路部分,路段,無號誌,車與車,未依規定讓車
11006AC591B0296,20210601,120.205632,23.022629,交通事故,一般地址,臺南市北區北安路一段段號,1,晴,50,單路部分,路段,無號誌,車與車,未依規定讓車
11006AC591B0297,20210601,120.213521,23.013826,交通事故,交叉路口,臺南市北區公園路段892號公園路89219,2,晴,30,交岔路,交叉路口,無號誌,車與車,未依規定讓車
11006AC591B0309,20210607,120.213095,23.01468,交通事故,交叉路口,臺南市北區公園路段號北安路一段,2,陰,50,交岔路,交叉路口,行車管制號誌,車與車,違反號誌管制或指揮
11006AC591B0384,20210608,120.201884,23.000378,交通事故,交叉路口,臺南市北區西門路三段段號西門路三段24,1,晴,50,交岔路,交叉路口,行車管制號誌,車與車,未保持行車安全距離
11006AC591B0387,20210608,120.212136,23.013413,交通事故,交叉路口,臺南市北區公園路段號長榮路,2,晴,50,交岔路,交叉路口,行車管制號誌,車與車,違反號誌管制或指揮
11006AC591B0397,20210606,120.206357,23.011502,交通事故,交叉路口,臺南市北區育德路段號西門路四段171,2,陰,50,交岔路,交叉路口,無號誌,車與車,未依規定讓車
11006AC591B0398,20210608,120.218482,23.012807,交通事故,交叉路口,臺南市北區長榮路五段段號長榮路五段246,2,晴,30,交岔路,交叉路口,行車管制號誌,車與車,未依規定讓車
11006AC591B0400,20210608,120.225646,23.010543,交通事故,一般地址,臺南市北區開元路段418號,1,雨,50,單路部分,路段,無號誌,車與車,違反特定標誌(線)禁制
11006AC591B0403,20210608,120.202771,23.001697,交通事故,交叉路口,臺南市北區西門路三段段號北華街,1,晴,50,交岔路,交叉路口,行車管制號誌,車與車,其他引起事故之違規或不當行為
11006AC591B0454,20210609,120.199954,23.003334,交通事故,其他,臺南市北區段號海安路與公園南路口,1,陰,50,交岔路,交叉路口,行車管制號誌,車與車,未保持行車安全距離
11006AC591B0458,20210609,120.20988,23.014557,交通事故,交叉路口,臺南市北區西門路四段段號西門路四段380,1,雨,50,交岔路,交叉路口,無號誌,車與車,未依規定讓車
11006AC591B0460,20210609,120.187311,23.008896,交通事故,交叉路口,臺南市北區武聖路段號中華北路一段78,2,晴,50,交岔路,交叉路口,行車管制號誌,車與車,未注意車前狀態
11006AC591B0475,20210610,120.207987,23.001274,交通事故,一般地址,臺南市北區公園南路段68號,1,晴,50,單路部分,路段,無號誌,車與車,未保持行車安全間隔
11006AC591B0492,20210609,120.20483,23.021207,交通事故,交叉路口,臺南市北區育成路段號育成路318,1,晴,50,交岔路,交叉路口,無號誌,車與車,未依規定讓車
11006AC591B0495,20210609,120.201418,22.999737,交通事故,交叉路口,臺南市北區西門路三段段號成功路,3,晴,40,交岔路,路段,行車管制號誌,車與車,違反號誌管制或指揮
11006AC591B0501,20210610,120.224786,23.002616,交通事故,交叉路口,臺南市北區東豐路段號林森路三段,1,晴,50,交岔路,交叉路口,行車管制號誌,汽(機)車本身,未注意車前狀態
11006AC591B0512,20210603,120.202741,23.021366,交通事故,一般地址,臺南市北區中華北路二段段號,1,晴,40,單路部分,路段,無號誌,車與車,未依規定讓車
11006AC591B0523,20210610,120.185027,23.011268,交通事故,交叉路口,臺南市北區中華北路一段段號大興街30031,2,晴,30,交岔路,交叉路口,行車管制號誌,車與車,違反號誌管制或指揮
11006AC591B0524,20210605,120.184633,23.011794,交通事故,交叉路口,臺南市北區中華北路一段段號觀海橋,2,暴雨,40,單路部分,路段,行車管制號誌,車與車,違反號誌管制或指揮
11006AC591B0554,20210611,120.222228,23.005675,交通事故,交叉路口,臺南市北區長榮路四段段號長榮路四段114,2,晴,50,交岔路,交叉路口,無號誌,車與車,開啟車門不當而肇事
11006AC591B0589,20210611,120.228875,23.005158,交通事故,交叉路口,臺南市北區開南街段275號開南街27510,2,雨,30,交岔路,交叉路口,無號誌,車與車,未依規定讓車
11006AC591B0614,20210612,120.198335,23.011599,交通事故,交叉路口,臺南市北區文賢三街段號文賢二街236,1,晴,50,交岔路,交叉路口,無號誌,車與車,迴轉未依規定
11006AC591B0634,20210612,120.21677,23.005976,交通事故,其他,臺南市北區段號開元路與前鋒路口,2,晴,50,交岔路,交叉路口,行車管制號誌,車與車,左轉彎未依規定
11006AC591B0637,20210611,120.210354,23.009351,交通事故,一般地址,臺南市北區公園路段503號,1,晴,30,交岔路,交叉路口,行車管制號誌,車與車,未注意車前狀態
11006AC591B0653,20210611,120.210865,23.000495,交通事故,交叉路口,臺南市北區公園南路段號西華街,1,晴,50,交岔路,交叉路口,行車管制號誌,汽(機)車本身,未注意車前狀態
11006AC591B0656,20210611,120.181196,23.005003,交通事故,其他,臺南市北區段號和緯路五段與湖美一街口,1,晴,50,單路部分,路段,行車管制號誌,汽(機)車本身,未注意車前狀態
11006AC591B0661,20210611,120.22501,23.008242,交通事故,交叉路口,臺南市北區南園街段10134號南園街105,1,晴,30,交岔路,交叉路口,無號誌,車與車,倒車未依規定
11006AC591B0673,20210613,120.213563,23.003954,交通事故,交叉路口,臺南市北區北門路二段段號公園北路,1,晴,50,交岔路,交叉路口,行車管制號誌(附設行人專用號誌),車與車,未依規定讓車
11006AC591B0680,20210607,120.204166,23.012253,交通事故,其他,臺南市北區段號和緯路五段華平路口,2,陰,50,交岔路,交叉路口,無號誌,汽(機)車本身,其他引起事故之違規或不當行為
11006AC591B0683,20210609,120.185087,23.01049,交通事故,一般地址,臺南市北區中華北路一段段181號,1,晴,60,交岔路,交叉路口,無號誌,車與車,未依規定讓車
11006AC591B0685,20210609,120.220865,23.007686,交通事故,交叉路口,臺南市北區開元路段號長榮路四段,1,雨,50,交岔路,交叉路口,行車管制號誌(附設行人專用號誌),人與汽(機)車,搶越行人穿越道
11006AC591B0687,20210610,120.204166,23.012253,交通事故,其他,臺南市北區段號和緯路五段華平路口,1,陰,50,交岔路,交叉路口,無號誌,汽(機)車本身,其他引起事故之違規或不當行為
11006AC591B0714,20210612,120.203562,23.013095,交通事故,交叉路口,臺南市北區文成路段號育德二路,1,晴,50,交岔路,交叉路口,行車管制號誌,車與車,未依規定讓車
11006AC591B0716,20210605,120.191511,23.009214,交通事故,一般地址,臺南市北區和緯路四段段號,1,雨,50,單路部分,路段,無號誌,車與車,未注意車前狀態
11006AC591B0724,20210613,120.207202,23.012034,交通事故,交叉路口,臺南市北區和緯路2段號育賢街,1,晴,50,交岔路,交叉路口,行車管制號誌(附設行人專用號誌),車與車,未依規定讓車
11006AC591B0725,20210613,120.210823,23.010565,交通事故,交叉路口,臺南市北區公園路段號和緯路1,1,晴,50,交岔路,交叉路口,行車管制號誌(附設行人專用號誌),車與車,未依規定讓車
11006AC591B0745,20210610,120.21501,23.013076,交通事故,一般地址,臺南市北區長榮路五段段378號,1,晴,50,交岔路,交叉路口,行車管制號誌,車與車,未依規定讓車
11006AC591B0748,20210614,120.219855,23.002123,交通事故,一般地址,臺南市北區小東路段45號,1,晴,50,交岔路,交叉路口,行車管制號誌(附設行人專用號誌),車與車,未依規定讓車
11006AC591B0750,20210614,120.2116,23.007289,交通事故,交叉路口,臺南市北區公園路段624號公園路634,2,晴,30,交岔路,交叉路口,無號誌,車與車,未依規定讓車
11006AC591B0764,20210615,120.185084,23.010951,交通事故,交叉路口,臺南市北區中華北路一段段號安明路觀海橋,1,晴,60,交岔路,交叉路口,行車管制號誌,車與車,未注意車前狀態
11006AC591B0769,20210604,120.217819,23.01913,交通事故,一般地址,臺南市北區公園路段109239號,1,晴,30,交岔路,交叉路口,無號誌,車與車,未依規定讓車
11006AC591B0782,20210615,120.207038,23.016024,交通事故,一般地址,臺南市北區育德路段576號,1,晴,50,單路部分,路段,無號誌,車與車,未注意車前狀態
11006AC591B0824,20210615,120.198245,23.002788,交通事故,交叉路口,臺南市北區康樂街段號臨安路二段90,2,晴,50,交岔路,交叉路口,閃光號誌,車與車,未依規定讓車
11006AC591B0844,20210604,120.196285,23.01325,交通事故,一般地址,臺南市北區文成路段75017號,1,晴,30,交岔路,交叉路口,無號誌,車與車,未依規定讓車
11006AC591B0857,20210604,120.200323,23.016,交通事故,交叉路口,臺南市北區海安路三段段號文成三路,3,晴,50,交岔路,交叉路口,行車管制號誌,車與車,左轉彎未依規定
11006AC591B0862,20210616,120.203305,23.002352,交通事故,其他,臺南市北區段號西門路與公園南路口,1,陰,50,交岔路,交叉路口,行車管制號誌,車與車,未依規定讓車
11006AC591B0870,20210616,120.223077,23.008996,交通事故,交叉路口,臺南市北區開元街段號林森路,1,晴,50,交岔路,交叉路口,行車管制號誌,車與車,未注意車前狀態
11006AC591B0897,20210616,120.200002,23.003836,交通事故,交叉路口,臺南市北區海安路三段段號公園南路,1,晴,40,交岔路,交叉路口,行車管制號誌,車與車,左轉彎未依規定
11006AC591B0903,20210608,120.20276,23.001753,交通事故,交叉路口,臺南市北區西門路三段段45號西門路三段,1,晴,50,交岔路,交叉路口,行車管制號誌,車與車,左轉彎未依規定
11006AC591B0904,20210601,120.21221,23.013453,交通事故,交叉路口,臺南市北區長榮路5段號公園路,1,晴,50,交岔路,交叉路口,無號誌,車與車,其他引起事故之違規或不當行為
11006AC591B0906,20210616,120.210095,23.015427,交通事故,交叉路口,臺南市北區西門路三段段號文成三路,1,晴,50,交岔路,交叉路口,行車管制號誌,車與車,未依規定讓車
11006AC591B0908,20210605,120.213796,23.01319,交通事故,一般地址,臺南市北區長榮路五段段393號,1,雨,50,單路部分,路段,無號誌,車與車,起步未注意其他車(人)安全
11006AC591B0910,20210616,120.224778,23.002336,交通事故,交叉路口,臺南市北區東豐路段號林森路三段,2,晴,40,交岔路,交叉路口,行車管制號誌(附設行人專用號誌),車與車,未注意車前狀態
11006AC591B0912,20210617,120.201434,23.000043,交通事故,一般地址,臺南市北區西門路三段段19號,1,雨,50,單路部分,路段,無號誌,汽(機)車本身,其他引起事故之違規或不當行為
11006AC591B0916,20210616,120.200175,23.003861,交通事故,交叉路口,臺南市北區公園南路段號臨安路二段,1,晴,50,交岔路,交叉路口,行車管制號誌(附設行人專用號誌),車與車,其他引起事故之違規或不當行為
11006AC591B0919,20210617,120.215435,23.013207,交通事故,其他,臺南市北區段號長榮路五段364號前,1,晴,50,單路部分,路段,無號誌,汽(機)車本身,其他引起事故之違規或不當行為
11006AC591B0928,20210617,120.208789,23.001037,交通事故,交叉路口,臺南市北區公園路段號公園南路,1,陰,50,交岔路,交叉路口,行車管制號誌,車與車,未依規定讓車
11006AC591B0938,20210617,120.221737,23.008208,交通事故,一般地址,臺南市北區開元路段325號,1,晴,50,單路部分,路段,無號誌,汽(機)車本身,不明原因肇事
11006AC591B0953,20210617,120.210945,23.01336,交通事故,其他,臺南市北區段號西門路四段330巷46號前,1,晴,30,單路部分,路段,無號誌,車與車,停車操作時，未注意其他車(人)安全
11006AC591B0961,20210617,120.218783,23.005828,交通事故,交叉路口,臺南市北區勝利路段號勝利路276,1,晴,50,交岔路,交叉路口,無號誌,車與車,其他引起事故之違規或不當行為
11006AC591B0985,20210617,120.231756,22.998797,交通事故,交叉路口,臺南市北區小東路段號東光路2,1,晴,40,交岔路,交叉路口,行車管制號誌,車與車,違反號誌管制或指揮
11006AC591B0997,20210618,120.232385,22.99999,交通事故,其他,臺南市北區段號小東路401巷51號,1,晴,30,單路部分,路段,無號誌,人與汽(機)車,未注意車前狀態
11006AC591B1016,20210618,120.224656,23.00325,交通事故,交叉路口,臺南市北區林森路三段段號林森路三段84,2,晴,40,單路部分,路段,無號誌,車與車,違反特定標誌(線)禁制
11006AC591B1028,20210617,120.224228,23.004997,交通事故,交叉路口,臺南市北區開元路段212號長榮路四段58,2,晴,30,交岔路,交叉路口,閃光號誌,車與車,未依規定讓車
11006AC591B1056,20210611,120.195255,23.012246,交通事故,交叉路口,臺南市北區文賢一路段號文成路,1,晴,50,交岔路,交叉路口,行車管制號誌,汽(機)車本身,疲勞(患病)駕駛失控
11006AC591B1077,20210619,120.204583,22.998717,交通事故,一般地址,臺南市北區成功路段142號,1,陰,50,單路部分,路段,無號誌,車與車,變換車道或方向不當
11006AC591B1092,20210619,120.215101,23.004008,交通事故,交叉路口,臺南市北區東豐路段號前鋒路,1,晴,50,交岔路,交叉路口,行車管制號誌(附設行人專用號誌),車與車,未依規定讓車
11006AC591B1120,20210619,120.204164,23.00117,交通事故,交叉路口,臺南市北區長北街段號北華街,2,晴,30,交岔路,交叉路口,閃光號誌,車與車,未依規定讓車
11006AC591B1129,20210620,120.216612,23.018758,交通事故,交叉路口,臺南市北區公園路段1092號公園路107417,1,雨,30,交岔路,交叉路口,閃光號誌,車與車,左轉彎未依規定
11006AC591B1131,20210619,120.193815,23.013576,交通事故,一般地址,臺南市北區文賢路段1012號,3,晴,50,單路部分,路段,無號誌,車與車,未注意車前狀態
11006AC591B1150,20210620,120.218549,23.000891,交通事故,交叉路口,臺南市北區小東路段號勝利路,1,雨,50,交岔路,交叉路口,行車管制號誌,車與車,未依規定讓車
11006AC591B1166,20210614,120.202966,23.007632,交通事故,交叉路口,臺南市北區民德路段5834號民德路58,2,晴,30,交岔路,交叉路口,無號誌,車與車,未依規定讓車
11006AC591B1168,20210620,120.193869,23.009658,交通事故,交叉路口,臺南市北區和緯路3段號文賢路,1,陰,50,交岔路,交叉路口,行車管制號誌(附設行人專用號誌),車與車,未依規定讓車
11006AC591B1173,20210601,120.203411,22.998959,交通事故,交叉路口,臺南市北區成功路段號長北街,1,晴,50,交岔路,交叉路口,行車管制號誌,汽(機)車本身,未注意車前狀態
11006AC591B1178,20210602,120.206664,23.014462,交通事故,一般地址,臺南市北區育德路段500號,1,晴,50,交岔路,交叉路口,無號誌,車與車,變換車道或方向不當
11006AC591B1179,20210607,120.205681,23.021282,交通事故,交叉路口,臺南市北區北安路段號育成路318,1,晴,30,交岔路,交叉路口,無號誌,車與車,違反特定標誌(線)禁制
11006AC591B1181,20210614,120.218733,23.017778,交通事故,交叉路口,臺南市北區大武街段號實踐街39,1,晴,50,交岔路,交叉路口,閃光號誌,車與車,未依規定讓車
11006AC591B1184,20210618,120.20865,22.997796,交通事故,一般地址,臺南市北區成功路段22號,1,晴,50,交岔路,交叉路口,行車管制號誌,車與車,變換車道或方向不當
11006AC591B1209,20210620,120.202099,22.999392,交通事故,交叉路口,臺南市北區成功路段號自強街,1,陰,50,交岔路,交叉路口,行車管制號誌(附設行人專用號誌),車與車,未注意車前狀態