案件編號,發生日期,GPS經度,GPS緯度,案件類別名稱,地址類型名稱,發生縣市名稱,受傷人數,天候名稱, 速限-第1當事者,道路型態大類別名稱,事故位置大類別名稱,號誌-號誌種類名稱,事故類型及型態大類別名稱,肇因研判子類別名稱-主要
11006AC591B1210,20210621,120.179677,23.007227,交通事故,交叉路口,臺南市北區賢北街段號中華北路一段53,1,陰,50,交岔路,交叉路口,無號誌,車與車,未依規定讓車
11006AC591B1230,20210621,120.206421,23.011917,交通事故,交叉路口,臺南市北區和緯路段號育德路,1,陰,50,交岔路,交叉路口,行車管制號誌,汽(機)車本身,不明原因肇事
11006AC591B1233,20210621,120.231771,22.9988,交通事故,交叉路口,臺南市北區東光路2段號小東路,2,陰,0,交岔路,其他,無號誌,車與車,起步未注意其他車(人)安全
11006AC591B1260,20210621,120.206589,23.013901,交通事故,其他,臺南市北區段號育德路與文成一路口,2,雨,40,交岔路,交叉路口,行車管制號誌,車與車,未依規定讓車
11006AC591B1266,20210621,120.212106,23.013517,交通事故,交叉路口,臺南市北區公園路段號長榮路五段,1,雨,50,單路部分,路段,無號誌,車與車,違反特定標誌(線)禁制
11006AC591B1269,20210618,120.200315,23.013423,交通事故,交叉路口,臺南市北區海安路三段段號海安路三段781,1,晴,40,交岔路,交叉路口,無號誌,車與車,未注意車前狀態
11006AC591B1270,20210617,120.223345,23.008596,交通事故,一般地址,臺南市北區林森路三段段328號,1,晴,50,單路部分,路段,無號誌,人與汽(機)車,其他引起事故之疏失或行為
11006AC591B1271,20210621,120.22755,23.002447,交通事故,一般地址,臺南市北區東豐路段45144229號,2,雨,30,交岔路,交叉路口,無號誌,車與車,其他引起事故之違規或不當行為
11006AC591B1273,20210618,120.199838,23.005856,交通事故,一般地址,臺南市北區海安路三段段183號,1,雨,40,單路部分,路段,無號誌,車與車,其他引起事故之違規或不當行為
11006AC591B1286,20210621,120.185064,23.011195,交通事故,其他,臺南市北區段號中華北路一段觀海橋下,1,陰,50,交岔路,交叉路口,行車管制號誌,汽(機)車本身,未保持行車安全距離
11006AC591B1298,20210622,120.207654,23.017591,交通事故,交叉路口,臺南市北區育德路段號育成路,2,陰,50,交岔路,交叉路口,行車管制號誌,車與車,未依規定讓車
11006AC591B1334,20210623,120.195644,23.009908,交通事故,其他,臺南市北區段號和緯路與文賢一路口,1,晴,50,交岔路,交叉路口,行車管制號誌,車與車,未依規定讓車
11006AC591B1378,20210620,120.212059,23.014534,交通事故,交叉路口,臺南市北區北安路一段段513號北安路一段51,2,晴,30,交岔路,交叉路口,無號誌,車與車,未依規定讓車
11006AC591B1379,20210623,120.213488,23.003624,交通事故,交叉路口,臺南市北區東豐路段號北門路二段,1,雨,30,交岔路,交叉路口,行車管制號誌,車與車,未保持行車安全距離
11006AC591B1386,20210623,120.184444,23.011699,交通事故,其他,臺南市北區段號觀海橋上,1,雨,40,單路部分,路段,無號誌,汽(機)車本身,不明原因肇事
11006AC591B1392,20210623,120.224252,23.005015,交通事故,交叉路口,臺南市北區開元路段212號長榮路四段58,1,雨,30,交岔路,交叉路口,閃光號誌,車與車,未依規定讓車
11006AC591B1426,20210623,120.221673,23.018315,交通事故,其他,臺南市北區段號南康橋,2,陰,30,交岔路,交叉路口,行車管制號誌,車與車,未保持行車安全距離
11006AC591B1435,20210623,120.209762,23.003055,交通事故,交叉路口,臺南市北區公園路295段號公園路,1,暴雨,50,交岔路,交叉路口,無號誌,汽(機)車本身,其他引起事故之違規或不當行為
11006AC591B1477,20210624,120.212508,23.007327,交通事故,交叉路口,臺南市北區公園路段624號公園路634,1,雨,30,交岔路,交叉路口,無號誌,車與車,未依規定讓車
11006AC591B1482,20210624,120.214294,23.005987,交通事故,交叉路口,臺南市北區北門路二段段號北門路二段141,1,雨,30,交岔路,交叉路口,行車管制號誌,人與汽(機)車,未注意車前狀態
11006AC591B1484,20210624,120.209493,23.020689,交通事故,交叉路口,臺南市北區北成路段128號北成路12845,1,晴,30,交岔路,交叉路口,閃光號誌,車與車,未依規定讓車
11006AC591B1505,20210624,120.195512,23.009721,交通事故,交叉路口,臺南市北區和緯路三段段號文賢一路,1,陰,50,交岔路,交叉路口,行車管制號誌(附設行人專用號誌),車與車,未保持行車安全距離
11006AC591B1530,20210625,120.212674,22.999925,交通事故,交叉路口,臺南市北區北門路2段號公園南路,1,晴,40,交岔路,交叉路口,行車管制號誌(附設行人專用號誌),車與車,左轉彎未依規定
11006AC591B1547,20210602,120.204384,23.003841,交通事故,交叉路口,臺南市北區西門路三段段號民德路,1,晴,50,交岔路,交叉路口,行車管制號誌(附設行人專用號誌),車與車,未依規定讓車
11006AC591B1550,20210607,120.202958,23.020727,交通事故,交叉路口,臺南市北區中華北路二段段194號育成路317,2,晴,50,交岔路,交叉路口,無號誌,車與車,未依規定讓車
11006AC591B1552,20210607,120.205946,23.001013,交通事故,交叉路口,臺南市北區忠義路三段段號北華街,1,晴,40,交岔路,交叉路口,閃光號誌,車與車,未依規定讓車
11006AC591B1553,20210608,120.209547,23.01353,交通事故,其他,臺南市北區段號西門路4段330巷口,1,晴,30,交岔路,交叉路口,行車管制號誌,車與車,未保持行車安全距離
11006AC591B1554,20210609,120.201403,23.016761,交通事故,交叉路口,臺南市北區育德二路段421號育德三街,1,晴,50,交岔路,交叉路口,無號誌,車與車,未依規定讓車
11006AC591B1555,20210609,120.190058,23.007266,交通事故,交叉路口,臺南市北區和緯路四段段161號文賢路313,1,雨,30,交岔路,交叉路口,無號誌,車與車,未依規定讓車
11006AC591B1556,20210610,120.216636,23.018738,交通事故,交叉路口,臺南市北區公園路段107417號公園路1092,1,晴,50,交岔路,交叉路口,閃光號誌,車與車,未保持行車安全距離
11006AC591B1578,20210625,120.193868,23.012054,交通事故,交叉路口,臺南市北區文賢路段號大興街,2,晴,50,交岔路,交叉路口,行車管制號誌,車與車,起步未注意其他車(人)安全
11006AC591B1579,20210626,120.212205,23.01537,交通事故,交叉路口,臺南市北區北安路一段段號北安路一段16,1,雨,50,交岔路,路段,無號誌,車與車,變換車道或方向不當
11006AC591B1588,20210625,120.210356,23.016515,交通事故,交叉路口,臺南市北區北安路1段94號北安路1,1,陰,50,交岔路,交叉路口,無號誌,車與車,未依規定讓車
11006AC591B1591,20210626,120.220703,23.010699,交通事故,交叉路口,臺南市北區長榮路5段76號北園街87,1,陰,30,交岔路,交叉路口,無號誌,車與車,未依規定讓車
11006AC591B1608,20210626,120.193868,23.012054,交通事故,交叉路口,臺南市北區文賢路段號大興街,1,晴,50,交岔路,交叉路口,行車管制號誌,車與車,未依規定讓車
11006AC591B1613,20210622,120.222554,23.004244,交通事故,一般地址,臺南市北區長榮路四段段58號,1,陰,50,交岔路,交叉路口,行車管制號誌,人與汽(機)車,搶越行人穿越道
11006AC591B1615,20210622,120.21315,23.001723,交通事故,交叉路口,臺南市北區北門路段號小東路,1,雨,40,交岔路,交叉路口,行車管制號誌,車與車,未注意車前狀態
11006AC591B1629,20210607,120.186862,23.011457,交通事故,一般地址,臺南市北區大興街段2803431號,2,晴,30,單路部分,路段,無號誌,車與車,起步未注意其他車(人)安全
11006AC591B1640,20210625,120.187024,23.014336,交通事故,一般地址,臺南市北區中華北路一段段380號,1,雨,50,單路部分,路段,無號誌,汽(機)車本身,其他引起事故之違規或不當行為
11006AC591B1652,20210621,120.21378,23.001686,交通事故,一般地址,臺南市北區小東路段號,1,雨,40,單路部分,路段,無號誌,汽(機)車本身,未注意車前狀態
11006AC591B1657,20210627,120.207279,23.016887,交通事故,其他,臺南市北區段號文成三路與育德路口,1,晴,50,交岔路,交叉路口,行車管制號誌,車與車,未依規定讓車
11006AC591B1670,20210618,120.206546,23.013806,交通事故,一般地址,臺南市北區育德路段431號,1,晴,50,單路部分,路段,無號誌,車與車,開啟車門不當而肇事
11006AC591B1687,20210610,120.213093,23.014721,交通事故,交叉路口,臺南市北區北安路一段段號公園路,1,晴,50,交岔路,交叉路口,行車管制號誌(附設行人專用號誌),車與車,未依規定讓車
11006AC591B1688,20210619,120.218478,23.006652,交通事故,交叉路口,臺南市北區開元路段號勝利路,1,晴,50,交岔路,交叉路口,行車管制號誌,汽(機)車本身,其他引起事故之違規或不當行為
11006AC591B1689,20210619,120.222514,23.010452,交通事故,交叉路口,臺南市北區北園街段534號北園街87,1,晴,30,交岔路,交叉路口,無號誌,車與車,未依規定讓車
11006AC591B1690,20210622,120.207727,23.020182,交通事故,交叉路口,臺南市北區北安路一段段262號北成路,1,陰,50,交岔路,交叉路口,閃光號誌,車與車,其他引起事故之違規或不當行為
11006AC591B1691,20210627,120.17562,23.005307,交通事故,其他,臺南市北區段號和緯路五段與華平路口,1,晴,40,單路部分,其他,無號誌,汽(機)車本身,其他引起事故之違規或不當行為
11006AC591B1694,20210622,120.187848,23.007556,交通事故,交叉路口,臺南市北區和緯路四段段號武聖路,2,雨,50,交岔路,交叉路口,行車管制號誌(附設行人專用號誌),汽(機)車本身,違反號誌管制或指揮
11006AC591B1695,20210622,120.213549,23.00379,交通事故,其他,臺南市北區段號北門路2段南向北外側車道,2,雨,50,單路部分,路段,無號誌,車與車,未保持行車安全間隔
11006AC591B1696,20210622,120.199294,23.02033,交通事故,交叉路口,臺南市北區中華北路二段段號海安路三段,3,陰,60,交岔路,交叉路口,行車管制號誌(附設行人專用號誌),車與車,左轉彎未依規定
11006AC591B1697,20210627,120.211313,23.011948,交通事故,一般地址,臺南市北區公園路段798號,1,雨,50,交岔路,交叉路口,行車管制號誌,車與車,其他引起事故之違規或不當行為
11006AC591B1699,20210625,120.223077,23.011486,交通事故,一般地址,臺南市北區北園街段42號,2,雨,50,單路部分,路段,無號誌,車與車,未保持行車安全距離
11006AC591B1700,20210627,120.186205,23.007738,交通事故,一般地址,臺南市北區中華北路一段段28號,2,雨,60,單路部分,路段,無號誌,車與車,其他引起事故之違規或不當行為
11006AC591B1702,20210621,120.221928,23.008307,交通事故,交叉路口,臺南市北區開元路段號開南街,1,陰,50,交岔路,交叉路口,行車管制號誌,汽(機)車本身,未注意車前狀態
11006AC591B1705,20210627,120.231123,22.999615,交通事故,交叉路口,臺南市北區小東路段307號小東路3078,1,雨,30,交岔路,交叉路口,無號誌,車與車,未靠右行駛
11006AC591B1709,20210628,120.1853,23.009409,交通事故,其他,臺南市北區段號中華北路一段127號前,2,雨,40,單路部分,路段,無號誌,車與車,未保持行車安全距離
11006AC591B1713,20210628,120.20193,23.012196,交通事故,交叉路口,臺南市北區和緯路二段段號育德三街,1,雨,40,交岔路,交叉路口,行車管制號誌,車與車,左轉彎未依規定
11006AC591B1716,20210628,120.18676,23.014031,交通事故,交叉路口,臺南市北區中華北路一段段號中華北路一段362,2,雨,60,交岔路,交叉路口,行車管制號誌,車與車,未注意車前狀態
11006AC591B1741,20210628,120.22633,23.011004,交通事故,其他,臺南市北區段號開元路444號前(崑山中學前),1,雨,50,單路部分,路段,無號誌,車與車,未注意車前狀態
11006AC591B1745,20210628,120.224738,23.010213,交通事故,交叉路口,臺南市北區開元路段號開元路485,1,雨,50,交岔路,交叉路口,行車管制號誌,車與車,未注意車前狀態
11006AC591B1764,20210622,120.202722,23.005513,交通事故,交叉路口,臺南市北區育德路段號民德路,1,晴,50,交岔路,交叉路口,行車管制號誌,車與車,右轉彎未依規定
11006AC591B1766,20210628,120.19946,23.020361,交通事故,交叉路口,臺南市北區中華北路二段段號海安路三段,1,雨,60,交岔路,交叉路口,行車管制號誌,車與車,未注意車前狀態
11006AC591B1772,20210625,120.193262,23.018015,交通事故,交叉路口,臺南市北區中華北路二段段號文賢路,1,雨,50,交岔路,交叉路口,行車管制號誌(附設行人專用號誌),車與車,未依規定讓車
11006AC591B1786,20210629,120.222115,23.000679,交通事故,交叉路口,臺南市北區長榮路四段段號小東路,1,陰,50,交岔路,交叉路口,行車管制號誌,車與車,未依規定讓車
11006AC591B1800,20210629,120.220406,23.009191,交通事故,其他,臺南市北區段號長榮路與開元路口,1,雨,50,交岔路,交叉路口,行車管制號誌,汽(機)車本身,未注意車前狀態
11006AC591B1838,20210613,120.217075,23.012779,交通事故,交叉路口,臺南市北區北門路二段段號長榮路五段,1,晴,50,單路部分,路段,無號誌,車與車,不明原因肇事
11006AC591B1852,20210629,120.21766,23.001063,交通事故,其他,臺南市北區段號小東路成大醫院門診大樓前,1,陰,50,單路部分,路段,無號誌,車與車,變換車道或方向不當
11006AC591B1854,20210629,120.205529,23.005219,交通事故,其他,臺南市北區段號西門路與公園北路口,1,雨,50,交岔路,交叉路口,行車管制號誌,車與車,未依規定讓車
11006AC591B1904,20210629,120.214834,23.012159,交通事故,其他,臺南市北區段號長榮路五段383巷與北門路二段547巷78弄口,1,雨,30,單路部分,路段,無號誌,車與車,未注意車前狀態
11006AC591B1906,20210630,120.189604,23.015946,交通事故,一般地址,臺南市北區中華北路一段段490號,1,晴,60,單路部分,路段,無號誌,汽(機)車本身,未注意車前狀態
11006AC591B1907,20210630,120.218987,23.00218,交通事故,一般地址,臺南市北區勝利路段138號,1,晴,50,單路部分,路段,無號誌,車與車,起步未注意其他車(人)安全
11006AC591B1909,20210629,120.200135,23.005075,交通事故,交叉路口,臺南市北區海安路三段段號臨安路二段24933,1,雨,30,交岔路,交叉路口,無號誌,車與車,未依規定讓車
11006AC591B1912,20210628,120.211638,23.01969,交通事故,交叉路口,臺南市北區北成路段38號北成路20,1,雨,30,交岔路,交叉路口,閃光號誌,車與車,未依規定讓車
11006AC591B1913,20210627,120.185344,23.009968,交通事故,交叉路口,臺南市北區中華北路一段段號大興街,2,晴,50,交岔路,交叉路口,行車管制號誌,車與車,未依規定讓車
11006AC591B1949,20210602,120.203453,23.002706,交通事故,交叉路口,臺南市北區西門路三段段號公園南路,3,晴,50,交岔路,交叉路口,行車管制號誌(附設行人專用號誌),車與車,未保持行車安全距離
11006AC591B1954,20210601,120.195434,23.002028,交通事故,一般地址,臺南市北區成功路段582號,1,晴,50,單路部分,路段,無號誌,車與車,未保持行車安全間隔
11006AC591B1959,20210626,120.199057,23.001007,交通事故,交叉路口,臺南市北區海安路三段段號海安路三段14,2,晴,40,交岔路,交叉路口,無號誌,車與車,未注意車前狀態
11006AC591B1966,20210609,120.227369,23.002566,交通事故,交叉路口,臺南市北區東豐路段451號林森路三段140,2,晴,30,交岔路,交叉路口,無號誌,車與車,未依規定讓車
11006AC591B1978,20210608,120.20847,23.000464,交通事故,一般地址,臺南市北區公園路段180號,2,晴,0,交岔路,路段,無號誌,車與車,未依規定讓車
11006AC591B1979,20210609,120.223461,23.009271,交通事故,交叉路口,臺南市北區開元路段號開元路342,1,晴,50,交岔路,路段,行車管制號誌,車與車,未保持行車安全間隔
11006AC591B1980,20210610,120.211095,23.011656,交通事故,一般地址,臺南市北區公園路段589之9號,2,晴,50,交岔路,路段,無號誌,車與車,迴轉未依規定
11006AC591B1981,20210609,120.213623,23.00999,交通事故,交叉路口,臺南市北區和緯路一段段號旭日街,1,晴,50,交岔路,路段,閃光號誌,車與車,未依規定讓車
11006AC591B1984,20210613,120.185256,23.009914,交通事故,交叉路口,臺南市北區中華北路一段段號大興街,2,晴,50,交岔路,交叉路口,行車管制號誌,車與車,未依規定讓車
11006AC591B1986,20210620,120.207771,23.011887,交通事故,一般地址,臺南市北區和緯路二段段162號,1,陰,50,單路部分,路段,無號誌,車與車,未依規定讓車
11006AC591B1988,20210621,120.220354,23.004839,交通事故,一般地址,臺南市北區開元路段148162號,2,晴,30,交岔路,交叉路口,無號誌,車與車,未依規定讓車
11006AC591B1989,20210622,120.185827,23.00778,交通事故,一般地址,臺南市北區中華北路一段段51號,2,雨,60,單路部分,路段,無號誌,車與車,未保持行車安全距離
11006AC591B1994,20210630,120.227893,23.001529,交通事故,一般地址,臺南市北區東豐路段499號,1,晴,50,交岔路,交叉路口,無號誌,車與車,逆向行駛
11006AC591B2022,20210630,120.204323,22.999039,交通事故,一般地址,臺南市北區裕民街段8號,1,晴,30,單路部分,路段,無號誌,車與車,未保持行車安全間隔
11006AC591B2023,20210630,120.204776,23.008304,交通事故,交叉路口,臺南市北區育德路段號西門路四段65,1,晴,50,單路部分,路段,無號誌,車與車,未保持行車安全距離
11006AC591B2024,20210628,120.20108,23.020847,交通事故,一般地址,臺南市北區中華北路二段段160號,1,雨,60,單路部分,路段,無號誌,車與車,未注意車前狀態
11006AC591B2025,20210630,120.224644,23.004735,交通事故,其他,臺南市北區段號開元路212巷與東豐路305巷86弄口,1,晴,30,交岔路,交叉路口,無號誌,車與車,未依規定讓車
11006AC591B2027,20210630,120.193122,23.01808,交通事故,交叉路口,臺南市北區中華北路一段段號鹽水溪橋,1,晴,50,交岔路,交叉路口,行車管制號誌(附設行人專用號誌),車與車,未依規定讓車
11006AC591B2028,20210629,120.184112,23.012125,交通事故,一般地址,臺南市北區安明路觀海橋段號,1,雨,60,單路部分,路段,無號誌,車與車,未注意車前狀態
11006AC591B2029,20210630,120.195421,23.010551,交通事故,交叉路口,臺南市北區文賢一路段號文賢路680,1,晴,30,交岔路,交叉路口,無號誌,車與車,未依規定讓車
11006AC591B2043,20210628,120.185989,23.007997,交通事故,一般地址,臺南市北區中華北路一段段72號,1,陰,60,交岔路,交叉路口,無號誌,汽(機)車本身,未注意車前狀態
11006AC591B2057,20210602,120.193782,23.015176,交通事故,一般地址,臺南市北區文賢路段1078號0,2,晴,50,單路部分,路段,無號誌,車與車,橫越道路不慎
11006AC591B2060,20210624,120.193601,23.005375,交通事故,交叉路口,臺南市北區文賢路段號武聖路,1,晴,50,交岔路,交叉路口,行車管制號誌,車與車,左轉彎未依規定
11006AC591B2061,20210625,120.178239,23.007281,交通事故,一般地址,臺南市北區大興街段652號,1,晴,50,交岔路,交叉路口,無號誌,車與車,未依規定讓車
11006AC591B2066,20210630,120.214391,23.009626,交通事故,一般地址,臺南市北區和緯路一段段86號,2,晴,50,交岔路,交叉路口,行車管制號誌,車與車,橫越道路不慎
11006AC591B2071,20210629,120.213759,23.01977,交通事故,其他,臺南市北區段號北辰橋,1,雨,40,交岔路,交叉路口,無號誌,汽(機)車本身,不明原因肇事
11006AC591B2089,20210624,120.228186,22.999843,交通事故,交叉路口,臺南市北區小東路段號東豐路,1,晴,50,交岔路,交叉路口,行車管制號誌,車與車,違反號誌管制或指揮
11006AC591B2096,20210602,120.185866,23.008752,交通事故,一般地址,臺南市北區中華北路一段段80號,1,晴,60,單路部分,路段,無號誌,車與車,未依規定讓車
11006AC591B2109,20210611,120.223167,23.010766,交通事故,一般地址,臺南市北區北園街段20號,2,雨,50,單路部分,路段,無號誌,車與車,未注意車前狀態
11006AC591B2117,20210613,120.205769,23.012182,交通事故,交叉路口,臺南市北區和緯路二段段號和緯路二段71,1,晴,50,交岔路,交叉路口,行車管制號誌,車與車,違反號誌管制或指揮
11006AC591B2145,20210620,120.198989,23.002624,交通事故,其他,臺南市北區段號海安路三段71巷7號,3,晴,30,單路部分,路段,無號誌,人與汽(機)車,未依規定行走行人穿越道、地下道、天橋而穿越道路
11006AC591B2148,20210625,120.200255,23.015995,交通事故,交叉路口,臺南市北區海安路三段段號文成三路,3,雨,50,交岔路,交叉路口,行車管制號誌(附設行人專用號誌),車與車,變換車道或方向不當
11006AC591B2149,20210625,120.21003,23.003222,交通事故,一般地址,臺南市北區公園路段303號,1,雨,50,單路部分,路段,無號誌,車與車,迴轉未依規定
11006AC591B2151,20210621,120.221072,23.003169,交通事故,一般地址,臺南市北區東豐路段239號,2,晴,40,單路部分,路段,無號誌,車與車,起步未注意其他車(人)安全
11006AC591B2186,20210623,120.207949,23.010056,交通事故,一般地址,臺南市北區西門路四段段169號,2,雨,50,交岔路,交叉路口,行車管制號誌(附設行人專用號誌),車與車,違反號誌管制或指揮
11006AC591B2187,20210614,120.220865,23.007686,交通事故,交叉路口,臺南市北區開元路段號長榮路五段,2,晴,50,交岔路,交叉路口,無號誌,車與車,未注意車前狀態
11006AC591B2188,20210613,120.203371,22.998884,交通事故,交叉路口,臺南市北區長北街段號成功路220,1,晴,30,交岔路,交叉路口,無號誌,車與車,未依規定讓車
11006AC591B2189,20210626,120.204164,23.00117,交通事故,交叉路口,臺南市北區北華街段號長北街,2,晴,30,交岔路,交叉路口,閃光號誌,車與車,未依規定讓車
11006AC591B2206,20210630,120.216967,23.012774,交通事故,交叉路口,臺南市北區北門路二段段號長榮路五段,2,晴,50,交岔路,交叉路口,行車管制號誌,車與車,左轉彎未依規定
11006AC591B2213,20210626,120.22257,23.008545,交通事故,一般地址,臺南市北區開元路段286號,1,晴,0,單路部分,路段,無號誌,車與車,倒車未依規定
11006AC591B2224,20210629,120.199224,23.020136,交通事故,交叉路口,臺南市北區中華北路二段段號海安路三段,1,陰,60,交岔路,交叉路口,行車管制號誌(附設行人專用號誌),車與車,未依規定讓車
11006AC591B2254,20210629,120.222517,23.002942,交通事故,交叉路口,臺南市北區東豐路段號長榮路四段,1,雨,60,交岔路,交叉路口,行車管制號誌,車與車,未依規定讓車
11006AC591B2257,20210630,120.19376,23.014627,交通事故,一般地址,臺南市北區文賢路段729號,1,晴,50,交岔路,交叉路口,行車管制號誌,人與汽(機)車,未注意車前狀態
11006AC591B2258,20210630,120.22168,23.01857,交通事故,一般地址,臺南市北區大武街段597號,1,晴,50,交岔路,交叉路口,行車管制號誌,車與車,未注意車前狀態
11006AC691B0063,20210602,120.21504,22.970704,交通事故,交叉路口,臺南市南區大同路2段64039號大同路2640,1,晴,40,交岔路,交叉路口,無號誌,車與車,右轉彎未依規定
11006AC691B0065,20210602,120.184009,22.974276,交通事故,交叉路口,臺南市南區中華西路1段號中華西路129,1,晴,60,交岔路,交叉路口,無號誌,車與車,變換車道或方向不當
11006AC691B0117,20210603,120.185302,22.973969,交通事故,交叉路口,臺南市南區新建路段3號新興路416,1,晴,50,交岔路,交叉路口,閃光號誌,車與車,未依規定讓車
11006AC691B0128,20210603,120.189884,22.961149,交通事故,交叉路口,臺南市南區中華南路二段段315號中華南路二段31512,2,晴,50,交岔路,交叉路口,無號誌,車與車,未依規定讓車
11006AC691B0133,20210603,120.183703,22.924922,交通事故,交叉路口,臺南市南區灣裡路段31515號灣裡路315,1,晴,30,交岔路,交叉路口,無號誌,車與車,未依規定讓車
11006AC691B0213,20210601,120.197508,22.986334,交通事故,交叉路口,臺南市南區西門路段號樹林街,3,晴,50,交岔路,交叉路口,行車管制號誌(附設行人專用號誌),車與車,未依規定讓車
11006AC691B0218,20210605,120.179982,22.949267,交通事故,其他,臺南市南區段號喜樹路中華電信電桿?埕幹114號前,1,晴,50,交岔路,交叉路口,無號誌,汽(機)車本身,未注意車前狀態
11006AC691B0240,20210605,120.213127,22.970544,交通事故,一般地址,臺南市南區公英一街段63號0,1,陰,30,交岔路,交叉路口,無號誌,車與車,未依規定讓車
11006AC691B0300,20210606,120.185966,22.971532,交通事故,一般地址,臺南市南區新建路段23號,1,晴,50,單路部分,路段,無號誌,車與車,未保持行車安全距離
11006AC691B0316,20210607,120.191891,22.986433,交通事故,一般地址,臺南市南區金華路2段381號0,2,晴,50,單路部分,路段,無號誌,車與車,逆向行駛
11006AC691B0328,20210607,120.194437,22.97414,交通事故,交叉路口,臺南市南區大成路2段1435號大成路281,1,晴,30,交岔路,交叉路口,無號誌,車與車,未依規定讓車
11006AC691B0329,20210607,120.191453,22.980984,交通事故,其他,臺南市南區段號金華路二段159號前,3,陰,50,交岔路,交叉路口,無號誌,人與汽(機)車,未依規定行走行人穿越道、地下道、天橋而穿越道路
11006AC691B0347,20210607,120.209526,22.980819,交通事故,交叉路口,臺南市南區健康路1段113號竹溪街,2,晴,30,交岔路,交叉路口,無號誌,車與車,未依規定讓車
11006AC691B0427,20210601,120.192072,22.988004,交通事故,交叉路口,臺南市南區金華路段號永華路,1,晴,50,交岔路,交叉路口,行車管制號誌,汽(機)車本身,其他引起事故之違規或不當行為
11006AC691B0493,20210610,120.189149,22.975873,交通事故,一般地址,臺南市南區金華路2段947號0,2,晴,40,單路部分,路段,無號誌,車與車,蛇行、方向不定
11006AC691B0497,20210610,120.197787,22.977257,交通事故,一般地址,臺南市南區西門路1段282號0,1,晴,50,單路部分,路段,無號誌,車與車,開啟車門不當而肇事
11006AC691B0511,20210610,120.191151,22.975608,交通事故,交叉路口,臺南市南區金華路2段3458號金華路2345,2,陰,30,交岔路,交叉路口,無號誌,車與車,未依規定讓車
11006AC691B0573,20210611,120.188915,22.960918,交通事故,其他,臺南市南區段號南和路往北,1,陰,50,單路部分,路段,無號誌,車與車,未注意車前狀態
11006AC691B0576,20210611,120.191226,22.978655,交通事故,一般地址,臺南市南區金華路2段67號0,1,晴,50,單路部分,路段,無號誌,車與車,未注意車前狀態
11006AC691B0593,20210604,120.190128,22.98729,交通事故,交叉路口,臺南市南區文南路段號美南街,3,晴,50,交岔路,交叉路口,無號誌,車與車,未依規定讓車
11006AC691B0598,20210605,120.188399,22.927542,交通事故,交叉路口,臺南市南區萬年五街段號萬年五街61,1,雨,50,交岔路,交叉路口,無號誌,車與車,蛇行、方向不定
11006AC691B0650,20210604,120.190948,22.974987,交通事故,一般地址,臺南市南區金華路1段521號0,1,晴,50,單路部分,路段,無號誌,車與車,其他引起事故之違規或不當行為
11006AC691B0652,20210605,120.184015,22.976113,交通事故,一般地址,臺南市南區中華西路1段81號0,1,雨,60,單路部分,路段,無號誌,車與車,其他引起事故之違規或不當行為
11006AC691B0654,20210604,120.194821,22.974936,交通事故,交叉路口,臺南市南區大成路2段號大成路292,1,晴,30,交岔路,交叉路口,無號誌,車與車,未依規定讓車
11006AC691B0655,20210612,120.195691,22.974859,交通事故,交叉路口,臺南市南區大成路2段號大成路2164,1,晴,50,交岔路,交叉路口,無號誌,車與車,未依規定讓車
11006AC691B0658,20210604,120.183326,22.933665,交通事故,交叉路口,臺南市南區萬年路段號萬年一街,2,晴,50,交岔路,交叉路口,行車管制號誌,車與車,違反號誌管制或指揮
11006AC691B0659,20210612,120.194875,22.98536,交通事故,交叉路口,臺南市南區夏林路段號大德街,1,晴,50,單路部分,路段,無號誌,人與汽(機)車,未注意車前狀態
11006AC691B0674,20210605,120.187955,22.958937,交通事故,一般地址,臺南市南區興隆路段275號0,1,雨,50,交岔路,交叉路口,無號誌,汽(機)車本身,其他引起事故之違規或不當行為
11006AC691B0681,20210601,120.211954,22.967466,交通事故,交叉路口,臺南市南區國民路段號國民路158,2,晴,50,交岔路,交叉路口,行車管制號誌,車與車,違反特定標誌(線)禁制
11006AC691B0690,20210606,120.183099,22.956767,交通事故,一般地址,臺南市南區濱南路段號,2,雨,60,單路部分,路段,無號誌,汽(機)車本身,未注意車前狀態
11006AC691B0694,20210608,120.195768,22.98683,交通事故,交叉路口,臺南市南區大德街段號大德街154,1,晴,30,交岔路,交叉路口,無號誌,汽(機)車本身,未注意車前狀態
11006AC691B0696,20210609,120.197261,22.979653,交通事故,一般地址,臺南市南區新興路段20號0,3,晴,50,單路部分,路段,無號誌,車與車,未保持行車安全間隔
11006AC691B0722,20210614,120.189711,22.981671,交通事故,交叉路口,臺南市南區賢南街段號健康路2,2,晴,50,交岔路,交叉路口,行車管制號誌,車與車,違反號誌管制或指揮
11006AC691B0729,20210614,120.191473,22.980737,交通事故,交叉路口,臺南市南區金華路段號金華路2228,2,晴,50,交岔路,交叉路口,行車管制號誌(附設行人專用號誌),車與車,未保持行車安全距離