案件編號,發生日期,GPS經度,GPS緯度,案件類別名稱,地址類型名稱,發生縣市名稱,受傷人數,天候名稱, 速限-第1當事者,道路型態大類別名稱,事故位置大類別名稱,號誌-號誌種類名稱,事故類型及型態大類別名稱,肇因研判子類別名稱-主要
11006AC691B0737,20210614,120.186414,22.985224,交通事故,交叉路口,臺南市南區中華西路段號建南路,1,晴,50,交岔路,交叉路口,行車管制號誌(附設行人專用號誌),車與車,未依規定讓車
11006AC691B0775,20210615,120.193872,22.987798,交通事故,一般地址,臺南市南區永華路段號,1,晴,50,交岔路,交叉路口,行車管制號誌,車與車,未注意車前狀態
11006AC691B0821,20210615,120.187726,22.956172,交通事故,交叉路口,臺南市南區健康路2段號國華街,2,晴,50,交岔路,交叉路口,行車管制號誌,車與車,未保持行車安全距離
11006AC691B0871,20210616,120.183864,22.970073,交通事故,交叉路口,臺南市南區中華西路1段號中華西路152,1,陰,60,交岔路,交叉路口,行車管制號誌,車與車,未依規定讓車
11006AC691B0881,20210616,120.186776,22.971185,交通事故,交叉路口,臺南市南區新建路段25號鹽埕路29132,1,晴,30,交岔路,交叉路口,無號誌,汽(機)車本身,其他引起事故之違規或不當行為
11006AC691B0885,20210609,120.212509,22.975918,交通事故,交叉路口,臺南市南區大林路段號大林路55,1,晴,40,交岔路,交叉路口,行車管制號誌,車與車,未注意車前狀態
11006AC691B0889,20210612,120.196061,22.967279,交通事故,交叉路口,臺南市南區新都路段號新都路353,2,晴,50,交岔路,交叉路口,無號誌,車與車,未依規定讓車
11006AC691B0898,20210605,120.175505,22.920566,交通事故,其他,臺南市南區段號濱南路親水公園旁(路燈桿編號157),1,雨,70,單路部分,路段,無號誌,汽(機)車本身,不明原因肇事
11006AC691B0926,20210617,120.203941,22.975179,交通事故,交叉路口,臺南市南區大成路段號國民路,1,晴,50,交岔路,交叉路口,行車管制號誌,車與車,左轉彎未依規定
11006AC691B0959,20210617,120.197259,22.974968,交通事故,一般地址,臺南市南區大成路2段10號0,1,陰,50,單路部分,路段,無號誌,車與車,倒車未依規定
11006AC691B0966,20210617,120.193846,22.987817,交通事故,其他,臺南市南區段號永華路一段與郡西路口,2,晴,50,交岔路,交叉路口,行車管制號誌,車與車,未依規定讓車
11006AC691B0968,20210613,120.177088,22.973127,交通事故,交叉路口,臺南市南區新樂路段號新信路,1,晴,40,交岔路,交叉路口,行車管制號誌,車與車,違反特定標誌(線)禁制
11006AC691B0994,20210618,120.191136,22.975517,交通事故,交叉路口,臺南市南區金華路2段15號慶南街,2,晴,50,交岔路,交叉路口,無號誌,車與車,未依規定讓車
11006AC691B1035,20210618,120.19573,22.936347,交通事故,一般地址,臺南市南區永成路1段號0,4,晴,60,單路部分,路段,無號誌,車與車,未注意車前狀態
11006AC691B1059,20210618,120.183947,22.966338,交通事故,一般地址,臺南市南區中華西路1段26號,1,晴,60,單路部分,路段,無號誌,車與車,未注意車前狀態
11006AC691B1071,20210618,120.195535,22.949956,交通事故,一般地址,臺南市南區永成路2段536號0,0,晴,60,單路部分,路段,無號誌,車與車,未注意車前狀態
11006AC691B1090,20210619,120.189202,22.96895,交通事故,一般地址,臺南市南區鹽埕路段182號0,2,晴,50,單路部分,路段,無號誌,車與車,起步未注意其他車(人)安全
11006AC691B1093,20210619,120.18879,22.977078,交通事故,交叉路口,臺南市南區金華路2段15號尊南街,1,晴,50,交岔路,交叉路口,無號誌,車與車,未依規定讓車
11006AC691B1096,20210619,120.209912,22.969074,交通事故,交叉路口,臺南市南區國民路段號中華南路一段,2,晴,50,交岔路,交叉路口,行車管制號誌,車與車,其他引起事故之違規或不當行為
11006AC691B1137,20210618,120.193647,22.967062,交通事故,交叉路口,臺南市南區新都路段號永吉街,2,雨,50,交岔路,交叉路口,行車管制號誌,車與車,左轉彎未依規定
11006AC691B1148,20210612,120.188466,22.969897,交通事故,交叉路口,臺南市南區利南街段號鹽埕路291117,1,晴,50,交岔路,交叉路口,無號誌,車與車,違反特定標誌(線)禁制
11006AC691B1244,20210620,120.18389,22.963297,交通事故,交叉路口,臺南市南區中華西路1段號中華西路12,1,晴,60,交岔路,交叉路口,行車管制號誌,車與車,右轉彎未依規定
11006AC691B1258,20210601,120.208561,22.970422,交通事故,交叉路口,臺南市南區大同路2段482號國民路27075,2,晴,40,交岔路,交叉路口,閃光號誌,車與車,未依規定讓車
11006AC691B1262,20210608,120.187187,22.985165,交通事故,交叉路口,臺南市南區建南路段號德南街,1,晴,50,交岔路,交叉路口,無號誌,車與車,其他引起事故之違規或不當行為
11006AC691B1263,20210608,120.184514,22.977949,交通事故,交叉路口,臺南市南區中華西路段號新孝路,1,晴,50,交岔路,交叉路口,行車管制號誌,車與車,未依規定讓車
11006AC691B1299,20210618,120.216061,22.965812,交通事故,交叉路口,臺南市南區大同路段號大同路2750,1,晴,60,交岔路,交叉路口,行車管制號誌(附設行人專用號誌),車與車,未依規定讓車
11006AC691B1304,20210619,120.189828,22.97657,交通事故,其他,臺南市南區段號慶南街(金華路二段21巷28號),2,晴,50,單路部分,路段,無號誌,車與車,未注意車前狀態
11006AC691B1308,20210622,120.176491,22.948137,交通事故,一般地址,臺南市南區濱南路段428號,1,雨,60,單路部分,路段,無號誌,汽(機)車本身,其他引起事故之違規或不當行為
11006AC691B1325,20210622,120.190982,22.981561,交通事故,交叉路口,臺南市南區聖南街段號健康路2,1,雨,50,交岔路,交叉路口,無號誌,車與車,未依規定讓車
11006AC691B1338,20210619,120.186414,22.985224,交通事故,交叉路口,臺南市南區中華西路1段號建南路,1,晴,60,交岔路,交叉路口,行車管制號誌,車與車,左轉彎未依規定
11006AC691B1369,20210623,120.18821,22.979493,交通事故,交叉路口,臺南市南區聖南街段號惠南街,1,雨,30,交岔路,交叉路口,無號誌,車與車,未依規定讓車
11006AC691B1375,20210623,120.192308,22.96716,交通事故,交叉路口,臺南市南區新都路段號德興路,1,雨,50,交岔路,交叉路口,行車管制號誌,汽(機)車本身,其他引起事故之違規或不當行為
11006AC691B1401,20210619,120.203016,22.974987,交通事故,一般地址,臺南市南區大成路1段5號0,1,陰,50,單路部分,路段,無號誌,車與車,違反特定標誌(線)禁制
11006AC691B1404,20210619,120.198069,22.932268,交通事故,其他,臺南市南區段號86快速道路下便道,2,晴,50,單路部分,路段,無號誌,汽(機)車本身,其他引起事故之違規或不當行為
11006AC691B1407,20210618,120.195378,22.974932,交通事故,交叉路口,臺南市南區夏林路段號大成路,2,晴,50,交岔路,交叉路口,行車管制號誌,車與車,左轉彎未依規定
11006AC691B1408,20210619,120.183782,22.921708,交通事故,一般地址,臺南市南區灣裡路段475號0,2,晴,50,單路部分,路段,無號誌,車與車,未保持行車安全距離
11006AC691B1409,20210623,120.187794,22.956352,交通事故,交叉路口,臺南市南區西門路1段300號興昌路76,1,陰,30,交岔路,交叉路口,閃光號誌,車與車,未依規定讓車
11006AC691B1411,20210619,120.185689,22.980961,交通事故,交叉路口,臺南市南區中華西路1段號新興路416,1,晴,60,交岔路,交叉路口,行車管制號誌,車與車,左轉彎未依規定
11006AC691B1414,20210619,120.189559,22.96509,交通事故,一般地址,臺南市南區金華路1段129-9號0,1,晴,50,單路部分,路段,無號誌,車與車,左轉彎未依規定
11006AC691B1420,20210618,120.189991,22.977728,交通事故,交叉路口,臺南市南區慶南街段號新孝路,2,晴,50,交岔路,交叉路口,無號誌,車與車,未依規定讓車
11006AC691B1422,20210618,120.195581,22.986367,交通事故,交叉路口,臺南市南區大德街段號樹林街,2,晴,40,交岔路,交叉路口,閃光號誌,車與車,未依規定讓車
11006AC691B1439,20210621,120.193064,22.967328,交通事故,一般地址,臺南市南區新都路段4621號,1,雨,30,單路部分,路段,無號誌,汽(機)車本身,其他引起事故之違規或不當行為
11006AC691B1448,20210604,120.18263,22.973011,交通事故,一般地址,臺南市南區新信路段1號0,1,晴,50,單路部分,路段,無號誌,汽(機)車本身,未注意車前狀態
11006AC691B1465,20210617,120.184193,22.919614,交通事故,其他,臺南市南區段號明興路與灣裡路口(南萣橋),2,晴,50,交岔路,交叉路口,行車管制號誌,車與車,違反號誌管制或指揮
11006AC691B1470,20210620,120.198953,22.976708,交通事故,交叉路口,臺南市南區興昌路段號興昌路76,1,晴,50,交岔路,交叉路口,行車管制號誌,車與車,違反號誌管制或指揮
11006AC691B1511,20210625,120.190457,22.969602,交通事故,交叉路口,臺南市南區金華路1段號金華路1336,1,陰,50,交岔路,交叉路口,無號誌,車與車,未依規定讓車
11006AC691B1516,20210616,120.197688,22.974966,交通事故,交叉路口,臺南市南區西門路段號大成路,1,雨,50,交岔路,交叉路口,行車管制號誌,汽(機)車本身,其他引起事故之違規或不當行為
11006AC691B1536,20210617,120.190164,22.967263,交通事故,交叉路口,臺南市南區金華路段號新都路,3,晴,50,交岔路,交叉路口,行車管制號誌,車與車,違規超車
11006AC691B1548,20210624,120.193846,22.981217,交通事故,一般地址,臺南市南區三官路段1號0,2,晴,50,單路部分,路段,無號誌,車與車,違反特定標誌(線)禁制
11006AC691B1587,20210622,120.195691,22.974859,交通事故,交叉路口,臺南市南區大成路2段223號大成路22231,1,雨,30,交岔路,交叉路口,無號誌,車與車,未注意車前狀態
11006AC691B1590,20210623,120.189809,22.975157,交通事故,交叉路口,臺南市南區新興路段號慶南街,2,雨,50,交岔路,交叉路口,行車管制號誌(附設行人專用號誌),車與車,違反號誌管制或指揮
11006AC691B1607,20210626,120.195003,22.981434,交通事故,交叉路口,臺南市南區夏林路段號健康路,1,晴,50,交岔路,交叉路口,行車管制號誌,車與車,右轉彎未依規定
11006AC691B1628,20210626,120.188794,22.977755,交通事故,其他,臺南市南區段號尊南街往南(近新孝路),1,晴,50,單路部分,路段,無號誌,車與車,起步未注意其他車(人)安全
11006AC691B1664,20210627,120.184794,22.923398,交通事故,交叉路口,臺南市南區明興路段號明興路1312,1,陰,50,交岔路,交叉路口,行車管制號誌(附設行人專用號誌),車與車,違反號誌管制或指揮
11006AC691B1682,20210626,120.181124,22.98183,交通事故,交叉路口,臺南市南區新樂路段號中華西路1109,1,雨,50,交岔路,交叉路口,行車管制號誌,車與車,違反號誌管制或指揮
11006AC691B1684,20210618,120.203339,22.975126,交通事故,交叉路口,臺南市南區大成路段號新都路,1,晴,50,交岔路,交叉路口,行車管制號誌(附設行人專用號誌),車與車,不明原因肇事
11006AC691B1708,20210628,120.216085,22.965843,交通事故,交叉路口,臺南市南區大同路2段號大同路2750,1,雨,60,交岔路,交叉路口,行車管制號誌,車與車,未依規定讓車
11006AC691B1726,20210628,120.180402,22.977947,交通事故,一般地址,臺南市南區新孝路段209號,1,陰,40,單路部分,路段,無號誌,車與車,未注意車前狀態
11006AC691B1736,20210628,120.215043,22.97104,交通事故,交叉路口,臺南市南區大同路2段號公英一街,2,陰,50,交岔路,交叉路口,行車管制號誌,車與車,違反號誌管制或指揮
11006AC691B1739,20210628,120.193508,22.964713,交通事故,交叉路口,臺南市南區永吉街段號永興三街,1,晴,50,交岔路,交叉路口,閃光號誌,車與車,未依規定讓車
11006AC691B1760,20210616,120.189873,22.965027,交通事故,一般地址,臺南市南區金華路1段146號0,1,晴,50,交岔路,交叉路口,行車管制號誌,車與車,違規超車
11006AC691B1770,20210628,120.191325,22.979034,交通事故,一般地址,臺南市南區金華路1段142號0,1,陰,50,單路部分,路段,無號誌,車與車,未注意車前狀態
11006AC691B1789,20210628,120.188608,22.975001,交通事故,交叉路口,臺南市南區新興路段號尊南街,1,晴,50,交岔路,交叉路口,行車管制號誌,車與車,違反特定標誌(線)禁制
11006AC691B1792,20210628,120.188608,22.975001,交通事故,交叉路口,臺南市南區新興路段號尊南街,1,晴,50,交岔路,交叉路口,行車管制號誌,車與車,左轉彎未依規定
11006AC691B1794,20210629,120.179672,22.924225,交通事故,一般地址,臺南市南區省躬三街段379號,2,雨,30,單路部分,路段,無號誌,車與車,起步未注意其他車(人)安全
11006AC691B1834,20210621,120.190052,22.985749,交通事故,交叉路口,臺南市南區文南路段號文南一街,1,陰,50,交岔路,交叉路口,閃光號誌,車與車,未依規定讓車
11006AC691B1836,20210624,120.195181,22.987435,交通事故,交叉路口,臺南市南區夏林路段號永華路,1,晴,50,交岔路,交叉路口,行車管制號誌,車與車,未注意車前狀態
11006AC691B1837,20210605,120.176326,22.9184,交通事故,交叉路口,臺南市南區濱南路段號興南街,1,雨,60,單路部分,路段,無號誌,車與車,未注意車前狀態
11006AC691B1845,20210629,120.191234,22.978418,交通事故,一般地址,臺南市南區金華路段259號0,2,晴,50,單路部分,路段,無號誌,車與車,未注意車前狀態
11006AC691B1860,20210630,120.197571,22.981492,交通事故,交叉路口,臺南市南區西門路段號健康路,1,陰,50,交岔路,交叉路口,行車管制號誌(附設行人專用號誌),車與車,未依規定讓車
11006AC691B1870,20210630,120.210878,22.970741,交通事故,交叉路口,臺南市南區中華南路一段1段186號中華南路一段118620,1,晴,40,交岔路,交叉路口,無號誌,車與車,未依規定讓車
11006AC691B1873,20210630,120.186269,22.980926,交通事故,一般地址,臺南市南區觀光城段200號0,2,晴,30,單路部分,路段,無號誌,車與車,未靠右行駛
11006AC691B1900,20210618,120.210185,22.965742,交通事故,交叉路口,臺南市南區大同路2段750號國民路217,1,晴,50,交岔路,交叉路口,無號誌,汽(機)車本身,其他引起事故之違規或不當行為
11006AC691B1973,20210625,120.190333,22.925107,交通事故,交叉路口,臺南市南區同興路段號同興路131,1,陰,50,交岔路,交叉路口,行車管制號誌,車與車,未注意車前狀態
11006AC691B1982,20210608,120.195492,22.956646,交通事故,交叉路口,臺南市南區永成路2段730號永成路,1,晴,50,交岔路,交叉路口,行車管制號誌,車與車,未注意車前狀態
11006AC691B1997,20210629,120.189399,22.983954,交通事故,一般地址,臺南市南區永南四街段14號0,1,雨,50,單路部分,路段,無號誌,車與車,違反特定標誌(線)禁制
11006AC691B1998,20210629,120.194989,22.97482,交通事故,一般地址,臺南市南區大成路2段75號0,1,晴,50,交岔路,交叉路口,無號誌,車與車,左轉彎未依規定
11006AC691B1999,20210629,120.194913,22.969158,交通事故,一般地址,臺南市南區金華路1段484239號0,1,晴,30,單路部分,路段,無號誌,車與車,起步未注意其他車(人)安全
11006AC691B2014,20210625,120.193818,22.987724,交通事故,其他,臺南市南區段號永華路與郡西路口,1,雨,50,交岔路,交叉路口,行車管制號誌,汽(機)車本身,其他引起事故之違規或不當行為
11006AC691B2015,20210628,120.190358,22.969107,交通事故,交叉路口,臺南市南區金華路段號利南街,2,陰,50,交岔路,交叉路口,行車管制號誌,車與車,違反號誌管制或指揮
11006AC691B2090,20210616,120.189898,22.988483,交通事故,交叉路口,臺南市南區永華路段號文南路,1,晴,50,交岔路,交叉路口,行車管制號誌,車與車,未保持行車安全間隔
11006AC691B2161,20210624,120.19123,22.975459,交通事故,交叉路口,臺南市南區新興路段4616號新興路46110,2,晴,40,交岔路,交叉路口,無號誌,車與車,未依規定讓車
11006AC691B2162,20210625,120.193817,22.968202,交通事故,一般地址,臺南市南區金華路1段352147號0,3,晴,40,單路部分,路段,無號誌,車與車,未靠右行駛
11006AC691B2163,20210616,120.181816,22.941419,交通事故,一般地址,臺南市南區同興路段16815號0,2,晴,40,單路部分,路段,無號誌,車與車,未靠右行駛
11006AC691B2164,20210616,120.186116,22.982177,交通事故,交叉路口,臺南市南區中華西路段號健康路,1,晴,50,交岔路,交叉路口,行車管制號誌,車與車,未依規定讓車
11006AC691B2165,20210609,120.184196,22.919665,交通事故,交叉路口,臺南市南區明興路段號無名道路,1,晴,50,交岔路,交叉路口,行車管制號誌,車與車,變換車道或方向不當
11006AC691B2166,20210609,120.191498,22.981624,交通事故,交叉路口,臺南市南區金華路2段147號金華路,1,雨,50,交岔路,交叉路口,行車管制號誌,車與車,未依規定讓車
11006AC691B2167,20210617,120.190355,22.967195,交通事故,一般地址,臺南市南區新都路段541號0,1,晴,50,單路部分,路段,無號誌,車與車,變換車道或方向不當
11006AC691B2168,20210617,120.203598,22.978244,交通事故,交叉路口,臺南市南區南門路段號水交社一街,1,陰,50,交岔路,交叉路口,行車管制號誌,車與車,未注意車前狀態
11006AC691B2172,20210629,120.215807,22.9675,交通事故,交叉路口,臺南市南區大同路2段號國民路,1,晴,40,交岔路,交叉路口,行車管制號誌,車與車,未依規定讓車
11006AC691B2173,20210629,120.204636,22.967412,交通事故,其他,臺南市南區段號中華南路華南地下道,1,陰,50,單路部分,路段,無號誌,汽(機)車本身,其他引起事故之違規或不當行為
11006AC691B2190,20210603,120.178089,22.940497,交通事故,交叉路口,臺南市南區喜樹路段號喜樹路171,1,晴,50,交岔路,交叉路口,無號誌,車與車,未依規定讓車
11006AC691B2191,20210612,120.195541,22.950621,交通事故,交叉路口,臺南市南區永成路2段號永成路2646,1,晴,50,交岔路,交叉路口,行車管制號誌,車與車,迴轉未依規定
11006AC691B2192,20210615,120.212455,22.980423,交通事故,交叉路口,臺南市南區大同路2段號大同路219,1,晴,50,交岔路,交叉路口,無號誌,人與汽(機)車,未依規定行走行人穿越道、地下道、天橋而穿越道路
11006AC691B2193,20210611,120.191806,22.969822,交通事故,一般地址,臺南市南區金華路1段35242號0,1,晴,30,單路部分,路段,無號誌,車與車,未保持行車安全間隔
11006AC691B2194,20210614,120.192725,22.958867,交通事故,交叉路口,臺南市南區興隆路段號德興路,1,晴,50,交岔路,交叉路口,行車管制號誌,車與車,左轉彎未依規定
11006AC691B2195,20210614,120.185658,22.984198,交通事故,交叉路口,臺南市南區仁南四街段號南功街,2,晴,30,交岔路,交叉路口,無號誌,車與車,未依規定讓車
11006AC691B2196,20210602,120.200673,22.981343,交通事故,交叉路口,臺南市南區健康路1段號水交社路,2,晴,50,交岔路,交叉路口,行車管制號誌,車與車,未保持行車安全間隔
11006AC691B2197,20210622,120.18234,22.933218,交通事故,交叉路口,臺南市南區明興路段號萬年路,1,晴,50,交岔路,交叉路口,行車管制號誌,汽(機)車本身,其他引起事故之違規或不當行為
11006AC691B2198,20210623,120.188858,22.97709,交通事故,交叉路口,臺南市南區金華路2段15號尊南街,2,雨,30,交岔路,交叉路口,無號誌,車與車,未依規定讓車
11006AC691B2199,20210623,120.182172,22.926653,交通事故,交叉路口,臺南市南區灣裡路段351號灣裡路35115,2,晴,30,交岔路,交叉路口,無號誌,車與車,未依規定讓車
11006AC691B2200,20210627,120.176517,22.934329,交通事故,其他,臺南市南區段號船形屋(往南第二支燈桿),1,雨,60,單路部分,路段,無號誌,車與車,變換車道或方向不當
11006AC691B2201,20210630,120.200676,22.975003,交通事故,交叉路口,臺南市南區大成路1段號大成路1168,1,晴,50,交岔路,交叉路口,閃光號誌,車與車,未保持行車安全距離
11006AC791A0007,20210611,120.127855,23.098971,交通事故,其他,臺南市七股區段號永吉里(北塭高幹12右10)電桿前未命道路路口,0,晴,30,交岔路,交叉路口,無號誌,車與車,未依規定讓車
11006AC791A0011,20210615,120.18903,23.197639,交通事故,無,臺南市佳里區段號,0,晴,50,單路部分,路段,無號誌,車與車,未注意車前狀態
11006AC791A0015,20210629,120.199426,23.133966,交通事故,無,臺南市西港區段號,0,雨,50,交岔路,交叉路口,無號誌,汽(機)車本身,未依規定減速
11006AC791B0011,20210601,120.174785,23.162125,交通事故,交叉路口,臺南市佳里區光復路段號和平街,1,晴,50,交岔路,交叉路口,行車管制號誌,車與車,未保持行車安全距離
11006AC791B0028,20210601,120.193746,23.188571,交通事故,無,臺南市佳里區段號,1,晴,50,交岔路,交叉路口,行車管制號誌,車與車,未依規定讓車
11006AC791B0054,20210602,120.137782,23.100397,交通事故,其他,臺南市七股區段號義合里80之12號附近,1,晴,30,交岔路,交叉路口,無號誌,車與車,未依規定讓車
11006AC791B0060,20210602,120.171804,23.159355,交通事故,交叉路口,臺南市佳里區建南里新生路段號新生路441,1,晴,50,交岔路,交叉路口,無號誌,車與車,迴轉未依規定
11006AC791B0082,20210602,120.180075,23.148626,交通事故,交叉路口,臺南市佳里區鎮山里勝利路段號佳南路,1,晴,50,交岔路,交叉路口,行車管制號誌,車與車,未保持行車安全距離
11006AC791B0087,20210603,120.174742,23.159947,交通事故,交叉路口,臺南市佳里區建南里光復路段號新生路,1,晴,50,交岔路,交叉路口,行車管制號誌,車與車,未依規定讓車
11006AC791B0151,20210603,120.174742,23.159947,交通事故,交叉路口,臺南市佳里區建南里光復路段號新生路,2,晴,50,交岔路,交叉路口,行車管制號誌,車與車,未依規定讓車
11006AC791B0163,20210604,120.202297,23.126624,交通事故,無,臺南市西港區段號,1,晴,50,交岔路,交叉路口,行車管制號誌,車與車,違反號誌管制或指揮
11006AC791B0219,20210604,120.173967,23.162086,交通事故,其他,臺南市佳里區段號長安街與和平街口,1,陰,30,交岔路,交叉路口,無號誌,車與車,未依規定讓車
11006AC791B0228,20210605,120.17184,23.166493,交通事故,交叉路口,臺南市佳里區安西里安西路段號安西路311,1,陰,30,交岔路,交叉路口,無號誌,車與車,未依規定讓車
11006AC791B0232,20210605,120.188888,23.198047,交通事故,其他,臺南市佳里區段號營頂82-8號前路口,2,陰,50,交岔路,交叉路口,行車管制號誌,車與車,右轉彎未依規定
11006AC791B0280,20210606,120.21649,23.138723,交通事故,交叉路口,臺南市西港區後營里市道173線段號區道南44線,1,雨,50,交岔路,交叉路口,行車管制號誌,車與車,未注意車前狀態
11006AC791B0282,20210606,120.180612,23.175099,交通事故,無,臺南市佳里區段號,1,陰,50,單路部分,路段,無號誌,汽(機)車本身,未注意車前狀態
11006AC791B0289,20210605,120.179314,23.171562,交通事故,交叉路口,臺南市佳里區六安里延平路段號延平路577,1,雨,50,交岔路,交叉路口,行車管制號誌(附設行人專用號誌),車與車,未依規定讓車
11006AC791B0303,20210607,120.196408,23.121436,交通事故,交叉路口,臺南市西港區南海里慶安路段228號慶安路18629,1,陰,30,交岔路,交叉路口,無號誌,車與車,未依規定讓車
11006AC791B0321,20210606,120.184293,23.151901,交通事故,交叉路口,臺南市佳里區佳東路段號仁愛路,1,雨,50,交岔路,交叉路口,行車管制號誌,車與車,右轉彎未依規定
11006AC791B0331,20210607,120.178156,23.165395,交通事故,交叉路口,臺南市佳里區六安里延平路段號忠孝東路,2,晴,50,交岔路,交叉路口,行車管制號誌,車與車,未依規定讓車
11006AC791B0362,20210608,120.207476,23.122812,交通事故,其他,臺南市西港區段號西港里文化路92巷與未命名道路路口,2,晴,30,交岔路,交叉路口,行車管制號誌,車與車,違反號誌管制或指揮
11006AC791B0365,20210608,120.135498,23.187483,交通事故,交叉路口,臺南市七股區大潭里區道南28線段號區道南26線,1,晴,50,交岔路,交叉路口,行車管制號誌,車與車,違反號誌管制或指揮
11006AC791B0424,20210609,120.16208,23.110691,交通事故,無,臺南市七股區段號,1,晴,40,交岔路,交叉路口,無號誌,車與車,違規超車
11006AC791B0444,20210609,120.175392,23.164136,交通事故,其他,臺南市佳里區段號東寧里進學路256號前路口,1,晴,30,交岔路,交叉路口,無號誌,車與車,起步未注意其他車(人)安全
11006AC791B0503,20210610,120.182538,23.161011,交通事故,交叉路口,臺南市佳里區忠仁里佳東路段327號佳東路3279,1,晴,30,交岔路,交叉路口,無號誌,汽(機)車本身,未注意車前狀態
11006AC791B0504,20210610,120.178676,23.151504,交通事故,其他,臺南市佳里區段號勝利路92號,1,陰,50,交岔路,交叉路口,無號誌,車與車,起步未注意其他車(人)安全
11006AC791B0529,20210611,120.210583,23.172258,交通事故,無,臺南市佳里區段號,1,晴,50,交岔路,交叉路口,無號誌,車與車,違規超車
11006AC791B0534,20210611,120.176504,23.150928,交通事故,交叉路口,臺南市佳里區南勢里四維二街段號祥和三街,1,晴,30,交岔路,交叉路口,無號誌,車與車,未依規定讓車
11006AC791B0536,20210611,120.176852,23.160984,交通事故,其他,臺南市佳里區段號中山路279號,1,晴,50,單路部分,路段,無號誌,車與車,未保持行車安全間隔
11006AC791B0557,20210605,120.193469,23.141604,交通事故,其他,臺南市西港區段號營西里,1,雨,40,單路部分,路段,無號誌,汽(機)車本身,未注意車前狀態
11006AC791B0605,20210612,120.176793,23.162398,交通事故,一般地址,臺南市佳里區東寧里中山路段374號,1,晴,50,單路部分,路段,無號誌,車與車,未依規定讓車
11006AC791B0627,20210612,120.177167,23.157305,交通事故,一般地址,臺南市佳里區建南里中山路段137號,1,晴,50,單路部分,路段,無號誌,車與車,未依規定讓車
11006AC791B0648,20210613,120.203163,23.117414,交通事故,交叉路口,臺南市西港區慶安里中山路段121號中山路2296,1,晴,50,交岔路,交叉路口,無號誌,車與車,未依規定讓車
11006AC791B0700,20210608,120.178155,23.165333,交通事故,交叉路口,臺南市佳里區六安里延平路段號忠孝路,2,晴,50,交岔路,交叉路口,行車管制號誌,車與車,橫越道路不慎
11006AC791B0742,20210607,120.178775,23.157817,交通事故,交叉路口,臺南市佳里區延平路段號博愛街,2,晴,50,交岔路,交叉路口,行車管制號誌,車與車,左轉彎未依規定
11006AC791B0760,20210615,120.176763,23.163099,交通事故,交叉路口,臺南市佳里區東寧里文化路段號中山路,1,晴,50,交岔路,交叉路口,行車管制號誌,車與車,未依規定讓車
11006AC791B0761,20210615,120.172648,23.162152,交通事故,交叉路口,臺南市佳里區文新里公園路段號和平街,2,晴,30,交岔路,交叉路口,無號誌,車與車,未依規定讓車
11006AC791B0909,20210616,120.175254,23.192059,交通事故,其他,臺南市佳里區段號佳興里391-1號前十字路口,1,陰,30,交岔路,交叉路口,無號誌,車與車,未依規定讓車
11006AC791B0963,20210617,120.183918,23.181387,交通事故,其他,臺南市佳里區段號佳興里,1,晴,40,交岔路,交叉路口,行車管制號誌(附設行人專用號誌),車與車,左轉彎未依規定
11006AC791B0992,20210618,120.183872,23.181391,交通事故,無,臺南市佳里區段號,1,晴,50,交岔路,交叉路口,行車管制號誌(附設行人專用號誌),車與車,左轉彎未依規定
11006AC791B1074,20210619,120.179204,23.152249,交通事故,交叉路口,臺南市佳里區鎮山里安南路段28號安南路52,1,晴,30,交岔路,交叉路口,無號誌,車與車,未依規定讓車
11006AC791B1122,20210614,120.176888,23.16032,交通事故,交叉路口,臺南市佳里區東寧里中山路段號中山路292,2,晴,50,交岔路,交叉路口,無號誌,車與車,橫越道路不慎
11006AC791B1127,20210620,120.17614,23.163043,交通事故,一般地址,臺南市佳里區東寧里文化路段241號0,2,晴,50,單路部分,路段,無號誌,車與車,逆向行駛
11006AC791B1146,20210620,120.174196,23.15015,交通事故,交叉路口,臺南市佳里區南勢里祥和二街段號祥和三街231,2,晴,30,交岔路,交叉路口,無號誌,車與車,左轉彎未依規定
11006AC791B1186,20210621,120.200588,23.119371,交通事故,其他,臺南市西港區段號慶安里新興街15巷13號後方未命名道路,1,雨,30,單路部分,路段,無號誌,車與車,未注意車前狀態
11006AC791B1190,20210621,120.208006,23.174864,交通事故,一般地址,臺南市佳里區子龍里子良廟段223-3號0,1,陰,30,交岔路,交叉路口,無號誌,車與車,未依規定讓車
11006AC791B1227,20210621,120.185939,23.150231,交通事故,無,臺南市佳里區段號,1,雨,50,交岔路,交叉路口,行車管制號誌,車與車,未注意車前狀態
11006AC791B1284,20210622,120.203413,23.122982,交通事故,其他,臺南市西港區段號西港里(路燈桿0448)號附近未命名道路路口,1,陰,50,交岔路,交叉路口,行車管制號誌,車與車,未注意車前狀態
11006AC791B1294,20210622,120.179814,23.149218,交通事故,交叉路口,臺南市佳里區鎮山里勝利路段號勝利路167,1,晴,30,交岔路,交叉路口,無號誌,車與車,倒車未依規定
11006AC791B1303,20210622,120.22568,23.142848,交通事故,無,臺南市西港區段號,1,陰,50,交岔路,交叉路口,無號誌,車與車,未保持行車安全距離