案件編號,發生日期,GPS經度,GPS緯度,案件類別名稱,地址類型名稱,發生縣市名稱,受傷人數,天候名稱, 速限-第1當事者,道路型態大類別名稱,事故位置大類別名稱,號誌-號誌種類名稱,事故類型及型態大類別名稱,肇因研判子類別名稱-主要
11006AC791B1309,20210622,120.191362,23.198729,交通事故,其他,臺南市佳里區段號營頂里102號前(佳福寺)前三岔路口,2,陰,30,交岔路,交叉路口,無號誌,車與車,未注意車前狀態
11006AC791B1317,20210622,120.148488,23.151785,交通事故,其他,臺南市七股區段號大埕里大埕108之6號前,2,陰,50,單路部分,路段,無號誌,車與車,起步未注意其他車(人)安全
11006AC791B1344,20210623,120.176888,23.16032,交通事故,交叉路口,臺南市佳里區忠仁里中山路段號新生路,1,雨,50,交岔路,交叉路口,行車管制號誌,車與車,未依規定讓車
11006AC791B1368,20210622,120.12402,23.098913,交通事故,其他,臺南市七股區段號三股里147號往南約100尺十字路口,2,陰,30,交岔路,交叉路口,無號誌,車與車,未依規定讓車
11006AC791B1373,20210622,120.18744,23.164963,交通事故,其他,臺南市佳里區段號六安17-2號信行禪寺前,1,陰,60,單路部分,路段,無號誌,車與車,起步未注意其他車(人)安全
11006AC791B1405,20210621,120.133192,23.089287,交通事故,無,臺南市七股區段號,2,晴,70,單路部分,路段,無號誌,人與汽(機)車,未注意車前狀態
11006AC791B1452,20210624,120.204172,23.114468,交通事故,一般地址,臺南市西港區中山路段59號,5,晴,50,交岔路,交叉路口,行車管制號誌,車與車,其他引起事故之故障
11006AC791B1461,20210624,120.170952,23.159947,交通事故,一般地址,臺南市佳里區文新里安西路段25號,1,晴,50,單路部分,路段,無號誌,汽(機)車本身,未注意車前狀態
11006AC791B1483,20210625,120.180573,23.11494,交通事故,無,臺南市西港區段號,3,陰,50,交岔路,交叉路口,無號誌,車與車,未保持行車安全距離
11006AC791B1506,20210625,120.149298,23.173362,交通事故,交叉路口,臺南市佳里區區道南26線段號區道南29線,1,晴,50,交岔路,交叉路口,無號誌,車與車,未保持行車安全距離
11006AC791B1509,20210625,120.156071,23.149574,交通事故,其他,臺南市佳里區段號塭內里通興高分20右2號電桿前四岔路口,2,陰,30,交岔路,交叉路口,無號誌,車與車,未依規定讓車
11006AC791B1603,20210626,120.188434,23.162271,交通事故,一般地址,臺南市佳里區民安里同安寮段2之17號0,2,晴,40,交岔路,交叉路口,無號誌,車與車,未依規定讓車
11006AC791B1611,20210625,120.187394,23.204085,交通事故,無,臺南市佳里區段號,2,陰,50,交岔路,交叉路口,無號誌,車與車,未保持行車安全距離
11006AC791B1655,20210627,120.193338,23.164424,交通事故,一般地址,臺南市佳里區民安里同安寮段75號0,2,晴,40,交岔路,交叉路口,無號誌,車與車,爭(搶)道行駛
11006AC791B1746,20210623,120.189078,23.14654,交通事故,其他,臺南市佳里區段號鎮山里鎮山94-47號,1,雨,30,交岔路,交叉路口,無號誌,車與車,未注意車前狀態
11006AC791B1753,20210628,120.17764,23.156462,交通事故,一般地址,臺南市佳里區建南里中山路段102號4.5,1,雨,50,單路部分,路段,無號誌,車與車,迴轉未依規定
11006AC791B1769,20210628,120.1078,23.089617,交通事故,無,臺南市七股區段號,1,陰,50,單路部分,路段,無號誌,汽(機)車本身,未注意車前狀態
11006AC791B1808,20210629,120.150612,23.16146,交通事故,交叉路口,臺南市七股區篤加里區道南32線段號區道南29線,1,雨,50,交岔路,交叉路口,行車管制號誌,車與車,違反號誌管制或指揮
11006AC791B1863,20210630,120.165144,23.174671,交通事故,無,臺南市佳里區段號,2,晴,50,單路部分,路段,無號誌,汽(機)車本身,車輪脫落或輪胎爆裂
11006AC791B1901,20210630,120.187888,23.147881,交通事故,其他,臺南市佳里區段號鎮山里94之111號前,1,晴,40,單路部分,路段,無號誌,車與車,未注意車前狀態
11006AC791B1941,20210626,120.202205,23.126122,交通事故,一般地址,臺南市西港區中山路段411號,1,晴,50,單路部分,路段,無號誌,汽(機)車本身,其他引起事故之違規或不當行為
11006AC791B1991,20210609,120.186426,23.11187,交通事故,無,臺南市西港區段號,1,晴,50,交岔路,交叉路口,無號誌,車與車,左轉彎未依規定
11006AC791B2011,20210602,120.154042,23.126897,交通事故,其他,臺南市佳里區段號塭內里蚶寮50之5號前,1,晴,30,單路部分,路段,無號誌,車與車,未注意車前狀態
11006AC791B2018,20210603,120.174815,23.162734,交通事故,一般地址,臺南市佳里區東寧里光復路段268號0,1,晴,50,單路部分,路段,無號誌,車與車,左轉彎未依規定
11006AC791B2031,20210628,120.172651,23.162118,交通事故,其他,臺南市佳里區段號公園路與和平街口,1,陰,30,交岔路,交叉路口,無號誌,車與車,未依規定讓車
11006AC791B2033,20210629,120.177974,23.154913,交通事故,其他,臺南市佳里區段號中山路42號前,1,陰,30,交岔路,交叉路口,無號誌,車與車,未依規定讓車
11006AC791B2036,20210629,120.146984,23.187121,交通事故,其他,臺南市七股區段號後港里港東68-8號附近,1,晴,30,交岔路,交叉路口,無號誌,車與車,未注意車前狀態
11006AC791B2072,20210615,120.173033,23.148651,交通事故,交叉路口,臺南市佳里區南勢里佳南路段號成功路,1,晴,50,交岔路,交叉路口,行車管制號誌,車與車,違反號誌管制或指揮
11006AC791B2084,20210619,120.175511,23.155614,交通事故,交叉路口,臺南市佳里區建南街段號自由街,1,晴,30,交岔路,交叉路口,閃光號誌,車與車,未依規定讓車
11006AC791B2092,20210616,120.203773,23.124429,交通事故,其他,臺南市西港區段號西港國中後未命名道路,1,雨,30,交岔路,交叉路口,無號誌,汽(機)車本身,未注意車前狀態
11006AC791B2105,20210616,120.131525,23.095791,交通事故,無,臺南市七股區段號,1,晴,70,交岔路,交叉路口,行車管制號誌,汽(機)車本身,未注意車前狀態
11006AC791B2106,20210605,120.178242,23.153974,交通事故,交叉路口,臺南市佳里區建南里仁愛路段號勝利路,1,雨,50,交岔路,其他,行車管制號誌,人與汽(機)車,搶越行人穿越道
11006AC791B2110,20210608,120.175902,23.163079,交通事故,交叉路口,臺南市佳里區東寧里文化路段號民生街,1,晴,30,交岔路,交叉路口,無號誌,車與車,未依規定讓車
11006AC791B2113,20210608,120.166368,23.162875,交通事故,一般地址,臺南市佳里區文新里文化路段599號0,1,晴,50,單路部分,路段,無號誌,車與車,未保持行車安全間隔
11006AC791B2130,20210609,120.131562,23.102235,交通事故,其他,臺南市七股區段號永吉里台17公路與南38公路口附近,1,晴,70,單路部分,路段,無號誌,車與車,未保持行車安全距離
11006AC791B2138,20210609,120.1747,23.159909,交通事故,交叉路口,臺南市佳里區文新里光復路段號新生路,1,晴,50,交岔路,交叉路口,行車管制號誌,車與車,未注意車前狀態
11006AC791B2143,20210626,120.184078,23.154256,交通事故,一般地址,臺南市佳里區鎮山里佳東路段98號,1,晴,30,交岔路,交叉路口,無號誌,汽(機)車本身,未注意車前狀態
11006AC791B2184,20210621,120.172961,23.167797,交通事故,交叉路口,臺南市佳里區安西里忠孝路段號安西路,2,陰,50,交岔路,交叉路口,行車管制號誌,車與車,違反號誌管制或指揮
11006AC791B2208,20210611,120.179306,23.155543,交通事故,一般地址,臺南市佳里區鎮山里延平路段80號0,1,晴,50,單路部分,路段,無號誌,車與車,起步未注意其他車(人)安全
11006AC791B2215,20210626,120.166828,23.131867,交通事故,無,臺南市佳里區段號,1,晴,50,單路部分,路段,無號誌,汽(機)車本身,未注意車前狀態
11006AC791B2218,20210615,120.181605,23.19096,交通事故,其他,臺南市佳里區段號佳興里佳里興南24公路6.1公里處,2,雨,50,單路部分,路段,無號誌,車與車,起步未注意其他車(人)安全
11006AC791B2219,20210615,120.176019,23.165514,交通事故,交叉路口,臺南市佳里區六安里忠孝路段號林園街174,2,晴,30,交岔路,交叉路口,無號誌,車與車,左轉彎未依規定
11006AC791B2223,20210615,120.134651,23.145125,交通事故,其他,臺南市七股區段號玉成里台17公路157.2公里處,2,晴,70,交岔路,交叉路口,行車管制號誌,車與車,違反號誌管制或指揮
11006AC791B2232,20210620,120.163877,23.163166,交通事故,其他,臺南市佳里區段號安西里文化路736號後方路口,1,晴,30,交岔路,交叉路口,無號誌,車與車,未依規定讓車
11006AC791B2233,20210621,120.143844,23.102466,交通事故,其他,臺南市七股區段號義合里義合66之12號前,1,晴,50,交岔路,交叉路口,行車管制號誌,車與車,未依規定讓車
11006AC791B2234,20210622,120.138308,23.160138,交通事故,其他,臺南市七股區段號篤加里篤加南32公路0.8公里處,3,雨,50,單路部分,路段,無號誌,車與車,未保持行車安全距離
11006AC791B2235,20210626,120.216949,23.139135,交通事故,其他,臺南市西港區段號西港區後營里後營389號前,2,晴,50,交岔路,交叉路口,行車管制號誌,車與車,違反號誌管制或指揮
11006AC791B2236,20210627,120.133262,23.133698,交通事故,其他,臺南市七股區段號七股里七股154之1號前,1,晴,50,單路部分,路段,無號誌,汽(機)車本身,其他引起事故之違規或不當行為
11006AC791B2253,20210630,120.198292,23.12054,交通事故,一般地址,臺南市西港區慶安路段193號,1,晴,50,單路部分,路段,無號誌,汽(機)車本身,未注意車前狀態
11006AC7O1A0014,20210628,120.161556,23.183682,交通事故,其他,臺南市佳里區段號海澄里,1,雨,30,交岔路,交叉路口,閃光號誌,車與車,未依規定讓車
11006AC7X1B2120,20210627,120.171169,23.16518,交通事故,其他,臺南市佳里區段號安西路與光華街口,1,雨,50,交岔路,交叉路口,行車管制號誌,汽(機)車本身,酒醉(後)駕駛失控
11006AC893A0005,20210608,120.180327,23.264679,交通事故,無,臺南市學甲區段號,1,晴,100,單路部分,路段,無號誌,人與汽(機)車,未注意車前狀態
11006AC893B0029,20210601,120.157529,23.195566,交通事故,其他,臺南市將軍區段號長榮里路燈041996號前,1,晴,50,交岔路,交叉路口,閃光號誌,車與車,未依規定讓車
11006AC893B0030,20210601,120.191458,23.214584,交通事故,其他,臺南市學甲區段號豐和里美南高幹34號前,1,晴,50,單路部分,路段,無號誌,汽(機)車本身,未注意車前狀態
11006AC893B0204,20210604,120.176809,23.232529,交通事故,一般地址,臺南市學甲區明宜里民權路段160號,1,晴,50,單路部分,路段,無號誌,車與車,未注意車前狀態
11006AC893B0270,20210606,120.192137,23.246282,交通事故,交叉路口,臺南市學甲區新達里中正路段號興業路,2,雨,50,交岔路,交叉路口,行車管制號誌,車與車,未保持行車安全間隔
11006AC893B0327,20210607,120.120325,23.216402,交通事故,交叉路口,臺南市將軍區廣山里區道南312線段號區道南20線,1,晴,50,交岔路,交叉路口,行車管制號誌,車與車,違反號誌管制或指揮
11006AC893B0422,20210609,120.183655,23.234594,交通事故,其他,臺南市學甲區段號新達里法源路5-2號旁巷道口,1,晴,30,交岔路,交叉路口,無號誌,車與車,未依規定讓車
11006AC893B0483,20210610,120.156811,23.245649,交通事故,其他,臺南市學甲區段號中洲里中洲334號前路口,1,晴,30,交岔路,交叉路口,無號誌,車與車,未依規定讓車
11006AC893B0540,20210611,120.15816,23.195873,交通事故,交叉路口,臺南市將軍區長榮里區道南19線段號區道南24線,2,晴,50,交岔路,交叉路口,無號誌,車與車,未依規定減速
11006AC893B0560,20210611,120.125633,23.262533,交通事故,無,臺南市北門區段號,1,晴,50,交岔路,交叉路口,行車管制號誌,汽(機)車本身,其他引起事故之違規或不當行為
11006AC893B0741,20210611,120.093928,23.18954,交通事故,無,臺南市將軍區段號,1,晴,50,單路部分,路段,無號誌,人與汽(機)車,未注意車前狀態
11006AC893B0763,20210615,120.188732,23.22627,交通事故,交叉路口,臺南市學甲區新榮里中華路段號寶發路,1,晴,50,交岔路,交叉路口,行車管制號誌,車與車,左轉彎未依規定
11006AC893B0805,20210615,120.133326,23.288833,交通事故,其他,臺南市北門區段號蚵寮里保安高幹1號前,1,晴,50,交岔路,交叉路口,無號誌,車與車,未依規定讓車
11006AC893B0835,20210616,120.126402,23.269723,交通事故,交叉路口,臺南市北門區北門里省道臺17線段號市道171線,1,陰,50,交岔路,交叉路口,行車管制號誌,車與車,未依規定讓車
11006AC893B0880,20210616,120.158107,23.19583,交通事故,交叉路口,臺南市將軍區西甲里區道南19線段號區道南24線,1,晴,50,交岔路,交叉路口,無號誌,車與車,未保持行車安全距離
11006AC893B0965,20210617,120.198804,23.275634,交通事故,其他,臺南市學甲區段號三慶里南14線臺電紅茄高幹57右3號電桿前,1,晴,50,單路部分,路段,無號誌,汽(機)車本身,其他引起事故之違規或不當行為
11006AC893B1043,20210618,120.089852,23.18957,交通事故,其他,臺南市將軍區段號鯤鯓里鯤鯓204之4號,2,晴,30,交岔路,交叉路口,無號誌,車與車,未依規定讓車
11006AC893B1044,20210618,120.165562,23.243083,交通事故,其他,臺南市學甲區段號光華里光華活動中心,1,晴,50,交岔路,交叉路口,無號誌,車與車,未依規定讓車
11006AC893B1091,20210619,120.137038,23.288101,交通事故,其他,臺南市北門區段號蚵寮里蚵寮667號前路口,1,晴,30,交岔路,交叉路口,無號誌,車與車,未依規定讓車
11006AC893B1097,20210619,120.180327,23.264679,交通事故,其他,臺南市學甲區段號頭港里台84線東向3.9公里,1,晴,90,單路部分,路段,無號誌,汽(機)車本身,未注意車前狀態
11006AC893B1159,20210620,120.165382,23.222672,交通事故,其他,臺南市將軍區段號苓仔寮里苓和G008號路燈桿前路口,1,陰,30,交岔路,交叉路口,無號誌,車與車,未依規定讓車
11006AC893B1497,20210625,120.218962,23.23037,交通事故,其他,臺南市學甲區段號新達里84線下便道P61前,1,晴,40,交岔路,交叉路口,行車管制號誌,車與車,違反號誌管制或指揮
11006AC893B1542,20210625,120.124706,23.264544,交通事故,其他,臺南市北門區段號北門里舊埕3號前,1,雨,50,交岔路,交叉路口,閃光號誌,汽(機)車本身,未注意車前狀態
11006AC893B1853,20210628,120.125487,23.215604,交通事故,其他,臺南市將軍區段號玉山里南312線3公里,1,雨,50,單路部分,路段,無號誌,車與車,未注意車前狀態
11006AC8M1B1065,20210619,120.182917,23.228597,交通事故,其他,臺南市學甲區段號華宗與自強路口,2,晴,30,交岔路,交叉路口,行車管制號誌(附設行人專用號誌),車與車,尚未發現肇事因素
11006AC8S1B0829,20210608,120.158711,23.293609,交通事故,其他,臺南市北門區段號錦湖里南2線鄉道5K處,1,晴,50,單路部分,路段,無號誌,汽(機)車本身,酒醉(後)駕駛失控
11006AC8W1B1293,20210617,120.170477,23.25538,交通事故,其他,臺南市學甲區段號五號道路寶西高幹30前,1,雨,50,單路部分,路段,無號誌,車與車,未保持行車安全距離
11006AC991B0003,20210601,120.299145,23.132501,交通事故,交叉路口,臺南市善化區光文里中山路段號信義路,2,晴,50,交岔路,交叉路口,行車管制號誌,車與車,未依規定讓車
11006AC991B0008,20210601,120.259901,23.089169,交通事故,一般地址,臺南市新市區豐華里區道南134線段豐華47-7號0,1,晴,50,交岔路,路段,行車管制號誌,車與車,未注意車前狀態
11006AC991B0016,20210601,120.296206,23.120488,交通事故,交叉路口,臺南市善化區文昌里建國路段7899號中正路66,2,陰,30,交岔路,交叉路口,無號誌,車與車,未依規定讓車
11006AC991B0041,20210602,120.404639,23.141015,交通事故,交叉路口,臺南市大內區二溪里市道178線段號省道臺84線快速公路,1,晴,50,交岔路,交叉路口,無號誌,車與車,未依規定讓車
11006AC991B0067,20210601,120.298295,23.072075,交通事故,交叉路口,臺南市新市區永就里中山路段號光華街,3,晴,50,交岔路,交叉路口,行車管制號誌,車與車,違反號誌管制或指揮
11006AC991B0068,20210602,120.313817,23.128507,交通事故,一般地址,臺南市善化區小新里成功路段173之1號0,1,晴,50,交岔路,交叉路口,行車管制號誌,車與車,違反號誌管制或指揮
11006AC991B0074,20210602,120.289435,23.132512,交通事故,交叉路口,臺南市善化區頂街里中山路段號中華路,2,晴,50,交岔路,交叉路口,行車管制號誌,車與車,未注意車前狀態
11006AC991B0090,20210603,120.277009,23.077237,交通事故,一般地址,臺南市新市區社內里社內段207之1號0,1,晴,30,交岔路,交叉路口,閃光號誌,車與車,未依規定讓車
11006AC991B0092,20210603,120.295474,23.130111,交通事故,交叉路口,臺南市善化區坐駕里青年路段號民生路,2,晴,50,交岔路,交叉路口,閃光號誌,車與車,未依規定讓車
11006AC991B0096,20210603,120.295152,23.078783,交通事故,交叉路口,臺南市新市區新和里中興街段號光華街,1,晴,50,交岔路,交叉路口,行車管制號誌,車與車,未保持行車安全距離
11006AC991B0098,20210603,120.255597,23.070581,交通事故,交叉路口,臺南市新市區大洲里區道南135線段號大洲排水線側車道大洲里大洲2號橋,1,晴,50,交岔路,交叉路口,行車管制號誌,車與車,左轉彎未依規定
11006AC991B0099,20210601,120.28518,23.077338,交通事故,交叉路口,臺南市新市區社內里區道南135線段號富安一街,1,晴,50,交岔路,交叉路口,行車管制號誌,車與車,未注意車前狀態
11006AC991B0135,20210602,120.306738,23.116789,交通事故,交叉路口,臺南市善化區蓮潭里蓮潭北二街段號陽光二路,1,晴,50,交岔路,交叉路口,無號誌,車與車,未依規定讓車
11006AC991B0136,20210601,120.211319,23.072855,交通事故,一般地址,臺南市安定區中沙里中工二路段沙崙30號0,2,晴,50,單路部分,路段,無號誌,車與車,未保持行車安全距離
11006AC991B0162,20210604,120.326689,23.099773,交通事故,一般地址,臺南市新市區大社里區道南140線段大社485號0,2,晴,50,交岔路,交叉路口,無號誌,車與車,未保持行車安全距離
11006AC991B0165,20210604,120.255238,23.071569,交通事故,一般地址,臺南市新市區大洲里區道南135線段號0大洲里南135線(大洲高幹108電桿),1,晴,50,單路部分,路段,無號誌,汽(機)車本身,未注意車前狀態
11006AC991B0173,20210604,120.30003,23.080294,交通事故,交叉路口,臺南市新市區港墘里永漢路段號興業路,1,晴,50,交岔路,交叉路口,閃光號誌,車與車,未保持行車安全距離
11006AC991B0179,20210604,120.291281,23.081847,交通事故,交叉路口,臺南市新市區新和里富安五街段號富中街,1,晴,30,交岔路,交叉路口,閃光號誌,車與車,未依規定讓車
11006AC991B0187,20210603,120.297419,23.077579,交通事故,一般地址,臺南市新市區港墘里南昌街段62號0,1,晴,40,交岔路,交叉路口,無號誌,車與車,未注意車前狀態
11006AC991B0222,20210605,120.289433,23.132481,交通事故,交叉路口,臺南市善化區頂街里中山路段號中華路,1,雨,50,交岔路,交叉路口,行車管制號誌,車與車,未依規定讓車
11006AC991B0256,20210605,120.294595,23.07962,交通事故,一般地址,臺南市新市區新市里中正路段331-1號0,1,雨,50,單路部分,路段,無號誌,車與車,未注意車前狀態
11006AC991B0277,20210606,120.29519,23.077161,交通事故,交叉路口,臺南市新市區新市里華興街段號華興街15,1,雨,50,交岔路,交叉路口,無號誌,汽(機)車本身,未注意車前狀態
11006AC991B0279,20210606,120.320002,23.130196,交通事故,一般地址,臺南市善化區小新里省道臺1線段號0小新里台1線313.2K附近路口,3,陰,40,交岔路,交叉路口,行車管制號誌,車與車,違反號誌管制或指揮
11006AC991B0302,20210607,120.288492,23.121751,交通事故,交叉路口,臺南市善化區文昌里中正路段153號文昌路107,2,晴,30,交岔路,交叉路口,無號誌,車與車,未依規定讓車
11006AC991B0325,20210604,120.362702,23.11727,交通事故,一般地址,臺南市大內區內江里市道178線段內庄236號0,2,陰,50,交岔路,交叉路口,無號誌,車與車,未依規定讓車
11006AC991B0330,20210603,120.295215,23.062759,交通事故,一般地址,臺南市新市區永就里中華路段180號0,2,晴,50,單路部分,路段,行車管制號誌,車與車,未保持行車安全距離
11006AC991B0333,20210607,120.297893,23.132276,交通事故,交叉路口,臺南市善化區光文里中山路段號和平路,2,晴,50,交岔路,交叉路口,行車管制號誌,車與車,未依規定讓車
11006AC991B0352,20210607,120.245233,23.118395,交通事故,一般地址,臺南市安定區安加里市道178線段號0安定交流道下,1,晴,50,交岔路,路段,無號誌,車與車,未保持行車安全距離
11006AC991B0371,20210608,120.334772,23.082221,交通事故,一般地址,臺南市新市區潭頂里區道南175線段號0,1,晴,50,單路部分,路段,無號誌,車與車,未保持行車安全距離
11006AC991B0376,20210608,120.289707,23.132438,交通事故,一般地址,臺南市善化區東關里中山路段465號0,1,晴,50,單路部分,路段,無號誌,車與車,起步未注意其他車(人)安全
11006AC991B0408,20210609,120.317325,23.090254,交通事故,一般地址,臺南市新市區大社里區道南177線段大社335號0,1,晴,50,交岔路,交叉路口,無號誌,車與車,未保持行車安全間隔
11006AC991B0412,20210609,120.284023,23.077214,交通事故,一般地址,臺南市新市區社內里區道南135線段社內74-6號0,1,晴,50,單路部分,路段,無號誌,車與車,未依規定讓車
11006AC991B0429,20210607,120.287031,23.153021,交通事故,交叉路口,臺南市善化區溪美里省道臺19甲線段號區道南122線,1,雨,50,交岔路,交叉路口,行車管制號誌,車與車,未依規定讓車
11006AC991B0448,20210608,120.295953,23.130167,交通事故,一般地址,臺南市善化區坐駕里民生路段403號,1,晴,50,單路部分,路段,無號誌,汽(機)車本身,疲勞(患病)駕駛失控
11006AC991B0452,20210607,120.277277,23.080417,交通事故,一般地址,臺南市新市區社內里新港社大道段號0社內里新港社大道路燈58-2-4處,1,晴,50,單路部分,路段,無號誌,車與車,未保持行車安全距離
11006AC991B0457,20210602,120.285552,23.133225,交通事故,一般地址,臺南市善化區文正里中山路段550之3號0,1,晴,30,交岔路,交叉路口,無號誌,車與車,未依規定讓車
11006AC991B0461,20210610,120.209959,23.093986,交通事故,一般地址,臺南市安定區海寮里省道臺19線段海寮7之5號0,1,晴,40,單路部分,路段,無號誌,車與車,未注意車前狀態
11006AC991B0462,20210609,120.227195,23.09647,交通事故,一般地址,臺南市安定區港口里區道南134線段港口333-7號0,2,晴,50,單路部分,路段,無號誌,人與汽(機)車,穿越道路未注意左右來車
11006AC991B0468,20210610,120.222428,23.084645,交通事故,一般地址,臺南市安定區嘉同里大同段19419號0,2,晴,30,交岔路,交叉路口,無號誌,車與車,未依規定讓車
11006AC991B0484,20210609,120.309736,23.118278,交通事故,交叉路口,臺南市善化區蓮潭里陽光三路段號蓮潭北三街,1,晴,30,交岔路,交叉路口,無號誌,車與車,未依規定讓車
11006AC991B0506,20210610,120.295387,23.082583,交通事故,交叉路口,臺南市新市區新市里復興路段號富林路,1,晴,50,交岔路,交叉路口,行車管制號誌,車與車,起步未注意其他車(人)安全
11006AC991B0514,20210610,120.246872,23.120327,交通事故,交叉路口,臺南市安定區安加里市道178線段號安定東路,1,晴,50,交岔路,交叉路口,行車管制號誌,汽(機)車本身,未注意車前狀態
11006AC991B0525,20210609,120.261434,23.071,交通事故,一般地址,臺南市新市區大洲里區道南135線段大洲31號0,2,晴,50,單路部分,路段,無號誌,車與車,起步未注意其他車(人)安全
11006AC991B0526,20210611,120.291687,23.128247,交通事故,交叉路口,臺南市善化區文昌里大同路段號光復路,2,晴,50,交岔路,交叉路口,行車管制號誌,車與車,未依規定讓車
11006AC991B0528,20210611,120.294315,23.082337,交通事故,一般地址,臺南市新市區新和里富林路段29號0,2,晴,50,單路部分,路段,無號誌,車與車,逆向行駛
11006AC991B0533,20210610,120.295435,23.126896,交通事故,一般地址,臺南市善化區坐駕里興華路段275號,1,陰,50,單路部分,路段,行車管制號誌,汽(機)車本身,其他引起事故之違規或不當行為
11006AC991B0561,20210611,120.269892,23.080046,交通事故,一般地址,臺南市新市區大洲里大洲段1之120號,1,陰,30,單路部分,路段,無號誌,汽(機)車本身,未注意車前狀態
11006AC991B0587,20210612,120.26702,23.166627,交通事故,一般地址,臺南市善化區溪美里省道臺19甲線段號0,2,晴,40,單路部分,路段,無號誌,車與車,違規超車
11006AC991B0603,20210612,120.259152,23.106705,交通事故,交叉路口,臺南市善化區南關里樹谷大道段號木柵港西路,1,晴,60,交岔路,交叉路口,行車管制號誌,車與車,違反號誌管制或指揮
11006AC991B0620,20210612,120.326107,23.125142,交通事故,交叉路口,臺南市善化區嘉南里市道178線段號區道南129線,1,陰,60,交岔路,交叉路口,行車管制號誌,車與車,違反號誌管制或指揮
11006AC991B0647,20210602,120.25052,23.121115,交通事故,一般地址,臺南市安定區安加里安定東路段號0安定東路5-40道路編號8燈桿旁,1,晴,50,單路部分,路段,無號誌,車與車,未保持行車安全間隔
11006AC991B0665,20210613,120.303165,23.131846,交通事故,一般地址,臺南市善化區光文里忠孝路段32號0,2,晴,50,單路部分,路段,行車管制號誌,車與車,違反特定標誌(線)禁制
11006AC991B0678,20210613,120.393974,23.120716,交通事故,一般地址,臺南市大內區二溪里市道178線段號0二溪里南182線二溪國小前,2,晴,30,交岔路,交叉路口,閃光號誌,車與車,未依規定讓車
11006AC991B0692,20210601,120.208423,23.099933,交通事故,一般地址,臺南市安定區海寮里省道臺19線段海寮134之28號0,1,陰,50,單路部分,路段,無號誌,汽(機)車本身,不明原因肇事
11006AC991B0698,20210608,120.317329,23.090163,交通事故,一般地址,臺南市新市區大社里區道南177線段大社624號0,2,陰,50,交岔路,交叉路口,無號誌,車與車,未依規定讓車
11006AC991B0706,20210611,120.222265,23.080586,交通事故,一般地址,臺南市安定區嘉同里六塊寮段43之1號0,3,晴,30,交岔路,交叉路口,無號誌,車與車,未依規定讓車
11006AC991B0731,20210614,120.298473,23.064878,交通事故,一般地址,臺南市新市區永就里中華路段53號0永就里中華路53巷(永新高幹20左11N0903BD15),1,晴,30,單路部分,路段,無號誌,汽(機)車本身,未注意車前狀態
11006AC991B0770,20210615,120.191937,23.081684,交通事故,交叉路口,臺南市安定區新吉里新吉五路段號安新一路,1,雨,50,交岔路,交叉路口,行車管制號誌,汽(機)車本身,未注意車前狀態
11006AC991B0793,20210615,120.26592,23.135158,交通事故,一般地址,臺南市善化區胡厝里烏橋中路段號0,1,晴,50,交岔路,交叉路口,無號誌,車與車,未依規定讓車
11006AC991B0795,20210615,120.288315,23.128254,交通事故,交叉路口,臺南市善化區南關里文昌路段號永安路,1,雨,50,交岔路,交叉路口,行車管制號誌,車與車,違反號誌管制或指揮
11006AC991B0801,20210613,120.245737,23.129833,交通事故,一般地址,臺南市安定區蘇厝里曾文溪堤側車道段蘇厝504號0,1,晴,30,交岔路,交叉路口,無號誌,車與車,未注意車前狀態
11006AC991B0825,20210616,120.264661,23.137838,交通事故,一般地址,臺南市善化區胡厝里區道南122線段號0胡厝里南122線(烏橋中路東側50公尺),1,雨,50,單路部分,路段,無號誌,汽(機)車本身,未注意車前狀態
11006AC991B0836,20210616,120.293203,23.128817,交通事故,一般地址,臺南市善化區文昌里光復路段32號0,1,雨,50,交岔路,交叉路口,行車管制號誌,汽(機)車本身,未注意車前狀態
11006AC991B0846,20210615,120.323383,23.138814,交通事故,交叉路口,臺南市善化區嘉南里區道南124線段號省道臺1線,1,晴,50,交岔路,交叉路口,行車管制號誌,車與車,未依規定讓車
11006AC991B0859,20210615,120.304447,23.065307,交通事故,一般地址,臺南市新市區永就里永就段45-15號,1,雨,30,單路部分,路段,無號誌,車與車,起步未注意其他車(人)安全
11006AC991B0864,20210616,120.30203,23.131052,交通事故,交叉路口,臺南市善化區光文里民生路段號仁愛路,0,晴,50,交岔路,交叉路口,無號誌,車與車,左轉彎未依規定
11006AC991B0866,20210616,120.29806,23.075257,交通事故,一般地址,臺南市新市區港墘里華美街段71號0,1,晴,30,交岔路,交叉路口,無號誌,人與汽(機)車,穿越道路未注意左右來車
11006AC991B0874,20210616,120.295368,23.130834,交通事故,交叉路口,臺南市善化區坐駕里民權路段號青年路,1,晴,50,交岔路,交叉路口,無號誌,車與車,左轉彎未依規定
11006AC991B0877,20210608,120.287085,23.065039,交通事故,一般地址,臺南市新市區新和里中山路段號0新和里臺1線東寮高幹25附近,2,晴,40,單路部分,路段,無號誌,車與車,未保持行車安全距離
11006AC991B0883,20210616,120.208478,23.103277,交通事故,一般地址,臺南市安定區海寮里曾文溪堤側車道段號0海寮里西港大橋下,1,雨,50,交岔路,路段,無號誌,汽(機)車本身,未依規定減速
11006AC991B0887,20210614,120.298472,23.073817,交通事故,交叉路口,臺南市新市區港墘里華美街段號長安街,1,晴,50,交岔路,交叉路口,閃光號誌,車與車,未依規定讓車
11006AC991B0890,20210616,120.304963,23.133298,交通事故,一般地址,臺南市善化區光文里中山路段15766號0,1,晴,50,單路部分,路段,無號誌,車與車,未注意車前狀態