案件編號,發生日期,GPS經度,GPS緯度,案件類別名稱,地址類型名稱,發生縣市名稱,受傷人數,天候名稱, 速限-第1當事者,道路型態大類別名稱,事故位置大類別名稱,號誌-號誌種類名稱,事故類型及型態大類別名稱,肇因研判子類別名稱-主要
11006AC991B0907,20210617,120.254556,23.072214,交通事故,一般地址,臺南市新市區大洲里區道南135線段號0,1,陰,25,單路部分,路段,無號誌,汽(機)車本身,未注意車前狀態
11006AC991B0935,20210616,120.279994,23.067645,交通事故,交叉路口,臺南市新市區社內里新港社大道段號南科聯絡道社內里新港社大道(速邁樂加油站前),1,雨,50,交岔路,交叉路口,行車管制號誌,汽(機)車本身,未注意車前狀態
11006AC991B0937,20210617,120.200591,23.086154,交通事故,一般地址,臺南市安定區新吉里國道8號側車道段新吉286之7號0,1,陰,40,單路部分,路段,無號誌,汽(機)車本身,未注意車前狀態
11006AC991B0939,20210616,120.304645,23.090147,交通事故,一般地址,臺南市新市區大營里豐榮段13971號0,1,晴,40,交岔路,交叉路口,無號誌,車與車,未依規定讓車
11006AC991B0947,20210616,120.318264,23.11522,交通事故,一般地址,臺南市善化區小新里省道臺1線段小新營463號0,1,晴,50,單路部分,路段,無號誌,汽(機)車本身,未注意車前狀態
11006AC991B0950,20210605,120.299953,23.132561,交通事故,一般地址,臺南市善化區光文里中山路段203號0,1,陰,50,單路部分,路段,無號誌,車與車,未依規定讓車
11006AC991B0951,20210610,120.253883,23.117014,交通事故,一般地址,臺南市安定區蘇厝里直加弄大道段號0蘇厝里直加弄大道,1,陰,40,單路部分,路段,無號誌,汽(機)車本身,未注意車前狀態
11006AC991B0954,20210617,120.288133,23.078393,交通事故,一般地址,臺南市新市區社內里富林路段號0,2,晴,50,單路部分,路段,無號誌,車與車,起步未注意其他車(人)安全
11006AC991B0960,20210607,120.293626,23.134471,交通事故,交叉路口,臺南市善化區東關里建國路段號中正路,1,陰,50,交岔路,交叉路口,行車管制號誌,車與車,違反號誌管制或指揮
11006AC991B0964,20210616,120.296925,23.129478,交通事故,交叉路口,臺南市善化區坐駕里大成路段號建國路,2,晴,50,交岔路,交叉路口,行車管制號誌,車與車,逆向行駛
11006AC991B0971,20210616,120.289745,23.074146,交通事故,交叉路口,臺南市新市區新和里信義街段號銘傳街,1,晴,50,交岔路,交叉路口,行車管制號誌,車與車,未注意車前狀態
11006AC991B0975,20210603,120.315023,23.075967,交通事故,一般地址,臺南市新市區潭頂里區道南138線段潭頂544-6號0,1,晴,50,單路部分,路段,無號誌,汽(機)車本身,未注意車前狀態
11006AC991B0986,20210618,120.3194,23.084284,交通事故,一般地址,臺南市新市區大社里區道南177線段大社985之7號0,1,晴,50,交岔路,交叉路口,無號誌,汽(機)車本身,未注意車前狀態
11006AC991B0998,20210618,120.266082,23.089765,交通事故,一般地址,臺南市新市區豐華里區道南134線段號0豐華里南134區道,1,晴,50,交岔路,交叉路口,無號誌,車與車,未依規定讓車
11006AC991B1007,20210612,120.211456,23.079489,交通事故,一般地址,臺南市安定區中沙里省道臺19線段中崙37之2號0,2,晴,40,單路部分,路段,無號誌,車與車,疲勞(患病)駕駛失控
11006AC991B1015,20210618,120.326759,23.099854,交通事故,一般地址,臺南市新市區大社里區道南140線段大社485號0,2,晴,50,交岔路,交叉路口,無號誌,車與車,未注意車前狀態
11006AC991B1021,20210618,120.295545,23.080107,交通事故,交叉路口,臺南市新市區新市里復興路段6號復興路,2,晴,50,交岔路,交叉路口,行車管制號誌,車與車,未依規定讓車
11006AC991B1051,20210618,120.293764,23.076975,交通事故,交叉路口,臺南市新市區新和里仁愛街段號華興街,1,晴,50,交岔路,交叉路口,行車管制號誌,車與車,未依規定讓車
11006AC991B1053,20210618,120.319316,23.128666,交通事故,一般地址,臺南市善化區小新里省道臺1線段成功新村65號0小新里成功新村65號,1,晴,50,交岔路,交叉路口,行車管制號誌,汽(機)車本身,未注意車前狀態
11006AC991B1073,20210619,120.29594,23.076114,交通事故,一般地址,臺南市新市區新市里光華街段105之5號,1,晴,50,單路部分,路段,無號誌,車與車,未注意車前狀態
11006AC991B1125,20210620,120.419688,23.146314,交通事故,一般地址,臺南市大內區環湖里區道南182線段環湖59-1號0,1,雨,50,交岔路,交叉路口,無號誌,車與車,未依規定讓車
11006AC991B1133,20210620,120.276479,23.075215,交通事故,交叉路口,臺南市新市區社內里區道南135線段號新港社大道,1,雨,50,交岔路,交叉路口,行車管制號誌,車與車,未依規定讓車
11006AC991B1164,20210611,120.253884,23.103906,交通事故,交叉路口,臺南市新市區豐華里木柵港西路段號曼陀林路,1,晴,50,交岔路,交叉路口,行車管制號誌,車與車,未依規定讓車
11006AC991B1185,20210612,120.302458,23.132844,交通事故,一般地址,臺南市善化區光文里中山路段113號,1,陰,50,單路部分,路段,無號誌,車與車,未依規定讓車
11006AC991B1189,20210621,120.28823,23.131834,交通事故,交叉路口,臺南市善化區頂街里復興街段號三民路,1,雨,30,交岔路,交叉路口,無號誌,車與車,未依規定讓車
11006AC991B1224,20210621,120.294753,23.106333,交通事故,交叉路口,臺南市新市區三舍里西拉雅大道段號省道臺19甲線,1,雨,50,交岔路,交叉路口,行車管制號誌,車與車,違反特定標誌(線)禁制
11006AC991B1248,20210614,120.296802,23.131059,交通事故,交叉路口,臺南市善化區光文里建國路段號民權路,1,晴,50,交岔路,交叉路口,行車管制號誌,汽(機)車本身,尚未發現肇事因素
11006AC991B1253,20210615,120.294095,23.12533,交通事故,交叉路口,臺南市善化區文昌里中正路段號中正路232,1,晴,50,交岔路,交叉路口,無號誌,車與車,未保持行車安全距離
11006AC991B1254,20210613,120.289031,23.135703,交通事故,一般地址,臺南市善化區文正里進學路段63號0,1,晴,40,單路部分,其他,閃光號誌,汽(機)車本身,酒醉(後)駕駛失控
11006AC991B1257,20210619,120.26816,23.165752,交通事故,交叉路口,臺南市善化區溪美里省道臺19甲線段號溪尾溪美里臺19甲線與未命名道路口,1,晴,50,交岔路,交叉路口,行車管制號誌,車與車,未依規定讓車
11006AC991B1268,20210621,120.294317,23.115044,交通事故,一般地址,臺南市善化區文昌里省道臺19甲線段益民寮1號0,2,雨,40,單路部分,路段,無號誌,車與車,未保持行車安全距離
11006AC991B1276,20210621,120.287396,23.077311,交通事故,一般地址,臺南市新市區社內里區道南135線段社內2-5號0,2,陰,50,單路部分,路段,無號誌,車與車,未保持行車安全距離
11006AC991B1280,20210622,120.293977,23.130163,交通事故,交叉路口,臺南市善化區坐駕里光明路段號中正路,2,陰,50,交岔路,交叉路口,行車管制號誌,車與車,未依規定讓車
11006AC991B1295,20210622,120.29166,23.128237,交通事故,交叉路口,臺南市善化區文昌里光復路段號大同路,1,陰,50,交岔路,交叉路口,行車管制號誌,汽(機)車本身,未注意車前狀態
11006AC991B1301,20210622,120.292532,23.078856,交通事故,一般地址,臺南市新市區新市里中正路段320號0,1,陰,30,交岔路,交叉路口,無號誌,車與車,未依規定讓車
11006AC991B1315,20210615,120.28774,23.07745,交通事故,一般地址,臺南市新市區社內里區道南135線段社內2之3號0,1,晴,50,單路部分,路段,無號誌,車與車,未保持行車安全距離
11006AC991B1329,20210619,120.326784,23.093613,交通事故,一般地址,臺南市新市區大社里大社段號0大社里高分東大社16電桿旁,1,陰,30,交岔路,交叉路口,無號誌,車與車,未依規定讓車
11006AC991B1336,20210623,120.294967,23.092717,交通事故,一般地址,臺南市新市區三舍里省道臺19甲線段三舍151-19號0,1,晴,70,單路部分,路段,無號誌,汽(機)車本身,未注意車前狀態
11006AC991B1349,20210623,120.235903,23.097517,交通事故,交叉路口,臺南市安定區港口里市道178線段414之10號0定安路,2,雨,40,交岔路,交叉路口,行車管制號誌,車與車,違反號誌管制或指揮
11006AC991B1364,20210622,120.221035,23.078709,交通事故,一般地址,臺南市安定區嘉同里六塊寮段67-30號0,1,雨,40,交岔路,交叉路口,行車管制號誌,車與車,不明原因肇事
11006AC991B1376,20210623,120.289594,23.055352,交通事故,一般地址,臺南市新市區永就里區道南144線段號0,1,雨,50,單路部分,路段,無號誌,車與車,未保持行車安全距離
11006AC991B1394,20210623,120.292769,23.077474,交通事故,一般地址,臺南市新市區新市里中正路段268號0,1,雨,30,單路部分,路段,無號誌,汽(機)車本身,未注意車前狀態
11006AC991B1418,20210604,120.321069,23.132939,交通事故,一般地址,臺南市善化區嘉南里省道臺1線段茄拔302-2號0,1,晴,50,交岔路,交叉路口,無號誌,車與車,未依規定讓車
11006AC991B1423,20210619,120.28518,23.077362,交通事故,交叉路口,臺南市新市區社內里區道南135線段號富安一街,1,陰,50,交岔路,交叉路口,行車管制號誌,人與汽(機)車,未注意車前狀態
11006AC991B1429,20210624,120.276182,23.07507,交通事故,交叉路口,臺南市新市區社內里區道南135線段號新港社大道,1,晴,50,交岔路,交叉路口,行車管制號誌,車與車,未注意車前狀態
11006AC991B1431,20210624,120.291419,23.068704,交通事故,交叉路口,臺南市新市區新和里延平街段號仁愛街,2,晴,50,交岔路,交叉路口,行車管制號誌,車與車,未依規定讓車
11006AC991B1434,20210617,120.262175,23.104567,交通事故,一般地址,臺南市新市區豐華里中心東路段號0豐華里中心東路上,1,雨,50,單路部分,路段,無號誌,車與車,未依規定讓車
11006AC991B1436,20210624,120.239668,23.113467,交通事故,一般地址,臺南市安定區安加里安定段258-78號0,1,晴,40,交岔路,交叉路口,無號誌,車與車,未依規定讓車
11006AC991B1443,20210624,120.300738,23.074244,交通事故,交叉路口,臺南市新市區港墘里中山路段號長安街,1,晴,40,交岔路,交叉路口,行車管制號誌,車與車,未注意車前狀態
11006AC991B1473,20210624,120.307851,23.12425,交通事故,一般地址,臺南市善化區小新里區道南130線段號0小新里(小新高幹21號電桿)路段,1,雨,30,交岔路,交叉路口,無號誌,汽(機)車本身,未注意車前狀態
11006AC991B1481,20210624,120.292483,23.130215,交通事故,交叉路口,臺南市善化區文昌里永福路段號大信路,1,陰,50,交岔路,交叉路口,無號誌,車與車,未依規定讓車
11006AC991B1503,20210624,120.295301,23.08943,交通事故,一般地址,臺南市新市區三舍里省道臺19甲線段三舍28-7號0,1,晴,50,交岔路,交叉路口,行車管制號誌,車與車,未依規定讓車
11006AC991B1525,20210625,120.313439,23.135831,交通事故,一般地址,臺南市善化區光文里北子店段70之6號,1,晴,30,單路部分,路段,無號誌,汽(機)車本身,未注意車前狀態
11006AC991B1527,20210625,120.296192,23.120514,交通事故,交叉路口,臺南市善化區文昌里建國路段78號中正路66,1,晴,30,交岔路,交叉路口,無號誌,車與車,未依規定讓車
11006AC991B1533,20210624,120.283065,23.1393,交通事故,一般地址,臺南市善化區什乃里什乃段127之2號0,1,晴,30,單路部分,路段,無號誌,車與車,未靠右行駛
11006AC991B1534,20210624,120.287303,23.149288,交通事故,一般地址,臺南市善化區溪美里溪尾段582-3號0,1,晴,30,單路部分,路段,無號誌,汽(機)車本身,未注意車前狀態
11006AC991B1561,20210604,120.311497,23.075623,交通事故,一般地址,臺南市新市區港墘里區道南138線段號0港墘里南138線路燈380101處,1,陰,50,單路部分,路段,無號誌,汽(機)車本身,未注意車前狀態
11006AC991B1576,20210626,120.292592,23.082662,交通事故,交叉路口,臺南市新市區新和里富安六街段號富中街,1,雨,30,交岔路,交叉路口,閃光號誌,車與車,未依規定讓車
11006AC991B1596,20210626,120.253891,23.103838,交通事故,交叉路口,臺南市新市區豐華里曼陀林路段號區道南133線,2,陰,50,交岔路,交叉路口,閃光號誌,車與車,其他引起事故之違規或不當行為
11006AC991B1625,20210623,120.320015,23.111127,交通事故,一般地址,臺南市善化區小新里小新營段號0,1,雨,30,單路部分,路段,無號誌,車與車,其他引起事故之違規或不當行為
11006AC991B1631,20210624,120.293773,23.078119,交通事故,一般地址,臺南市新市區新市里中興街段66號0,2,陰,50,單路部分,路段,無號誌,車與車,違反特定標誌(線)禁制
11006AC991B1632,20210624,120.280747,23.084056,交通事故,交叉路口,臺南市新市區豐華里新港社大道段號區道南134線,1,晴,50,交岔路,交叉路口,行車管制號誌,車與車,違反號誌管制或指揮
11006AC991B1641,20210610,120.294632,23.111527,交通事故,一般地址,臺南市善化區文昌里省道臺19甲線段號0,2,雨,40,單路部分,路段,無號誌,車與車,變換車道或方向不當
11006AC991B1653,20210627,120.291822,23.076762,交通事故,交叉路口,臺南市新市區新市里華興街段號中正路,1,晴,50,交岔路,交叉路口,行車管制號誌,車與車,未依規定讓車
11006AC991B1663,20210627,120.30179,23.065453,交通事故,一般地址,臺南市新市區永就里永就段17015號,1,陰,30,單路部分,路段,無號誌,車與車,未注意車前狀態
11006AC991B1678,20210627,120.291303,23.129244,交通事故,交叉路口,臺南市善化區文昌里大同路段號文昌路,1,雨,50,交岔路,交叉路口,行車管制號誌,車與車,違反號誌管制或指揮
11006AC991B1703,20210628,120.240557,23.099114,交通事故,一般地址,臺南市安定區港口里港口段422號,1,雨,50,單路部分,路段,無號誌,汽(機)車本身,未注意車前狀態
11006AC991B1715,20210628,120.285929,23.081299,交通事故,一般地址,臺南市新市區社內里區道南134線段號0社內里民生路（電桿編號：新市區-社內里-0001）,1,晴,50,單路部分,路段,無號誌,車與車,未保持行車安全距離
11006AC991B1721,20210628,120.268247,23.130054,交通事故,一般地址,臺南市善化區胡厝里興農路段461號0,1,晴,40,交岔路,交叉路口,行車管制號誌,車與車,未保持行車安全距離
11006AC991B1759,20210625,120.211006,23.100717,交通事故,一般地址,臺南市安定區海寮里海寮段137之11號0,1,雨,30,交岔路,交叉路口,無號誌,車與車,未依規定讓車
11006AC991B1767,20210627,120.281067,23.064175,交通事故,交叉路口,臺南市新市區社內里新港社大道段號國道8號匝道,1,陰,50,單路部分,路段,無號誌,車與車,變換車道或方向不當
11006AC991B1777,20210626,120.280277,23.121975,交通事故,一般地址,臺南市善化區南關里三民路段號,1,晴,50,單路部分,路段,無號誌,汽(機)車本身,未注意車前狀態
11006AC991B1780,20210629,120.207601,23.089036,交通事故,一般地址,臺南市安定區海寮里國道8號側車道段號0,1,雨,40,單路部分,路段,無號誌,汽(機)車本身,未注意車前狀態
11006AC991B1790,20210629,120.31714,23.099735,交通事故,一般地址,臺南市新市區大營里省道臺1線段大營7號0,1,雨,50,交岔路,交叉路口,行車管制號誌,車與車,未依規定讓車
11006AC991B1791,20210629,120.264625,23.093209,交通事故,交叉路口,臺南市新市區豐華里堤塘港路段號看西路,1,陰,50,交岔路,交叉路口,行車管制號誌,車與車,未保持行車安全間隔
11006AC991B1799,20210617,120.305806,23.132414,交通事故,交叉路口,臺南市善化區光文里民權路段號光文路,1,雨,50,交岔路,交叉路口,行車管制號誌,車與車,違反號誌管制或指揮
11006AC991B1841,20210629,120.218337,23.109869,交通事故,一般地址,臺南市安定區文科里曾文溪堤側車道段號0文科里堤防側道路(編號400767號路燈)路段,2,晴,50,單路部分,路段,無號誌,汽(機)車本身,未注意車前狀態
11006AC991B1851,20210629,120.300815,23.123061,交通事故,一般地址,臺南市善化區坐駕里坐駕段131之6號,1,陰,30,交岔路,交叉路口,無號誌,車與車,未依規定讓車
11006AC991B1859,20210630,120.354996,23.121037,交通事故,一般地址,臺南市大內區石城里區道南181線段石子瀨122-12號0,1,晴,30,交岔路,交叉路口,無號誌,車與車,倒車未依規定
11006AC991B1874,20210630,120.295943,23.074951,交通事故,一般地址,臺南市新市區新和里永福街段163216號0,1,晴,30,交岔路,交叉路口,無號誌,車與車,未注意車前狀態
11006AC991B1886,20210629,120.291736,23.076293,交通事故,一般地址,臺南市新市區新和里中正路段240號0,1,雨,50,單路部分,路段,無號誌,車與車,未注意車前狀態
11006AC991B1921,20210628,120.300667,23.09875,交通事故,一般地址,臺南市新市區大營里大營段號0大營里大營平交道前路口,2,雨,30,交岔路,交叉路口,無號誌,車與車,未依規定讓車
11006AC991B1928,20210625,120.296952,23.129508,交通事故,交叉路口,臺南市善化區坐駕里大成路段號建國路,1,陰,50,交岔路,交叉路口,行車管制號誌(附設行人專用號誌),車與車,違反號誌管制或指揮
11006AC991B1947,20210629,120.296205,23.120503,交通事故,交叉路口,臺南市善化區文昌里建國路段78號中正路66,1,雨,30,交岔路,路段,無號誌,車與車,不明原因肇事
11006AC991B1961,20210630,120.319267,23.128634,交通事故,一般地址,臺南市善化區小新里省道臺1線段號0小新里台1線(成功新村前),1,晴,50,交岔路,交叉路口,行車管制號誌,人與汽(機)車,搶越行人穿越道
11006AC991B1963,20210626,120.252368,23.125106,交通事故,一般地址,臺南市安定區蘇林里市道178線段號0,2,晴,60,交岔路,交叉路口,無號誌,車與車,逆向行駛
11006AC991B1983,20210626,120.319526,23.128925,交通事故,一般地址,臺南市善化區小新里省道臺1線段成功新村8號0小新里成功新村8號前,1,晴,40,單路部分,路段,無號誌,汽(機)車本身,未注意車前狀態
11006AC991B1995,20210629,120.256844,23.111242,交通事故,一般地址,臺南市安定區安定里直加弄大道段號0安定里直加弄大道(台積電18廠停車場前),2,陰,50,交岔路,交叉路口,行車管制號誌,車與車,未依規定讓車
11006AC991B2020,20210628,120.262745,23.093265,交通事故,一般地址,臺南市新市區豐華里看西路段7號,1,陰,50,單路部分,路段,無號誌,車與車,變換車道或方向不當
11006AC991B2076,20210629,120.31832,23.087945,交通事故,一般地址,臺南市新市區大社里區道南177線段大社750-1號0,1,陰,50,交岔路,交叉路口,無號誌,車與車,未依規定讓車
11006AC991B2083,20210625,120.282732,23.132709,交通事故,一般地址,臺南市善化區頂街里興農路段44370號0,2,雨,50,單路部分,路段,無號誌,車與車,違反特定標誌(線)禁制
11006AC991B2086,20210630,120.29951,23.078699,交通事故,一般地址,臺南市新市區港墘里永漢路段號0,1,晴,50,交岔路,交叉路口,行車管制號誌,車與車,迴轉未依規定
11006AC991B2098,20210626,120.298339,23.072057,交通事故,交叉路口,臺南市新市區永就里光華街段號中山路,1,晴,50,交岔路,交叉路口,行車管制號誌,車與車,違反特定標誌(線)禁制
11006AC991B2115,20210603,120.276415,23.139654,交通事故,一般地址,臺南市善化區胡家里區道南128線段號0胡家里南128線陽明高幹33處,1,晴,50,單路部分,路段,無號誌,車與車,未注意車前狀態
11006AC991B2171,20210611,120.293778,23.078077,交通事故,一般地址,臺南市新市區新市里中興街段65號0,1,晴,50,單路部分,路段,無號誌,車與車,未保持行車安全間隔
11006AC991B2204,20210620,120.31716,23.134372,交通事故,一般地址,臺南市善化區牛庄里牛庄段44221號0,1,晴,30,交岔路,交叉路口,無號誌,車與車,未依規定讓車
11006AC991B2209,20210609,120.234204,23.089347,交通事故,一般地址,臺南市安定區港南里區道南133線段港口139-1號0,1,晴,40,交岔路,交叉路口,無號誌,車與車,未保持行車安全距離
11006AC991B2245,20210628,120.207765,23.101734,交通事故,一般地址,臺南市安定區海寮里省道臺19線段號0,1,雨,40,單路部分,路段,無號誌,車與車,其他引起事故之違規或不當行為
11006AC991B2255,20210625,120.261135,23.090594,交通事故,一般地址,臺南市新市區豐華里樹谷大道段號0豐華里樹谷大道南向慢車道,1,雨,40,單路部分,路段,無號誌,車與車,不明原因肇事
11006AC991B2259,20210616,120.293817,23.078121,交通事故,一般地址,臺南市新市區新市里中興街段63號,2,晴,50,單路部分,路段,行車管制號誌,人與汽(機)車,未依規定行走行人穿越道、地下道、天橋而穿越道路
11006AC991B2260,20210620,120.235915,23.119103,交通事故,一般地址,臺南市安定區安加里安定段353之2號0,1,晴,40,單路部分,路段,無號誌,車與車,逆向行駛
11006AC991B2277,20210602,120.309255,23.129164,交通事故,一般地址,臺南市善化區小新里小新營段399號0,1,晴,40,單路部分,路段,無號誌,車與車,未靠右行駛
11006AC9M1B0414,20210609,120.294317,23.079501,交通事故,一般地址,臺南市新市區中正路段398號0,1,晴,50,交岔路,交叉路口,行車管制號誌,車與車,迴轉未依規定
11006AC9Y1B0001,20210601,120.221276,23.078024,交通事故,一般地址,臺南市安定區嘉同里六塊寮段81-13號0,1,雨,50,單路部分,路段,無號誌,汽(機)車本身,未注意車前狀態
11006AC9Y1B0089,20210603,120.290771,23.132823,交通事故,交叉路口,臺南市善化區東關里進學路段號裕德路,1,晴,50,交岔路,交叉路口,無號誌,車與車,未注意車前狀態
11006AC9Y1B0127,20210603,120.298295,23.129801,交通事故,交叉路口,臺南市善化區光文里大成路段號和平路,1,晴,50,交岔路,交叉路口,行車管制號誌,汽(機)車本身,未注意車前狀態
11006AC9Y1B0167,20210604,120.294657,23.131331,交通事故,一般地址,臺南市善化區坐駕里中興路段14號0,2,晴,50,單路部分,路段,無號誌,車與車,未注意車前狀態
11006AC9Y1B0199,20210604,120.317071,23.090504,交通事故,交叉路口,臺南市新市區大社里區道南177線段號區道南136線,1,晴,50,交岔路,交叉路口,無號誌,車與車,未依規定讓車
11006AC9Y1B0411,20210609,120.210396,23.087409,交通事故,一般地址,臺南市安定區新吉里省道臺19線段新吉1-9號0,2,晴,30,交岔路,交叉路口,無號誌,車與車,未依規定讓車
11006AC9Y1B0447,20210609,120.303385,23.13303,交通事故,交叉路口,臺南市善化區光文里中山路段號光華路,1,晴,50,交岔路,交叉路口,行車管制號誌,車與車,未注意車前狀態
11006AC9Y1B0478,20210610,120.225753,23.10174,交通事故,一般地址,臺南市安定區文科里油車段44217號0,1,晴,30,單路部分,路段,無號誌,汽(機)車本身,不明原因肇事
11006AC9Y1B0568,20210610,120.292744,23.068837,交通事故,交叉路口,臺南市新市區新和里中山路段號中正路,1,雨,40,交岔路,交叉路口,行車管制號誌,汽(機)車本身,未注意車前狀態
11006AC9Y1B0762,20210615,120.294653,23.069835,交通事故,一般地址,臺南市新市區永就里中山路段181-1號0,1,雨,40,單路部分,路段,無號誌,汽(機)車本身,未注意車前狀態
11006AC9Y1B0789,20210615,120.287536,23.069342,交通事故,一般地址,臺南市新市區社內里富強路段110號0,1,雨,50,交岔路,交叉路口,無號誌,車與車,右轉彎未依規定
11006AC9Y1B0823,20210615,120.318722,23.125501,交通事故,一般地址,臺南市善化區小新里省道臺1線段小新營318號0,1,陰,50,單路部分,路段,無號誌,車與車,變換車道或方向不當
11006AC9Y1B0858,20210616,120.303546,23.089044,交通事故,一般地址,臺南市新市區大營里豐榮段99-100號0,1,雨,30,單路部分,路段,無號誌,車與車,迴轉未依規定
11006AC9Y1B0878,20210616,120.283204,23.132855,交通事故,一般地址,臺南市善化區文正里興農路段20號0,2,晴,50,單路部分,路段,無號誌,車與車,起步未注意其他車(人)安全
11006AC9Y1B0879,20210616,120.289613,23.0776,交通事故,交叉路口,臺南市新市區新和里信義街段號民權路,2,晴,50,交岔路,交叉路口,行車管制號誌,車與車,未依規定讓車
11006AC9Y1B1049,20210618,120.29492,23.129288,交通事故,交叉路口,臺南市善化區坐駕里大成路段號大智路,1,晴,50,交岔路,交叉路口,行車管制號誌,車與車,未保持行車安全距離
11006AC9Y1B1153,20210620,120.209566,23.086294,交通事故,一般地址,臺南市安定區新吉里新吉段249-7號0,1,雨,30,單路部分,路段,無號誌,汽(機)車本身,未注意車前狀態
11006AC9Y1B1245,20210621,120.223054,23.083027,交通事故,一般地址,臺南市安定區嘉同里市道178線段六塊寮10-5號0,2,雨,50,交岔路,交叉路口,行車管制號誌,車與車,未注意車前狀態
11006AC9Y1B1282,20210622,120.264787,23.138012,交通事故,一般地址,臺南市善化區胡厝里區道南122線段號0,1,雨,50,單路部分,路段,無號誌,車與車,未注意車前狀態
11006AC9Y1B1323,20210622,120.20959,23.095536,交通事故,一般地址,臺南市安定區海寮里省道臺19線段海寮5-5號0,2,雨,40,交岔路,交叉路口,行車管制號誌,車與車,違反號誌管制或指揮
11006AC9Y1B1645,20210627,120.307208,23.114429,交通事故,交叉路口,臺南市善化區蓮潭里陽光大道段號陽光大道360,1,晴,50,單路部分,路段,無號誌,人與汽(機)車,疲勞(患病)駕駛失控
11006AC9Y1B1661,20210627,120.309834,23.092823,交通事故,一般地址,臺南市新市區大營里省道臺1線段大營131號0,3,晴,40,單路部分,路段,無號誌,車與車,未保持行車安全間隔
11006AC9Y1B1714,20210628,120.398566,23.124158,交通事故,一般地址,臺南市大內區二溪里市道178線段二重溪201-30號0,2,雨,50,單路部分,路段,無號誌,車與車,疲勞(患病)駕駛失控
11006AC9Y1B1717,20210628,120.288326,23.128224,交通事故,交叉路口,臺南市善化區南關里文昌路段號永安路,1,雨,50,交岔路,交叉路口,行車管制號誌,車與車,未依規定讓車
11006AC9Y1B2211,20210604,120.286227,23.126621,交通事故,其他,臺南市善化區段號三民路1-11號對面,1,晴,50,單路部分,路段,無號誌,車與車,迴轉未依規定
11006ACA91A0008,20210612,120.282297,23.001732,交通事故,其他,臺南市歸仁區段號大廟里大廟六街253巷、台三九(附近),0,晴,40,交岔路,交叉路口,無號誌,汽(機)車本身,未注意車前狀態
11006ACA91B0062,20210602,120.24947,22.972146,交通事故,其他,臺南市仁德區段號仁德里中山路往東與仁德交流道附近,2,晴,50,單路部分,路段,行車管制號誌,車與車,未注意車前狀態
11006ACA91B0076,20210601,120.225948,22.918825,交通事故,一般地址,臺南市仁德區二仁路一段段48號,2,晴,50,單路部分,路段,無號誌,車與車,逆向行駛
11006ACA91B0108,20210603,120.279773,22.977286,交通事故,交叉路口,臺南市歸仁區七甲里南丁路段號南丁路146,1,晴,50,交岔路,交叉路口,行車管制號誌,車與車,右轉彎未依規定
11006ACA91B0119,20210602,120.255702,22.991862,交通事故,一般地址,臺南市仁德區太子里中正路3段709號0,1,晴,50,單路部分,路段,無號誌,車與車,未保持行車安全間隔
11006ACA91B0131,20210601,120.234811,22.92398,交通事故,其他,臺南市仁德區段號文賢路與保安路口,1,晴,50,交岔路,交叉路口,行車管制號誌,車與車,不明原因肇事
11006ACA91B0139,20210603,120.326282,22.963103,交通事故,交叉路口,臺南市關廟區山西里中正路段號文衡路,1,晴,50,交岔路,交叉路口,行車管制號誌,車與車,不明原因肇事
11006ACA91B0146,20210601,120.337253,22.963343,交通事故,一般地址,臺南市關廟區花園里中正路段651號,1,晴,50,單路部分,路段,無號誌,車與車,迴轉未依規定
11006ACA91B0188,20210603,120.279699,22.977325,交通事故,交叉路口,臺南市歸仁區七甲里南丁路段號丁厝街,1,晴,50,交岔路,交叉路口,行車管制號誌,車與車,未保持行車安全間隔
11006ACA91B0217,20210603,120.286678,22.992973,交通事故,其他,臺南市歸仁區段號和順路一段230號,1,晴,30,單路部分,路段,無號誌,車與車,未保持行車安全距離
11006ACA91B0238,20210605,120.226856,22.959278,交通事故,交叉路口,臺南市仁德區保生東路段號保華路,1,雨,50,單路部分,路段,無號誌,車與車,起步未注意其他車(人)安全
11006ACA91B0252,20210603,120.231109,22.959996,交通事故,一般地址,臺南市仁德區成功里成功三街段2號,2,晴,30,交岔路,交叉路口,無號誌,車與車,未依規定讓車
11006ACA91B0255,20210603,120.288006,22.96744,交通事故,交叉路口,臺南市歸仁區後市里中山路二段段號民權南路,2,晴,50,交岔路,交叉路口,行車管制號誌,車與車,未注意車前狀態
11006ACA91B0257,20210604,120.283617,22.957769,交通事故,一般地址,臺南市歸仁區六甲里中正南路一段段686號,1,晴,50,單路部分,路段,無號誌,車與車,起步未注意其他車(人)安全
11006ACA91B0259,20210604,120.275657,22.995133,交通事故,一般地址,臺南市歸仁區大廟里大廟一街段92號,1,晴,50,交岔路,交叉路口,閃光號誌,車與車,未注意車前狀態
11006ACA91B0267,20210601,120.29556,22.954498,交通事故,一般地址,臺南市歸仁區凱旋路一段段60111號,2,陰,30,單路部分,路段,無號誌,車與車,未靠右行駛
11006ACA91B0268,20210603,120.334165,22.938916,交通事故,交叉路口,臺南市關廟區南雄路1段號深坑二街,1,晴,50,交岔路,交叉路口,無號誌,車與車,未依規定讓車
11006ACA91B0271,20210601,120.310881,22.984712,交通事故,交叉路口,臺南市關廟區下湖里關新路1段135號關新路1,1,晴,50,交岔路,交叉路口,無號誌,車與車,未依規定讓車
11006ACA91B0272,20210603,120.292094,22.963258,交通事故,交叉路口,臺南市歸仁區中正南路1段號大順三街,1,晴,50,交岔路,交叉路口,無號誌,車與車,迴轉未依規定