案件編號,發生日期,GPS經度,GPS緯度,案件類別名稱,地址類型名稱,發生縣市名稱,受傷人數,天候名稱, 速限-第1當事者,道路型態大類別名稱,事故位置大類別名稱,號誌-號誌種類名稱,事故類型及型態大類別名稱,肇因研判子類別名稱-主要
11006ACA91B0273,20210604,120.277284,22.943017,交通事故,其他,臺南市歸仁區段號中正南路一段與台39線口,2,晴,50,交岔路,交叉路口,行車管制號誌,車與車,違反號誌管制或指揮
11006ACA91B0274,20210606,120.251414,22.971553,交通事故,交叉路口,臺南市仁德區中山路段號中正路,2,雨,60,交岔路,交叉路口,行車管制號誌,車與車,未注意車前狀態
11006ACA91B0275,20210604,120.297154,22.966335,交通事故,交叉路口,臺南市歸仁區許厝里中山路1段號大智街,1,晴,50,交岔路,交叉路口,行車管制號誌,車與車,違反號誌管制或指揮
11006ACA91B0294,20210606,120.257829,22.938449,交通事故,交叉路口,臺南市仁德區崑崙路段號上崙一街,2,雨,50,交岔路,交叉路口,行車管制號誌,車與車,酒醉(後)駕駛失控
11006ACA91B0301,20210606,120.283295,22.969874,交通事故,交叉路口,臺南市歸仁區保興街段號民權六街,1,雨,50,交岔路,交叉路口,無號誌,車與車,未依規定減速
11006ACA91B0312,20210601,120.257879,22.957632,交通事故,一般地址,臺南市仁德區新田里勝利路段109號,1,晴,50,單路部分,其他,無號誌,車與車,不明原因肇事
11006ACA91B0336,20210601,120.331087,22.951674,交通事故,交叉路口,臺南市關廟區五甲里南雄路1段號旺萊路,1,晴,50,交岔路,交叉路口,行車管制號誌,車與車,未依規定讓車
11006ACA91B0355,20210606,120.230369,22.935008,交通事故,無,臺南市仁德區段號,1,晴,90,單路部分,路段,無號誌,汽(機)車本身,不明原因肇事
11006ACA91B0360,20210607,120.294544,22.966897,交通事故,一般地址,臺南市歸仁區歸仁里中山路1段568號,1,陰,50,圓環廣場,其他,無號誌,車與車,未依規定讓車
11006ACA91B0428,20210608,120.253669,22.972756,交通事故,其他,臺南市仁德區段號正義路51號,1,晴,50,單路部分,路段,無號誌,車與車,倒車未依規定
11006ACA91B0450,20210608,120.329492,22.959936,交通事故,交叉路口,臺南市關廟區香洋里中山路1段620號巡府路,2,晴,50,交岔路,交叉路口,無號誌,車與車,未依規定讓車
11006ACA91B0469,20210610,120.273214,22.955576,交通事故,一般地址,臺南市歸仁區省道臺39線段號,1,晴,50,單路部分,路段,無號誌,汽(機)車本身,未注意車前狀態
11006ACA91B0507,20210608,120.251651,22.970909,交通事故,一般地址,臺南市仁德區仁德里中正路二段段1231號,1,晴,50,單路部分,路段,無號誌,車與車,變換車道或方向不當
11006ACA91B0527,20210609,120.225675,22.918793,交通事故,交叉路口,臺南市仁德區二行里二仁路一段段號中正西路,1,晴,50,交岔路,交叉路口,行車管制號誌,車與車,變換車道或方向不當
11006ACA91B0545,20210605,120.278203,22.952358,交通事故,交叉路口,臺南市歸仁區中正南路一段段號六甲路,1,雨,50,交岔路,路段,行車管制號誌,人與汽(機)車,未依規定讓車
11006ACA91B0552,20210604,120.288334,22.973642,交通事故,交叉路口,臺南市歸仁區民權北路段號大德路,1,陰,50,交岔路,交叉路口,行車管制號誌,車與車,未依規定讓車
11006ACA91B0563,20210604,120.217202,22.958072,交通事故,一般地址,臺南市仁德區大同路三段段138號,1,陰,60,交岔路,交叉路口,行車管制號誌,車與車,未保持行車安全間隔
11006ACA91B0564,20210604,120.229278,22.919093,交通事故,一般地址,臺南市仁德區中正路一段段86號,1,晴,50,單路部分,路段,行車管制號誌,車與車,變換車道或方向不當
11006ACA91B0575,20210602,120.251668,22.971562,交通事故,交叉路口,臺南市仁德區中山路段號中正路二段,1,晴,50,交岔路,交叉路口,行車管制號誌,車與車,違反號誌管制或指揮
11006ACA91B0578,20210611,120.267055,22.954532,交通事故,交叉路口,臺南市仁德區新田里勝利路段號新田二街116,1,晴,50,交岔路,交叉路口,閃光號誌,車與車,右轉彎未依規定
11006ACA91B0590,20210605,120.258922,22.942602,交通事故,一般地址,臺南市仁德區德崙路段368號,1,雨,50,交岔路,路段,行車管制號誌,汽(機)車本身,其他引起事故之違規或不當行為
11006ACA91B0629,20210612,120.292699,22.987207,交通事故,交叉路口,臺南市歸仁區七甲里中正北路2段號中正北路2418,1,晴,50,交岔路,交叉路口,無號誌,車與車,未依規定讓車
11006ACA91B0664,20210611,120.254704,22.949896,交通事故,交叉路口,臺南市仁德區德安路段號德善二街,1,雨,30,交岔路,交叉路口,閃光號誌,車與車,未依規定讓車
11006ACA91B0730,20210610,120.288371,22.973474,交通事故,交叉路口,臺南市歸仁區文化里民權北路段號大德路,1,陰,50,交岔路,交叉路口,行車管制號誌,人與汽(機)車,其他引起事故之疏失或行為
11006ACA91B0739,20210614,120.329265,22.959526,交通事故,交叉路口,臺南市關廟區香洋里巡府路段號中山路1620,2,晴,50,交岔路,交叉路口,無號誌,車與車,未依規定讓車
11006ACA91B0743,20210613,120.332811,22.962402,交通事故,交叉路口,臺南市關廟區花園里中正路段號和平路,1,晴,50,交岔路,交叉路口,閃光號誌,車與車,未依規定讓車
11006ACA91B0771,20210615,120.24422,22.957734,交通事故,一般地址,臺南市仁德區仁德里民安路一段段231-2號,1,雨,50,單路部分,路段,無號誌,車與車,左轉彎未依規定
11006ACA91B0787,20210601,120.262835,22.991244,交通事故,一般地址,臺南市仁德區太子路段185號0,2,晴,50,交岔路,交叉路口,無號誌,車與車,不明原因肇事
11006ACA91B0797,20210612,120.251136,22.910763,交通事故,一般地址,臺南市仁德區依仁路段200號0,1,晴,50,交岔路,交叉路口,閃光號誌,車與車,不明原因肇事
11006ACA91B0807,20210603,120.256232,22.989824,交通事故,交叉路口,臺南市仁德區太子里中正路3段號大吉路,1,晴,50,交岔路,交叉路口,行車管制號誌,車與車,不明原因肇事
11006ACA91B0810,20210603,120.244817,22.957498,交通事故,其他,臺南市仁德區段號後壁里民安路一段，仁德橋,1,晴,50,單路部分,路段,無號誌,車與車,不明原因肇事
11006ACA91B0811,20210604,120.252444,22.970966,交通事故,一般地址,臺南市仁德區仁義里中山路段59110號,1,晴,50,交岔路,交叉路口,無號誌,車與車,未靠右行駛
11006ACA91B0812,20210607,120.253069,22.971403,交通事故,交叉路口,臺南市仁德區仁義里中山路段號中山路555,1,晴,60,交岔路,交叉路口,行車管制號誌,汽(機)車本身,不明原因肇事
11006ACA91B0813,20210609,120.223726,22.923064,交通事故,交叉路口,臺南市仁德區二行里二仁路1段號保安路1,1,晴,40,交岔路,交叉路口,行車管制號誌,車與車,未保持行車安全距離
11006ACA91B0815,20210614,120.27693,22.970592,交通事故,交叉路口,臺南市歸仁區南興里文化街段號文化十八街,1,晴,50,交岔路,交叉路口,無號誌,車與車,左轉彎未依規定
11006ACA91B0816,20210615,120.276314,22.945719,交通事故,其他,臺南市歸仁區段號台39線,1,雨,50,單路部分,路段,無號誌,汽(機)車本身,不明原因肇事
11006ACA91B0817,20210613,120.218324,22.927944,交通事故,其他,臺南市仁德區段號成功里台1線接台86線橋下南下機車迴轉道,1,晴,25,單路部分,路段,無號誌,汽(機)車本身,尚未發現肇事因素
11006ACA91B0830,20210603,120.287699,22.962935,交通事故,交叉路口,臺南市歸仁區民權南路段號民權九街,1,晴,50,交岔路,交叉路口,無號誌,車與車,迴轉未依規定
11006ACA91B0840,20210603,120.224945,22.91836,交通事故,交叉路口,臺南市仁德區中正西路段號二行一路,2,晴,50,交岔路,交叉路口,行車管制號誌,車與車,違反號誌管制或指揮
11006ACA91B0849,20210615,120.283236,22.969853,交通事故,一般地址,臺南市歸仁區南興里保興街段83號,1,陰,50,交岔路,交叉路口,無號誌,車與車,未依規定讓車
11006ACA91B0852,20210615,120.243855,22.973735,交通事故,交叉路口,臺南市仁德區仁德里中山路段號文華路3,1,晴,60,交岔路,交叉路口,行車管制號誌,車與車,未注意車前狀態
11006ACA91B0855,20210604,120.313301,22.979788,交通事故,交叉路口,臺南市關廟區關新路1段號關新路1182,1,晴,60,交岔路,交叉路口,無號誌,車與車,未注意車前狀態
11006ACA91B0856,20210615,120.262912,22.964737,交通事故,一般地址,臺南市仁德區新田里義林路段147號,2,晴,50,單路部分,路段,無號誌,車與車,起步未注意其他車(人)安全
11006ACA91B0863,20210604,120.225695,22.918616,交通事故,交叉路口,臺南市仁德區二仁路一段段號中正西路,1,雨,60,交岔路,交叉路口,行車管制號誌(附設行人專用號誌),車與車,未依規定讓車
11006ACA91B0868,20210608,120.328457,22.962517,交通事故,交叉路口,臺南市關廟區南雄路2段號中正路,1,晴,50,交岔路,交叉路口,行車管制號誌,車與車,違反號誌管制或指揮
11006ACA91B0895,20210615,120.229906,22.945451,交通事故,其他,臺南市仁德區段號文華路便道與虎山一街口,1,晴,50,交岔路,交叉路口,行車管制號誌,車與車,未保持行車安全距離
11006ACA91B0917,20210604,120.257354,22.976262,交通事故,交叉路口,臺南市仁德區忠義路段號忠義二街,1,晴,50,交岔路,交叉路口,閃光號誌,車與車,未依規定讓車
11006ACA91B0944,20210611,120.194447,22.925212,交通事故,其他,臺南市仁德區段號中正西路(永寧橋),1,晴,50,交岔路,交叉路口,無號誌,車與車,不明原因肇事
11006ACA91B0952,20210609,120.258546,22.969046,交通事故,一般地址,臺南市仁德區仁義三街段276號,1,晴,50,單路部分,路段,無號誌,車與車,違規超車
11006ACA91B0969,20210614,120.293814,22.980401,交通事故,交叉路口,臺南市歸仁區七甲里中正北路2段號中正北路275,1,晴,50,交岔路,交叉路口,行車管制號誌,車與車,左轉彎未依規定
11006ACA91B0977,20210610,120.238221,22.960208,交通事故,交叉路口,臺南市仁德區成功里民安路1段號仁和路,2,晴,50,交岔路,交叉路口,行車管制號誌,車與車,逆向行駛
11006ACA91B1009,20210612,120.246791,22.974885,交通事故,一般地址,臺南市仁德區仁德里裕華三街段353號,1,晴,50,交岔路,其他,無號誌,車與車,未注意車前狀態
11006ACA91B1011,20210614,120.25289,22.967356,交通事故,交叉路口,臺南市仁德區仁義里中正路2段號中正路21034,1,晴,50,交岔路,交叉路口,行車管制號誌,車與車,違反號誌管制或指揮
11006ACA91B1018,20210612,120.279542,22.963157,交通事故,交叉路口,臺南市歸仁區民生八街段28號民生八街282,1,晴,30,交岔路,交叉路口,無號誌,車與車,未依規定讓車
11006ACA91B1019,20210612,120.260981,22.970726,交通事故,其他,臺南市關廟區段號中山路246號前,1,晴,60,單路部分,路段,行車管制號誌,車與車,未保持行車安全距離
11006ACA91B1023,20210613,120.27992,23.00616,交通事故,交叉路口,臺南市歸仁區保吉路段號保吉路258,1,晴,50,交岔路,交叉路口,閃光號誌,車與車,未依規定讓車
11006ACA91B1025,20210615,120.279208,22.992238,交通事故,其他,臺南市歸仁區段號台39線與和順路口,1,陰,50,交岔路,交叉路口,行車管制號誌,車與車,未保持行車安全距離
11006ACA91B1026,20210618,120.25266,22.961416,交通事故,一般地址,臺南市仁德區仁德五街段171號,1,晴,30,單路部分,路段,無號誌,車與車,倒車未依規定
11006ACA91B1030,20210611,120.261024,22.989174,交通事故,交叉路口,臺南市仁德區土庫六街段號土庫路,1,晴,50,交岔路,交叉路口,閃光號誌,車與車,不明原因肇事
11006ACA91B1033,20210618,120.274066,22.991926,交通事故,交叉路口,臺南市歸仁區和順路段號大廟一街,1,晴,50,交岔路,交叉路口,行車管制號誌,車與車,未保持行車安全距離
11006ACA91B1034,20210618,120.258869,22.970956,交通事故,一般地址,臺南市仁德區仁義里中山路段302號,1,晴,50,單路部分,路段,無號誌,人與汽(機)車,未注意車前狀態
11006ACA91B1098,20210607,120.263646,22.954066,交通事故,一般地址,臺南市仁德區新田里新田路段173號,1,晴,30,單路部分,路段,無號誌,汽(機)車本身,未注意車前狀態
11006ACA91B1135,20210603,120.255473,22.949038,交通事故,一般地址,臺南市仁德區後壁里德安路段139號,1,晴,50,單路部分,路段,無號誌,車與車,其他引起事故之違規或不當行為
11006ACA91B1152,20210620,120.297729,22.966308,交通事故,其他,臺南市歸仁區段號中山路與信義南路口,1,陰,60,交岔路,交叉路口,行車管制號誌,車與車,違反號誌管制或指揮
11006ACA91B1154,20210620,120.213978,22.917021,交通事故,其他,臺南市仁德區段號行大街450號旁,1,陰,50,交岔路,交叉路口,無號誌,車與車,未依規定讓車
11006ACA91B1169,20210613,120.29537,22.965565,交通事故,一般地址,臺南市歸仁區新厝里復興路段108號,1,晴,50,單路部分,路段,無號誌,車與車,左轉彎未依規定
11006ACA91B1204,20210612,120.272203,22.991796,交通事故,交叉路口,臺南市仁德區太子路段號太子路31,3,晴,50,交岔路,交叉路口,行車管制號誌,車與車,違反號誌管制或指揮
11006ACA91B1205,20210615,120.254466,22.991497,交通事故,交叉路口,臺南市仁德區太子里太子路段號長興五街,1,晴,50,交岔路,交叉路口,行車管制號誌,車與車,左轉彎未依規定
11006ACA91B1208,20210610,120.328357,22.962107,交通事故,交叉路口,臺南市關廟區香洋里南雄路2段號農會路,2,晴,50,交岔路,交叉路口,無號誌,車與車,左轉彎未依規定
11006ACA91B1211,20210620,120.242336,22.958356,交通事故,交叉路口,臺南市仁德區後壁里民安路一段段號文華一街,2,陰,50,交岔路,交叉路口,行車管制號誌,車與車,左轉彎未依規定
11006ACA91B1212,20210609,120.241996,22.958465,交通事故,一般地址,臺南市仁德區後壁里民安路1段142-5號,1,晴,50,交岔路,路段,行車管制號誌,車與車,未保持行車安全距離
11006ACA91B1213,20210621,120.256384,22.99317,交通事故,一般地址,臺南市仁德區太子里中正路三段段723號,1,雨,50,交岔路,交叉路口,行車管制號誌,車與車,違反號誌管制或指揮
11006ACA91B1215,20210607,120.253426,22.962556,交通事故,其他,臺南市仁德區段號中正路2段779號前,2,晴,50,單路部分,路段,無號誌,車與車,未保持行車安全距離
11006ACA91B1216,20210611,120.224786,22.92352,交通事故,其他,臺南市仁德區段號保安路一段28號,1,晴,50,交岔路,交叉路口,無號誌,車與車,未保持行車安全距離
11006ACA91B1221,20210614,120.292125,22.936671,交通事故,其他,臺南市歸仁區段號中正南路二段與台86匝道口,1,晴,50,交岔路,交叉路口,行車管制號誌,車與車,未依規定讓車
11006ACA91B1235,20210617,120.314757,22.978014,交通事故,一般地址,臺南市關廟區關新路1段123號0,2,陰,50,單路部分,路段,無號誌,車與車,不明原因肇事
11006ACA91B1251,20210619,120.276644,22.996499,交通事故,交叉路口,臺南市歸仁區大廟里大廟一街段28號大廟一街,1,晴,30,交岔路,交叉路口,無號誌,車與車,左轉彎未依規定
11006ACA91B1281,20210610,120.257159,22.970161,交通事故,其他,臺南市仁德區段號仁義二街48號,1,晴,30,單路部分,路段,無號誌,車與車,不明原因肇事
11006ACA91B1290,20210618,120.293473,22.95488,交通事故,其他,臺南市歸仁區段號凱旋路一段與成功路二段口,1,陰,50,交岔路,交叉路口,行車管制號誌,車與車,未依規定讓車
11006ACA91B1313,20210622,120.300539,22.963873,交通事故,交叉路口,臺南市歸仁區仁愛南街段號仁愛南街87,2,雨,50,交岔路,路段,無號誌,車與車,未依規定讓車
11006ACA91B1316,20210616,120.285545,22.969773,交通事故,交叉路口,臺南市歸仁區民權六街段號文化七街,1,陰,50,交岔路,交叉路口,無號誌,車與車,未依規定讓車
11006ACA91B1320,20210611,120.260685,22.970533,交通事故,一般地址,臺南市仁德區中山路段295號,1,晴,60,單路部分,路段,無號誌,車與車,違規停車或暫停不當而肇事
11006ACA91B1324,20210622,120.240384,22.959173,交通事故,交叉路口,臺南市仁德區文華路3段號民安路一段,1,雨,50,交岔路,其他,行車管制號誌,人與汽(機)車,未依規定讓車
11006ACA91B1326,20210602,120.292542,22.967186,交通事故,一般地址,臺南市歸仁區後市里中山路2段52號,1,晴,60,單路部分,路段,無號誌,車與車,起步未注意其他車(人)安全
11006ACA91B1328,20210610,120.295593,22.97297,交通事故,交叉路口,臺南市歸仁區中正北路1段號大德路,1,晴,50,交岔路,交叉路口,行車管制號誌,車與車,未依規定讓車
11006ACA91B1330,20210615,120.288158,22.970833,交通事故,交叉路口,臺南市歸仁區民權北路段號文化街三段,1,晴,50,交岔路,路段,行車管制號誌,車與車,未保持行車安全間隔
11006ACA91B1339,20210614,120.260981,22.970726,交通事故,一般地址,臺南市仁德區中山路段246號0,1,晴,50,單路部分,路段,無號誌,車與車,其他引起事故之違規或不當行為
11006ACA91B1343,20210604,120.229005,22.91905,交通事故,一般地址,臺南市仁德區保安里中正路1段70號,1,晴,50,交岔路,交叉路口,行車管制號誌,車與車,違反號誌管制或指揮
11006ACA91B1348,20210623,120.339322,22.964041,交通事故,交叉路口,臺南市關廟區中正路段號旺萊路,1,晴,50,單路部分,路段,行車管制號誌,車與車,未依規定減速
11006ACA91B1360,20210623,120.257055,22.938017,交通事故,其他,臺南市仁德區段號崑崙路與台86便道口,1,雨,50,交岔路,交叉路口,行車管制號誌,車與車,違反號誌管制或指揮
11006ACA91B1387,20210611,120.304145,22.98674,交通事故,一般地址,臺南市關廟區下湖里保東一街段355號,3,雨,30,交岔路,交叉路口,無號誌,車與車,左轉彎未依規定
11006ACA91B1412,20210623,120.293878,22.995457,交通事故,一般地址,臺南市歸仁區媽廟里中正北路3段249號,1,陰,50,單路部分,路段,無號誌,車與車,未依規定減速
11006ACA91B1466,20210624,120.288964,22.928187,交通事故,交叉路口,臺南市歸仁區歸仁七路段號高發二路,2,晴,50,交岔路,交叉路口,行車管制號誌,車與車,違反號誌管制或指揮
11006ACA91B1467,20210624,120.327858,22.95298,交通事故,一般地址,臺南市關廟區大富街段115號,1,晴,50,單路部分,路段,無號誌,車與車,未保持行車安全間隔
11006ACA91B1566,20210621,120.223332,22.95856,交通事故,一般地址,臺南市仁德區仁和里二空路段65號,1,晴,50,交岔路,其他,行車管制號誌,車與車,左轉彎未依規定
11006ACA91B1570,20210624,120.280982,22.968181,交通事故,交叉路口,臺南市歸仁區南興里中山路3段號民生南街1,1,晴,50,交岔路,交叉路口,行車管制號誌,車與車,逆向行駛
11006ACA91B1574,20210609,120.313695,22.962494,交通事故,一般地址,臺南市歸仁區看東里中山路1段1號,2,晴,60,交岔路,交叉路口,行車管制號誌,車與車,違反號誌管制或指揮
11006ACA91B1577,20210624,120.25238,22.954721,交通事故,一般地址,臺南市仁德區新田里中正路2段451號,1,晴,50,單路部分,路段,無號誌,車與車,迴轉未依規定
11006ACA91B1581,20210622,120.283503,22.96783,交通事故,其他,臺南市歸仁區段號中山路三段179號前,1,晴,50,單路部分,路段,無號誌,車與車,未注意車前狀態
11006ACA91B1597,20210625,120.249991,22.954219,交通事故,交叉路口,臺南市仁德區新田里民安路1段號北保路,1,晴,50,交岔路,交叉路口,行車管制號誌,車與車,未注意車前狀態
11006ACA91B1598,20210616,120.241207,22.962421,交通事故,交叉路口,臺南市仁德區仁德里文華路3段號文華一街,2,晴,50,交岔路,交叉路口,行車管制號誌,車與車,其他引起事故之故障
11006ACA91B1605,20210618,120.298928,22.956383,交通事故,交叉路口,臺南市歸仁區崙頂里凱旋路一段段號成功九街,2,晴,50,交岔路,交叉路口,行車管制號誌,車與車,左轉彎未依規定
11006ACA91B1617,20210626,120.287914,22.968432,交通事故,交叉路口,臺南市歸仁區南保里民權北路段號民權八街,2,陰,50,交岔路,交叉路口,行車管制號誌,車與車,不明原因肇事
11006ACA91B1619,20210626,120.289988,22.963159,交通事故,一般地址,臺南市歸仁區大吉街段188號,1,陰,50,交岔路,交叉路口,無號誌,汽(機)車本身,酒醉(後)駕駛失控
11006ACA91B1624,20210625,120.252424,22.973295,交通事故,交叉路口,臺南市仁德區仁德里中正路三段段號四維街,1,晴,50,交岔路,交叉路口,無號誌,車與車,橫越道路不慎
11006ACA91B1626,20210625,120.224107,22.922514,交通事故,交叉路口,臺南市仁德區二行里二仁路一段段491號二仁路一段,1,晴,50,單路部分,路段,無號誌,車與車,右轉彎未依規定
11006ACA91B1630,20210610,120.255005,22.958503,交通事故,一般地址,臺南市仁德區仁義里勝利路段25600號,2,晴,50,單路部分,路段,無號誌,車與車,未注意車前狀態
11006ACA91B1642,20210622,120.294965,22.969917,交通事故,交叉路口,臺南市歸仁區後市里中正北路1段號文化街一段,2,雨,50,交岔路,交叉路口,行車管制號誌,車與車,未注意車前狀態
11006ACA91B1643,20210626,120.249795,22.972091,交通事故,其他,臺南市仁德區段號仁德里中山路(仁德交流道),1,陰,50,交岔路,交叉路口,行車管制號誌,車與車,未注意車前狀態
11006ACA91B1646,20210615,120.243132,22.969862,交通事故,交叉路口,臺南市仁德區文華路3段號文南街,2,晴,50,交岔路,交叉路口,行車管制號誌,車與車,不明原因肇事
11006ACA91B1658,20210627,120.197409,22.990285,交通事故,交叉路口,臺南市仁德區保安里保安路2段號田厝一街,1,陰,30,交岔路,交叉路口,無號誌,車與車,左轉彎未依規定
11006ACA91B1662,20210621,120.302771,22.957525,交通事故,交叉路口,臺南市歸仁區凱旋路一段段號成功三街,2,雨,60,交岔路,交叉路口,行車管制號誌,車與車,未依規定讓車
11006ACA91B1676,20210627,120.254029,22.976654,交通事故,交叉路口,臺南市仁德區一甲里中正路三段段號忠義路,1,雨,50,交岔路,交叉路口,行車管制號誌,車與車,左轉彎未依規定
11006ACA91B1681,20210618,120.327861,22.961084,交通事故,一般地址,臺南市關廟區南雄里南雄南路段853號,2,晴,50,單路部分,路段,無號誌,汽(機)車本身,未注意車前狀態
11006ACA91B1701,20210621,120.244769,22.976313,交通事故,一般地址,臺南市仁德區仁德里文華路3段606號,2,雨,0,單路部分,路段,無號誌,車與車,未注意車前狀態
11006ACA91B1718,20210601,120.277751,22.928997,交通事故,一般地址,臺南市歸仁區中正南路2段11號0,1,晴,50,交岔路,交叉路口,無號誌,汽(機)車本身,不明原因肇事
11006ACA91B1720,20210627,120.25753,22.970881,交通事故,一般地址,臺南市仁德區仁義里中山路段356號,1,陰,50,交岔路,交叉路口,無號誌,車與車,起步未注意其他車(人)安全
11006ACA91B1738,20210628,120.290869,22.919421,交通事故,其他,臺南市歸仁區段號大武路一段與環保街口,1,雨,50,單路部分,路段,無號誌,汽(機)車本身,未注意車前狀態
11006ACA91B1761,20210621,120.297715,22.966408,交通事故,交叉路口,臺南市歸仁區中山路一段段號信義北路,1,雨,60,交岔路,交叉路口,行車管制號誌,車與車,未依規定讓車
11006ACA91B1774,20210623,120.287905,22.967518,交通事故,交叉路口,臺南市歸仁區中山路三段段號民權北路,2,陰,60,交岔路,交叉路口,行車管制號誌,車與車,違反號誌管制或指揮
11006ACA91B1776,20210628,120.277233,22.924221,交通事故,一般地址,臺南市歸仁區武東里大武路段280號,2,陰,50,單路部分,路段,無號誌,車與車,起步未注意其他車(人)安全
11006ACA91B1781,20210623,120.299205,22.963817,交通事故,一般地址,臺南市歸仁區信義南路段105號0,1,陰,50,單路部分,路段,無號誌,車與車,不明原因肇事
11006ACA91B1785,20210628,120.300818,22.967665,交通事故,其他,臺南市歸仁區段號仁愛北街62號,1,雨,50,單路部分,路段,無號誌,人與汽(機)車,其他引起事故之違規或不當行為
11006ACA91B1787,20210629,120.251351,22.983921,交通事故,一般地址,臺南市仁德區大發路段46號,2,陰,50,單路部分,路段,無號誌,車與車,未注意車前狀態
11006ACA91B1806,20210629,120.278736,22.968571,交通事故,一般地址,臺南市歸仁區南興里中山路三段段390號,1,晴,50,交岔路,交叉路口,行車管制號誌,車與車,未注意車前狀態
11006ACA91B1807,20210608,120.329446,22.960499,交通事故,一般地址,臺南市關廟區香洋里中央路段165號,2,晴,50,交岔路,交叉路口,閃光號誌,車與車,未注意車前狀態
11006ACA91B1817,20210629,120.302795,22.965841,交通事故,其他,臺南市歸仁區段號中山路一段與忠孝北路口,1,晴,50,交岔路,交叉路口,行車管制號誌,車與車,未保持行車安全距離
11006ACA91B1825,20210621,120.24311,22.960805,交通事故,一般地址,臺南市仁德區仁德里文華一街段89號,2,雨,30,交岔路,交叉路口,無號誌,車與車,左轉彎未依規定
11006ACA91B1827,20210628,120.333788,22.940246,交通事故,一般地址,臺南市關廟區南雄路1段490號,1,雨,50,單路部分,路段,無號誌,車與車,逆向行駛
11006ACA91B1846,20210629,120.261884,22.972877,交通事故,交叉路口,臺南市仁德區一甲里義林路段256號義林十二街,2,陰,50,交岔路,交叉路口,閃光號誌,車與車,未依規定讓車
11006ACA91B1867,20210629,120.329815,22.953795,交通事故,一般地址,臺南市關廟區南雄路1段919號,2,雨,50,單路部分,路段,無號誌,車與車,倒車未依規定
11006ACA91B1885,20210630,120.281159,22.968197,交通事故,交叉路口,臺南市歸仁區南保里中山路3段號民生南街,2,晴,50,交岔路,交叉路口,行車管制號誌,車與車,迴轉未依規定
11006ACA91B1888,20210628,120.240453,22.95911,交通事故,交叉路口,臺南市仁德區民安路一段段號文華路3,1,晴,50,交岔路,交叉路口,行車管制號誌,車與車,逆向行駛
11006ACA91B1924,20210625,120.258681,22.970738,交通事故,一般地址,臺南市仁德區仁德里中山路段339號,1,晴,50,單路部分,路段,無號誌,車與車,倒車未依規定
11006ACA91B1933,20210630,120.277697,22.954623,交通事故,其他,臺南市歸仁區段號歸南里台三九、民生十二街,1,晴,50,交岔路,交叉路口,行車管制號誌,車與車,左轉彎未依規定
11006ACA91B1935,20210625,120.248585,22.990329,交通事故,交叉路口,臺南市仁德區高速一街段號太子路,1,晴,50,單路部分,路段,無號誌,車與車,右轉彎未依規定
11006ACA91B1937,20210624,120.25374,22.934722,交通事故,一般地址,臺南市仁德區上崙里崑崙路段308號,1,晴,50,單路部分,路段,無號誌,車與車,未注意車前狀態
11006ACA91B1938,20210624,120.242347,22.958365,交通事故,交叉路口,臺南市仁德區民安路段號文華一街,1,晴,50,交岔路,交叉路口,行車管制號誌,車與車,左轉彎未依規定
11006ACA91B1939,20210630,120.27945,22.99377,交通事故,其他,臺南市歸仁區段號台39與大廟二街附近,1,晴,50,單路部分,路段,無號誌,車與車,倒車未依規定
11006ACA91B1942,20210630,120.260484,22.988871,交通事故,其他,臺南市仁德區段號中正路三段與土庫三街口,1,晴,50,交岔路,交叉路口,行車管制號誌,車與車,不明原因肇事
11006ACA91B1943,20210625,120.328448,22.962516,交通事故,其他,臺南市關廟區段號中正路與南雄路口,1,雨,60,交岔路,交叉路口,行車管制號誌,車與車,不明原因肇事
11006ACA91B1946,20210624,120.325749,22.957691,交通事故,交叉路口,臺南市關廟區民生街段號民生街115,1,雨,50,交岔路,交叉路口,無號誌,車與車,未依規定讓車
11006ACA91B1969,20210620,120.294548,22.966837,交通事故,一般地址,臺南市歸仁區歸仁里中山路1段568號,1,雨,50,圓環廣場,路段,無號誌,車與車,未依規定讓車
11006ACA91B1971,20210614,120.225695,22.918616,交通事故,交叉路口,臺南市仁德區二行里二仁路一段段315號中正西路202,1,晴,50,交岔路,交叉路口,無號誌,車與車,未依規定讓車
11006ACA91B1974,20210626,120.282313,22.97044,交通事故,交叉路口,臺南市歸仁區南興里文化街3段號文化十二街,2,晴,50,交岔路,交叉路口,無號誌,車與車,左轉彎未依規定
11006ACA91B1975,20210620,120.274704,22.952356,交通事故,其他,臺南市歸仁區段號六甲里台三九、六甲路365巷,1,晴,40,交岔路,交叉路口,無號誌,車與車,右轉彎未依規定
11006ACA91B1977,20210625,120.241644,22.963867,交通事故,一般地址,臺南市仁德區新田里文華路3段212號,1,晴,50,單路部分,路段,無號誌,車與車,未注意車前狀態
11006ACA91B1987,20210629,120.327135,22.959367,交通事故,其他,臺南市關廟區段號中山路二段與大富街、民生街218巷口,1,陰,50,交岔路,交叉路口,無號誌,車與車,未依規定讓車
11006ACA91B1990,20210630,120.292526,22.969587,交通事故,交叉路口,臺南市歸仁區民族北街段號文化街二段,1,陰,50,交岔路,交叉路口,行車管制號誌,車與車,迴轉未依規定
11006ACA91B1992,20210623,120.327979,22.960462,交通事故,交叉路口,臺南市關廟區香洋里南雄路2段號巡府路,1,晴,50,交岔路,交叉路口,無號誌,車與車,未依規定讓車
11006ACA91B2010,20210626,120.227541,22.959281,交通事故,交叉路口,臺南市仁德區成功里保華路段號崇德路,2,晴,50,交岔路,交叉路口,行車管制號誌,車與車,違反號誌管制或指揮
11006ACA91B2012,20210630,120.231198,22.944288,交通事故,其他,臺南市仁德區段號文華路靠近虎山橋,1,晴,50,單路部分,路段,無號誌,汽(機)車本身,不明原因肇事