案件編號,發生日期,GPS經度,GPS緯度,案件類別名稱,地址類型名稱,發生縣市名稱,受傷人數,天候名稱, 速限-第1當事者,道路型態大類別名稱,事故位置大類別名稱,號誌-號誌種類名稱,事故類型及型態大類別名稱,肇因研判子類別名稱-主要
11006ACA91B2016,20210629,120.282598,22.969358,交通事故,交叉路口,臺南市歸仁區南興里保興一街段號保興街55,1,晴,50,交岔路,交叉路口,無號誌,車與車,未依規定讓車
11006ACA91B2035,20210623,120.220865,22.937813,交通事故,其他,臺南市仁德區段號二仁路二段往南(近機場路與文華路口),1,雨,70,單路部分,路段,無號誌,汽(機)車本身,未注意車前狀態
11006ACA91B2038,20210628,120.269846,22.910519,交通事故,交叉路口,臺南市歸仁區長榮路段號中正南路,2,雨,50,交岔路,交叉路口,行車管制號誌,車與車,不明原因肇事
11006ACA91B2039,20210612,120.223203,22.923937,交通事故,交叉路口,臺南市仁德區二仁路一段段號二仁路一段315,1,晴,50,交岔路,交叉路口,行車管制號誌,車與車,違反號誌管制或指揮
11006ACA91B2041,20210623,120.254236,22.970301,交通事故,交叉路口,臺南市仁德區仁義一街段號仁義一街102,1,雨,30,交岔路,交叉路口,閃光號誌,車與車,未依規定讓車
11006ACA91B2042,20210622,120.326689,22.960762,交通事故,交叉路口,臺南市關廟區巡府路段號忠孝街,1,雨,30,交岔路,交叉路口,無號誌,車與車,不明原因肇事
11006ACA91B2044,20210622,120.252961,22.967355,交通事故,一般地址,臺南市仁德區中正路二段段1030號0,1,雨,50,交岔路,交叉路口,行車管制號誌,車與車,不明原因肇事
11006ACA91B2049,20210628,120.255649,22.979369,交通事故,一般地址,臺南市仁德區一甲里中正路三段段256號,1,陰,50,單路部分,路段,無號誌,汽(機)車本身,未注意車前狀態
11006ACA91B2050,20210629,120.231117,22.960008,交通事故,交叉路口,臺南市仁德區成功里成功三街段號保華路,1,陰,30,交岔路,交叉路口,無號誌,車與車,未依規定讓車
11006ACA91B2055,20210608,120.281424,22.955229,交通事故,其他,臺南市歸仁區段號中正南路846號,2,晴,50,單路部分,路段,無號誌,車與車,未注意車前狀態
11006ACA91B2059,20210629,120.294085,22.965638,交通事故,其他,臺南市歸仁區段號中正南路與復興路口,2,晴,50,交岔路,交叉路口,行車管制號誌,車與車,未依規定讓車
11006ACA91B2062,20210629,120.20606,22.926825,交通事故,其他,臺南市仁德區段號台86往東3.5K,2,暴雨,90,單路部分,路段,無號誌,汽(機)車本身,不明原因肇事
11006ACA91B2064,20210613,120.26906,22.991602,交通事故,交叉路口,臺南市仁德區太子路段號太子路86,1,晴,50,交岔路,交叉路口,行車管制號誌,車與車,違反號誌管制或指揮
11006ACA91B2067,20210625,120.327979,22.960462,交通事故,交叉路口,臺南市關廟區南雄路段號巡府路,2,雨,50,交岔路,交叉路口,無號誌,車與車,不明原因肇事
11006ACA91B2069,20210609,120.301993,22.960539,交通事故,其他,臺南市歸仁區段號成功路一段211號前,2,陰,50,交岔路,交叉路口,閃光號誌,車與車,未注意車前狀態
11006ACA91B2074,20210615,120.254694,22.968205,交通事故,其他,臺南市仁德區段號仁義路82號,1,晴,50,單路部分,路段,無號誌,車與車,迴轉未依規定
11006ACA91B2075,20210624,120.327663,22.958413,交通事故,交叉路口,臺南市關廟區南雄路段號大仁街,1,晴,50,交岔路,交叉路口,行車管制號誌,汽(機)車本身,不明原因肇事
11006ACA91B2078,20210628,120.292852,22.990392,交通事故,一般地址,臺南市歸仁區中正北路3段16號,1,晴,50,單路部分,路段,無號誌,汽(機)車本身,尚未發現肇事因素
11006ACA91B2081,20210604,120.267735,22.910326,交通事故,一般地址,臺南市歸仁區長榮路1段89號,1,晴,50,單路部分,路段,無號誌,汽(機)車本身,不明原因肇事
11006ACA91B2087,20210601,120.297526,22.971981,交通事故,其他,臺南市歸仁區段號忠孝北路與大德街口,1,晴,50,交岔路,交叉路口,行車管制號誌,車與車,左轉彎未依規定
11006ACA91B2093,20210618,120.251471,22.971543,交通事故,交叉路口,臺南市仁德區仁德里中山路段號中正路二段,1,晴,50,交岔路,交叉路口,行車管制號誌,汽(機)車本身,不明原因肇事
11006ACA91B2094,20210615,120.265338,22.960632,交通事故,其他,臺南市仁德區段號新田二街(新甲高幹9Q0480CD03)電杆前,2,晴,30,單路部分,路段,無號誌,車與車,起步未注意其他車(人)安全
11006ACA91B2099,20210626,120.294003,22.966877,交通事故,一般地址,臺南市歸仁區後市里中山路2段2號0,1,晴,50,圓環廣場,其他,無號誌,車與車,未依規定讓車
11006ACA91B2107,20210608,120.251241,22.991165,交通事故,一般地址,臺南市仁德區太子里太子路段707號,1,晴,50,單路部分,其他,無號誌,車與車,其他引起事故之違規或不當行為
11006ACA91B2111,20210615,120.261864,22.970372,交通事故,一般地址,臺南市仁德區中山路段221號,1,陰,60,交岔路,交叉路口,行車管制號誌,汽(機)車本身,未注意車前狀態
11006ACA91B2112,20210626,120.290242,22.96523,交通事故,其他,臺南市歸仁區段號大順街及大吉路口,1,雨,50,交岔路,交叉路口,行車管制號誌,車與車,未保持行車安全距離
11006ACA91B2114,20210615,120.331443,22.951782,交通事故,其他,臺南市關廟區段號旺萊路9號對面,1,陰,50,單路部分,路段,無號誌,車與車,迴轉未依規定
11006ACA91B2122,20210601,120.26527,22.943189,交通事故,一般地址,臺南市仁德區上崙里崑崙路段880號,1,晴,50,單路部分,路段,無號誌,車與車,右轉彎未依規定
11006ACA91B2131,20210624,120.236999,22.9312,交通事故,其他,臺南市仁德區段號三甲一街510巷口,2,晴,50,交岔路,交叉路口,無號誌,車與車,未依規定讓車
11006ACA91B2132,20210619,120.284245,22.970385,交通事故,其他,臺南市歸仁區段號文化街三段167號前,1,陰,50,交岔路,交叉路口,無號誌,車與車,迴轉未依規定
11006ACA91B2133,20210613,120.278029,22.946983,交通事故,其他,臺南市歸仁區段號中正南路一段1209號前,2,晴,50,單路部分,路段,無號誌,車與車,右轉彎未依規定
11006ACA91B2134,20210601,120.333662,22.94403,交通事故,其他,臺南市關廟區段號南雄路一段510號前,2,晴,50,單路部分,路段,無號誌,車與車,左轉彎未依規定
11006ACA91B2136,20210608,120.29829,22.971342,交通事故,其他,臺南市歸仁區段號忠孝北路266巷口,1,晴,50,交岔路,交叉路口,無號誌,車與車,起步未注意其他車(人)安全
11006ACA91B2139,20210606,120.277936,22.952897,交通事故,其他,臺南市歸仁區段號六甲路226巷口,2,晴,50,交岔路,交叉路口,無號誌,車與車,未依規定讓車
11006ACA91B2140,20210607,120.29433,22.966766,交通事故,其他,臺南市歸仁區段號歸仁圓環,1,晴,50,圓環廣場,路段,無號誌,車與車,未注意車前狀態
11006ACA91B2141,20210611,120.252867,22.957285,交通事故,一般地址,臺南市仁德區新田里中正路2段596號,2,雨,50,交岔路,交叉路口,行車管制號誌,車與車,未注意車前狀態
11006ACA91B2142,20210611,120.327179,22.962144,交通事故,一般地址,臺南市關廟區香洋里忠孝街段106號,1,晴,30,交岔路,交叉路口,無號誌,車與車,右轉彎未依規定
11006ACA91B2144,20210601,120.24023,22.941904,交通事故,其他,臺南市仁德區段號田厝二街與台86線便道口,2,晴,50,交岔路,交叉路口,無號誌,車與車,未依規定讓車
11006ACA91B2146,20210624,120.278463,22.952384,交通事故,其他,臺南市歸仁區段號六甲路221號,1,晴,50,單路部分,路段,無號誌,車與車,開啟車門不當而肇事
11006ACA91B2153,20210625,120.239805,22.924444,交通事故,交叉路口,臺南市仁德區中正路1段號永德路,1,雨,50,交岔路,交叉路口,行車管制號誌,車與車,違反號誌管制或指揮
11006ACA91B2154,20210620,120.235285,22.921461,交通事故,交叉路口,臺南市仁德區中山路段號中正路一段,1,晴,50,單路部分,路段,行車管制號誌,車與車,未注意車前狀態
11006ACA91B2155,20210604,120.249844,22.971908,交通事故,其他,臺南市仁德區段號中山路東側、國道匝道下,1,晴,50,交岔路,交叉路口,行車管制號誌,車與車,違反號誌管制或指揮
11006ACA91B2156,20210610,120.263532,22.941896,交通事故,交叉路口,臺南市仁德區義林南路段號崑崙路,2,晴,50,交岔路,交叉路口,行車管制號誌,車與車,左轉彎未依規定
11006ACA91B2157,20210628,120.328276,22.96119,交通事故,一般地址,臺南市關廟區南雄路2段56號,1,陰,50,單路部分,路段,無號誌,車與車,不明原因肇事
11006ACA91B2158,20210622,120.337854,22.959224,交通事故,一般地址,臺南市關廟區旺萊路段459號,2,晴,50,單路部分,路段,無號誌,車與車,變換車道或方向不當
11006ACA91B2160,20210622,120.253532,22.953905,交通事故,交叉路口,臺南市仁德區北保路段180號北保東路,2,陰,30,交岔路,交叉路口,無號誌,車與車,未依規定讓車
11006ACA91B2170,20210617,120.29471,22.986826,交通事故,一般地址,臺南市歸仁區中正北路2段418號,1,晴,30,單路部分,路段,無號誌,車與車,未保持行車安全間隔
11006ACA91B2175,20210604,120.225837,22.918584,交通事故,交叉路口,臺南市仁德區中正路一段段號二仁路一段,1,晴,50,交岔路,交叉路口,行車管制號誌,車與車,未保持行車安全距離
11006ACA91B2177,20210605,120.330964,22.95826,交通事故,一般地址,臺南市關廟區民族街段85號0,1,陰,30,單路部分,路段,無號誌,車與車,不明原因肇事
11006ACA91B2179,20210601,120.256732,22.948233,交通事故,一般地址,臺南市仁德區德善路段221號0,1,陰,50,交岔路,交叉路口,無號誌,汽(機)車本身,不明原因肇事
11006ACA91B2180,20210608,120.251263,22.948779,交通事故,交叉路口,臺南市仁德區中正路段號德南路,2,晴,50,交岔路,交叉路口,閃光號誌,車與車,不明原因肇事
11006ACA91B2210,20210630,120.251603,22.949013,交通事故,其他,臺南市仁德區段號德安路與德糖路口,1,晴,50,交岔路,交叉路口,行車管制號誌,車與車,右轉彎未依規定
11006ACA91B2228,20210629,120.301629,22.962603,交通事故,交叉路口,臺南市歸仁區仁愛五街段號成功六街,2,雨,30,交岔路,交叉路口,無號誌,車與車,未依規定讓車
11006ACA91B2230,20210611,120.260713,22.953613,交通事故,交叉路口,臺南市仁德區義林南路段號義林南路961,1,晴,30,交岔路,交叉路口,行車管制號誌,車與車,左轉彎未依規定
11006ACA91B2251,20210616,120.230348,22.941069,交通事故,其他,臺南市仁德區段號文華路二段358巷88號,2,陰,30,單路部分,路段,無號誌,車與車,未注意車前狀態
11006ACA91B2252,20210615,120.333044,22.945706,交通事故,其他,臺南市關廟區段號南雄路一段580巷口,1,晴,30,交岔路,交叉路口,無號誌,車與車,未依規定讓車
11006ACA91B2256,20210625,120.260545,22.970454,交通事故,其他,臺南市仁德區段號中山路295號前,1,陰,50,單路部分,路段,無號誌,車與車,未保持行車安全間隔
11006ACA91B2264,20210607,120.255513,22.991371,交通事故,一般地址,臺南市仁德區太子路段384號,1,晴,50,單路部分,路段,無號誌,車與車,變換車道或方向不當
11006ACA91B2275,20210627,120.260759,22.953638,交通事故,其他,臺南市仁德區段號義林南路與民安路二段97巷口,1,雨,50,交岔路,交叉路口,行車管制號誌,車與車,違反號誌管制或指揮
11006ACA91B2280,20210618,120.292125,22.936671,交通事故,其他,臺南市歸仁區段號南157線,1,晴,50,交岔路,交叉路口,無號誌,車與車,左轉彎未依規定
11006ACA91B2281,20210618,120.273918,22.952199,交通事故,無,臺南市歸仁區段號,1,晴,50,交岔路,交叉路口,行車管制號誌,車與車,違反號誌管制或指揮
11006ACA91B2282,20210611,120.325951,22.957508,交通事故,交叉路口,臺南市關廟區民生街段號大仁街,1,陰,50,交岔路,交叉路口,閃光號誌,車與車,未依規定讓車
11006ACAY1B0149,20210602,120.235812,22.923898,交通事故,其他,臺南市仁德區段號文賢二街8巷,1,陰,40,單路部分,路段,無號誌,汽(機)車本身,尚未發現肇事因素
11006ACAY1B1719,20210626,120.221063,22.937219,交通事故,其他,臺南市仁德區段號成功里二仁路二段與文華路二段路口,1,晴,40,交岔路,交叉路口,行車管制號誌,車與車,不明原因肇事
11006ACAY1B1833,20210617,120.235669,22.923474,交通事故,其他,臺南市仁德區段號文賢路一段876號前(事後報案),1,晴,50,單路部分,路段,無號誌,車與車,未注意車前狀態
11006ACB91A0001,20210601,120.275061,23.046686,交通事故,交叉路口,臺南市永康區王行路段號永科王田大道,0,晴,50,交岔路,交叉路口,行車管制號誌,汽(機)車本身,未注意車前狀態
11006ACB91A0016,20210630,120.262097,23.046378,交通事故,一般地址,臺南市永康區中正北路段713號0,0,晴,40,單路部分,路段,無號誌,車與車,未注意車前狀態
11006ACB91B0009,20210601,120.222601,23.019992,交通事故,交叉路口,臺南市永康區大武街段號正新街,1,晴,50,交岔路,交叉路口,無號誌,車與車,不明原因肇事
11006ACB91B0021,20210601,120.226746,23.0181,交通事故,一般地址,臺南市永康區西橋里中華西街段250號,1,晴,50,交岔路,交叉路口,行車管制號誌,車與車,起步未注意其他車(人)安全
11006ACB91B0026,20210601,120.224211,23.022154,交通事故,交叉路口,臺南市永康區南台街段號南台街3,1,晴,50,交岔路,交叉路口,無號誌,車與車,倒車未依規定
11006ACB91B0040,20210601,120.248373,23.012265,交通事故,一般地址,臺南市永康區復國二路段208號,2,晴,50,交岔路,交叉路口,無號誌,車與車,未注意車前狀態
11006ACB91B0043,20210601,120.225091,23.027706,交通事故,一般地址,臺南市永康區正南一街段200號,1,晴,50,單路部分,路段,無號誌,車與車,未依規定讓車
11006ACB91B0045,20210602,120.237794,23.000767,交通事故,其他,臺南市永康區段號華興街88號前,1,晴,50,單路部分,路段,無號誌,汽(機)車本身,不明原因肇事
11006ACB91B0059,20210602,120.274942,23.018946,交通事故,一般地址,臺南市永康區富強路1段261號,2,晴,50,單路部分,路段,無號誌,車與車,起步未注意其他車(人)安全
11006ACB91B0061,20210601,120.285241,23.03347,交通事故,其他,臺南市永康區段號中山北路與王行東路口,2,晴,50,單路部分,路段,行車管制號誌,車與車,未保持行車安全距離
11006ACB91B0088,20210603,120.24712,23.013809,交通事故,一般地址,臺南市永康區國華街段1022號0,1,晴,30,交岔路,交叉路口,無號誌,車與車,未依規定讓車
11006ACB91B0100,20210603,120.239936,23.008539,交通事故,其他,臺南市永康區段號中華二路與中興街,1,晴,50,交岔路,交叉路口,行車管制號誌,車與車,其他引起事故之違規或不當行為
11006ACB91B0104,20210603,120.263115,23.037335,交通事故,交叉路口,臺南市永康區自強路段773號自強路7732,1,晴,30,交岔路,交叉路口,無號誌,車與車,未依規定讓車
11006ACB91B0109,20210601,120.262376,23.00107,交通事故,一般地址,臺南市永康區大灣路段688號,1,晴,50,單路部分,路段,無號誌,汽(機)車本身,未注意車前狀態
11006ACB91B0110,20210603,120.276773,23.020703,交通事故,其他,臺南市永康區段號西勢路與西勢路199巷,1,晴,30,交岔路,交叉路口,行車管制號誌,車與車,右轉彎未依規定
11006ACB91B0118,20210603,120.235656,23.023906,交通事故,一般地址,臺南市永康區東橋七路段357號0,1,晴,50,單路部分,路段,無號誌,汽(機)車本身,其他引起事故之違規或不當行為
11006ACB91B0120,20210603,120.273274,23.035392,交通事故,交叉路口,臺南市永康區王行路段號育樂街,2,晴,50,交岔路,交叉路口,行車管制號誌,車與車,違反號誌管制或指揮
11006ACB91B0121,20210602,120.235986,23.03264,交通事故,其他,臺南市永康區段號?平街92號前東側20公尺處,1,晴,50,單路部分,路段,無號誌,汽(機)車本身,未注意車前狀態
11006ACB91B0122,20210603,120.256976,23.032158,交通事故,一般地址,臺南市永康區自強路段445號,1,晴,50,單路部分,路段,無號誌,車與車,未注意車前狀態
11006ACB91B0134,20210603,120.239332,23.017822,交通事故,其他,臺南市永康區段號中山南路與東橋七路口,1,晴,50,單路部分,路段,行車管制號誌,車與車,未注意車前狀態
11006ACB91B0142,20210603,120.2586,23.014232,交通事故,交叉路口,臺南市永康區永華路段號永榮路,1,晴,50,交岔路,交叉路口,閃光號誌,車與車,未注意車前狀態
11006ACB91B0144,20210602,120.266441,23.028472,交通事故,一般地址,臺南市永康區中山北路段2641122號,2,晴,30,單路部分,路段,無號誌,車與車,起步未注意其他車(人)安全
11006ACB91B0148,20210602,120.253099,22.998346,交通事故,一般地址,臺南市永康區崑大路段195號,1,晴,50,單路部分,路段,行車管制號誌(附設行人專用號誌),汽(機)車本身,未注意車前狀態
11006ACB91B0150,20210602,120.235405,23.040582,交通事故,其他,臺南市永康區段號中正南路779巷10弄、中正南路779巷口,1,晴,30,交岔路,交叉路口,行車管制號誌,車與車,未依規定讓車
11006ACB91B0153,20210603,120.254094,23.030302,交通事故,其他,臺南市永康區段號中正路63號前,1,晴,50,單路部分,路段,無號誌,車與車,起步未注意其他車(人)安全
11006ACB91B0155,20210603,120.271461,23.011739,交通事故,交叉路口,臺南市永康區文賢街段號大灣路41,2,晴,50,交岔路,交叉路口,無號誌,汽(機)車本身,未注意車前狀態
11006ACB91B0159,20210604,120.222055,23.027035,交通事故,一般地址,臺南市永康區中正南路段240號0,1,晴,50,單路部分,路段,無號誌,車與車,未保持行車安全距離
11006ACB91B0166,20210604,120.249853,23.027284,交通事故,其他,臺南市永康區段號自強路197號,1,晴,50,交岔路,交叉路口,無號誌,車與車,未依規定讓車
11006ACB91B0172,20210604,120.249078,23.006691,交通事故,其他,臺南市永康區段號復興路與高速二街,1,晴,50,交岔路,交叉路口,行車管制號誌,車與車,右轉彎未依規定
11006ACB91B0177,20210604,120.267826,23.007304,交通事故,交叉路口,臺南市永康區大灣路段號民族路,1,晴,50,交岔路,交叉路口,行車管制號誌,車與車,未保持行車安全間隔
11006ACB91B0186,20210604,120.218154,23.023511,交通事故,交叉路口,臺南市永康區中華路段號中正南路,1,晴,50,交岔路,交叉路口,行車管制號誌,車與車,違反特定標誌(線)禁制
11006ACB91B0189,20210604,120.270692,23.011695,交通事故,交叉路口,臺南市永康區大灣路段號大灣路74,1,晴,50,交岔路,交叉路口,無號誌,車與車,未依規定讓車
11006ACB91B0192,20210604,120.245462,23.006598,交通事故,交叉路口,臺南市永康區復國一路段173號復國一路17334,1,晴,30,交岔路,交叉路口,無號誌,車與車,未依規定讓車
11006ACB91B0194,20210604,120.24415,23.01704,交通事故,一般地址,臺南市永康區復國一路段58611號,1,晴,30,交岔路,交叉路口,無號誌,車與車,爭(搶)道行駛
11006ACB91B0202,20210604,120.243993,23.02027,交通事故,其他,臺南市永康區段號中山南路與忠孝路口,1,晴,50,交岔路,交叉路口,行車管制號誌(附設行人專用號誌),車與車,違反號誌管制或指揮
11006ACB91B0203,20210604,120.241232,23.033692,交通事故,一般地址,臺南市永康區中正二街段523號,2,晴,50,單路部分,路段,無號誌,車與車,尚未發現肇事因素
11006ACB91B0206,20210603,120.234528,23.017496,交通事故,其他,臺南市永康區段號東橋一路腳踏車專用道,2,晴,0,單路部分,其他,無號誌,車與車,違反特定標誌(線)禁制
11006ACB91B0209,20210602,120.26324,23.016185,交通事故,一般地址,臺南市永康區永大路2段936號,1,晴,50,單路部分,路段,無號誌,車與車,起步未注意其他車(人)安全
11006ACB91B0214,20210604,120.223446,23.028266,交通事故,一般地址,臺南市永康區尚頂里中正南路段270號,1,晴,50,單路部分,其他,閃光號誌,汽(機)車本身,未注意車前狀態
11006ACB91B0224,20210605,120.261263,22.998792,交通事故,交叉路口,臺南市永康區大灣東路段號南興路,2,雨,50,交岔路,交叉路口,行車管制號誌,車與車,未保持行車安全間隔
11006ACB91B0229,20210605,120.259408,23.010724,交通事故,其他,臺南市永康區段號永華路209號,2,雨,50,單路部分,路段,無號誌,車與車,逆向行駛
11006ACB91B0233,20210605,120.259581,23.028554,交通事故,交叉路口,臺南市永康區埔聖街段81號埔聖街162,2,陰,50,交岔路,交叉路口,無號誌,車與車,未依規定讓車
11006ACB91B0241,20210605,120.242754,23.036278,交通事故,其他,臺南市永康區段號中正路與中正三街口,1,晴,50,交岔路,交叉路口,行車管制號誌,車與車,未注意車前狀態
11006ACB91B0242,20210603,120.255562,23.025512,交通事故,其他,臺南市永康區段號中山南路635號前,1,晴,50,交岔路,交叉路口,無號誌,車與車,未依規定讓車
11006ACB91B0244,20210605,120.221335,23.025289,交通事故,一般地址,臺南市永康區中正南路段22014號,1,雨,30,單路部分,路段,無號誌,車與車,未注意車前狀態
11006ACB91B0245,20210605,120.234296,23.004334,交通事故,一般地址,臺南市永康區中華一路段183號0,1,晴,50,交岔路,交叉路口,無號誌,車與車,未依規定讓車
11006ACB91B0246,20210605,120.266767,23.033036,交通事故,一般地址,臺南市永康區龍潭街段109號,1,雨,50,單路部分,路段,無號誌,人與汽(機)車,穿越道路未注意左右來車
11006ACB91B0251,20210604,120.25608,22.999533,交通事故,一般地址,臺南市永康區大灣路段813號,1,晴,50,交岔路,路段,無號誌,車與車,未保持行車安全距離
11006ACB91B0254,20210604,120.27305,23.015484,交通事故,一般地址,臺南市永康區富強路1段93號,2,晴,50,交岔路,交叉路口,行車管制號誌,車與車,未保持行車安全距離
11006ACB91B0285,20210606,120.22662,23.039986,交通事故,其他,臺南市永康區段號洲尾街191巷11弄與河堤道路路口,1,雨,40,交岔路,交叉路口,行車管制號誌,汽(機)車本身,其他引起事故之違規或不當行為
11006ACB91B0288,20210605,120.240194,23.009354,交通事故,其他,臺南市永康區段號南工街22號,2,陰,30,交岔路,交叉路口,無號誌,車與車,未依規定讓車
11006ACB91B0290,20210606,120.233811,23.008506,交通事故,交叉路口,臺南市永康區中華路段號中華二路,1,雨,50,交岔路,交叉路口,行車管制號誌,車與車,未保持行車安全距離
11006ACB91B0298,20210606,120.217994,23.023602,交通事故,一般地址,臺南市永康區中華路段1032號,1,雨,50,交岔路,交叉路口,行車管制號誌,車與車,未注意車前狀態
11006ACB91B0313,20210604,120.255923,23.030358,交通事故,一般地址,臺南市永康區中山路段111號,1,晴,50,單路部分,路段,無號誌,車與車,迴轉未依規定
11006ACB91B0317,20210604,120.231935,23.004477,交通事故,其他,臺南市永康區段號中華一路與勝利街197巷25弄,1,晴,30,交岔路,交叉路口,無號誌,車與車,其他引起事故之違規或不當行為
11006ACB91B0318,20210602,120.257313,23.022738,交通事故,其他,臺南市永康區段號永平街與永康街136巷,2,晴,50,交岔路,交叉路口,無號誌,車與車,未依規定讓車
11006ACB91B0320,20210601,120.239957,23.000777,交通事故,其他,臺南市永康區段號忠孝路與華興街,1,晴,50,交岔路,交叉路口,行車管制號誌,車與車,未依規定讓車
11006ACB91B0323,20210607,120.248514,22.998527,交通事故,其他,臺南市永康區段號復興路與高速一街二段口,2,陰,50,交岔路,交叉路口,行車管制號誌(附設行人專用號誌),車與車,違反號誌管制或指揮
11006ACB91B0326,20210607,120.256228,23.029978,交通事故,一般地址,臺南市永康區埔園里中山路段156-1號,1,晴,50,單路部分,路段,無號誌,車與車,開啟車門不當而肇事
11006ACB91B0348,20210601,120.242094,23.000103,交通事故,一般地址,臺南市永康區復興路段356713號,1,晴,30,單路部分,路段,無號誌,汽(機)車本身,其他引起事故之違規或不當行為
11006ACB91B0349,20210602,120.233455,23.018942,交通事故,一般地址,臺南市永康區東橋一路段165號,2,晴,50,單路部分,路段,無號誌,車與車,未注意車前狀態
11006ACB91B0353,20210602,120.26825,23.044427,交通事故,其他,臺南市永康區段號環工路75號前,2,晴,50,單路部分,路段,無號誌,車與車,未注意車前狀態
11006ACB91B0363,20210608,120.24712,23.009618,交通事故,交叉路口,臺南市永康區國華街段號復華三街,2,晴,50,交岔路,交叉路口,無號誌,車與車,未依規定讓車
11006ACB91B0366,20210601,120.262453,23.00242,交通事故,交叉路口,臺南市永康區大安街段號大灣一街,1,晴,50,交岔路,交叉路口,行車管制號誌,車與車,違反號誌管制或指揮
11006ACB91B0367,20210607,120.261808,23.006902,交通事故,交叉路口,臺南市永康區永大路2段號國光六街,1,晴,50,交岔路,交叉路口,行車管制號誌,車與車,違反號誌管制或指揮
11006ACB91B0368,20210608,120.229122,23.044111,交通事故,其他,臺南市永康區段號鹽水溪防汛道路(鹽行里路燈301號),1,晴,50,單路部分,路段,無號誌,車與車,未注意車前狀態
11006ACB91B0370,20210607,120.245671,23.01042,交通事故,交叉路口,臺南市永康區復華里復華三街段76號復國一路315,2,晴,30,交岔路,交叉路口,閃光號誌,車與車,未依規定讓車
11006ACB91B0374,20210607,120.251519,23.030647,交通事故,其他,臺南市永康區段號正強街與中正路155巷,2,晴,50,交岔路,交叉路口,行車管制號誌,車與車,逆向行駛
11006ACB91B0383,20210607,120.243459,23.005497,交通事故,一般地址,臺南市永康區復華一街段110號,1,晴,50,單路部分,路段,無號誌,汽(機)車本身,未注意車前狀態
11006ACB91B0407,20210609,120.270859,23.008064,交通事故,交叉路口,臺南市永康區大灣六街段80號大灣六街8036,1,晴,30,交岔路,交叉路口,無號誌,車與車,未依規定讓車
11006ACB91B0410,20210609,120.25858,23.03871,交通事故,其他,臺南市永康區段號永大路3段469巷與八德街140巷,1,晴,30,交岔路,交叉路口,無號誌,車與車,右轉彎未依規定
11006ACB91B0413,20210609,120.240046,22.9987,交通事故,一般地址,臺南市永康區復興路段410號0,1,晴,50,單路部分,路段,無號誌,車與車,違反特定標誌(線)禁制
11006ACB91B0416,20210608,120.253303,23.024219,交通事故,一般地址,臺南市永康區中山南路段567號,1,晴,50,單路部分,路段,無號誌,車與車,未注意車前狀態
11006ACB91B0418,20210609,120.215172,23.020987,交通事故,其他,臺南市永康區段號小北路30號,2,晴,50,單路部分,路段,無號誌,車與車,未注意車前狀態
11006ACB91B0420,20210607,120.23687,23.015619,交通事故,其他,臺南市永康區段號中山南路354號後方,1,陰,30,單路部分,其他,無號誌,車與車,倒車未依規定
11006ACB91B0431,20210608,120.22573,23.018767,交通事故,交叉路口,臺南市永康區中華路段號大橋三街,1,晴,50,交岔路,交叉路口,行車管制號誌(附設行人專用號誌),車與車,未依規定讓車
11006ACB91B0432,20210609,120.255969,22.999616,交通事故,交叉路口,臺南市永康區大灣路段號大灣路896,1,晴,50,交岔路,交叉路口,無號誌,車與車,變換車道或方向不當
11006ACB91B0434,20210609,120.245579,23.020592,交通事故,一般地址,臺南市永康區中山南路段746號0,1,晴,50,交岔路,交叉路口,行車管制號誌,車與車,未依規定讓車
11006ACB91B0435,20210609,120.238593,23.043095,交通事故,其他,臺南市永康區段號仁愛街與三村一街口,1,晴,50,交岔路,交叉路口,行車管制號誌,車與車,其他引起事故之違規或不當行為
11006ACB91B0436,20210608,120.256898,23.034486,交通事故,交叉路口,臺南市永康區龍埔街段號埔東街,1,晴,50,交岔路,交叉路口,閃光號誌,車與車,左轉彎未依規定
11006ACB91B0439,20210609,120.229152,23.020051,交通事故,一般地址,臺南市永康區大橋二街段130號0,2,晴,50,單路部分,路段,無號誌,車與車,未注意車前狀態
11006ACB91B0440,20210608,120.234116,23.042409,交通事故,交叉路口,臺南市永康區鹽洲二街段號鹽洲一街63,1,晴,50,交岔路,交叉路口,無號誌,車與車,迴轉未依規定
11006ACB91B0472,20210610,120.250601,23.031287,交通事故,一般地址,臺南市永康區中正路段256號,1,晴,30,單路部分,路段,無號誌,車與車,起步未注意其他車(人)安全
11006ACB91B0474,20210610,120.246069,23.001879,交通事故,交叉路口,臺南市永康區復國路段號興國街,1,晴,50,交岔路,交叉路口,行車管制號誌,車與車,左轉彎未依規定
11006ACB91B0476,20210610,120.215908,23.023346,交通事故,交叉路口,臺南市永康區中華路段號中央路,2,晴,50,交岔路,交叉路口,行車管制號誌,車與車,方向操縱系統故障
11006ACB91B0477,20210604,120.251379,23.041905,交通事故,其他,臺南市永康區段號中正北路326.5K,2,晴,50,單路部分,路段,無號誌,車與車,未保持行車安全距離
11006ACB91B0486,20210608,120.250511,23.017611,交通事故,其他,臺南市永康區段號永二街與高速二街口,2,晴,50,交岔路,交叉路口,行車管制號誌,車與車,起步未注意其他車(人)安全
11006ACB91B0490,20210610,120.270836,23.007603,交通事故,一般地址,臺南市永康區大灣六街段8032號,2,晴,30,交岔路,交叉路口,無號誌,車與車,爭(搶)道行駛
11006ACB91B0491,20210608,120.241425,23.049013,交通事故,其他,臺南市永康區段號永安路與仁愛街口,1,晴,50,交岔路,交叉路口,行車管制號誌,車與車,起步未注意其他車(人)安全