案件編號,發生日期,GPS經度,GPS緯度,案件類別名稱,地址類型名稱,發生縣市名稱,受傷人數,天候名稱, 速限-第1當事者,道路型態大類別名稱,事故位置大類別名稱,號誌-號誌種類名稱,事故類型及型態大類別名稱,肇因研判子類別名稱-主要
11006ACB91B0500,20210610,120.26378,23.037116,交通事故,其他,臺南市永康區段號自強路792號前,2,晴,50,單路部分,路段,無號誌,車與車,橫越道路不慎
11006ACB91B0510,20210608,120.271897,23.002797,交通事故,交叉路口,臺南市永康區民族路段號大灣東路,1,晴,50,交岔路,交叉路口,行車管制號誌,車與車,左轉彎未依規定
11006ACB91B0516,20210608,120.235252,23.004706,交通事故,一般地址,臺南市永康區勝利里中華路段199號,1,晴,50,單路部分,路段,無號誌,車與車,未注意車前狀態
11006ACB91B0522,20210608,120.222568,23.022484,交通事故,交叉路口,臺南市永康區南台街段號南台街45,2,晴,50,交岔路,交叉路口,閃光號誌,車與車,未依規定讓車
11006ACB91B0539,20210611,120.26472,23.037996,交通事故,交叉路口,臺南市永康區龍橋街段130號自強路872,1,晴,30,交岔路,交叉路口,無號誌,車與車,未依規定讓車
11006ACB91B0550,20210610,120.275315,23.051372,交通事故,交叉路口,臺南市永康區王行路段號環工路,1,雨,50,交岔路,交叉路口,行車管制號誌,車與車,未依規定讓車
11006ACB91B0553,20210611,120.270984,23.002294,交通事故,交叉路口,臺南市永康區大灣東路段號大灣東路22,1,晴,50,交岔路,交叉路口,無號誌,車與車,逆向行駛
11006ACB91B0558,20210611,120.251571,23.035375,交通事故,交叉路口,臺南市永康區四維街段號龍埔街,2,晴,50,交岔路,交叉路口,行車管制號誌,車與車,未依規定讓車
11006ACB91B0567,20210610,120.249648,22.996658,交通事故,一般地址,臺南市永康區復興路段130號,1,雨,30,單路部分,路段,無號誌,車與車,未靠右行駛
11006ACB91B0579,20210611,120.278787,23.020747,交通事故,交叉路口,臺南市永康區西勢路段號廣盛街,1,陰,50,交岔路,交叉路口,行車管制號誌,汽(機)車本身,未注意車前狀態
11006ACB91B0580,20210610,120.243191,23.052696,交通事故,其他,臺南市永康區段號仁愛街400號前(路燈編號340166),1,雨,50,單路部分,路段,無號誌,車與車,未依規定讓車
11006ACB91B0582,20210611,120.271936,23.013818,交通事故,交叉路口,臺南市永康區富強路1段號富強路12,1,晴,30,交岔路,交叉路口,閃光號誌,車與車,未依規定讓車
11006ACB91B0585,20210610,120.234886,23.01486,交通事故,一般地址,臺南市永康區中山南路段282號,1,陰,50,單路部分,路段,行車管制號誌,車與車,不明原因肇事
11006ACB91B0586,20210611,120.28156,23.049128,交通事故,其他,臺南市永康區段號王行東路編號344087路燈旁,1,雨,50,單路部分,路段,無號誌,車與車,未保持行車安全距離
11006ACB91B0595,20210605,120.224827,23.019457,交通事故,其他,臺南市永康區段號中華路永康陸橋上,2,雨,40,單路部分,路段,無號誌,車與車,未保持行車安全距離
11006ACB91B0599,20210612,120.271633,23.006655,交通事故,交叉路口,臺南市永康區文賢街段號大灣六街,1,晴,50,交岔路,交叉路口,無號誌,車與車,未注意車前狀態
11006ACB91B0600,20210611,120.262349,23.007761,交通事故,一般地址,臺南市永康區永大路1段132號,2,晴,50,單路部分,路段,無號誌,車與車,停車操作時，未注意其他車(人)安全
11006ACB91B0619,20210612,120.26654,23.031699,交通事故,交叉路口,臺南市永康區中山北路段499號龍國街,1,晴,40,交岔路,交叉路口,無號誌,車與車,未依規定讓車
11006ACB91B0626,20210612,120.250144,23.041795,交通事故,一般地址,臺南市永康區中正北路段號,2,晴,50,交岔路,交叉路口,行車管制號誌,車與車,違規超車
11006ACB91B0641,20210612,120.245961,23.004302,交通事故,一般地址,臺南市永康區復國一路段83號,2,晴,50,單路部分,路段,無號誌,車與車,違反特定標誌(線)禁制
11006ACB91B0643,20210612,120.251571,23.035375,交通事故,交叉路口,臺南市永康區四維街段號龍埔街,1,晴,50,交岔路,交叉路口,行車管制號誌,車與車,違反特定標誌(線)禁制
11006ACB91B0645,20210612,120.253272,23.030678,交通事故,其他,臺南市永康區段號中正祿109號,2,晴,50,交岔路,交叉路口,行車管制號誌,車與車,違反號誌管制或指揮
11006ACB91B0660,20210611,120.221129,23.022004,交通事故,其他,臺南市永康區段號中華路1008號前,1,晴,50,單路部分,路段,行車管制號誌,車與車,未注意車前狀態
11006ACB91B0669,20210608,120.234018,23.008507,交通事故,其他,臺南市永康區段號中華路與中華二路口,1,晴,50,交岔路,交叉路口,行車管制號誌(附設行人專用號誌),車與車,未注意車前狀態
11006ACB91B0675,20210609,120.246159,23.006569,交通事故,其他,臺南市永康區段號復國一路與復國一路173巷,2,晴,50,交岔路,交叉路口,行車管制號誌,汽(機)車本身,其他引起事故之違規或不當行為
11006ACB91B0679,20210605,120.246348,22.998662,交通事故,交叉路口,臺南市永康區復興路段號復興路128,1,雨,40,交岔路,交叉路口,無號誌,汽(機)車本身,其他引起事故之違規或不當行為
11006ACB91B0682,20210611,120.244192,23.017076,交通事故,交叉路口,臺南市永康區復華十街段45號國華街,1,晴,30,交岔路,交叉路口,無號誌,車與車,未依規定讓車
11006ACB91B0686,20210612,120.271982,23.010732,交通事故,交叉路口,臺南市永康區信義街段號文賢街,1,晴,50,交岔路,交叉路口,行車管制號誌,車與車,違反號誌管制或指揮
11006ACB91B0688,20210611,120.225567,23.038293,交通事故,其他,臺南市永康區段號河堤道路與洲工街175巷口,2,晴,50,交岔路,交叉路口,行車管制號誌,車與車,違反號誌管制或指揮
11006ACB91B0693,20210612,120.234833,23.002224,交通事故,其他,臺南市永康區段號中華路121巷上,1,晴,50,單路部分,路段,無號誌,車與車,未依規定讓車
11006ACB91B0695,20210613,120.252482,23.030048,交通事故,交叉路口,臺南市永康區中正路段127號中正路12724,1,晴,30,交岔路,交叉路口,無號誌,車與車,未依規定讓車
11006ACB91B0701,20210613,120.251709,23.029931,交通事故,一般地址,臺南市永康區正強街段258號,1,晴,50,單路部分,其他,無號誌,汽(機)車本身,倒車未依規定
11006ACB91B0707,20210609,120.242618,22.998765,交通事故,一般地址,臺南市永康區復興路段288號,2,晴,50,交岔路,交叉路口,行車管制號誌,車與車,違反號誌管制或指揮
11006ACB91B0708,20210607,120.240993,22.998655,交通事故,其他,臺南市永康區段號復興路370號,2,晴,50,單路部分,路段,無號誌,人與汽(機)車,未保持行車安全間隔
11006ACB91B0710,20210608,120.24836,23.012295,交通事故,其他,臺南市永康區段號復華六街、復國二路口,1,晴,50,交岔路,交叉路口,無號誌,車與車,未依規定讓車
11006ACB91B0712,20210609,120.23753,23.005991,交通事故,其他,臺南市永康區段號中華路216巷、中華路216巷40弄口,1,陰,30,交岔路,交叉路口,無號誌,車與車,未依規定讓車
11006ACB91B0715,20210613,120.247487,23.012273,交通事故,其他,臺南市永康區段號國華街、復華六街口,1,晴,30,交岔路,交叉路口,無號誌,車與車,未依規定讓車
11006ACB91B0717,20210614,120.237941,23.041448,交通事故,其他,臺南市永康區段號中正北路與中正北路19巷,1,晴,50,交岔路,交叉路口,無號誌,車與車,未依規定讓車
11006ACB91B0723,20210614,120.246483,23.010723,交通事故,交叉路口,臺南市永康區復國一路段號復國一路329,2,晴,50,交岔路,交叉路口,無號誌,車與車,未注意車前狀態
11006ACB91B0747,20210611,120.228883,23.02868,交通事故,一般地址,臺南市永康區尚頂路段101號,1,雨,50,交岔路,交叉路口,行車管制號誌,車與車,不明原因肇事
11006ACB91B0753,20210614,120.221612,23.021367,交通事故,交叉路口,臺南市永康區中華路段號甲頂路,1,晴,50,交岔路,交叉路口,行車管制號誌,汽(機)車本身,尚未發現肇事因素
11006ACB91B0765,20210609,120.241536,23.008149,交通事故,其他,臺南市永康區段號忠孝路永康路燈1171號旁,1,晴,50,單路部分,路段,無號誌,汽(機)車本身,不明原因肇事
11006ACB91B0766,20210615,120.273319,23.042279,交通事故,交叉路口,臺南市永康區王行路段號永科一路,1,陰,50,交岔路,交叉路口,行車管制號誌,車與車,未保持行車安全間隔
11006ACB91B0780,20210615,120.263853,23.003998,交通事故,其他,臺南市永康區段號南灣街35號前,1,晴,50,單路部分,路段,無號誌,汽(機)車本身,未注意車前狀態
11006ACB91B0784,20210615,120.255535,23.030873,交通事故,一般地址,臺南市永康區自強路段432號,1,晴,50,單路部分,路段,無號誌,車與車,起步未注意其他車(人)安全
11006ACB91B0798,20210615,120.258645,23.02624,交通事故,交叉路口,臺南市永康區中山北路段號永明街,1,陰,50,交岔路,交叉路口,行車管制號誌(附設行人專用號誌),汽(機)車本身,不明原因肇事
11006ACB91B0802,20210615,120.216195,23.020274,交通事故,交叉路口,臺南市永康區中正南路段號中正南路52,1,晴,50,單路部分,路段,行車管制號誌,車與車,逆向行駛
11006ACB91B0806,20210615,120.260122,23.032162,交通事故,一般地址,臺南市永康區永大路3段302號,2,晴,50,單路部分,路段,無號誌,車與車,未注意車前狀態
11006ACB91B0820,20210614,120.231028,23.021251,交通事故,其他,臺南市永康區段號大橋二街與大橋一街247巷口,1,晴,50,交岔路,交叉路口,行車管制號誌,車與車,未依規定讓車
11006ACB91B0822,20210615,120.233541,23.038114,交通事故,其他,臺南市永康區段號中正南路與正南八街,1,晴,50,交岔路,交叉路口,行車管制號誌,車與車,未注意車前狀態
11006ACB91B0838,20210609,120.216247,23.01955,交通事故,其他,臺南市永康區段號中正南路30號,1,晴,50,單路部分,路段,無號誌,車與車,未依規定讓車
11006ACB91B0839,20210615,120.246092,23.02134,交通事故,其他,臺南市永康區段號中山南路365巷內(亞太高幹57號),1,陰,50,單路部分,路段,無號誌,汽(機)車本身,未注意車前狀態
11006ACB91B0841,20210616,120.273983,23.034313,交通事故,交叉路口,臺南市永康區王行路段號王行路246,1,晴,50,交岔路,交叉路口,閃光號誌,車與車,未保持行車安全距離
11006ACB91B0843,20210616,120.232328,23.01961,交通事故,交叉路口,臺南市永康區大橋一街段號大橋一街324,1,陰,30,交岔路,交叉路口,無號誌,車與車,未注意車前狀態
11006ACB91B0845,20210616,120.258923,23.017464,交通事故,交叉路口,臺南市永康區永大一路段110號0永大一路108,1,陰,50,單路部分,路段,無號誌,車與車,未依規定讓車
11006ACB91B0853,20210616,120.249735,22.998645,交通事故,其他,臺南市永康區段號復興路與復興路26巷,1,雨,50,交岔路,交叉路口,行車管制號誌,汽(機)車本身,其他引起事故之違規或不當行為
11006ACB91B0861,20210611,120.227914,23.019088,交通事故,其他,臺南市永康區段號大橋二街62-3號,1,晴,50,交岔路,交叉路口,行車管制號誌,車與車,未注意車前狀態
11006ACB91B0869,20210616,120.257186,23.047016,交通事故,其他,臺南市永康區段號蔦松三街96號,1,陰,50,交岔路,交叉路口,無號誌,車與車,右轉彎未依規定
11006ACB91B0872,20210603,120.260141,23.025204,交通事故,一般地址,臺南市永康區永明街段69號,1,晴,50,交岔路,交叉路口,行車管制號誌,車與車,違反號誌管制或指揮
11006ACB91B0873,20210614,120.221612,23.021367,交通事故,交叉路口,臺南市永康區中華路段號甲頂路,1,晴,50,交岔路,交叉路口,行車管制號誌,車與車,左轉彎未依規定
11006ACB91B0892,20210616,120.223415,23.021065,交通事故,交叉路口,臺南市永康區尚頂里大武街段號大武街71,1,晴,30,交岔路,交叉路口,無號誌,汽(機)車本身,未注意車前狀態
11006ACB91B0899,20210614,120.269446,23.027494,交通事故,其他,臺南市永康區段號中山北路344巷內,1,晴,30,單路部分,路段,無號誌,汽(機)車本身,酒醉(後)駕駛失控
11006ACB91B0929,20210617,120.233739,23.014379,交通事故,一般地址,臺南市永康區中山南路段193號,1,晴,50,單路部分,路段,行車管制號誌,汽(機)車本身,未注意車前狀態
11006ACB91B0930,20210617,120.272174,23.035233,交通事故,其他,臺南市永康區段號育樂街(近科工區),1,雨,50,單路部分,路段,無號誌,汽(機)車本身,未注意車前狀態
11006ACB91B0934,20210617,120.2704,23.032261,交通事故,一般地址,臺南市永康區龍國街段501號,1,晴,40,單路部分,路段,無號誌,車與車,未保持行車安全距離
11006ACB91B0943,20210615,120.257073,23.001313,交通事故,其他,臺南市永康區段號國光一街61號,1,晴,50,交岔路,交叉路口,無號誌,車與車,未依規定讓車
11006ACB91B0981,20210617,120.229982,23.013192,交通事故,交叉路口,臺南市永康區中山南路段號中山南路118,3,陰,50,交岔路,交叉路口,行車管制號誌,車與車,未注意車前狀態
11006ACB91B0987,20210617,120.257578,23.004411,交通事故,其他,臺南市永康區段號大仁街154號,1,晴,50,單路部分,路段,無號誌,車與車,未注意車前狀態
11006ACB91B0988,20210617,120.237363,23.041241,交通事故,交叉路口,臺南市永康區中正北路段號中正南路,1,雨,50,交岔路,交叉路口,行車管制號誌,人與汽(機)車,左轉彎未依規定
11006ACB91B0990,20210611,120.254033,23.018265,交通事故,交叉路口,臺南市永康區永二街段號永和街,1,晴,50,交岔路,交叉路口,行車管制號誌,車與車,未依規定讓車
11006ACB91B1004,20210615,120.238914,22.998713,交通事故,其他,臺南市永康區段號小東路639號,1,晴,50,交岔路,交叉路口,無號誌,車與車,未注意車前狀態
11006ACB91B1014,20210618,120.242843,22.9952,交通事故,一般地址,臺南市永康區復興路段277120之2號0,1,晴,30,交岔路,交叉路口,無號誌,車與車,未依規定讓車
11006ACB91B1017,20210618,120.233068,23.038574,交通事故,一般地址,臺南市永康區正南八街段18號,1,陰,50,單路部分,路段,無號誌,汽(機)車本身,其他引起事故之違規或不當行為
11006ACB91B1020,20210618,120.254466,23.03618,交通事故,一般地址,臺南市永康區中山路段456號,1,晴,50,交岔路,交叉路口,無號誌,車與車,倒車未依規定
11006ACB91B1022,20210618,120.213107,23.022814,交通事故,一般地址,臺南市永康區中華路段1025號,2,晴,50,單路部分,路段,無號誌,車與車,迴轉未依規定
11006ACB91B1042,20210618,120.270506,23.03221,交通事故,交叉路口,臺南市永康區中山北路段499號龍國街,2,陰,30,交岔路,交叉路口,無號誌,車與車,未依規定讓車
11006ACB91B1050,20210618,120.249858,23.024079,交通事故,交叉路口,臺南市永康區高速一街2段號中山南路471,2,晴,40,交岔路,交叉路口,行車管制號誌,車與車,違反號誌管制或指揮
11006ACB91B1061,20210616,120.264175,23.018224,交通事故,其他,臺南市永康區段號大同街641號前,1,陰,50,交岔路,交叉路口,無號誌,汽(機)車本身,路況危險無安全(警告)設施
11006ACB91B1075,20210618,120.252475,22.998819,交通事故,一般地址,臺南市永康區大灣路段967號,1,晴,50,交岔路,交叉路口,無號誌,車與車,未依規定讓車
11006ACB91B1078,20210601,120.246571,23.010897,交通事故,一般地址,臺南市永康區復國一路段342號,1,晴,40,單路部分,路段,無號誌,車與車,未注意車前狀態
11006ACB91B1079,20210619,120.243707,23.046284,交通事故,交叉路口,臺南市永康區永安路段號永安路165,1,晴,30,交岔路,交叉路口,行車管制號誌,車與車,迴轉未依規定
11006ACB91B1081,20210618,120.282494,23.04004,交通事故,其他,臺南市永康區段號王行東路(永康焚化爐)附近,1,晴,50,單路部分,路段,無號誌,汽(機)車本身,未注意車前狀態
11006ACB91B1084,20210606,120.247799,23.001106,交通事故,其他,臺南市永康區段號高速二街大灣交流道南下匝道口,1,雨,50,單路部分,路段,行車管制號誌,汽(機)車本身,未注意車前狀態
11006ACB91B1086,20210610,120.264995,23.005088,交通事故,其他,臺南市永康區段號大灣三街127號前,1,晴,50,單路部分,路段,無號誌,車與車,開啟車門不當而肇事
11006ACB91B1087,20210610,120.232613,23.014054,交通事故,其他,臺南市永康區段號中山南路162之4號對面,2,晴,50,單路部分,路段,無號誌,車與車,未保持行車安全距離
11006ACB91B1094,20210613,120.24732,23.004051,交通事故,其他,臺南市永康區段號復國二路38巷口,1,晴,30,交岔路,交叉路口,無號誌,車與車,未依規定讓車
11006ACB91B1104,20210608,120.236163,23.015731,交通事故,交叉路口,臺南市永康區中山南路段號東橋一路,2,晴,50,交岔路,交叉路口,行車管制號誌(附設行人專用號誌),車與車,未依規定讓車
11006ACB91B1108,20210618,120.25723,22.99975,交通事故,其他,臺南市永康區段號大灣路759號,1,晴,50,單路部分,路段,無號誌,車與車,違反特定標誌(線)禁制
11006ACB91B1110,20210618,120.235979,23.004429,交通事故,一般地址,臺南市永康區中華一路段146號,2,晴,50,單路部分,路段,無號誌,車與車,起步未注意其他車(人)安全
11006ACB91B1112,20210620,120.252045,23.026522,交通事故,其他,臺南市永康區段號正強街與正強街111巷口,1,陰,50,交岔路,交叉路口,行車管制號誌,車與車,違反號誌管制或指揮
11006ACB91B1115,20210619,120.234399,23.038919,交通事故,其他,臺南市永康區段號中正南路與正南五街口,1,晴,5,交岔路,交叉路口,行車管制號誌,車與車,未依規定讓車
11006ACB91B1117,20210619,120.234764,22.998404,交通事故,其他,臺南市永康區段號中華路與小東路,1,晴,50,交岔路,交叉路口,行車管制號誌(附設行人專用號誌),車與車,違反號誌管制或指揮
11006ACB91B1123,20210613,120.26993,23.010501,交通事故,交叉路口,臺南市永康區大灣路段號信義街,1,晴,50,交岔路,交叉路口,行車管制號誌,車與車,左轉彎未依規定
11006ACB91B1124,20210613,120.261353,23.013621,交通事故,交叉路口,臺南市永康區公園路段93號公園路,1,晴,50,單路部分,路段,無號誌,汽(機)車本身,其他引起事故之違規或不當行為
11006ACB91B1130,20210611,120.242135,23.043083,交通事故,交叉路口,臺南市永康區三村一街段號新行街,1,晴,50,交岔路,交叉路口,行車管制號誌,車與車,未依規定讓車
11006ACB91B1136,20210611,120.250493,23.022446,交通事故,交叉路口,臺南市永康區永興路段號中山南路,1,晴,50,交岔路,交叉路口,行車管制號誌(附設行人專用號誌),車與車,未依規定讓車
11006ACB91B1138,20210612,120.23102,23.010968,交通事故,交叉路口,臺南市永康區六合路段號六合路68,2,晴,30,交岔路,交叉路口,閃光號誌,車與車,未依規定讓車
11006ACB91B1139,20210615,120.237686,23.031804,交通事故,交叉路口,臺南市永康區中正二街段號?和街,1,晴,50,交岔路,交叉路口,閃光號誌,車與車,未依規定讓車
11006ACB91B1140,20210618,120.237922,23.040816,交通事故,一般地址,臺南市永康區中正路段994號,2,陰,50,單路部分,路段,無號誌,車與車,未注意車前狀態
11006ACB91B1141,20210620,120.255262,23.035269,交通事故,一般地址,臺南市永康區龍埔街段508號,1,雨,50,單路部分,路段,無號誌,車與車,起步未注意其他車(人)安全
11006ACB91B1144,20210620,120.266853,23.034714,交通事故,一般地址,臺南市永康區龍橋街段13號0,1,雨,30,單路部分,路段,無號誌,人與汽(機)車,未注意車前狀態
11006ACB91B1145,20210618,120.242668,23.052279,交通事故,一般地址,臺南市永康區仁愛街段357號,2,晴,50,單路部分,路段,無號誌,車與車,未依規定讓車
11006ACB91B1149,20210619,120.247516,23.01229,交通事故,交叉路口,臺南市永康區復華六街段號國華街,1,晴,30,交岔路,交叉路口,無號誌,車與車,未依規定讓車
11006ACB91B1162,20210618,120.269618,23.020913,交通事故,其他,臺南市永康區段號西勢路與中山北路344巷,1,晴,30,交岔路,交叉路口,行車管制號誌,車與車,未依規定讓車
11006ACB91B1167,20210602,120.256846,23.025888,交通事故,其他,臺南市永康區段號永康里中山南路651號前,1,晴,50,交岔路,交叉路口,無號誌,車與車,未依規定讓車
11006ACB91B1172,20210620,120.241227,23.019015,交通事故,交叉路口,臺南市永康區中山南路段號中山南路262,1,晴,50,交岔路,交叉路口,行車管制號誌,車與車,起步未注意其他車(人)安全
11006ACB91B1176,20210606,120.230019,23.009712,交通事故,交叉路口,臺南市永康區六合里新興街段34號六合路47,1,雨,30,交岔路,交叉路口,無號誌,汽(機)車本身,未依規定減速
11006ACB91B1182,20210608,120.23355,23.038082,交通事故,交叉路口,臺南市永康區?行里中正南路段號中正南路592,1,晴,50,交岔路,交叉路口,行車管制號誌,車與車,右轉彎未依規定
11006ACB91B1192,20210618,120.272103,23.013973,交通事故,一般地址,臺南市永康區富強路1段16號0,2,晴,50,單路部分,路段,無號誌,車與車,未保持行車安全距離
11006ACB91B1197,20210621,120.243784,22.998551,交通事故,一般地址,臺南市永康區復興路段235號,2,雨,50,單路部分,路段,行車管制號誌,車與車,未注意車前狀態
11006ACB91B1198,20210621,120.270045,23.04832,交通事故,其他,臺南市永康區段號興工路1號前,1,雨,50,單路部分,路段,無號誌,車與車,左轉彎未依規定
11006ACB91B1202,20210621,120.228386,23.011592,交通事故,其他,臺南市永康區段號新興街27號前,1,陰,30,單路部分,路段,無號誌,人與汽(機)車,其他引起事故之違規或不當行為
11006ACB91B1203,20210619,120.264438,23.012335,交通事故,交叉路口,臺南市永康區大安街段號文賢街,2,晴,50,交岔路,交叉路口,無號誌,車與車,未依規定讓車
11006ACB91B1218,20210621,120.235617,23.015283,交通事故,交叉路口,臺南市永康區中山南路段號中山東路,1,陰,50,交岔路,交叉路口,行車管制號誌,車與車,其他引起事故之違規或不當行為
11006ACB91B1219,20210614,120.247419,23.017681,交通事故,其他,臺南市永康區段號國華街132巷與復華七街225巷口,2,晴,30,交岔路,交叉路口,無號誌,車與車,未注意車前狀態
11006ACB91B1220,20210621,120.239814,23.018109,交通事故,一般地址,臺南市永康區中山南路段500號,2,陰,50,單路部分,路段,無號誌,車與車,起步未注意其他車(人)安全
11006ACB91B1223,20210615,120.244098,23.017675,交通事故,其他,臺南市永康區段號忠孝路380巷13弄口,1,晴,30,交岔路,交叉路口,閃光號誌,車與車,未依規定讓車
11006ACB91B1231,20210621,120.242698,23.036263,交通事故,其他,臺南市永康區段號中正路與中正三街,1,雨,50,交岔路,交叉路口,行車管制號誌,車與車,右轉彎未依規定
11006ACB91B1232,20210604,120.260028,22.998182,交通事故,其他,臺南市永康區段號大灣東路26號,2,晴,50,交岔路,交叉路口,無號誌,車與車,未依規定讓車
11006ACB91B1236,20210621,120.244489,23.04146,交通事故,其他,臺南市永康區段號中正北路214號前,1,雨,50,單路部分,路段,無號誌,車與車,未保持行車安全距離
11006ACB91B1237,20210615,120.221644,23.025422,交通事故,其他,臺南市永康區段號中正南路220巷,2,雨,50,交岔路,交叉路口,行車管制號誌,車與車,未保持行車安全距離
11006ACB91B1238,20210621,120.251201,23.01642,交通事故,交叉路口,臺南市永康區永二街段號永二街244,1,雨,50,交岔路,交叉路口,閃光號誌,車與車,未依規定讓車
11006ACB91B1243,20210621,120.250314,23.014126,交通事故,一般地址,臺南市永康區永二街段2455244411號0,1,陰,50,單路部分,路段,無號誌,車與車,未注意車前狀態
11006ACB91B1250,20210620,120.273235,23.015722,交通事故,一般地址,臺南市永康區富強路1段108號,1,晴,50,單路部分,路段,無號誌,汽(機)車本身,未注意車前狀態
11006ACB91B1255,20210621,120.232666,23.02668,交通事故,其他,臺南市永康區段號正南三路31號,2,陰,50,交岔路,交叉路口,行車管制號誌,車與車,酒醉(後)駕駛失控
11006ACB91B1256,20210621,120.254462,23.014983,交通事故,一般地址,臺南市永康區文化路段240號,1,雨,50,交岔路,交叉路口,行車管制號誌,車與車,未注意車前狀態
11006ACB91B1272,20210621,120.234641,22.999003,交通事故,交叉路口,臺南市永康區中華路段號中華路7,1,雨,50,交岔路,交叉路口,無號誌,車與車,未依規定讓車
11006ACB91B1275,20210621,120.275215,23.02106,交通事故,其他,臺南市永康區段號西勢路一段與富強路一段,1,陰,50,交岔路,交叉路口,行車管制號誌,車與車,左轉彎未依規定
11006ACB91B1278,20210615,120.230845,23.011544,交通事故,其他,臺南市永康區段號六合路83之3號,2,晴,30,交岔路,交叉路口,行車管制號誌,車與車,違反號誌管制或指揮
11006ACB91B1283,20210621,120.226738,23.018261,交通事故,交叉路口,臺南市永康區中華路段號大橋二街,1,陰,50,交岔路,交叉路口,行車管制號誌,車與車,未注意車前狀態
11006ACB91B1296,20210622,120.249078,23.006691,交通事故,其他,臺南市永康區段號復興路與高速二街,1,雨,50,交岔路,交叉路口,行車管制號誌,汽(機)車本身,尚未發現肇事因素
11006ACB91B1300,20210622,120.249078,23.006691,交通事故,其他,臺南市永康區段號復興路與高速二街,1,陰,50,交岔路,交叉路口,行車管制號誌,汽(機)車本身,尚未發現肇事因素
11006ACB91B1306,20210621,120.246204,23.013617,交通事故,一般地址,臺南市永康區復國一路段411號,2,晴,50,單路部分,路段,無號誌,車與車,違反特定標誌(線)禁制
11006ACB91B1307,20210622,120.267806,23.007287,交通事故,交叉路口,臺南市永康區民族路段號大灣路,3,陰,50,交岔路,交叉路口,行車管制號誌,車與車,未依規定讓車
11006ACB91B1310,20210622,120.264652,23.016843,交通事故,其他,臺南市永康區段號大同街642號前,1,雨,50,交岔路,交叉路口,無號誌,車與車,未依規定讓車
11006ACB91B1312,20210604,120.216642,23.023462,交通事故,一般地址,臺南市永康區中央路段34號,1,陰,50,單路部分,路段,無號誌,車與車,變換車道或方向不當
11006ACB91B1314,20210622,120.236644,23.0127,交通事故,其他,臺南市永康區段號中山東路與振興路路口,2,陰,50,交岔路,交叉路口,行車管制號誌,車與車,違反特定標誌(線)禁制
11006ACB91B1321,20210622,120.26001,23.014093,交通事故,交叉路口,臺南市永康區永榮一街段號永善二街,2,陰,50,交岔路,交叉路口,閃光號誌,車與車,未依規定讓車
11006ACB91B1327,20210622,120.239998,22.998604,交通事故,其他,臺南市永康區段號復興路與忠孝路,1,雨,50,交岔路,路段,行車管制號誌(附設行人專用號誌),車與車,逆向行駛
11006ACB91B1333,20210623,120.25745,23.041893,交通事故,交叉路口,臺南市永康區永大陸橋段號永大陸橋,1,晴,40,單路部分,其他,無號誌,汽(機)車本身,不明原因肇事
11006ACB91B1346,20210623,120.235393,23.004279,交通事故,交叉路口,臺南市永康區成功里中華路段號中華一路,1,晴,50,交岔路,交叉路口,行車管制號誌,車與車,違反特定標誌(線)禁制
11006ACB91B1351,20210618,120.245512,23.037733,交通事故,一般地址,臺南市永康區中正五街段5336號,2,晴,30,交岔路,交叉路口,無號誌,車與車,未依規定讓車
11006ACB91B1352,20210619,120.251881,22.999085,交通事故,其他,臺南市永康區段號大灣路1072號,1,雨,50,單路部分,路段,行車管制號誌,車與車,未注意車前狀態
11006ACB91B1354,20210622,120.258769,23.013443,交通事故,交叉路口,臺南市永康區永華路段號永華路339,1,陰,50,交岔路,路段,無號誌,車與車,未依規定讓車
11006ACB91B1357,20210623,120.245234,23.034031,交通事故,一般地址,臺南市永康區中正路段301號,2,晴,50,交岔路,交叉路口,行車管制號誌,車與車,違反特定標誌(線)禁制
11006ACB91B1372,20210623,120.252377,23.033228,交通事故,交叉路口,臺南市永康區四維街段號埔園街,1,雨,50,交岔路,交叉路口,行車管制號誌,車與車,右轉彎未依規定
11006ACB91B1374,20210623,120.22581,23.018853,交通事故,其他,臺南市永康區段號中華路與大橋三街口,1,雨,50,交岔路,交叉路口,行車管制號誌,車與車,違反特定標誌(線)禁制
11006ACB91B1380,20210617,120.236042,23.017777,交通事故,交叉路口,臺南市永康區東橋二街段號東橋三路,1,晴,50,單路部分,路段,無號誌,車與車,未注意車前狀態
11006ACB91B1384,20210618,120.245089,23.01113,交通事故,交叉路口,臺南市永康區復華三街段90號復華五街,2,晴,30,交岔路,交叉路口,無號誌,車與車,未依規定讓車
11006ACB91B1385,20210623,120.256397,23.02578,交通事故,一般地址,臺南市永康區中山南路段1084號,1,晴,50,單路部分,路段,無號誌,車與車,未保持行車安全距離
11006ACB91B1397,20210623,120.257907,23.00116,交通事故,交叉路口,臺南市永康區國光一街段號崑山街21,1,雨,30,交岔路,交叉路口,無號誌,汽(機)車本身,未依規定減速
11006ACB91B1398,20210617,120.227149,23.018737,交通事故,交叉路口,臺南市永康區大橋里大橋二街段號大橋一街73,1,雨,30,交岔路,交叉路口,閃光號誌,車與車,未依規定讓車
11006ACB91B1400,20210622,120.218788,23.019968,交通事故,其他,臺南市永康區段號甲頂路120號,1,雨,50,交岔路,交叉路口,行車管制號誌,車與車,未依規定讓車