案件編號,發生日期,GPS經度,GPS緯度,案件類別名稱,地址類型名稱,發生縣市名稱,受傷人數,天候名稱, 速限-第1當事者,道路型態大類別名稱,事故位置大類別名稱,號誌-號誌種類名稱,事故類型及型態大類別名稱,肇因研判子類別名稱-主要
11006ACB91B1406,20210611,120.267163,23.006555,交通事故,一般地址,臺南市永康區大灣路段314號,1,晴,50,交岔路,路段,行車管制號誌,車與車,違反特定標誌(線)禁制
11006ACB91B1413,20210616,120.274093,23.052105,交通事故,一般地址,臺南市永康區王行路段1102-10號,2,雨,50,單路部分,路段,無號誌,人與汽(機)車,未依規定行走行人穿越道、地下道、天橋而穿越道路
11006ACB91B1427,20210624,120.248489,23.018476,交通事故,一般地址,臺南市永康區二王路段136號,1,晴,50,交岔路,交叉路口,無號誌,人與汽(機)車,未注意車前狀態
11006ACB91B1441,20210624,120.239384,23.042922,交通事故,一般地址,臺南市永康區三村一街段75號0,2,陰,50,單路部分,路段,無號誌,人與汽(機)車,未依規定行走行人穿越道、地下道、天橋而穿越道路
11006ACB91B1444,20210624,120.231182,23.005849,交通事故,一般地址,臺南市永康區勝學路段212號,1,晴,40,單路部分,路段,無號誌,汽(機)車本身,不明原因肇事
11006ACB91B1449,20210624,120.265536,23.022744,交通事故,其他,臺南市永康區段號中山北路264巷與264巷250弄,1,晴,30,交岔路,交叉路口,閃光號誌,車與車,未依規定讓車
11006ACB91B1457,20210621,120.216281,23.02206,交通事故,交叉路口,臺南市永康區中正南路段號中央路,1,晴,50,交岔路,交叉路口,行車管制號誌,車與車,右轉彎未依規定
11006ACB91B1476,20210624,120.235423,23.003707,交通事故,其他,臺南市永康區段號中華路162號前,1,陰,50,單路部分,路段,無號誌,汽(機)車本身,尚未發現肇事因素
11006ACB91B1479,20210622,120.27268,23.052706,交通事故,交叉路口,臺南市永康區王行路段號王行東路,1,陰,50,交岔路,交叉路口,行車管制號誌,車與車,未依規定讓車
11006ACB91B1480,20210621,120.264338,23.048001,交通事故,交叉路口,臺南市永康區中正北路段號中正北路318,1,雨,50,交岔路,交叉路口,行車管制號誌,車與車,未依規定讓車
11006ACB91B1492,20210625,120.215716,23.02382,交通事故,其他,臺南市永康區段號溪頂寮橋北往南,1,陰,50,單路部分,路段,無號誌,車與車,違反特定標誌(線)禁制
11006ACB91B1496,20210625,120.240222,23.03309,交通事故,交叉路口,臺南市永康區?行里中正二街段號正南五街,1,陰,50,交岔路,交叉路口,行車管制號誌,車與車,未依規定讓車
11006ACB91B1499,20210619,120.287946,23.012848,交通事故,其他,臺南市永康區段號高鐵橋下台南段道路與西埔一街821巷口,1,陰,50,交岔路,交叉路口,行車管制號誌,車與車,違反號誌管制或指揮
11006ACB91B1507,20210620,120.25049,23.022462,交通事故,其他,臺南市永康區段號中山南路與永興路口,1,晴,50,交岔路,交叉路口,行車管制號誌,車與車,未依規定讓車
11006ACB91B1512,20210623,120.23284,23.003586,交通事故,交叉路口,臺南市永康區勝利街段號勝利街116,1,晴,30,交岔路,交叉路口,無號誌,人與汽(機)車,未注意車前狀態
11006ACB91B1518,20210625,120.254594,22.994671,交通事故,其他,臺南市永康區段號崑大路155巷與崑大路155巷58弄口,1,晴,30,交岔路,交叉路口,閃光號誌,車與車,左轉彎未依規定
11006ACB91B1522,20210625,120.239948,23.00077,交通事故,其他,臺南市永康區段號忠孝路與華興街口,1,陰,50,交岔路,交叉路口,行車管制號誌(附設行人專用號誌),車與車,左轉彎未依規定
11006ACB91B1523,20210624,120.262298,23.001074,交通事故,一般地址,臺南市永康區大灣路段692號,1,晴,50,單路部分,路段,無號誌,車與車,未注意車前狀態
11006ACB91B1526,20210624,120.265424,23.002777,交通事故,一般地址,臺南市永康區大灣路段433號,1,陰,50,交岔路,交叉路口,無號誌,車與車,迴轉未依規定
11006ACB91B1529,20210625,120.254176,23.026525,交通事故,交叉路口,臺南市永康區永正路段號中山路41,1,晴,50,交岔路,交叉路口,行車管制號誌,車與車,違反號誌管制或指揮
11006ACB91B1546,20210625,120.23051,23.035333,交通事故,交叉路口,臺南市永康區中正南路段號正南三路,2,雨,50,交岔路,交叉路口,行車管制號誌,車與車,未依規定讓車
11006ACB91B1549,20210624,120.272129,23.014907,交通事故,其他,臺南市永康區段號富強路1段93巷17弄與富強路1段13巷2弄,2,晴,30,交岔路,交叉路口,無號誌,車與車,未依規定讓車
11006ACB91B1558,20210624,120.259062,23.033705,交通事故,其他,臺南市永康區段號自強路608號,1,陰,50,交岔路,交叉路口,無號誌,車與車,未依規定讓車
11006ACB91B1560,20210621,120.232057,23.011297,交通事故,其他,臺南市永康區段號中華路473號,1,雨,50,單路部分,路段,無號誌,車與車,未注意車前狀態
11006ACB91B1562,20210619,120.250496,23.022471,交通事故,其他,臺南市永康區段號中山南路、永興路口,1,晴,50,交岔路,交叉路口,行車管制號誌,車與車,未依規定讓車
11006ACB91B1569,20210625,120.255902,23.028959,交通事故,其他,臺南市永康區段號中正路、中正路1巷口,1,晴,50,單路部分,路段,無號誌,汽(機)車本身,其他引起事故之違規或不當行為
11006ACB91B1572,20210625,120.244871,23.017683,交通事故,其他,臺南市永康區段號忠孝路410巷70弄、復華八街51巷口,1,晴,30,交岔路,交叉路口,無號誌,車與車,未依規定讓車
11006ACB91B1585,20210626,120.26762,23.007058,交通事故,交叉路口,臺南市永康區大灣路段號大灣路288,2,晴,50,交岔路,交叉路口,無號誌,車與車,未依規定讓車
11006ACB91B1586,20210626,120.250125,23.013768,交通事故,交叉路口,臺南市永康區高速一街段號永二街24552,1,晴,50,交岔路,交叉路口,行車管制號誌,車與車,變換車道或方向不當
11006ACB91B1589,20210625,120.237254,23.016493,交通事故,一般地址,臺南市永康區東橋里中山南路段285號,1,雨,50,單路部分,路段,無號誌,車與車,起步未注意其他車(人)安全
11006ACB91B1592,20210626,120.258551,23.008474,交通事故,一般地址,臺南市永康區大灣路段94237425號0,1,晴,30,單路部分,路段,無號誌,車與車,未保持行車安全間隔
11006ACB91B1606,20210625,120.229951,23.014629,交通事故,交叉路口,臺南市永康區中華路段號中華路217,2,晴,50,交岔路,交叉路口,行車管制號誌,車與車,倒車未依規定
11006ACB91B1634,20210627,120.235241,23.00427,交通事故,交叉路口,臺南市永康區中華路段號中華一路,1,雨,50,交岔路,交叉路口,行車管制號誌,汽(機)車本身,不明原因肇事
11006ACB91B1635,20210612,120.25953,23.033932,交通事故,交叉路口,臺南市永康區自強路段號永大路3,1,晴,50,交岔路,交叉路口,行車管制號誌,車與車,未依規定讓車
11006ACB91B1636,20210624,120.229016,23.041418,交通事故,一般地址,臺南市永康區洲尾街段14627號,1,晴,30,單路部分,路段,無號誌,車與車,起步未注意其他車(人)安全
11006ACB91B1638,20210626,120.237442,23.037489,交通事故,交叉路口,臺南市永康區中正六街段號正南五街410,2,晴,50,交岔路,交叉路口,閃光號誌,車與車,未依規定讓車
11006ACB91B1654,20210627,120.260464,23.003351,交通事故,交叉路口,臺南市永康區永大路段號國光三街,1,雨,50,交岔路,交叉路口,行車管制號誌,車與車,未依規定讓車
11006ACB91B1668,20210627,120.274625,23.033317,交通事故,交叉路口,臺南市永康區王行路段號王行路224,1,陰,50,單路部分,路段,閃光號誌,汽(機)車本身,未注意車前狀態
11006ACB91B1673,20210627,120.235173,23.038782,交通事故,交叉路口,臺南市永康區正南五街段520號正南五街510,1,雨,30,交岔路,交叉路口,無號誌,車與車,未依規定讓車
11006ACB91B1710,20210615,120.26277,23.046591,交通事故,交叉路口,臺南市永康區中正北路段號正北一路,1,陰,50,交岔路,交叉路口,行車管制號誌,車與車,違反號誌管制或指揮
11006ACB91B1712,20210628,120.258682,23.022052,交通事故,交叉路口,臺南市永康區永華路段號永平街,1,陰,50,交岔路,交叉路口,行車管制號誌,車與車,違反號誌管制或指揮
11006ACB91B1722,20210621,120.221363,23.02145,交通事故,其他,臺南市永康區段號中華路905號,2,雨,50,交岔路,交叉路口,行車管制號誌,車與車,未保持行車安全距離
11006ACB91B1725,20210628,120.241398,23.00762,交通事故,其他,臺南市永康區段號忠孝路南往北(1180號路燈),1,雨,50,單路部分,路段,無號誌,汽(機)車本身,不明原因肇事
11006ACB91B1734,20210617,120.215908,23.023346,交通事故,其他,臺南市永康區段號中華路與中央路,1,晴,50,交岔路,交叉路口,行車管制號誌,車與車,其他引起事故之違規或不當行為
11006ACB91B1744,20210628,120.256339,23.025781,交通事故,交叉路口,臺南市永康區中山北路段號永康街,2,晴,50,交岔路,交叉路口,行車管制號誌,車與車,左轉彎未依規定
11006ACB91B1748,20210622,120.21908,23.024651,交通事故,其他,臺南市永康區段號中正南路191號,1,陰,50,交岔路,交叉路口,行車管制號誌,車與車,違反特定標誌(線)禁制
11006ACB91B1775,20210628,120.262419,23.019052,交通事故,交叉路口,臺南市永康區永大路2段號大同街740,2,陰,50,交岔路,交叉路口,行車管制號誌,車與車,未注意車前狀態
11006ACB91B1778,20210628,120.243015,23.052279,交通事故,一般地址,臺南市永康區仁愛街段398號0,2,陰,50,單路部分,路段,無號誌,車與車,起步未注意其他車(人)安全
11006ACB91B1783,20210601,120.253771,23.024391,交通事故,交叉路口,臺南市永康區永康里中山南路段號永平街,2,晴,50,交岔路,交叉路口,行車管制號誌,人與汽(機)車,未注意車前狀態
11006ACB91B1796,20210612,120.266,23.004132,交通事故,交叉路口,臺南市永康區大灣路段號大灣路896,2,晴,50,交岔路,交叉路口,無號誌,車與車,未保持行車安全距離
11006ACB91B1797,20210629,120.23882,23.017495,交通事故,交叉路口,臺南市永康區中山南路段號中山南路347,2,晴,50,交岔路,交叉路口,行車管制號誌,車與車,違反號誌管制或指揮
11006ACB91B1802,20210618,120.223478,23.019397,交通事故,交叉路口,臺南市永康區甲頂里正新街段號中華路895,2,晴,30,交岔路,交叉路口,無號誌,車與車,未依規定讓車
11006ACB91B1813,20210618,120.23135,23.0124,交通事故,交叉路口,臺南市永康區六合里中華路段號新興街,1,晴,30,交岔路,交叉路口,無號誌,車與車,未依規定讓車
11006ACB91B1822,20210629,120.235173,23.003558,交通事故,交叉路口,臺南市永康區中華路段號中華路155,1,晴,50,交岔路,交叉路口,行車管制號誌,車與車,違反號誌管制或指揮
11006ACB91B1826,20210623,120.234075,23.008426,交通事故,交叉路口,臺南市永康區六合里中華路段號中華二路,1,雨,50,交岔路,交叉路口,行車管制號誌,車與車,未保持行車安全距離
11006ACB91B1835,20210628,120.219036,23.02339,交通事故,其他,臺南市永康區段號尚頂里中華路1016號後方,1,雨,30,單路部分,路段,無號誌,車與車,未注意車前狀態
11006ACB91B1842,20210629,120.237936,23.017046,交通事故,其他,臺南市永康區段號中山南路321號前,1,陰,50,交岔路,交叉路口,閃光號誌,車與車,未注意車前狀態
11006ACB91B1847,20210615,120.235001,23.000781,交通事故,交叉路口,臺南市永康區中華路段號華興街,1,陰,50,交岔路,交叉路口,行車管制號誌,車與車,未依規定讓車
11006ACB91B1849,20210616,120.246022,23.002875,交通事故,一般地址,臺南市永康區復國一路段44號,3,晴,50,交岔路,交叉路口,無號誌,車與車,未注意車前狀態
11006ACB91B1861,20210630,120.259307,23.006533,交通事故,一般地址,臺南市永康區永華路段24號,1,晴,50,單路部分,路段,無號誌,車與車,未保持行車安全間隔
11006ACB91B1862,20210629,120.216092,23.019703,交通事故,其他,臺南市永康區段號中正南路與甲頂路口,2,雨,50,交岔路,交叉路口,行車管制號誌,車與車,未依規定讓車
11006ACB91B1866,20210630,120.236163,23.015731,交通事故,其他,臺南市永康區段號中山南路與東橋一路口,1,晴,50,交岔路,交叉路口,行車管制號誌,車與車,未依規定讓車
11006ACB91B1877,20210630,120.228538,23.0249,交通事故,其他,臺南市永康區段號正南一街103號,1,晴,30,交岔路,交叉路口,行車管制號誌,車與車,未依規定讓車
11006ACB91B1880,20210630,120.215876,23.02144,交通事故,其他,臺南市永康區段號小北路56號,1,晴,50,單路部分,路段,無號誌,車與車,橫越道路不慎
11006ACB91B1890,20210630,120.24813,23.041062,交通事故,一般地址,臺南市永康區中正北路段3187號,2,晴,50,單路部分,路段,無號誌,車與車,違規超車
11006ACB91B1903,20210630,120.247265,23.004059,交通事故,其他,臺南市永康區段號復國二路與復國二路38巷,2,晴,50,交岔路,交叉路口,無號誌,車與車,未依規定讓車
11006ACB91B1914,20210618,120.241465,23.049112,交通事故,交叉路口,臺南市永康區永安路段號仁愛街,1,晴,50,交岔路,交叉路口,行車管制號誌,車與車,未依規定讓車
11006ACB91B1915,20210618,120.244093,23.053949,交通事故,交叉路口,臺南市永康區仁愛街段號三民街,1,晴,50,交岔路,交叉路口,行車管制號誌,車與車,未依規定讓車
11006ACB91B1918,20210617,120.225756,23.015882,交通事故,其他,臺南市永康區段號中華西街與大橋一街口,1,晴,30,交岔路,交叉路口,閃光號誌,車與車,未依規定讓車
11006ACB91B1920,20210628,120.250058,23.042003,交通事故,其他,臺南市永康區段號中正北路與永康交流道南下出口匣道口,1,雨,50,交岔路,交叉路口,行車管制號誌,車與車,違反號誌管制或指揮
11006ACB91B1922,20210622,120.223063,23.020542,交通事故,其他,臺南市永康區段號中華路與大武街口,1,雨,50,交岔路,交叉路口,行車管制號誌,車與車,左轉彎未依規定
11006ACB91B1926,20210622,120.258382,23.005064,交通事故,其他,臺南市永康區段號崑山街203巷與219巷口,2,雨,30,交岔路,交叉路口,無號誌,車與車,未依規定讓車
11006ACB91B1927,20210630,120.229221,23.013209,交通事故,交叉路口,臺南市永康區中山南路段119號中山南路123,2,晴,50,交岔路,交叉路口,閃光號誌,車與車,未依規定讓車
11006ACB91B1929,20210625,120.25053,23.013554,交通事故,其他,臺南市永康區段號永二街245巷52弄6號前,2,晴,30,單路部分,路段,無號誌,車與車,未注意車前狀態
11006ACB91B1936,20210628,120.254611,23.042203,交通事故,其他,臺南市永康區段號中正北路與蔦松二街口,1,雨,50,交岔路,交叉路口,行車管制號誌,汽(機)車本身,違反號誌管制或指揮
11006ACB91B1944,20210630,120.239958,22.999471,交通事故,其他,臺南市永康區段號忠孝路33號,1,晴,50,交岔路,交叉路口,無號誌,車與車,未依規定讓車
11006ACB91B1951,20210630,120.246566,23.020895,交通事故,一般地址,臺南市永康區中山南路段788號,1,晴,50,單路部分,路段,無號誌,車與車,未保持行車安全距離
11006ACB91B1955,20210625,120.239939,22.997987,交通事故,其他,臺南市永康區段號復興路421號,1,雨,50,交岔路,交叉路口,無號誌,車與車,倒車未依規定
11006ACB91B1956,20210624,120.221473,23.022812,交通事故,交叉路口,臺南市永康區南台街段號南台街89,1,晴,30,交岔路,交叉路口,無號誌,車與車,未依規定讓車
11006ACB91B1960,20210630,120.261263,22.998792,交通事故,其他,臺南市永康區段號大灣東路與南興路,1,晴,50,交岔路,交叉路口,行車管制號誌,車與車,違反號誌管制或指揮
11006ACB91B1962,20210624,120.22573,23.018767,交通事故,交叉路口,臺南市永康區中華路段號大橋三街,1,陰,50,交岔路,交叉路口,行車管制號誌(附設行人專用號誌),車與車,未依規定讓車
11006ACB91B2001,20210620,120.25272,23.018801,交通事故,一般地址,臺南市永康區永和街段231號,1,晴,50,單路部分,路段,無號誌,人與汽(機)車,未注意車前狀態
11006ACB91B2002,20210623,120.23135,23.0124,交通事故,交叉路口,臺南市永康區中華路段號新興街,1,晴,50,交岔路,交叉路口,無號誌,車與車,未保持行車安全距離
11006ACB91B2007,20210630,120.233859,23.008388,交通事故,其他,臺南市永康區段號中華路349號前,1,晴,50,交岔路,交叉路口,行車管制號誌,車與車,其他引起事故之違規或不當行為
11006ACB91B2009,20210630,120.248373,23.055061,交通事故,一般地址,臺南市永康區三民街段1121123號0,1,晴,30,單路部分,路段,無號誌,車與車,未保持行車安全距離
11006ACB91B2017,20210629,120.236584,23.030523,交通事故,其他,臺南市永康區段號中正二街336巷22號,1,晴,50,單路部分,路段,無號誌,車與車,左轉彎未依規定
11006ACB91B2021,20210628,120.252552,23.015363,交通事故,其他,臺南市永康區段號文化路343號,1,陰,50,單路部分,路段,無號誌,車與車,未注意車前狀態
11006ACB91B2045,20210624,120.223471,23.019394,交通事故,交叉路口,臺南市永康區正新街段號中華路895,1,陰,50,交岔路,交叉路口,無號誌,車與車,未依規定讓車
11006ACB91B2056,20210611,120.266,23.004132,交通事故,交叉路口,臺南市永康區大灣路段號大灣路37,3,晴,50,交岔路,交叉路口,行車管制號誌,車與車,未依規定讓車
11006ACB91B2058,20210611,120.258965,22.99995,交通事故,一般地址,臺南市永康區永大路1段291號0,1,雨,40,單路部分,路段,無號誌,車與車,未保持行車安全間隔
11006ACB91B2065,20210614,120.25394,22.999025,交通事故,一般地址,臺南市永康區大灣路段927之2號,1,晴,50,單路部分,路段,無號誌,車與車,左轉彎未依規定
11006ACB91B2068,20210615,120.274821,23.020766,交通事故,交叉路口,臺南市永康區西勢路段號中山北路264,1,晴,50,交岔路,交叉路口,閃光號誌,車與車,未依規定讓車
11006ACB91B2080,20210618,120.235297,23.034721,交通事故,其他,臺南市永康區段號鹽和街與鹽信街,1,晴,50,交岔路,交叉路口,無號誌,汽(機)車本身,其他引起事故之違規或不當行為
11006ACB91B2088,20210618,120.266763,23.007816,交通事故,交叉路口,臺南市永康區大民街段號民族路,1,晴,50,交岔路,交叉路口,行車管制號誌,車與車,未依規定讓車
11006ACB91B2104,20210629,120.230793,23.013513,交通事故,交叉路口,臺南市永康區中山南路段號中華路,1,雨,50,交岔路,交叉路口,行車管制號誌,車與車,違反號誌管制或指揮
11006ACB91B2108,20210628,120.217363,23.023243,交通事故,其他,臺南市永康區段號中正南路153號,1,雨,50,單路部分,路段,無號誌,車與車,未依規定讓車
11006ACB91B2121,20210623,120.263963,23.043957,交通事故,其他,臺南市永康區段號烏竹街62巷43號,2,雨,30,單路部分,路段,無號誌,車與車,未注意車前狀態
11006ACB91B2126,20210626,120.249393,23.02394,交通事故,交叉路口,臺南市永康區中山南路段471號高速二街,1,晴,50,交岔路,交叉路口,行車管制號誌,車與車,違反號誌管制或指揮
11006ACB91B2127,20210615,120.272292,23.002187,交通事故,一般地址,臺南市永康區民族路段31079號,1,晴,50,單路部分,路段,無號誌,車與車,未依規定讓車
11006ACB91B2128,20210624,120.252686,23.023773,交通事故,交叉路口,臺南市永康區中山南路段號正強街,1,晴,50,交岔路,交叉路口,行車管制號誌,車與車,逆向行駛
11006ACB91B2129,20210628,120.273871,23.017021,交通事故,一般地址,臺南市永康區富強路1段153號,2,雨,50,單路部分,路段,無號誌,汽(機)車本身,未注意車前狀態
11006ACB91B2159,20210628,120.23616,23.038853,交通事故,一般地址,臺南市永康區正南五街段52056號0,1,陰,50,交岔路,交叉路口,無號誌,車與車,未依規定讓車
11006ACB91B2169,20210626,120.241422,23.007686,交通事故,其他,臺南市永康區段號忠孝路上(路燈1181號附近),1,晴,50,單路部分,路段,無號誌,車與車,未依規定讓車
11006ACB91B2178,20210629,120.240705,23.041606,交通事故,一般地址,臺南市永康區中正北路段123之1號,1,雨,50,單路部分,路段,無號誌,汽(機)車本身,其他引起事故之違規或不當行為
11006ACB91B2181,20210630,120.241122,23.041449,交通事故,一般地址,臺南市永康區中正北路段88號,1,晴,50,單路部分,路段,無號誌,車與車,未注意車前狀態
11006ACB91B2182,20210627,120.254809,22.997698,交通事故,其他,臺南市永康區段號崑大路與崑大路155巷口,3,陰,50,交岔路,交叉路口,行車管制號誌(附設行人專用號誌),車與車,左轉彎未依規定
11006ACB91B2185,20210621,120.252686,23.023773,交通事故,其他,臺南市永康區段號中山南路與正強街,2,晴,50,交岔路,交叉路口,行車管制號誌(附設行人專用號誌),車與車,未保持行車安全間隔
11006ACB91B2207,20210617,120.24836,23.012295,交通事故,交叉路口,臺南市永康區復華六街段號復國二路210,3,陰,50,交岔路,交叉路口,無號誌,車與車,未依規定讓車
11006ACB91B2238,20210613,120.265592,23.020806,交通事故,其他,臺南市永康區段號西勢路與西勢路621巷,2,晴,30,交岔路,交叉路口,閃光號誌,車與車,未依規定讓車
11006ACB91B2239,20210629,120.24654,23.041521,交通事故,交叉路口,臺南市永康區中正北路段號竹林街,1,晴,50,單路部分,路段,無號誌,車與車,未保持行車安全間隔
11006ACB91B2241,20210619,120.226458,23.033779,交通事故,一般地址,臺南市永康區中正南路段45331號,1,晴,30,單路部分,路段,無號誌,汽(機)車本身,未注意車前狀態
11006ACB91B2242,20210624,120.241676,23.009126,交通事故,交叉路口,臺南市永康區忠孝路段號忠孝路380,1,晴,50,交岔路,交叉路口,閃光號誌,車與車,未保持行車安全距離
11006ACB91B2243,20210629,120.249276,23.018526,交通事故,交叉路口,臺南市永康區永二街段號永二街244,2,雨,50,交岔路,交叉路口,閃光號誌,車與車,未依規定讓車
11006ACB91B2244,20210602,120.214098,23.020518,交通事故,一般地址,臺南市永康區小北路段44256號,1,晴,50,交岔路,交叉路口,行車管制號誌,車與車,未注意車前狀態
11006ACB91B2246,20210611,120.247729,23.009622,交通事故,交叉路口,臺南市永康區復國二路段號復國二路269,2,晴,30,交岔路,路段,無號誌,車與車,未依規定讓車
11006ACB91B2247,20210611,120.239982,22.998435,交通事故,交叉路口,臺南市永康區復興路段號忠孝路,1,晴,50,交岔路,交叉路口,行車管制號誌,車與車,不明原因肇事
11006ACB91B2268,20210629,120.2225,23.021077,交通事故,其他,臺南市永康區段號南台街13巷60號前,1,晴,30,交岔路,交叉路口,行車管制號誌,車與車,其他引起事故之違規或不當行為
11006ACC91B0012,20210601,120.28914,23.039307,交通事故,其他,臺南市新化區段號唪口里台39線順天宮旁路口,1,陰,50,交岔路,交叉路口,行車管制號誌,車與車,違反號誌管制或指揮
11006ACC91B0024,20210601,120.341675,23.103977,交通事故,無,臺南市山上區段號,1,陰,50,交岔路,交叉路口,無號誌,車與車,左轉彎未依規定
11006ACC91B0039,20210601,120.296654,23.059906,交通事故,交叉路口,臺南市新化區北勢里永新路段號中正路,1,晴,50,交岔路,交叉路口,行車管制號誌,車與車,未依規定讓車
11006ACC91B0091,20210603,120.283318,23.021123,交通事故,其他,臺南市新化區段號180甲線4.8K(新灣橋東側橋頭),2,晴,50,交岔路,路段,閃光號誌,車與車,違反特定標誌(線)禁制
11006ACC91B0116,20210603,120.306938,23.03533,交通事故,交叉路口,臺南市新化區武安里大同街段號大同街129,2,晴,30,交岔路,交叉路口,無號誌,車與車,未依規定讓車
11006ACC91B0143,20210603,120.2918,23.029987,交通事故,無,臺南市新化區段號,1,晴,50,交岔路,交叉路口,無號誌,車與車,未保持行車安全距離
11006ACC91B0156,20210604,120.368009,23.078798,交通事故,其他,臺南市山上區段號豐德里台20線與178甲線路口,1,晴,60,交岔路,交叉路口,行車管制號誌,車與車,未依規定讓車
11006ACC91B0195,20210604,120.306913,23.035302,交通事故,交叉路口,臺南市新化區武安里大同街段號大同街129,1,晴,30,交岔路,交叉路口,無號誌,汽(機)車本身,酒醉(後)駕駛失控
11006ACC91B0250,20210605,120.345474,23.067004,交通事故,其他,臺南市新化區段號那拔里那拔林7-2號,1,雨,30,單路部分,路段,無號誌,車與車,起步未注意其他車(人)安全
11006ACC91B0307,20210607,120.303995,23.034651,交通事故,一般地址,臺南市新化區武安里信義路段428號0,1,雨,50,單路部分,路段,無號誌,汽(機)車本身,未注意車前狀態
11006ACC91B0335,20210607,120.299105,23.055179,交通事故,一般地址,臺南市新化區北勢里中正路段1160號0,1,晴,60,單路部分,路段,行車管制號誌,車與車,未保持行車安全距離
11006ACC91B0388,20210608,120.401708,23.055504,交通事故,無,臺南市左鎮區段號,1,雨,60,單路部分,路段,無號誌,汽(機)車本身,其他引起事故之違規或不當行為
11006ACC91B0415,20210604,120.342672,23.066527,交通事故,無,臺南市新化區段號,1,晴,30,交岔路,交叉路口,閃光號誌,車與車,未依規定讓車
11006ACC91B0443,20210609,120.295983,23.019402,交通事故,一般地址,臺南市新化區全興里竹子腳路段235-61號0,1,晴,30,單路部分,路段,無號誌,汽(機)車本身,未注意車前狀態
11006ACC91B0449,20210608,120.28919,23.034754,交通事故,交叉路口,臺南市新化區協興里中山路段號省道臺39線,3,陰,70,交岔路,交叉路口,行車管制號誌,車與車,違反號誌管制或指揮
11006ACC91B0464,20210610,120.313399,23.024799,交通事故,無,臺南市新化區段號,2,晴,40,交岔路,交叉路口,行車管制號誌,車與車,違反號誌管制或指揮
11006ACC91B0466,20210609,120.308816,23.023418,交通事故,無,臺南市新化區段號,1,雨,50,單路部分,路段,行車管制號誌,汽(機)車本身,未注意車前狀態
11006ACC91B0470,20210610,120.352217,23.103447,交通事故,一般地址,臺南市山上區南洲里南洲路段337之3號,1,晴,50,單路部分,路段,無號誌,車與車,迴轉未依規定
11006ACC91B0481,20210610,120.313042,23.036288,交通事故,交叉路口,臺南市新化區護國里信義路段號信義路120,2,晴,50,交岔路,交叉路口,閃光號誌,車與車,未依規定讓車
11006ACC91B0488,20210610,120.298996,23.037814,交通事故,交叉路口,臺南市新化區協興里大新路段號太平街,1,晴,50,交岔路,交叉路口,閃光號誌,車與車,未保持行車安全距離
11006ACC91B0549,20210611,120.376913,23.016014,交通事故,其他,臺南市新化區段號大坑里南168-3線道1公里處,1,晴,30,單路部分,路段,無號誌,汽(機)車本身,未注意車前狀態
11006ACC91B0569,20210611,120.305921,23.032879,交通事故,其他,臺南市新化區段號健康路60巷口,1,晴,30,交岔路,交叉路口,無號誌,車與車,未依規定讓車
11006ACC91B0606,20210612,120.309276,23.037643,交通事故,交叉路口,臺南市新化區武安里仁愛街段號建國街,1,晴,50,交岔路,交叉路口,無號誌,車與車,未依規定讓車
11006ACC91B0608,20210612,120.287515,23.020178,交通事故,其他,臺南市新化區段號崙頂里崙子頂59-2號,1,晴,30,單路部分,路段,無號誌,人與汽(機)車,其他引起事故之疏失或行為
11006ACC91B0610,20210612,120.339792,23.115269,交通事故,其他,臺南市山上區段號178甲線與南140-1線路口,2,晴,50,交岔路,交叉路口,行車管制號誌,車與車,違反號誌管制或指揮
11006ACC91B0615,20210612,120.305182,23.040269,交通事故,其他,臺南市新化區段號中正路633巷14號前路口,2,晴,30,交岔路,交叉路口,無號誌,車與車,未依規定讓車
11006ACC91B0638,20210612,120.343032,23.113081,交通事故,其他,臺南市山上區段號明和里明和256號,1,晴,50,單路部分,路段,無號誌,汽(機)車本身,酒醉(後)駕駛失控
11006ACC91B0666,20210613,120.356264,23.098279,交通事故,交叉路口,臺南市山上區山上里市道178甲線段號區道南175線,1,晴,50,交岔路,交叉路口,行車管制號誌,車與車,違反號誌管制或指揮
11006ACC91B0768,20210615,120.306157,23.034462,交通事故,一般地址,臺南市新化區武安里和平街段167號0,1,陰,50,單路部分,路段,無號誌,車與車,起步未注意其他車(人)安全
11006ACC91B0781,20210615,120.308421,23.040298,交通事故,交叉路口,臺南市新化區太平里民生路段號民生路186,1,雨,30,交岔路,交叉路口,無號誌,車與車,未依規定讓車
11006ACC91B0831,20210616,120.335926,23.12242,交通事故,無,臺南市山上區段號,1,雨,60,交岔路,交叉路口,無號誌,車與車,未注意車前狀態
11006ACC91B0848,20210616,120.28877,23.019611,交通事故,無,臺南市新化區段號,2,雨,50,交岔路,交叉路口,行車管制號誌,車與車,違反號誌管制或指揮
11006ACC91B0884,20210616,120.289449,23.02352,交通事故,交叉路口,臺南市新化區省道臺39線段號市道180甲線,1,陰,70,交岔路,交叉路口,行車管制號誌,車與車,右轉彎未依規定
11006ACC91B0900,20210616,120.341045,23.042303,交通事故,其他,臺南市新化區段號那拔里鹽水埤北側道路,1,晴,30,單路部分,路段,無號誌,汽(機)車本身,未注意車前狀態
11006ACC91B1006,20210618,120.375101,23.07751,交通事故,無,臺南市左鎮區段號,1,陰,60,單路部分,路段,無號誌,汽(機)車本身,車輪脫落或輪胎爆裂
11006ACC91B1045,20210618,120.294536,23.035179,交通事故,一般地址,臺南市新化區豐榮里中山路段793號0,2,晴,60,單路部分,路段,無號誌,汽(機)車本身,未注意車前狀態