案件編號,發生日期,GPS經度,GPS緯度,案件類別名稱,地址類型名稱,發生縣市名稱,受傷人數,天候名稱, 速限-第1當事者,道路型態大類別名稱,事故位置大類別名稱,號誌-號誌種類名稱,事故類型及型態大類別名稱,肇因研判子類別名稱-主要
11006ACC91B1047,20210618,120.307117,23.03842,交通事故,交叉路口,臺南市新化區武安里忠孝路段號中正路,1,晴,50,交岔路,交叉路口,行車管制號誌(附設行人專用號誌),車與車,未依規定讓車
11006ACC91B1072,20210619,120.335499,23.102756,交通事故,無,臺南市山上區段號,1,晴,50,單路部分,路段,無號誌,汽(機)車本身,其他引起事故之違規或不當行為
11006ACC91B1076,20210618,120.345403,23.090073,交通事故,其他,臺南市山上區段號新莊里大庄66之5號旁,1,晴,50,單路部分,路段,無號誌,車與車,起步未注意其他車(人)安全
11006ACC91B1099,20210619,120.305014,23.042768,交通事故,交叉路口,臺南市新化區太平里中正路段號中正路590,1,晴,50,交岔路,交叉路口,行車管制號誌,車與車,左轉彎未依規定
11006ACC91B1107,20210618,120.353419,23.103274,交通事故,其他,臺南市山上區段號南洲里南州380之1號旁路口,1,晴,30,交岔路,交叉路口,無號誌,車與車,未依規定讓車
11006ACC91B1109,20210619,120.309276,23.037643,交通事故,交叉路口,臺南市新化區仁愛街段號建國街,1,晴,50,交岔路,交叉路口,無號誌,車與車,未依規定讓車
11006ACC91B1170,20210620,120.421916,23.064645,交通事故,無,臺南市左鎮區段號,2,暴雨,60,單路部分,路段,無號誌,汽(機)車本身,未注意車前狀態
11006ACC91B1171,20210620,120.297255,23.05855,交通事故,其他,臺南市新化區段號中正路與金華街一段路口,3,晴,70,交岔路,交叉路口,行車管制號誌,車與車,未依規定讓車
11006ACC91B1180,20210621,120.315182,23.044258,交通事故,其他,臺南市新化區段號中山路76號前,1,雨,50,單路部分,其他,行車管制號誌,汽(機)車本身,疲勞(患病)駕駛失控
11006ACC91B1188,20210621,120.375811,23.076937,交通事故,無,臺南市左鎮區段號,1,暴雨,60,單路部分,路段,無號誌,汽(機)車本身,未注意車前狀態
11006ACC91B1191,20210619,120.32785,23.038501,交通事故,無,臺南市新化區段號,1,陰,25,單路部分,路段,無號誌,汽(機)車本身,未注意車前狀態
11006ACC91B1264,20210621,120.300752,23.051571,交通事故,一般地址,臺南市新化區太平里中正路段1057號0,1,陰,50,單路部分,路段,無號誌,汽(機)車本身,未注意車前狀態
11006ACC91B1274,20210622,120.372118,23.079961,交通事故,無,臺南市山上區段號,1,雨,50,單路部分,路段,無號誌,汽(機)車本身,其他引起事故之違規或不當行為
11006ACC91B1347,20210623,120.300851,23.035688,交通事故,其他,臺南市新化區段號大智路25號前,2,雨,50,交岔路,交叉路口,無號誌,車與車,未依規定讓車
11006ACC91B1362,20210623,120.32326,23.038359,交通事故,一般地址,臺南市新化區東榮里信義路段41號0,1,陰,50,單路部分,路段,無號誌,車與車,起步未注意其他車(人)安全
11006ACC91B1430,20210624,120.289211,23.019635,交通事故,其他,臺南市新化區段號台39線1.7K處,1,晴,50,交岔路,交叉路口,行車管制號誌,車與車,未保持行車安全距離
11006ACC91B1474,20210624,120.33434,23.122832,交通事故,無,臺南市山上區段號,2,陰,60,單路部分,路段,無號誌,車與車,未注意車前狀態
11006ACC91B1535,20210625,120.316979,23.046107,交通事故,一般地址,臺南市新化區護國里中山路段43號0,1,雨,60,單路部分,路段,無號誌,車與車,未注意車前狀態
11006ACC91B1609,20210620,120.355467,23.101812,交通事故,其他,臺南市山上區段號山上237-1號,1,雨,50,交岔路,交叉路口,行車管制號誌,車與車,逆向行駛
11006ACC91B1651,20210627,120.350177,23.107258,交通事故,其他,臺南市山上區段號明和里178甲線2.2公里,2,晴,50,交岔路,路段,無號誌,汽(機)車本身,未注意車前狀態
11006ACC91B1675,20210627,120.308059,23.035931,交通事故,交叉路口,臺南市新化區東榮里中山路段號中正路,1,雨,50,交岔路,交叉路口,行車管制號誌,車與車,未依規定讓車
11006ACC91B1757,20210627,120.291018,23.051247,交通事故,其他,臺南市新化區段號北勢里133之20號旁路口,1,雨,30,交岔路,交叉路口,無號誌,車與車,未依規定讓車
11006ACC91B1801,20210629,120.415173,23.0535,交通事故,其他,臺南市左鎮區段號台20線與台20乙線路口,1,晴,50,交岔路,交叉路口,行車管制號誌,車與車,違反號誌管制或指揮
11006ACC91B1820,20210629,120.302818,23.039189,交通事故,其他,臺南市新化區段號正新路312號旁路口,1,晴,50,交岔路,交叉路口,無號誌,車與車,未依規定讓車
11006ACC91B1829,20210628,120.28869,23.047899,交通事故,交叉路口,臺南市新化區北勢里區道南144線段號省道臺39線,1,陰,50,交岔路,交叉路口,行車管制號誌,車與車,違反號誌管制或指揮
11006ACC91B1950,20210630,120.297024,23.034762,交通事故,其他,臺南市新化區段號豐榮里洋子74號旁路口,3,晴,30,交岔路,交叉路口,無號誌,車與車,未依規定讓車
11006ACC91B1952,20210630,120.298646,23.025637,交通事故,其他,臺南市新化區段號全興里竹子腳197之20號旁路口,2,晴,30,交岔路,交叉路口,無號誌,車與車,未依規定讓車
11006ACC91B1953,20210630,120.34995,23.10539,交通事故,其他,臺南市山上區段號明和里明和33之5號前路口,1,晴,50,交岔路,交叉路口,閃光號誌,汽(機)車本身,未注意車前狀態
11006ACCS1B0583,20210607,120.314214,23.041695,交通事故,其他,臺南市新化區段號新化區中山路111巷8弄35號,1,陰,50,單路部分,路段,無號誌,車與車,倒車未依規定
11006ACD91A0010,20210615,120.240279,23.291762,交通事故,其他,臺南市鹽水區段號歡雅里南6線與南5線路口,0,陰,50,單路部分,路段,無號誌,汽(機)車本身,疲勞(患病)駕駛失控
11006ACD91A0012,20210623,120.291292,23.271276,交通事故,其他,臺南市柳營區段號八翁里南69線3.4公里處,1,雨,50,單路部分,路段,無號誌,車與車,未依規定減速
11006ACD91A0013,20210627,120.293901,23.287475,交通事故,其他,臺南市柳營區段號人和里長榮路四段、無名道路-路口(柳營區570567路燈),0,晴,60,交岔路,交叉路口,無號誌,車與車,左轉彎未依規定
11006ACD91A0018,20210621,120.272135,23.333636,交通事故,其他,臺南市鹽水區段號岸內里蔦松路(路燈編號591267)前,0,晴,50,單路部分,路段,無號誌,汽(機)車本身,其他引起事故之違規或不當行為
11006ACD91B0004,20210601,120.313001,23.298419,交通事故,一般地址,臺南市新營區延平路段132-2號,1,晴,50,交岔路,交叉路口,行車管制號誌,車與車,倒車未依規定
11006ACD91B0010,20210601,120.297563,23.302838,交通事故,交叉路口,臺南市新營區民榮里太子路段號公園路2,3,晴,40,交岔路,交叉路口,行車管制號誌,車與車,未注意車前狀態
11006ACD91B0014,20210601,120.286061,23.301506,交通事故,一般地址,臺南市新營區嘉芳里忠孝路段44245號,1,陰,30,交岔路,交叉路口,無號誌,汽(機)車本身,其他引起事故之違規或不當行為
11006ACD91B0017,20210601,120.320214,23.30658,交通事故,交叉路口,臺南市新營區同濟街段號文昌街,1,陰,50,交岔路,交叉路口,無號誌,車與車,未依規定讓車
11006ACD91B0042,20210602,120.295664,23.301844,交通事故,一般地址,臺南市新營區南紙里太子路段139號0,1,晴,50,交岔路,交叉路口,行車管制號誌,車與車,未依規定讓車
11006ACD91B0070,20210602,120.30978,23.303401,交通事故,交叉路口,臺南市新營區民生里復興路段號民生路,1,晴,50,交岔路,交叉路口,行車管制號誌,車與車,未保持行車安全間隔
11006ACD91B0094,20210601,120.313809,23.304981,交通事故,交叉路口,臺南市新營區民權里中華路段號仁愛街,2,晴,50,交岔路,交叉路口,無號誌,車與車,未依規定讓車
11006ACD91B0106,20210603,120.323648,23.310105,交通事故,一般地址,臺南市新營區大宏里開元路段593號0,1,晴,30,單路部分,路段,無號誌,汽(機)車本身,未注意車前狀態
11006ACD91B0112,20210602,120.24895,23.252598,交通事故,其他,臺南市鹽水區段號?頭港里朝興南路?頭幹之4號電桿附近,0,晴,30,單路部分,路段,無號誌,汽(機)車本身,不明原因肇事
11006ACD91B0114,20210603,120.313306,23.268264,交通事故,交叉路口,臺南市柳營區柳營路1段號柳營路1336,1,晴,50,交岔路,交叉路口,行車管制號誌,車與車,違反號誌管制或指揮
11006ACD91B0154,20210604,120.309919,23.301244,交通事故,交叉路口,臺南市新營區永平里和平路段號長春街,1,晴,50,交岔路,交叉路口,無號誌,車與車,未依規定讓車
11006ACD91B0160,20210604,120.355197,23.274056,交通事故,其他,臺南市柳營區段號大農里6鄰工六路6號前,1,晴,50,單路部分,路段,無號誌,車與車,違反特定標誌(線)禁制
11006ACD91B0161,20210604,120.309067,23.305944,交通事故,交叉路口,臺南市新營區民生里三民路段號民生路,1,晴,50,交岔路,路段,行車管制號誌,車與車,未依規定讓車
11006ACD91B0171,20210604,120.314926,23.306075,交通事故,交叉路口,臺南市新營區民權里信義街段號武昌街,1,晴,30,交岔路,交叉路口,無號誌,車與車,未依規定讓車
11006ACD91B0184,20210604,120.321399,23.311101,交通事故,交叉路口,臺南市新營區義和街段號民治路,1,晴,50,交岔路,路段,行車管制號誌,車與車,左轉彎未依規定
11006ACD91B0230,20210605,120.312117,23.312787,交通事故,一般地址,臺南市新營區三仙里健康路段65號0,1,晴,50,單路部分,路段,無號誌,車與車,未保持行車安全距離
11006ACD91B0248,20210605,120.295791,23.303545,交通事故,其他,臺南市新營區段號民榮里金華路三段往太子路-方向，機慢車道上,2,雨,30,單路部分,路段,無號誌,車與車,逆向行駛
11006ACD91B0264,20210605,120.313292,23.26814,交通事故,一般地址,臺南市柳營區光福里柳營路1段226號0,2,雨,70,單路部分,路段,無號誌,汽(機)車本身,未注意車前狀態
11006ACD91B0278,20210601,120.252499,23.309929,交通事故,其他,臺南市鹽水區段號文昌里南3線北上文昌國小前,1,晴,50,單路部分,路段,無號誌,車與車,未注意車前狀態
11006ACD91B0281,20210602,120.270519,23.319398,交通事故,其他,臺南市鹽水區段號津城里信義路與後厝88號旁巷口,2,晴,50,交岔路,交叉路口,無號誌,車與車,未依規定讓車
11006ACD91B0291,20210603,120.289123,23.30815,交通事故,其他,臺南市新營區段號嘉芳里復興路700巷(路燈-新營區00221前),1,晴,40,交岔路,交叉路口,無號誌,車與車,逆向行駛
11006ACD91B0306,20210607,120.313627,23.300617,交通事故,交叉路口,臺南市新營區永平里新進路段號延平路,1,陰,50,交岔路,交叉路口,無號誌,車與車,變換車道或方向不當
11006ACD91B0311,20210607,120.319043,23.314931,交通事故,交叉路口,臺南市新營區王公里民族路段號大智街,1,陰,50,交岔路,交叉路口,無號誌,車與車,未依規定讓車
11006ACD91B0332,20210607,120.364429,23.282497,交通事故,其他,臺南市柳營區段號重溪里(南81線副產高幹126左9右1),1,晴,50,單路部分,路段,無號誌,汽(機)車本身,未注意車前狀態
11006ACD91B0338,20210607,120.310669,23.303969,交通事故,交叉路口,臺南市新營區三仙里三興街段號博愛街,1,陰,50,交岔路,交叉路口,無號誌,車與車,未依規定讓車
11006ACD91B0345,20210607,120.260341,23.304748,交通事故,其他,臺南市鹽水區段號三明里舊營1-10號前,1,晴,50,交岔路,路段,行車管制號誌,車與車,未依規定讓車
11006ACD91B0364,20210608,120.316432,23.310337,交通事故,一般地址,臺南市新營區大宏里中正路段30號,1,陰,50,單路部分,路段,無號誌,車與車,倒車未依規定
11006ACD91B0372,20210608,120.301993,23.307755,交通事故,其他,臺南市新營區段號隋唐街71號前,1,晴,50,單路部分,路段,無號誌,車與車,未保持行車安全間隔
11006ACD91B0377,20210608,120.310224,23.311007,交通事故,交叉路口,臺南市新營區中正路段479號三興街,3,晴,30,交岔路,路段,閃光號誌,車與車,疲勞(患病)駕駛失控
11006ACD91B0395,20210608,120.297241,23.305666,交通事故,交叉路口,臺南市新營區新南里金華路2段號復興路,1,雨,50,交岔路,交叉路口,行車管制號誌,車與車,未依規定讓車
11006ACD91B0404,20210609,120.306384,23.303023,交通事故,一般地址,臺南市新營區復興路段157-19號,1,晴,50,單路部分,路段,無號誌,人與汽(機)車,未依規定行走行人穿越道、地下道、天橋而穿越道路
11006ACD91B0409,20210609,120.316264,23.328426,交通事故,交叉路口,臺南市新營區埤寮里中正路段號中正路500,2,晴,30,交岔路,交叉路口,無號誌,車與車,未依規定讓車
11006ACD91B0425,20210609,120.316287,23.319752,交通事故,交叉路口,臺南市新營區埤寮里長榮路段號中正路386,1,晴,50,交岔路,交叉路口,無號誌,車與車,未依規定讓車
11006ACD91B0430,20210609,120.269501,23.320883,交通事故,交叉路口,臺南市鹽水區津城里康樂路段號信義路,1,晴,50,交岔路,交叉路口,閃光號誌,車與車,未依規定讓車
11006ACD91B0445,20210609,120.308938,23.328035,交通事故,交叉路口,臺南市新營區護鎮里中正路段527號建國路16926,3,晴,30,交岔路,交叉路口,無號誌,車與車,未依規定讓車
11006ACD91B0446,20210609,120.306473,23.277556,交通事故,其他,臺南市柳營區段號八翁里仁愛路91號前,3,晴,50,單路部分,路段,無號誌,車與車,未注意車前狀態
11006ACD91B0453,20210609,120.303429,23.306127,交通事故,一般地址,臺南市新營區新南里民治路段336號,1,晴,50,單路部分,路段,無號誌,車與車,迴轉未依規定
11006ACD91B0467,20210610,120.321402,23.311026,交通事故,一般地址,臺南市新營區大宏里民治路段3號0,2,晴,50,交岔路,交叉路口,行車管制號誌,車與車,逆向行駛
11006ACD91B0509,20210610,120.309499,23.311811,交通事故,交叉路口,臺南市新營區新北里周武街段號周武街79,1,晴,30,交岔路,交叉路口,無號誌,車與車,未依規定讓車
11006ACD91B0530,20210611,120.205343,23.264209,交通事故,其他,臺南市鹽水區段號三和里南13線591772號路燈旁,2,晴,30,交岔路,交叉路口,無號誌,車與車,未依規定讓車
11006ACD91B0531,20210611,120.360341,23.251438,交通事故,其他,臺南市柳營區段號神農里165線27.2公里處,2,晴,60,交岔路,交叉路口,無號誌,車與車,未依規定讓車
11006ACD91B0544,20210611,120.287339,23.32882,交通事故,交叉路口,臺南市鹽水區區道南74線段號區道南80線,2,晴,50,交岔路,交叉路口,行車管制號誌,車與車,未依規定讓車
11006ACD91B0546,20210611,120.299311,23.310188,交通事故,交叉路口,臺南市新營區新南里明清街段號明清三街,1,晴,50,交岔路,交叉路口,無號誌,車與車,未依規定讓車
11006ACD91B0548,20210611,120.320785,23.304563,交通事故,一般地址,臺南市新營區中營里新進路段69之6號0,2,晴,40,交岔路,交叉路口,行車管制號誌,車與車,違規超車
11006ACD91B0555,20210611,120.297445,23.305585,交通事故,交叉路口,臺南市新營區復興路段號金華路,1,晴,40,交岔路,交叉路口,行車管制號誌,車與車,違反號誌管制或指揮
11006ACD91B0559,20210611,120.307492,23.310463,交通事故,一般地址,臺南市新營區新北里民生路段175號0,2,晴,40,交岔路,交叉路口,無號誌,車與車,左轉彎未依規定
11006ACD91B0581,20210601,120.309827,23.316447,交通事故,交叉路口,臺南市新營區新北里金華路1段號三興街,1,晴,40,交岔路,交叉路口,行車管制號誌,車與車,違反號誌管制或指揮
11006ACD91B0604,20210612,120.3184,23.311582,交通事故,一般地址,臺南市新營區王公里民族路段53號0,1,晴,30,單路部分,路段,無號誌,車與車,疲勞(患病)駕駛失控
11006ACD91B0611,20210612,120.307151,23.311204,交通事故,一般地址,臺南市新營區民生路段172號,1,晴,50,單路部分,路段,無號誌,車與車,停車操作時，未注意其他車(人)安全
11006ACD91B0612,20210612,120.310663,23.303971,交通事故,交叉路口,臺南市新營區民生里博愛街段號三興街,1,晴,30,交岔路,交叉路口,無號誌,車與車,未依規定讓車
11006ACD91B0631,20210602,120.302498,23.304176,交通事故,交叉路口,臺南市新營區新南里復興路段號新進路,1,晴,50,交岔路,交叉路口,行車管制號誌,車與車,橫越道路不慎
11006ACD91B0649,20210611,120.311816,23.30149,交通事故,交叉路口,臺南市新營區長春街段號長春街113,1,晴,30,交岔路,路段,無號誌,車與車,未依規定讓車
11006ACD91B0657,20210613,120.319742,23.314414,交通事故,一般地址,臺南市新營區王公里樂利街段36號,1,晴,50,單路部分,路段,無號誌,車與車,起步未注意其他車(人)安全
11006ACD91B0719,20210614,120.30941,23.305934,交通事故,一般地址,臺南市新營區民生里三民路段125-2號,4,晴,50,單路部分,路段,無號誌,車與車,迴轉未依規定
11006ACD91B0726,20210614,120.29909,23.305168,交通事故,一般地址,臺南市新營區新南里復興路段490號0,1,晴,50,單路部分,路段,無號誌,車與車,橫越道路不慎
11006ACD91B0736,20210614,120.316916,23.301812,交通事故,交叉路口,臺南市新營區中興路段號新進路,1,晴,50,交岔路,交叉路口,行車管制號誌,車與車,未依規定讓車
11006ACD91B0740,20210614,120.335438,23.320212,交通事故,無,臺南市新營區段號,1,晴,70,單路部分,路段,無號誌,車與車,未注意車前狀態
11006ACD91B0755,20210615,120.22526,23.290687,交通事故,其他,臺南市鹽水區段號孫厝寮4-9號,1,晴,30,單路部分,路段,無號誌,汽(機)車本身,未注意車前狀態
11006ACD91B0757,20210615,120.316584,23.311747,交通事故,一般地址,臺南市新營區忠政里中正路段44223號0,1,雨,40,單路部分,路段,無號誌,汽(機)車本身,未注意車前狀態
11006ACD91B0759,20210609,120.309779,23.309983,交通事故,一般地址,臺南市新營區新北里民治路段122號0,1,雨,50,單路部分,路段,無號誌,車與車,未保持行車安全距離
11006ACD91B0777,20210615,120.297912,23.276356,交通事故,其他,臺南市柳營區段號八翁里中山西路3段往西(路燈571987前),1,晴,50,交岔路,交叉路口,無號誌,汽(機)車本身,未注意車前狀態
11006ACD91B0785,20210615,120.318432,23.312411,交通事故,交叉路口,臺南市新營區王公里民族路段號義和街,1,雨,50,交岔路,交叉路口,閃光號誌,車與車,未依規定讓車
11006ACD91B0803,20210615,120.250893,23.29837,交通事故,其他,臺南市鹽水區段號三明里大莊4之3號-耕農股份有限公司前,1,晴,40,單路部分,路段,無號誌,車與車,未注意車前狀態
11006ACD91B0828,20210616,120.299546,23.275779,交通事故,其他,臺南市柳營區段號八翁里八老爺13之6號-大型吊車場大門旁,1,雨,40,交岔路,交叉路口,行車管制號誌,車與車,違反號誌管制或指揮
11006ACD91B0888,20210616,120.314396,23.302739,交通事故,一般地址,臺南市新營區中山路段229號,2,晴,50,交岔路,路段,無號誌,車與車,左轉彎未依規定
11006ACD91B0911,20210617,120.313161,23.303804,交通事故,一般地址,臺南市新營區民權路段10990號,2,晴,50,單路部分,路段,無號誌,車與車,未依規定讓車
11006ACD91B0914,20210617,120.275853,23.275644,交通事故,其他,臺南市新營區段號五興里五間厝27之10號前,2,陰,50,單路部分,路段,無號誌,車與車,未注意車前狀態
11006ACD91B0948,20210617,120.315494,23.319691,交通事故,交叉路口,臺南市新營區忠政里長榮路2段號長榮路225,2,陰,50,交岔路,交叉路口,無號誌,車與車,未注意車前狀態
11006ACD91B0955,20210617,120.300185,23.308107,交通事故,交叉路口,臺南市新營區新南里隋唐街段號金華路2,1,晴,50,交岔路,交叉路口,行車管制號誌,車與車,蛇行、方向不定
11006ACD91B0999,20210618,120.268554,23.32,交通事故,一般地址,臺南市鹽水區月港里康樂路段70之5號0,1,晴,50,交岔路,路段,無號誌,汽(機)車本身,未注意車前狀態
11006ACD91B1010,20210618,120.31137,23.303318,交通事故,一般地址,臺南市新營區永平里復興路段85號,3,晴,50,單路部分,路段,無號誌,車與車,未依規定讓車
11006ACD91B1037,20210618,120.312474,23.291394,交通事故,一般地址,臺南市柳營區人和里柳營路3段205號,1,晴,50,交岔路,交叉路口,行車管制號誌,車與車,未依規定讓車
11006ACD91B1039,20210618,120.244655,23.293381,交通事故,其他,臺南市鹽水區段號三明里大莊5-1號,3,晴,30,交岔路,交叉路口,無號誌,車與車,未依規定讓車
11006ACD91B1040,20210618,120.276287,23.271973,交通事故,無,臺南市新營區段號,1,晴,50,交岔路,交叉路口,閃光號誌,汽(機)車本身,未依規定減速
11006ACD91B1048,20210617,120.297656,23.302824,交通事故,交叉路口,臺南市新營區民榮里公園路2段號太子路,1,晴,50,交岔路,交叉路口,行車管制號誌,車與車,未注意車前狀態
11006ACD91B1052,20210615,120.271768,23.320323,交通事故,其他,臺南市鹽水區段號津城里文武街往北(電桿-後厝高分3前),3,晴,50,單路部分,路段,無號誌,汽(機)車本身,未注意車前狀態
11006ACD91B1063,20210616,120.276585,23.293188,交通事故,其他,臺南市新營區段號太南里太子宮239之8號前,2,晴,50,交岔路,路段,無號誌,車與車,酒醉(後)駕駛失控
11006ACD91B1089,20210619,120.315186,23.304337,交通事故,交叉路口,臺南市新營區民權里博愛街段號信義街,1,晴,30,交岔路,路段,無號誌,車與車,未依規定讓車
11006ACD91B1100,20210619,120.28658,23.308792,交通事故,一般地址,臺南市新營區復興路段756號,1,晴,50,單路部分,路段,行車管制號誌,車與車,變換車道或方向不當
11006ACD91B1105,20210619,120.273649,23.310957,交通事故,一般地址,臺南市鹽水區橋南里忠孝路段86號0,1,晴,50,單路部分,路段,無號誌,車與車,起步未注意其他車(人)安全
11006ACD91B1134,20210620,120.311308,23.328146,交通事故,交叉路口,臺南市新營區護鎮里建國路段169號建國路16926,2,晴,30,交岔路,路段,無號誌,車與車,未依規定讓車
11006ACD91B1160,20210620,120.330756,23.27933,交通事故,一般地址,臺南市柳營區東昇里中山東路2段956號,1,晴,50,交岔路,交叉路口,行車管制號誌,車與車,未注意車前狀態
11006ACD91B1195,20210621,120.246718,23.26737,交通事故,其他,臺南市鹽水區段號竹林里竹仔腳91-1號前,3,晴,50,單路部分,路段,無號誌,車與車,起步未注意其他車(人)安全
11006ACD91B1222,20210621,120.261558,23.309551,交通事故,其他,臺南市鹽水區段號三明里南3線路旁電桿[孫厝高幹第11號]附近,1,晴,50,單路部分,路段,無號誌,汽(機)車本身,未注意車前狀態
11006ACD91B1247,20210621,120.310642,23.304595,交通事故,交叉路口,臺南市新營區民生里中華路段號三興街,1,晴,50,交岔路,交叉路口,無號誌,車與車,未依規定讓車
11006ACD91B1252,20210620,120.310237,23.306285,交通事故,交叉路口,臺南市新營區三民路段號三興街,1,陰,50,交岔路,交叉路口,行車管制號誌,車與車,違反號誌管制或指揮
11006ACD91B1341,20210623,120.315077,23.305109,交通事故,交叉路口,臺南市新營區民權里信義街段號中華路,1,雨,30,交岔路,交叉路口,閃光號誌,車與車,未依規定讓車
11006ACD91B1345,20210623,120.28605,23.287886,交通事故,其他,臺南市新營區段號泰南里舊部產業道路,1,雨,30,單路部分,路段,無號誌,汽(機)車本身,未注意車前狀態
11006ACD91B1395,20210623,120.322703,23.320031,交通事故,交叉路口,臺南市新營區長榮路段號東興路,1,陰,50,交岔路,交叉路口,行車管制號誌,車與車,未注意車前狀態
11006ACD91B1428,20210624,120.275631,23.285955,交通事故,無,臺南市新營區段號,1,晴,50,交岔路,交叉路口,無號誌,車與車,未依規定讓車
11006ACD91B1455,20210624,120.306425,23.29811,交通事故,其他,臺南市新營區段號建業路,1,陰,50,單路部分,路段,無號誌,汽(機)車本身,未注意車前狀態
11006ACD91B1456,20210624,120.318824,23.310972,交通事故,一般地址,臺南市新營區王公里民治路段44216號0,1,陰,40,單路部分,路段,無號誌,車與車,變換車道或方向不當
11006ACD91B1464,20210624,120.312501,23.306919,交通事故,交叉路口,臺南市新營區三民路段號民權路,2,晴,50,交岔路,交叉路口,行車管制號誌,車與車,未依規定讓車
11006ACD91B1488,20210625,120.320214,23.30658,交通事故,交叉路口,臺南市新營區同濟街段號文昌街,2,陰,50,交岔路,交叉路口,無號誌,車與車,未依規定讓車
11006ACD91B1502,20210625,120.307868,23.330202,交通事故,其他,臺南市新營區段號建國路253號,1,晴,50,交岔路,交叉路口,無號誌,車與車,起步未注意其他車(人)安全
11006ACD91B1517,20210625,120.273214,23.295141,交通事故,其他,臺南市新營區段號太子路、未命名道路,1,雨,50,交岔路,路段,無號誌,汽(機)車本身,未注意車前狀態
11006ACD91B1520,20210625,120.321553,23.314845,交通事故,一般地址,臺南市新營區新東里民族路段15068號,1,陰,30,單路部分,路段,無號誌,汽(機)車本身,煞車失靈
11006ACD91B1537,20210624,120.305491,23.313171,交通事故,其他,臺南市新營區段號新北里民生路043號路燈旁,1,陰,50,單路部分,路段,無號誌,汽(機)車本身,未注意車前狀態
11006ACD91B1539,20210625,120.294313,23.308438,交通事故,交叉路口,臺南市新營區新南里長榮路2段號隋唐街,1,雨,50,交岔路,交叉路口,行車管制號誌,車與車,逆向行駛
11006ACD91B1545,20210625,120.270947,23.322407,交通事故,一般地址,臺南市鹽水區朝琴路段135號,1,晴,50,單路部分,路段,無號誌,人與汽(機)車,未依規定行走行人穿越道、地下道、天橋而穿越道路
11006ACD91B1559,20210626,120.313035,23.304168,交通事故,交叉路口,臺南市新營區博愛街段號民權路,1,陰,30,交岔路,交叉路口,無號誌,車與車,未依規定讓車
11006ACD91B1593,20210626,120.367688,23.286659,交通事故,其他,臺南市柳營區段號重溪里義士路1段832巷(副產高幹131右6)旁,2,晴,30,交岔路,路段,無號誌,車與車,未依規定讓車
11006ACD91B1600,20210626,120.310505,23.303486,交通事故,一般地址,臺南市新營區復興路段114號,1,晴,50,單路部分,路段,無號誌,車與車,左轉彎未依規定
11006ACD91B1612,20210626,120.308936,23.327983,交通事故,交叉路口,臺南市新營區護鎮里中正路段527號三興街,2,陰,50,交岔路,交叉路口,無號誌,車與車,未依規定讓車
11006ACD91B1665,20210627,120.314581,23.276966,交通事故,交叉路口,臺南市柳營區中埕里中山西路2段號中山西路2146,2,晴,30,交岔路,交叉路口,無號誌,車與車,未依規定讓車
11006ACD91B1667,20210627,120.333836,23.315361,交通事故,交叉路口,臺南市新營區土庫里東山五路段號無名道路,2,晴,30,交岔路,交叉路口,無號誌,車與車,未依規定讓車
11006ACD91B1674,20210627,120.319424,23.277171,交通事故,交叉路口,臺南市柳營區東昇里康樂街段號東南五街,1,雨,50,交岔路,交叉路口,無號誌,車與車,未依規定讓車
11006ACD91B1731,20210628,120.33007,23.314673,交通事故,交叉路口,臺南市新營區中營里省道臺1線段號東山三路,1,晴,50,交岔路,交叉路口,行車管制號誌,車與車,貨物超長、寬、高而肇事
11006ACD91B1755,20210628,120.3066,23.304845,交通事故,交叉路口,臺南市新營區民生里中華路段號復興路220,1,雨,50,交岔路,交叉路口,無號誌,車與車,未依規定讓車
11006ACD91B1763,20210628,120.308733,23.319479,交通事故,交叉路口,臺南市新營區護鎮里三興街段號長榮路2,1,晴,50,交岔路,交叉路口,行車管制號誌,汽(機)車本身,未依規定減速
11006ACD91B1765,20210628,120.303861,23.316808,交通事故,其他,臺南市新營區段號新北里長榮路二段[第2266號路燈]附近,1,暴雨,30,單路部分,路段,無號誌,車與車,未注意車前狀態
11006ACD91B1768,20210628,120.269755,23.320551,交通事故,一般地址,臺南市鹽水區津城里後厝段128號0,1,晴,50,交岔路,路段,無號誌,車與車,未依規定讓車
11006ACD91B1771,20210628,120.309833,23.302546,交通事故,一般地址,臺南市新營區永平里和平路段25號0,1,陰,50,單路部分,路段,無號誌,車與車,違反特定標誌(線)禁制
11006ACD91B1795,20210629,120.315224,23.304337,交通事故,交叉路口,臺南市新營區博愛街段號信義街,2,晴,30,交岔路,交叉路口,無號誌,車與車,未保持行車安全距離
11006ACD91B1821,20210629,120.326418,23.291153,交通事故,其他,臺南市柳營區段號義士路3段台電223號路燈前,1,雨,40,單路部分,路段,無號誌,汽(機)車本身,未注意車前狀態
11006ACD91B1840,20210628,120.325974,23.28962,交通事故,其他,臺南市柳營區段號太康里太康201號前,2,晴,70,交岔路,交叉路口,行車管制號誌,車與車,迴轉未依規定
11006ACD91B1868,20210630,120.330316,23.291059,交通事故,其他,臺南市柳營區段號太康里南108線與南109線口,1,晴,40,交岔路,交叉路口,閃光號誌,車與車,未依規定讓車
11006ACD91B1871,20210630,120.349931,23.288083,交通事故,其他,臺南市柳營區段號重溪里義士路二段059號路燈旁,1,晴,50,單路部分,路段,無號誌,汽(機)車本身,未注意車前狀態
11006ACD91B1872,20210630,120.317589,23.319792,交通事故,一般地址,臺南市新營區長榮路1段577號,2,晴,50,單路部分,路段,無號誌,車與車,未保持行車安全距離