案件編號,發生日期,GPS經度,GPS緯度,案件類別名稱,地址類型名稱,發生縣市名稱,受傷人數,天候名稱, 速限-第1當事者,道路型態大類別名稱,事故位置大類別名稱,號誌-號誌種類名稱,事故類型及型態大類別名稱,肇因研判子類別名稱-主要
11006ACD91B1897,20210630,120.311418,23.327014,交通事故,其他,臺南市新營區段號護鎮里中正路527巷與無名道路口,2,晴,30,交岔路,交叉路口,無號誌,車與車,未依規定讓車
11006ACD91B1898,20210630,120.317656,23.304785,交通事故,一般地址,臺南市新營區中山路段119號,1,晴,50,單路部分,路段,無號誌,車與車,停車操作時，未注意其他車(人)安全
11006ACD91B1899,20210630,120.27584,23.288038,交通事故,其他,臺南市新營區段號太南里太子宮316號前,1,晴,50,單路部分,路段,無號誌,汽(機)車本身,未注意車前狀態
11006ACD91B1905,20210630,120.278709,23.294512,交通事故,交叉路口,臺南市新營區太北里太子路段號太北街,1,晴,50,交岔路,交叉路口,閃光號誌,車與車,未依規定讓車
11006ACD91B2176,20210629,120.316611,23.311355,交通事故,一般地址,臺南市新營區忠政里中正路段25號,1,雨,50,單路部分,路段,無號誌,汽(機)車本身,未注意車前狀態
11006ACD91B2263,20210614,120.311741,23.310517,交通事故,交叉路口,臺南市新營區三仙里民治路段號民權路,1,晴,50,交岔路,路段,行車管制號誌,車與車,未保持行車安全間隔
11006ACE91B0075,20210601,120.465994,23.12686,交通事故,交叉路口,臺南市玉井區竹圍里中山路段號中正路,1,雨,50,交岔路,交叉路口,行車管制號誌,車與車,未保持行車安全間隔
11006ACE91B0456,20210609,120.467294,23.135046,交通事故,無,臺南市玉井區段號,0,晴,50,交岔路,交叉路口,無號誌,汽(機)車本身,酒醉(後)駕駛失控
11006ACE91B0594,20210612,120.489478,23.177264,交通事故,一般地址,臺南市楠西區東勢里水庫路段302號0,2,晴,30,單路部分,路段,無號誌,車與車,變換車道或方向不當
11006ACE91B0671,20210613,120.539937,23.216389,交通事故,無,臺南市楠西區段號,1,晴,50,單路部分,路段,無號誌,汽(機)車本身,未注意車前狀態
11006ACE91B0702,20210613,120.458071,23.119246,交通事故,交叉路口,臺南市玉井區玉田里中山路段號中正路,2,雨,40,交岔路,交叉路口,行車管制號誌,車與車,右轉彎未依規定
11006ACE91B0711,20210611,120.464566,23.144824,交通事故,其他,臺南市玉井區段號中正里南189線1.3公里,1,晴,50,單路部分,路段,無號誌,車與車,未保持行車安全間隔
11006ACE91B1013,20210618,120.443325,23.09831,交通事故,其他,臺南市玉井區段號望明里望明107之1號前,1,晴,60,單路部分,路段,無號誌,汽(機)車本身,未注意車前狀態
11006ACE91B1644,20210622,120.467056,23.119587,交通事故,交叉路口,臺南市玉井區玉田里仁愛街段35號中華路,1,晴,30,交岔路,交叉路口,無號誌,車與車,未依規定讓車
11006ACE91B1647,20210623,120.439722,23.13745,交通事故,其他,臺南市玉井區段號豐里里中華電信南幹左7電桿路口,1,雨,30,交岔路,交叉路口,無號誌,車與車,右轉彎未依規定
11006ACE91B1891,20210630,120.445226,23.046697,交通事故,其他,臺南市南化區段號南174線與舊臺20線路口,1,晴,50,交岔路,交叉路口,行車管制號誌,汽(機)車本身,違反號誌管制或指揮
11006ACE91B2070,20210628,120.492297,23.174452,交通事故,無,臺南市楠西區段號,1,雨,50,單路部分,路段,無號誌,車與車,左轉彎未依規定
11006ACF91A0004,20210605,120.406865,23.333535,交通事故,無,臺南市東山區段號,0,雨,50,單路部分,路段,無號誌,汽(機)車本身,未注意車前狀態
11006ACF91B0086,20210601,120.414514,23.344923,交通事故,交叉路口,臺南市白河區白河里富民路段號新起街,1,晴,50,交岔路,交叉路口,行車管制號誌,車與車,違反特定標誌(線)禁制
11006ACF91B0181,20210604,120.350622,23.330414,交通事故,無,臺南市後壁區段號,1,晴,50,單路部分,路段,無號誌,汽(機)車本身,未注意車前狀態
11006ACF91B0197,20210604,120.401646,23.322215,交通事故,一般地址,臺南市東山區東中里新東路1段37號,1,晴,50,單路部分,路段,無號誌,汽(機)車本身,未注意車前狀態
11006ACF91B0208,20210604,120.436238,23.402962,交通事故,一般地址,臺南市白河區內角里市道165線段109-16號,1,雨,50,單路部分,路段,無號誌,車與車,酒醉(後)駕駛失控
11006ACF91B0494,20210610,120.416158,23.355401,交通事故,交叉路口,臺南市白河區庄內里國泰路段號裕農路,1,晴,50,交岔路,交叉路口,無號誌,車與車,未依規定讓車
11006ACF91B0607,20210612,120.408344,23.323527,交通事故,其他,臺南市東山區段號東正里東勢二街與廣安街口,2,晴,50,交岔路,交叉路口,無號誌,車與車,未依規定讓車
11006ACF91B0705,20210610,120.419355,23.355249,交通事故,交叉路口,臺南市白河區永安里裕農路段號中山路,1,雨,50,交岔路,交叉路口,行車管制號誌,車與車,違反號誌管制或指揮
11006ACF91B0744,20210614,120.313757,23.35749,交通事故,其他,臺南市後壁區段號長短樹里南80線頂長高幹50前,1,陰,60,單路部分,路段,無號誌,汽(機)車本身,未注意車前狀態
11006ACF91B0754,20210615,120.359147,23.359638,交通事故,無,臺南市後壁區段號,1,晴,50,交岔路,路段,閃光號誌,車與車,逆向行駛
11006ACF91B0758,20210615,120.433776,23.345979,交通事故,無,臺南市白河區段號,1,晴,60,交岔路,交叉路口,行車管制號誌,車與車,違反號誌管制或指揮
11006ACF91B0772,20210610,120.420199,23.34668,交通事故,無,臺南市白河區段號,1,雨,50,單路部分,路段,無號誌,汽(機)車本身,未注意車前狀態
11006ACF91B0790,20210615,120.416194,23.35291,交通事故,交叉路口,臺南市白河區永安里新興路段號國光路,1,陰,50,交岔路,交叉路口,閃光號誌,車與車,未依規定讓車
11006ACF91B0925,20210617,120.433819,23.345982,交通事故,無,臺南市白河區段號,1,晴,60,交岔路,交叉路口,閃光號誌,車與車,未依規定讓車
11006ACF91B0927,20210611,120.436734,23.401806,交通事故,其他,臺南市白河區段號內角里165線路燈663139號對面,2,晴,60,單路部分,路段,無號誌,汽(機)車本身,其他引起事故之違規或不當行為
11006ACF91B1119,20210611,120.339417,23.330452,交通事故,無,臺南市後壁區段號,1,晴,50,單路部分,路段,無號誌,汽(機)車本身,未注意車前狀態
11006ACF91B1128,20210615,120.492096,23.270532,交通事故,無,臺南市東山區段號,1,晴,50,單路部分,路段,無號誌,汽(機)車本身,未注意車前狀態
11006ACF91B1132,20210616,120.430901,23.356686,交通事故,無,臺南市白河區段號,1,晴,40,單路部分,路段,無號誌,汽(機)車本身,疲勞(患病)駕駛失控
11006ACF91B1399,20210623,120.352513,23.338924,交通事故,無,臺南市後壁區段號,1,晴,70,單路部分,路段,無號誌,車與車,未注意車前狀態
11006ACF91B1469,20210624,120.354176,23.382212,交通事故,無,臺南市後壁區段號,1,晴,50,交岔路,交叉路口,無號誌,車與車,違規超車
11006ACF91B1563,20210625,120.403231,23.321183,交通事故,交叉路口,臺南市東山區東中里民有街段號中興南路,1,陰,50,交岔路,交叉路口,無號誌,車與車,左轉彎未依規定
11006ACF91B1564,20210601,120.411137,23.345835,交通事故,交叉路口,臺南市白河區白河里民安路段號富民路,1,晴,50,交岔路,交叉路口,行車管制號誌,車與車,違反號誌管制或指揮
11006ACF91B1567,20210619,120.362167,23.365762,交通事故,其他,臺南市後壁區段號172甲線與信義街路口,2,晴,50,交岔路,交叉路口,無號誌,人與汽(機)車,左轉彎未依規定
11006ACF91B1599,20210623,120.405448,23.319771,交通事故,交叉路口,臺南市東山區東中里區道南99線段號東昌一街,2,雨,50,交岔路,交叉路口,無號誌,車與車,未依規定讓車
11006ACF91B1706,20210627,120.412549,23.354236,交通事故,一般地址,臺南市白河區永安里大德街段94號,2,晴,40,交岔路,交叉路口,無號誌,車與車,未注意車前狀態
11006ACF91B1884,20210630,120.33968,23.324346,交通事故,其他,臺南市後壁區段號福安里台1線288公里處南向,1,晴,70,單路部分,路段,無號誌,車與車,未注意車前狀態
11006ACF91B1931,20210625,120.422362,23.35923,交通事故,其他,臺南市白河區段號庄內里中山路557號前,2,陰,50,單路部分,路段,無號誌,車與車,未保持行車安全距離
11006ACF91B1932,20210628,120.418338,23.353845,交通事故,交叉路口,臺南市白河區庄內里中山路段號長安路,1,雨,50,交岔路,交叉路口,閃光號誌,車與車,未依規定讓車
11006ACF91B1934,20210617,120.401646,23.322215,交通事故,一般地址,臺南市東山區新東路1段37號,2,晴,50,單路部分,路段,無號誌,車與車,起步未注意其他車(人)安全
11006ACF91B1948,20210626,120.411358,23.397118,交通事故,其他,臺南市白河區段號南89線與南86線口,1,晴,50,交岔路,交叉路口,無號誌,車與車,未依規定讓車
11006ACFN1B1848,20210627,120.434429,23.383681,交通事故,其他,臺南市白河區段號甘宅91號附近,1,晴,50,單路部分,其他,無號誌,汽(機)車本身,酒醉(後)駕駛失控
11006ACFN2B1910,20210628,120.418309,23.353897,交通事故,交叉路口,臺南市白河區白河里中山路段號長安路,1,雨,50,交岔路,交叉路口,閃光號誌,車與車,左轉彎未依規定
11006ACG91B0006,20210601,120.2489,23.185214,交通事故,交叉路口,臺南市麻豆區大埕里中正路段號忠孝路,1,晴,50,交岔路,交叉路口,閃光號誌,車與車,未依規定讓車
11006ACG91B0015,20210601,120.350854,23.212242,交通事故,交叉路口,臺南市官田區烏山頭里市道165線段號市道171線,1,雨,50,交岔路,交叉路口,行車管制號誌,車與車,起步未注意其他車(人)安全
11006ACG91B0020,20210601,120.290499,23.202883,交通事故,其他,臺南市下營區段號茅港里南318線0.6公里處,1,雨,60,單路部分,路段,無號誌,汽(機)車本身,未注意車前狀態
11006ACG91B0025,20210601,120.251176,23.18982,交通事故,交叉路口,臺南市麻豆區大埕里新生北路段700號新生北路698,1,晴,50,交岔路,交叉路口,閃光號誌,車與車,未依規定讓車
11006ACG91B0027,20210601,120.248317,23.183215,交通事故,交叉路口,臺南市麻豆區新興里興國路段號仁愛路,1,晴,50,交岔路,交叉路口,行車管制號誌,車與車,違反特定標誌(線)禁制
11006ACG91B0031,20210601,120.240945,23.186048,交通事故,一般地址,臺南市麻豆區新生北路段1號0,1,晴,50,單路部分,路段,無號誌,車與車,變換車道或方向不當
11006ACG91B0033,20210601,120.342056,23.188788,交通事故,其他,臺南市官田區段號官田里官田401之29號前,1,晴,50,單路部分,路段,無號誌,車與車,違反特定標誌(線)禁制
11006ACG91B0038,20210602,120.251751,23.179589,交通事故,無,臺南市麻豆區段號,2,晴,50,單路部分,路段,無號誌,車與車,未注意車前狀態
11006ACG91B0071,20210602,120.345958,23.225655,交通事故,交叉路口,臺南市六甲區二甲里進化街段號建工街,1,晴,50,交岔路,交叉路口,閃光號誌,車與車,未依規定讓車
11006ACG91B0072,20210602,120.316147,23.198181,交通事故,其他,臺南市官田區段號隆本里興隆街與忠孝街口,1,晴,50,交岔路,交叉路口,無號誌,車與車,未注意車前狀態
11006ACG91B0095,20210603,120.346107,23.228391,交通事故,交叉路口,臺南市六甲區二甲里民權街段號建工街,1,晴,50,交岔路,交叉路口,無號誌,車與車,未依規定讓車
11006ACG91B0097,20210603,120.253851,23.249186,交通事故,其他,臺南市下營區段號宅內里中正北路往?頭港高速公路下538716燈桿前,2,晴,50,單路部分,路段,無號誌,車與車,未保持行車安全距離
11006ACG91B0132,20210603,120.255636,23.208284,交通事故,其他,臺南市下營區段號西連里台84快速道路16.1公里處,1,晴,100,單路部分,路段,無號誌,車與車,未保持行車安全距離
11006ACG91B0169,20210603,120.313324,23.25012,交通事故,交叉路口,臺南市六甲區龜港里省道臺1線段號區道南68線,1,晴,60,交岔路,交叉路口,行車管制號誌,車與車,違反號誌管制或指揮
11006ACG91B0175,20210604,120.246851,23.175471,交通事故,一般地址,臺南市麻豆區中興里興國路段66號0,1,晴,50,單路部分,路段,無號誌,車與車,變換車道或方向不當
11006ACG91B0231,20210605,120.252449,23.18186,交通事故,一般地址,臺南市麻豆區?江里信義路段20之1號0,1,陰,50,交岔路,交叉路口,無號誌,汽(機)車本身,未注意車前狀態
11006ACG91B0235,20210605,120.237093,23.150323,交通事故,一般地址,臺南市麻豆區謝厝寮里謝厝寮段76之1號,1,陰,30,交岔路,交叉路口,無號誌,車與車,未依規定讓車
11006ACG91B0237,20210605,120.323157,23.194658,交通事故,無,臺南市官田區段號,1,陰,50,交岔路,交叉路口,行車管制號誌,車與車,未注意車前狀態
11006ACG91B0253,20210605,120.314851,23.208191,交通事故,其他,臺南市官田區段號南?里三結義42-60號旁路口,1,雨,30,交岔路,交叉路口,無號誌,車與車,未依規定讓車
11006ACG91B0261,20210605,120.248173,23.182892,交通事故,一般地址,臺南市麻豆區中興里興國路段6號,2,雨,50,單路部分,路段,無號誌,人與汽(機)車,未注意車前狀態
11006ACG91B0266,20210605,120.396055,23.231629,交通事故,無,臺南市六甲區市道174線段號0,1,雨,40,單路部分,路段,無號誌,車與車,違規超車
11006ACG91B0286,20210606,120.368223,23.230715,交通事故,其他,臺南市六甲區段號甲東里工研路(路燈9-356號)附近,1,雨,50,單路部分,路段,無號誌,汽(機)車本身,未注意車前狀態
11006ACG91B0305,20210607,120.319566,23.205993,交通事故,一般地址,臺南市官田區二鎮里富強路段47號0,1,晴,50,單路部分,路段,無號誌,汽(機)車本身,未注意車前狀態
11006ACG91B0315,20210607,120.347511,23.178318,交通事故,其他,臺南市官田區段號渡拔里渡子頭251號附近,1,雨,60,單路部分,路段,無號誌,車與車,未保持行車安全距離
11006ACG91B0334,20210607,120.26357,23.234313,交通事故,一般地址,臺南市下營區下營里復興街段60號0,1,晴,30,單路部分,路段,無號誌,車與車,未靠右行駛
11006ACG91B0344,20210607,120.248462,23.183681,交通事故,其他,臺南市麻豆區段號新興里中山路與中正路口,2,晴,50,交岔路,交叉路口,行車管制號誌,車與車,未依規定讓車
11006ACG91B0351,20210607,120.311244,23.250772,交通事故,其他,臺南市六甲區段號龜港里龜仔港161巷41弄2號前,1,晴,30,單路部分,路段,無號誌,汽(機)車本身,酒醉(後)駕駛失控
11006ACG91B0357,20210603,120.322804,23.209087,交通事故,一般地址,臺南市官田區二鎮里工業路段22號,2,晴,40,單路部分,路段,無號誌,車與車,左轉彎未依規定
11006ACG91B0358,20210608,120.34034,23.159091,交通事故,無,臺南市官田區段號,2,晴,70,單路部分,路段,無號誌,車與車,疲勞(患病)駕駛失控
11006ACG91B0361,20210608,120.241444,23.193383,交通事故,其他,臺南市麻豆區段號油車里新生街511923號燈桿(近油車92-11號),1,晴,30,單路部分,路段,無號誌,車與車,未靠右行駛
11006ACG91B0378,20210608,120.27081,23.228714,交通事故,無,臺南市下營區段號,1,晴,50,交岔路,交叉路口,行車管制號誌,汽(機)車本身,未注意車前狀態
11006ACG91B0381,20210608,120.334708,23.18534,交通事故,無,臺南市官田區段號,1,晴,50,單路部分,路段,無號誌,汽(機)車本身,其他引起事故之違規或不當行為
11006ACG91B0392,20210608,120.26402,23.235556,交通事故,一般地址,臺南市下營區下營里中山路1段156號0,1,雨,50,交岔路,交叉路口,無號誌,車與車,起步未注意其他車(人)安全
11006ACG91B0406,20210609,120.247219,23.184503,交通事故,交叉路口,臺南市麻豆區新興里中華街段號光復路,2,晴,50,交岔路,交叉路口,無號誌,車與車,未依規定讓車
11006ACG91B0505,20210610,120.252144,23.188529,交通事故,一般地址,臺南市麻豆區大埕里中正路段266號,1,陰,50,單路部分,路段,無號誌,車與車,未保持行車安全間隔
11006ACG91B0515,20210609,120.251451,23.183673,交通事故,交叉路口,臺南市麻豆區?江里興中路段號民權路,2,晴,50,交岔路,交叉路口,行車管制號誌,車與車,左轉彎未依規定
11006ACG91B0538,20210611,120.247219,23.184503,交通事故,交叉路口,臺南市麻豆區新興里光復路段號中華街,2,晴,50,交岔路,交叉路口,無號誌,車與車,未依規定讓車
11006ACG91B0541,20210611,120.259742,23.241346,交通事故,無,臺南市下營區段號,2,晴,50,交岔路,交叉路口,行車管制號誌,車與車,未注意車前狀態
11006ACG91B0565,20210611,120.366154,23.180968,交通事故,無,臺南市官田區段號,2,晴,40,單路部分,路段,無號誌,汽(機)車本身,不明原因肇事
11006ACG91B0592,20210612,120.247161,23.18308,交通事故,交叉路口,臺南市麻豆區中興里仁愛路段號中華街,2,晴,50,交岔路,交叉路口,行車管制號誌,車與車,違規超車
11006ACG91B0597,20210612,120.330869,23.221169,交通事故,交叉路口,臺南市官田區二鎮里區道南318線段號區道南113線,1,晴,50,交岔路,交叉路口,行車管制號誌,車與車,未注意車前狀態
11006ACG91B0602,20210612,120.329953,23.219353,交通事故,其他,臺南市官田區段號二鎮里工社西街7巷93號前路口,2,晴,30,交岔路,交叉路口,無號誌,車與車,未依規定讓車
11006ACG91B0617,20210612,120.312241,23.253461,交通事故,交叉路口,臺南市六甲區龜港里省道臺1線段號龜仔港303,1,雨,60,交岔路,交叉路口,行車管制號誌,車與車,未依規定讓車
11006ACG91B0622,20210612,120.40128,23.230353,交通事故,無,臺南市六甲區段號,1,晴,40,單路部分,路段,無號誌,汽(機)車本身,其他引起事故之違規或不當行為
11006ACG91B0623,20210612,120.351602,23.166289,交通事故,其他,臺南市官田區段號渡拔里台84線26.4公里處,4,雨,100,單路部分,路段,無號誌,汽(機)車本身,未注意車前狀態
11006ACG91B0662,20210613,120.337527,23.180237,交通事故,其他,臺南市官田區段號官田里台一線307公里處,1,晴,70,單路部分,路段,無號誌,車與車,迴轉未依規定
11006ACG91B0670,20210613,120.251451,23.183673,交通事故,交叉路口,臺南市麻豆區?江里興中路段號民權路,1,晴,50,交岔路,交叉路口,行車管制號誌,車與車,違反號誌管制或指揮
11006ACG91B0677,20210612,120.313676,23.248422,交通事故,交叉路口,臺南市六甲區龜港里省道臺1線段號龜仔港111,1,晴,30,交岔路,交叉路口,無號誌,車與車,未依規定讓車
11006ACG91B0699,20210614,120.351455,23.230634,交通事故,交叉路口,臺南市六甲區六甲里中山路段號中正路,1,晴,50,交岔路,交叉路口,閃光號誌,車與車,未依規定讓車
11006ACG91B0704,20210614,120.348239,23.22791,交通事故,交叉路口,臺南市六甲區六甲里信義街段號民權街,1,晴,50,交岔路,交叉路口,行車管制號誌,車與車,違反號誌管制或指揮
11006ACG91B0756,20210615,120.25934,23.17628,交通事故,其他,臺南市麻豆區段號清水里民生路溝仔墘52號(龍泉太子宮前),1,雨,50,單路部分,路段,無號誌,汽(機)車本身,未注意車前狀態
11006ACG91B0818,20210615,120.219596,23.177014,交通事故,交叉路口,臺南市麻豆區麻口里市道176線段號區道南49線,1,晴,60,交岔路,交叉路口,行車管制號誌,車與車,違反號誌管制或指揮
11006ACG91B0832,20210615,120.314925,23.243964,交通事故,交叉路口,臺南市六甲區菁埔里省道臺1線段號區道南60線,1,晴,70,交岔路,交叉路口,行車管制號誌,車與車,未依規定讓車
11006ACG91B0834,20210616,120.323317,23.212018,交通事故,一般地址,臺南市官田區二鎮里工業路段27號,1,雨,50,單路部分,路段,無號誌,車與車,未保持行車安全間隔
11006ACG91B0876,20210616,120.331377,23.192843,交通事故,交叉路口,臺南市官田區官田里市道165線段號區道南113線,1,晴,50,交岔路,交叉路口,閃光號誌,車與車,未依規定讓車
11006ACG91B0882,20210616,120.3368,23.212838,交通事故,無,臺南市官田區段號,1,晴,50,單路部分,路段,無號誌,汽(機)車本身,其他引起事故之違規或不當行為
11006ACG91B0956,20210617,120.258446,23.184945,交通事故,其他,臺南市麻豆區段號忠孝路博愛路口,2,晴,50,交岔路,交叉路口,閃光號誌,車與車,未保持行車安全間隔
11006ACG91B0995,20210618,120.261622,23.234981,交通事故,一般地址,臺南市下營區下營里中山路1段19號,1,晴,50,單路部分,路段,無號誌,車與車,未保持行車安全間隔
11006ACG91B1002,20210618,120.256644,23.208854,交通事故,其他,臺南市下營區段號西連里西寮1之21號前路口,2,晴,50,交岔路,交叉路口,無號誌,車與車,未依規定讓車
11006ACG91B1029,20210618,120.251315,23.18432,交通事故,其他,臺南市麻豆區段號巷口里興中路129號之4,1,晴,30,交岔路,交叉路口,無號誌,汽(機)車本身,疲勞(患病)駕駛失控
11006ACG91B1032,20210618,120.255439,23.23305,交通事故,一般地址,臺南市下營區仁里里公園路段306號,2,晴,50,單路部分,路段,無號誌,車與車,起步未注意其他車(人)安全
11006ACG91B1036,20210618,120.308139,23.2501,交通事故,交叉路口,臺南市六甲區龜港里區道南68線段號龜仔港16141,1,晴,50,交岔路,交叉路口,閃光號誌,車與車,未依規定讓車
11006ACG91B1088,20210619,120.352303,23.232161,交通事故,其他,臺南市六甲區段號水林里建國街97號附近路口,1,晴,50,交岔路,交叉路口,無號誌,車與車,未依規定讓車
11006ACG91B1114,20210619,120.349737,23.225042,交通事故,其他,臺南市六甲區段號六甲里中華路75號對面,1,晴,50,單路部分,路段,閃光號誌,車與車,未依規定讓車
11006ACG91B1116,20210620,120.351535,23.22689,交通事故,交叉路口,臺南市六甲區甲南里中正路段號珊瑚路,1,雨,50,交岔路,交叉路口,閃光號誌,人與汽(機)車,搶越行人穿越道
11006ACG91B1155,20210620,120.314777,23.201618,交通事故,其他,臺南市官田區段號隆本里台一線與中華路二段83巷口,2,晴,70,交岔路,交叉路口,無號誌,車與車,未依規定讓車
11006ACG91B1163,20210620,120.350581,23.230928,交通事故,交叉路口,臺南市六甲區水林里中山路段號中山路32水林里中山路42號附近,1,晴,50,交岔路,交叉路口,無號誌,汽(機)車本身,未注意車前狀態
11006ACG91B1187,20210620,120.334561,23.234758,交通事故,其他,臺南市六甲區段號水林里鳳營高幹56旁,1,雨,60,單路部分,路段,無號誌,汽(機)車本身,未注意車前狀態
11006ACG91B1194,20210621,120.338317,23.175081,交通事故,其他,臺南市官田區段號省道台1線307.5K南下渡拔里248-12號前,1,雨,70,單路部分,路段,無號誌,汽(機)車本身,未注意車前狀態
11006ACG91B1217,20210621,120.22524,23.178027,交通事故,其他,臺南市麻豆區麻口里市道176線段麻豆口1-39號麻口里176線麻豆口1-39號旁路口,1,陰,50,交岔路,交叉路口,行車管制號誌,車與車,起步未注意其他車(人)安全
11006ACG91B1225,20210621,120.26225,23.236249,交通事故,其他,臺南市下營區後街里中正北路段號大同街後街里中正北路66號前路口,2,陰,50,交岔路,交叉路口,無號誌,車與車,起步未注意其他車(人)安全
11006ACG91B1277,20210622,120.24574,23.184484,交通事故,其他,臺南市麻豆區段號新興里三民路光復路口,1,雨,50,交岔路,交叉路口,無號誌,車與車,違反特定標誌(線)禁制
11006ACG91B1322,20210622,120.247445,23.183633,交通事故,一般地址,臺南市麻豆區中興里中山路段34號0,2,雨,50,單路部分,路段,無號誌,車與車,未依規定讓車
11006ACG91B1335,20210623,120.298857,23.197466,交通事故,一般地址,臺南市官田區隆本里中山路2段348號,1,晴,60,單路部分,路段,無號誌,汽(機)車本身,未注意車前狀態
11006ACG91B1340,20210623,120.247223,23.184499,交通事故,其他,臺南市麻豆區段號新興里光復路與中華街口,2,雨,50,交岔路,交叉路口,無號誌,車與車,未依規定讓車
11006ACG91B1350,20210623,120.354432,23.181169,交通事故,無,臺南市官田區段號,2,陰,50,交岔路,交叉路口,無號誌,車與車,未依規定讓車
11006ACG91B1355,20210623,120.240988,23.185186,交通事故,交叉路口,臺南市麻豆區新興里麻佳路段號麻學路,1,晴,50,交岔路,路段,行車管制號誌,車與車,未注意車前狀態
11006ACG91B1358,20210623,120.247176,23.183683,交通事故,交叉路口,臺南市麻豆區新興里中山路段號中華街,1,雨,50,交岔路,交叉路口,行車管制號誌,車與車,逆向行駛
11006ACG91B1370,20210623,120.368863,23.236083,交通事故,一般地址,臺南市六甲區甲東里曾文街段149號,2,雨,40,單路部分,路段,無號誌,車與車,起步未注意其他車(人)安全
11006ACG91B1421,20210624,120.269179,23.189502,交通事故,其他,臺南市麻豆區段號176線22.6K往西(文正加油站斜對面),1,雨,50,單路部分,路段,無號誌,汽(機)車本身,未注意車前狀態
11006ACG91B1424,20210623,120.242357,23.184596,交通事故,其他,臺南市麻豆區段號油車里興民街90之2號前,2,陰,30,單路部分,路段,無號誌,車與車,未靠右行駛
11006ACG91B1433,20210624,120.227043,23.224304,交通事故,其他,臺南市麻豆區段號北勢里北勢寮73號之2旁路口,1,晴,30,交岔路,交叉路口,無號誌,車與車,未依規定讓車
11006ACG91B1437,20210624,120.330399,23.219403,交通事故,交叉路口,臺南市官田區二鎮里區道南113線段號工社西街7,2,晴,50,交岔路,交叉路口,無號誌,車與車,起步未注意其他車(人)安全
11006ACG91B1446,20210624,120.25656,23.191276,交通事故,其他,臺南市麻豆區段號南勢里關帝廟19之1號前,2,晴,40,單路部分,路段,無號誌,車與車,未保持行車安全距離
11006ACG91B1460,20210624,120.265873,23.223907,交通事故,交叉路口,臺南市下營區仁里里中山路2段號環營南路,1,晴,50,交岔路,交叉路口,行車管制號誌,車與車,起步未注意其他車(人)安全
11006ACG91B1602,20210626,120.246112,23.167068,交通事故,其他,臺南市麻豆區段號井東里安業4之2號前,2,陰,50,單路部分,路段,無號誌,車與車,未保持行車安全間隔
11006ACG91B1698,20210628,120.225256,23.178049,交通事故,其他,臺南市麻豆區段號麻口里176線麻豆口1-39號前路口,1,陰,60,交岔路,交叉路口,閃光號誌,汽(機)車本身,未注意車前狀態
11006ACG91B1711,20210628,120.309353,23.225485,交通事故,無,臺南市官田區段號,1,雨,70,單路部分,路段,無號誌,汽(機)車本身,未注意車前狀態
11006ACG91B1747,20210628,120.247161,23.18308,交通事故,交叉路口,臺南市麻豆區中興里中華街段號仁愛路,1,晴,50,交岔路,交叉路口,行車管制號誌,車與車,未依規定讓車
11006ACG91B1754,20210628,120.208534,23.204,交通事故,交叉路口,臺南市麻豆區海埔里市道171線段號區道南49-1線,1,雨,50,交岔路,交叉路口,行車管制號誌,車與車,未注意車前狀態
11006ACG91B1798,20210629,120.340717,23.165176,交通事故,其他,臺南市官田區段號渡拔里臺一線與南181-1線路口,1,陰,50,交岔路,交叉路口,行車管制號誌,車與車,未依規定讓車
11006ACG91B1810,20210629,120.263691,23.234279,交通事故,一般地址,臺南市下營區下營里復興街段29號,1,晴,30,交岔路,交叉路口,無號誌,車與車,未靠右行駛
11006ACG91B1814,20210629,120.221963,23.177428,交通事故,其他,臺南市麻豆區段號麻口里176線與麻豆口1之5號旁道路,2,雨,50,交岔路,交叉路口,行車管制號誌,車與車,違反號誌管制或指揮
11006ACG91B1824,20210629,120.24276,23.177189,交通事故,其他,臺南市麻豆區段號興農里新生南路373巷23號旁路口,1,雨,30,交岔路,交叉路口,無號誌,汽(機)車本身,未注意車前狀態
11006ACG91B1856,20210630,120.247466,23.184508,交通事故,其他,臺南市麻豆區段號大埕里光復路46號前,1,晴,50,單路部分,路段,無號誌,車與車,起步未注意其他車(人)安全
11006ACG91B1857,20210630,120.350615,23.231017,交通事故,一般地址,臺南市六甲區六甲里中山路段38號,1,晴,50,交岔路,交叉路口,無號誌,車與車,未注意車前狀態
11006ACG91B1864,20210630,120.237413,23.14845,交通事故,其他,臺南市麻豆區段號謝安里謝厝寮53號附近,2,晴,30,單路部分,路段,無號誌,車與車,未保持行車安全間隔
11006ACG91B1865,20210630,120.255265,23.183669,交通事故,交叉路口,臺南市麻豆區東角里興中路段號忠孝路,1,晴,50,交岔路,交叉路口,行車管制號誌,車與車,起步未注意其他車(人)安全
11006ACG91B1889,20210630,120.236196,23.184885,交通事故,其他,臺南市麻豆區段號小埤里麻豆交流道東往西機車專用道,1,晴,30,交岔路,交叉路口,無號誌,汽(機)車本身,未注意車前狀態
11006ACG91B1894,20210630,120.316715,23.199303,交通事故,其他,臺南市官田區段號隆本里中華路2段106號前,1,晴,50,單路部分,路段,無號誌,汽(機)車本身,未注意車前狀態
11006ACG91B1902,20210630,120.257866,23.223677,交通事故,其他,臺南市下營區段號仁里里番巷高幹102前,1,晴,50,單路部分,路段,無號誌,車與車,未注意車前狀態
11006ACG91B1911,20210630,120.246403,23.165014,交通事故,無,臺南市麻豆區段號,1,晴,60,單路部分,路段,無號誌,車與車,未注意車前狀態
11006ACGU1B0993,20210618,120.339204,23.178159,交通事故,無,臺南市官田區段號,2,晴,50,單路部分,路段,無號誌,車與車,酒醉(後)駕駛失控
11006ACGW1B2030,20210620,120.314185,23.213593,交通事故,其他,臺南市官田區段號南?里三結義42號之60旁,1,雨,30,單路部分,其他,無號誌,車與車,未依規定讓車